[2026-08-10T02:19:33.802+0000] {processor.py:161} INFO - Started process (PID=20168) to work on /opt/airflow/dags/spark_pipeline_dag.py
[2026-08-10T02:19:33.869+0000] {processor.py:830} INFO - Processing file /opt/airflow/dags/spark_pipeline_dag.py for tasks to queue
[2026-08-10T02:19:33.871+0000] {logging_mixin.py:188} INFO - [2026-08-10T02:19:33.870+0000] {dagbag.py:538} INFO - Filling up the DagBag from /opt/airflow/dags/spark_pipeline_dag.py
[2026-08-10T02:19:34.109+0000] {processor.py:840} INFO - DAG(s) 'air_quality_pipeline' retrieved from /opt/airflow/dags/spark_pipeline_dag.py
[2026-08-10T02:19:34.369+0000] {logging_mixin.py:188} INFO - [2026-08-10T02:19:34.369+0000] {dag.py:3036} INFO - Sync 1 DAGs
[2026-08-10T02:19:34.508+0000] {logging_mixin.py:188} INFO - [2026-08-10T02:19:34.508+0000] {dag.py:3823} INFO - Setting next_dagrun for air_quality_pipeline to 2026-08-10 02:05:00+00:00, run_after=2026-08-10 03:05:00+00:00
[2026-08-10T02:19:34.629+0000] {processor.py:183} INFO - Processing /opt/airflow/dags/spark_pipeline_dag.py took 0.888 seconds
[2026-08-10T02:19:35.191+0000] {processor.py:161} INFO - Started process (PID=20181) to work on /opt/airflow/dags/spark_pipeline_dag.py
[2026-08-10T02:19:35.206+0000] {processor.py:830} INFO - Processing file /opt/airflow/dags/spark_pipeline_dag.py for tasks to queue
[2026-08-10T02:19:35.234+0000] {logging_mixin.py:188} INFO - [2026-08-10T02:19:35.215+0000] {dagbag.py:538} INFO - Filling up the DagBag from /opt/airflow/dags/spark_pipeline_dag.py
[2026-08-10T02:19:35.517+0000] {processor.py:840} INFO - DAG(s) 'air_quality_pipeline' retrieved from /opt/airflow/dags/spark_pipeline_dag.py
[2026-08-10T02:19:35.704+0000] {logging_mixin.py:188} INFO - [2026-08-10T02:19:35.704+0000] {taskinstance.py:2700} ERROR - {'DAG Id': 'air_quality_pipeline', 'Task Id': 'wait_for_ingestion', 'Run Id': 'scheduled__2026-08-09T03:05:00+00:00', 'Hostname': '6a0525c4c718'}
[2026-08-10T02:19:35.838+0000] {logging_mixin.py:188} INFO - [2026-08-10T02:19:35.838+0000] {taskinstance.py:1138} INFO - Marking task as UP_FOR_RETRY. dag_id=air_quality_pipeline, task_id=wait_for_ingestion, execution_date=20260809T030500, start_date=20260809T110632, end_date=20260810T021935
[2026-08-10T02:19:36.103+0000] {processor.py:791} INFO - Executed failure callback for <TaskInstance: air_quality_pipeline.wait_for_ingestion scheduled__2026-08-09T03:05:00+00:00 [up_for_retry]> in state up_for_retry
[2026-08-10T02:19:36.141+0000] {logging_mixin.py:188} INFO - [2026-08-10T02:19:36.140+0000] {taskinstance.py:2700} ERROR - {'DAG Id': 'air_quality_pipeline', 'Task Id': 'wait_for_ingestion', 'Run Id': 'scheduled__2026-08-09T10:05:00+00:00', 'Hostname': '6a0525c4c718'}
[2026-08-10T02:19:36.205+0000] {logging_mixin.py:188} INFO - [2026-08-10T02:19:36.204+0000] {taskinstance.py:1138} INFO - Marking task as UP_FOR_RETRY. dag_id=air_quality_pipeline, task_id=wait_for_ingestion, execution_date=20260809T100500, start_date=20260809T110632, end_date=20260810T021936
[2026-08-10T02:19:36.277+0000] {processor.py:791} INFO - Executed failure callback for <TaskInstance: air_quality_pipeline.wait_for_ingestion scheduled__2026-08-09T10:05:00+00:00 [up_for_retry]> in state up_for_retry
[2026-08-10T02:19:36.499+0000] {logging_mixin.py:188} INFO - [2026-08-10T02:19:36.498+0000] {dag.py:3036} INFO - Sync 1 DAGs
[2026-08-10T02:19:36.753+0000] {logging_mixin.py:188} INFO - [2026-08-10T02:19:36.753+0000] {dag.py:3823} INFO - Setting next_dagrun for air_quality_pipeline to 2026-08-10 02:05:00+00:00, run_after=2026-08-10 03:05:00+00:00
[2026-08-10T02:19:36.909+0000] {processor.py:183} INFO - Processing /opt/airflow/dags/spark_pipeline_dag.py took 1.726 seconds
[2026-08-10T02:20:07.453+0000] {processor.py:161} INFO - Started process (PID=20197) to work on /opt/airflow/dags/spark_pipeline_dag.py
[2026-08-10T02:20:07.457+0000] {processor.py:830} INFO - Processing file /opt/airflow/dags/spark_pipeline_dag.py for tasks to queue
[2026-08-10T02:20:07.460+0000] {logging_mixin.py:188} INFO - [2026-08-10T02:20:07.459+0000] {dagbag.py:538} INFO - Filling up the DagBag from /opt/airflow/dags/spark_pipeline_dag.py
[2026-08-10T02:20:07.548+0000] {processor.py:840} INFO - DAG(s) 'air_quality_pipeline' retrieved from /opt/airflow/dags/spark_pipeline_dag.py
[2026-08-10T02:20:07.649+0000] {logging_mixin.py:188} INFO - [2026-08-10T02:20:07.647+0000] {dag.py:3036} INFO - Sync 1 DAGs
[2026-08-10T02:20:07.755+0000] {logging_mixin.py:188} INFO - [2026-08-10T02:20:07.755+0000] {dag.py:3823} INFO - Setting next_dagrun for air_quality_pipeline to 2026-08-10 02:05:00+00:00, run_after=2026-08-10 03:05:00+00:00
[2026-08-10T02:20:07.860+0000] {processor.py:183} INFO - Processing /opt/airflow/dags/spark_pipeline_dag.py took 0.427 seconds
[2026-08-10T02:20:38.311+0000] {processor.py:161} INFO - Started process (PID=20207) to work on /opt/airflow/dags/spark_pipeline_dag.py
[2026-08-10T02:20:38.314+0000] {processor.py:830} INFO - Processing file /opt/airflow/dags/spark_pipeline_dag.py for tasks to queue
[2026-08-10T02:20:38.324+0000] {logging_mixin.py:188} INFO - [2026-08-10T02:20:38.323+0000] {dagbag.py:538} INFO - Filling up the DagBag from /opt/airflow/dags/spark_pipeline_dag.py
[2026-08-10T02:20:38.407+0000] {processor.py:840} INFO - DAG(s) 'air_quality_pipeline' retrieved from /opt/airflow/dags/spark_pipeline_dag.py
[2026-08-10T02:20:38.528+0000] {logging_mixin.py:188} INFO - [2026-08-10T02:20:38.528+0000] {dag.py:3036} INFO - Sync 1 DAGs
[2026-08-10T02:20:38.681+0000] {logging_mixin.py:188} INFO - [2026-08-10T02:20:38.680+0000] {dag.py:3823} INFO - Setting next_dagrun for air_quality_pipeline to 2026-08-10 02:05:00+00:00, run_after=2026-08-10 03:05:00+00:00
[2026-08-10T02:20:38.729+0000] {processor.py:183} INFO - Processing /opt/airflow/dags/spark_pipeline_dag.py took 0.425 seconds
[2026-08-10T02:21:08.902+0000] {processor.py:161} INFO - Started process (PID=20217) to work on /opt/airflow/dags/spark_pipeline_dag.py
[2026-08-10T02:21:08.904+0000] {processor.py:830} INFO - Processing file /opt/airflow/dags/spark_pipeline_dag.py for tasks to queue
[2026-08-10T02:21:08.906+0000] {logging_mixin.py:188} INFO - [2026-08-10T02:21:08.906+0000] {dagbag.py:538} INFO - Filling up the DagBag from /opt/airflow/dags/spark_pipeline_dag.py
[2026-08-10T02:21:08.954+0000] {processor.py:840} INFO - DAG(s) 'air_quality_pipeline' retrieved from /opt/airflow/dags/spark_pipeline_dag.py
[2026-08-10T02:21:08.997+0000] {logging_mixin.py:188} INFO - [2026-08-10T02:21:08.996+0000] {dag.py:3036} INFO - Sync 1 DAGs
[2026-08-10T02:21:09.036+0000] {logging_mixin.py:188} INFO - [2026-08-10T02:21:09.036+0000] {dag.py:3823} INFO - Setting next_dagrun for air_quality_pipeline to 2026-08-10 02:05:00+00:00, run_after=2026-08-10 03:05:00+00:00
[2026-08-10T02:21:09.072+0000] {processor.py:183} INFO - Processing /opt/airflow/dags/spark_pipeline_dag.py took 0.178 seconds
[2026-08-10T02:21:39.197+0000] {processor.py:161} INFO - Started process (PID=20222) to work on /opt/airflow/dags/spark_pipeline_dag.py
[2026-08-10T02:21:39.199+0000] {processor.py:830} INFO - Processing file /opt/airflow/dags/spark_pipeline_dag.py for tasks to queue
[2026-08-10T02:21:39.200+0000] {logging_mixin.py:188} INFO - [2026-08-10T02:21:39.200+0000] {dagbag.py:538} INFO - Filling up the DagBag from /opt/airflow/dags/spark_pipeline_dag.py
[2026-08-10T02:21:39.234+0000] {processor.py:840} INFO - DAG(s) 'air_quality_pipeline' retrieved from /opt/airflow/dags/spark_pipeline_dag.py
[2026-08-10T02:21:39.267+0000] {logging_mixin.py:188} INFO - [2026-08-10T02:21:39.266+0000] {dag.py:3036} INFO - Sync 1 DAGs
[2026-08-10T02:21:39.309+0000] {logging_mixin.py:188} INFO - [2026-08-10T02:21:39.309+0000] {dag.py:3823} INFO - Setting next_dagrun for air_quality_pipeline to 2026-08-10 02:05:00+00:00, run_after=2026-08-10 03:05:00+00:00
[2026-08-10T02:21:39.335+0000] {processor.py:183} INFO - Processing /opt/airflow/dags/spark_pipeline_dag.py took 0.142 seconds
[2026-08-10T02:22:09.617+0000] {processor.py:161} INFO - Started process (PID=20232) to work on /opt/airflow/dags/spark_pipeline_dag.py
[2026-08-10T02:22:09.618+0000] {processor.py:830} INFO - Processing file /opt/airflow/dags/spark_pipeline_dag.py for tasks to queue
[2026-08-10T02:22:09.619+0000] {logging_mixin.py:188} INFO - [2026-08-10T02:22:09.619+0000] {dagbag.py:538} INFO - Filling up the DagBag from /opt/airflow/dags/spark_pipeline_dag.py
[2026-08-10T02:22:09.648+0000] {processor.py:840} INFO - DAG(s) 'air_quality_pipeline' retrieved from /opt/airflow/dags/spark_pipeline_dag.py
[2026-08-10T02:22:09.691+0000] {logging_mixin.py:188} INFO - [2026-08-10T02:22:09.690+0000] {dag.py:3036} INFO - Sync 1 DAGs
[2026-08-10T02:22:09.738+0000] {logging_mixin.py:188} INFO - [2026-08-10T02:22:09.738+0000] {dag.py:3823} INFO - Setting next_dagrun for air_quality_pipeline to 2026-08-10 02:05:00+00:00, run_after=2026-08-10 03:05:00+00:00
[2026-08-10T02:22:09.772+0000] {processor.py:183} INFO - Processing /opt/airflow/dags/spark_pipeline_dag.py took 0.158 seconds
[2026-08-10T02:22:40.106+0000] {processor.py:161} INFO - Started process (PID=20242) to work on /opt/airflow/dags/spark_pipeline_dag.py
[2026-08-10T02:22:40.107+0000] {processor.py:830} INFO - Processing file /opt/airflow/dags/spark_pipeline_dag.py for tasks to queue
[2026-08-10T02:22:40.113+0000] {logging_mixin.py:188} INFO - [2026-08-10T02:22:40.112+0000] {dagbag.py:538} INFO - Filling up the DagBag from /opt/airflow/dags/spark_pipeline_dag.py
[2026-08-10T02:22:40.211+0000] {processor.py:840} INFO - DAG(s) 'air_quality_pipeline' retrieved from /opt/airflow/dags/spark_pipeline_dag.py
[2026-08-10T02:22:40.269+0000] {logging_mixin.py:188} INFO - [2026-08-10T02:22:40.269+0000] {dag.py:3036} INFO - Sync 1 DAGs
[2026-08-10T02:22:40.316+0000] {logging_mixin.py:188} INFO - [2026-08-10T02:22:40.315+0000] {dag.py:3823} INFO - Setting next_dagrun for air_quality_pipeline to 2026-08-10 02:05:00+00:00, run_after=2026-08-10 03:05:00+00:00
[2026-08-10T02:22:40.354+0000] {processor.py:183} INFO - Processing /opt/airflow/dags/spark_pipeline_dag.py took 0.252 seconds
[2026-08-10T02:23:10.733+0000] {processor.py:161} INFO - Started process (PID=20252) to work on /opt/airflow/dags/spark_pipeline_dag.py
[2026-08-10T02:23:10.736+0000] {processor.py:830} INFO - Processing file /opt/airflow/dags/spark_pipeline_dag.py for tasks to queue
[2026-08-10T02:23:10.737+0000] {logging_mixin.py:188} INFO - [2026-08-10T02:23:10.737+0000] {dagbag.py:538} INFO - Filling up the DagBag from /opt/airflow/dags/spark_pipeline_dag.py
[2026-08-10T02:23:10.767+0000] {processor.py:840} INFO - DAG(s) 'air_quality_pipeline' retrieved from /opt/airflow/dags/spark_pipeline_dag.py
[2026-08-10T02:23:10.796+0000] {logging_mixin.py:188} INFO - [2026-08-10T02:23:10.795+0000] {dag.py:3036} INFO - Sync 1 DAGs
[2026-08-10T02:23:10.831+0000] {logging_mixin.py:188} INFO - [2026-08-10T02:23:10.830+0000] {dag.py:3823} INFO - Setting next_dagrun for air_quality_pipeline to 2026-08-10 02:05:00+00:00, run_after=2026-08-10 03:05:00+00:00
[2026-08-10T02:23:10.855+0000] {processor.py:183} INFO - Processing /opt/airflow/dags/spark_pipeline_dag.py took 0.126 seconds
[2026-08-10T02:23:41.180+0000] {processor.py:161} INFO - Started process (PID=20262) to work on /opt/airflow/dags/spark_pipeline_dag.py
[2026-08-10T02:23:41.182+0000] {processor.py:830} INFO - Processing file /opt/airflow/dags/spark_pipeline_dag.py for tasks to queue
[2026-08-10T02:23:41.184+0000] {logging_mixin.py:188} INFO - [2026-08-10T02:23:41.184+0000] {dagbag.py:538} INFO - Filling up the DagBag from /opt/airflow/dags/spark_pipeline_dag.py
[2026-08-10T02:23:41.231+0000] {processor.py:840} INFO - DAG(s) 'air_quality_pipeline' retrieved from /opt/airflow/dags/spark_pipeline_dag.py
[2026-08-10T02:23:41.271+0000] {logging_mixin.py:188} INFO - [2026-08-10T02:23:41.271+0000] {dag.py:3036} INFO - Sync 1 DAGs
[2026-08-10T02:23:41.318+0000] {logging_mixin.py:188} INFO - [2026-08-10T02:23:41.316+0000] {dag.py:3823} INFO - Setting next_dagrun for air_quality_pipeline to 2026-08-10 02:05:00+00:00, run_after=2026-08-10 03:05:00+00:00
[2026-08-10T02:23:41.346+0000] {processor.py:183} INFO - Processing /opt/airflow/dags/spark_pipeline_dag.py took 0.170 seconds
[2026-08-10T02:24:11.697+0000] {processor.py:161} INFO - Started process (PID=20272) to work on /opt/airflow/dags/spark_pipeline_dag.py
[2026-08-10T02:24:11.699+0000] {processor.py:830} INFO - Processing file /opt/airflow/dags/spark_pipeline_dag.py for tasks to queue
[2026-08-10T02:24:11.700+0000] {logging_mixin.py:188} INFO - [2026-08-10T02:24:11.700+0000] {dagbag.py:538} INFO - Filling up the DagBag from /opt/airflow/dags/spark_pipeline_dag.py
[2026-08-10T02:24:11.728+0000] {processor.py:840} INFO - DAG(s) 'air_quality_pipeline' retrieved from /opt/airflow/dags/spark_pipeline_dag.py
[2026-08-10T02:24:11.763+0000] {logging_mixin.py:188} INFO - [2026-08-10T02:24:11.763+0000] {dag.py:3036} INFO - Sync 1 DAGs
[2026-08-10T02:24:11.793+0000] {logging_mixin.py:188} INFO - [2026-08-10T02:24:11.792+0000] {dag.py:3823} INFO - Setting next_dagrun for air_quality_pipeline to 2026-08-10 02:05:00+00:00, run_after=2026-08-10 03:05:00+00:00
[2026-08-10T02:24:11.817+0000] {processor.py:183} INFO - Processing /opt/airflow/dags/spark_pipeline_dag.py took 0.123 seconds
[2026-08-10T02:24:42.213+0000] {processor.py:161} INFO - Started process (PID=20284) to work on /opt/airflow/dags/spark_pipeline_dag.py
[2026-08-10T02:24:42.214+0000] {processor.py:830} INFO - Processing file /opt/airflow/dags/spark_pipeline_dag.py for tasks to queue
[2026-08-10T02:24:42.215+0000] {logging_mixin.py:188} INFO - [2026-08-10T02:24:42.215+0000] {dagbag.py:538} INFO - Filling up the DagBag from /opt/airflow/dags/spark_pipeline_dag.py
[2026-08-10T02:24:42.243+0000] {processor.py:840} INFO - DAG(s) 'air_quality_pipeline' retrieved from /opt/airflow/dags/spark_pipeline_dag.py
[2026-08-10T02:24:42.271+0000] {logging_mixin.py:188} INFO - [2026-08-10T02:24:42.270+0000] {dag.py:3036} INFO - Sync 1 DAGs
[2026-08-10T02:24:42.302+0000] {logging_mixin.py:188} INFO - [2026-08-10T02:24:42.302+0000] {dag.py:3823} INFO - Setting next_dagrun for air_quality_pipeline to 2026-08-10 02:05:00+00:00, run_after=2026-08-10 03:05:00+00:00
[2026-08-10T02:24:42.328+0000] {processor.py:183} INFO - Processing /opt/airflow/dags/spark_pipeline_dag.py took 0.122 seconds
[2026-08-10T02:25:12.641+0000] {processor.py:161} INFO - Started process (PID=20298) to work on /opt/airflow/dags/spark_pipeline_dag.py
[2026-08-10T02:25:12.644+0000] {processor.py:830} INFO - Processing file /opt/airflow/dags/spark_pipeline_dag.py for tasks to queue
[2026-08-10T02:25:12.649+0000] {logging_mixin.py:188} INFO - [2026-08-10T02:25:12.647+0000] {dagbag.py:538} INFO - Filling up the DagBag from /opt/airflow/dags/spark_pipeline_dag.py
[2026-08-10T02:25:12.689+0000] {processor.py:840} INFO - DAG(s) 'air_quality_pipeline' retrieved from /opt/airflow/dags/spark_pipeline_dag.py
[2026-08-10T02:25:12.731+0000] {logging_mixin.py:188} INFO - [2026-08-10T02:25:12.730+0000] {dag.py:3036} INFO - Sync 1 DAGs
[2026-08-10T02:25:12.761+0000] {logging_mixin.py:188} INFO - [2026-08-10T02:25:12.760+0000] {dag.py:3823} INFO - Setting next_dagrun for air_quality_pipeline to 2026-08-10 02:05:00+00:00, run_after=2026-08-10 03:05:00+00:00
[2026-08-10T02:25:12.788+0000] {processor.py:183} INFO - Processing /opt/airflow/dags/spark_pipeline_dag.py took 0.157 seconds
[2026-08-10T02:25:43.154+0000] {processor.py:161} INFO - Started process (PID=20308) to work on /opt/airflow/dags/spark_pipeline_dag.py
[2026-08-10T02:25:43.156+0000] {processor.py:830} INFO - Processing file /opt/airflow/dags/spark_pipeline_dag.py for tasks to queue
[2026-08-10T02:25:43.157+0000] {logging_mixin.py:188} INFO - [2026-08-10T02:25:43.157+0000] {dagbag.py:538} INFO - Filling up the DagBag from /opt/airflow/dags/spark_pipeline_dag.py
[2026-08-10T02:25:43.200+0000] {processor.py:840} INFO - DAG(s) 'air_quality_pipeline' retrieved from /opt/airflow/dags/spark_pipeline_dag.py
[2026-08-10T02:25:43.252+0000] {logging_mixin.py:188} INFO - [2026-08-10T02:25:43.252+0000] {dag.py:3036} INFO - Sync 1 DAGs
[2026-08-10T02:25:43.284+0000] {logging_mixin.py:188} INFO - [2026-08-10T02:25:43.284+0000] {dag.py:3823} INFO - Setting next_dagrun for air_quality_pipeline to 2026-08-10 02:05:00+00:00, run_after=2026-08-10 03:05:00+00:00
[2026-08-10T02:25:43.315+0000] {processor.py:183} INFO - Processing /opt/airflow/dags/spark_pipeline_dag.py took 0.167 seconds
[2026-08-10T02:26:13.713+0000] {processor.py:161} INFO - Started process (PID=20318) to work on /opt/airflow/dags/spark_pipeline_dag.py
[2026-08-10T02:26:13.717+0000] {processor.py:830} INFO - Processing file /opt/airflow/dags/spark_pipeline_dag.py for tasks to queue
[2026-08-10T02:26:13.720+0000] {logging_mixin.py:188} INFO - [2026-08-10T02:26:13.719+0000] {dagbag.py:538} INFO - Filling up the DagBag from /opt/airflow/dags/spark_pipeline_dag.py
[2026-08-10T02:26:13.793+0000] {processor.py:840} INFO - DAG(s) 'air_quality_pipeline' retrieved from /opt/airflow/dags/spark_pipeline_dag.py
[2026-08-10T02:26:13.846+0000] {logging_mixin.py:188} INFO - [2026-08-10T02:26:13.845+0000] {dag.py:3036} INFO - Sync 1 DAGs
[2026-08-10T02:26:13.897+0000] {logging_mixin.py:188} INFO - [2026-08-10T02:26:13.897+0000] {dag.py:3823} INFO - Setting next_dagrun for air_quality_pipeline to 2026-08-10 02:05:00+00:00, run_after=2026-08-10 03:05:00+00:00
[2026-08-10T02:26:13.937+0000] {processor.py:183} INFO - Processing /opt/airflow/dags/spark_pipeline_dag.py took 0.230 seconds
[2026-08-10T02:26:44.270+0000] {processor.py:161} INFO - Started process (PID=20328) to work on /opt/airflow/dags/spark_pipeline_dag.py
[2026-08-10T02:26:44.272+0000] {processor.py:830} INFO - Processing file /opt/airflow/dags/spark_pipeline_dag.py for tasks to queue
[2026-08-10T02:26:44.273+0000] {logging_mixin.py:188} INFO - [2026-08-10T02:26:44.273+0000] {dagbag.py:538} INFO - Filling up the DagBag from /opt/airflow/dags/spark_pipeline_dag.py
[2026-08-10T02:26:44.309+0000] {processor.py:840} INFO - DAG(s) 'air_quality_pipeline' retrieved from /opt/airflow/dags/spark_pipeline_dag.py
[2026-08-10T02:26:44.354+0000] {logging_mixin.py:188} INFO - [2026-08-10T02:26:44.353+0000] {dag.py:3036} INFO - Sync 1 DAGs
[2026-08-10T02:26:44.392+0000] {logging_mixin.py:188} INFO - [2026-08-10T02:26:44.392+0000] {dag.py:3823} INFO - Setting next_dagrun for air_quality_pipeline to 2026-08-10 02:05:00+00:00, run_after=2026-08-10 03:05:00+00:00
[2026-08-10T02:26:44.444+0000] {processor.py:183} INFO - Processing /opt/airflow/dags/spark_pipeline_dag.py took 0.179 seconds
[2026-08-10T02:27:14.835+0000] {processor.py:161} INFO - Started process (PID=20338) to work on /opt/airflow/dags/spark_pipeline_dag.py
[2026-08-10T02:27:14.836+0000] {processor.py:830} INFO - Processing file /opt/airflow/dags/spark_pipeline_dag.py for tasks to queue
[2026-08-10T02:27:14.837+0000] {logging_mixin.py:188} INFO - [2026-08-10T02:27:14.837+0000] {dagbag.py:538} INFO - Filling up the DagBag from /opt/airflow/dags/spark_pipeline_dag.py
[2026-08-10T02:27:14.871+0000] {processor.py:840} INFO - DAG(s) 'air_quality_pipeline' retrieved from /opt/airflow/dags/spark_pipeline_dag.py
[2026-08-10T02:27:14.924+0000] {logging_mixin.py:188} INFO - [2026-08-10T02:27:14.923+0000] {dag.py:3036} INFO - Sync 1 DAGs
[2026-08-10T02:27:14.958+0000] {logging_mixin.py:188} INFO - [2026-08-10T02:27:14.958+0000] {dag.py:3823} INFO - Setting next_dagrun for air_quality_pipeline to 2026-08-10 02:05:00+00:00, run_after=2026-08-10 03:05:00+00:00
[2026-08-10T02:27:14.983+0000] {processor.py:183} INFO - Processing /opt/airflow/dags/spark_pipeline_dag.py took 0.152 seconds
[2026-08-10T02:27:45.258+0000] {processor.py:161} INFO - Started process (PID=20348) to work on /opt/airflow/dags/spark_pipeline_dag.py
[2026-08-10T02:27:45.260+0000] {processor.py:830} INFO - Processing file /opt/airflow/dags/spark_pipeline_dag.py for tasks to queue
[2026-08-10T02:27:45.261+0000] {logging_mixin.py:188} INFO - [2026-08-10T02:27:45.260+0000] {dagbag.py:538} INFO - Filling up the DagBag from /opt/airflow/dags/spark_pipeline_dag.py
[2026-08-10T02:27:45.299+0000] {processor.py:840} INFO - DAG(s) 'air_quality_pipeline' retrieved from /opt/airflow/dags/spark_pipeline_dag.py
[2026-08-10T02:27:45.333+0000] {logging_mixin.py:188} INFO - [2026-08-10T02:27:45.333+0000] {dag.py:3036} INFO - Sync 1 DAGs
[2026-08-10T02:27:45.371+0000] {logging_mixin.py:188} INFO - [2026-08-10T02:27:45.370+0000] {dag.py:3823} INFO - Setting next_dagrun for air_quality_pipeline to 2026-08-10 02:05:00+00:00, run_after=2026-08-10 03:05:00+00:00
[2026-08-10T02:27:45.404+0000] {processor.py:183} INFO - Processing /opt/airflow/dags/spark_pipeline_dag.py took 0.150 seconds
[2026-08-10T02:28:15.809+0000] {processor.py:161} INFO - Started process (PID=20358) to work on /opt/airflow/dags/spark_pipeline_dag.py
[2026-08-10T02:28:15.811+0000] {processor.py:830} INFO - Processing file /opt/airflow/dags/spark_pipeline_dag.py for tasks to queue
[2026-08-10T02:28:15.812+0000] {logging_mixin.py:188} INFO - [2026-08-10T02:28:15.812+0000] {dagbag.py:538} INFO - Filling up the DagBag from /opt/airflow/dags/spark_pipeline_dag.py
[2026-08-10T02:28:15.841+0000] {processor.py:840} INFO - DAG(s) 'air_quality_pipeline' retrieved from /opt/airflow/dags/spark_pipeline_dag.py
[2026-08-10T02:28:15.867+0000] {logging_mixin.py:188} INFO - [2026-08-10T02:28:15.866+0000] {dag.py:3036} INFO - Sync 1 DAGs
[2026-08-10T02:28:15.899+0000] {logging_mixin.py:188} INFO - [2026-08-10T02:28:15.898+0000] {dag.py:3823} INFO - Setting next_dagrun for air_quality_pipeline to 2026-08-10 02:05:00+00:00, run_after=2026-08-10 03:05:00+00:00
[2026-08-10T02:28:15.943+0000] {processor.py:183} INFO - Processing /opt/airflow/dags/spark_pipeline_dag.py took 0.139 seconds
[2026-08-10T02:28:46.269+0000] {processor.py:161} INFO - Started process (PID=20368) to work on /opt/airflow/dags/spark_pipeline_dag.py
[2026-08-10T02:28:46.270+0000] {processor.py:830} INFO - Processing file /opt/airflow/dags/spark_pipeline_dag.py for tasks to queue
[2026-08-10T02:28:46.271+0000] {logging_mixin.py:188} INFO - [2026-08-10T02:28:46.271+0000] {dagbag.py:538} INFO - Filling up the DagBag from /opt/airflow/dags/spark_pipeline_dag.py
[2026-08-10T02:28:46.304+0000] {processor.py:840} INFO - DAG(s) 'air_quality_pipeline' retrieved from /opt/airflow/dags/spark_pipeline_dag.py
[2026-08-10T02:28:46.391+0000] {logging_mixin.py:188} INFO - [2026-08-10T02:28:46.391+0000] {dag.py:3036} INFO - Sync 1 DAGs
[2026-08-10T02:28:46.448+0000] {logging_mixin.py:188} INFO - [2026-08-10T02:28:46.448+0000] {dag.py:3823} INFO - Setting next_dagrun for air_quality_pipeline to 2026-08-10 02:05:00+00:00, run_after=2026-08-10 03:05:00+00:00
[2026-08-10T02:28:46.482+0000] {processor.py:183} INFO - Processing /opt/airflow/dags/spark_pipeline_dag.py took 0.218 seconds
[2026-08-10T02:29:16.824+0000] {processor.py:161} INFO - Started process (PID=20378) to work on /opt/airflow/dags/spark_pipeline_dag.py
[2026-08-10T02:29:16.826+0000] {processor.py:830} INFO - Processing file /opt/airflow/dags/spark_pipeline_dag.py for tasks to queue
[2026-08-10T02:29:16.828+0000] {logging_mixin.py:188} INFO - [2026-08-10T02:29:16.828+0000] {dagbag.py:538} INFO - Filling up the DagBag from /opt/airflow/dags/spark_pipeline_dag.py
[2026-08-10T02:29:16.856+0000] {processor.py:840} INFO - DAG(s) 'air_quality_pipeline' retrieved from /opt/airflow/dags/spark_pipeline_dag.py
[2026-08-10T02:29:16.882+0000] {logging_mixin.py:188} INFO - [2026-08-10T02:29:16.882+0000] {dag.py:3036} INFO - Sync 1 DAGs
[2026-08-10T02:29:16.909+0000] {logging_mixin.py:188} INFO - [2026-08-10T02:29:16.909+0000] {dag.py:3823} INFO - Setting next_dagrun for air_quality_pipeline to 2026-08-10 02:05:00+00:00, run_after=2026-08-10 03:05:00+00:00
[2026-08-10T02:29:16.932+0000] {processor.py:183} INFO - Processing /opt/airflow/dags/spark_pipeline_dag.py took 0.112 seconds
[2026-08-10T02:29:47.338+0000] {processor.py:161} INFO - Started process (PID=20388) to work on /opt/airflow/dags/spark_pipeline_dag.py
[2026-08-10T02:29:47.339+0000] {processor.py:830} INFO - Processing file /opt/airflow/dags/spark_pipeline_dag.py for tasks to queue
[2026-08-10T02:29:47.341+0000] {logging_mixin.py:188} INFO - [2026-08-10T02:29:47.341+0000] {dagbag.py:538} INFO - Filling up the DagBag from /opt/airflow/dags/spark_pipeline_dag.py
[2026-08-10T02:29:47.378+0000] {processor.py:840} INFO - DAG(s) 'air_quality_pipeline' retrieved from /opt/airflow/dags/spark_pipeline_dag.py
[2026-08-10T02:29:47.414+0000] {logging_mixin.py:188} INFO - [2026-08-10T02:29:47.414+0000] {dag.py:3036} INFO - Sync 1 DAGs
[2026-08-10T02:29:47.445+0000] {logging_mixin.py:188} INFO - [2026-08-10T02:29:47.444+0000] {dag.py:3823} INFO - Setting next_dagrun for air_quality_pipeline to 2026-08-10 02:05:00+00:00, run_after=2026-08-10 03:05:00+00:00
[2026-08-10T02:29:47.464+0000] {processor.py:183} INFO - Processing /opt/airflow/dags/spark_pipeline_dag.py took 0.130 seconds
[2026-08-10T02:30:17.831+0000] {processor.py:161} INFO - Started process (PID=20398) to work on /opt/airflow/dags/spark_pipeline_dag.py
[2026-08-10T02:30:17.834+0000] {processor.py:830} INFO - Processing file /opt/airflow/dags/spark_pipeline_dag.py for tasks to queue
[2026-08-10T02:30:17.836+0000] {logging_mixin.py:188} INFO - [2026-08-10T02:30:17.836+0000] {dagbag.py:538} INFO - Filling up the DagBag from /opt/airflow/dags/spark_pipeline_dag.py
[2026-08-10T02:30:17.888+0000] {processor.py:840} INFO - DAG(s) 'air_quality_pipeline' retrieved from /opt/airflow/dags/spark_pipeline_dag.py
[2026-08-10T02:30:17.943+0000] {logging_mixin.py:188} INFO - [2026-08-10T02:30:17.943+0000] {dag.py:3036} INFO - Sync 1 DAGs
[2026-08-10T02:30:17.990+0000] {logging_mixin.py:188} INFO - [2026-08-10T02:30:17.989+0000] {dag.py:3823} INFO - Setting next_dagrun for air_quality_pipeline to 2026-08-10 02:05:00+00:00, run_after=2026-08-10 03:05:00+00:00
[2026-08-10T02:30:18.028+0000] {processor.py:183} INFO - Processing /opt/airflow/dags/spark_pipeline_dag.py took 0.202 seconds
[2026-08-10T02:30:48.428+0000] {processor.py:161} INFO - Started process (PID=20408) to work on /opt/airflow/dags/spark_pipeline_dag.py
[2026-08-10T02:30:48.430+0000] {processor.py:830} INFO - Processing file /opt/airflow/dags/spark_pipeline_dag.py for tasks to queue
[2026-08-10T02:30:48.431+0000] {logging_mixin.py:188} INFO - [2026-08-10T02:30:48.431+0000] {dagbag.py:538} INFO - Filling up the DagBag from /opt/airflow/dags/spark_pipeline_dag.py
[2026-08-10T02:30:48.464+0000] {processor.py:840} INFO - DAG(s) 'air_quality_pipeline' retrieved from /opt/airflow/dags/spark_pipeline_dag.py
[2026-08-10T02:30:48.492+0000] {logging_mixin.py:188} INFO - [2026-08-10T02:30:48.492+0000] {dag.py:3036} INFO - Sync 1 DAGs
[2026-08-10T02:30:48.523+0000] {logging_mixin.py:188} INFO - [2026-08-10T02:30:48.523+0000] {dag.py:3823} INFO - Setting next_dagrun for air_quality_pipeline to 2026-08-10 02:05:00+00:00, run_after=2026-08-10 03:05:00+00:00
[2026-08-10T02:30:48.558+0000] {processor.py:183} INFO - Processing /opt/airflow/dags/spark_pipeline_dag.py took 0.135 seconds
[2026-08-10T02:31:18.947+0000] {processor.py:161} INFO - Started process (PID=20418) to work on /opt/airflow/dags/spark_pipeline_dag.py
[2026-08-10T02:31:18.948+0000] {processor.py:830} INFO - Processing file /opt/airflow/dags/spark_pipeline_dag.py for tasks to queue
[2026-08-10T02:31:18.949+0000] {logging_mixin.py:188} INFO - [2026-08-10T02:31:18.949+0000] {dagbag.py:538} INFO - Filling up the DagBag from /opt/airflow/dags/spark_pipeline_dag.py
[2026-08-10T02:31:18.978+0000] {processor.py:840} INFO - DAG(s) 'air_quality_pipeline' retrieved from /opt/airflow/dags/spark_pipeline_dag.py
[2026-08-10T02:31:19.007+0000] {logging_mixin.py:188} INFO - [2026-08-10T02:31:19.007+0000] {dag.py:3036} INFO - Sync 1 DAGs
[2026-08-10T02:31:19.033+0000] {logging_mixin.py:188} INFO - [2026-08-10T02:31:19.033+0000] {dag.py:3823} INFO - Setting next_dagrun for air_quality_pipeline to 2026-08-10 02:05:00+00:00, run_after=2026-08-10 03:05:00+00:00
[2026-08-10T02:31:19.059+0000] {processor.py:183} INFO - Processing /opt/airflow/dags/spark_pipeline_dag.py took 0.117 seconds
[2026-08-10T02:31:49.433+0000] {processor.py:161} INFO - Started process (PID=20428) to work on /opt/airflow/dags/spark_pipeline_dag.py
[2026-08-10T02:31:49.436+0000] {processor.py:830} INFO - Processing file /opt/airflow/dags/spark_pipeline_dag.py for tasks to queue
[2026-08-10T02:31:49.438+0000] {logging_mixin.py:188} INFO - [2026-08-10T02:31:49.437+0000] {dagbag.py:538} INFO - Filling up the DagBag from /opt/airflow/dags/spark_pipeline_dag.py
[2026-08-10T02:31:49.483+0000] {processor.py:840} INFO - DAG(s) 'air_quality_pipeline' retrieved from /opt/airflow/dags/spark_pipeline_dag.py
[2026-08-10T02:31:49.518+0000] {logging_mixin.py:188} INFO - [2026-08-10T02:31:49.517+0000] {dag.py:3036} INFO - Sync 1 DAGs
[2026-08-10T02:31:49.555+0000] {logging_mixin.py:188} INFO - [2026-08-10T02:31:49.555+0000] {dag.py:3823} INFO - Setting next_dagrun for air_quality_pipeline to 2026-08-10 02:05:00+00:00, run_after=2026-08-10 03:05:00+00:00
[2026-08-10T02:31:49.586+0000] {processor.py:183} INFO - Processing /opt/airflow/dags/spark_pipeline_dag.py took 0.157 seconds
[2026-08-10T02:32:19.909+0000] {processor.py:161} INFO - Started process (PID=20438) to work on /opt/airflow/dags/spark_pipeline_dag.py
[2026-08-10T02:32:19.911+0000] {processor.py:830} INFO - Processing file /opt/airflow/dags/spark_pipeline_dag.py for tasks to queue
[2026-08-10T02:32:19.913+0000] {logging_mixin.py:188} INFO - [2026-08-10T02:32:19.912+0000] {dagbag.py:538} INFO - Filling up the DagBag from /opt/airflow/dags/spark_pipeline_dag.py
[2026-08-10T02:32:19.944+0000] {processor.py:840} INFO - DAG(s) 'air_quality_pipeline' retrieved from /opt/airflow/dags/spark_pipeline_dag.py
[2026-08-10T02:32:19.980+0000] {logging_mixin.py:188} INFO - [2026-08-10T02:32:19.980+0000] {dag.py:3036} INFO - Sync 1 DAGs
[2026-08-10T02:32:20.019+0000] {logging_mixin.py:188} INFO - [2026-08-10T02:32:20.018+0000] {dag.py:3823} INFO - Setting next_dagrun for air_quality_pipeline to 2026-08-10 02:05:00+00:00, run_after=2026-08-10 03:05:00+00:00
[2026-08-10T02:32:20.047+0000] {processor.py:183} INFO - Processing /opt/airflow/dags/spark_pipeline_dag.py took 0.141 seconds
[2026-08-10T02:32:50.441+0000] {processor.py:161} INFO - Started process (PID=20448) to work on /opt/airflow/dags/spark_pipeline_dag.py
[2026-08-10T02:32:50.452+0000] {processor.py:830} INFO - Processing file /opt/airflow/dags/spark_pipeline_dag.py for tasks to queue
[2026-08-10T02:32:50.465+0000] {logging_mixin.py:188} INFO - [2026-08-10T02:32:50.464+0000] {dagbag.py:538} INFO - Filling up the DagBag from /opt/airflow/dags/spark_pipeline_dag.py
[2026-08-10T02:32:50.520+0000] {processor.py:840} INFO - DAG(s) 'air_quality_pipeline' retrieved from /opt/airflow/dags/spark_pipeline_dag.py
[2026-08-10T02:32:50.562+0000] {logging_mixin.py:188} INFO - [2026-08-10T02:32:50.562+0000] {dag.py:3036} INFO - Sync 1 DAGs
[2026-08-10T02:32:50.595+0000] {logging_mixin.py:188} INFO - [2026-08-10T02:32:50.595+0000] {dag.py:3823} INFO - Setting next_dagrun for air_quality_pipeline to 2026-08-10 02:05:00+00:00, run_after=2026-08-10 03:05:00+00:00
[2026-08-10T02:32:50.649+0000] {processor.py:183} INFO - Processing /opt/airflow/dags/spark_pipeline_dag.py took 0.213 seconds
[2026-08-10T02:33:21.013+0000] {processor.py:161} INFO - Started process (PID=20458) to work on /opt/airflow/dags/spark_pipeline_dag.py
[2026-08-10T02:33:21.015+0000] {processor.py:830} INFO - Processing file /opt/airflow/dags/spark_pipeline_dag.py for tasks to queue
[2026-08-10T02:33:21.028+0000] {logging_mixin.py:188} INFO - [2026-08-10T02:33:21.027+0000] {dagbag.py:538} INFO - Filling up the DagBag from /opt/airflow/dags/spark_pipeline_dag.py
[2026-08-10T02:33:21.082+0000] {processor.py:840} INFO - DAG(s) 'air_quality_pipeline' retrieved from /opt/airflow/dags/spark_pipeline_dag.py
[2026-08-10T02:33:21.123+0000] {logging_mixin.py:188} INFO - [2026-08-10T02:33:21.123+0000] {dag.py:3036} INFO - Sync 1 DAGs
[2026-08-10T02:33:21.161+0000] {logging_mixin.py:188} INFO - [2026-08-10T02:33:21.161+0000] {dag.py:3823} INFO - Setting next_dagrun for air_quality_pipeline to 2026-08-10 02:05:00+00:00, run_after=2026-08-10 03:05:00+00:00
[2026-08-10T02:33:21.189+0000] {processor.py:183} INFO - Processing /opt/airflow/dags/spark_pipeline_dag.py took 0.180 seconds
[2026-08-10T02:33:51.558+0000] {processor.py:161} INFO - Started process (PID=20468) to work on /opt/airflow/dags/spark_pipeline_dag.py
[2026-08-10T02:33:51.563+0000] {processor.py:830} INFO - Processing file /opt/airflow/dags/spark_pipeline_dag.py for tasks to queue
[2026-08-10T02:33:51.565+0000] {logging_mixin.py:188} INFO - [2026-08-10T02:33:51.565+0000] {dagbag.py:538} INFO - Filling up the DagBag from /opt/airflow/dags/spark_pipeline_dag.py
[2026-08-10T02:33:51.612+0000] {processor.py:840} INFO - DAG(s) 'air_quality_pipeline' retrieved from /opt/airflow/dags/spark_pipeline_dag.py
[2026-08-10T02:33:51.652+0000] {logging_mixin.py:188} INFO - [2026-08-10T02:33:51.651+0000] {dag.py:3036} INFO - Sync 1 DAGs
[2026-08-10T02:33:51.696+0000] {logging_mixin.py:188} INFO - [2026-08-10T02:33:51.696+0000] {dag.py:3823} INFO - Setting next_dagrun for air_quality_pipeline to 2026-08-10 02:05:00+00:00, run_after=2026-08-10 03:05:00+00:00
[2026-08-10T02:33:51.729+0000] {processor.py:183} INFO - Processing /opt/airflow/dags/spark_pipeline_dag.py took 0.179 seconds
[2026-08-10T02:34:22.177+0000] {processor.py:161} INFO - Started process (PID=20478) to work on /opt/airflow/dags/spark_pipeline_dag.py
[2026-08-10T02:34:22.179+0000] {processor.py:830} INFO - Processing file /opt/airflow/dags/spark_pipeline_dag.py for tasks to queue
[2026-08-10T02:34:22.181+0000] {logging_mixin.py:188} INFO - [2026-08-10T02:34:22.180+0000] {dagbag.py:538} INFO - Filling up the DagBag from /opt/airflow/dags/spark_pipeline_dag.py
[2026-08-10T02:34:22.229+0000] {processor.py:840} INFO - DAG(s) 'air_quality_pipeline' retrieved from /opt/airflow/dags/spark_pipeline_dag.py
[2026-08-10T02:34:22.268+0000] {logging_mixin.py:188} INFO - [2026-08-10T02:34:22.268+0000] {dag.py:3036} INFO - Sync 1 DAGs
[2026-08-10T02:34:22.301+0000] {logging_mixin.py:188} INFO - [2026-08-10T02:34:22.300+0000] {dag.py:3823} INFO - Setting next_dagrun for air_quality_pipeline to 2026-08-10 02:05:00+00:00, run_after=2026-08-10 03:05:00+00:00
[2026-08-10T02:34:22.328+0000] {processor.py:183} INFO - Processing /opt/airflow/dags/spark_pipeline_dag.py took 0.155 seconds
[2026-08-10T02:34:52.798+0000] {processor.py:161} INFO - Started process (PID=20488) to work on /opt/airflow/dags/spark_pipeline_dag.py
[2026-08-10T02:34:52.802+0000] {processor.py:830} INFO - Processing file /opt/airflow/dags/spark_pipeline_dag.py for tasks to queue
[2026-08-10T02:34:52.809+0000] {logging_mixin.py:188} INFO - [2026-08-10T02:34:52.807+0000] {dagbag.py:538} INFO - Filling up the DagBag from /opt/airflow/dags/spark_pipeline_dag.py
[2026-08-10T02:34:52.845+0000] {processor.py:840} INFO - DAG(s) 'air_quality_pipeline' retrieved from /opt/airflow/dags/spark_pipeline_dag.py
[2026-08-10T02:34:52.879+0000] {logging_mixin.py:188} INFO - [2026-08-10T02:34:52.879+0000] {dag.py:3036} INFO - Sync 1 DAGs
[2026-08-10T02:34:52.915+0000] {logging_mixin.py:188} INFO - [2026-08-10T02:34:52.915+0000] {dag.py:3823} INFO - Setting next_dagrun for air_quality_pipeline to 2026-08-10 02:05:00+00:00, run_after=2026-08-10 03:05:00+00:00
[2026-08-10T02:34:52.946+0000] {processor.py:183} INFO - Processing /opt/airflow/dags/spark_pipeline_dag.py took 0.153 seconds
[2026-08-10T02:35:23.276+0000] {processor.py:161} INFO - Started process (PID=20498) to work on /opt/airflow/dags/spark_pipeline_dag.py
[2026-08-10T02:35:23.278+0000] {processor.py:830} INFO - Processing file /opt/airflow/dags/spark_pipeline_dag.py for tasks to queue
[2026-08-10T02:35:23.280+0000] {logging_mixin.py:188} INFO - [2026-08-10T02:35:23.279+0000] {dagbag.py:538} INFO - Filling up the DagBag from /opt/airflow/dags/spark_pipeline_dag.py
[2026-08-10T02:35:23.327+0000] {processor.py:840} INFO - DAG(s) 'air_quality_pipeline' retrieved from /opt/airflow/dags/spark_pipeline_dag.py
[2026-08-10T02:35:23.361+0000] {logging_mixin.py:188} INFO - [2026-08-10T02:35:23.361+0000] {dag.py:3036} INFO - Sync 1 DAGs
[2026-08-10T02:35:23.396+0000] {logging_mixin.py:188} INFO - [2026-08-10T02:35:23.396+0000] {dag.py:3823} INFO - Setting next_dagrun for air_quality_pipeline to 2026-08-10 02:05:00+00:00, run_after=2026-08-10 03:05:00+00:00
[2026-08-10T02:35:23.422+0000] {processor.py:183} INFO - Processing /opt/airflow/dags/spark_pipeline_dag.py took 0.150 seconds
[2026-08-10T02:35:53.758+0000] {processor.py:161} INFO - Started process (PID=20508) to work on /opt/airflow/dags/spark_pipeline_dag.py
[2026-08-10T02:35:53.762+0000] {processor.py:830} INFO - Processing file /opt/airflow/dags/spark_pipeline_dag.py for tasks to queue
[2026-08-10T02:35:53.766+0000] {logging_mixin.py:188} INFO - [2026-08-10T02:35:53.766+0000] {dagbag.py:538} INFO - Filling up the DagBag from /opt/airflow/dags/spark_pipeline_dag.py
[2026-08-10T02:35:53.799+0000] {processor.py:840} INFO - DAG(s) 'air_quality_pipeline' retrieved from /opt/airflow/dags/spark_pipeline_dag.py
[2026-08-10T02:35:53.851+0000] {logging_mixin.py:188} INFO - [2026-08-10T02:35:53.851+0000] {dag.py:3036} INFO - Sync 1 DAGs
[2026-08-10T02:35:53.893+0000] {logging_mixin.py:188} INFO - [2026-08-10T02:35:53.892+0000] {dag.py:3823} INFO - Setting next_dagrun for air_quality_pipeline to 2026-08-10 02:05:00+00:00, run_after=2026-08-10 03:05:00+00:00
[2026-08-10T02:35:53.928+0000] {processor.py:183} INFO - Processing /opt/airflow/dags/spark_pipeline_dag.py took 0.179 seconds
[2026-08-10T02:36:24.384+0000] {processor.py:161} INFO - Started process (PID=20518) to work on /opt/airflow/dags/spark_pipeline_dag.py
[2026-08-10T02:36:24.386+0000] {processor.py:830} INFO - Processing file /opt/airflow/dags/spark_pipeline_dag.py for tasks to queue
[2026-08-10T02:36:24.390+0000] {logging_mixin.py:188} INFO - [2026-08-10T02:36:24.388+0000] {dagbag.py:538} INFO - Filling up the DagBag from /opt/airflow/dags/spark_pipeline_dag.py
[2026-08-10T02:36:24.426+0000] {processor.py:840} INFO - DAG(s) 'air_quality_pipeline' retrieved from /opt/airflow/dags/spark_pipeline_dag.py
[2026-08-10T02:36:24.462+0000] {logging_mixin.py:188} INFO - [2026-08-10T02:36:24.462+0000] {dag.py:3036} INFO - Sync 1 DAGs
[2026-08-10T02:36:24.511+0000] {logging_mixin.py:188} INFO - [2026-08-10T02:36:24.511+0000] {dag.py:3823} INFO - Setting next_dagrun for air_quality_pipeline to 2026-08-10 02:05:00+00:00, run_after=2026-08-10 03:05:00+00:00
[2026-08-10T02:36:24.642+0000] {processor.py:183} INFO - Processing /opt/airflow/dags/spark_pipeline_dag.py took 0.264 seconds
[2026-08-10T02:36:55.125+0000] {processor.py:161} INFO - Started process (PID=20528) to work on /opt/airflow/dags/spark_pipeline_dag.py
[2026-08-10T02:36:55.126+0000] {processor.py:830} INFO - Processing file /opt/airflow/dags/spark_pipeline_dag.py for tasks to queue
[2026-08-10T02:36:55.128+0000] {logging_mixin.py:188} INFO - [2026-08-10T02:36:55.127+0000] {dagbag.py:538} INFO - Filling up the DagBag from /opt/airflow/dags/spark_pipeline_dag.py
[2026-08-10T02:36:55.159+0000] {processor.py:840} INFO - DAG(s) 'air_quality_pipeline' retrieved from /opt/airflow/dags/spark_pipeline_dag.py
[2026-08-10T02:36:55.187+0000] {logging_mixin.py:188} INFO - [2026-08-10T02:36:55.187+0000] {dag.py:3036} INFO - Sync 1 DAGs
[2026-08-10T02:36:55.208+0000] {logging_mixin.py:188} INFO - [2026-08-10T02:36:55.208+0000] {dag.py:3823} INFO - Setting next_dagrun for air_quality_pipeline to 2026-08-10 02:05:00+00:00, run_after=2026-08-10 03:05:00+00:00
[2026-08-10T02:36:55.233+0000] {processor.py:183} INFO - Processing /opt/airflow/dags/spark_pipeline_dag.py took 0.113 seconds
[2026-08-10T02:37:25.570+0000] {processor.py:161} INFO - Started process (PID=20538) to work on /opt/airflow/dags/spark_pipeline_dag.py
[2026-08-10T02:37:25.573+0000] {processor.py:830} INFO - Processing file /opt/airflow/dags/spark_pipeline_dag.py for tasks to queue
[2026-08-10T02:37:25.575+0000] {logging_mixin.py:188} INFO - [2026-08-10T02:37:25.574+0000] {dagbag.py:538} INFO - Filling up the DagBag from /opt/airflow/dags/spark_pipeline_dag.py
[2026-08-10T02:37:25.610+0000] {processor.py:840} INFO - DAG(s) 'air_quality_pipeline' retrieved from /opt/airflow/dags/spark_pipeline_dag.py
[2026-08-10T02:37:25.653+0000] {logging_mixin.py:188} INFO - [2026-08-10T02:37:25.653+0000] {dag.py:3036} INFO - Sync 1 DAGs
[2026-08-10T02:37:25.683+0000] {logging_mixin.py:188} INFO - [2026-08-10T02:37:25.683+0000] {dag.py:3823} INFO - Setting next_dagrun for air_quality_pipeline to 2026-08-10 02:05:00+00:00, run_after=2026-08-10 03:05:00+00:00
[2026-08-10T02:37:25.719+0000] {processor.py:183} INFO - Processing /opt/airflow/dags/spark_pipeline_dag.py took 0.154 seconds
[2026-08-10T02:37:56.103+0000] {processor.py:161} INFO - Started process (PID=20548) to work on /opt/airflow/dags/spark_pipeline_dag.py
[2026-08-10T02:37:56.104+0000] {processor.py:830} INFO - Processing file /opt/airflow/dags/spark_pipeline_dag.py for tasks to queue
[2026-08-10T02:37:56.105+0000] {logging_mixin.py:188} INFO - [2026-08-10T02:37:56.105+0000] {dagbag.py:538} INFO - Filling up the DagBag from /opt/airflow/dags/spark_pipeline_dag.py
[2026-08-10T02:37:56.138+0000] {processor.py:840} INFO - DAG(s) 'air_quality_pipeline' retrieved from /opt/airflow/dags/spark_pipeline_dag.py
[2026-08-10T02:37:56.167+0000] {logging_mixin.py:188} INFO - [2026-08-10T02:37:56.167+0000] {dag.py:3036} INFO - Sync 1 DAGs
[2026-08-10T02:37:56.190+0000] {logging_mixin.py:188} INFO - [2026-08-10T02:37:56.190+0000] {dag.py:3823} INFO - Setting next_dagrun for air_quality_pipeline to 2026-08-10 02:05:00+00:00, run_after=2026-08-10 03:05:00+00:00
[2026-08-10T02:37:56.209+0000] {processor.py:183} INFO - Processing /opt/airflow/dags/spark_pipeline_dag.py took 0.110 seconds
[2026-08-10T02:38:26.652+0000] {processor.py:161} INFO - Started process (PID=20558) to work on /opt/airflow/dags/spark_pipeline_dag.py
[2026-08-10T02:38:26.654+0000] {processor.py:830} INFO - Processing file /opt/airflow/dags/spark_pipeline_dag.py for tasks to queue
[2026-08-10T02:38:26.655+0000] {logging_mixin.py:188} INFO - [2026-08-10T02:38:26.655+0000] {dagbag.py:538} INFO - Filling up the DagBag from /opt/airflow/dags/spark_pipeline_dag.py
[2026-08-10T02:38:26.683+0000] {processor.py:840} INFO - DAG(s) 'air_quality_pipeline' retrieved from /opt/airflow/dags/spark_pipeline_dag.py
[2026-08-10T02:38:26.707+0000] {logging_mixin.py:188} INFO - [2026-08-10T02:38:26.706+0000] {dag.py:3036} INFO - Sync 1 DAGs
[2026-08-10T02:38:26.727+0000] {logging_mixin.py:188} INFO - [2026-08-10T02:38:26.726+0000] {dag.py:3823} INFO - Setting next_dagrun for air_quality_pipeline to 2026-08-10 02:05:00+00:00, run_after=2026-08-10 03:05:00+00:00
[2026-08-10T02:38:26.745+0000] {processor.py:183} INFO - Processing /opt/airflow/dags/spark_pipeline_dag.py took 0.097 seconds
[2026-08-10T02:38:57.114+0000] {processor.py:161} INFO - Started process (PID=20568) to work on /opt/airflow/dags/spark_pipeline_dag.py
[2026-08-10T02:38:57.115+0000] {processor.py:830} INFO - Processing file /opt/airflow/dags/spark_pipeline_dag.py for tasks to queue
[2026-08-10T02:38:57.117+0000] {logging_mixin.py:188} INFO - [2026-08-10T02:38:57.116+0000] {dagbag.py:538} INFO - Filling up the DagBag from /opt/airflow/dags/spark_pipeline_dag.py
[2026-08-10T02:38:57.142+0000] {processor.py:840} INFO - DAG(s) 'air_quality_pipeline' retrieved from /opt/airflow/dags/spark_pipeline_dag.py
[2026-08-10T02:38:57.165+0000] {logging_mixin.py:188} INFO - [2026-08-10T02:38:57.164+0000] {dag.py:3036} INFO - Sync 1 DAGs
[2026-08-10T02:38:57.185+0000] {logging_mixin.py:188} INFO - [2026-08-10T02:38:57.185+0000] {dag.py:3823} INFO - Setting next_dagrun for air_quality_pipeline to 2026-08-10 02:05:00+00:00, run_after=2026-08-10 03:05:00+00:00
[2026-08-10T02:38:57.206+0000] {processor.py:183} INFO - Processing /opt/airflow/dags/spark_pipeline_dag.py took 0.097 seconds
[2026-08-10T02:39:27.656+0000] {processor.py:161} INFO - Started process (PID=20578) to work on /opt/airflow/dags/spark_pipeline_dag.py
[2026-08-10T02:39:27.658+0000] {processor.py:830} INFO - Processing file /opt/airflow/dags/spark_pipeline_dag.py for tasks to queue
[2026-08-10T02:39:27.659+0000] {logging_mixin.py:188} INFO - [2026-08-10T02:39:27.658+0000] {dagbag.py:538} INFO - Filling up the DagBag from /opt/airflow/dags/spark_pipeline_dag.py
[2026-08-10T02:39:27.693+0000] {processor.py:840} INFO - DAG(s) 'air_quality_pipeline' retrieved from /opt/airflow/dags/spark_pipeline_dag.py
[2026-08-10T02:39:27.726+0000] {logging_mixin.py:188} INFO - [2026-08-10T02:39:27.726+0000] {dag.py:3036} INFO - Sync 1 DAGs
[2026-08-10T02:39:27.758+0000] {logging_mixin.py:188} INFO - [2026-08-10T02:39:27.757+0000] {dag.py:3823} INFO - Setting next_dagrun for air_quality_pipeline to 2026-08-10 02:05:00+00:00, run_after=2026-08-10 03:05:00+00:00
[2026-08-10T02:39:27.783+0000] {processor.py:183} INFO - Processing /opt/airflow/dags/spark_pipeline_dag.py took 0.131 seconds
[2026-08-10T02:39:58.111+0000] {processor.py:161} INFO - Started process (PID=20588) to work on /opt/airflow/dags/spark_pipeline_dag.py
[2026-08-10T02:39:58.113+0000] {processor.py:830} INFO - Processing file /opt/airflow/dags/spark_pipeline_dag.py for tasks to queue
[2026-08-10T02:39:58.115+0000] {logging_mixin.py:188} INFO - [2026-08-10T02:39:58.114+0000] {dagbag.py:538} INFO - Filling up the DagBag from /opt/airflow/dags/spark_pipeline_dag.py
[2026-08-10T02:39:58.155+0000] {processor.py:840} INFO - DAG(s) 'air_quality_pipeline' retrieved from /opt/airflow/dags/spark_pipeline_dag.py
[2026-08-10T02:39:58.195+0000] {logging_mixin.py:188} INFO - [2026-08-10T02:39:58.195+0000] {dag.py:3036} INFO - Sync 1 DAGs
[2026-08-10T02:39:58.244+0000] {logging_mixin.py:188} INFO - [2026-08-10T02:39:58.244+0000] {dag.py:3823} INFO - Setting next_dagrun for air_quality_pipeline to 2026-08-10 02:05:00+00:00, run_after=2026-08-10 03:05:00+00:00
[2026-08-10T02:39:58.286+0000] {processor.py:183} INFO - Processing /opt/airflow/dags/spark_pipeline_dag.py took 0.182 seconds
[2026-08-10T02:40:28.651+0000] {processor.py:161} INFO - Started process (PID=20598) to work on /opt/airflow/dags/spark_pipeline_dag.py
[2026-08-10T02:40:28.652+0000] {processor.py:830} INFO - Processing file /opt/airflow/dags/spark_pipeline_dag.py for tasks to queue
[2026-08-10T02:40:28.653+0000] {logging_mixin.py:188} INFO - [2026-08-10T02:40:28.653+0000] {dagbag.py:538} INFO - Filling up the DagBag from /opt/airflow/dags/spark_pipeline_dag.py
[2026-08-10T02:40:28.686+0000] {processor.py:840} INFO - DAG(s) 'air_quality_pipeline' retrieved from /opt/airflow/dags/spark_pipeline_dag.py
[2026-08-10T02:40:28.714+0000] {logging_mixin.py:188} INFO - [2026-08-10T02:40:28.714+0000] {dag.py:3036} INFO - Sync 1 DAGs
[2026-08-10T02:40:28.748+0000] {logging_mixin.py:188} INFO - [2026-08-10T02:40:28.748+0000] {dag.py:3823} INFO - Setting next_dagrun for air_quality_pipeline to 2026-08-10 02:05:00+00:00, run_after=2026-08-10 03:05:00+00:00
[2026-08-10T02:40:28.805+0000] {processor.py:183} INFO - Processing /opt/airflow/dags/spark_pipeline_dag.py took 0.159 seconds
[2026-08-10T02:40:59.139+0000] {processor.py:161} INFO - Started process (PID=20608) to work on /opt/airflow/dags/spark_pipeline_dag.py
[2026-08-10T02:40:59.140+0000] {processor.py:830} INFO - Processing file /opt/airflow/dags/spark_pipeline_dag.py for tasks to queue
[2026-08-10T02:40:59.142+0000] {logging_mixin.py:188} INFO - [2026-08-10T02:40:59.142+0000] {dagbag.py:538} INFO - Filling up the DagBag from /opt/airflow/dags/spark_pipeline_dag.py
[2026-08-10T02:40:59.175+0000] {processor.py:840} INFO - DAG(s) 'air_quality_pipeline' retrieved from /opt/airflow/dags/spark_pipeline_dag.py
[2026-08-10T02:40:59.205+0000] {logging_mixin.py:188} INFO - [2026-08-10T02:40:59.205+0000] {dag.py:3036} INFO - Sync 1 DAGs
[2026-08-10T02:40:59.228+0000] {logging_mixin.py:188} INFO - [2026-08-10T02:40:59.228+0000] {dag.py:3823} INFO - Setting next_dagrun for air_quality_pipeline to 2026-08-10 02:05:00+00:00, run_after=2026-08-10 03:05:00+00:00
[2026-08-10T02:40:59.253+0000] {processor.py:183} INFO - Processing /opt/airflow/dags/spark_pipeline_dag.py took 0.118 seconds
[2026-08-10T02:41:29.623+0000] {processor.py:161} INFO - Started process (PID=20618) to work on /opt/airflow/dags/spark_pipeline_dag.py
[2026-08-10T02:41:29.625+0000] {processor.py:830} INFO - Processing file /opt/airflow/dags/spark_pipeline_dag.py for tasks to queue
[2026-08-10T02:41:29.626+0000] {logging_mixin.py:188} INFO - [2026-08-10T02:41:29.626+0000] {dagbag.py:538} INFO - Filling up the DagBag from /opt/airflow/dags/spark_pipeline_dag.py
[2026-08-10T02:41:29.673+0000] {processor.py:840} INFO - DAG(s) 'air_quality_pipeline' retrieved from /opt/airflow/dags/spark_pipeline_dag.py
[2026-08-10T02:41:29.706+0000] {logging_mixin.py:188} INFO - [2026-08-10T02:41:29.705+0000] {dag.py:3036} INFO - Sync 1 DAGs
[2026-08-10T02:41:29.756+0000] {logging_mixin.py:188} INFO - [2026-08-10T02:41:29.756+0000] {dag.py:3823} INFO - Setting next_dagrun for air_quality_pipeline to 2026-08-10 02:05:00+00:00, run_after=2026-08-10 03:05:00+00:00
[2026-08-10T02:41:29.785+0000] {processor.py:183} INFO - Processing /opt/airflow/dags/spark_pipeline_dag.py took 0.165 seconds
[2026-08-10T02:42:00.121+0000] {processor.py:161} INFO - Started process (PID=20628) to work on /opt/airflow/dags/spark_pipeline_dag.py
[2026-08-10T02:42:00.123+0000] {processor.py:830} INFO - Processing file /opt/airflow/dags/spark_pipeline_dag.py for tasks to queue
[2026-08-10T02:42:00.126+0000] {logging_mixin.py:188} INFO - [2026-08-10T02:42:00.126+0000] {dagbag.py:538} INFO - Filling up the DagBag from /opt/airflow/dags/spark_pipeline_dag.py
[2026-08-10T02:42:00.153+0000] {processor.py:840} INFO - DAG(s) 'air_quality_pipeline' retrieved from /opt/airflow/dags/spark_pipeline_dag.py
[2026-08-10T02:42:00.182+0000] {logging_mixin.py:188} INFO - [2026-08-10T02:42:00.182+0000] {dag.py:3036} INFO - Sync 1 DAGs
[2026-08-10T02:42:00.206+0000] {logging_mixin.py:188} INFO - [2026-08-10T02:42:00.206+0000] {dag.py:3823} INFO - Setting next_dagrun for air_quality_pipeline to 2026-08-10 02:05:00+00:00, run_after=2026-08-10 03:05:00+00:00
[2026-08-10T02:42:00.248+0000] {processor.py:183} INFO - Processing /opt/airflow/dags/spark_pipeline_dag.py took 0.130 seconds
[2026-08-10T02:42:30.603+0000] {processor.py:161} INFO - Started process (PID=20638) to work on /opt/airflow/dags/spark_pipeline_dag.py
[2026-08-10T02:42:30.605+0000] {processor.py:830} INFO - Processing file /opt/airflow/dags/spark_pipeline_dag.py for tasks to queue
[2026-08-10T02:42:30.608+0000] {logging_mixin.py:188} INFO - [2026-08-10T02:42:30.607+0000] {dagbag.py:538} INFO - Filling up the DagBag from /opt/airflow/dags/spark_pipeline_dag.py
[2026-08-10T02:42:30.667+0000] {processor.py:840} INFO - DAG(s) 'air_quality_pipeline' retrieved from /opt/airflow/dags/spark_pipeline_dag.py
[2026-08-10T02:42:30.711+0000] {logging_mixin.py:188} INFO - [2026-08-10T02:42:30.711+0000] {dag.py:3036} INFO - Sync 1 DAGs
[2026-08-10T02:42:30.755+0000] {logging_mixin.py:188} INFO - [2026-08-10T02:42:30.755+0000] {dag.py:3823} INFO - Setting next_dagrun for air_quality_pipeline to 2026-08-10 02:05:00+00:00, run_after=2026-08-10 03:05:00+00:00
[2026-08-10T02:42:30.795+0000] {processor.py:183} INFO - Processing /opt/airflow/dags/spark_pipeline_dag.py took 0.200 seconds
[2026-08-10T02:43:01.181+0000] {processor.py:161} INFO - Started process (PID=20648) to work on /opt/airflow/dags/spark_pipeline_dag.py
[2026-08-10T02:43:01.183+0000] {processor.py:830} INFO - Processing file /opt/airflow/dags/spark_pipeline_dag.py for tasks to queue
[2026-08-10T02:43:01.184+0000] {logging_mixin.py:188} INFO - [2026-08-10T02:43:01.184+0000] {dagbag.py:538} INFO - Filling up the DagBag from /opt/airflow/dags/spark_pipeline_dag.py
[2026-08-10T02:43:01.212+0000] {processor.py:840} INFO - DAG(s) 'air_quality_pipeline' retrieved from /opt/airflow/dags/spark_pipeline_dag.py
[2026-08-10T02:43:01.237+0000] {logging_mixin.py:188} INFO - [2026-08-10T02:43:01.237+0000] {dag.py:3036} INFO - Sync 1 DAGs
[2026-08-10T02:43:01.261+0000] {logging_mixin.py:188} INFO - [2026-08-10T02:43:01.260+0000] {dag.py:3823} INFO - Setting next_dagrun for air_quality_pipeline to 2026-08-10 02:05:00+00:00, run_after=2026-08-10 03:05:00+00:00
[2026-08-10T02:43:01.281+0000] {processor.py:183} INFO - Processing /opt/airflow/dags/spark_pipeline_dag.py took 0.103 seconds
[2026-08-10T02:43:31.718+0000] {processor.py:161} INFO - Started process (PID=20658) to work on /opt/airflow/dags/spark_pipeline_dag.py
[2026-08-10T02:43:31.719+0000] {processor.py:830} INFO - Processing file /opt/airflow/dags/spark_pipeline_dag.py for tasks to queue
[2026-08-10T02:43:31.721+0000] {logging_mixin.py:188} INFO - [2026-08-10T02:43:31.720+0000] {dagbag.py:538} INFO - Filling up the DagBag from /opt/airflow/dags/spark_pipeline_dag.py
[2026-08-10T02:43:31.755+0000] {processor.py:840} INFO - DAG(s) 'air_quality_pipeline' retrieved from /opt/airflow/dags/spark_pipeline_dag.py
[2026-08-10T02:43:31.788+0000] {logging_mixin.py:188} INFO - [2026-08-10T02:43:31.788+0000] {dag.py:3036} INFO - Sync 1 DAGs
[2026-08-10T02:43:31.818+0000] {logging_mixin.py:188} INFO - [2026-08-10T02:43:31.817+0000] {dag.py:3823} INFO - Setting next_dagrun for air_quality_pipeline to 2026-08-10 02:05:00+00:00, run_after=2026-08-10 03:05:00+00:00
[2026-08-10T02:43:31.865+0000] {processor.py:183} INFO - Processing /opt/airflow/dags/spark_pipeline_dag.py took 0.151 seconds
[2026-08-10T02:44:02.278+0000] {processor.py:161} INFO - Started process (PID=20668) to work on /opt/airflow/dags/spark_pipeline_dag.py
[2026-08-10T02:44:02.281+0000] {processor.py:830} INFO - Processing file /opt/airflow/dags/spark_pipeline_dag.py for tasks to queue
[2026-08-10T02:44:02.283+0000] {logging_mixin.py:188} INFO - [2026-08-10T02:44:02.283+0000] {dagbag.py:538} INFO - Filling up the DagBag from /opt/airflow/dags/spark_pipeline_dag.py
[2026-08-10T02:44:02.329+0000] {processor.py:840} INFO - DAG(s) 'air_quality_pipeline' retrieved from /opt/airflow/dags/spark_pipeline_dag.py
[2026-08-10T02:44:02.360+0000] {logging_mixin.py:188} INFO - [2026-08-10T02:44:02.359+0000] {dag.py:3036} INFO - Sync 1 DAGs
[2026-08-10T02:44:02.395+0000] {logging_mixin.py:188} INFO - [2026-08-10T02:44:02.395+0000] {dag.py:3823} INFO - Setting next_dagrun for air_quality_pipeline to 2026-08-10 02:05:00+00:00, run_after=2026-08-10 03:05:00+00:00
[2026-08-10T02:44:02.421+0000] {processor.py:183} INFO - Processing /opt/airflow/dags/spark_pipeline_dag.py took 0.146 seconds
[2026-08-10T02:44:32.876+0000] {processor.py:161} INFO - Started process (PID=20678) to work on /opt/airflow/dags/spark_pipeline_dag.py
[2026-08-10T02:44:32.878+0000] {processor.py:830} INFO - Processing file /opt/airflow/dags/spark_pipeline_dag.py for tasks to queue
[2026-08-10T02:44:32.879+0000] {logging_mixin.py:188} INFO - [2026-08-10T02:44:32.879+0000] {dagbag.py:538} INFO - Filling up the DagBag from /opt/airflow/dags/spark_pipeline_dag.py
[2026-08-10T02:44:32.910+0000] {processor.py:840} INFO - DAG(s) 'air_quality_pipeline' retrieved from /opt/airflow/dags/spark_pipeline_dag.py
[2026-08-10T02:44:32.935+0000] {logging_mixin.py:188} INFO - [2026-08-10T02:44:32.935+0000] {dag.py:3036} INFO - Sync 1 DAGs
[2026-08-10T02:44:32.955+0000] {logging_mixin.py:188} INFO - [2026-08-10T02:44:32.955+0000] {dag.py:3823} INFO - Setting next_dagrun for air_quality_pipeline to 2026-08-10 02:05:00+00:00, run_after=2026-08-10 03:05:00+00:00
[2026-08-10T02:44:32.986+0000] {processor.py:183} INFO - Processing /opt/airflow/dags/spark_pipeline_dag.py took 0.116 seconds
[2026-08-10T02:45:03.389+0000] {processor.py:161} INFO - Started process (PID=20688) to work on /opt/airflow/dags/spark_pipeline_dag.py
[2026-08-10T02:45:03.391+0000] {processor.py:830} INFO - Processing file /opt/airflow/dags/spark_pipeline_dag.py for tasks to queue
[2026-08-10T02:45:03.392+0000] {logging_mixin.py:188} INFO - [2026-08-10T02:45:03.391+0000] {dagbag.py:538} INFO - Filling up the DagBag from /opt/airflow/dags/spark_pipeline_dag.py
[2026-08-10T02:45:03.436+0000] {processor.py:840} INFO - DAG(s) 'air_quality_pipeline' retrieved from /opt/airflow/dags/spark_pipeline_dag.py
[2026-08-10T02:45:03.462+0000] {logging_mixin.py:188} INFO - [2026-08-10T02:45:03.461+0000] {dag.py:3036} INFO - Sync 1 DAGs
[2026-08-10T02:45:03.484+0000] {logging_mixin.py:188} INFO - [2026-08-10T02:45:03.484+0000] {dag.py:3823} INFO - Setting next_dagrun for air_quality_pipeline to 2026-08-10 02:05:00+00:00, run_after=2026-08-10 03:05:00+00:00
[2026-08-10T02:45:03.507+0000] {processor.py:183} INFO - Processing /opt/airflow/dags/spark_pipeline_dag.py took 0.121 seconds
[2026-08-10T02:45:33.974+0000] {processor.py:161} INFO - Started process (PID=20698) to work on /opt/airflow/dags/spark_pipeline_dag.py
[2026-08-10T02:45:33.976+0000] {processor.py:830} INFO - Processing file /opt/airflow/dags/spark_pipeline_dag.py for tasks to queue
[2026-08-10T02:45:33.978+0000] {logging_mixin.py:188} INFO - [2026-08-10T02:45:33.977+0000] {dagbag.py:538} INFO - Filling up the DagBag from /opt/airflow/dags/spark_pipeline_dag.py
[2026-08-10T02:45:34.024+0000] {processor.py:840} INFO - DAG(s) 'air_quality_pipeline' retrieved from /opt/airflow/dags/spark_pipeline_dag.py
[2026-08-10T02:45:34.054+0000] {logging_mixin.py:188} INFO - [2026-08-10T02:45:34.054+0000] {dag.py:3036} INFO - Sync 1 DAGs
[2026-08-10T02:45:34.082+0000] {logging_mixin.py:188} INFO - [2026-08-10T02:45:34.082+0000] {dag.py:3823} INFO - Setting next_dagrun for air_quality_pipeline to 2026-08-10 02:05:00+00:00, run_after=2026-08-10 03:05:00+00:00
[2026-08-10T02:45:34.109+0000] {processor.py:183} INFO - Processing /opt/airflow/dags/spark_pipeline_dag.py took 0.143 seconds
[2026-08-10T02:46:04.497+0000] {processor.py:161} INFO - Started process (PID=20708) to work on /opt/airflow/dags/spark_pipeline_dag.py
[2026-08-10T02:46:04.499+0000] {processor.py:830} INFO - Processing file /opt/airflow/dags/spark_pipeline_dag.py for tasks to queue
[2026-08-10T02:46:04.504+0000] {logging_mixin.py:188} INFO - [2026-08-10T02:46:04.503+0000] {dagbag.py:538} INFO - Filling up the DagBag from /opt/airflow/dags/spark_pipeline_dag.py
[2026-08-10T02:46:04.587+0000] {processor.py:840} INFO - DAG(s) 'air_quality_pipeline' retrieved from /opt/airflow/dags/spark_pipeline_dag.py
[2026-08-10T02:46:04.638+0000] {logging_mixin.py:188} INFO - [2026-08-10T02:46:04.637+0000] {dag.py:3036} INFO - Sync 1 DAGs
[2026-08-10T02:46:04.696+0000] {logging_mixin.py:188} INFO - [2026-08-10T02:46:04.696+0000] {dag.py:3823} INFO - Setting next_dagrun for air_quality_pipeline to 2026-08-10 02:05:00+00:00, run_after=2026-08-10 03:05:00+00:00
[2026-08-10T02:46:04.744+0000] {processor.py:183} INFO - Processing /opt/airflow/dags/spark_pipeline_dag.py took 0.253 seconds
[2026-08-10T02:46:35.152+0000] {processor.py:161} INFO - Started process (PID=20718) to work on /opt/airflow/dags/spark_pipeline_dag.py
[2026-08-10T02:46:35.154+0000] {processor.py:830} INFO - Processing file /opt/airflow/dags/spark_pipeline_dag.py for tasks to queue
[2026-08-10T02:46:35.156+0000] {logging_mixin.py:188} INFO - [2026-08-10T02:46:35.155+0000] {dagbag.py:538} INFO - Filling up the DagBag from /opt/airflow/dags/spark_pipeline_dag.py
[2026-08-10T02:46:35.222+0000] {processor.py:840} INFO - DAG(s) 'air_quality_pipeline' retrieved from /opt/airflow/dags/spark_pipeline_dag.py
[2026-08-10T02:46:35.267+0000] {logging_mixin.py:188} INFO - [2026-08-10T02:46:35.266+0000] {dag.py:3036} INFO - Sync 1 DAGs
[2026-08-10T02:46:35.309+0000] {logging_mixin.py:188} INFO - [2026-08-10T02:46:35.309+0000] {dag.py:3823} INFO - Setting next_dagrun for air_quality_pipeline to 2026-08-10 02:05:00+00:00, run_after=2026-08-10 03:05:00+00:00
[2026-08-10T02:46:35.345+0000] {processor.py:183} INFO - Processing /opt/airflow/dags/spark_pipeline_dag.py took 0.197 seconds
[2026-08-10T02:47:05.662+0000] {processor.py:161} INFO - Started process (PID=20728) to work on /opt/airflow/dags/spark_pipeline_dag.py
[2026-08-10T02:47:05.664+0000] {processor.py:830} INFO - Processing file /opt/airflow/dags/spark_pipeline_dag.py for tasks to queue
[2026-08-10T02:47:05.665+0000] {logging_mixin.py:188} INFO - [2026-08-10T02:47:05.665+0000] {dagbag.py:538} INFO - Filling up the DagBag from /opt/airflow/dags/spark_pipeline_dag.py
[2026-08-10T02:47:05.729+0000] {processor.py:840} INFO - DAG(s) 'air_quality_pipeline' retrieved from /opt/airflow/dags/spark_pipeline_dag.py
[2026-08-10T02:47:05.785+0000] {logging_mixin.py:188} INFO - [2026-08-10T02:47:05.784+0000] {dag.py:3036} INFO - Sync 1 DAGs
[2026-08-10T02:47:05.819+0000] {logging_mixin.py:188} INFO - [2026-08-10T02:47:05.818+0000] {dag.py:3823} INFO - Setting next_dagrun for air_quality_pipeline to 2026-08-10 02:05:00+00:00, run_after=2026-08-10 03:05:00+00:00
[2026-08-10T02:47:05.856+0000] {processor.py:183} INFO - Processing /opt/airflow/dags/spark_pipeline_dag.py took 0.199 seconds
[2026-08-10T02:47:36.206+0000] {processor.py:161} INFO - Started process (PID=20738) to work on /opt/airflow/dags/spark_pipeline_dag.py
[2026-08-10T02:47:36.208+0000] {processor.py:830} INFO - Processing file /opt/airflow/dags/spark_pipeline_dag.py for tasks to queue
[2026-08-10T02:47:36.210+0000] {logging_mixin.py:188} INFO - [2026-08-10T02:47:36.209+0000] {dagbag.py:538} INFO - Filling up the DagBag from /opt/airflow/dags/spark_pipeline_dag.py
[2026-08-10T02:47:36.241+0000] {processor.py:840} INFO - DAG(s) 'air_quality_pipeline' retrieved from /opt/airflow/dags/spark_pipeline_dag.py
[2026-08-10T02:47:36.271+0000] {logging_mixin.py:188} INFO - [2026-08-10T02:47:36.271+0000] {dag.py:3036} INFO - Sync 1 DAGs
[2026-08-10T02:47:36.299+0000] {logging_mixin.py:188} INFO - [2026-08-10T02:47:36.299+0000] {dag.py:3823} INFO - Setting next_dagrun for air_quality_pipeline to 2026-08-10 02:05:00+00:00, run_after=2026-08-10 03:05:00+00:00
[2026-08-10T02:47:36.343+0000] {processor.py:183} INFO - Processing /opt/airflow/dags/spark_pipeline_dag.py took 0.140 seconds
[2026-08-10T02:48:06.713+0000] {processor.py:161} INFO - Started process (PID=20748) to work on /opt/airflow/dags/spark_pipeline_dag.py
[2026-08-10T02:48:06.714+0000] {processor.py:830} INFO - Processing file /opt/airflow/dags/spark_pipeline_dag.py for tasks to queue
[2026-08-10T02:48:06.715+0000] {logging_mixin.py:188} INFO - [2026-08-10T02:48:06.715+0000] {dagbag.py:538} INFO - Filling up the DagBag from /opt/airflow/dags/spark_pipeline_dag.py
[2026-08-10T02:48:06.738+0000] {processor.py:840} INFO - DAG(s) 'air_quality_pipeline' retrieved from /opt/airflow/dags/spark_pipeline_dag.py
[2026-08-10T02:48:06.803+0000] {logging_mixin.py:188} INFO - [2026-08-10T02:48:06.802+0000] {dag.py:3036} INFO - Sync 1 DAGs
[2026-08-10T02:48:06.837+0000] {logging_mixin.py:188} INFO - [2026-08-10T02:48:06.836+0000] {dag.py:3823} INFO - Setting next_dagrun for air_quality_pipeline to 2026-08-10 02:05:00+00:00, run_after=2026-08-10 03:05:00+00:00
[2026-08-10T02:48:06.868+0000] {processor.py:183} INFO - Processing /opt/airflow/dags/spark_pipeline_dag.py took 0.159 seconds
[2026-08-10T02:48:37.276+0000] {processor.py:161} INFO - Started process (PID=20758) to work on /opt/airflow/dags/spark_pipeline_dag.py
[2026-08-10T02:48:37.281+0000] {processor.py:830} INFO - Processing file /opt/airflow/dags/spark_pipeline_dag.py for tasks to queue
[2026-08-10T02:48:37.283+0000] {logging_mixin.py:188} INFO - [2026-08-10T02:48:37.282+0000] {dagbag.py:538} INFO - Filling up the DagBag from /opt/airflow/dags/spark_pipeline_dag.py
[2026-08-10T02:48:37.320+0000] {processor.py:840} INFO - DAG(s) 'air_quality_pipeline' retrieved from /opt/airflow/dags/spark_pipeline_dag.py
[2026-08-10T02:48:37.345+0000] {logging_mixin.py:188} INFO - [2026-08-10T02:48:37.345+0000] {dag.py:3036} INFO - Sync 1 DAGs
[2026-08-10T02:48:37.370+0000] {logging_mixin.py:188} INFO - [2026-08-10T02:48:37.369+0000] {dag.py:3823} INFO - Setting next_dagrun for air_quality_pipeline to 2026-08-10 02:05:00+00:00, run_after=2026-08-10 03:05:00+00:00
[2026-08-10T02:48:37.409+0000] {processor.py:183} INFO - Processing /opt/airflow/dags/spark_pipeline_dag.py took 0.139 seconds
[2026-08-10T02:49:07.801+0000] {processor.py:161} INFO - Started process (PID=20768) to work on /opt/airflow/dags/spark_pipeline_dag.py
[2026-08-10T02:49:07.803+0000] {processor.py:830} INFO - Processing file /opt/airflow/dags/spark_pipeline_dag.py for tasks to queue
[2026-08-10T02:49:07.804+0000] {logging_mixin.py:188} INFO - [2026-08-10T02:49:07.803+0000] {dagbag.py:538} INFO - Filling up the DagBag from /opt/airflow/dags/spark_pipeline_dag.py
[2026-08-10T02:49:07.827+0000] {processor.py:840} INFO - DAG(s) 'air_quality_pipeline' retrieved from /opt/airflow/dags/spark_pipeline_dag.py
[2026-08-10T02:49:07.855+0000] {logging_mixin.py:188} INFO - [2026-08-10T02:49:07.855+0000] {dag.py:3036} INFO - Sync 1 DAGs
[2026-08-10T02:49:07.880+0000] {logging_mixin.py:188} INFO - [2026-08-10T02:49:07.880+0000] {dag.py:3823} INFO - Setting next_dagrun for air_quality_pipeline to 2026-08-10 02:05:00+00:00, run_after=2026-08-10 03:05:00+00:00
[2026-08-10T02:49:07.903+0000] {processor.py:183} INFO - Processing /opt/airflow/dags/spark_pipeline_dag.py took 0.106 seconds
[2026-08-10T02:49:38.495+0000] {processor.py:161} INFO - Started process (PID=20778) to work on /opt/airflow/dags/spark_pipeline_dag.py
[2026-08-10T02:49:38.496+0000] {processor.py:830} INFO - Processing file /opt/airflow/dags/spark_pipeline_dag.py for tasks to queue
[2026-08-10T02:49:38.498+0000] {logging_mixin.py:188} INFO - [2026-08-10T02:49:38.497+0000] {dagbag.py:538} INFO - Filling up the DagBag from /opt/airflow/dags/spark_pipeline_dag.py
[2026-08-10T02:49:38.528+0000] {processor.py:840} INFO - DAG(s) 'air_quality_pipeline' retrieved from /opt/airflow/dags/spark_pipeline_dag.py
[2026-08-10T02:49:38.561+0000] {logging_mixin.py:188} INFO - [2026-08-10T02:49:38.561+0000] {dag.py:3036} INFO - Sync 1 DAGs
[2026-08-10T02:49:38.586+0000] {logging_mixin.py:188} INFO - [2026-08-10T02:49:38.586+0000] {dag.py:3823} INFO - Setting next_dagrun for air_quality_pipeline to 2026-08-10 02:05:00+00:00, run_after=2026-08-10 03:05:00+00:00
[2026-08-10T02:49:38.607+0000] {processor.py:183} INFO - Processing /opt/airflow/dags/spark_pipeline_dag.py took 0.116 seconds
[2026-08-10T02:50:08.999+0000] {processor.py:161} INFO - Started process (PID=20788) to work on /opt/airflow/dags/spark_pipeline_dag.py
[2026-08-10T02:50:09.001+0000] {processor.py:830} INFO - Processing file /opt/airflow/dags/spark_pipeline_dag.py for tasks to queue
[2026-08-10T02:50:09.003+0000] {logging_mixin.py:188} INFO - [2026-08-10T02:50:09.002+0000] {dagbag.py:538} INFO - Filling up the DagBag from /opt/airflow/dags/spark_pipeline_dag.py
[2026-08-10T02:50:09.038+0000] {processor.py:840} INFO - DAG(s) 'air_quality_pipeline' retrieved from /opt/airflow/dags/spark_pipeline_dag.py
[2026-08-10T02:50:09.073+0000] {logging_mixin.py:188} INFO - [2026-08-10T02:50:09.072+0000] {dag.py:3036} INFO - Sync 1 DAGs
[2026-08-10T02:50:09.104+0000] {logging_mixin.py:188} INFO - [2026-08-10T02:50:09.104+0000] {dag.py:3823} INFO - Setting next_dagrun for air_quality_pipeline to 2026-08-10 02:05:00+00:00, run_after=2026-08-10 03:05:00+00:00
[2026-08-10T02:50:09.158+0000] {processor.py:183} INFO - Processing /opt/airflow/dags/spark_pipeline_dag.py took 0.164 seconds
[2026-08-10T02:50:39.567+0000] {processor.py:161} INFO - Started process (PID=20798) to work on /opt/airflow/dags/spark_pipeline_dag.py
[2026-08-10T02:50:39.568+0000] {processor.py:830} INFO - Processing file /opt/airflow/dags/spark_pipeline_dag.py for tasks to queue
[2026-08-10T02:50:39.570+0000] {logging_mixin.py:188} INFO - [2026-08-10T02:50:39.569+0000] {dagbag.py:538} INFO - Filling up the DagBag from /opt/airflow/dags/spark_pipeline_dag.py
[2026-08-10T02:50:39.600+0000] {processor.py:840} INFO - DAG(s) 'air_quality_pipeline' retrieved from /opt/airflow/dags/spark_pipeline_dag.py
[2026-08-10T02:50:39.636+0000] {logging_mixin.py:188} INFO - [2026-08-10T02:50:39.636+0000] {dag.py:3036} INFO - Sync 1 DAGs
[2026-08-10T02:50:39.669+0000] {logging_mixin.py:188} INFO - [2026-08-10T02:50:39.669+0000] {dag.py:3823} INFO - Setting next_dagrun for air_quality_pipeline to 2026-08-10 02:05:00+00:00, run_after=2026-08-10 03:05:00+00:00
[2026-08-10T02:50:39.719+0000] {processor.py:183} INFO - Processing /opt/airflow/dags/spark_pipeline_dag.py took 0.155 seconds
[2026-08-10T02:51:10.198+0000] {processor.py:161} INFO - Started process (PID=20808) to work on /opt/airflow/dags/spark_pipeline_dag.py
[2026-08-10T02:51:10.216+0000] {processor.py:830} INFO - Processing file /opt/airflow/dags/spark_pipeline_dag.py for tasks to queue
[2026-08-10T02:51:10.219+0000] {logging_mixin.py:188} INFO - [2026-08-10T02:51:10.219+0000] {dagbag.py:538} INFO - Filling up the DagBag from /opt/airflow/dags/spark_pipeline_dag.py
[2026-08-10T02:51:10.273+0000] {processor.py:840} INFO - DAG(s) 'air_quality_pipeline' retrieved from /opt/airflow/dags/spark_pipeline_dag.py
[2026-08-10T02:51:10.315+0000] {logging_mixin.py:188} INFO - [2026-08-10T02:51:10.315+0000] {dag.py:3036} INFO - Sync 1 DAGs
[2026-08-10T02:51:10.359+0000] {logging_mixin.py:188} INFO - [2026-08-10T02:51:10.358+0000] {dag.py:3823} INFO - Setting next_dagrun for air_quality_pipeline to 2026-08-10 02:05:00+00:00, run_after=2026-08-10 03:05:00+00:00
[2026-08-10T02:51:10.421+0000] {processor.py:183} INFO - Processing /opt/airflow/dags/spark_pipeline_dag.py took 0.228 seconds
[2026-08-10T02:51:40.754+0000] {processor.py:161} INFO - Started process (PID=20818) to work on /opt/airflow/dags/spark_pipeline_dag.py
[2026-08-10T02:51:40.756+0000] {processor.py:830} INFO - Processing file /opt/airflow/dags/spark_pipeline_dag.py for tasks to queue
[2026-08-10T02:51:40.758+0000] {logging_mixin.py:188} INFO - [2026-08-10T02:51:40.757+0000] {dagbag.py:538} INFO - Filling up the DagBag from /opt/airflow/dags/spark_pipeline_dag.py
[2026-08-10T02:51:40.791+0000] {processor.py:840} INFO - DAG(s) 'air_quality_pipeline' retrieved from /opt/airflow/dags/spark_pipeline_dag.py
[2026-08-10T02:51:40.823+0000] {logging_mixin.py:188} INFO - [2026-08-10T02:51:40.822+0000] {dag.py:3036} INFO - Sync 1 DAGs
[2026-08-10T02:51:40.854+0000] {logging_mixin.py:188} INFO - [2026-08-10T02:51:40.854+0000] {dag.py:3823} INFO - Setting next_dagrun for air_quality_pipeline to 2026-08-10 02:05:00+00:00, run_after=2026-08-10 03:05:00+00:00
[2026-08-10T02:51:40.903+0000] {processor.py:183} INFO - Processing /opt/airflow/dags/spark_pipeline_dag.py took 0.155 seconds
[2026-08-10T02:52:11.295+0000] {processor.py:161} INFO - Started process (PID=20828) to work on /opt/airflow/dags/spark_pipeline_dag.py
[2026-08-10T02:52:11.297+0000] {processor.py:830} INFO - Processing file /opt/airflow/dags/spark_pipeline_dag.py for tasks to queue
[2026-08-10T02:52:11.299+0000] {logging_mixin.py:188} INFO - [2026-08-10T02:52:11.298+0000] {dagbag.py:538} INFO - Filling up the DagBag from /opt/airflow/dags/spark_pipeline_dag.py
[2026-08-10T02:52:11.335+0000] {processor.py:840} INFO - DAG(s) 'air_quality_pipeline' retrieved from /opt/airflow/dags/spark_pipeline_dag.py
[2026-08-10T02:52:11.366+0000] {logging_mixin.py:188} INFO - [2026-08-10T02:52:11.366+0000] {dag.py:3036} INFO - Sync 1 DAGs
[2026-08-10T02:52:11.390+0000] {logging_mixin.py:188} INFO - [2026-08-10T02:52:11.390+0000] {dag.py:3823} INFO - Setting next_dagrun for air_quality_pipeline to 2026-08-10 02:05:00+00:00, run_after=2026-08-10 03:05:00+00:00
[2026-08-10T02:52:11.437+0000] {processor.py:183} INFO - Processing /opt/airflow/dags/spark_pipeline_dag.py took 0.148 seconds
[2026-08-10T02:52:41.832+0000] {processor.py:161} INFO - Started process (PID=20838) to work on /opt/airflow/dags/spark_pipeline_dag.py
[2026-08-10T02:52:41.834+0000] {processor.py:830} INFO - Processing file /opt/airflow/dags/spark_pipeline_dag.py for tasks to queue
[2026-08-10T02:52:41.835+0000] {logging_mixin.py:188} INFO - [2026-08-10T02:52:41.835+0000] {dagbag.py:538} INFO - Filling up the DagBag from /opt/airflow/dags/spark_pipeline_dag.py
[2026-08-10T02:52:41.867+0000] {processor.py:840} INFO - DAG(s) 'air_quality_pipeline' retrieved from /opt/airflow/dags/spark_pipeline_dag.py
[2026-08-10T02:52:41.895+0000] {logging_mixin.py:188} INFO - [2026-08-10T02:52:41.895+0000] {dag.py:3036} INFO - Sync 1 DAGs
[2026-08-10T02:52:41.923+0000] {logging_mixin.py:188} INFO - [2026-08-10T02:52:41.923+0000] {dag.py:3823} INFO - Setting next_dagrun for air_quality_pipeline to 2026-08-10 02:05:00+00:00, run_after=2026-08-10 03:05:00+00:00
[2026-08-10T02:52:41.948+0000] {processor.py:183} INFO - Processing /opt/airflow/dags/spark_pipeline_dag.py took 0.120 seconds
[2026-08-10T02:53:12.354+0000] {processor.py:161} INFO - Started process (PID=20848) to work on /opt/airflow/dags/spark_pipeline_dag.py
[2026-08-10T02:53:12.355+0000] {processor.py:830} INFO - Processing file /opt/airflow/dags/spark_pipeline_dag.py for tasks to queue
[2026-08-10T02:53:12.357+0000] {logging_mixin.py:188} INFO - [2026-08-10T02:53:12.356+0000] {dagbag.py:538} INFO - Filling up the DagBag from /opt/airflow/dags/spark_pipeline_dag.py
[2026-08-10T02:53:12.387+0000] {processor.py:840} INFO - DAG(s) 'air_quality_pipeline' retrieved from /opt/airflow/dags/spark_pipeline_dag.py
[2026-08-10T02:53:12.419+0000] {logging_mixin.py:188} INFO - [2026-08-10T02:53:12.418+0000] {dag.py:3036} INFO - Sync 1 DAGs
[2026-08-10T02:53:12.453+0000] {logging_mixin.py:188} INFO - [2026-08-10T02:53:12.452+0000] {dag.py:3823} INFO - Setting next_dagrun for air_quality_pipeline to 2026-08-10 02:05:00+00:00, run_after=2026-08-10 03:05:00+00:00
[2026-08-10T02:53:12.515+0000] {processor.py:183} INFO - Processing /opt/airflow/dags/spark_pipeline_dag.py took 0.165 seconds
[2026-08-10T02:53:43.056+0000] {processor.py:161} INFO - Started process (PID=20858) to work on /opt/airflow/dags/spark_pipeline_dag.py
[2026-08-10T02:53:43.058+0000] {processor.py:830} INFO - Processing file /opt/airflow/dags/spark_pipeline_dag.py for tasks to queue
[2026-08-10T02:53:43.060+0000] {logging_mixin.py:188} INFO - [2026-08-10T02:53:43.059+0000] {dagbag.py:538} INFO - Filling up the DagBag from /opt/airflow/dags/spark_pipeline_dag.py
[2026-08-10T02:53:43.088+0000] {processor.py:840} INFO - DAG(s) 'air_quality_pipeline' retrieved from /opt/airflow/dags/spark_pipeline_dag.py
[2026-08-10T02:53:43.115+0000] {logging_mixin.py:188} INFO - [2026-08-10T02:53:43.115+0000] {dag.py:3036} INFO - Sync 1 DAGs
[2026-08-10T02:53:43.139+0000] {logging_mixin.py:188} INFO - [2026-08-10T02:53:43.139+0000] {dag.py:3823} INFO - Setting next_dagrun for air_quality_pipeline to 2026-08-10 02:05:00+00:00, run_after=2026-08-10 03:05:00+00:00
[2026-08-10T02:53:43.163+0000] {processor.py:183} INFO - Processing /opt/airflow/dags/spark_pipeline_dag.py took 0.123 seconds
[2026-08-10T02:54:13.561+0000] {processor.py:161} INFO - Started process (PID=20868) to work on /opt/airflow/dags/spark_pipeline_dag.py
[2026-08-10T02:54:13.563+0000] {processor.py:830} INFO - Processing file /opt/airflow/dags/spark_pipeline_dag.py for tasks to queue
[2026-08-10T02:54:13.564+0000] {logging_mixin.py:188} INFO - [2026-08-10T02:54:13.564+0000] {dagbag.py:538} INFO - Filling up the DagBag from /opt/airflow/dags/spark_pipeline_dag.py
[2026-08-10T02:54:13.592+0000] {processor.py:840} INFO - DAG(s) 'air_quality_pipeline' retrieved from /opt/airflow/dags/spark_pipeline_dag.py
[2026-08-10T02:54:13.623+0000] {logging_mixin.py:188} INFO - [2026-08-10T02:54:13.623+0000] {dag.py:3036} INFO - Sync 1 DAGs
[2026-08-10T02:54:13.650+0000] {logging_mixin.py:188} INFO - [2026-08-10T02:54:13.649+0000] {dag.py:3823} INFO - Setting next_dagrun for air_quality_pipeline to 2026-08-10 02:05:00+00:00, run_after=2026-08-10 03:05:00+00:00
[2026-08-10T02:54:13.693+0000] {processor.py:183} INFO - Processing /opt/airflow/dags/spark_pipeline_dag.py took 0.135 seconds
[2026-08-10T02:54:44.120+0000] {processor.py:161} INFO - Started process (PID=20878) to work on /opt/airflow/dags/spark_pipeline_dag.py
[2026-08-10T02:54:44.122+0000] {processor.py:830} INFO - Processing file /opt/airflow/dags/spark_pipeline_dag.py for tasks to queue
[2026-08-10T02:54:44.123+0000] {logging_mixin.py:188} INFO - [2026-08-10T02:54:44.123+0000] {dagbag.py:538} INFO - Filling up the DagBag from /opt/airflow/dags/spark_pipeline_dag.py
[2026-08-10T02:54:44.147+0000] {processor.py:840} INFO - DAG(s) 'air_quality_pipeline' retrieved from /opt/airflow/dags/spark_pipeline_dag.py
[2026-08-10T02:54:44.175+0000] {logging_mixin.py:188} INFO - [2026-08-10T02:54:44.175+0000] {dag.py:3036} INFO - Sync 1 DAGs
[2026-08-10T02:54:44.198+0000] {logging_mixin.py:188} INFO - [2026-08-10T02:54:44.198+0000] {dag.py:3823} INFO - Setting next_dagrun for air_quality_pipeline to 2026-08-10 02:05:00+00:00, run_after=2026-08-10 03:05:00+00:00
[2026-08-10T02:54:44.244+0000] {processor.py:183} INFO - Processing /opt/airflow/dags/spark_pipeline_dag.py took 0.129 seconds
[2026-08-10T02:55:14.648+0000] {processor.py:161} INFO - Started process (PID=20888) to work on /opt/airflow/dags/spark_pipeline_dag.py
[2026-08-10T02:55:14.649+0000] {processor.py:830} INFO - Processing file /opt/airflow/dags/spark_pipeline_dag.py for tasks to queue
[2026-08-10T02:55:14.650+0000] {logging_mixin.py:188} INFO - [2026-08-10T02:55:14.650+0000] {dagbag.py:538} INFO - Filling up the DagBag from /opt/airflow/dags/spark_pipeline_dag.py
[2026-08-10T02:55:14.675+0000] {processor.py:840} INFO - DAG(s) 'air_quality_pipeline' retrieved from /opt/airflow/dags/spark_pipeline_dag.py
[2026-08-10T02:55:14.698+0000] {logging_mixin.py:188} INFO - [2026-08-10T02:55:14.698+0000] {dag.py:3036} INFO - Sync 1 DAGs
[2026-08-10T02:55:14.721+0000] {logging_mixin.py:188} INFO - [2026-08-10T02:55:14.721+0000] {dag.py:3823} INFO - Setting next_dagrun for air_quality_pipeline to 2026-08-10 02:05:00+00:00, run_after=2026-08-10 03:05:00+00:00
[2026-08-10T02:55:14.741+0000] {processor.py:183} INFO - Processing /opt/airflow/dags/spark_pipeline_dag.py took 0.097 seconds
[2026-08-10T02:55:45.107+0000] {processor.py:161} INFO - Started process (PID=20898) to work on /opt/airflow/dags/spark_pipeline_dag.py
[2026-08-10T02:55:45.108+0000] {processor.py:830} INFO - Processing file /opt/airflow/dags/spark_pipeline_dag.py for tasks to queue
[2026-08-10T02:55:45.110+0000] {logging_mixin.py:188} INFO - [2026-08-10T02:55:45.109+0000] {dagbag.py:538} INFO - Filling up the DagBag from /opt/airflow/dags/spark_pipeline_dag.py
[2026-08-10T02:55:45.166+0000] {processor.py:840} INFO - DAG(s) 'air_quality_pipeline' retrieved from /opt/airflow/dags/spark_pipeline_dag.py
[2026-08-10T02:55:45.210+0000] {logging_mixin.py:188} INFO - [2026-08-10T02:55:45.209+0000] {dag.py:3036} INFO - Sync 1 DAGs
[2026-08-10T02:55:45.259+0000] {logging_mixin.py:188} INFO - [2026-08-10T02:55:45.258+0000] {dag.py:3823} INFO - Setting next_dagrun for air_quality_pipeline to 2026-08-10 02:05:00+00:00, run_after=2026-08-10 03:05:00+00:00
[2026-08-10T02:55:45.300+0000] {processor.py:183} INFO - Processing /opt/airflow/dags/spark_pipeline_dag.py took 0.199 seconds
[2026-08-10T02:56:15.748+0000] {processor.py:161} INFO - Started process (PID=20908) to work on /opt/airflow/dags/spark_pipeline_dag.py
[2026-08-10T02:56:15.750+0000] {processor.py:830} INFO - Processing file /opt/airflow/dags/spark_pipeline_dag.py for tasks to queue
[2026-08-10T02:56:15.752+0000] {logging_mixin.py:188} INFO - [2026-08-10T02:56:15.751+0000] {dagbag.py:538} INFO - Filling up the DagBag from /opt/airflow/dags/spark_pipeline_dag.py
[2026-08-10T02:56:15.781+0000] {processor.py:840} INFO - DAG(s) 'air_quality_pipeline' retrieved from /opt/airflow/dags/spark_pipeline_dag.py
[2026-08-10T02:56:15.807+0000] {logging_mixin.py:188} INFO - [2026-08-10T02:56:15.807+0000] {dag.py:3036} INFO - Sync 1 DAGs
[2026-08-10T02:56:15.863+0000] {logging_mixin.py:188} INFO - [2026-08-10T02:56:15.863+0000] {dag.py:3823} INFO - Setting next_dagrun for air_quality_pipeline to 2026-08-10 02:05:00+00:00, run_after=2026-08-10 03:05:00+00:00
[2026-08-10T02:56:15.893+0000] {processor.py:183} INFO - Processing /opt/airflow/dags/spark_pipeline_dag.py took 0.150 seconds
[2026-08-10T02:56:46.331+0000] {processor.py:161} INFO - Started process (PID=20918) to work on /opt/airflow/dags/spark_pipeline_dag.py
[2026-08-10T02:56:46.334+0000] {processor.py:830} INFO - Processing file /opt/airflow/dags/spark_pipeline_dag.py for tasks to queue
[2026-08-10T02:56:46.335+0000] {logging_mixin.py:188} INFO - [2026-08-10T02:56:46.335+0000] {dagbag.py:538} INFO - Filling up the DagBag from /opt/airflow/dags/spark_pipeline_dag.py
[2026-08-10T02:56:46.389+0000] {processor.py:840} INFO - DAG(s) 'air_quality_pipeline' retrieved from /opt/airflow/dags/spark_pipeline_dag.py
[2026-08-10T02:56:46.429+0000] {logging_mixin.py:188} INFO - [2026-08-10T02:56:46.429+0000] {dag.py:3036} INFO - Sync 1 DAGs
[2026-08-10T02:56:46.470+0000] {logging_mixin.py:188} INFO - [2026-08-10T02:56:46.470+0000] {dag.py:3823} INFO - Setting next_dagrun for air_quality_pipeline to 2026-08-10 02:05:00+00:00, run_after=2026-08-10 03:05:00+00:00
[2026-08-10T02:56:46.499+0000] {processor.py:183} INFO - Processing /opt/airflow/dags/spark_pipeline_dag.py took 0.174 seconds
[2026-08-10T02:57:16.975+0000] {processor.py:161} INFO - Started process (PID=20928) to work on /opt/airflow/dags/spark_pipeline_dag.py
[2026-08-10T02:57:16.979+0000] {processor.py:830} INFO - Processing file /opt/airflow/dags/spark_pipeline_dag.py for tasks to queue
[2026-08-10T02:57:16.981+0000] {logging_mixin.py:188} INFO - [2026-08-10T02:57:16.980+0000] {dagbag.py:538} INFO - Filling up the DagBag from /opt/airflow/dags/spark_pipeline_dag.py
[2026-08-10T02:57:17.009+0000] {processor.py:840} INFO - DAG(s) 'air_quality_pipeline' retrieved from /opt/airflow/dags/spark_pipeline_dag.py
[2026-08-10T02:57:17.041+0000] {logging_mixin.py:188} INFO - [2026-08-10T02:57:17.041+0000] {dag.py:3036} INFO - Sync 1 DAGs
[2026-08-10T02:57:17.076+0000] {logging_mixin.py:188} INFO - [2026-08-10T02:57:17.076+0000] {dag.py:3823} INFO - Setting next_dagrun for air_quality_pipeline to 2026-08-10 02:05:00+00:00, run_after=2026-08-10 03:05:00+00:00
[2026-08-10T02:57:17.124+0000] {processor.py:183} INFO - Processing /opt/airflow/dags/spark_pipeline_dag.py took 0.155 seconds
[2026-08-10T02:57:47.531+0000] {processor.py:161} INFO - Started process (PID=20938) to work on /opt/airflow/dags/spark_pipeline_dag.py
[2026-08-10T02:57:47.533+0000] {processor.py:830} INFO - Processing file /opt/airflow/dags/spark_pipeline_dag.py for tasks to queue
[2026-08-10T02:57:47.534+0000] {logging_mixin.py:188} INFO - [2026-08-10T02:57:47.534+0000] {dagbag.py:538} INFO - Filling up the DagBag from /opt/airflow/dags/spark_pipeline_dag.py
[2026-08-10T02:57:47.564+0000] {processor.py:840} INFO - DAG(s) 'air_quality_pipeline' retrieved from /opt/airflow/dags/spark_pipeline_dag.py
[2026-08-10T02:57:47.601+0000] {logging_mixin.py:188} INFO - [2026-08-10T02:57:47.601+0000] {dag.py:3036} INFO - Sync 1 DAGs
[2026-08-10T02:57:47.638+0000] {logging_mixin.py:188} INFO - [2026-08-10T02:57:47.638+0000] {dag.py:3823} INFO - Setting next_dagrun for air_quality_pipeline to 2026-08-10 02:05:00+00:00, run_after=2026-08-10 03:05:00+00:00
[2026-08-10T02:57:47.688+0000] {processor.py:183} INFO - Processing /opt/airflow/dags/spark_pipeline_dag.py took 0.162 seconds
[2026-08-10T02:58:18.079+0000] {processor.py:161} INFO - Started process (PID=20948) to work on /opt/airflow/dags/spark_pipeline_dag.py
[2026-08-10T02:58:18.081+0000] {processor.py:830} INFO - Processing file /opt/airflow/dags/spark_pipeline_dag.py for tasks to queue
[2026-08-10T02:58:18.082+0000] {logging_mixin.py:188} INFO - [2026-08-10T02:58:18.082+0000] {dagbag.py:538} INFO - Filling up the DagBag from /opt/airflow/dags/spark_pipeline_dag.py
[2026-08-10T02:58:18.110+0000] {processor.py:840} INFO - DAG(s) 'air_quality_pipeline' retrieved from /opt/airflow/dags/spark_pipeline_dag.py
[2026-08-10T02:58:18.142+0000] {logging_mixin.py:188} INFO - [2026-08-10T02:58:18.141+0000] {dag.py:3036} INFO - Sync 1 DAGs
[2026-08-10T02:58:18.192+0000] {logging_mixin.py:188} INFO - [2026-08-10T02:58:18.191+0000] {dag.py:3823} INFO - Setting next_dagrun for air_quality_pipeline to 2026-08-10 02:05:00+00:00, run_after=2026-08-10 03:05:00+00:00
[2026-08-10T02:58:18.230+0000] {processor.py:183} INFO - Processing /opt/airflow/dags/spark_pipeline_dag.py took 0.160 seconds
[2026-08-10T02:58:48.690+0000] {processor.py:161} INFO - Started process (PID=20958) to work on /opt/airflow/dags/spark_pipeline_dag.py
[2026-08-10T02:58:48.691+0000] {processor.py:830} INFO - Processing file /opt/airflow/dags/spark_pipeline_dag.py for tasks to queue
[2026-08-10T02:58:48.692+0000] {logging_mixin.py:188} INFO - [2026-08-10T02:58:48.692+0000] {dagbag.py:538} INFO - Filling up the DagBag from /opt/airflow/dags/spark_pipeline_dag.py
[2026-08-10T02:58:48.722+0000] {processor.py:840} INFO - DAG(s) 'air_quality_pipeline' retrieved from /opt/airflow/dags/spark_pipeline_dag.py
[2026-08-10T02:58:48.750+0000] {logging_mixin.py:188} INFO - [2026-08-10T02:58:48.750+0000] {dag.py:3036} INFO - Sync 1 DAGs
[2026-08-10T02:58:48.781+0000] {logging_mixin.py:188} INFO - [2026-08-10T02:58:48.781+0000] {dag.py:3823} INFO - Setting next_dagrun for air_quality_pipeline to 2026-08-10 02:05:00+00:00, run_after=2026-08-10 03:05:00+00:00
[2026-08-10T02:58:48.811+0000] {processor.py:183} INFO - Processing /opt/airflow/dags/spark_pipeline_dag.py took 0.126 seconds
[2026-08-10T02:59:19.214+0000] {processor.py:161} INFO - Started process (PID=20968) to work on /opt/airflow/dags/spark_pipeline_dag.py
[2026-08-10T02:59:19.216+0000] {processor.py:830} INFO - Processing file /opt/airflow/dags/spark_pipeline_dag.py for tasks to queue
[2026-08-10T02:59:19.218+0000] {logging_mixin.py:188} INFO - [2026-08-10T02:59:19.217+0000] {dagbag.py:538} INFO - Filling up the DagBag from /opt/airflow/dags/spark_pipeline_dag.py
[2026-08-10T02:59:19.249+0000] {processor.py:840} INFO - DAG(s) 'air_quality_pipeline' retrieved from /opt/airflow/dags/spark_pipeline_dag.py
[2026-08-10T02:59:19.296+0000] {logging_mixin.py:188} INFO - [2026-08-10T02:59:19.296+0000] {dag.py:3036} INFO - Sync 1 DAGs
[2026-08-10T02:59:19.335+0000] {logging_mixin.py:188} INFO - [2026-08-10T02:59:19.335+0000] {dag.py:3823} INFO - Setting next_dagrun for air_quality_pipeline to 2026-08-10 02:05:00+00:00, run_after=2026-08-10 03:05:00+00:00
[2026-08-10T02:59:19.358+0000] {processor.py:183} INFO - Processing /opt/airflow/dags/spark_pipeline_dag.py took 0.149 seconds
[2026-08-10T02:59:49.746+0000] {processor.py:161} INFO - Started process (PID=20978) to work on /opt/airflow/dags/spark_pipeline_dag.py
[2026-08-10T02:59:49.749+0000] {processor.py:830} INFO - Processing file /opt/airflow/dags/spark_pipeline_dag.py for tasks to queue
[2026-08-10T02:59:49.751+0000] {logging_mixin.py:188} INFO - [2026-08-10T02:59:49.750+0000] {dagbag.py:538} INFO - Filling up the DagBag from /opt/airflow/dags/spark_pipeline_dag.py
[2026-08-10T02:59:49.781+0000] {processor.py:840} INFO - DAG(s) 'air_quality_pipeline' retrieved from /opt/airflow/dags/spark_pipeline_dag.py
[2026-08-10T02:59:49.825+0000] {logging_mixin.py:188} INFO - [2026-08-10T02:59:49.825+0000] {dag.py:3036} INFO - Sync 1 DAGs
[2026-08-10T02:59:49.858+0000] {logging_mixin.py:188} INFO - [2026-08-10T02:59:49.858+0000] {dag.py:3823} INFO - Setting next_dagrun for air_quality_pipeline to 2026-08-10 02:05:00+00:00, run_after=2026-08-10 03:05:00+00:00
[2026-08-10T02:59:49.885+0000] {processor.py:183} INFO - Processing /opt/airflow/dags/spark_pipeline_dag.py took 0.143 seconds
[2026-08-10T03:00:20.342+0000] {processor.py:161} INFO - Started process (PID=20990) to work on /opt/airflow/dags/spark_pipeline_dag.py
[2026-08-10T03:00:20.350+0000] {processor.py:830} INFO - Processing file /opt/airflow/dags/spark_pipeline_dag.py for tasks to queue
[2026-08-10T03:00:20.353+0000] {logging_mixin.py:188} INFO - [2026-08-10T03:00:20.352+0000] {dagbag.py:538} INFO - Filling up the DagBag from /opt/airflow/dags/spark_pipeline_dag.py
[2026-08-10T03:00:20.397+0000] {processor.py:840} INFO - DAG(s) 'air_quality_pipeline' retrieved from /opt/airflow/dags/spark_pipeline_dag.py
[2026-08-10T03:00:20.445+0000] {logging_mixin.py:188} INFO - [2026-08-10T03:00:20.444+0000] {dag.py:3036} INFO - Sync 1 DAGs
[2026-08-10T03:00:20.490+0000] {logging_mixin.py:188} INFO - [2026-08-10T03:00:20.490+0000] {dag.py:3823} INFO - Setting next_dagrun for air_quality_pipeline to 2026-08-10 02:05:00+00:00, run_after=2026-08-10 03:05:00+00:00
[2026-08-10T03:00:20.545+0000] {processor.py:183} INFO - Processing /opt/airflow/dags/spark_pipeline_dag.py took 0.212 seconds
[2026-08-10T03:00:50.929+0000] {processor.py:161} INFO - Started process (PID=21000) to work on /opt/airflow/dags/spark_pipeline_dag.py
[2026-08-10T03:00:50.933+0000] {processor.py:830} INFO - Processing file /opt/airflow/dags/spark_pipeline_dag.py for tasks to queue
[2026-08-10T03:00:50.934+0000] {logging_mixin.py:188} INFO - [2026-08-10T03:00:50.934+0000] {dagbag.py:538} INFO - Filling up the DagBag from /opt/airflow/dags/spark_pipeline_dag.py
[2026-08-10T03:00:50.975+0000] {processor.py:840} INFO - DAG(s) 'air_quality_pipeline' retrieved from /opt/airflow/dags/spark_pipeline_dag.py
[2026-08-10T03:00:51.045+0000] {logging_mixin.py:188} INFO - [2026-08-10T03:00:51.045+0000] {dag.py:3036} INFO - Sync 1 DAGs
[2026-08-10T03:00:51.086+0000] {logging_mixin.py:188} INFO - [2026-08-10T03:00:51.086+0000] {dag.py:3823} INFO - Setting next_dagrun for air_quality_pipeline to 2026-08-10 02:05:00+00:00, run_after=2026-08-10 03:05:00+00:00
[2026-08-10T03:00:51.139+0000] {processor.py:183} INFO - Processing /opt/airflow/dags/spark_pipeline_dag.py took 0.213 seconds
[2026-08-10T03:01:21.532+0000] {processor.py:161} INFO - Started process (PID=21010) to work on /opt/airflow/dags/spark_pipeline_dag.py
[2026-08-10T03:01:21.534+0000] {processor.py:830} INFO - Processing file /opt/airflow/dags/spark_pipeline_dag.py for tasks to queue
[2026-08-10T03:01:21.535+0000] {logging_mixin.py:188} INFO - [2026-08-10T03:01:21.535+0000] {dagbag.py:538} INFO - Filling up the DagBag from /opt/airflow/dags/spark_pipeline_dag.py
[2026-08-10T03:01:21.565+0000] {processor.py:840} INFO - DAG(s) 'air_quality_pipeline' retrieved from /opt/airflow/dags/spark_pipeline_dag.py
[2026-08-10T03:01:21.597+0000] {logging_mixin.py:188} INFO - [2026-08-10T03:01:21.597+0000] {dag.py:3036} INFO - Sync 1 DAGs
[2026-08-10T03:01:21.629+0000] {logging_mixin.py:188} INFO - [2026-08-10T03:01:21.629+0000] {dag.py:3823} INFO - Setting next_dagrun for air_quality_pipeline to 2026-08-10 02:05:00+00:00, run_after=2026-08-10 03:05:00+00:00
[2026-08-10T03:01:21.656+0000] {processor.py:183} INFO - Processing /opt/airflow/dags/spark_pipeline_dag.py took 0.129 seconds
[2026-08-10T03:01:52.062+0000] {processor.py:161} INFO - Started process (PID=21020) to work on /opt/airflow/dags/spark_pipeline_dag.py
[2026-08-10T03:01:52.064+0000] {processor.py:830} INFO - Processing file /opt/airflow/dags/spark_pipeline_dag.py for tasks to queue
[2026-08-10T03:01:52.066+0000] {logging_mixin.py:188} INFO - [2026-08-10T03:01:52.065+0000] {dagbag.py:538} INFO - Filling up the DagBag from /opt/airflow/dags/spark_pipeline_dag.py
[2026-08-10T03:01:52.101+0000] {processor.py:840} INFO - DAG(s) 'air_quality_pipeline' retrieved from /opt/airflow/dags/spark_pipeline_dag.py
[2026-08-10T03:01:52.130+0000] {logging_mixin.py:188} INFO - [2026-08-10T03:01:52.129+0000] {dag.py:3036} INFO - Sync 1 DAGs
[2026-08-10T03:01:52.162+0000] {logging_mixin.py:188} INFO - [2026-08-10T03:01:52.162+0000] {dag.py:3823} INFO - Setting next_dagrun for air_quality_pipeline to 2026-08-10 02:05:00+00:00, run_after=2026-08-10 03:05:00+00:00
[2026-08-10T03:01:52.191+0000] {processor.py:183} INFO - Processing /opt/airflow/dags/spark_pipeline_dag.py took 0.134 seconds
[2026-08-10T03:02:22.597+0000] {processor.py:161} INFO - Started process (PID=21030) to work on /opt/airflow/dags/spark_pipeline_dag.py
[2026-08-10T03:02:22.598+0000] {processor.py:830} INFO - Processing file /opt/airflow/dags/spark_pipeline_dag.py for tasks to queue
[2026-08-10T03:02:22.600+0000] {logging_mixin.py:188} INFO - [2026-08-10T03:02:22.599+0000] {dagbag.py:538} INFO - Filling up the DagBag from /opt/airflow/dags/spark_pipeline_dag.py
[2026-08-10T03:02:22.632+0000] {processor.py:840} INFO - DAG(s) 'air_quality_pipeline' retrieved from /opt/airflow/dags/spark_pipeline_dag.py
[2026-08-10T03:02:22.664+0000] {logging_mixin.py:188} INFO - [2026-08-10T03:02:22.664+0000] {dag.py:3036} INFO - Sync 1 DAGs
[2026-08-10T03:02:22.699+0000] {logging_mixin.py:188} INFO - [2026-08-10T03:02:22.699+0000] {dag.py:3823} INFO - Setting next_dagrun for air_quality_pipeline to 2026-08-10 02:05:00+00:00, run_after=2026-08-10 03:05:00+00:00
[2026-08-10T03:02:22.749+0000] {processor.py:183} INFO - Processing /opt/airflow/dags/spark_pipeline_dag.py took 0.158 seconds
[2026-08-10T03:03:49.358+0000] {processor.py:161} INFO - Started process (PID=21040) to work on /opt/airflow/dags/spark_pipeline_dag.py
[2026-08-10T03:03:49.427+0000] {processor.py:830} INFO - Processing file /opt/airflow/dags/spark_pipeline_dag.py for tasks to queue
[2026-08-10T03:03:49.444+0000] {logging_mixin.py:188} INFO - [2026-08-10T03:03:49.443+0000] {dagbag.py:538} INFO - Filling up the DagBag from /opt/airflow/dags/spark_pipeline_dag.py
[2026-08-10T03:03:49.874+0000] {processor.py:840} INFO - DAG(s) 'air_quality_pipeline' retrieved from /opt/airflow/dags/spark_pipeline_dag.py
[2026-08-10T03:03:50.020+0000] {logging_mixin.py:188} INFO - [2026-08-10T03:03:50.020+0000] {dag.py:3036} INFO - Sync 1 DAGs
[2026-08-10T03:03:50.161+0000] {logging_mixin.py:188} INFO - [2026-08-10T03:03:50.161+0000] {dag.py:3823} INFO - Setting next_dagrun for air_quality_pipeline to 2026-08-10 02:05:00+00:00, run_after=2026-08-10 03:05:00+00:00
[2026-08-10T03:03:50.284+0000] {processor.py:183} INFO - Processing /opt/airflow/dags/spark_pipeline_dag.py took 0.956 seconds
[2026-08-10T06:34:28.250+0000] {processor.py:161} INFO - Started process (PID=21056) to work on /opt/airflow/dags/spark_pipeline_dag.py
[2026-08-10T06:34:28.262+0000] {processor.py:830} INFO - Processing file /opt/airflow/dags/spark_pipeline_dag.py for tasks to queue
[2026-08-10T06:34:28.275+0000] {logging_mixin.py:188} INFO - [2026-08-10T06:34:28.274+0000] {dagbag.py:538} INFO - Filling up the DagBag from /opt/airflow/dags/spark_pipeline_dag.py
[2026-08-10T06:34:28.520+0000] {processor.py:840} INFO - DAG(s) 'air_quality_pipeline' retrieved from /opt/airflow/dags/spark_pipeline_dag.py
[2026-08-10T06:34:28.708+0000] {logging_mixin.py:188} INFO - [2026-08-10T06:34:28.708+0000] {dag.py:3036} INFO - Sync 1 DAGs
[2026-08-10T06:34:28.989+0000] {logging_mixin.py:188} INFO - [2026-08-10T06:34:28.989+0000] {dag.py:3823} INFO - Setting next_dagrun for air_quality_pipeline to 2026-08-10 06:05:00+00:00, run_after=2026-08-10 07:05:00+00:00
[2026-08-10T06:34:29.126+0000] {processor.py:183} INFO - Processing /opt/airflow/dags/spark_pipeline_dag.py took 0.893 seconds
[2026-08-10T07:08:13.685+0000] {processor.py:161} INFO - Started process (PID=21076) to work on /opt/airflow/dags/spark_pipeline_dag.py
[2026-08-10T07:08:13.690+0000] {processor.py:830} INFO - Processing file /opt/airflow/dags/spark_pipeline_dag.py for tasks to queue
[2026-08-10T07:08:13.700+0000] {logging_mixin.py:188} INFO - [2026-08-10T07:08:13.697+0000] {dagbag.py:538} INFO - Filling up the DagBag from /opt/airflow/dags/spark_pipeline_dag.py
[2026-08-10T07:08:13.926+0000] {processor.py:840} INFO - DAG(s) 'air_quality_pipeline' retrieved from /opt/airflow/dags/spark_pipeline_dag.py
[2026-08-10T07:08:14.054+0000] {logging_mixin.py:188} INFO - [2026-08-10T07:08:14.053+0000] {dag.py:3036} INFO - Sync 1 DAGs
[2026-08-10T07:08:14.262+0000] {logging_mixin.py:188} INFO - [2026-08-10T07:08:14.262+0000] {dag.py:3823} INFO - Setting next_dagrun for air_quality_pipeline to 2026-08-10 07:05:00+00:00, run_after=2026-08-10 08:05:00+00:00
[2026-08-10T07:08:14.383+0000] {processor.py:183} INFO - Processing /opt/airflow/dags/spark_pipeline_dag.py took 0.713 seconds
[2026-08-10T17:50:46.835+0000] {processor.py:161} INFO - Started process (PID=21094) to work on /opt/airflow/dags/spark_pipeline_dag.py
[2026-08-10T17:50:46.846+0000] {processor.py:830} INFO - Processing file /opt/airflow/dags/spark_pipeline_dag.py for tasks to queue
[2026-08-10T17:50:46.861+0000] {logging_mixin.py:188} INFO - [2026-08-10T17:50:46.860+0000] {dagbag.py:538} INFO - Filling up the DagBag from /opt/airflow/dags/spark_pipeline_dag.py
[2026-08-10T17:50:47.516+0000] {processor.py:840} INFO - DAG(s) 'air_quality_pipeline' retrieved from /opt/airflow/dags/spark_pipeline_dag.py
[2026-08-10T17:50:47.679+0000] {logging_mixin.py:188} INFO - [2026-08-10T17:50:47.679+0000] {dag.py:3036} INFO - Sync 1 DAGs
[2026-08-10T17:50:47.806+0000] {logging_mixin.py:188} INFO - [2026-08-10T17:50:47.806+0000] {dag.py:3823} INFO - Setting next_dagrun for air_quality_pipeline to 2026-08-10 17:05:00+00:00, run_after=2026-08-10 18:05:00+00:00
[2026-08-10T17:50:47.912+0000] {processor.py:183} INFO - Processing /opt/airflow/dags/spark_pipeline_dag.py took 1.088 seconds
[2026-08-10T17:51:18.448+0000] {processor.py:161} INFO - Started process (PID=21108) to work on /opt/airflow/dags/spark_pipeline_dag.py
[2026-08-10T17:51:18.453+0000] {processor.py:830} INFO - Processing file /opt/airflow/dags/spark_pipeline_dag.py for tasks to queue
[2026-08-10T17:51:18.464+0000] {logging_mixin.py:188} INFO - [2026-08-10T17:51:18.463+0000] {dagbag.py:538} INFO - Filling up the DagBag from /opt/airflow/dags/spark_pipeline_dag.py
[2026-08-10T17:51:18.649+0000] {processor.py:840} INFO - DAG(s) 'air_quality_pipeline' retrieved from /opt/airflow/dags/spark_pipeline_dag.py
[2026-08-10T17:51:18.690+0000] {logging_mixin.py:188} INFO - [2026-08-10T17:51:18.690+0000] {dag.py:3036} INFO - Sync 1 DAGs
[2026-08-10T17:51:18.736+0000] {logging_mixin.py:188} INFO - [2026-08-10T17:51:18.735+0000] {dag.py:3823} INFO - Setting next_dagrun for air_quality_pipeline to 2026-08-10 17:05:00+00:00, run_after=2026-08-10 18:05:00+00:00
[2026-08-10T17:51:18.824+0000] {processor.py:183} INFO - Processing /opt/airflow/dags/spark_pipeline_dag.py took 0.380 seconds
[2026-08-10T17:51:49.399+0000] {processor.py:161} INFO - Started process (PID=21118) to work on /opt/airflow/dags/spark_pipeline_dag.py
[2026-08-10T17:51:49.411+0000] {processor.py:830} INFO - Processing file /opt/airflow/dags/spark_pipeline_dag.py for tasks to queue
[2026-08-10T17:51:49.414+0000] {logging_mixin.py:188} INFO - [2026-08-10T17:51:49.413+0000] {dagbag.py:538} INFO - Filling up the DagBag from /opt/airflow/dags/spark_pipeline_dag.py
[2026-08-10T17:51:49.464+0000] {processor.py:840} INFO - DAG(s) 'air_quality_pipeline' retrieved from /opt/airflow/dags/spark_pipeline_dag.py
[2026-08-10T17:51:49.509+0000] {logging_mixin.py:188} INFO - [2026-08-10T17:51:49.509+0000] {dag.py:3036} INFO - Sync 1 DAGs
[2026-08-10T17:51:49.549+0000] {logging_mixin.py:188} INFO - [2026-08-10T17:51:49.549+0000] {dag.py:3823} INFO - Setting next_dagrun for air_quality_pipeline to 2026-08-10 17:05:00+00:00, run_after=2026-08-10 18:05:00+00:00
[2026-08-10T17:51:49.579+0000] {processor.py:183} INFO - Processing /opt/airflow/dags/spark_pipeline_dag.py took 0.187 seconds
[2026-08-10T17:52:19.800+0000] {processor.py:161} INFO - Started process (PID=21128) to work on /opt/airflow/dags/spark_pipeline_dag.py
[2026-08-10T17:52:19.801+0000] {processor.py:830} INFO - Processing file /opt/airflow/dags/spark_pipeline_dag.py for tasks to queue
[2026-08-10T17:52:19.802+0000] {logging_mixin.py:188} INFO - [2026-08-10T17:52:19.802+0000] {dagbag.py:538} INFO - Filling up the DagBag from /opt/airflow/dags/spark_pipeline_dag.py
[2026-08-10T17:52:19.828+0000] {processor.py:840} INFO - DAG(s) 'air_quality_pipeline' retrieved from /opt/airflow/dags/spark_pipeline_dag.py
[2026-08-10T17:52:19.849+0000] {logging_mixin.py:188} INFO - [2026-08-10T17:52:19.849+0000] {dag.py:3036} INFO - Sync 1 DAGs
[2026-08-10T17:52:19.869+0000] {logging_mixin.py:188} INFO - [2026-08-10T17:52:19.869+0000] {dag.py:3823} INFO - Setting next_dagrun for air_quality_pipeline to 2026-08-10 17:05:00+00:00, run_after=2026-08-10 18:05:00+00:00
[2026-08-10T17:52:19.888+0000] {processor.py:183} INFO - Processing /opt/airflow/dags/spark_pipeline_dag.py took 0.092 seconds
[2026-08-10T17:52:50.181+0000] {processor.py:161} INFO - Started process (PID=21138) to work on /opt/airflow/dags/spark_pipeline_dag.py
[2026-08-10T17:52:50.182+0000] {processor.py:830} INFO - Processing file /opt/airflow/dags/spark_pipeline_dag.py for tasks to queue
[2026-08-10T17:52:50.183+0000] {logging_mixin.py:188} INFO - [2026-08-10T17:52:50.182+0000] {dagbag.py:538} INFO - Filling up the DagBag from /opt/airflow/dags/spark_pipeline_dag.py
[2026-08-10T17:52:50.207+0000] {processor.py:840} INFO - DAG(s) 'air_quality_pipeline' retrieved from /opt/airflow/dags/spark_pipeline_dag.py
[2026-08-10T17:52:50.226+0000] {logging_mixin.py:188} INFO - [2026-08-10T17:52:50.226+0000] {dag.py:3036} INFO - Sync 1 DAGs
[2026-08-10T17:52:50.247+0000] {logging_mixin.py:188} INFO - [2026-08-10T17:52:50.247+0000] {dag.py:3823} INFO - Setting next_dagrun for air_quality_pipeline to 2026-08-10 17:05:00+00:00, run_after=2026-08-10 18:05:00+00:00
[2026-08-10T17:52:50.267+0000] {processor.py:183} INFO - Processing /opt/airflow/dags/spark_pipeline_dag.py took 0.088 seconds
[2026-08-10T17:53:20.548+0000] {processor.py:161} INFO - Started process (PID=21148) to work on /opt/airflow/dags/spark_pipeline_dag.py
[2026-08-10T17:53:20.550+0000] {processor.py:830} INFO - Processing file /opt/airflow/dags/spark_pipeline_dag.py for tasks to queue
[2026-08-10T17:53:20.550+0000] {logging_mixin.py:188} INFO - [2026-08-10T17:53:20.550+0000] {dagbag.py:538} INFO - Filling up the DagBag from /opt/airflow/dags/spark_pipeline_dag.py
[2026-08-10T17:53:20.572+0000] {processor.py:840} INFO - DAG(s) 'air_quality_pipeline' retrieved from /opt/airflow/dags/spark_pipeline_dag.py
[2026-08-10T17:53:20.595+0000] {logging_mixin.py:188} INFO - [2026-08-10T17:53:20.594+0000] {dag.py:3036} INFO - Sync 1 DAGs
[2026-08-10T17:53:20.617+0000] {logging_mixin.py:188} INFO - [2026-08-10T17:53:20.617+0000] {dag.py:3823} INFO - Setting next_dagrun for air_quality_pipeline to 2026-08-10 17:05:00+00:00, run_after=2026-08-10 18:05:00+00:00
[2026-08-10T17:53:20.634+0000] {processor.py:183} INFO - Processing /opt/airflow/dags/spark_pipeline_dag.py took 0.089 seconds
[2026-08-10T17:53:50.915+0000] {processor.py:161} INFO - Started process (PID=21158) to work on /opt/airflow/dags/spark_pipeline_dag.py
[2026-08-10T17:53:50.916+0000] {processor.py:830} INFO - Processing file /opt/airflow/dags/spark_pipeline_dag.py for tasks to queue
[2026-08-10T17:53:50.917+0000] {logging_mixin.py:188} INFO - [2026-08-10T17:53:50.917+0000] {dagbag.py:538} INFO - Filling up the DagBag from /opt/airflow/dags/spark_pipeline_dag.py
[2026-08-10T17:53:50.939+0000] {processor.py:840} INFO - DAG(s) 'air_quality_pipeline' retrieved from /opt/airflow/dags/spark_pipeline_dag.py
[2026-08-10T17:53:50.964+0000] {logging_mixin.py:188} INFO - [2026-08-10T17:53:50.963+0000] {dag.py:3036} INFO - Sync 1 DAGs
[2026-08-10T17:53:50.992+0000] {logging_mixin.py:188} INFO - [2026-08-10T17:53:50.992+0000] {dag.py:3823} INFO - Setting next_dagrun for air_quality_pipeline to 2026-08-10 17:05:00+00:00, run_after=2026-08-10 18:05:00+00:00
[2026-08-10T17:53:51.015+0000] {processor.py:183} INFO - Processing /opt/airflow/dags/spark_pipeline_dag.py took 0.103 seconds
[2026-08-10T17:54:21.330+0000] {processor.py:161} INFO - Started process (PID=21168) to work on /opt/airflow/dags/spark_pipeline_dag.py
[2026-08-10T17:54:21.331+0000] {processor.py:830} INFO - Processing file /opt/airflow/dags/spark_pipeline_dag.py for tasks to queue
[2026-08-10T17:54:21.332+0000] {logging_mixin.py:188} INFO - [2026-08-10T17:54:21.332+0000] {dagbag.py:538} INFO - Filling up the DagBag from /opt/airflow/dags/spark_pipeline_dag.py
[2026-08-10T17:54:21.354+0000] {processor.py:840} INFO - DAG(s) 'air_quality_pipeline' retrieved from /opt/airflow/dags/spark_pipeline_dag.py
[2026-08-10T17:54:21.371+0000] {logging_mixin.py:188} INFO - [2026-08-10T17:54:21.370+0000] {dag.py:3036} INFO - Sync 1 DAGs
[2026-08-10T17:54:21.389+0000] {logging_mixin.py:188} INFO - [2026-08-10T17:54:21.388+0000] {dag.py:3823} INFO - Setting next_dagrun for air_quality_pipeline to 2026-08-10 17:05:00+00:00, run_after=2026-08-10 18:05:00+00:00
[2026-08-10T17:54:21.408+0000] {processor.py:183} INFO - Processing /opt/airflow/dags/spark_pipeline_dag.py took 0.080 seconds
[2026-08-10T17:54:51.706+0000] {processor.py:161} INFO - Started process (PID=21178) to work on /opt/airflow/dags/spark_pipeline_dag.py
[2026-08-10T17:54:51.707+0000] {processor.py:830} INFO - Processing file /opt/airflow/dags/spark_pipeline_dag.py for tasks to queue
[2026-08-10T17:54:51.708+0000] {logging_mixin.py:188} INFO - [2026-08-10T17:54:51.708+0000] {dagbag.py:538} INFO - Filling up the DagBag from /opt/airflow/dags/spark_pipeline_dag.py
[2026-08-10T17:54:51.732+0000] {processor.py:840} INFO - DAG(s) 'air_quality_pipeline' retrieved from /opt/airflow/dags/spark_pipeline_dag.py
[2026-08-10T17:54:51.753+0000] {logging_mixin.py:188} INFO - [2026-08-10T17:54:51.753+0000] {dag.py:3036} INFO - Sync 1 DAGs
[2026-08-10T17:54:51.772+0000] {logging_mixin.py:188} INFO - [2026-08-10T17:54:51.772+0000] {dag.py:3823} INFO - Setting next_dagrun for air_quality_pipeline to 2026-08-10 17:05:00+00:00, run_after=2026-08-10 18:05:00+00:00
[2026-08-10T17:54:51.789+0000] {processor.py:183} INFO - Processing /opt/airflow/dags/spark_pipeline_dag.py took 0.087 seconds
[2026-08-10T17:55:22.090+0000] {processor.py:161} INFO - Started process (PID=21188) to work on /opt/airflow/dags/spark_pipeline_dag.py
[2026-08-10T17:55:22.091+0000] {processor.py:830} INFO - Processing file /opt/airflow/dags/spark_pipeline_dag.py for tasks to queue
[2026-08-10T17:55:22.093+0000] {logging_mixin.py:188} INFO - [2026-08-10T17:55:22.092+0000] {dagbag.py:538} INFO - Filling up the DagBag from /opt/airflow/dags/spark_pipeline_dag.py
[2026-08-10T17:55:22.125+0000] {processor.py:840} INFO - DAG(s) 'air_quality_pipeline' retrieved from /opt/airflow/dags/spark_pipeline_dag.py
[2026-08-10T17:55:22.151+0000] {logging_mixin.py:188} INFO - [2026-08-10T17:55:22.151+0000] {dag.py:3036} INFO - Sync 1 DAGs
[2026-08-10T17:55:22.173+0000] {logging_mixin.py:188} INFO - [2026-08-10T17:55:22.173+0000] {dag.py:3823} INFO - Setting next_dagrun for air_quality_pipeline to 2026-08-10 17:05:00+00:00, run_after=2026-08-10 18:05:00+00:00
[2026-08-10T17:55:22.194+0000] {processor.py:183} INFO - Processing /opt/airflow/dags/spark_pipeline_dag.py took 0.109 seconds
[2026-08-10T17:55:52.541+0000] {processor.py:161} INFO - Started process (PID=21198) to work on /opt/airflow/dags/spark_pipeline_dag.py
[2026-08-10T17:55:52.543+0000] {processor.py:830} INFO - Processing file /opt/airflow/dags/spark_pipeline_dag.py for tasks to queue
[2026-08-10T17:55:52.544+0000] {logging_mixin.py:188} INFO - [2026-08-10T17:55:52.544+0000] {dagbag.py:538} INFO - Filling up the DagBag from /opt/airflow/dags/spark_pipeline_dag.py
[2026-08-10T17:55:52.582+0000] {processor.py:840} INFO - DAG(s) 'air_quality_pipeline' retrieved from /opt/airflow/dags/spark_pipeline_dag.py
[2026-08-10T17:55:52.602+0000] {logging_mixin.py:188} INFO - [2026-08-10T17:55:52.601+0000] {dag.py:3036} INFO - Sync 1 DAGs
[2026-08-10T17:55:52.623+0000] {logging_mixin.py:188} INFO - [2026-08-10T17:55:52.623+0000] {dag.py:3823} INFO - Setting next_dagrun for air_quality_pipeline to 2026-08-10 17:05:00+00:00, run_after=2026-08-10 18:05:00+00:00
[2026-08-10T17:55:52.648+0000] {processor.py:183} INFO - Processing /opt/airflow/dags/spark_pipeline_dag.py took 0.109 seconds
[2026-08-10T17:56:22.928+0000] {processor.py:161} INFO - Started process (PID=21208) to work on /opt/airflow/dags/spark_pipeline_dag.py
[2026-08-10T17:56:22.930+0000] {processor.py:830} INFO - Processing file /opt/airflow/dags/spark_pipeline_dag.py for tasks to queue
[2026-08-10T17:56:22.932+0000] {logging_mixin.py:188} INFO - [2026-08-10T17:56:22.931+0000] {dagbag.py:538} INFO - Filling up the DagBag from /opt/airflow/dags/spark_pipeline_dag.py
[2026-08-10T17:56:22.961+0000] {processor.py:840} INFO - DAG(s) 'air_quality_pipeline' retrieved from /opt/airflow/dags/spark_pipeline_dag.py
[2026-08-10T17:56:22.984+0000] {logging_mixin.py:188} INFO - [2026-08-10T17:56:22.983+0000] {dag.py:3036} INFO - Sync 1 DAGs
[2026-08-10T17:56:23.009+0000] {logging_mixin.py:188} INFO - [2026-08-10T17:56:23.009+0000] {dag.py:3823} INFO - Setting next_dagrun for air_quality_pipeline to 2026-08-10 17:05:00+00:00, run_after=2026-08-10 18:05:00+00:00
[2026-08-10T17:56:23.030+0000] {processor.py:183} INFO - Processing /opt/airflow/dags/spark_pipeline_dag.py took 0.106 seconds
[2026-08-10T17:56:53.348+0000] {processor.py:161} INFO - Started process (PID=21218) to work on /opt/airflow/dags/spark_pipeline_dag.py
[2026-08-10T17:56:53.350+0000] {processor.py:830} INFO - Processing file /opt/airflow/dags/spark_pipeline_dag.py for tasks to queue
[2026-08-10T17:56:53.351+0000] {logging_mixin.py:188} INFO - [2026-08-10T17:56:53.351+0000] {dagbag.py:538} INFO - Filling up the DagBag from /opt/airflow/dags/spark_pipeline_dag.py
[2026-08-10T17:56:53.377+0000] {processor.py:840} INFO - DAG(s) 'air_quality_pipeline' retrieved from /opt/airflow/dags/spark_pipeline_dag.py
[2026-08-10T17:56:53.397+0000] {logging_mixin.py:188} INFO - [2026-08-10T17:56:53.397+0000] {dag.py:3036} INFO - Sync 1 DAGs
[2026-08-10T17:56:53.420+0000] {logging_mixin.py:188} INFO - [2026-08-10T17:56:53.419+0000] {dag.py:3823} INFO - Setting next_dagrun for air_quality_pipeline to 2026-08-10 17:05:00+00:00, run_after=2026-08-10 18:05:00+00:00
[2026-08-10T17:56:53.437+0000] {processor.py:183} INFO - Processing /opt/airflow/dags/spark_pipeline_dag.py took 0.092 seconds
[2026-08-10T17:57:23.764+0000] {processor.py:161} INFO - Started process (PID=21228) to work on /opt/airflow/dags/spark_pipeline_dag.py
[2026-08-10T17:57:23.765+0000] {processor.py:830} INFO - Processing file /opt/airflow/dags/spark_pipeline_dag.py for tasks to queue
[2026-08-10T17:57:23.767+0000] {logging_mixin.py:188} INFO - [2026-08-10T17:57:23.766+0000] {dagbag.py:538} INFO - Filling up the DagBag from /opt/airflow/dags/spark_pipeline_dag.py
[2026-08-10T17:57:23.798+0000] {processor.py:840} INFO - DAG(s) 'air_quality_pipeline' retrieved from /opt/airflow/dags/spark_pipeline_dag.py
[2026-08-10T17:57:23.822+0000] {logging_mixin.py:188} INFO - [2026-08-10T17:57:23.822+0000] {dag.py:3036} INFO - Sync 1 DAGs
[2026-08-10T17:57:23.847+0000] {logging_mixin.py:188} INFO - [2026-08-10T17:57:23.847+0000] {dag.py:3823} INFO - Setting next_dagrun for air_quality_pipeline to 2026-08-10 17:05:00+00:00, run_after=2026-08-10 18:05:00+00:00
[2026-08-10T17:57:23.870+0000] {processor.py:183} INFO - Processing /opt/airflow/dags/spark_pipeline_dag.py took 0.109 seconds
[2026-08-10T17:57:54.160+0000] {processor.py:161} INFO - Started process (PID=21238) to work on /opt/airflow/dags/spark_pipeline_dag.py
[2026-08-10T17:57:54.161+0000] {processor.py:830} INFO - Processing file /opt/airflow/dags/spark_pipeline_dag.py for tasks to queue
[2026-08-10T17:57:54.162+0000] {logging_mixin.py:188} INFO - [2026-08-10T17:57:54.162+0000] {dagbag.py:538} INFO - Filling up the DagBag from /opt/airflow/dags/spark_pipeline_dag.py
[2026-08-10T17:57:54.184+0000] {processor.py:840} INFO - DAG(s) 'air_quality_pipeline' retrieved from /opt/airflow/dags/spark_pipeline_dag.py
[2026-08-10T17:57:54.206+0000] {logging_mixin.py:188} INFO - [2026-08-10T17:57:54.205+0000] {dag.py:3036} INFO - Sync 1 DAGs
[2026-08-10T17:57:54.226+0000] {logging_mixin.py:188} INFO - [2026-08-10T17:57:54.225+0000] {dag.py:3823} INFO - Setting next_dagrun for air_quality_pipeline to 2026-08-10 17:05:00+00:00, run_after=2026-08-10 18:05:00+00:00
[2026-08-10T17:57:54.244+0000] {processor.py:183} INFO - Processing /opt/airflow/dags/spark_pipeline_dag.py took 0.087 seconds
[2026-08-10T17:58:24.534+0000] {processor.py:161} INFO - Started process (PID=21248) to work on /opt/airflow/dags/spark_pipeline_dag.py
[2026-08-10T17:58:24.535+0000] {processor.py:830} INFO - Processing file /opt/airflow/dags/spark_pipeline_dag.py for tasks to queue
[2026-08-10T17:58:24.536+0000] {logging_mixin.py:188} INFO - [2026-08-10T17:58:24.536+0000] {dagbag.py:538} INFO - Filling up the DagBag from /opt/airflow/dags/spark_pipeline_dag.py
[2026-08-10T17:58:24.556+0000] {processor.py:840} INFO - DAG(s) 'air_quality_pipeline' retrieved from /opt/airflow/dags/spark_pipeline_dag.py
[2026-08-10T17:58:24.577+0000] {logging_mixin.py:188} INFO - [2026-08-10T17:58:24.577+0000] {dag.py:3036} INFO - Sync 1 DAGs
[2026-08-10T17:58:24.597+0000] {logging_mixin.py:188} INFO - [2026-08-10T17:58:24.597+0000] {dag.py:3823} INFO - Setting next_dagrun for air_quality_pipeline to 2026-08-10 17:05:00+00:00, run_after=2026-08-10 18:05:00+00:00
[2026-08-10T17:58:24.616+0000] {processor.py:183} INFO - Processing /opt/airflow/dags/spark_pipeline_dag.py took 0.085 seconds
[2026-08-10T17:58:54.883+0000] {processor.py:161} INFO - Started process (PID=21258) to work on /opt/airflow/dags/spark_pipeline_dag.py
[2026-08-10T17:58:54.884+0000] {processor.py:830} INFO - Processing file /opt/airflow/dags/spark_pipeline_dag.py for tasks to queue
[2026-08-10T17:58:54.885+0000] {logging_mixin.py:188} INFO - [2026-08-10T17:58:54.885+0000] {dagbag.py:538} INFO - Filling up the DagBag from /opt/airflow/dags/spark_pipeline_dag.py
[2026-08-10T17:58:54.910+0000] {processor.py:840} INFO - DAG(s) 'air_quality_pipeline' retrieved from /opt/airflow/dags/spark_pipeline_dag.py
[2026-08-10T17:58:54.934+0000] {logging_mixin.py:188} INFO - [2026-08-10T17:58:54.934+0000] {dag.py:3036} INFO - Sync 1 DAGs
[2026-08-10T17:58:54.955+0000] {logging_mixin.py:188} INFO - [2026-08-10T17:58:54.955+0000] {dag.py:3823} INFO - Setting next_dagrun for air_quality_pipeline to 2026-08-10 17:05:00+00:00, run_after=2026-08-10 18:05:00+00:00
[2026-08-10T17:58:54.976+0000] {processor.py:183} INFO - Processing /opt/airflow/dags/spark_pipeline_dag.py took 0.096 seconds
[2026-08-10T17:59:25.192+0000] {processor.py:161} INFO - Started process (PID=21268) to work on /opt/airflow/dags/spark_pipeline_dag.py
[2026-08-10T17:59:25.193+0000] {processor.py:830} INFO - Processing file /opt/airflow/dags/spark_pipeline_dag.py for tasks to queue
[2026-08-10T17:59:25.194+0000] {logging_mixin.py:188} INFO - [2026-08-10T17:59:25.194+0000] {dagbag.py:538} INFO - Filling up the DagBag from /opt/airflow/dags/spark_pipeline_dag.py
[2026-08-10T17:59:25.217+0000] {processor.py:840} INFO - DAG(s) 'air_quality_pipeline' retrieved from /opt/airflow/dags/spark_pipeline_dag.py
[2026-08-10T17:59:25.239+0000] {logging_mixin.py:188} INFO - [2026-08-10T17:59:25.239+0000] {dag.py:3036} INFO - Sync 1 DAGs
[2026-08-10T17:59:25.262+0000] {logging_mixin.py:188} INFO - [2026-08-10T17:59:25.262+0000] {dag.py:3823} INFO - Setting next_dagrun for air_quality_pipeline to 2026-08-10 17:05:00+00:00, run_after=2026-08-10 18:05:00+00:00
[2026-08-10T17:59:25.280+0000] {processor.py:183} INFO - Processing /opt/airflow/dags/spark_pipeline_dag.py took 0.091 seconds
[2026-08-10T17:59:55.510+0000] {processor.py:161} INFO - Started process (PID=21278) to work on /opt/airflow/dags/spark_pipeline_dag.py
[2026-08-10T17:59:55.512+0000] {processor.py:830} INFO - Processing file /opt/airflow/dags/spark_pipeline_dag.py for tasks to queue
[2026-08-10T17:59:55.513+0000] {logging_mixin.py:188} INFO - [2026-08-10T17:59:55.513+0000] {dagbag.py:538} INFO - Filling up the DagBag from /opt/airflow/dags/spark_pipeline_dag.py
[2026-08-10T17:59:55.537+0000] {processor.py:840} INFO - DAG(s) 'air_quality_pipeline' retrieved from /opt/airflow/dags/spark_pipeline_dag.py
[2026-08-10T17:59:55.559+0000] {logging_mixin.py:188} INFO - [2026-08-10T17:59:55.559+0000] {dag.py:3036} INFO - Sync 1 DAGs
[2026-08-10T17:59:55.583+0000] {logging_mixin.py:188} INFO - [2026-08-10T17:59:55.583+0000] {dag.py:3823} INFO - Setting next_dagrun for air_quality_pipeline to 2026-08-10 17:05:00+00:00, run_after=2026-08-10 18:05:00+00:00
[2026-08-10T17:59:55.604+0000] {processor.py:183} INFO - Processing /opt/airflow/dags/spark_pipeline_dag.py took 0.098 seconds
[2026-08-10T18:00:25.856+0000] {processor.py:161} INFO - Started process (PID=21290) to work on /opt/airflow/dags/spark_pipeline_dag.py
[2026-08-10T18:00:25.858+0000] {processor.py:830} INFO - Processing file /opt/airflow/dags/spark_pipeline_dag.py for tasks to queue
[2026-08-10T18:00:25.860+0000] {logging_mixin.py:188} INFO - [2026-08-10T18:00:25.858+0000] {dagbag.py:538} INFO - Filling up the DagBag from /opt/airflow/dags/spark_pipeline_dag.py
[2026-08-10T18:00:25.907+0000] {processor.py:840} INFO - DAG(s) 'air_quality_pipeline' retrieved from /opt/airflow/dags/spark_pipeline_dag.py
[2026-08-10T18:00:25.937+0000] {logging_mixin.py:188} INFO - [2026-08-10T18:00:25.937+0000] {dag.py:3036} INFO - Sync 1 DAGs
[2026-08-10T18:00:25.966+0000] {logging_mixin.py:188} INFO - [2026-08-10T18:00:25.966+0000] {dag.py:3823} INFO - Setting next_dagrun for air_quality_pipeline to 2026-08-10 17:05:00+00:00, run_after=2026-08-10 18:05:00+00:00
[2026-08-10T18:00:25.995+0000] {processor.py:183} INFO - Processing /opt/airflow/dags/spark_pipeline_dag.py took 0.144 seconds
[2026-08-10T18:00:56.353+0000] {processor.py:161} INFO - Started process (PID=21300) to work on /opt/airflow/dags/spark_pipeline_dag.py
[2026-08-10T18:00:56.354+0000] {processor.py:830} INFO - Processing file /opt/airflow/dags/spark_pipeline_dag.py for tasks to queue
[2026-08-10T18:00:56.355+0000] {logging_mixin.py:188} INFO - [2026-08-10T18:00:56.355+0000] {dagbag.py:538} INFO - Filling up the DagBag from /opt/airflow/dags/spark_pipeline_dag.py
[2026-08-10T18:00:56.376+0000] {processor.py:840} INFO - DAG(s) 'air_quality_pipeline' retrieved from /opt/airflow/dags/spark_pipeline_dag.py
[2026-08-10T18:00:56.395+0000] {logging_mixin.py:188} INFO - [2026-08-10T18:00:56.395+0000] {dag.py:3036} INFO - Sync 1 DAGs
[2026-08-10T18:00:56.414+0000] {logging_mixin.py:188} INFO - [2026-08-10T18:00:56.414+0000] {dag.py:3823} INFO - Setting next_dagrun for air_quality_pipeline to 2026-08-10 17:05:00+00:00, run_after=2026-08-10 18:05:00+00:00
[2026-08-10T18:00:56.433+0000] {processor.py:183} INFO - Processing /opt/airflow/dags/spark_pipeline_dag.py took 0.083 seconds
[2026-08-10T18:01:26.731+0000] {processor.py:161} INFO - Started process (PID=21310) to work on /opt/airflow/dags/spark_pipeline_dag.py
[2026-08-10T18:01:26.734+0000] {processor.py:830} INFO - Processing file /opt/airflow/dags/spark_pipeline_dag.py for tasks to queue
[2026-08-10T18:01:26.736+0000] {logging_mixin.py:188} INFO - [2026-08-10T18:01:26.736+0000] {dagbag.py:538} INFO - Filling up the DagBag from /opt/airflow/dags/spark_pipeline_dag.py
[2026-08-10T18:01:26.768+0000] {processor.py:840} INFO - DAG(s) 'air_quality_pipeline' retrieved from /opt/airflow/dags/spark_pipeline_dag.py
[2026-08-10T18:01:26.819+0000] {logging_mixin.py:188} INFO - [2026-08-10T18:01:26.819+0000] {dag.py:3036} INFO - Sync 1 DAGs
[2026-08-10T18:01:26.843+0000] {logging_mixin.py:188} INFO - [2026-08-10T18:01:26.843+0000] {dag.py:3823} INFO - Setting next_dagrun for air_quality_pipeline to 2026-08-10 17:05:00+00:00, run_after=2026-08-10 18:05:00+00:00
[2026-08-10T18:01:26.876+0000] {processor.py:183} INFO - Processing /opt/airflow/dags/spark_pipeline_dag.py took 0.155 seconds
[2026-08-10T18:01:57.197+0000] {processor.py:161} INFO - Started process (PID=21320) to work on /opt/airflow/dags/spark_pipeline_dag.py
[2026-08-10T18:01:57.199+0000] {processor.py:830} INFO - Processing file /opt/airflow/dags/spark_pipeline_dag.py for tasks to queue
[2026-08-10T18:01:57.200+0000] {logging_mixin.py:188} INFO - [2026-08-10T18:01:57.199+0000] {dagbag.py:538} INFO - Filling up the DagBag from /opt/airflow/dags/spark_pipeline_dag.py
[2026-08-10T18:01:57.244+0000] {processor.py:840} INFO - DAG(s) 'air_quality_pipeline' retrieved from /opt/airflow/dags/spark_pipeline_dag.py
[2026-08-10T18:01:57.276+0000] {logging_mixin.py:188} INFO - [2026-08-10T18:01:57.272+0000] {dag.py:3036} INFO - Sync 1 DAGs
[2026-08-10T18:01:57.322+0000] {logging_mixin.py:188} INFO - [2026-08-10T18:01:57.322+0000] {dag.py:3823} INFO - Setting next_dagrun for air_quality_pipeline to 2026-08-10 17:05:00+00:00, run_after=2026-08-10 18:05:00+00:00
[2026-08-10T18:01:57.352+0000] {processor.py:183} INFO - Processing /opt/airflow/dags/spark_pipeline_dag.py took 0.158 seconds
[2026-08-10T18:02:27.670+0000] {processor.py:161} INFO - Started process (PID=21330) to work on /opt/airflow/dags/spark_pipeline_dag.py
[2026-08-10T18:02:27.673+0000] {processor.py:830} INFO - Processing file /opt/airflow/dags/spark_pipeline_dag.py for tasks to queue
[2026-08-10T18:02:27.674+0000] {logging_mixin.py:188} INFO - [2026-08-10T18:02:27.674+0000] {dagbag.py:538} INFO - Filling up the DagBag from /opt/airflow/dags/spark_pipeline_dag.py
[2026-08-10T18:02:27.705+0000] {processor.py:840} INFO - DAG(s) 'air_quality_pipeline' retrieved from /opt/airflow/dags/spark_pipeline_dag.py
[2026-08-10T18:02:27.738+0000] {logging_mixin.py:188} INFO - [2026-08-10T18:02:27.737+0000] {dag.py:3036} INFO - Sync 1 DAGs
[2026-08-10T18:02:27.763+0000] {logging_mixin.py:188} INFO - [2026-08-10T18:02:27.763+0000] {dag.py:3823} INFO - Setting next_dagrun for air_quality_pipeline to 2026-08-10 17:05:00+00:00, run_after=2026-08-10 18:05:00+00:00
[2026-08-10T18:02:27.793+0000] {processor.py:183} INFO - Processing /opt/airflow/dags/spark_pipeline_dag.py took 0.126 seconds
[2026-08-10T18:02:58.236+0000] {processor.py:161} INFO - Started process (PID=21340) to work on /opt/airflow/dags/spark_pipeline_dag.py
[2026-08-10T18:02:58.238+0000] {processor.py:830} INFO - Processing file /opt/airflow/dags/spark_pipeline_dag.py for tasks to queue
[2026-08-10T18:02:58.240+0000] {logging_mixin.py:188} INFO - [2026-08-10T18:02:58.239+0000] {dagbag.py:538} INFO - Filling up the DagBag from /opt/airflow/dags/spark_pipeline_dag.py
[2026-08-10T18:02:58.281+0000] {processor.py:840} INFO - DAG(s) 'air_quality_pipeline' retrieved from /opt/airflow/dags/spark_pipeline_dag.py
[2026-08-10T18:02:58.321+0000] {logging_mixin.py:188} INFO - [2026-08-10T18:02:58.320+0000] {dag.py:3036} INFO - Sync 1 DAGs
[2026-08-10T18:02:58.365+0000] {logging_mixin.py:188} INFO - [2026-08-10T18:02:58.365+0000] {dag.py:3823} INFO - Setting next_dagrun for air_quality_pipeline to 2026-08-10 17:05:00+00:00, run_after=2026-08-10 18:05:00+00:00
[2026-08-10T18:02:58.399+0000] {processor.py:183} INFO - Processing /opt/airflow/dags/spark_pipeline_dag.py took 0.166 seconds
[2026-08-10T18:03:28.690+0000] {processor.py:161} INFO - Started process (PID=21350) to work on /opt/airflow/dags/spark_pipeline_dag.py
[2026-08-10T18:03:28.692+0000] {processor.py:830} INFO - Processing file /opt/airflow/dags/spark_pipeline_dag.py for tasks to queue
[2026-08-10T18:03:28.694+0000] {logging_mixin.py:188} INFO - [2026-08-10T18:03:28.693+0000] {dagbag.py:538} INFO - Filling up the DagBag from /opt/airflow/dags/spark_pipeline_dag.py
[2026-08-10T18:03:28.736+0000] {processor.py:840} INFO - DAG(s) 'air_quality_pipeline' retrieved from /opt/airflow/dags/spark_pipeline_dag.py
[2026-08-10T18:03:28.762+0000] {logging_mixin.py:188} INFO - [2026-08-10T18:03:28.762+0000] {dag.py:3036} INFO - Sync 1 DAGs
[2026-08-10T18:03:28.791+0000] {logging_mixin.py:188} INFO - [2026-08-10T18:03:28.791+0000] {dag.py:3823} INFO - Setting next_dagrun for air_quality_pipeline to 2026-08-10 17:05:00+00:00, run_after=2026-08-10 18:05:00+00:00
[2026-08-10T18:03:28.817+0000] {processor.py:183} INFO - Processing /opt/airflow/dags/spark_pipeline_dag.py took 0.130 seconds
[2026-08-10T18:03:59.169+0000] {processor.py:161} INFO - Started process (PID=21360) to work on /opt/airflow/dags/spark_pipeline_dag.py
[2026-08-10T18:03:59.171+0000] {processor.py:830} INFO - Processing file /opt/airflow/dags/spark_pipeline_dag.py for tasks to queue
[2026-08-10T18:03:59.172+0000] {logging_mixin.py:188} INFO - [2026-08-10T18:03:59.172+0000] {dagbag.py:538} INFO - Filling up the DagBag from /opt/airflow/dags/spark_pipeline_dag.py
[2026-08-10T18:03:59.199+0000] {processor.py:840} INFO - DAG(s) 'air_quality_pipeline' retrieved from /opt/airflow/dags/spark_pipeline_dag.py
[2026-08-10T18:03:59.218+0000] {logging_mixin.py:188} INFO - [2026-08-10T18:03:59.218+0000] {dag.py:3036} INFO - Sync 1 DAGs
[2026-08-10T18:03:59.237+0000] {logging_mixin.py:188} INFO - [2026-08-10T18:03:59.237+0000] {dag.py:3823} INFO - Setting next_dagrun for air_quality_pipeline to 2026-08-10 17:05:00+00:00, run_after=2026-08-10 18:05:00+00:00
[2026-08-10T18:03:59.259+0000] {processor.py:183} INFO - Processing /opt/airflow/dags/spark_pipeline_dag.py took 0.092 seconds
[2026-08-10T18:04:29.611+0000] {processor.py:161} INFO - Started process (PID=21370) to work on /opt/airflow/dags/spark_pipeline_dag.py
[2026-08-10T18:04:29.612+0000] {processor.py:830} INFO - Processing file /opt/airflow/dags/spark_pipeline_dag.py for tasks to queue
[2026-08-10T18:04:29.613+0000] {logging_mixin.py:188} INFO - [2026-08-10T18:04:29.613+0000] {dagbag.py:538} INFO - Filling up the DagBag from /opt/airflow/dags/spark_pipeline_dag.py
[2026-08-10T18:04:29.639+0000] {processor.py:840} INFO - DAG(s) 'air_quality_pipeline' retrieved from /opt/airflow/dags/spark_pipeline_dag.py
[2026-08-10T18:04:29.658+0000] {logging_mixin.py:188} INFO - [2026-08-10T18:04:29.657+0000] {dag.py:3036} INFO - Sync 1 DAGs
[2026-08-10T18:04:29.678+0000] {logging_mixin.py:188} INFO - [2026-08-10T18:04:29.678+0000] {dag.py:3823} INFO - Setting next_dagrun for air_quality_pipeline to 2026-08-10 17:05:00+00:00, run_after=2026-08-10 18:05:00+00:00
[2026-08-10T18:04:29.697+0000] {processor.py:183} INFO - Processing /opt/airflow/dags/spark_pipeline_dag.py took 0.089 seconds
[2026-08-10T18:05:00.154+0000] {processor.py:161} INFO - Started process (PID=21381) to work on /opt/airflow/dags/spark_pipeline_dag.py
[2026-08-10T18:05:00.154+0000] {processor.py:830} INFO - Processing file /opt/airflow/dags/spark_pipeline_dag.py for tasks to queue
[2026-08-10T18:05:00.155+0000] {logging_mixin.py:188} INFO - [2026-08-10T18:05:00.155+0000] {dagbag.py:538} INFO - Filling up the DagBag from /opt/airflow/dags/spark_pipeline_dag.py
[2026-08-10T18:05:00.180+0000] {processor.py:840} INFO - DAG(s) 'air_quality_pipeline' retrieved from /opt/airflow/dags/spark_pipeline_dag.py
[2026-08-10T18:05:00.201+0000] {logging_mixin.py:188} INFO - [2026-08-10T18:05:00.200+0000] {dag.py:3036} INFO - Sync 1 DAGs
[2026-08-10T18:05:00.221+0000] {logging_mixin.py:188} INFO - [2026-08-10T18:05:00.221+0000] {dag.py:3823} INFO - Setting next_dagrun for air_quality_pipeline to 2026-08-10 18:05:00+00:00, run_after=2026-08-10 19:05:00+00:00
[2026-08-10T18:05:00.239+0000] {processor.py:183} INFO - Processing /opt/airflow/dags/spark_pipeline_dag.py took 0.088 seconds
[2026-08-10T18:05:30.567+0000] {processor.py:161} INFO - Started process (PID=21392) to work on /opt/airflow/dags/spark_pipeline_dag.py
[2026-08-10T18:05:30.569+0000] {processor.py:830} INFO - Processing file /opt/airflow/dags/spark_pipeline_dag.py for tasks to queue
[2026-08-10T18:05:30.570+0000] {logging_mixin.py:188} INFO - [2026-08-10T18:05:30.570+0000] {dagbag.py:538} INFO - Filling up the DagBag from /opt/airflow/dags/spark_pipeline_dag.py
[2026-08-10T18:05:30.619+0000] {processor.py:840} INFO - DAG(s) 'air_quality_pipeline' retrieved from /opt/airflow/dags/spark_pipeline_dag.py
[2026-08-10T18:05:30.641+0000] {logging_mixin.py:188} INFO - [2026-08-10T18:05:30.641+0000] {dag.py:3036} INFO - Sync 1 DAGs
[2026-08-10T18:05:30.659+0000] {logging_mixin.py:188} INFO - [2026-08-10T18:05:30.659+0000] {dag.py:3823} INFO - Setting next_dagrun for air_quality_pipeline to 2026-08-10 18:05:00+00:00, run_after=2026-08-10 19:05:00+00:00
[2026-08-10T18:05:30.676+0000] {processor.py:183} INFO - Processing /opt/airflow/dags/spark_pipeline_dag.py took 0.112 seconds
[2026-08-10T18:06:01.004+0000] {processor.py:161} INFO - Started process (PID=21402) to work on /opt/airflow/dags/spark_pipeline_dag.py
[2026-08-10T18:06:01.007+0000] {processor.py:830} INFO - Processing file /opt/airflow/dags/spark_pipeline_dag.py for tasks to queue
[2026-08-10T18:06:01.010+0000] {logging_mixin.py:188} INFO - [2026-08-10T18:06:01.009+0000] {dagbag.py:538} INFO - Filling up the DagBag from /opt/airflow/dags/spark_pipeline_dag.py
[2026-08-10T18:06:01.060+0000] {processor.py:840} INFO - DAG(s) 'air_quality_pipeline' retrieved from /opt/airflow/dags/spark_pipeline_dag.py
[2026-08-10T18:06:01.092+0000] {logging_mixin.py:188} INFO - [2026-08-10T18:06:01.091+0000] {dag.py:3036} INFO - Sync 1 DAGs
[2026-08-10T18:06:01.125+0000] {logging_mixin.py:188} INFO - [2026-08-10T18:06:01.125+0000] {dag.py:3823} INFO - Setting next_dagrun for air_quality_pipeline to 2026-08-10 18:05:00+00:00, run_after=2026-08-10 19:05:00+00:00
[2026-08-10T18:06:01.158+0000] {processor.py:183} INFO - Processing /opt/airflow/dags/spark_pipeline_dag.py took 0.159 seconds
[2026-08-10T18:06:31.468+0000] {processor.py:161} INFO - Started process (PID=21412) to work on /opt/airflow/dags/spark_pipeline_dag.py
[2026-08-10T18:06:31.469+0000] {processor.py:830} INFO - Processing file /opt/airflow/dags/spark_pipeline_dag.py for tasks to queue
[2026-08-10T18:06:31.470+0000] {logging_mixin.py:188} INFO - [2026-08-10T18:06:31.470+0000] {dagbag.py:538} INFO - Filling up the DagBag from /opt/airflow/dags/spark_pipeline_dag.py
[2026-08-10T18:06:31.495+0000] {processor.py:840} INFO - DAG(s) 'air_quality_pipeline' retrieved from /opt/airflow/dags/spark_pipeline_dag.py
[2026-08-10T18:06:31.515+0000] {logging_mixin.py:188} INFO - [2026-08-10T18:06:31.515+0000] {dag.py:3036} INFO - Sync 1 DAGs
[2026-08-10T18:06:31.540+0000] {logging_mixin.py:188} INFO - [2026-08-10T18:06:31.539+0000] {dag.py:3823} INFO - Setting next_dagrun for air_quality_pipeline to 2026-08-10 18:05:00+00:00, run_after=2026-08-10 19:05:00+00:00
[2026-08-10T18:06:31.559+0000] {processor.py:183} INFO - Processing /opt/airflow/dags/spark_pipeline_dag.py took 0.094 seconds
[2026-08-10T18:07:01.882+0000] {processor.py:161} INFO - Started process (PID=21422) to work on /opt/airflow/dags/spark_pipeline_dag.py
[2026-08-10T18:07:01.883+0000] {processor.py:830} INFO - Processing file /opt/airflow/dags/spark_pipeline_dag.py for tasks to queue
[2026-08-10T18:07:01.884+0000] {logging_mixin.py:188} INFO - [2026-08-10T18:07:01.884+0000] {dagbag.py:538} INFO - Filling up the DagBag from /opt/airflow/dags/spark_pipeline_dag.py
[2026-08-10T18:07:01.919+0000] {processor.py:840} INFO - DAG(s) 'air_quality_pipeline' retrieved from /opt/airflow/dags/spark_pipeline_dag.py
[2026-08-10T18:07:01.945+0000] {logging_mixin.py:188} INFO - [2026-08-10T18:07:01.945+0000] {dag.py:3036} INFO - Sync 1 DAGs
[2026-08-10T18:07:01.971+0000] {logging_mixin.py:188} INFO - [2026-08-10T18:07:01.971+0000] {dag.py:3823} INFO - Setting next_dagrun for air_quality_pipeline to 2026-08-10 18:05:00+00:00, run_after=2026-08-10 19:05:00+00:00
[2026-08-10T18:07:01.997+0000] {processor.py:183} INFO - Processing /opt/airflow/dags/spark_pipeline_dag.py took 0.118 seconds
[2026-08-10T18:07:32.306+0000] {processor.py:161} INFO - Started process (PID=21432) to work on /opt/airflow/dags/spark_pipeline_dag.py
[2026-08-10T18:07:32.308+0000] {processor.py:830} INFO - Processing file /opt/airflow/dags/spark_pipeline_dag.py for tasks to queue
[2026-08-10T18:07:32.309+0000] {logging_mixin.py:188} INFO - [2026-08-10T18:07:32.309+0000] {dagbag.py:538} INFO - Filling up the DagBag from /opt/airflow/dags/spark_pipeline_dag.py
[2026-08-10T18:07:32.345+0000] {processor.py:840} INFO - DAG(s) 'air_quality_pipeline' retrieved from /opt/airflow/dags/spark_pipeline_dag.py
[2026-08-10T18:07:32.373+0000] {logging_mixin.py:188} INFO - [2026-08-10T18:07:32.373+0000] {dag.py:3036} INFO - Sync 1 DAGs
[2026-08-10T18:07:32.396+0000] {logging_mixin.py:188} INFO - [2026-08-10T18:07:32.396+0000] {dag.py:3823} INFO - Setting next_dagrun for air_quality_pipeline to 2026-08-10 18:05:00+00:00, run_after=2026-08-10 19:05:00+00:00
[2026-08-10T18:07:32.414+0000] {processor.py:183} INFO - Processing /opt/airflow/dags/spark_pipeline_dag.py took 0.111 seconds
[2026-08-10T18:08:02.694+0000] {processor.py:161} INFO - Started process (PID=21442) to work on /opt/airflow/dags/spark_pipeline_dag.py
[2026-08-10T18:08:02.696+0000] {processor.py:830} INFO - Processing file /opt/airflow/dags/spark_pipeline_dag.py for tasks to queue
[2026-08-10T18:08:02.698+0000] {logging_mixin.py:188} INFO - [2026-08-10T18:08:02.697+0000] {dagbag.py:538} INFO - Filling up the DagBag from /opt/airflow/dags/spark_pipeline_dag.py
[2026-08-10T18:08:02.722+0000] {processor.py:840} INFO - DAG(s) 'air_quality_pipeline' retrieved from /opt/airflow/dags/spark_pipeline_dag.py
[2026-08-10T18:08:02.751+0000] {logging_mixin.py:188} INFO - [2026-08-10T18:08:02.751+0000] {dag.py:3036} INFO - Sync 1 DAGs
[2026-08-10T18:08:02.771+0000] {logging_mixin.py:188} INFO - [2026-08-10T18:08:02.771+0000] {dag.py:3823} INFO - Setting next_dagrun for air_quality_pipeline to 2026-08-10 18:05:00+00:00, run_after=2026-08-10 19:05:00+00:00
[2026-08-10T18:08:02.789+0000] {processor.py:183} INFO - Processing /opt/airflow/dags/spark_pipeline_dag.py took 0.098 seconds
[2026-08-10T18:08:33.075+0000] {processor.py:161} INFO - Started process (PID=21452) to work on /opt/airflow/dags/spark_pipeline_dag.py
[2026-08-10T18:08:33.077+0000] {processor.py:830} INFO - Processing file /opt/airflow/dags/spark_pipeline_dag.py for tasks to queue
[2026-08-10T18:08:33.078+0000] {logging_mixin.py:188} INFO - [2026-08-10T18:08:33.077+0000] {dagbag.py:538} INFO - Filling up the DagBag from /opt/airflow/dags/spark_pipeline_dag.py
[2026-08-10T18:08:33.101+0000] {processor.py:840} INFO - DAG(s) 'air_quality_pipeline' retrieved from /opt/airflow/dags/spark_pipeline_dag.py
[2026-08-10T18:08:33.120+0000] {logging_mixin.py:188} INFO - [2026-08-10T18:08:33.120+0000] {dag.py:3036} INFO - Sync 1 DAGs
[2026-08-10T18:08:33.137+0000] {logging_mixin.py:188} INFO - [2026-08-10T18:08:33.137+0000] {dag.py:3823} INFO - Setting next_dagrun for air_quality_pipeline to 2026-08-10 18:05:00+00:00, run_after=2026-08-10 19:05:00+00:00
[2026-08-10T18:08:33.155+0000] {processor.py:183} INFO - Processing /opt/airflow/dags/spark_pipeline_dag.py took 0.082 seconds
[2026-08-10T18:09:03.525+0000] {processor.py:161} INFO - Started process (PID=21462) to work on /opt/airflow/dags/spark_pipeline_dag.py
[2026-08-10T18:09:03.526+0000] {processor.py:830} INFO - Processing file /opt/airflow/dags/spark_pipeline_dag.py for tasks to queue
[2026-08-10T18:09:03.527+0000] {logging_mixin.py:188} INFO - [2026-08-10T18:09:03.527+0000] {dagbag.py:538} INFO - Filling up the DagBag from /opt/airflow/dags/spark_pipeline_dag.py
[2026-08-10T18:09:03.552+0000] {processor.py:840} INFO - DAG(s) 'air_quality_pipeline' retrieved from /opt/airflow/dags/spark_pipeline_dag.py
[2026-08-10T18:09:03.570+0000] {logging_mixin.py:188} INFO - [2026-08-10T18:09:03.570+0000] {dag.py:3036} INFO - Sync 1 DAGs
[2026-08-10T18:09:03.588+0000] {logging_mixin.py:188} INFO - [2026-08-10T18:09:03.588+0000] {dag.py:3823} INFO - Setting next_dagrun for air_quality_pipeline to 2026-08-10 18:05:00+00:00, run_after=2026-08-10 19:05:00+00:00
[2026-08-10T18:09:03.607+0000] {processor.py:183} INFO - Processing /opt/airflow/dags/spark_pipeline_dag.py took 0.085 seconds
[2026-08-10T18:09:33.912+0000] {processor.py:161} INFO - Started process (PID=21472) to work on /opt/airflow/dags/spark_pipeline_dag.py
[2026-08-10T18:09:33.914+0000] {processor.py:830} INFO - Processing file /opt/airflow/dags/spark_pipeline_dag.py for tasks to queue
[2026-08-10T18:09:33.916+0000] {logging_mixin.py:188} INFO - [2026-08-10T18:09:33.915+0000] {dagbag.py:538} INFO - Filling up the DagBag from /opt/airflow/dags/spark_pipeline_dag.py
[2026-08-10T18:09:33.940+0000] {processor.py:840} INFO - DAG(s) 'air_quality_pipeline' retrieved from /opt/airflow/dags/spark_pipeline_dag.py
[2026-08-10T18:09:33.962+0000] {logging_mixin.py:188} INFO - [2026-08-10T18:09:33.962+0000] {dag.py:3036} INFO - Sync 1 DAGs
[2026-08-10T18:09:33.985+0000] {logging_mixin.py:188} INFO - [2026-08-10T18:09:33.985+0000] {dag.py:3823} INFO - Setting next_dagrun for air_quality_pipeline to 2026-08-10 18:05:00+00:00, run_after=2026-08-10 19:05:00+00:00
[2026-08-10T18:09:34.010+0000] {processor.py:183} INFO - Processing /opt/airflow/dags/spark_pipeline_dag.py took 0.102 seconds
[2026-08-10T18:10:04.350+0000] {processor.py:161} INFO - Started process (PID=21482) to work on /opt/airflow/dags/spark_pipeline_dag.py
[2026-08-10T18:10:04.352+0000] {processor.py:830} INFO - Processing file /opt/airflow/dags/spark_pipeline_dag.py for tasks to queue
[2026-08-10T18:10:04.353+0000] {logging_mixin.py:188} INFO - [2026-08-10T18:10:04.352+0000] {dagbag.py:538} INFO - Filling up the DagBag from /opt/airflow/dags/spark_pipeline_dag.py
[2026-08-10T18:10:04.372+0000] {processor.py:840} INFO - DAG(s) 'air_quality_pipeline' retrieved from /opt/airflow/dags/spark_pipeline_dag.py
[2026-08-10T18:10:04.394+0000] {logging_mixin.py:188} INFO - [2026-08-10T18:10:04.393+0000] {dag.py:3036} INFO - Sync 1 DAGs
[2026-08-10T18:10:04.410+0000] {logging_mixin.py:188} INFO - [2026-08-10T18:10:04.410+0000] {dag.py:3823} INFO - Setting next_dagrun for air_quality_pipeline to 2026-08-10 18:05:00+00:00, run_after=2026-08-10 19:05:00+00:00
[2026-08-10T18:10:04.429+0000] {processor.py:183} INFO - Processing /opt/airflow/dags/spark_pipeline_dag.py took 0.082 seconds
[2026-08-10T18:10:34.753+0000] {processor.py:161} INFO - Started process (PID=21492) to work on /opt/airflow/dags/spark_pipeline_dag.py
[2026-08-10T18:10:34.755+0000] {processor.py:830} INFO - Processing file /opt/airflow/dags/spark_pipeline_dag.py for tasks to queue
[2026-08-10T18:10:34.756+0000] {logging_mixin.py:188} INFO - [2026-08-10T18:10:34.756+0000] {dagbag.py:538} INFO - Filling up the DagBag from /opt/airflow/dags/spark_pipeline_dag.py
[2026-08-10T18:10:34.784+0000] {processor.py:840} INFO - DAG(s) 'air_quality_pipeline' retrieved from /opt/airflow/dags/spark_pipeline_dag.py
[2026-08-10T18:10:34.808+0000] {logging_mixin.py:188} INFO - [2026-08-10T18:10:34.807+0000] {dag.py:3036} INFO - Sync 1 DAGs
[2026-08-10T18:10:34.830+0000] {logging_mixin.py:188} INFO - [2026-08-10T18:10:34.830+0000] {dag.py:3823} INFO - Setting next_dagrun for air_quality_pipeline to 2026-08-10 18:05:00+00:00, run_after=2026-08-10 19:05:00+00:00
[2026-08-10T18:10:34.851+0000] {processor.py:183} INFO - Processing /opt/airflow/dags/spark_pipeline_dag.py took 0.101 seconds
[2026-08-10T18:11:05.325+0000] {processor.py:161} INFO - Started process (PID=21502) to work on /opt/airflow/dags/spark_pipeline_dag.py
[2026-08-10T18:11:05.326+0000] {processor.py:830} INFO - Processing file /opt/airflow/dags/spark_pipeline_dag.py for tasks to queue
[2026-08-10T18:11:05.327+0000] {logging_mixin.py:188} INFO - [2026-08-10T18:11:05.327+0000] {dagbag.py:538} INFO - Filling up the DagBag from /opt/airflow/dags/spark_pipeline_dag.py
[2026-08-10T18:11:05.357+0000] {processor.py:840} INFO - DAG(s) 'air_quality_pipeline' retrieved from /opt/airflow/dags/spark_pipeline_dag.py
[2026-08-10T18:11:05.377+0000] {logging_mixin.py:188} INFO - [2026-08-10T18:11:05.377+0000] {dag.py:3036} INFO - Sync 1 DAGs
[2026-08-10T18:11:05.396+0000] {logging_mixin.py:188} INFO - [2026-08-10T18:11:05.396+0000] {dag.py:3823} INFO - Setting next_dagrun for air_quality_pipeline to 2026-08-10 18:05:00+00:00, run_after=2026-08-10 19:05:00+00:00
[2026-08-10T18:11:05.415+0000] {processor.py:183} INFO - Processing /opt/airflow/dags/spark_pipeline_dag.py took 0.093 seconds
[2026-08-10T18:11:35.782+0000] {processor.py:161} INFO - Started process (PID=21512) to work on /opt/airflow/dags/spark_pipeline_dag.py
[2026-08-10T18:11:35.783+0000] {processor.py:830} INFO - Processing file /opt/airflow/dags/spark_pipeline_dag.py for tasks to queue
[2026-08-10T18:11:35.784+0000] {logging_mixin.py:188} INFO - [2026-08-10T18:11:35.784+0000] {dagbag.py:538} INFO - Filling up the DagBag from /opt/airflow/dags/spark_pipeline_dag.py
[2026-08-10T18:11:35.802+0000] {processor.py:840} INFO - DAG(s) 'air_quality_pipeline' retrieved from /opt/airflow/dags/spark_pipeline_dag.py
[2026-08-10T18:11:35.820+0000] {logging_mixin.py:188} INFO - [2026-08-10T18:11:35.819+0000] {dag.py:3036} INFO - Sync 1 DAGs
[2026-08-10T18:11:35.839+0000] {logging_mixin.py:188} INFO - [2026-08-10T18:11:35.839+0000] {dag.py:3823} INFO - Setting next_dagrun for air_quality_pipeline to 2026-08-10 18:05:00+00:00, run_after=2026-08-10 19:05:00+00:00
[2026-08-10T18:11:35.864+0000] {processor.py:183} INFO - Processing /opt/airflow/dags/spark_pipeline_dag.py took 0.084 seconds
[2026-08-10T18:12:06.221+0000] {processor.py:161} INFO - Started process (PID=21522) to work on /opt/airflow/dags/spark_pipeline_dag.py
[2026-08-10T18:12:06.223+0000] {processor.py:830} INFO - Processing file /opt/airflow/dags/spark_pipeline_dag.py for tasks to queue
[2026-08-10T18:12:06.224+0000] {logging_mixin.py:188} INFO - [2026-08-10T18:12:06.223+0000] {dagbag.py:538} INFO - Filling up the DagBag from /opt/airflow/dags/spark_pipeline_dag.py
[2026-08-10T18:12:06.246+0000] {processor.py:840} INFO - DAG(s) 'air_quality_pipeline' retrieved from /opt/airflow/dags/spark_pipeline_dag.py
[2026-08-10T18:12:06.271+0000] {logging_mixin.py:188} INFO - [2026-08-10T18:12:06.271+0000] {dag.py:3036} INFO - Sync 1 DAGs
[2026-08-10T18:12:06.297+0000] {logging_mixin.py:188} INFO - [2026-08-10T18:12:06.296+0000] {dag.py:3823} INFO - Setting next_dagrun for air_quality_pipeline to 2026-08-10 18:05:00+00:00, run_after=2026-08-10 19:05:00+00:00
[2026-08-10T18:12:06.317+0000] {processor.py:183} INFO - Processing /opt/airflow/dags/spark_pipeline_dag.py took 0.098 seconds
[2026-08-10T18:12:36.663+0000] {processor.py:161} INFO - Started process (PID=21532) to work on /opt/airflow/dags/spark_pipeline_dag.py
[2026-08-10T18:12:36.665+0000] {processor.py:830} INFO - Processing file /opt/airflow/dags/spark_pipeline_dag.py for tasks to queue
[2026-08-10T18:12:36.666+0000] {logging_mixin.py:188} INFO - [2026-08-10T18:12:36.665+0000] {dagbag.py:538} INFO - Filling up the DagBag from /opt/airflow/dags/spark_pipeline_dag.py
[2026-08-10T18:12:36.686+0000] {processor.py:840} INFO - DAG(s) 'air_quality_pipeline' retrieved from /opt/airflow/dags/spark_pipeline_dag.py
[2026-08-10T18:12:36.705+0000] {logging_mixin.py:188} INFO - [2026-08-10T18:12:36.704+0000] {dag.py:3036} INFO - Sync 1 DAGs
[2026-08-10T18:12:36.723+0000] {logging_mixin.py:188} INFO - [2026-08-10T18:12:36.723+0000] {dag.py:3823} INFO - Setting next_dagrun for air_quality_pipeline to 2026-08-10 18:05:00+00:00, run_after=2026-08-10 19:05:00+00:00
[2026-08-10T18:12:36.743+0000] {processor.py:183} INFO - Processing /opt/airflow/dags/spark_pipeline_dag.py took 0.082 seconds
[2026-08-10T18:13:07.111+0000] {processor.py:161} INFO - Started process (PID=21542) to work on /opt/airflow/dags/spark_pipeline_dag.py
[2026-08-10T18:13:07.113+0000] {processor.py:830} INFO - Processing file /opt/airflow/dags/spark_pipeline_dag.py for tasks to queue
[2026-08-10T18:13:07.114+0000] {logging_mixin.py:188} INFO - [2026-08-10T18:13:07.113+0000] {dagbag.py:538} INFO - Filling up the DagBag from /opt/airflow/dags/spark_pipeline_dag.py
[2026-08-10T18:13:07.136+0000] {processor.py:840} INFO - DAG(s) 'air_quality_pipeline' retrieved from /opt/airflow/dags/spark_pipeline_dag.py
[2026-08-10T18:13:07.155+0000] {logging_mixin.py:188} INFO - [2026-08-10T18:13:07.155+0000] {dag.py:3036} INFO - Sync 1 DAGs
[2026-08-10T18:13:07.176+0000] {logging_mixin.py:188} INFO - [2026-08-10T18:13:07.176+0000] {dag.py:3823} INFO - Setting next_dagrun for air_quality_pipeline to 2026-08-10 18:05:00+00:00, run_after=2026-08-10 19:05:00+00:00
[2026-08-10T18:13:07.197+0000] {processor.py:183} INFO - Processing /opt/airflow/dags/spark_pipeline_dag.py took 0.088 seconds
[2026-08-10T18:13:37.507+0000] {processor.py:161} INFO - Started process (PID=21552) to work on /opt/airflow/dags/spark_pipeline_dag.py
[2026-08-10T18:13:37.508+0000] {processor.py:830} INFO - Processing file /opt/airflow/dags/spark_pipeline_dag.py for tasks to queue
[2026-08-10T18:13:37.509+0000] {logging_mixin.py:188} INFO - [2026-08-10T18:13:37.509+0000] {dagbag.py:538} INFO - Filling up the DagBag from /opt/airflow/dags/spark_pipeline_dag.py
[2026-08-10T18:13:37.533+0000] {processor.py:840} INFO - DAG(s) 'air_quality_pipeline' retrieved from /opt/airflow/dags/spark_pipeline_dag.py
[2026-08-10T18:13:37.552+0000] {logging_mixin.py:188} INFO - [2026-08-10T18:13:37.552+0000] {dag.py:3036} INFO - Sync 1 DAGs
[2026-08-10T18:13:37.573+0000] {logging_mixin.py:188} INFO - [2026-08-10T18:13:37.573+0000] {dag.py:3823} INFO - Setting next_dagrun for air_quality_pipeline to 2026-08-10 18:05:00+00:00, run_after=2026-08-10 19:05:00+00:00
[2026-08-10T18:13:37.593+0000] {processor.py:183} INFO - Processing /opt/airflow/dags/spark_pipeline_dag.py took 0.089 seconds
[2026-08-10T18:14:07.924+0000] {processor.py:161} INFO - Started process (PID=21562) to work on /opt/airflow/dags/spark_pipeline_dag.py
[2026-08-10T18:14:07.925+0000] {processor.py:830} INFO - Processing file /opt/airflow/dags/spark_pipeline_dag.py for tasks to queue
[2026-08-10T18:14:07.927+0000] {logging_mixin.py:188} INFO - [2026-08-10T18:14:07.927+0000] {dagbag.py:538} INFO - Filling up the DagBag from /opt/airflow/dags/spark_pipeline_dag.py
[2026-08-10T18:14:07.950+0000] {processor.py:840} INFO - DAG(s) 'air_quality_pipeline' retrieved from /opt/airflow/dags/spark_pipeline_dag.py
[2026-08-10T18:14:07.968+0000] {logging_mixin.py:188} INFO - [2026-08-10T18:14:07.968+0000] {dag.py:3036} INFO - Sync 1 DAGs
[2026-08-10T18:14:07.985+0000] {logging_mixin.py:188} INFO - [2026-08-10T18:14:07.985+0000] {dag.py:3823} INFO - Setting next_dagrun for air_quality_pipeline to 2026-08-10 18:05:00+00:00, run_after=2026-08-10 19:05:00+00:00
[2026-08-10T18:14:08.003+0000] {processor.py:183} INFO - Processing /opt/airflow/dags/spark_pipeline_dag.py took 0.082 seconds
[2026-08-10T18:14:38.322+0000] {processor.py:161} INFO - Started process (PID=21572) to work on /opt/airflow/dags/spark_pipeline_dag.py
[2026-08-10T18:14:38.324+0000] {processor.py:830} INFO - Processing file /opt/airflow/dags/spark_pipeline_dag.py for tasks to queue
[2026-08-10T18:14:38.325+0000] {logging_mixin.py:188} INFO - [2026-08-10T18:14:38.324+0000] {dagbag.py:538} INFO - Filling up the DagBag from /opt/airflow/dags/spark_pipeline_dag.py
[2026-08-10T18:14:38.356+0000] {processor.py:840} INFO - DAG(s) 'air_quality_pipeline' retrieved from /opt/airflow/dags/spark_pipeline_dag.py
[2026-08-10T18:14:38.382+0000] {logging_mixin.py:188} INFO - [2026-08-10T18:14:38.381+0000] {dag.py:3036} INFO - Sync 1 DAGs
[2026-08-10T18:14:38.406+0000] {logging_mixin.py:188} INFO - [2026-08-10T18:14:38.405+0000] {dag.py:3823} INFO - Setting next_dagrun for air_quality_pipeline to 2026-08-10 18:05:00+00:00, run_after=2026-08-10 19:05:00+00:00
[2026-08-10T18:14:38.430+0000] {processor.py:183} INFO - Processing /opt/airflow/dags/spark_pipeline_dag.py took 0.112 seconds
[2026-08-10T18:15:08.743+0000] {processor.py:161} INFO - Started process (PID=21582) to work on /opt/airflow/dags/spark_pipeline_dag.py
[2026-08-10T18:15:08.745+0000] {processor.py:830} INFO - Processing file /opt/airflow/dags/spark_pipeline_dag.py for tasks to queue
[2026-08-10T18:15:08.746+0000] {logging_mixin.py:188} INFO - [2026-08-10T18:15:08.745+0000] {dagbag.py:538} INFO - Filling up the DagBag from /opt/airflow/dags/spark_pipeline_dag.py
[2026-08-10T18:15:08.768+0000] {processor.py:840} INFO - DAG(s) 'air_quality_pipeline' retrieved from /opt/airflow/dags/spark_pipeline_dag.py
[2026-08-10T18:15:08.789+0000] {logging_mixin.py:188} INFO - [2026-08-10T18:15:08.789+0000] {dag.py:3036} INFO - Sync 1 DAGs
[2026-08-10T18:15:08.807+0000] {logging_mixin.py:188} INFO - [2026-08-10T18:15:08.807+0000] {dag.py:3823} INFO - Setting next_dagrun for air_quality_pipeline to 2026-08-10 18:05:00+00:00, run_after=2026-08-10 19:05:00+00:00
[2026-08-10T18:15:08.826+0000] {processor.py:183} INFO - Processing /opt/airflow/dags/spark_pipeline_dag.py took 0.086 seconds
[2026-08-10T18:15:39.198+0000] {processor.py:161} INFO - Started process (PID=21592) to work on /opt/airflow/dags/spark_pipeline_dag.py
[2026-08-10T18:15:39.200+0000] {processor.py:830} INFO - Processing file /opt/airflow/dags/spark_pipeline_dag.py for tasks to queue
[2026-08-10T18:15:39.201+0000] {logging_mixin.py:188} INFO - [2026-08-10T18:15:39.200+0000] {dagbag.py:538} INFO - Filling up the DagBag from /opt/airflow/dags/spark_pipeline_dag.py
[2026-08-10T18:15:39.225+0000] {processor.py:840} INFO - DAG(s) 'air_quality_pipeline' retrieved from /opt/airflow/dags/spark_pipeline_dag.py
[2026-08-10T18:15:39.247+0000] {logging_mixin.py:188} INFO - [2026-08-10T18:15:39.247+0000] {dag.py:3036} INFO - Sync 1 DAGs
[2026-08-10T18:15:39.270+0000] {logging_mixin.py:188} INFO - [2026-08-10T18:15:39.270+0000] {dag.py:3823} INFO - Setting next_dagrun for air_quality_pipeline to 2026-08-10 18:05:00+00:00, run_after=2026-08-10 19:05:00+00:00
[2026-08-10T18:15:39.289+0000] {processor.py:183} INFO - Processing /opt/airflow/dags/spark_pipeline_dag.py took 0.093 seconds
[2026-08-10T18:16:09.649+0000] {processor.py:161} INFO - Started process (PID=21602) to work on /opt/airflow/dags/spark_pipeline_dag.py
[2026-08-10T18:16:09.650+0000] {processor.py:830} INFO - Processing file /opt/airflow/dags/spark_pipeline_dag.py for tasks to queue
[2026-08-10T18:16:09.651+0000] {logging_mixin.py:188} INFO - [2026-08-10T18:16:09.650+0000] {dagbag.py:538} INFO - Filling up the DagBag from /opt/airflow/dags/spark_pipeline_dag.py
[2026-08-10T18:16:09.670+0000] {processor.py:840} INFO - DAG(s) 'air_quality_pipeline' retrieved from /opt/airflow/dags/spark_pipeline_dag.py
[2026-08-10T18:16:09.692+0000] {logging_mixin.py:188} INFO - [2026-08-10T18:16:09.692+0000] {dag.py:3036} INFO - Sync 1 DAGs
[2026-08-10T18:16:09.712+0000] {logging_mixin.py:188} INFO - [2026-08-10T18:16:09.712+0000] {dag.py:3823} INFO - Setting next_dagrun for air_quality_pipeline to 2026-08-10 18:05:00+00:00, run_after=2026-08-10 19:05:00+00:00
[2026-08-10T18:16:09.732+0000] {processor.py:183} INFO - Processing /opt/airflow/dags/spark_pipeline_dag.py took 0.086 seconds
[2026-08-10T18:16:40.061+0000] {processor.py:161} INFO - Started process (PID=21612) to work on /opt/airflow/dags/spark_pipeline_dag.py
[2026-08-10T18:16:40.063+0000] {processor.py:830} INFO - Processing file /opt/airflow/dags/spark_pipeline_dag.py for tasks to queue
[2026-08-10T18:16:40.064+0000] {logging_mixin.py:188} INFO - [2026-08-10T18:16:40.063+0000] {dagbag.py:538} INFO - Filling up the DagBag from /opt/airflow/dags/spark_pipeline_dag.py
[2026-08-10T18:16:40.093+0000] {processor.py:840} INFO - DAG(s) 'air_quality_pipeline' retrieved from /opt/airflow/dags/spark_pipeline_dag.py
[2026-08-10T18:16:40.125+0000] {logging_mixin.py:188} INFO - [2026-08-10T18:16:40.125+0000] {dag.py:3036} INFO - Sync 1 DAGs
[2026-08-10T18:16:40.148+0000] {logging_mixin.py:188} INFO - [2026-08-10T18:16:40.148+0000] {dag.py:3823} INFO - Setting next_dagrun for air_quality_pipeline to 2026-08-10 18:05:00+00:00, run_after=2026-08-10 19:05:00+00:00
[2026-08-10T18:16:40.165+0000] {processor.py:183} INFO - Processing /opt/airflow/dags/spark_pipeline_dag.py took 0.107 seconds
[2026-08-10T18:17:10.498+0000] {processor.py:161} INFO - Started process (PID=21622) to work on /opt/airflow/dags/spark_pipeline_dag.py
[2026-08-10T18:17:10.499+0000] {processor.py:830} INFO - Processing file /opt/airflow/dags/spark_pipeline_dag.py for tasks to queue
[2026-08-10T18:17:10.500+0000] {logging_mixin.py:188} INFO - [2026-08-10T18:17:10.500+0000] {dagbag.py:538} INFO - Filling up the DagBag from /opt/airflow/dags/spark_pipeline_dag.py
[2026-08-10T18:17:10.522+0000] {processor.py:840} INFO - DAG(s) 'air_quality_pipeline' retrieved from /opt/airflow/dags/spark_pipeline_dag.py
[2026-08-10T18:17:10.540+0000] {logging_mixin.py:188} INFO - [2026-08-10T18:17:10.540+0000] {dag.py:3036} INFO - Sync 1 DAGs
[2026-08-10T18:17:10.559+0000] {logging_mixin.py:188} INFO - [2026-08-10T18:17:10.558+0000] {dag.py:3823} INFO - Setting next_dagrun for air_quality_pipeline to 2026-08-10 18:05:00+00:00, run_after=2026-08-10 19:05:00+00:00
[2026-08-10T18:17:10.576+0000] {processor.py:183} INFO - Processing /opt/airflow/dags/spark_pipeline_dag.py took 0.081 seconds
[2026-08-10T18:17:40.912+0000] {processor.py:161} INFO - Started process (PID=21632) to work on /opt/airflow/dags/spark_pipeline_dag.py
[2026-08-10T18:17:40.913+0000] {processor.py:830} INFO - Processing file /opt/airflow/dags/spark_pipeline_dag.py for tasks to queue
[2026-08-10T18:17:40.914+0000] {logging_mixin.py:188} INFO - [2026-08-10T18:17:40.914+0000] {dagbag.py:538} INFO - Filling up the DagBag from /opt/airflow/dags/spark_pipeline_dag.py
[2026-08-10T18:17:40.937+0000] {processor.py:840} INFO - DAG(s) 'air_quality_pipeline' retrieved from /opt/airflow/dags/spark_pipeline_dag.py
[2026-08-10T18:17:40.955+0000] {logging_mixin.py:188} INFO - [2026-08-10T18:17:40.955+0000] {dag.py:3036} INFO - Sync 1 DAGs
[2026-08-10T18:17:40.979+0000] {logging_mixin.py:188} INFO - [2026-08-10T18:17:40.979+0000] {dag.py:3823} INFO - Setting next_dagrun for air_quality_pipeline to 2026-08-10 18:05:00+00:00, run_after=2026-08-10 19:05:00+00:00
[2026-08-10T18:17:41.000+0000] {processor.py:183} INFO - Processing /opt/airflow/dags/spark_pipeline_dag.py took 0.090 seconds
[2026-08-10T18:18:11.333+0000] {processor.py:161} INFO - Started process (PID=21642) to work on /opt/airflow/dags/spark_pipeline_dag.py
[2026-08-10T18:18:11.334+0000] {processor.py:830} INFO - Processing file /opt/airflow/dags/spark_pipeline_dag.py for tasks to queue
[2026-08-10T18:18:11.335+0000] {logging_mixin.py:188} INFO - [2026-08-10T18:18:11.335+0000] {dagbag.py:538} INFO - Filling up the DagBag from /opt/airflow/dags/spark_pipeline_dag.py
[2026-08-10T18:18:11.361+0000] {processor.py:840} INFO - DAG(s) 'air_quality_pipeline' retrieved from /opt/airflow/dags/spark_pipeline_dag.py
[2026-08-10T18:18:11.379+0000] {logging_mixin.py:188} INFO - [2026-08-10T18:18:11.379+0000] {dag.py:3036} INFO - Sync 1 DAGs
[2026-08-10T18:18:11.397+0000] {logging_mixin.py:188} INFO - [2026-08-10T18:18:11.397+0000] {dag.py:3823} INFO - Setting next_dagrun for air_quality_pipeline to 2026-08-10 18:05:00+00:00, run_after=2026-08-10 19:05:00+00:00
[2026-08-10T18:18:11.415+0000] {processor.py:183} INFO - Processing /opt/airflow/dags/spark_pipeline_dag.py took 0.085 seconds
[2026-08-10T18:18:41.718+0000] {processor.py:161} INFO - Started process (PID=21652) to work on /opt/airflow/dags/spark_pipeline_dag.py
[2026-08-10T18:18:41.719+0000] {processor.py:830} INFO - Processing file /opt/airflow/dags/spark_pipeline_dag.py for tasks to queue
[2026-08-10T18:18:41.720+0000] {logging_mixin.py:188} INFO - [2026-08-10T18:18:41.720+0000] {dagbag.py:538} INFO - Filling up the DagBag from /opt/airflow/dags/spark_pipeline_dag.py
[2026-08-10T18:18:41.742+0000] {processor.py:840} INFO - DAG(s) 'air_quality_pipeline' retrieved from /opt/airflow/dags/spark_pipeline_dag.py
[2026-08-10T18:18:41.760+0000] {logging_mixin.py:188} INFO - [2026-08-10T18:18:41.759+0000] {dag.py:3036} INFO - Sync 1 DAGs
[2026-08-10T18:18:41.776+0000] {logging_mixin.py:188} INFO - [2026-08-10T18:18:41.776+0000] {dag.py:3823} INFO - Setting next_dagrun for air_quality_pipeline to 2026-08-10 18:05:00+00:00, run_after=2026-08-10 19:05:00+00:00
[2026-08-10T18:18:41.791+0000] {processor.py:183} INFO - Processing /opt/airflow/dags/spark_pipeline_dag.py took 0.076 seconds
[2026-08-10T18:19:12.146+0000] {processor.py:161} INFO - Started process (PID=21662) to work on /opt/airflow/dags/spark_pipeline_dag.py
[2026-08-10T18:19:12.147+0000] {processor.py:830} INFO - Processing file /opt/airflow/dags/spark_pipeline_dag.py for tasks to queue
[2026-08-10T18:19:12.148+0000] {logging_mixin.py:188} INFO - [2026-08-10T18:19:12.148+0000] {dagbag.py:538} INFO - Filling up the DagBag from /opt/airflow/dags/spark_pipeline_dag.py
[2026-08-10T18:19:12.170+0000] {processor.py:840} INFO - DAG(s) 'air_quality_pipeline' retrieved from /opt/airflow/dags/spark_pipeline_dag.py
[2026-08-10T18:19:12.192+0000] {logging_mixin.py:188} INFO - [2026-08-10T18:19:12.191+0000] {dag.py:3036} INFO - Sync 1 DAGs
[2026-08-10T18:19:12.211+0000] {logging_mixin.py:188} INFO - [2026-08-10T18:19:12.211+0000] {dag.py:3823} INFO - Setting next_dagrun for air_quality_pipeline to 2026-08-10 18:05:00+00:00, run_after=2026-08-10 19:05:00+00:00
[2026-08-10T18:19:12.229+0000] {processor.py:183} INFO - Processing /opt/airflow/dags/spark_pipeline_dag.py took 0.086 seconds
[2026-08-10T18:19:42.553+0000] {processor.py:161} INFO - Started process (PID=21672) to work on /opt/airflow/dags/spark_pipeline_dag.py
[2026-08-10T18:19:42.554+0000] {processor.py:830} INFO - Processing file /opt/airflow/dags/spark_pipeline_dag.py for tasks to queue
[2026-08-10T18:19:42.555+0000] {logging_mixin.py:188} INFO - [2026-08-10T18:19:42.555+0000] {dagbag.py:538} INFO - Filling up the DagBag from /opt/airflow/dags/spark_pipeline_dag.py
[2026-08-10T18:19:42.575+0000] {processor.py:840} INFO - DAG(s) 'air_quality_pipeline' retrieved from /opt/airflow/dags/spark_pipeline_dag.py
[2026-08-10T18:19:42.600+0000] {logging_mixin.py:188} INFO - [2026-08-10T18:19:42.599+0000] {dag.py:3036} INFO - Sync 1 DAGs
[2026-08-10T18:19:42.620+0000] {logging_mixin.py:188} INFO - [2026-08-10T18:19:42.620+0000] {dag.py:3823} INFO - Setting next_dagrun for air_quality_pipeline to 2026-08-10 18:05:00+00:00, run_after=2026-08-10 19:05:00+00:00
[2026-08-10T18:19:42.639+0000] {processor.py:183} INFO - Processing /opt/airflow/dags/spark_pipeline_dag.py took 0.089 seconds
[2026-08-10T18:20:13.024+0000] {processor.py:161} INFO - Started process (PID=21682) to work on /opt/airflow/dags/spark_pipeline_dag.py
[2026-08-10T18:20:13.029+0000] {processor.py:830} INFO - Processing file /opt/airflow/dags/spark_pipeline_dag.py for tasks to queue
[2026-08-10T18:20:13.030+0000] {logging_mixin.py:188} INFO - [2026-08-10T18:20:13.030+0000] {dagbag.py:538} INFO - Filling up the DagBag from /opt/airflow/dags/spark_pipeline_dag.py
[2026-08-10T18:20:13.052+0000] {processor.py:840} INFO - DAG(s) 'air_quality_pipeline' retrieved from /opt/airflow/dags/spark_pipeline_dag.py
[2026-08-10T18:20:13.073+0000] {logging_mixin.py:188} INFO - [2026-08-10T18:20:13.073+0000] {dag.py:3036} INFO - Sync 1 DAGs
[2026-08-10T18:20:13.091+0000] {logging_mixin.py:188} INFO - [2026-08-10T18:20:13.091+0000] {dag.py:3823} INFO - Setting next_dagrun for air_quality_pipeline to 2026-08-10 18:05:00+00:00, run_after=2026-08-10 19:05:00+00:00
[2026-08-10T18:20:13.111+0000] {processor.py:183} INFO - Processing /opt/airflow/dags/spark_pipeline_dag.py took 0.090 seconds
[2026-08-10T18:20:43.444+0000] {processor.py:161} INFO - Started process (PID=21692) to work on /opt/airflow/dags/spark_pipeline_dag.py
[2026-08-10T18:20:43.445+0000] {processor.py:830} INFO - Processing file /opt/airflow/dags/spark_pipeline_dag.py for tasks to queue
[2026-08-10T18:20:43.447+0000] {logging_mixin.py:188} INFO - [2026-08-10T18:20:43.446+0000] {dagbag.py:538} INFO - Filling up the DagBag from /opt/airflow/dags/spark_pipeline_dag.py
[2026-08-10T18:20:43.473+0000] {processor.py:840} INFO - DAG(s) 'air_quality_pipeline' retrieved from /opt/airflow/dags/spark_pipeline_dag.py
[2026-08-10T18:20:43.497+0000] {logging_mixin.py:188} INFO - [2026-08-10T18:20:43.497+0000] {dag.py:3036} INFO - Sync 1 DAGs
[2026-08-10T18:20:43.520+0000] {logging_mixin.py:188} INFO - [2026-08-10T18:20:43.520+0000] {dag.py:3823} INFO - Setting next_dagrun for air_quality_pipeline to 2026-08-10 18:05:00+00:00, run_after=2026-08-10 19:05:00+00:00
[2026-08-10T18:20:43.540+0000] {processor.py:183} INFO - Processing /opt/airflow/dags/spark_pipeline_dag.py took 0.099 seconds
[2026-08-10T18:21:13.839+0000] {processor.py:161} INFO - Started process (PID=21702) to work on /opt/airflow/dags/spark_pipeline_dag.py
[2026-08-10T18:21:13.840+0000] {processor.py:830} INFO - Processing file /opt/airflow/dags/spark_pipeline_dag.py for tasks to queue
[2026-08-10T18:21:13.841+0000] {logging_mixin.py:188} INFO - [2026-08-10T18:21:13.841+0000] {dagbag.py:538} INFO - Filling up the DagBag from /opt/airflow/dags/spark_pipeline_dag.py
[2026-08-10T18:21:13.882+0000] {processor.py:840} INFO - DAG(s) 'air_quality_pipeline' retrieved from /opt/airflow/dags/spark_pipeline_dag.py
[2026-08-10T18:21:13.903+0000] {logging_mixin.py:188} INFO - [2026-08-10T18:21:13.903+0000] {dag.py:3036} INFO - Sync 1 DAGs
[2026-08-10T18:21:13.921+0000] {logging_mixin.py:188} INFO - [2026-08-10T18:21:13.921+0000] {dag.py:3823} INFO - Setting next_dagrun for air_quality_pipeline to 2026-08-10 18:05:00+00:00, run_after=2026-08-10 19:05:00+00:00
[2026-08-10T18:21:13.940+0000] {processor.py:183} INFO - Processing /opt/airflow/dags/spark_pipeline_dag.py took 0.104 seconds
[2026-08-10T18:21:44.360+0000] {processor.py:161} INFO - Started process (PID=21712) to work on /opt/airflow/dags/spark_pipeline_dag.py
[2026-08-10T18:21:44.361+0000] {processor.py:830} INFO - Processing file /opt/airflow/dags/spark_pipeline_dag.py for tasks to queue
[2026-08-10T18:21:44.363+0000] {logging_mixin.py:188} INFO - [2026-08-10T18:21:44.362+0000] {dagbag.py:538} INFO - Filling up the DagBag from /opt/airflow/dags/spark_pipeline_dag.py
[2026-08-10T18:21:44.390+0000] {processor.py:840} INFO - DAG(s) 'air_quality_pipeline' retrieved from /opt/airflow/dags/spark_pipeline_dag.py
[2026-08-10T18:21:44.410+0000] {logging_mixin.py:188} INFO - [2026-08-10T18:21:44.409+0000] {dag.py:3036} INFO - Sync 1 DAGs
[2026-08-10T18:21:44.428+0000] {logging_mixin.py:188} INFO - [2026-08-10T18:21:44.428+0000] {dag.py:3823} INFO - Setting next_dagrun for air_quality_pipeline to 2026-08-10 18:05:00+00:00, run_after=2026-08-10 19:05:00+00:00
[2026-08-10T18:21:44.446+0000] {processor.py:183} INFO - Processing /opt/airflow/dags/spark_pipeline_dag.py took 0.089 seconds
[2026-08-10T18:22:14.892+0000] {processor.py:161} INFO - Started process (PID=21722) to work on /opt/airflow/dags/spark_pipeline_dag.py
[2026-08-10T18:22:14.893+0000] {processor.py:830} INFO - Processing file /opt/airflow/dags/spark_pipeline_dag.py for tasks to queue
[2026-08-10T18:22:14.894+0000] {logging_mixin.py:188} INFO - [2026-08-10T18:22:14.894+0000] {dagbag.py:538} INFO - Filling up the DagBag from /opt/airflow/dags/spark_pipeline_dag.py
[2026-08-10T18:22:14.919+0000] {processor.py:840} INFO - DAG(s) 'air_quality_pipeline' retrieved from /opt/airflow/dags/spark_pipeline_dag.py
[2026-08-10T18:22:14.938+0000] {logging_mixin.py:188} INFO - [2026-08-10T18:22:14.937+0000] {dag.py:3036} INFO - Sync 1 DAGs
[2026-08-10T18:22:14.956+0000] {logging_mixin.py:188} INFO - [2026-08-10T18:22:14.956+0000] {dag.py:3823} INFO - Setting next_dagrun for air_quality_pipeline to 2026-08-10 18:05:00+00:00, run_after=2026-08-10 19:05:00+00:00
[2026-08-10T18:22:14.976+0000] {processor.py:183} INFO - Processing /opt/airflow/dags/spark_pipeline_dag.py took 0.087 seconds
[2026-08-10T18:22:45.358+0000] {processor.py:161} INFO - Started process (PID=21732) to work on /opt/airflow/dags/spark_pipeline_dag.py
[2026-08-10T18:22:45.359+0000] {processor.py:830} INFO - Processing file /opt/airflow/dags/spark_pipeline_dag.py for tasks to queue
[2026-08-10T18:22:45.360+0000] {logging_mixin.py:188} INFO - [2026-08-10T18:22:45.359+0000] {dagbag.py:538} INFO - Filling up the DagBag from /opt/airflow/dags/spark_pipeline_dag.py
[2026-08-10T18:22:45.378+0000] {processor.py:840} INFO - DAG(s) 'air_quality_pipeline' retrieved from /opt/airflow/dags/spark_pipeline_dag.py
[2026-08-10T18:22:45.398+0000] {logging_mixin.py:188} INFO - [2026-08-10T18:22:45.398+0000] {dag.py:3036} INFO - Sync 1 DAGs
[2026-08-10T18:22:45.415+0000] {logging_mixin.py:188} INFO - [2026-08-10T18:22:45.415+0000] {dag.py:3823} INFO - Setting next_dagrun for air_quality_pipeline to 2026-08-10 18:05:00+00:00, run_after=2026-08-10 19:05:00+00:00
[2026-08-10T18:22:45.435+0000] {processor.py:183} INFO - Processing /opt/airflow/dags/spark_pipeline_dag.py took 0.080 seconds
[2026-08-10T18:23:15.831+0000] {processor.py:161} INFO - Started process (PID=21742) to work on /opt/airflow/dags/spark_pipeline_dag.py
[2026-08-10T18:23:15.832+0000] {processor.py:830} INFO - Processing file /opt/airflow/dags/spark_pipeline_dag.py for tasks to queue
[2026-08-10T18:23:15.833+0000] {logging_mixin.py:188} INFO - [2026-08-10T18:23:15.833+0000] {dagbag.py:538} INFO - Filling up the DagBag from /opt/airflow/dags/spark_pipeline_dag.py
[2026-08-10T18:23:15.858+0000] {processor.py:840} INFO - DAG(s) 'air_quality_pipeline' retrieved from /opt/airflow/dags/spark_pipeline_dag.py
[2026-08-10T18:23:15.879+0000] {logging_mixin.py:188} INFO - [2026-08-10T18:23:15.878+0000] {dag.py:3036} INFO - Sync 1 DAGs
[2026-08-10T18:23:15.898+0000] {logging_mixin.py:188} INFO - [2026-08-10T18:23:15.898+0000] {dag.py:3823} INFO - Setting next_dagrun for air_quality_pipeline to 2026-08-10 18:05:00+00:00, run_after=2026-08-10 19:05:00+00:00
[2026-08-10T18:23:15.917+0000] {processor.py:183} INFO - Processing /opt/airflow/dags/spark_pipeline_dag.py took 0.089 seconds
[2026-08-10T18:23:46.309+0000] {processor.py:161} INFO - Started process (PID=21752) to work on /opt/airflow/dags/spark_pipeline_dag.py
[2026-08-10T18:23:46.310+0000] {processor.py:830} INFO - Processing file /opt/airflow/dags/spark_pipeline_dag.py for tasks to queue
[2026-08-10T18:23:46.312+0000] {logging_mixin.py:188} INFO - [2026-08-10T18:23:46.311+0000] {dagbag.py:538} INFO - Filling up the DagBag from /opt/airflow/dags/spark_pipeline_dag.py
[2026-08-10T18:23:46.333+0000] {processor.py:840} INFO - DAG(s) 'air_quality_pipeline' retrieved from /opt/airflow/dags/spark_pipeline_dag.py
[2026-08-10T18:23:46.354+0000] {logging_mixin.py:188} INFO - [2026-08-10T18:23:46.353+0000] {dag.py:3036} INFO - Sync 1 DAGs
[2026-08-10T18:23:46.372+0000] {logging_mixin.py:188} INFO - [2026-08-10T18:23:46.372+0000] {dag.py:3823} INFO - Setting next_dagrun for air_quality_pipeline to 2026-08-10 18:05:00+00:00, run_after=2026-08-10 19:05:00+00:00
[2026-08-10T18:23:46.389+0000] {processor.py:183} INFO - Processing /opt/airflow/dags/spark_pipeline_dag.py took 0.083 seconds
[2026-08-10T18:24:16.875+0000] {processor.py:161} INFO - Started process (PID=21762) to work on /opt/airflow/dags/spark_pipeline_dag.py
[2026-08-10T18:24:16.882+0000] {processor.py:830} INFO - Processing file /opt/airflow/dags/spark_pipeline_dag.py for tasks to queue
[2026-08-10T18:24:16.889+0000] {logging_mixin.py:188} INFO - [2026-08-10T18:24:16.888+0000] {dagbag.py:538} INFO - Filling up the DagBag from /opt/airflow/dags/spark_pipeline_dag.py
[2026-08-10T18:24:16.976+0000] {processor.py:840} INFO - DAG(s) 'air_quality_pipeline' retrieved from /opt/airflow/dags/spark_pipeline_dag.py
[2026-08-10T18:24:17.001+0000] {logging_mixin.py:188} INFO - [2026-08-10T18:24:16.998+0000] {dag.py:3036} INFO - Sync 1 DAGs
[2026-08-10T18:24:17.032+0000] {logging_mixin.py:188} INFO - [2026-08-10T18:24:17.031+0000] {dag.py:3823} INFO - Setting next_dagrun for air_quality_pipeline to 2026-08-10 18:05:00+00:00, run_after=2026-08-10 19:05:00+00:00
[2026-08-10T18:24:17.055+0000] {processor.py:183} INFO - Processing /opt/airflow/dags/spark_pipeline_dag.py took 0.184 seconds
[2026-08-10T18:24:47.448+0000] {processor.py:161} INFO - Started process (PID=21772) to work on /opt/airflow/dags/spark_pipeline_dag.py
[2026-08-10T18:24:47.451+0000] {processor.py:830} INFO - Processing file /opt/airflow/dags/spark_pipeline_dag.py for tasks to queue
[2026-08-10T18:24:47.453+0000] {logging_mixin.py:188} INFO - [2026-08-10T18:24:47.452+0000] {dagbag.py:538} INFO - Filling up the DagBag from /opt/airflow/dags/spark_pipeline_dag.py
[2026-08-10T18:24:47.474+0000] {processor.py:840} INFO - DAG(s) 'air_quality_pipeline' retrieved from /opt/airflow/dags/spark_pipeline_dag.py
[2026-08-10T18:24:47.493+0000] {logging_mixin.py:188} INFO - [2026-08-10T18:24:47.493+0000] {dag.py:3036} INFO - Sync 1 DAGs
[2026-08-10T18:24:47.513+0000] {logging_mixin.py:188} INFO - [2026-08-10T18:24:47.513+0000] {dag.py:3823} INFO - Setting next_dagrun for air_quality_pipeline to 2026-08-10 18:05:00+00:00, run_after=2026-08-10 19:05:00+00:00
[2026-08-10T18:24:47.533+0000] {processor.py:183} INFO - Processing /opt/airflow/dags/spark_pipeline_dag.py took 0.088 seconds
[2026-08-10T18:25:17.970+0000] {processor.py:161} INFO - Started process (PID=21782) to work on /opt/airflow/dags/spark_pipeline_dag.py
[2026-08-10T18:25:17.971+0000] {processor.py:830} INFO - Processing file /opt/airflow/dags/spark_pipeline_dag.py for tasks to queue
[2026-08-10T18:25:17.972+0000] {logging_mixin.py:188} INFO - [2026-08-10T18:25:17.971+0000] {dagbag.py:538} INFO - Filling up the DagBag from /opt/airflow/dags/spark_pipeline_dag.py
[2026-08-10T18:25:18.001+0000] {processor.py:840} INFO - DAG(s) 'air_quality_pipeline' retrieved from /opt/airflow/dags/spark_pipeline_dag.py
[2026-08-10T18:25:18.023+0000] {logging_mixin.py:188} INFO - [2026-08-10T18:25:18.023+0000] {dag.py:3036} INFO - Sync 1 DAGs
[2026-08-10T18:25:18.041+0000] {logging_mixin.py:188} INFO - [2026-08-10T18:25:18.041+0000] {dag.py:3823} INFO - Setting next_dagrun for air_quality_pipeline to 2026-08-10 18:05:00+00:00, run_after=2026-08-10 19:05:00+00:00
[2026-08-10T18:25:18.061+0000] {processor.py:183} INFO - Processing /opt/airflow/dags/spark_pipeline_dag.py took 0.094 seconds
[2026-08-10T18:25:48.669+0000] {processor.py:161} INFO - Started process (PID=21792) to work on /opt/airflow/dags/spark_pipeline_dag.py
[2026-08-10T18:25:48.670+0000] {processor.py:830} INFO - Processing file /opt/airflow/dags/spark_pipeline_dag.py for tasks to queue
[2026-08-10T18:25:48.671+0000] {logging_mixin.py:188} INFO - [2026-08-10T18:25:48.671+0000] {dagbag.py:538} INFO - Filling up the DagBag from /opt/airflow/dags/spark_pipeline_dag.py
[2026-08-10T18:25:48.731+0000] {processor.py:840} INFO - DAG(s) 'air_quality_pipeline' retrieved from /opt/airflow/dags/spark_pipeline_dag.py
[2026-08-10T18:25:48.792+0000] {logging_mixin.py:188} INFO - [2026-08-10T18:25:48.792+0000] {dag.py:3036} INFO - Sync 1 DAGs
[2026-08-10T18:25:48.814+0000] {logging_mixin.py:188} INFO - [2026-08-10T18:25:48.814+0000] {dag.py:3823} INFO - Setting next_dagrun for air_quality_pipeline to 2026-08-10 18:05:00+00:00, run_after=2026-08-10 19:05:00+00:00
[2026-08-10T18:25:48.834+0000] {processor.py:183} INFO - Processing /opt/airflow/dags/spark_pipeline_dag.py took 0.168 seconds
[2026-08-10T18:26:19.271+0000] {processor.py:161} INFO - Started process (PID=21802) to work on /opt/airflow/dags/spark_pipeline_dag.py
[2026-08-10T18:26:19.272+0000] {processor.py:830} INFO - Processing file /opt/airflow/dags/spark_pipeline_dag.py for tasks to queue
[2026-08-10T18:26:19.273+0000] {logging_mixin.py:188} INFO - [2026-08-10T18:26:19.273+0000] {dagbag.py:538} INFO - Filling up the DagBag from /opt/airflow/dags/spark_pipeline_dag.py
[2026-08-10T18:26:19.299+0000] {processor.py:840} INFO - DAG(s) 'air_quality_pipeline' retrieved from /opt/airflow/dags/spark_pipeline_dag.py
[2026-08-10T18:26:19.320+0000] {logging_mixin.py:188} INFO - [2026-08-10T18:26:19.319+0000] {dag.py:3036} INFO - Sync 1 DAGs
[2026-08-10T18:26:19.341+0000] {logging_mixin.py:188} INFO - [2026-08-10T18:26:19.341+0000] {dag.py:3823} INFO - Setting next_dagrun for air_quality_pipeline to 2026-08-10 18:05:00+00:00, run_after=2026-08-10 19:05:00+00:00
[2026-08-10T18:26:19.361+0000] {processor.py:183} INFO - Processing /opt/airflow/dags/spark_pipeline_dag.py took 0.093 seconds
[2026-08-10T18:26:49.750+0000] {processor.py:161} INFO - Started process (PID=21812) to work on /opt/airflow/dags/spark_pipeline_dag.py
[2026-08-10T18:26:49.751+0000] {processor.py:830} INFO - Processing file /opt/airflow/dags/spark_pipeline_dag.py for tasks to queue
[2026-08-10T18:26:49.752+0000] {logging_mixin.py:188} INFO - [2026-08-10T18:26:49.752+0000] {dagbag.py:538} INFO - Filling up the DagBag from /opt/airflow/dags/spark_pipeline_dag.py
[2026-08-10T18:26:49.773+0000] {processor.py:840} INFO - DAG(s) 'air_quality_pipeline' retrieved from /opt/airflow/dags/spark_pipeline_dag.py
[2026-08-10T18:26:49.792+0000] {logging_mixin.py:188} INFO - [2026-08-10T18:26:49.791+0000] {dag.py:3036} INFO - Sync 1 DAGs
[2026-08-10T18:26:49.810+0000] {logging_mixin.py:188} INFO - [2026-08-10T18:26:49.810+0000] {dag.py:3823} INFO - Setting next_dagrun for air_quality_pipeline to 2026-08-10 18:05:00+00:00, run_after=2026-08-10 19:05:00+00:00
[2026-08-10T18:26:49.827+0000] {processor.py:183} INFO - Processing /opt/airflow/dags/spark_pipeline_dag.py took 0.080 seconds
[2026-08-10T18:27:20.292+0000] {processor.py:161} INFO - Started process (PID=21822) to work on /opt/airflow/dags/spark_pipeline_dag.py
[2026-08-10T18:27:20.293+0000] {processor.py:830} INFO - Processing file /opt/airflow/dags/spark_pipeline_dag.py for tasks to queue
[2026-08-10T18:27:20.294+0000] {logging_mixin.py:188} INFO - [2026-08-10T18:27:20.294+0000] {dagbag.py:538} INFO - Filling up the DagBag from /opt/airflow/dags/spark_pipeline_dag.py
[2026-08-10T18:27:20.309+0000] {processor.py:840} INFO - DAG(s) 'air_quality_pipeline' retrieved from /opt/airflow/dags/spark_pipeline_dag.py
[2026-08-10T18:27:20.328+0000] {logging_mixin.py:188} INFO - [2026-08-10T18:27:20.328+0000] {dag.py:3036} INFO - Sync 1 DAGs
[2026-08-10T18:27:20.347+0000] {logging_mixin.py:188} INFO - [2026-08-10T18:27:20.347+0000] {dag.py:3823} INFO - Setting next_dagrun for air_quality_pipeline to 2026-08-10 18:05:00+00:00, run_after=2026-08-10 19:05:00+00:00
[2026-08-10T18:27:20.363+0000] {processor.py:183} INFO - Processing /opt/airflow/dags/spark_pipeline_dag.py took 0.073 seconds
[2026-08-10T18:27:50.847+0000] {processor.py:161} INFO - Started process (PID=21832) to work on /opt/airflow/dags/spark_pipeline_dag.py
[2026-08-10T18:27:50.848+0000] {processor.py:830} INFO - Processing file /opt/airflow/dags/spark_pipeline_dag.py for tasks to queue
[2026-08-10T18:27:50.849+0000] {logging_mixin.py:188} INFO - [2026-08-10T18:27:50.848+0000] {dagbag.py:538} INFO - Filling up the DagBag from /opt/airflow/dags/spark_pipeline_dag.py
[2026-08-10T18:27:50.867+0000] {processor.py:840} INFO - DAG(s) 'air_quality_pipeline' retrieved from /opt/airflow/dags/spark_pipeline_dag.py
[2026-08-10T18:27:50.888+0000] {logging_mixin.py:188} INFO - [2026-08-10T18:27:50.888+0000] {dag.py:3036} INFO - Sync 1 DAGs
[2026-08-10T18:27:50.907+0000] {logging_mixin.py:188} INFO - [2026-08-10T18:27:50.907+0000] {dag.py:3823} INFO - Setting next_dagrun for air_quality_pipeline to 2026-08-10 18:05:00+00:00, run_after=2026-08-10 19:05:00+00:00
[2026-08-10T18:27:50.926+0000] {processor.py:183} INFO - Processing /opt/airflow/dags/spark_pipeline_dag.py took 0.082 seconds
[2026-08-10T18:28:21.320+0000] {processor.py:161} INFO - Started process (PID=21842) to work on /opt/airflow/dags/spark_pipeline_dag.py
[2026-08-10T18:28:21.321+0000] {processor.py:830} INFO - Processing file /opt/airflow/dags/spark_pipeline_dag.py for tasks to queue
[2026-08-10T18:28:21.322+0000] {logging_mixin.py:188} INFO - [2026-08-10T18:28:21.321+0000] {dagbag.py:538} INFO - Filling up the DagBag from /opt/airflow/dags/spark_pipeline_dag.py
[2026-08-10T18:28:21.348+0000] {processor.py:840} INFO - DAG(s) 'air_quality_pipeline' retrieved from /opt/airflow/dags/spark_pipeline_dag.py
[2026-08-10T18:28:21.369+0000] {logging_mixin.py:188} INFO - [2026-08-10T18:28:21.368+0000] {dag.py:3036} INFO - Sync 1 DAGs
[2026-08-10T18:28:21.388+0000] {logging_mixin.py:188} INFO - [2026-08-10T18:28:21.387+0000] {dag.py:3823} INFO - Setting next_dagrun for air_quality_pipeline to 2026-08-10 18:05:00+00:00, run_after=2026-08-10 19:05:00+00:00
[2026-08-10T18:28:21.406+0000] {processor.py:183} INFO - Processing /opt/airflow/dags/spark_pipeline_dag.py took 0.089 seconds
[2026-08-10T18:28:51.735+0000] {processor.py:161} INFO - Started process (PID=21852) to work on /opt/airflow/dags/spark_pipeline_dag.py
[2026-08-10T18:28:51.737+0000] {processor.py:830} INFO - Processing file /opt/airflow/dags/spark_pipeline_dag.py for tasks to queue
[2026-08-10T18:28:51.738+0000] {logging_mixin.py:188} INFO - [2026-08-10T18:28:51.737+0000] {dagbag.py:538} INFO - Filling up the DagBag from /opt/airflow/dags/spark_pipeline_dag.py
[2026-08-10T18:28:51.762+0000] {processor.py:840} INFO - DAG(s) 'air_quality_pipeline' retrieved from /opt/airflow/dags/spark_pipeline_dag.py
[2026-08-10T18:28:51.784+0000] {logging_mixin.py:188} INFO - [2026-08-10T18:28:51.783+0000] {dag.py:3036} INFO - Sync 1 DAGs
[2026-08-10T18:28:51.802+0000] {logging_mixin.py:188} INFO - [2026-08-10T18:28:51.802+0000] {dag.py:3823} INFO - Setting next_dagrun for air_quality_pipeline to 2026-08-10 18:05:00+00:00, run_after=2026-08-10 19:05:00+00:00
[2026-08-10T18:28:51.819+0000] {processor.py:183} INFO - Processing /opt/airflow/dags/spark_pipeline_dag.py took 0.086 seconds
[2026-08-10T18:29:22.257+0000] {processor.py:161} INFO - Started process (PID=21862) to work on /opt/airflow/dags/spark_pipeline_dag.py
[2026-08-10T18:29:22.259+0000] {processor.py:830} INFO - Processing file /opt/airflow/dags/spark_pipeline_dag.py for tasks to queue
[2026-08-10T18:29:22.259+0000] {logging_mixin.py:188} INFO - [2026-08-10T18:29:22.259+0000] {dagbag.py:538} INFO - Filling up the DagBag from /opt/airflow/dags/spark_pipeline_dag.py
[2026-08-10T18:29:22.281+0000] {processor.py:840} INFO - DAG(s) 'air_quality_pipeline' retrieved from /opt/airflow/dags/spark_pipeline_dag.py
[2026-08-10T18:29:22.300+0000] {logging_mixin.py:188} INFO - [2026-08-10T18:29:22.300+0000] {dag.py:3036} INFO - Sync 1 DAGs
[2026-08-10T18:29:22.318+0000] {logging_mixin.py:188} INFO - [2026-08-10T18:29:22.318+0000] {dag.py:3823} INFO - Setting next_dagrun for air_quality_pipeline to 2026-08-10 18:05:00+00:00, run_after=2026-08-10 19:05:00+00:00
[2026-08-10T18:29:22.335+0000] {processor.py:183} INFO - Processing /opt/airflow/dags/spark_pipeline_dag.py took 0.080 seconds
[2026-08-10T18:29:52.755+0000] {processor.py:161} INFO - Started process (PID=21872) to work on /opt/airflow/dags/spark_pipeline_dag.py
[2026-08-10T18:29:52.757+0000] {processor.py:830} INFO - Processing file /opt/airflow/dags/spark_pipeline_dag.py for tasks to queue
[2026-08-10T18:29:52.758+0000] {logging_mixin.py:188} INFO - [2026-08-10T18:29:52.758+0000] {dagbag.py:538} INFO - Filling up the DagBag from /opt/airflow/dags/spark_pipeline_dag.py
[2026-08-10T18:29:52.781+0000] {processor.py:840} INFO - DAG(s) 'air_quality_pipeline' retrieved from /opt/airflow/dags/spark_pipeline_dag.py
[2026-08-10T18:29:52.798+0000] {logging_mixin.py:188} INFO - [2026-08-10T18:29:52.798+0000] {dag.py:3036} INFO - Sync 1 DAGs
[2026-08-10T18:29:52.815+0000] {logging_mixin.py:188} INFO - [2026-08-10T18:29:52.815+0000] {dag.py:3823} INFO - Setting next_dagrun for air_quality_pipeline to 2026-08-10 18:05:00+00:00, run_after=2026-08-10 19:05:00+00:00
[2026-08-10T18:29:52.832+0000] {processor.py:183} INFO - Processing /opt/airflow/dags/spark_pipeline_dag.py took 0.080 seconds
[2026-08-10T18:30:23.329+0000] {processor.py:161} INFO - Started process (PID=21882) to work on /opt/airflow/dags/spark_pipeline_dag.py
[2026-08-10T18:30:23.331+0000] {processor.py:830} INFO - Processing file /opt/airflow/dags/spark_pipeline_dag.py for tasks to queue
[2026-08-10T18:30:23.332+0000] {logging_mixin.py:188} INFO - [2026-08-10T18:30:23.331+0000] {dagbag.py:538} INFO - Filling up the DagBag from /opt/airflow/dags/spark_pipeline_dag.py
[2026-08-10T18:30:23.352+0000] {processor.py:840} INFO - DAG(s) 'air_quality_pipeline' retrieved from /opt/airflow/dags/spark_pipeline_dag.py
[2026-08-10T18:30:23.369+0000] {logging_mixin.py:188} INFO - [2026-08-10T18:30:23.369+0000] {dag.py:3036} INFO - Sync 1 DAGs
[2026-08-10T18:30:23.387+0000] {logging_mixin.py:188} INFO - [2026-08-10T18:30:23.386+0000] {dag.py:3823} INFO - Setting next_dagrun for air_quality_pipeline to 2026-08-10 18:05:00+00:00, run_after=2026-08-10 19:05:00+00:00
[2026-08-10T18:30:23.404+0000] {processor.py:183} INFO - Processing /opt/airflow/dags/spark_pipeline_dag.py took 0.078 seconds
[2026-08-10T18:30:53.947+0000] {processor.py:161} INFO - Started process (PID=21892) to work on /opt/airflow/dags/spark_pipeline_dag.py
[2026-08-10T18:30:53.949+0000] {processor.py:830} INFO - Processing file /opt/airflow/dags/spark_pipeline_dag.py for tasks to queue
[2026-08-10T18:30:53.951+0000] {logging_mixin.py:188} INFO - [2026-08-10T18:30:53.950+0000] {dagbag.py:538} INFO - Filling up the DagBag from /opt/airflow/dags/spark_pipeline_dag.py
[2026-08-10T18:30:53.985+0000] {processor.py:840} INFO - DAG(s) 'air_quality_pipeline' retrieved from /opt/airflow/dags/spark_pipeline_dag.py
[2026-08-10T18:30:54.005+0000] {logging_mixin.py:188} INFO - [2026-08-10T18:30:54.005+0000] {dag.py:3036} INFO - Sync 1 DAGs
[2026-08-10T18:30:54.021+0000] {logging_mixin.py:188} INFO - [2026-08-10T18:30:54.021+0000] {dag.py:3823} INFO - Setting next_dagrun for air_quality_pipeline to 2026-08-10 18:05:00+00:00, run_after=2026-08-10 19:05:00+00:00
[2026-08-10T18:30:54.038+0000] {processor.py:183} INFO - Processing /opt/airflow/dags/spark_pipeline_dag.py took 0.097 seconds
[2026-08-10T18:31:24.534+0000] {processor.py:161} INFO - Started process (PID=21902) to work on /opt/airflow/dags/spark_pipeline_dag.py
[2026-08-10T18:31:24.535+0000] {processor.py:830} INFO - Processing file /opt/airflow/dags/spark_pipeline_dag.py for tasks to queue
[2026-08-10T18:31:24.537+0000] {logging_mixin.py:188} INFO - [2026-08-10T18:31:24.536+0000] {dagbag.py:538} INFO - Filling up the DagBag from /opt/airflow/dags/spark_pipeline_dag.py
[2026-08-10T18:31:24.566+0000] {processor.py:840} INFO - DAG(s) 'air_quality_pipeline' retrieved from /opt/airflow/dags/spark_pipeline_dag.py
[2026-08-10T18:31:24.583+0000] {logging_mixin.py:188} INFO - [2026-08-10T18:31:24.583+0000] {dag.py:3036} INFO - Sync 1 DAGs
[2026-08-10T18:31:24.599+0000] {logging_mixin.py:188} INFO - [2026-08-10T18:31:24.599+0000] {dag.py:3823} INFO - Setting next_dagrun for air_quality_pipeline to 2026-08-10 18:05:00+00:00, run_after=2026-08-10 19:05:00+00:00
[2026-08-10T18:31:24.615+0000] {processor.py:183} INFO - Processing /opt/airflow/dags/spark_pipeline_dag.py took 0.085 seconds
[2026-08-10T18:31:54.965+0000] {processor.py:161} INFO - Started process (PID=21912) to work on /opt/airflow/dags/spark_pipeline_dag.py
[2026-08-10T18:31:54.966+0000] {processor.py:830} INFO - Processing file /opt/airflow/dags/spark_pipeline_dag.py for tasks to queue
[2026-08-10T18:31:54.967+0000] {logging_mixin.py:188} INFO - [2026-08-10T18:31:54.966+0000] {dagbag.py:538} INFO - Filling up the DagBag from /opt/airflow/dags/spark_pipeline_dag.py
[2026-08-10T18:31:55.054+0000] {processor.py:840} INFO - DAG(s) 'air_quality_pipeline' retrieved from /opt/airflow/dags/spark_pipeline_dag.py
[2026-08-10T18:31:55.072+0000] {logging_mixin.py:188} INFO - [2026-08-10T18:31:55.072+0000] {dag.py:3036} INFO - Sync 1 DAGs
[2026-08-10T18:31:55.090+0000] {logging_mixin.py:188} INFO - [2026-08-10T18:31:55.090+0000] {dag.py:3823} INFO - Setting next_dagrun for air_quality_pipeline to 2026-08-10 18:05:00+00:00, run_after=2026-08-10 19:05:00+00:00
[2026-08-10T18:31:55.109+0000] {processor.py:183} INFO - Processing /opt/airflow/dags/spark_pipeline_dag.py took 0.147 seconds
[2026-08-10T18:32:25.354+0000] {processor.py:161} INFO - Started process (PID=21922) to work on /opt/airflow/dags/spark_pipeline_dag.py
[2026-08-10T18:32:25.356+0000] {processor.py:830} INFO - Processing file /opt/airflow/dags/spark_pipeline_dag.py for tasks to queue
[2026-08-10T18:32:25.357+0000] {logging_mixin.py:188} INFO - [2026-08-10T18:32:25.356+0000] {dagbag.py:538} INFO - Filling up the DagBag from /opt/airflow/dags/spark_pipeline_dag.py
[2026-08-10T18:32:25.373+0000] {processor.py:840} INFO - DAG(s) 'air_quality_pipeline' retrieved from /opt/airflow/dags/spark_pipeline_dag.py
[2026-08-10T18:32:25.394+0000] {logging_mixin.py:188} INFO - [2026-08-10T18:32:25.394+0000] {dag.py:3036} INFO - Sync 1 DAGs
[2026-08-10T18:32:25.423+0000] {logging_mixin.py:188} INFO - [2026-08-10T18:32:25.423+0000] {dag.py:3823} INFO - Setting next_dagrun for air_quality_pipeline to 2026-08-10 18:05:00+00:00, run_after=2026-08-10 19:05:00+00:00
[2026-08-10T18:32:25.440+0000] {processor.py:183} INFO - Processing /opt/airflow/dags/spark_pipeline_dag.py took 0.089 seconds
[2026-08-10T18:32:55.811+0000] {processor.py:161} INFO - Started process (PID=21932) to work on /opt/airflow/dags/spark_pipeline_dag.py
[2026-08-10T18:32:55.813+0000] {processor.py:830} INFO - Processing file /opt/airflow/dags/spark_pipeline_dag.py for tasks to queue
[2026-08-10T18:32:55.814+0000] {logging_mixin.py:188} INFO - [2026-08-10T18:32:55.813+0000] {dagbag.py:538} INFO - Filling up the DagBag from /opt/airflow/dags/spark_pipeline_dag.py
[2026-08-10T18:32:55.840+0000] {processor.py:840} INFO - DAG(s) 'air_quality_pipeline' retrieved from /opt/airflow/dags/spark_pipeline_dag.py
[2026-08-10T18:32:55.862+0000] {logging_mixin.py:188} INFO - [2026-08-10T18:32:55.862+0000] {dag.py:3036} INFO - Sync 1 DAGs
[2026-08-10T18:32:55.883+0000] {logging_mixin.py:188} INFO - [2026-08-10T18:32:55.882+0000] {dag.py:3823} INFO - Setting next_dagrun for air_quality_pipeline to 2026-08-10 18:05:00+00:00, run_after=2026-08-10 19:05:00+00:00
[2026-08-10T18:32:55.904+0000] {processor.py:183} INFO - Processing /opt/airflow/dags/spark_pipeline_dag.py took 0.098 seconds
[2026-08-10T18:33:26.296+0000] {processor.py:161} INFO - Started process (PID=21942) to work on /opt/airflow/dags/spark_pipeline_dag.py
[2026-08-10T18:33:26.298+0000] {processor.py:830} INFO - Processing file /opt/airflow/dags/spark_pipeline_dag.py for tasks to queue
[2026-08-10T18:33:26.299+0000] {logging_mixin.py:188} INFO - [2026-08-10T18:33:26.298+0000] {dagbag.py:538} INFO - Filling up the DagBag from /opt/airflow/dags/spark_pipeline_dag.py
[2026-08-10T18:33:26.320+0000] {processor.py:840} INFO - DAG(s) 'air_quality_pipeline' retrieved from /opt/airflow/dags/spark_pipeline_dag.py
[2026-08-10T18:33:26.340+0000] {logging_mixin.py:188} INFO - [2026-08-10T18:33:26.340+0000] {dag.py:3036} INFO - Sync 1 DAGs
[2026-08-10T18:33:26.358+0000] {logging_mixin.py:188} INFO - [2026-08-10T18:33:26.358+0000] {dag.py:3823} INFO - Setting next_dagrun for air_quality_pipeline to 2026-08-10 18:05:00+00:00, run_after=2026-08-10 19:05:00+00:00
[2026-08-10T18:33:26.374+0000] {processor.py:183} INFO - Processing /opt/airflow/dags/spark_pipeline_dag.py took 0.080 seconds
[2026-08-10T18:33:56.953+0000] {processor.py:161} INFO - Started process (PID=21952) to work on /opt/airflow/dags/spark_pipeline_dag.py
[2026-08-10T18:33:56.954+0000] {processor.py:830} INFO - Processing file /opt/airflow/dags/spark_pipeline_dag.py for tasks to queue
[2026-08-10T18:33:56.955+0000] {logging_mixin.py:188} INFO - [2026-08-10T18:33:56.954+0000] {dagbag.py:538} INFO - Filling up the DagBag from /opt/airflow/dags/spark_pipeline_dag.py
[2026-08-10T18:33:56.979+0000] {processor.py:840} INFO - DAG(s) 'air_quality_pipeline' retrieved from /opt/airflow/dags/spark_pipeline_dag.py
[2026-08-10T18:33:56.998+0000] {logging_mixin.py:188} INFO - [2026-08-10T18:33:56.998+0000] {dag.py:3036} INFO - Sync 1 DAGs
[2026-08-10T18:33:57.018+0000] {logging_mixin.py:188} INFO - [2026-08-10T18:33:57.018+0000] {dag.py:3823} INFO - Setting next_dagrun for air_quality_pipeline to 2026-08-10 18:05:00+00:00, run_after=2026-08-10 19:05:00+00:00
[2026-08-10T18:33:57.041+0000] {processor.py:183} INFO - Processing /opt/airflow/dags/spark_pipeline_dag.py took 0.090 seconds
[2026-08-10T18:34:27.537+0000] {processor.py:161} INFO - Started process (PID=21962) to work on /opt/airflow/dags/spark_pipeline_dag.py
[2026-08-10T18:34:27.538+0000] {processor.py:830} INFO - Processing file /opt/airflow/dags/spark_pipeline_dag.py for tasks to queue
[2026-08-10T18:34:27.539+0000] {logging_mixin.py:188} INFO - [2026-08-10T18:34:27.539+0000] {dagbag.py:538} INFO - Filling up the DagBag from /opt/airflow/dags/spark_pipeline_dag.py
[2026-08-10T18:34:27.566+0000] {processor.py:840} INFO - DAG(s) 'air_quality_pipeline' retrieved from /opt/airflow/dags/spark_pipeline_dag.py
[2026-08-10T18:34:27.587+0000] {logging_mixin.py:188} INFO - [2026-08-10T18:34:27.587+0000] {dag.py:3036} INFO - Sync 1 DAGs
[2026-08-10T18:34:27.606+0000] {logging_mixin.py:188} INFO - [2026-08-10T18:34:27.606+0000] {dag.py:3823} INFO - Setting next_dagrun for air_quality_pipeline to 2026-08-10 18:05:00+00:00, run_after=2026-08-10 19:05:00+00:00
[2026-08-10T18:34:27.626+0000] {processor.py:183} INFO - Processing /opt/airflow/dags/spark_pipeline_dag.py took 0.091 seconds
[2026-08-10T18:34:58.120+0000] {processor.py:161} INFO - Started process (PID=21972) to work on /opt/airflow/dags/spark_pipeline_dag.py
[2026-08-10T18:34:58.122+0000] {processor.py:830} INFO - Processing file /opt/airflow/dags/spark_pipeline_dag.py for tasks to queue
[2026-08-10T18:34:58.123+0000] {logging_mixin.py:188} INFO - [2026-08-10T18:34:58.122+0000] {dagbag.py:538} INFO - Filling up the DagBag from /opt/airflow/dags/spark_pipeline_dag.py
[2026-08-10T18:34:58.146+0000] {processor.py:840} INFO - DAG(s) 'air_quality_pipeline' retrieved from /opt/airflow/dags/spark_pipeline_dag.py
[2026-08-10T18:34:58.165+0000] {logging_mixin.py:188} INFO - [2026-08-10T18:34:58.164+0000] {dag.py:3036} INFO - Sync 1 DAGs
[2026-08-10T18:34:58.184+0000] {logging_mixin.py:188} INFO - [2026-08-10T18:34:58.184+0000] {dag.py:3823} INFO - Setting next_dagrun for air_quality_pipeline to 2026-08-10 18:05:00+00:00, run_after=2026-08-10 19:05:00+00:00
[2026-08-10T18:34:58.204+0000] {processor.py:183} INFO - Processing /opt/airflow/dags/spark_pipeline_dag.py took 0.087 seconds
[2026-08-10T18:35:28.617+0000] {processor.py:161} INFO - Started process (PID=21982) to work on /opt/airflow/dags/spark_pipeline_dag.py
[2026-08-10T18:35:28.618+0000] {processor.py:830} INFO - Processing file /opt/airflow/dags/spark_pipeline_dag.py for tasks to queue
[2026-08-10T18:35:28.619+0000] {logging_mixin.py:188} INFO - [2026-08-10T18:35:28.619+0000] {dagbag.py:538} INFO - Filling up the DagBag from /opt/airflow/dags/spark_pipeline_dag.py
[2026-08-10T18:35:28.646+0000] {processor.py:840} INFO - DAG(s) 'air_quality_pipeline' retrieved from /opt/airflow/dags/spark_pipeline_dag.py
[2026-08-10T18:35:28.666+0000] {logging_mixin.py:188} INFO - [2026-08-10T18:35:28.666+0000] {dag.py:3036} INFO - Sync 1 DAGs
[2026-08-10T18:35:28.685+0000] {logging_mixin.py:188} INFO - [2026-08-10T18:35:28.685+0000] {dag.py:3823} INFO - Setting next_dagrun for air_quality_pipeline to 2026-08-10 18:05:00+00:00, run_after=2026-08-10 19:05:00+00:00
[2026-08-10T18:35:28.702+0000] {processor.py:183} INFO - Processing /opt/airflow/dags/spark_pipeline_dag.py took 0.088 seconds
[2026-08-10T18:35:59.171+0000] {processor.py:161} INFO - Started process (PID=21992) to work on /opt/airflow/dags/spark_pipeline_dag.py
[2026-08-10T18:35:59.173+0000] {processor.py:830} INFO - Processing file /opt/airflow/dags/spark_pipeline_dag.py for tasks to queue
[2026-08-10T18:35:59.174+0000] {logging_mixin.py:188} INFO - [2026-08-10T18:35:59.173+0000] {dagbag.py:538} INFO - Filling up the DagBag from /opt/airflow/dags/spark_pipeline_dag.py
[2026-08-10T18:35:59.198+0000] {processor.py:840} INFO - DAG(s) 'air_quality_pipeline' retrieved from /opt/airflow/dags/spark_pipeline_dag.py
[2026-08-10T18:35:59.220+0000] {logging_mixin.py:188} INFO - [2026-08-10T18:35:59.220+0000] {dag.py:3036} INFO - Sync 1 DAGs
[2026-08-10T18:35:59.240+0000] {logging_mixin.py:188} INFO - [2026-08-10T18:35:59.240+0000] {dag.py:3823} INFO - Setting next_dagrun for air_quality_pipeline to 2026-08-10 18:05:00+00:00, run_after=2026-08-10 19:05:00+00:00
[2026-08-10T18:35:59.256+0000] {processor.py:183} INFO - Processing /opt/airflow/dags/spark_pipeline_dag.py took 0.088 seconds
[2026-08-10T18:36:29.594+0000] {processor.py:161} INFO - Started process (PID=22002) to work on /opt/airflow/dags/spark_pipeline_dag.py
[2026-08-10T18:36:29.595+0000] {processor.py:830} INFO - Processing file /opt/airflow/dags/spark_pipeline_dag.py for tasks to queue
[2026-08-10T18:36:29.596+0000] {logging_mixin.py:188} INFO - [2026-08-10T18:36:29.596+0000] {dagbag.py:538} INFO - Filling up the DagBag from /opt/airflow/dags/spark_pipeline_dag.py
[2026-08-10T18:36:29.616+0000] {processor.py:840} INFO - DAG(s) 'air_quality_pipeline' retrieved from /opt/airflow/dags/spark_pipeline_dag.py
[2026-08-10T18:36:29.640+0000] {logging_mixin.py:188} INFO - [2026-08-10T18:36:29.640+0000] {dag.py:3036} INFO - Sync 1 DAGs
[2026-08-10T18:36:29.674+0000] {logging_mixin.py:188} INFO - [2026-08-10T18:36:29.674+0000] {dag.py:3823} INFO - Setting next_dagrun for air_quality_pipeline to 2026-08-10 18:05:00+00:00, run_after=2026-08-10 19:05:00+00:00
[2026-08-10T18:36:29.697+0000] {processor.py:183} INFO - Processing /opt/airflow/dags/spark_pipeline_dag.py took 0.106 seconds
[2026-08-10T18:37:00.113+0000] {processor.py:161} INFO - Started process (PID=22012) to work on /opt/airflow/dags/spark_pipeline_dag.py
[2026-08-10T18:37:00.114+0000] {processor.py:830} INFO - Processing file /opt/airflow/dags/spark_pipeline_dag.py for tasks to queue
[2026-08-10T18:37:00.116+0000] {logging_mixin.py:188} INFO - [2026-08-10T18:37:00.115+0000] {dagbag.py:538} INFO - Filling up the DagBag from /opt/airflow/dags/spark_pipeline_dag.py
[2026-08-10T18:37:00.156+0000] {processor.py:840} INFO - DAG(s) 'air_quality_pipeline' retrieved from /opt/airflow/dags/spark_pipeline_dag.py
[2026-08-10T18:37:00.179+0000] {logging_mixin.py:188} INFO - [2026-08-10T18:37:00.179+0000] {dag.py:3036} INFO - Sync 1 DAGs
[2026-08-10T18:37:00.202+0000] {logging_mixin.py:188} INFO - [2026-08-10T18:37:00.202+0000] {dag.py:3823} INFO - Setting next_dagrun for air_quality_pipeline to 2026-08-10 18:05:00+00:00, run_after=2026-08-10 19:05:00+00:00
[2026-08-10T18:37:00.256+0000] {processor.py:183} INFO - Processing /opt/airflow/dags/spark_pipeline_dag.py took 0.147 seconds
[2026-08-10T18:37:30.602+0000] {processor.py:161} INFO - Started process (PID=22022) to work on /opt/airflow/dags/spark_pipeline_dag.py
[2026-08-10T18:37:30.604+0000] {processor.py:830} INFO - Processing file /opt/airflow/dags/spark_pipeline_dag.py for tasks to queue
[2026-08-10T18:37:30.604+0000] {logging_mixin.py:188} INFO - [2026-08-10T18:37:30.604+0000] {dagbag.py:538} INFO - Filling up the DagBag from /opt/airflow/dags/spark_pipeline_dag.py
[2026-08-10T18:37:30.622+0000] {processor.py:840} INFO - DAG(s) 'air_quality_pipeline' retrieved from /opt/airflow/dags/spark_pipeline_dag.py
[2026-08-10T18:37:30.641+0000] {logging_mixin.py:188} INFO - [2026-08-10T18:37:30.641+0000] {dag.py:3036} INFO - Sync 1 DAGs
[2026-08-10T18:37:30.659+0000] {logging_mixin.py:188} INFO - [2026-08-10T18:37:30.658+0000] {dag.py:3823} INFO - Setting next_dagrun for air_quality_pipeline to 2026-08-10 18:05:00+00:00, run_after=2026-08-10 19:05:00+00:00
[2026-08-10T18:37:30.674+0000] {processor.py:183} INFO - Processing /opt/airflow/dags/spark_pipeline_dag.py took 0.074 seconds
[2026-08-10T18:38:01.087+0000] {processor.py:161} INFO - Started process (PID=22032) to work on /opt/airflow/dags/spark_pipeline_dag.py
[2026-08-10T18:38:01.088+0000] {processor.py:830} INFO - Processing file /opt/airflow/dags/spark_pipeline_dag.py for tasks to queue
[2026-08-10T18:38:01.089+0000] {logging_mixin.py:188} INFO - [2026-08-10T18:38:01.089+0000] {dagbag.py:538} INFO - Filling up the DagBag from /opt/airflow/dags/spark_pipeline_dag.py
[2026-08-10T18:38:01.108+0000] {processor.py:840} INFO - DAG(s) 'air_quality_pipeline' retrieved from /opt/airflow/dags/spark_pipeline_dag.py
[2026-08-10T18:38:01.125+0000] {logging_mixin.py:188} INFO - [2026-08-10T18:38:01.125+0000] {dag.py:3036} INFO - Sync 1 DAGs
[2026-08-10T18:38:01.143+0000] {logging_mixin.py:188} INFO - [2026-08-10T18:38:01.143+0000] {dag.py:3823} INFO - Setting next_dagrun for air_quality_pipeline to 2026-08-10 18:05:00+00:00, run_after=2026-08-10 19:05:00+00:00
[2026-08-10T18:38:01.159+0000] {processor.py:183} INFO - Processing /opt/airflow/dags/spark_pipeline_dag.py took 0.076 seconds
[2026-08-10T18:38:31.570+0000] {processor.py:161} INFO - Started process (PID=22042) to work on /opt/airflow/dags/spark_pipeline_dag.py
[2026-08-10T18:38:31.571+0000] {processor.py:830} INFO - Processing file /opt/airflow/dags/spark_pipeline_dag.py for tasks to queue
[2026-08-10T18:38:31.572+0000] {logging_mixin.py:188} INFO - [2026-08-10T18:38:31.572+0000] {dagbag.py:538} INFO - Filling up the DagBag from /opt/airflow/dags/spark_pipeline_dag.py
[2026-08-10T18:38:31.588+0000] {processor.py:840} INFO - DAG(s) 'air_quality_pipeline' retrieved from /opt/airflow/dags/spark_pipeline_dag.py
[2026-08-10T18:38:31.607+0000] {logging_mixin.py:188} INFO - [2026-08-10T18:38:31.607+0000] {dag.py:3036} INFO - Sync 1 DAGs
[2026-08-10T18:38:31.626+0000] {logging_mixin.py:188} INFO - [2026-08-10T18:38:31.626+0000] {dag.py:3823} INFO - Setting next_dagrun for air_quality_pipeline to 2026-08-10 18:05:00+00:00, run_after=2026-08-10 19:05:00+00:00
[2026-08-10T18:38:31.643+0000] {processor.py:183} INFO - Processing /opt/airflow/dags/spark_pipeline_dag.py took 0.075 seconds
[2026-08-10T18:39:02.057+0000] {processor.py:161} INFO - Started process (PID=22052) to work on /opt/airflow/dags/spark_pipeline_dag.py
[2026-08-10T18:39:02.058+0000] {processor.py:830} INFO - Processing file /opt/airflow/dags/spark_pipeline_dag.py for tasks to queue
[2026-08-10T18:39:02.059+0000] {logging_mixin.py:188} INFO - [2026-08-10T18:39:02.058+0000] {dagbag.py:538} INFO - Filling up the DagBag from /opt/airflow/dags/spark_pipeline_dag.py
[2026-08-10T18:39:02.075+0000] {processor.py:840} INFO - DAG(s) 'air_quality_pipeline' retrieved from /opt/airflow/dags/spark_pipeline_dag.py
[2026-08-10T18:39:02.095+0000] {logging_mixin.py:188} INFO - [2026-08-10T18:39:02.095+0000] {dag.py:3036} INFO - Sync 1 DAGs
[2026-08-10T18:39:02.113+0000] {logging_mixin.py:188} INFO - [2026-08-10T18:39:02.113+0000] {dag.py:3823} INFO - Setting next_dagrun for air_quality_pipeline to 2026-08-10 18:05:00+00:00, run_after=2026-08-10 19:05:00+00:00
[2026-08-10T18:39:02.130+0000] {processor.py:183} INFO - Processing /opt/airflow/dags/spark_pipeline_dag.py took 0.076 seconds
[2026-08-10T18:39:32.487+0000] {processor.py:161} INFO - Started process (PID=22062) to work on /opt/airflow/dags/spark_pipeline_dag.py
[2026-08-10T18:39:32.488+0000] {processor.py:830} INFO - Processing file /opt/airflow/dags/spark_pipeline_dag.py for tasks to queue
[2026-08-10T18:39:32.489+0000] {logging_mixin.py:188} INFO - [2026-08-10T18:39:32.489+0000] {dagbag.py:538} INFO - Filling up the DagBag from /opt/airflow/dags/spark_pipeline_dag.py
[2026-08-10T18:39:32.508+0000] {processor.py:840} INFO - DAG(s) 'air_quality_pipeline' retrieved from /opt/airflow/dags/spark_pipeline_dag.py
[2026-08-10T18:39:32.528+0000] {logging_mixin.py:188} INFO - [2026-08-10T18:39:32.528+0000] {dag.py:3036} INFO - Sync 1 DAGs
[2026-08-10T18:39:32.547+0000] {logging_mixin.py:188} INFO - [2026-08-10T18:39:32.547+0000] {dag.py:3823} INFO - Setting next_dagrun for air_quality_pipeline to 2026-08-10 18:05:00+00:00, run_after=2026-08-10 19:05:00+00:00
[2026-08-10T18:39:32.566+0000] {processor.py:183} INFO - Processing /opt/airflow/dags/spark_pipeline_dag.py took 0.082 seconds
[2026-08-10T18:40:03.013+0000] {processor.py:161} INFO - Started process (PID=22072) to work on /opt/airflow/dags/spark_pipeline_dag.py
[2026-08-10T18:40:03.014+0000] {processor.py:830} INFO - Processing file /opt/airflow/dags/spark_pipeline_dag.py for tasks to queue
[2026-08-10T18:40:03.015+0000] {logging_mixin.py:188} INFO - [2026-08-10T18:40:03.015+0000] {dagbag.py:538} INFO - Filling up the DagBag from /opt/airflow/dags/spark_pipeline_dag.py
[2026-08-10T18:40:03.043+0000] {processor.py:840} INFO - DAG(s) 'air_quality_pipeline' retrieved from /opt/airflow/dags/spark_pipeline_dag.py
[2026-08-10T18:40:03.064+0000] {logging_mixin.py:188} INFO - [2026-08-10T18:40:03.063+0000] {dag.py:3036} INFO - Sync 1 DAGs
[2026-08-10T18:40:03.082+0000] {logging_mixin.py:188} INFO - [2026-08-10T18:40:03.082+0000] {dag.py:3823} INFO - Setting next_dagrun for air_quality_pipeline to 2026-08-10 18:05:00+00:00, run_after=2026-08-10 19:05:00+00:00
[2026-08-10T18:40:03.100+0000] {processor.py:183} INFO - Processing /opt/airflow/dags/spark_pipeline_dag.py took 0.089 seconds
[2026-08-10T18:40:33.548+0000] {processor.py:161} INFO - Started process (PID=22082) to work on /opt/airflow/dags/spark_pipeline_dag.py
[2026-08-10T18:40:33.549+0000] {processor.py:830} INFO - Processing file /opt/airflow/dags/spark_pipeline_dag.py for tasks to queue
[2026-08-10T18:40:33.550+0000] {logging_mixin.py:188} INFO - [2026-08-10T18:40:33.550+0000] {dagbag.py:538} INFO - Filling up the DagBag from /opt/airflow/dags/spark_pipeline_dag.py
[2026-08-10T18:40:33.578+0000] {processor.py:840} INFO - DAG(s) 'air_quality_pipeline' retrieved from /opt/airflow/dags/spark_pipeline_dag.py
[2026-08-10T18:40:33.600+0000] {logging_mixin.py:188} INFO - [2026-08-10T18:40:33.600+0000] {dag.py:3036} INFO - Sync 1 DAGs
[2026-08-10T18:40:33.623+0000] {logging_mixin.py:188} INFO - [2026-08-10T18:40:33.623+0000] {dag.py:3823} INFO - Setting next_dagrun for air_quality_pipeline to 2026-08-10 18:05:00+00:00, run_after=2026-08-10 19:05:00+00:00
[2026-08-10T18:40:33.647+0000] {processor.py:183} INFO - Processing /opt/airflow/dags/spark_pipeline_dag.py took 0.102 seconds
[2026-08-10T18:41:04.241+0000] {processor.py:161} INFO - Started process (PID=22092) to work on /opt/airflow/dags/spark_pipeline_dag.py
[2026-08-10T18:41:04.245+0000] {processor.py:830} INFO - Processing file /opt/airflow/dags/spark_pipeline_dag.py for tasks to queue
[2026-08-10T18:41:04.248+0000] {logging_mixin.py:188} INFO - [2026-08-10T18:41:04.247+0000] {dagbag.py:538} INFO - Filling up the DagBag from /opt/airflow/dags/spark_pipeline_dag.py
[2026-08-10T18:41:04.281+0000] {processor.py:840} INFO - DAG(s) 'air_quality_pipeline' retrieved from /opt/airflow/dags/spark_pipeline_dag.py
[2026-08-10T18:41:04.301+0000] {logging_mixin.py:188} INFO - [2026-08-10T18:41:04.301+0000] {dag.py:3036} INFO - Sync 1 DAGs
[2026-08-10T18:41:04.320+0000] {logging_mixin.py:188} INFO - [2026-08-10T18:41:04.319+0000] {dag.py:3823} INFO - Setting next_dagrun for air_quality_pipeline to 2026-08-10 18:05:00+00:00, run_after=2026-08-10 19:05:00+00:00
[2026-08-10T18:41:04.338+0000] {processor.py:183} INFO - Processing /opt/airflow/dags/spark_pipeline_dag.py took 0.099 seconds
[2026-08-10T18:41:34.718+0000] {processor.py:161} INFO - Started process (PID=22102) to work on /opt/airflow/dags/spark_pipeline_dag.py
[2026-08-10T18:41:34.719+0000] {processor.py:830} INFO - Processing file /opt/airflow/dags/spark_pipeline_dag.py for tasks to queue
[2026-08-10T18:41:34.720+0000] {logging_mixin.py:188} INFO - [2026-08-10T18:41:34.720+0000] {dagbag.py:538} INFO - Filling up the DagBag from /opt/airflow/dags/spark_pipeline_dag.py
[2026-08-10T18:41:34.747+0000] {processor.py:840} INFO - DAG(s) 'air_quality_pipeline' retrieved from /opt/airflow/dags/spark_pipeline_dag.py
[2026-08-10T18:41:34.771+0000] {logging_mixin.py:188} INFO - [2026-08-10T18:41:34.770+0000] {dag.py:3036} INFO - Sync 1 DAGs
[2026-08-10T18:41:34.792+0000] {logging_mixin.py:188} INFO - [2026-08-10T18:41:34.792+0000] {dag.py:3823} INFO - Setting next_dagrun for air_quality_pipeline to 2026-08-10 18:05:00+00:00, run_after=2026-08-10 19:05:00+00:00
[2026-08-10T18:41:34.813+0000] {processor.py:183} INFO - Processing /opt/airflow/dags/spark_pipeline_dag.py took 0.098 seconds
[2026-08-10T18:42:05.197+0000] {processor.py:161} INFO - Started process (PID=22112) to work on /opt/airflow/dags/spark_pipeline_dag.py
[2026-08-10T18:42:05.198+0000] {processor.py:830} INFO - Processing file /opt/airflow/dags/spark_pipeline_dag.py for tasks to queue
[2026-08-10T18:42:05.200+0000] {logging_mixin.py:188} INFO - [2026-08-10T18:42:05.200+0000] {dagbag.py:538} INFO - Filling up the DagBag from /opt/airflow/dags/spark_pipeline_dag.py
[2026-08-10T18:42:05.217+0000] {processor.py:840} INFO - DAG(s) 'air_quality_pipeline' retrieved from /opt/airflow/dags/spark_pipeline_dag.py
[2026-08-10T18:42:05.235+0000] {logging_mixin.py:188} INFO - [2026-08-10T18:42:05.235+0000] {dag.py:3036} INFO - Sync 1 DAGs
[2026-08-10T18:42:05.252+0000] {logging_mixin.py:188} INFO - [2026-08-10T18:42:05.252+0000] {dag.py:3823} INFO - Setting next_dagrun for air_quality_pipeline to 2026-08-10 18:05:00+00:00, run_after=2026-08-10 19:05:00+00:00
[2026-08-10T18:42:05.269+0000] {processor.py:183} INFO - Processing /opt/airflow/dags/spark_pipeline_dag.py took 0.075 seconds
[2026-08-10T18:42:35.751+0000] {processor.py:161} INFO - Started process (PID=22122) to work on /opt/airflow/dags/spark_pipeline_dag.py
[2026-08-10T18:42:35.752+0000] {processor.py:830} INFO - Processing file /opt/airflow/dags/spark_pipeline_dag.py for tasks to queue
[2026-08-10T18:42:35.753+0000] {logging_mixin.py:188} INFO - [2026-08-10T18:42:35.753+0000] {dagbag.py:538} INFO - Filling up the DagBag from /opt/airflow/dags/spark_pipeline_dag.py
[2026-08-10T18:42:35.779+0000] {processor.py:840} INFO - DAG(s) 'air_quality_pipeline' retrieved from /opt/airflow/dags/spark_pipeline_dag.py
[2026-08-10T18:42:35.802+0000] {logging_mixin.py:188} INFO - [2026-08-10T18:42:35.802+0000] {dag.py:3036} INFO - Sync 1 DAGs
[2026-08-10T18:42:35.825+0000] {logging_mixin.py:188} INFO - [2026-08-10T18:42:35.825+0000] {dag.py:3823} INFO - Setting next_dagrun for air_quality_pipeline to 2026-08-10 18:05:00+00:00, run_after=2026-08-10 19:05:00+00:00
[2026-08-10T18:42:35.847+0000] {processor.py:183} INFO - Processing /opt/airflow/dags/spark_pipeline_dag.py took 0.099 seconds
[2026-08-10T18:43:06.350+0000] {processor.py:161} INFO - Started process (PID=22132) to work on /opt/airflow/dags/spark_pipeline_dag.py
[2026-08-10T18:43:06.351+0000] {processor.py:830} INFO - Processing file /opt/airflow/dags/spark_pipeline_dag.py for tasks to queue
[2026-08-10T18:43:06.352+0000] {logging_mixin.py:188} INFO - [2026-08-10T18:43:06.351+0000] {dagbag.py:538} INFO - Filling up the DagBag from /opt/airflow/dags/spark_pipeline_dag.py
[2026-08-10T18:43:06.372+0000] {processor.py:840} INFO - DAG(s) 'air_quality_pipeline' retrieved from /opt/airflow/dags/spark_pipeline_dag.py
[2026-08-10T18:43:06.391+0000] {logging_mixin.py:188} INFO - [2026-08-10T18:43:06.391+0000] {dag.py:3036} INFO - Sync 1 DAGs
[2026-08-10T18:43:06.408+0000] {logging_mixin.py:188} INFO - [2026-08-10T18:43:06.408+0000] {dag.py:3823} INFO - Setting next_dagrun for air_quality_pipeline to 2026-08-10 18:05:00+00:00, run_after=2026-08-10 19:05:00+00:00
[2026-08-10T18:43:06.424+0000] {processor.py:183} INFO - Processing /opt/airflow/dags/spark_pipeline_dag.py took 0.076 seconds
[2026-08-10T18:43:36.886+0000] {processor.py:161} INFO - Started process (PID=22142) to work on /opt/airflow/dags/spark_pipeline_dag.py
[2026-08-10T18:43:36.888+0000] {processor.py:830} INFO - Processing file /opt/airflow/dags/spark_pipeline_dag.py for tasks to queue
[2026-08-10T18:43:36.891+0000] {logging_mixin.py:188} INFO - [2026-08-10T18:43:36.890+0000] {dagbag.py:538} INFO - Filling up the DagBag from /opt/airflow/dags/spark_pipeline_dag.py
[2026-08-10T18:43:36.922+0000] {processor.py:840} INFO - DAG(s) 'air_quality_pipeline' retrieved from /opt/airflow/dags/spark_pipeline_dag.py
[2026-08-10T18:43:36.945+0000] {logging_mixin.py:188} INFO - [2026-08-10T18:43:36.945+0000] {dag.py:3036} INFO - Sync 1 DAGs
[2026-08-10T18:43:36.966+0000] {logging_mixin.py:188} INFO - [2026-08-10T18:43:36.966+0000] {dag.py:3823} INFO - Setting next_dagrun for air_quality_pipeline to 2026-08-10 18:05:00+00:00, run_after=2026-08-10 19:05:00+00:00
[2026-08-10T18:43:36.987+0000] {processor.py:183} INFO - Processing /opt/airflow/dags/spark_pipeline_dag.py took 0.106 seconds
[2026-08-10T18:44:07.366+0000] {processor.py:161} INFO - Started process (PID=22152) to work on /opt/airflow/dags/spark_pipeline_dag.py
[2026-08-10T18:44:07.367+0000] {processor.py:830} INFO - Processing file /opt/airflow/dags/spark_pipeline_dag.py for tasks to queue
[2026-08-10T18:44:07.369+0000] {logging_mixin.py:188} INFO - [2026-08-10T18:44:07.368+0000] {dagbag.py:538} INFO - Filling up the DagBag from /opt/airflow/dags/spark_pipeline_dag.py
[2026-08-10T18:44:07.395+0000] {processor.py:840} INFO - DAG(s) 'air_quality_pipeline' retrieved from /opt/airflow/dags/spark_pipeline_dag.py
[2026-08-10T18:44:07.414+0000] {logging_mixin.py:188} INFO - [2026-08-10T18:44:07.413+0000] {dag.py:3036} INFO - Sync 1 DAGs
[2026-08-10T18:44:07.433+0000] {logging_mixin.py:188} INFO - [2026-08-10T18:44:07.433+0000] {dag.py:3823} INFO - Setting next_dagrun for air_quality_pipeline to 2026-08-10 18:05:00+00:00, run_after=2026-08-10 19:05:00+00:00
[2026-08-10T18:44:07.453+0000] {processor.py:183} INFO - Processing /opt/airflow/dags/spark_pipeline_dag.py took 0.091 seconds
[2026-08-10T18:44:37.852+0000] {processor.py:161} INFO - Started process (PID=22162) to work on /opt/airflow/dags/spark_pipeline_dag.py
[2026-08-10T18:44:37.853+0000] {processor.py:830} INFO - Processing file /opt/airflow/dags/spark_pipeline_dag.py for tasks to queue
[2026-08-10T18:44:37.854+0000] {logging_mixin.py:188} INFO - [2026-08-10T18:44:37.854+0000] {dagbag.py:538} INFO - Filling up the DagBag from /opt/airflow/dags/spark_pipeline_dag.py
[2026-08-10T18:44:37.880+0000] {processor.py:840} INFO - DAG(s) 'air_quality_pipeline' retrieved from /opt/airflow/dags/spark_pipeline_dag.py
[2026-08-10T18:44:37.898+0000] {logging_mixin.py:188} INFO - [2026-08-10T18:44:37.898+0000] {dag.py:3036} INFO - Sync 1 DAGs
[2026-08-10T18:44:37.916+0000] {logging_mixin.py:188} INFO - [2026-08-10T18:44:37.916+0000] {dag.py:3823} INFO - Setting next_dagrun for air_quality_pipeline to 2026-08-10 18:05:00+00:00, run_after=2026-08-10 19:05:00+00:00
[2026-08-10T18:44:37.933+0000] {processor.py:183} INFO - Processing /opt/airflow/dags/spark_pipeline_dag.py took 0.084 seconds
[2026-08-10T18:45:08.244+0000] {processor.py:161} INFO - Started process (PID=22172) to work on /opt/airflow/dags/spark_pipeline_dag.py
[2026-08-10T18:45:08.245+0000] {processor.py:830} INFO - Processing file /opt/airflow/dags/spark_pipeline_dag.py for tasks to queue
[2026-08-10T18:45:08.247+0000] {logging_mixin.py:188} INFO - [2026-08-10T18:45:08.246+0000] {dagbag.py:538} INFO - Filling up the DagBag from /opt/airflow/dags/spark_pipeline_dag.py
[2026-08-10T18:45:08.267+0000] {processor.py:840} INFO - DAG(s) 'air_quality_pipeline' retrieved from /opt/airflow/dags/spark_pipeline_dag.py
[2026-08-10T18:45:08.290+0000] {logging_mixin.py:188} INFO - [2026-08-10T18:45:08.289+0000] {dag.py:3036} INFO - Sync 1 DAGs
[2026-08-10T18:45:08.306+0000] {logging_mixin.py:188} INFO - [2026-08-10T18:45:08.306+0000] {dag.py:3823} INFO - Setting next_dagrun for air_quality_pipeline to 2026-08-10 18:05:00+00:00, run_after=2026-08-10 19:05:00+00:00
[2026-08-10T18:45:08.324+0000] {processor.py:183} INFO - Processing /opt/airflow/dags/spark_pipeline_dag.py took 0.083 seconds
[2026-08-10T18:45:38.844+0000] {processor.py:161} INFO - Started process (PID=22182) to work on /opt/airflow/dags/spark_pipeline_dag.py
[2026-08-10T18:45:38.845+0000] {processor.py:830} INFO - Processing file /opt/airflow/dags/spark_pipeline_dag.py for tasks to queue
[2026-08-10T18:45:38.846+0000] {logging_mixin.py:188} INFO - [2026-08-10T18:45:38.845+0000] {dagbag.py:538} INFO - Filling up the DagBag from /opt/airflow/dags/spark_pipeline_dag.py
[2026-08-10T18:45:38.860+0000] {processor.py:840} INFO - DAG(s) 'air_quality_pipeline' retrieved from /opt/airflow/dags/spark_pipeline_dag.py
[2026-08-10T18:45:38.877+0000] {logging_mixin.py:188} INFO - [2026-08-10T18:45:38.877+0000] {dag.py:3036} INFO - Sync 1 DAGs
[2026-08-10T18:45:38.892+0000] {logging_mixin.py:188} INFO - [2026-08-10T18:45:38.892+0000] {dag.py:3823} INFO - Setting next_dagrun for air_quality_pipeline to 2026-08-10 18:05:00+00:00, run_after=2026-08-10 19:05:00+00:00
[2026-08-10T18:45:38.907+0000] {processor.py:183} INFO - Processing /opt/airflow/dags/spark_pipeline_dag.py took 0.066 seconds
[2026-08-10T18:46:09.359+0000] {processor.py:161} INFO - Started process (PID=22192) to work on /opt/airflow/dags/spark_pipeline_dag.py
[2026-08-10T18:46:09.361+0000] {processor.py:830} INFO - Processing file /opt/airflow/dags/spark_pipeline_dag.py for tasks to queue
[2026-08-10T18:46:09.363+0000] {logging_mixin.py:188} INFO - [2026-08-10T18:46:09.362+0000] {dagbag.py:538} INFO - Filling up the DagBag from /opt/airflow/dags/spark_pipeline_dag.py
[2026-08-10T18:46:09.397+0000] {processor.py:840} INFO - DAG(s) 'air_quality_pipeline' retrieved from /opt/airflow/dags/spark_pipeline_dag.py
[2026-08-10T18:46:09.432+0000] {logging_mixin.py:188} INFO - [2026-08-10T18:46:09.432+0000] {dag.py:3036} INFO - Sync 1 DAGs
[2026-08-10T18:46:09.458+0000] {logging_mixin.py:188} INFO - [2026-08-10T18:46:09.457+0000] {dag.py:3823} INFO - Setting next_dagrun for air_quality_pipeline to 2026-08-10 18:05:00+00:00, run_after=2026-08-10 19:05:00+00:00
[2026-08-10T18:46:09.483+0000] {processor.py:183} INFO - Processing /opt/airflow/dags/spark_pipeline_dag.py took 0.128 seconds
[2026-08-10T18:46:39.795+0000] {processor.py:161} INFO - Started process (PID=22202) to work on /opt/airflow/dags/spark_pipeline_dag.py
[2026-08-10T18:46:39.797+0000] {processor.py:830} INFO - Processing file /opt/airflow/dags/spark_pipeline_dag.py for tasks to queue
[2026-08-10T18:46:39.798+0000] {logging_mixin.py:188} INFO - [2026-08-10T18:46:39.798+0000] {dagbag.py:538} INFO - Filling up the DagBag from /opt/airflow/dags/spark_pipeline_dag.py
[2026-08-10T18:46:39.827+0000] {processor.py:840} INFO - DAG(s) 'air_quality_pipeline' retrieved from /opt/airflow/dags/spark_pipeline_dag.py
[2026-08-10T18:46:39.850+0000] {logging_mixin.py:188} INFO - [2026-08-10T18:46:39.850+0000] {dag.py:3036} INFO - Sync 1 DAGs
[2026-08-10T18:46:39.873+0000] {logging_mixin.py:188} INFO - [2026-08-10T18:46:39.873+0000] {dag.py:3823} INFO - Setting next_dagrun for air_quality_pipeline to 2026-08-10 18:05:00+00:00, run_after=2026-08-10 19:05:00+00:00
[2026-08-10T18:46:39.896+0000] {processor.py:183} INFO - Processing /opt/airflow/dags/spark_pipeline_dag.py took 0.103 seconds
[2026-08-10T18:47:10.264+0000] {processor.py:161} INFO - Started process (PID=22212) to work on /opt/airflow/dags/spark_pipeline_dag.py
[2026-08-10T18:47:10.266+0000] {processor.py:830} INFO - Processing file /opt/airflow/dags/spark_pipeline_dag.py for tasks to queue
[2026-08-10T18:47:10.267+0000] {logging_mixin.py:188} INFO - [2026-08-10T18:47:10.267+0000] {dagbag.py:538} INFO - Filling up the DagBag from /opt/airflow/dags/spark_pipeline_dag.py
[2026-08-10T18:47:10.300+0000] {processor.py:840} INFO - DAG(s) 'air_quality_pipeline' retrieved from /opt/airflow/dags/spark_pipeline_dag.py
[2026-08-10T18:47:10.323+0000] {logging_mixin.py:188} INFO - [2026-08-10T18:47:10.323+0000] {dag.py:3036} INFO - Sync 1 DAGs
[2026-08-10T18:47:10.345+0000] {logging_mixin.py:188} INFO - [2026-08-10T18:47:10.345+0000] {dag.py:3823} INFO - Setting next_dagrun for air_quality_pipeline to 2026-08-10 18:05:00+00:00, run_after=2026-08-10 19:05:00+00:00
[2026-08-10T18:47:10.365+0000] {processor.py:183} INFO - Processing /opt/airflow/dags/spark_pipeline_dag.py took 0.104 seconds
[2026-08-10T18:47:40.709+0000] {processor.py:161} INFO - Started process (PID=22222) to work on /opt/airflow/dags/spark_pipeline_dag.py
[2026-08-10T18:47:40.711+0000] {processor.py:830} INFO - Processing file /opt/airflow/dags/spark_pipeline_dag.py for tasks to queue
[2026-08-10T18:47:40.712+0000] {logging_mixin.py:188} INFO - [2026-08-10T18:47:40.711+0000] {dagbag.py:538} INFO - Filling up the DagBag from /opt/airflow/dags/spark_pipeline_dag.py
[2026-08-10T18:47:40.742+0000] {processor.py:840} INFO - DAG(s) 'air_quality_pipeline' retrieved from /opt/airflow/dags/spark_pipeline_dag.py
[2026-08-10T18:47:40.767+0000] {logging_mixin.py:188} INFO - [2026-08-10T18:47:40.767+0000] {dag.py:3036} INFO - Sync 1 DAGs
[2026-08-10T18:47:40.791+0000] {logging_mixin.py:188} INFO - [2026-08-10T18:47:40.791+0000] {dag.py:3823} INFO - Setting next_dagrun for air_quality_pipeline to 2026-08-10 18:05:00+00:00, run_after=2026-08-10 19:05:00+00:00
[2026-08-10T18:47:40.813+0000] {processor.py:183} INFO - Processing /opt/airflow/dags/spark_pipeline_dag.py took 0.107 seconds
[2026-08-10T18:48:11.184+0000] {processor.py:161} INFO - Started process (PID=22232) to work on /opt/airflow/dags/spark_pipeline_dag.py
[2026-08-10T18:48:11.185+0000] {processor.py:830} INFO - Processing file /opt/airflow/dags/spark_pipeline_dag.py for tasks to queue
[2026-08-10T18:48:11.186+0000] {logging_mixin.py:188} INFO - [2026-08-10T18:48:11.186+0000] {dagbag.py:538} INFO - Filling up the DagBag from /opt/airflow/dags/spark_pipeline_dag.py
[2026-08-10T18:48:11.225+0000] {processor.py:840} INFO - DAG(s) 'air_quality_pipeline' retrieved from /opt/airflow/dags/spark_pipeline_dag.py
[2026-08-10T18:48:11.250+0000] {logging_mixin.py:188} INFO - [2026-08-10T18:48:11.250+0000] {dag.py:3036} INFO - Sync 1 DAGs
[2026-08-10T18:48:11.273+0000] {logging_mixin.py:188} INFO - [2026-08-10T18:48:11.273+0000] {dag.py:3823} INFO - Setting next_dagrun for air_quality_pipeline to 2026-08-10 18:05:00+00:00, run_after=2026-08-10 19:05:00+00:00
[2026-08-10T18:48:11.296+0000] {processor.py:183} INFO - Processing /opt/airflow/dags/spark_pipeline_dag.py took 0.115 seconds
[2026-08-10T18:48:41.697+0000] {processor.py:161} INFO - Started process (PID=22242) to work on /opt/airflow/dags/spark_pipeline_dag.py
[2026-08-10T18:48:41.698+0000] {processor.py:830} INFO - Processing file /opt/airflow/dags/spark_pipeline_dag.py for tasks to queue
[2026-08-10T18:48:41.700+0000] {logging_mixin.py:188} INFO - [2026-08-10T18:48:41.699+0000] {dagbag.py:538} INFO - Filling up the DagBag from /opt/airflow/dags/spark_pipeline_dag.py
[2026-08-10T18:48:41.730+0000] {processor.py:840} INFO - DAG(s) 'air_quality_pipeline' retrieved from /opt/airflow/dags/spark_pipeline_dag.py
[2026-08-10T18:48:41.751+0000] {logging_mixin.py:188} INFO - [2026-08-10T18:48:41.750+0000] {dag.py:3036} INFO - Sync 1 DAGs
[2026-08-10T18:48:41.771+0000] {logging_mixin.py:188} INFO - [2026-08-10T18:48:41.771+0000] {dag.py:3823} INFO - Setting next_dagrun for air_quality_pipeline to 2026-08-10 18:05:00+00:00, run_after=2026-08-10 19:05:00+00:00
[2026-08-10T18:48:41.793+0000] {processor.py:183} INFO - Processing /opt/airflow/dags/spark_pipeline_dag.py took 0.100 seconds
[2026-08-10T18:49:12.157+0000] {processor.py:161} INFO - Started process (PID=22252) to work on /opt/airflow/dags/spark_pipeline_dag.py
[2026-08-10T18:49:12.158+0000] {processor.py:830} INFO - Processing file /opt/airflow/dags/spark_pipeline_dag.py for tasks to queue
[2026-08-10T18:49:12.160+0000] {logging_mixin.py:188} INFO - [2026-08-10T18:49:12.159+0000] {dagbag.py:538} INFO - Filling up the DagBag from /opt/airflow/dags/spark_pipeline_dag.py
[2026-08-10T18:49:12.189+0000] {processor.py:840} INFO - DAG(s) 'air_quality_pipeline' retrieved from /opt/airflow/dags/spark_pipeline_dag.py
[2026-08-10T18:49:12.210+0000] {logging_mixin.py:188} INFO - [2026-08-10T18:49:12.210+0000] {dag.py:3036} INFO - Sync 1 DAGs
[2026-08-10T18:49:12.229+0000] {logging_mixin.py:188} INFO - [2026-08-10T18:49:12.228+0000] {dag.py:3823} INFO - Setting next_dagrun for air_quality_pipeline to 2026-08-10 18:05:00+00:00, run_after=2026-08-10 19:05:00+00:00
[2026-08-10T18:49:12.248+0000] {processor.py:183} INFO - Processing /opt/airflow/dags/spark_pipeline_dag.py took 0.093 seconds
[2026-08-10T18:49:42.639+0000] {processor.py:161} INFO - Started process (PID=22262) to work on /opt/airflow/dags/spark_pipeline_dag.py
[2026-08-10T18:49:42.640+0000] {processor.py:830} INFO - Processing file /opt/airflow/dags/spark_pipeline_dag.py for tasks to queue
[2026-08-10T18:49:42.642+0000] {logging_mixin.py:188} INFO - [2026-08-10T18:49:42.641+0000] {dagbag.py:538} INFO - Filling up the DagBag from /opt/airflow/dags/spark_pipeline_dag.py
[2026-08-10T18:49:42.673+0000] {processor.py:840} INFO - DAG(s) 'air_quality_pipeline' retrieved from /opt/airflow/dags/spark_pipeline_dag.py
[2026-08-10T18:49:42.699+0000] {logging_mixin.py:188} INFO - [2026-08-10T18:49:42.699+0000] {dag.py:3036} INFO - Sync 1 DAGs
[2026-08-10T18:49:42.721+0000] {logging_mixin.py:188} INFO - [2026-08-10T18:49:42.721+0000] {dag.py:3823} INFO - Setting next_dagrun for air_quality_pipeline to 2026-08-10 18:05:00+00:00, run_after=2026-08-10 19:05:00+00:00
[2026-08-10T18:49:42.744+0000] {processor.py:183} INFO - Processing /opt/airflow/dags/spark_pipeline_dag.py took 0.109 seconds
[2026-08-10T18:50:13.121+0000] {processor.py:161} INFO - Started process (PID=22272) to work on /opt/airflow/dags/spark_pipeline_dag.py
[2026-08-10T18:50:13.123+0000] {processor.py:830} INFO - Processing file /opt/airflow/dags/spark_pipeline_dag.py for tasks to queue
[2026-08-10T18:50:13.125+0000] {logging_mixin.py:188} INFO - [2026-08-10T18:50:13.124+0000] {dagbag.py:538} INFO - Filling up the DagBag from /opt/airflow/dags/spark_pipeline_dag.py
[2026-08-10T18:50:13.151+0000] {processor.py:840} INFO - DAG(s) 'air_quality_pipeline' retrieved from /opt/airflow/dags/spark_pipeline_dag.py
[2026-08-10T18:50:13.174+0000] {logging_mixin.py:188} INFO - [2026-08-10T18:50:13.174+0000] {dag.py:3036} INFO - Sync 1 DAGs
[2026-08-10T18:50:13.197+0000] {logging_mixin.py:188} INFO - [2026-08-10T18:50:13.197+0000] {dag.py:3823} INFO - Setting next_dagrun for air_quality_pipeline to 2026-08-10 18:05:00+00:00, run_after=2026-08-10 19:05:00+00:00
[2026-08-10T18:50:13.219+0000] {processor.py:183} INFO - Processing /opt/airflow/dags/spark_pipeline_dag.py took 0.102 seconds
[2026-08-10T18:50:43.619+0000] {processor.py:161} INFO - Started process (PID=22282) to work on /opt/airflow/dags/spark_pipeline_dag.py
[2026-08-10T18:50:43.621+0000] {processor.py:830} INFO - Processing file /opt/airflow/dags/spark_pipeline_dag.py for tasks to queue
[2026-08-10T18:50:43.622+0000] {logging_mixin.py:188} INFO - [2026-08-10T18:50:43.622+0000] {dagbag.py:538} INFO - Filling up the DagBag from /opt/airflow/dags/spark_pipeline_dag.py
[2026-08-10T18:50:43.651+0000] {processor.py:840} INFO - DAG(s) 'air_quality_pipeline' retrieved from /opt/airflow/dags/spark_pipeline_dag.py
[2026-08-10T18:50:43.675+0000] {logging_mixin.py:188} INFO - [2026-08-10T18:50:43.674+0000] {dag.py:3036} INFO - Sync 1 DAGs
[2026-08-10T18:50:43.708+0000] {logging_mixin.py:188} INFO - [2026-08-10T18:50:43.708+0000] {dag.py:3823} INFO - Setting next_dagrun for air_quality_pipeline to 2026-08-10 18:05:00+00:00, run_after=2026-08-10 19:05:00+00:00
[2026-08-10T18:50:43.726+0000] {processor.py:183} INFO - Processing /opt/airflow/dags/spark_pipeline_dag.py took 0.111 seconds
[2026-08-10T18:51:14.106+0000] {processor.py:161} INFO - Started process (PID=22292) to work on /opt/airflow/dags/spark_pipeline_dag.py
[2026-08-10T18:51:14.108+0000] {processor.py:830} INFO - Processing file /opt/airflow/dags/spark_pipeline_dag.py for tasks to queue
[2026-08-10T18:51:14.109+0000] {logging_mixin.py:188} INFO - [2026-08-10T18:51:14.109+0000] {dagbag.py:538} INFO - Filling up the DagBag from /opt/airflow/dags/spark_pipeline_dag.py
[2026-08-10T18:51:14.135+0000] {processor.py:840} INFO - DAG(s) 'air_quality_pipeline' retrieved from /opt/airflow/dags/spark_pipeline_dag.py
[2026-08-10T18:51:14.159+0000] {logging_mixin.py:188} INFO - [2026-08-10T18:51:14.159+0000] {dag.py:3036} INFO - Sync 1 DAGs
[2026-08-10T18:51:14.188+0000] {logging_mixin.py:188} INFO - [2026-08-10T18:51:14.187+0000] {dag.py:3823} INFO - Setting next_dagrun for air_quality_pipeline to 2026-08-10 18:05:00+00:00, run_after=2026-08-10 19:05:00+00:00
[2026-08-10T18:51:14.212+0000] {processor.py:183} INFO - Processing /opt/airflow/dags/spark_pipeline_dag.py took 0.109 seconds
[2026-08-10T18:51:44.612+0000] {processor.py:161} INFO - Started process (PID=22302) to work on /opt/airflow/dags/spark_pipeline_dag.py
[2026-08-10T18:51:44.613+0000] {processor.py:830} INFO - Processing file /opt/airflow/dags/spark_pipeline_dag.py for tasks to queue
[2026-08-10T18:51:44.614+0000] {logging_mixin.py:188} INFO - [2026-08-10T18:51:44.614+0000] {dagbag.py:538} INFO - Filling up the DagBag from /opt/airflow/dags/spark_pipeline_dag.py
[2026-08-10T18:51:44.643+0000] {processor.py:840} INFO - DAG(s) 'air_quality_pipeline' retrieved from /opt/airflow/dags/spark_pipeline_dag.py
[2026-08-10T18:51:44.664+0000] {logging_mixin.py:188} INFO - [2026-08-10T18:51:44.664+0000] {dag.py:3036} INFO - Sync 1 DAGs
[2026-08-10T18:51:44.684+0000] {logging_mixin.py:188} INFO - [2026-08-10T18:51:44.683+0000] {dag.py:3823} INFO - Setting next_dagrun for air_quality_pipeline to 2026-08-10 18:05:00+00:00, run_after=2026-08-10 19:05:00+00:00
[2026-08-10T18:51:44.704+0000] {processor.py:183} INFO - Processing /opt/airflow/dags/spark_pipeline_dag.py took 0.095 seconds
[2026-08-10T18:52:15.079+0000] {processor.py:161} INFO - Started process (PID=22312) to work on /opt/airflow/dags/spark_pipeline_dag.py
[2026-08-10T18:52:15.080+0000] {processor.py:830} INFO - Processing file /opt/airflow/dags/spark_pipeline_dag.py for tasks to queue
[2026-08-10T18:52:15.082+0000] {logging_mixin.py:188} INFO - [2026-08-10T18:52:15.081+0000] {dagbag.py:538} INFO - Filling up the DagBag from /opt/airflow/dags/spark_pipeline_dag.py
[2026-08-10T18:52:15.110+0000] {processor.py:840} INFO - DAG(s) 'air_quality_pipeline' retrieved from /opt/airflow/dags/spark_pipeline_dag.py
[2026-08-10T18:52:15.133+0000] {logging_mixin.py:188} INFO - [2026-08-10T18:52:15.133+0000] {dag.py:3036} INFO - Sync 1 DAGs
[2026-08-10T18:52:15.152+0000] {logging_mixin.py:188} INFO - [2026-08-10T18:52:15.152+0000] {dag.py:3823} INFO - Setting next_dagrun for air_quality_pipeline to 2026-08-10 18:05:00+00:00, run_after=2026-08-10 19:05:00+00:00
[2026-08-10T18:52:15.173+0000] {processor.py:183} INFO - Processing /opt/airflow/dags/spark_pipeline_dag.py took 0.097 seconds
[2026-08-10T18:52:45.577+0000] {processor.py:161} INFO - Started process (PID=22322) to work on /opt/airflow/dags/spark_pipeline_dag.py
[2026-08-10T18:52:45.580+0000] {processor.py:830} INFO - Processing file /opt/airflow/dags/spark_pipeline_dag.py for tasks to queue
[2026-08-10T18:52:45.582+0000] {logging_mixin.py:188} INFO - [2026-08-10T18:52:45.581+0000] {dagbag.py:538} INFO - Filling up the DagBag from /opt/airflow/dags/spark_pipeline_dag.py
[2026-08-10T18:52:45.614+0000] {processor.py:840} INFO - DAG(s) 'air_quality_pipeline' retrieved from /opt/airflow/dags/spark_pipeline_dag.py
[2026-08-10T18:52:45.641+0000] {logging_mixin.py:188} INFO - [2026-08-10T18:52:45.640+0000] {dag.py:3036} INFO - Sync 1 DAGs
[2026-08-10T18:52:45.664+0000] {logging_mixin.py:188} INFO - [2026-08-10T18:52:45.664+0000] {dag.py:3823} INFO - Setting next_dagrun for air_quality_pipeline to 2026-08-10 18:05:00+00:00, run_after=2026-08-10 19:05:00+00:00
[2026-08-10T18:52:45.686+0000] {processor.py:183} INFO - Processing /opt/airflow/dags/spark_pipeline_dag.py took 0.112 seconds
[2026-08-10T18:53:16.072+0000] {processor.py:161} INFO - Started process (PID=22332) to work on /opt/airflow/dags/spark_pipeline_dag.py
[2026-08-10T18:53:16.074+0000] {processor.py:830} INFO - Processing file /opt/airflow/dags/spark_pipeline_dag.py for tasks to queue
[2026-08-10T18:53:16.075+0000] {logging_mixin.py:188} INFO - [2026-08-10T18:53:16.075+0000] {dagbag.py:538} INFO - Filling up the DagBag from /opt/airflow/dags/spark_pipeline_dag.py
[2026-08-10T18:53:16.101+0000] {processor.py:840} INFO - DAG(s) 'air_quality_pipeline' retrieved from /opt/airflow/dags/spark_pipeline_dag.py
[2026-08-10T18:53:16.123+0000] {logging_mixin.py:188} INFO - [2026-08-10T18:53:16.122+0000] {dag.py:3036} INFO - Sync 1 DAGs
[2026-08-10T18:53:16.142+0000] {logging_mixin.py:188} INFO - [2026-08-10T18:53:16.142+0000] {dag.py:3823} INFO - Setting next_dagrun for air_quality_pipeline to 2026-08-10 18:05:00+00:00, run_after=2026-08-10 19:05:00+00:00
[2026-08-10T18:53:16.163+0000] {processor.py:183} INFO - Processing /opt/airflow/dags/spark_pipeline_dag.py took 0.094 seconds
[2026-08-10T18:53:46.591+0000] {processor.py:161} INFO - Started process (PID=22342) to work on /opt/airflow/dags/spark_pipeline_dag.py
[2026-08-10T18:53:46.593+0000] {processor.py:830} INFO - Processing file /opt/airflow/dags/spark_pipeline_dag.py for tasks to queue
[2026-08-10T18:53:46.594+0000] {logging_mixin.py:188} INFO - [2026-08-10T18:53:46.594+0000] {dagbag.py:538} INFO - Filling up the DagBag from /opt/airflow/dags/spark_pipeline_dag.py
[2026-08-10T18:53:46.625+0000] {processor.py:840} INFO - DAG(s) 'air_quality_pipeline' retrieved from /opt/airflow/dags/spark_pipeline_dag.py
[2026-08-10T18:53:46.647+0000] {logging_mixin.py:188} INFO - [2026-08-10T18:53:46.647+0000] {dag.py:3036} INFO - Sync 1 DAGs
[2026-08-10T18:53:46.666+0000] {logging_mixin.py:188} INFO - [2026-08-10T18:53:46.666+0000] {dag.py:3823} INFO - Setting next_dagrun for air_quality_pipeline to 2026-08-10 18:05:00+00:00, run_after=2026-08-10 19:05:00+00:00
[2026-08-10T18:53:46.687+0000] {processor.py:183} INFO - Processing /opt/airflow/dags/spark_pipeline_dag.py took 0.098 seconds
[2026-08-10T18:54:17.052+0000] {processor.py:161} INFO - Started process (PID=22352) to work on /opt/airflow/dags/spark_pipeline_dag.py
[2026-08-10T18:54:17.054+0000] {processor.py:830} INFO - Processing file /opt/airflow/dags/spark_pipeline_dag.py for tasks to queue
[2026-08-10T18:54:17.055+0000] {logging_mixin.py:188} INFO - [2026-08-10T18:54:17.055+0000] {dagbag.py:538} INFO - Filling up the DagBag from /opt/airflow/dags/spark_pipeline_dag.py
[2026-08-10T18:54:17.083+0000] {processor.py:840} INFO - DAG(s) 'air_quality_pipeline' retrieved from /opt/airflow/dags/spark_pipeline_dag.py
[2026-08-10T18:54:17.105+0000] {logging_mixin.py:188} INFO - [2026-08-10T18:54:17.105+0000] {dag.py:3036} INFO - Sync 1 DAGs
[2026-08-10T18:54:17.124+0000] {logging_mixin.py:188} INFO - [2026-08-10T18:54:17.124+0000] {dag.py:3823} INFO - Setting next_dagrun for air_quality_pipeline to 2026-08-10 18:05:00+00:00, run_after=2026-08-10 19:05:00+00:00
[2026-08-10T18:54:17.144+0000] {processor.py:183} INFO - Processing /opt/airflow/dags/spark_pipeline_dag.py took 0.095 seconds
[2026-08-10T18:54:47.554+0000] {processor.py:161} INFO - Started process (PID=22362) to work on /opt/airflow/dags/spark_pipeline_dag.py
[2026-08-10T18:54:47.556+0000] {processor.py:830} INFO - Processing file /opt/airflow/dags/spark_pipeline_dag.py for tasks to queue
[2026-08-10T18:54:47.557+0000] {logging_mixin.py:188} INFO - [2026-08-10T18:54:47.557+0000] {dagbag.py:538} INFO - Filling up the DagBag from /opt/airflow/dags/spark_pipeline_dag.py
[2026-08-10T18:54:47.587+0000] {processor.py:840} INFO - DAG(s) 'air_quality_pipeline' retrieved from /opt/airflow/dags/spark_pipeline_dag.py
[2026-08-10T18:54:47.606+0000] {logging_mixin.py:188} INFO - [2026-08-10T18:54:47.606+0000] {dag.py:3036} INFO - Sync 1 DAGs
[2026-08-10T18:54:47.625+0000] {logging_mixin.py:188} INFO - [2026-08-10T18:54:47.625+0000] {dag.py:3823} INFO - Setting next_dagrun for air_quality_pipeline to 2026-08-10 18:05:00+00:00, run_after=2026-08-10 19:05:00+00:00
[2026-08-10T18:54:47.647+0000] {processor.py:183} INFO - Processing /opt/airflow/dags/spark_pipeline_dag.py took 0.096 seconds
[2026-08-10T18:55:18.108+0000] {processor.py:161} INFO - Started process (PID=22372) to work on /opt/airflow/dags/spark_pipeline_dag.py
[2026-08-10T18:55:18.109+0000] {processor.py:830} INFO - Processing file /opt/airflow/dags/spark_pipeline_dag.py for tasks to queue
[2026-08-10T18:55:18.111+0000] {logging_mixin.py:188} INFO - [2026-08-10T18:55:18.110+0000] {dagbag.py:538} INFO - Filling up the DagBag from /opt/airflow/dags/spark_pipeline_dag.py
[2026-08-10T18:55:18.150+0000] {processor.py:840} INFO - DAG(s) 'air_quality_pipeline' retrieved from /opt/airflow/dags/spark_pipeline_dag.py
[2026-08-10T18:55:18.173+0000] {logging_mixin.py:188} INFO - [2026-08-10T18:55:18.173+0000] {dag.py:3036} INFO - Sync 1 DAGs
[2026-08-10T18:55:18.193+0000] {logging_mixin.py:188} INFO - [2026-08-10T18:55:18.193+0000] {dag.py:3823} INFO - Setting next_dagrun for air_quality_pipeline to 2026-08-10 18:05:00+00:00, run_after=2026-08-10 19:05:00+00:00
[2026-08-10T18:55:18.213+0000] {processor.py:183} INFO - Processing /opt/airflow/dags/spark_pipeline_dag.py took 0.108 seconds
[2026-08-10T18:55:48.572+0000] {processor.py:161} INFO - Started process (PID=22382) to work on /opt/airflow/dags/spark_pipeline_dag.py
[2026-08-10T18:55:48.574+0000] {processor.py:830} INFO - Processing file /opt/airflow/dags/spark_pipeline_dag.py for tasks to queue
[2026-08-10T18:55:48.576+0000] {logging_mixin.py:188} INFO - [2026-08-10T18:55:48.575+0000] {dagbag.py:538} INFO - Filling up the DagBag from /opt/airflow/dags/spark_pipeline_dag.py
[2026-08-10T18:55:48.605+0000] {processor.py:840} INFO - DAG(s) 'air_quality_pipeline' retrieved from /opt/airflow/dags/spark_pipeline_dag.py
[2026-08-10T18:55:48.624+0000] {logging_mixin.py:188} INFO - [2026-08-10T18:55:48.624+0000] {dag.py:3036} INFO - Sync 1 DAGs
[2026-08-10T18:55:48.641+0000] {logging_mixin.py:188} INFO - [2026-08-10T18:55:48.641+0000] {dag.py:3823} INFO - Setting next_dagrun for air_quality_pipeline to 2026-08-10 18:05:00+00:00, run_after=2026-08-10 19:05:00+00:00
[2026-08-10T18:55:48.659+0000] {processor.py:183} INFO - Processing /opt/airflow/dags/spark_pipeline_dag.py took 0.090 seconds
[2026-08-10T18:56:19.083+0000] {processor.py:161} INFO - Started process (PID=22392) to work on /opt/airflow/dags/spark_pipeline_dag.py
[2026-08-10T18:56:19.084+0000] {processor.py:830} INFO - Processing file /opt/airflow/dags/spark_pipeline_dag.py for tasks to queue
[2026-08-10T18:56:19.085+0000] {logging_mixin.py:188} INFO - [2026-08-10T18:56:19.085+0000] {dagbag.py:538} INFO - Filling up the DagBag from /opt/airflow/dags/spark_pipeline_dag.py
[2026-08-10T18:56:19.111+0000] {processor.py:840} INFO - DAG(s) 'air_quality_pipeline' retrieved from /opt/airflow/dags/spark_pipeline_dag.py
[2026-08-10T18:56:19.129+0000] {logging_mixin.py:188} INFO - [2026-08-10T18:56:19.129+0000] {dag.py:3036} INFO - Sync 1 DAGs
[2026-08-10T18:56:19.145+0000] {logging_mixin.py:188} INFO - [2026-08-10T18:56:19.145+0000] {dag.py:3823} INFO - Setting next_dagrun for air_quality_pipeline to 2026-08-10 18:05:00+00:00, run_after=2026-08-10 19:05:00+00:00
[2026-08-10T18:56:19.169+0000] {processor.py:183} INFO - Processing /opt/airflow/dags/spark_pipeline_dag.py took 0.089 seconds
[2026-08-10T18:56:49.541+0000] {processor.py:161} INFO - Started process (PID=22402) to work on /opt/airflow/dags/spark_pipeline_dag.py
[2026-08-10T18:56:49.543+0000] {processor.py:830} INFO - Processing file /opt/airflow/dags/spark_pipeline_dag.py for tasks to queue
[2026-08-10T18:56:49.544+0000] {logging_mixin.py:188} INFO - [2026-08-10T18:56:49.544+0000] {dagbag.py:538} INFO - Filling up the DagBag from /opt/airflow/dags/spark_pipeline_dag.py
[2026-08-10T18:56:49.577+0000] {processor.py:840} INFO - DAG(s) 'air_quality_pipeline' retrieved from /opt/airflow/dags/spark_pipeline_dag.py
[2026-08-10T18:56:49.600+0000] {logging_mixin.py:188} INFO - [2026-08-10T18:56:49.600+0000] {dag.py:3036} INFO - Sync 1 DAGs
[2026-08-10T18:56:49.621+0000] {logging_mixin.py:188} INFO - [2026-08-10T18:56:49.621+0000] {dag.py:3823} INFO - Setting next_dagrun for air_quality_pipeline to 2026-08-10 18:05:00+00:00, run_after=2026-08-10 19:05:00+00:00
[2026-08-10T18:56:49.642+0000] {processor.py:183} INFO - Processing /opt/airflow/dags/spark_pipeline_dag.py took 0.104 seconds
[2026-08-10T18:57:20.045+0000] {processor.py:161} INFO - Started process (PID=22412) to work on /opt/airflow/dags/spark_pipeline_dag.py
[2026-08-10T18:57:20.046+0000] {processor.py:830} INFO - Processing file /opt/airflow/dags/spark_pipeline_dag.py for tasks to queue
[2026-08-10T18:57:20.048+0000] {logging_mixin.py:188} INFO - [2026-08-10T18:57:20.047+0000] {dagbag.py:538} INFO - Filling up the DagBag from /opt/airflow/dags/spark_pipeline_dag.py
[2026-08-10T18:57:20.080+0000] {processor.py:840} INFO - DAG(s) 'air_quality_pipeline' retrieved from /opt/airflow/dags/spark_pipeline_dag.py
[2026-08-10T18:57:20.107+0000] {logging_mixin.py:188} INFO - [2026-08-10T18:57:20.107+0000] {dag.py:3036} INFO - Sync 1 DAGs
[2026-08-10T18:57:20.127+0000] {logging_mixin.py:188} INFO - [2026-08-10T18:57:20.127+0000] {dag.py:3823} INFO - Setting next_dagrun for air_quality_pipeline to 2026-08-10 18:05:00+00:00, run_after=2026-08-10 19:05:00+00:00
[2026-08-10T18:57:20.146+0000] {processor.py:183} INFO - Processing /opt/airflow/dags/spark_pipeline_dag.py took 0.104 seconds
[2026-08-10T18:57:50.568+0000] {processor.py:161} INFO - Started process (PID=22422) to work on /opt/airflow/dags/spark_pipeline_dag.py
[2026-08-10T18:57:50.570+0000] {processor.py:830} INFO - Processing file /opt/airflow/dags/spark_pipeline_dag.py for tasks to queue
[2026-08-10T18:57:50.571+0000] {logging_mixin.py:188} INFO - [2026-08-10T18:57:50.571+0000] {dagbag.py:538} INFO - Filling up the DagBag from /opt/airflow/dags/spark_pipeline_dag.py
[2026-08-10T18:57:50.608+0000] {processor.py:840} INFO - DAG(s) 'air_quality_pipeline' retrieved from /opt/airflow/dags/spark_pipeline_dag.py
[2026-08-10T18:57:50.634+0000] {logging_mixin.py:188} INFO - [2026-08-10T18:57:50.634+0000] {dag.py:3036} INFO - Sync 1 DAGs
[2026-08-10T18:57:50.654+0000] {logging_mixin.py:188} INFO - [2026-08-10T18:57:50.654+0000] {dag.py:3823} INFO - Setting next_dagrun for air_quality_pipeline to 2026-08-10 18:05:00+00:00, run_after=2026-08-10 19:05:00+00:00
[2026-08-10T18:57:50.673+0000] {processor.py:183} INFO - Processing /opt/airflow/dags/spark_pipeline_dag.py took 0.109 seconds
[2026-08-10T18:58:21.079+0000] {processor.py:161} INFO - Started process (PID=22432) to work on /opt/airflow/dags/spark_pipeline_dag.py
[2026-08-10T18:58:21.081+0000] {processor.py:830} INFO - Processing file /opt/airflow/dags/spark_pipeline_dag.py for tasks to queue
[2026-08-10T18:58:21.082+0000] {logging_mixin.py:188} INFO - [2026-08-10T18:58:21.082+0000] {dagbag.py:538} INFO - Filling up the DagBag from /opt/airflow/dags/spark_pipeline_dag.py
[2026-08-10T18:58:21.112+0000] {processor.py:840} INFO - DAG(s) 'air_quality_pipeline' retrieved from /opt/airflow/dags/spark_pipeline_dag.py
[2026-08-10T18:58:21.131+0000] {logging_mixin.py:188} INFO - [2026-08-10T18:58:21.130+0000] {dag.py:3036} INFO - Sync 1 DAGs
[2026-08-10T18:58:21.152+0000] {logging_mixin.py:188} INFO - [2026-08-10T18:58:21.151+0000] {dag.py:3823} INFO - Setting next_dagrun for air_quality_pipeline to 2026-08-10 18:05:00+00:00, run_after=2026-08-10 19:05:00+00:00
[2026-08-10T18:58:21.173+0000] {processor.py:183} INFO - Processing /opt/airflow/dags/spark_pipeline_dag.py took 0.097 seconds
[2026-08-10T18:58:51.520+0000] {processor.py:161} INFO - Started process (PID=22442) to work on /opt/airflow/dags/spark_pipeline_dag.py
[2026-08-10T18:58:51.522+0000] {processor.py:830} INFO - Processing file /opt/airflow/dags/spark_pipeline_dag.py for tasks to queue
[2026-08-10T18:58:51.524+0000] {logging_mixin.py:188} INFO - [2026-08-10T18:58:51.524+0000] {dagbag.py:538} INFO - Filling up the DagBag from /opt/airflow/dags/spark_pipeline_dag.py
[2026-08-10T18:58:51.562+0000] {processor.py:840} INFO - DAG(s) 'air_quality_pipeline' retrieved from /opt/airflow/dags/spark_pipeline_dag.py
[2026-08-10T18:58:51.588+0000] {logging_mixin.py:188} INFO - [2026-08-10T18:58:51.588+0000] {dag.py:3036} INFO - Sync 1 DAGs
[2026-08-10T18:58:51.620+0000] {logging_mixin.py:188} INFO - [2026-08-10T18:58:51.620+0000] {dag.py:3823} INFO - Setting next_dagrun for air_quality_pipeline to 2026-08-10 18:05:00+00:00, run_after=2026-08-10 19:05:00+00:00
[2026-08-10T18:58:51.648+0000] {processor.py:183} INFO - Processing /opt/airflow/dags/spark_pipeline_dag.py took 0.131 seconds
[2026-08-10T18:59:22.001+0000] {processor.py:161} INFO - Started process (PID=22452) to work on /opt/airflow/dags/spark_pipeline_dag.py
[2026-08-10T18:59:22.002+0000] {processor.py:830} INFO - Processing file /opt/airflow/dags/spark_pipeline_dag.py for tasks to queue
[2026-08-10T18:59:22.004+0000] {logging_mixin.py:188} INFO - [2026-08-10T18:59:22.003+0000] {dagbag.py:538} INFO - Filling up the DagBag from /opt/airflow/dags/spark_pipeline_dag.py
[2026-08-10T18:59:22.039+0000] {processor.py:840} INFO - DAG(s) 'air_quality_pipeline' retrieved from /opt/airflow/dags/spark_pipeline_dag.py
[2026-08-10T18:59:22.060+0000] {logging_mixin.py:188} INFO - [2026-08-10T18:59:22.059+0000] {dag.py:3036} INFO - Sync 1 DAGs
[2026-08-10T18:59:22.079+0000] {logging_mixin.py:188} INFO - [2026-08-10T18:59:22.079+0000] {dag.py:3823} INFO - Setting next_dagrun for air_quality_pipeline to 2026-08-10 18:05:00+00:00, run_after=2026-08-10 19:05:00+00:00
[2026-08-10T18:59:22.099+0000] {processor.py:183} INFO - Processing /opt/airflow/dags/spark_pipeline_dag.py took 0.103 seconds
[2026-08-10T18:59:52.498+0000] {processor.py:161} INFO - Started process (PID=22462) to work on /opt/airflow/dags/spark_pipeline_dag.py
[2026-08-10T18:59:52.499+0000] {processor.py:830} INFO - Processing file /opt/airflow/dags/spark_pipeline_dag.py for tasks to queue
[2026-08-10T18:59:52.501+0000] {logging_mixin.py:188} INFO - [2026-08-10T18:59:52.501+0000] {dagbag.py:538} INFO - Filling up the DagBag from /opt/airflow/dags/spark_pipeline_dag.py
[2026-08-10T18:59:52.532+0000] {processor.py:840} INFO - DAG(s) 'air_quality_pipeline' retrieved from /opt/airflow/dags/spark_pipeline_dag.py
[2026-08-10T18:59:52.552+0000] {logging_mixin.py:188} INFO - [2026-08-10T18:59:52.552+0000] {dag.py:3036} INFO - Sync 1 DAGs
[2026-08-10T18:59:52.572+0000] {logging_mixin.py:188} INFO - [2026-08-10T18:59:52.572+0000] {dag.py:3823} INFO - Setting next_dagrun for air_quality_pipeline to 2026-08-10 18:05:00+00:00, run_after=2026-08-10 19:05:00+00:00
[2026-08-10T18:59:52.593+0000] {processor.py:183} INFO - Processing /opt/airflow/dags/spark_pipeline_dag.py took 0.099 seconds
[2026-08-10T19:00:22.946+0000] {processor.py:161} INFO - Started process (PID=22474) to work on /opt/airflow/dags/spark_pipeline_dag.py
[2026-08-10T19:00:22.947+0000] {processor.py:830} INFO - Processing file /opt/airflow/dags/spark_pipeline_dag.py for tasks to queue
[2026-08-10T19:00:22.948+0000] {logging_mixin.py:188} INFO - [2026-08-10T19:00:22.948+0000] {dagbag.py:538} INFO - Filling up the DagBag from /opt/airflow/dags/spark_pipeline_dag.py
[2026-08-10T19:00:22.978+0000] {processor.py:840} INFO - DAG(s) 'air_quality_pipeline' retrieved from /opt/airflow/dags/spark_pipeline_dag.py
[2026-08-10T19:00:22.999+0000] {logging_mixin.py:188} INFO - [2026-08-10T19:00:22.999+0000] {dag.py:3036} INFO - Sync 1 DAGs
[2026-08-10T19:00:23.022+0000] {logging_mixin.py:188} INFO - [2026-08-10T19:00:23.021+0000] {dag.py:3823} INFO - Setting next_dagrun for air_quality_pipeline to 2026-08-10 18:05:00+00:00, run_after=2026-08-10 19:05:00+00:00
[2026-08-10T19:00:23.046+0000] {processor.py:183} INFO - Processing /opt/airflow/dags/spark_pipeline_dag.py took 0.103 seconds
[2026-08-10T19:00:53.514+0000] {processor.py:161} INFO - Started process (PID=22484) to work on /opt/airflow/dags/spark_pipeline_dag.py
[2026-08-10T19:00:53.515+0000] {processor.py:830} INFO - Processing file /opt/airflow/dags/spark_pipeline_dag.py for tasks to queue
[2026-08-10T19:00:53.517+0000] {logging_mixin.py:188} INFO - [2026-08-10T19:00:53.516+0000] {dagbag.py:538} INFO - Filling up the DagBag from /opt/airflow/dags/spark_pipeline_dag.py
[2026-08-10T19:00:53.552+0000] {processor.py:840} INFO - DAG(s) 'air_quality_pipeline' retrieved from /opt/airflow/dags/spark_pipeline_dag.py
[2026-08-10T19:00:53.574+0000] {logging_mixin.py:188} INFO - [2026-08-10T19:00:53.574+0000] {dag.py:3036} INFO - Sync 1 DAGs
[2026-08-10T19:00:53.602+0000] {logging_mixin.py:188} INFO - [2026-08-10T19:00:53.602+0000] {dag.py:3823} INFO - Setting next_dagrun for air_quality_pipeline to 2026-08-10 18:05:00+00:00, run_after=2026-08-10 19:05:00+00:00
[2026-08-10T19:00:53.623+0000] {processor.py:183} INFO - Processing /opt/airflow/dags/spark_pipeline_dag.py took 0.112 seconds
[2026-08-10T19:01:24.010+0000] {processor.py:161} INFO - Started process (PID=22494) to work on /opt/airflow/dags/spark_pipeline_dag.py
[2026-08-10T19:01:24.012+0000] {processor.py:830} INFO - Processing file /opt/airflow/dags/spark_pipeline_dag.py for tasks to queue
[2026-08-10T19:01:24.015+0000] {logging_mixin.py:188} INFO - [2026-08-10T19:01:24.014+0000] {dagbag.py:538} INFO - Filling up the DagBag from /opt/airflow/dags/spark_pipeline_dag.py
[2026-08-10T19:01:24.056+0000] {processor.py:840} INFO - DAG(s) 'air_quality_pipeline' retrieved from /opt/airflow/dags/spark_pipeline_dag.py
[2026-08-10T19:01:24.087+0000] {logging_mixin.py:188} INFO - [2026-08-10T19:01:24.087+0000] {dag.py:3036} INFO - Sync 1 DAGs
[2026-08-10T19:01:24.107+0000] {logging_mixin.py:188} INFO - [2026-08-10T19:01:24.107+0000] {dag.py:3823} INFO - Setting next_dagrun for air_quality_pipeline to 2026-08-10 18:05:00+00:00, run_after=2026-08-10 19:05:00+00:00
[2026-08-10T19:01:24.129+0000] {processor.py:183} INFO - Processing /opt/airflow/dags/spark_pipeline_dag.py took 0.122 seconds
[2026-08-10T19:01:54.487+0000] {processor.py:161} INFO - Started process (PID=22504) to work on /opt/airflow/dags/spark_pipeline_dag.py
[2026-08-10T19:01:54.488+0000] {processor.py:830} INFO - Processing file /opt/airflow/dags/spark_pipeline_dag.py for tasks to queue
[2026-08-10T19:01:54.489+0000] {logging_mixin.py:188} INFO - [2026-08-10T19:01:54.489+0000] {dagbag.py:538} INFO - Filling up the DagBag from /opt/airflow/dags/spark_pipeline_dag.py
[2026-08-10T19:01:54.516+0000] {processor.py:840} INFO - DAG(s) 'air_quality_pipeline' retrieved from /opt/airflow/dags/spark_pipeline_dag.py
[2026-08-10T19:01:54.537+0000] {logging_mixin.py:188} INFO - [2026-08-10T19:01:54.537+0000] {dag.py:3036} INFO - Sync 1 DAGs
[2026-08-10T19:01:54.557+0000] {logging_mixin.py:188} INFO - [2026-08-10T19:01:54.556+0000] {dag.py:3823} INFO - Setting next_dagrun for air_quality_pipeline to 2026-08-10 18:05:00+00:00, run_after=2026-08-10 19:05:00+00:00
[2026-08-10T19:01:54.576+0000] {processor.py:183} INFO - Processing /opt/airflow/dags/spark_pipeline_dag.py took 0.092 seconds
[2026-08-10T19:02:24.959+0000] {processor.py:161} INFO - Started process (PID=22514) to work on /opt/airflow/dags/spark_pipeline_dag.py
[2026-08-10T19:02:24.960+0000] {processor.py:830} INFO - Processing file /opt/airflow/dags/spark_pipeline_dag.py for tasks to queue
[2026-08-10T19:02:24.961+0000] {logging_mixin.py:188} INFO - [2026-08-10T19:02:24.961+0000] {dagbag.py:538} INFO - Filling up the DagBag from /opt/airflow/dags/spark_pipeline_dag.py
[2026-08-10T19:02:24.987+0000] {processor.py:840} INFO - DAG(s) 'air_quality_pipeline' retrieved from /opt/airflow/dags/spark_pipeline_dag.py
[2026-08-10T19:02:25.008+0000] {logging_mixin.py:188} INFO - [2026-08-10T19:02:25.008+0000] {dag.py:3036} INFO - Sync 1 DAGs
[2026-08-10T19:02:25.029+0000] {logging_mixin.py:188} INFO - [2026-08-10T19:02:25.029+0000] {dag.py:3823} INFO - Setting next_dagrun for air_quality_pipeline to 2026-08-10 18:05:00+00:00, run_after=2026-08-10 19:05:00+00:00
[2026-08-10T19:02:25.054+0000] {processor.py:183} INFO - Processing /opt/airflow/dags/spark_pipeline_dag.py took 0.098 seconds
[2026-08-10T19:02:55.426+0000] {processor.py:161} INFO - Started process (PID=22524) to work on /opt/airflow/dags/spark_pipeline_dag.py
[2026-08-10T19:02:55.428+0000] {processor.py:830} INFO - Processing file /opt/airflow/dags/spark_pipeline_dag.py for tasks to queue
[2026-08-10T19:02:55.429+0000] {logging_mixin.py:188} INFO - [2026-08-10T19:02:55.429+0000] {dagbag.py:538} INFO - Filling up the DagBag from /opt/airflow/dags/spark_pipeline_dag.py
[2026-08-10T19:02:55.457+0000] {processor.py:840} INFO - DAG(s) 'air_quality_pipeline' retrieved from /opt/airflow/dags/spark_pipeline_dag.py
[2026-08-10T19:02:55.479+0000] {logging_mixin.py:188} INFO - [2026-08-10T19:02:55.478+0000] {dag.py:3036} INFO - Sync 1 DAGs
[2026-08-10T19:02:55.498+0000] {logging_mixin.py:188} INFO - [2026-08-10T19:02:55.498+0000] {dag.py:3823} INFO - Setting next_dagrun for air_quality_pipeline to 2026-08-10 18:05:00+00:00, run_after=2026-08-10 19:05:00+00:00
[2026-08-10T19:02:55.518+0000] {processor.py:183} INFO - Processing /opt/airflow/dags/spark_pipeline_dag.py took 0.096 seconds
[2026-08-10T19:03:25.908+0000] {processor.py:161} INFO - Started process (PID=22534) to work on /opt/airflow/dags/spark_pipeline_dag.py
[2026-08-10T19:03:25.909+0000] {processor.py:830} INFO - Processing file /opt/airflow/dags/spark_pipeline_dag.py for tasks to queue
[2026-08-10T19:03:25.911+0000] {logging_mixin.py:188} INFO - [2026-08-10T19:03:25.910+0000] {dagbag.py:538} INFO - Filling up the DagBag from /opt/airflow/dags/spark_pipeline_dag.py
[2026-08-10T19:03:25.942+0000] {processor.py:840} INFO - DAG(s) 'air_quality_pipeline' retrieved from /opt/airflow/dags/spark_pipeline_dag.py
[2026-08-10T19:03:25.963+0000] {logging_mixin.py:188} INFO - [2026-08-10T19:03:25.963+0000] {dag.py:3036} INFO - Sync 1 DAGs
[2026-08-10T19:03:25.985+0000] {logging_mixin.py:188} INFO - [2026-08-10T19:03:25.985+0000] {dag.py:3823} INFO - Setting next_dagrun for air_quality_pipeline to 2026-08-10 18:05:00+00:00, run_after=2026-08-10 19:05:00+00:00
[2026-08-10T19:03:26.010+0000] {processor.py:183} INFO - Processing /opt/airflow/dags/spark_pipeline_dag.py took 0.105 seconds
[2026-08-10T19:03:56.444+0000] {processor.py:161} INFO - Started process (PID=22544) to work on /opt/airflow/dags/spark_pipeline_dag.py
[2026-08-10T19:03:56.446+0000] {processor.py:830} INFO - Processing file /opt/airflow/dags/spark_pipeline_dag.py for tasks to queue
[2026-08-10T19:03:56.447+0000] {logging_mixin.py:188} INFO - [2026-08-10T19:03:56.447+0000] {dagbag.py:538} INFO - Filling up the DagBag from /opt/airflow/dags/spark_pipeline_dag.py
[2026-08-10T19:03:56.485+0000] {processor.py:840} INFO - DAG(s) 'air_quality_pipeline' retrieved from /opt/airflow/dags/spark_pipeline_dag.py
[2026-08-10T19:03:56.510+0000] {logging_mixin.py:188} INFO - [2026-08-10T19:03:56.510+0000] {dag.py:3036} INFO - Sync 1 DAGs
[2026-08-10T19:03:56.532+0000] {logging_mixin.py:188} INFO - [2026-08-10T19:03:56.532+0000] {dag.py:3823} INFO - Setting next_dagrun for air_quality_pipeline to 2026-08-10 18:05:00+00:00, run_after=2026-08-10 19:05:00+00:00
[2026-08-10T19:03:56.554+0000] {processor.py:183} INFO - Processing /opt/airflow/dags/spark_pipeline_dag.py took 0.113 seconds
[2026-08-10T19:04:26.903+0000] {processor.py:161} INFO - Started process (PID=22554) to work on /opt/airflow/dags/spark_pipeline_dag.py
[2026-08-10T19:04:26.905+0000] {processor.py:830} INFO - Processing file /opt/airflow/dags/spark_pipeline_dag.py for tasks to queue
[2026-08-10T19:04:26.907+0000] {logging_mixin.py:188} INFO - [2026-08-10T19:04:26.907+0000] {dagbag.py:538} INFO - Filling up the DagBag from /opt/airflow/dags/spark_pipeline_dag.py
[2026-08-10T19:04:26.948+0000] {processor.py:840} INFO - DAG(s) 'air_quality_pipeline' retrieved from /opt/airflow/dags/spark_pipeline_dag.py
[2026-08-10T19:04:26.996+0000] {logging_mixin.py:188} INFO - [2026-08-10T19:04:26.996+0000] {dag.py:3036} INFO - Sync 1 DAGs
[2026-08-10T19:04:27.024+0000] {logging_mixin.py:188} INFO - [2026-08-10T19:04:27.024+0000] {dag.py:3823} INFO - Setting next_dagrun for air_quality_pipeline to 2026-08-10 18:05:00+00:00, run_after=2026-08-10 19:05:00+00:00
[2026-08-10T19:04:27.056+0000] {processor.py:183} INFO - Processing /opt/airflow/dags/spark_pipeline_dag.py took 0.158 seconds
[2026-08-10T19:04:57.453+0000] {processor.py:161} INFO - Started process (PID=22564) to work on /opt/airflow/dags/spark_pipeline_dag.py
[2026-08-10T19:04:57.456+0000] {processor.py:830} INFO - Processing file /opt/airflow/dags/spark_pipeline_dag.py for tasks to queue
[2026-08-10T19:04:57.458+0000] {logging_mixin.py:188} INFO - [2026-08-10T19:04:57.457+0000] {dagbag.py:538} INFO - Filling up the DagBag from /opt/airflow/dags/spark_pipeline_dag.py
[2026-08-10T19:04:57.497+0000] {processor.py:840} INFO - DAG(s) 'air_quality_pipeline' retrieved from /opt/airflow/dags/spark_pipeline_dag.py
[2026-08-10T19:04:57.516+0000] {logging_mixin.py:188} INFO - [2026-08-10T19:04:57.516+0000] {dag.py:3036} INFO - Sync 1 DAGs
[2026-08-10T19:04:57.536+0000] {logging_mixin.py:188} INFO - [2026-08-10T19:04:57.536+0000] {dag.py:3823} INFO - Setting next_dagrun for air_quality_pipeline to 2026-08-10 18:05:00+00:00, run_after=2026-08-10 19:05:00+00:00
[2026-08-10T19:04:57.556+0000] {processor.py:183} INFO - Processing /opt/airflow/dags/spark_pipeline_dag.py took 0.106 seconds
[2026-08-10T19:05:27.882+0000] {processor.py:161} INFO - Started process (PID=22576) to work on /opt/airflow/dags/spark_pipeline_dag.py
[2026-08-10T19:05:27.884+0000] {processor.py:830} INFO - Processing file /opt/airflow/dags/spark_pipeline_dag.py for tasks to queue
[2026-08-10T19:05:27.885+0000] {logging_mixin.py:188} INFO - [2026-08-10T19:05:27.885+0000] {dagbag.py:538} INFO - Filling up the DagBag from /opt/airflow/dags/spark_pipeline_dag.py
[2026-08-10T19:05:27.911+0000] {processor.py:840} INFO - DAG(s) 'air_quality_pipeline' retrieved from /opt/airflow/dags/spark_pipeline_dag.py
[2026-08-10T19:05:27.930+0000] {logging_mixin.py:188} INFO - [2026-08-10T19:05:27.930+0000] {dag.py:3036} INFO - Sync 1 DAGs
[2026-08-10T19:05:27.952+0000] {logging_mixin.py:188} INFO - [2026-08-10T19:05:27.952+0000] {dag.py:3823} INFO - Setting next_dagrun for air_quality_pipeline to 2026-08-10 19:05:00+00:00, run_after=2026-08-10 20:05:00+00:00
[2026-08-10T19:05:27.971+0000] {processor.py:183} INFO - Processing /opt/airflow/dags/spark_pipeline_dag.py took 0.091 seconds
[2026-08-10T19:05:58.302+0000] {processor.py:161} INFO - Started process (PID=22586) to work on /opt/airflow/dags/spark_pipeline_dag.py
[2026-08-10T19:05:58.303+0000] {processor.py:830} INFO - Processing file /opt/airflow/dags/spark_pipeline_dag.py for tasks to queue
[2026-08-10T19:05:58.304+0000] {logging_mixin.py:188} INFO - [2026-08-10T19:05:58.304+0000] {dagbag.py:538} INFO - Filling up the DagBag from /opt/airflow/dags/spark_pipeline_dag.py
[2026-08-10T19:05:58.334+0000] {processor.py:840} INFO - DAG(s) 'air_quality_pipeline' retrieved from /opt/airflow/dags/spark_pipeline_dag.py
[2026-08-10T19:05:58.357+0000] {logging_mixin.py:188} INFO - [2026-08-10T19:05:58.357+0000] {dag.py:3036} INFO - Sync 1 DAGs
[2026-08-10T19:05:58.378+0000] {logging_mixin.py:188} INFO - [2026-08-10T19:05:58.378+0000] {dag.py:3823} INFO - Setting next_dagrun for air_quality_pipeline to 2026-08-10 19:05:00+00:00, run_after=2026-08-10 20:05:00+00:00
[2026-08-10T19:05:58.398+0000] {processor.py:183} INFO - Processing /opt/airflow/dags/spark_pipeline_dag.py took 0.099 seconds
[2026-08-10T19:06:28.753+0000] {processor.py:161} INFO - Started process (PID=22596) to work on /opt/airflow/dags/spark_pipeline_dag.py
[2026-08-10T19:06:28.754+0000] {processor.py:830} INFO - Processing file /opt/airflow/dags/spark_pipeline_dag.py for tasks to queue
[2026-08-10T19:06:28.756+0000] {logging_mixin.py:188} INFO - [2026-08-10T19:06:28.755+0000] {dagbag.py:538} INFO - Filling up the DagBag from /opt/airflow/dags/spark_pipeline_dag.py
[2026-08-10T19:06:28.788+0000] {processor.py:840} INFO - DAG(s) 'air_quality_pipeline' retrieved from /opt/airflow/dags/spark_pipeline_dag.py
[2026-08-10T19:06:28.813+0000] {logging_mixin.py:188} INFO - [2026-08-10T19:06:28.812+0000] {dag.py:3036} INFO - Sync 1 DAGs
[2026-08-10T19:06:28.838+0000] {logging_mixin.py:188} INFO - [2026-08-10T19:06:28.838+0000] {dag.py:3823} INFO - Setting next_dagrun for air_quality_pipeline to 2026-08-10 19:05:00+00:00, run_after=2026-08-10 20:05:00+00:00
[2026-08-10T19:06:28.859+0000] {processor.py:183} INFO - Processing /opt/airflow/dags/spark_pipeline_dag.py took 0.110 seconds
[2026-08-10T19:06:59.231+0000] {processor.py:161} INFO - Started process (PID=22606) to work on /opt/airflow/dags/spark_pipeline_dag.py
[2026-08-10T19:06:59.233+0000] {processor.py:830} INFO - Processing file /opt/airflow/dags/spark_pipeline_dag.py for tasks to queue
[2026-08-10T19:06:59.235+0000] {logging_mixin.py:188} INFO - [2026-08-10T19:06:59.234+0000] {dagbag.py:538} INFO - Filling up the DagBag from /opt/airflow/dags/spark_pipeline_dag.py
[2026-08-10T19:06:59.264+0000] {processor.py:840} INFO - DAG(s) 'air_quality_pipeline' retrieved from /opt/airflow/dags/spark_pipeline_dag.py
[2026-08-10T19:06:59.289+0000] {logging_mixin.py:188} INFO - [2026-08-10T19:06:59.289+0000] {dag.py:3036} INFO - Sync 1 DAGs
[2026-08-10T19:06:59.311+0000] {logging_mixin.py:188} INFO - [2026-08-10T19:06:59.311+0000] {dag.py:3823} INFO - Setting next_dagrun for air_quality_pipeline to 2026-08-10 19:05:00+00:00, run_after=2026-08-10 20:05:00+00:00
[2026-08-10T19:06:59.330+0000] {processor.py:183} INFO - Processing /opt/airflow/dags/spark_pipeline_dag.py took 0.102 seconds
[2026-08-10T19:07:29.700+0000] {processor.py:161} INFO - Started process (PID=22616) to work on /opt/airflow/dags/spark_pipeline_dag.py
[2026-08-10T19:07:29.702+0000] {processor.py:830} INFO - Processing file /opt/airflow/dags/spark_pipeline_dag.py for tasks to queue
[2026-08-10T19:07:29.703+0000] {logging_mixin.py:188} INFO - [2026-08-10T19:07:29.703+0000] {dagbag.py:538} INFO - Filling up the DagBag from /opt/airflow/dags/spark_pipeline_dag.py
[2026-08-10T19:07:29.746+0000] {processor.py:840} INFO - DAG(s) 'air_quality_pipeline' retrieved from /opt/airflow/dags/spark_pipeline_dag.py
[2026-08-10T19:07:29.791+0000] {logging_mixin.py:188} INFO - [2026-08-10T19:07:29.790+0000] {dag.py:3036} INFO - Sync 1 DAGs
[2026-08-10T19:07:29.823+0000] {logging_mixin.py:188} INFO - [2026-08-10T19:07:29.823+0000] {dag.py:3823} INFO - Setting next_dagrun for air_quality_pipeline to 2026-08-10 19:05:00+00:00, run_after=2026-08-10 20:05:00+00:00
[2026-08-10T19:07:29.844+0000] {processor.py:183} INFO - Processing /opt/airflow/dags/spark_pipeline_dag.py took 0.147 seconds
[2026-08-10T19:08:00.231+0000] {processor.py:161} INFO - Started process (PID=22626) to work on /opt/airflow/dags/spark_pipeline_dag.py
[2026-08-10T19:08:00.233+0000] {processor.py:830} INFO - Processing file /opt/airflow/dags/spark_pipeline_dag.py for tasks to queue
[2026-08-10T19:08:00.234+0000] {logging_mixin.py:188} INFO - [2026-08-10T19:08:00.234+0000] {dagbag.py:538} INFO - Filling up the DagBag from /opt/airflow/dags/spark_pipeline_dag.py
[2026-08-10T19:08:00.266+0000] {processor.py:840} INFO - DAG(s) 'air_quality_pipeline' retrieved from /opt/airflow/dags/spark_pipeline_dag.py
[2026-08-10T19:08:00.286+0000] {logging_mixin.py:188} INFO - [2026-08-10T19:08:00.286+0000] {dag.py:3036} INFO - Sync 1 DAGs
[2026-08-10T19:08:00.304+0000] {logging_mixin.py:188} INFO - [2026-08-10T19:08:00.304+0000] {dag.py:3823} INFO - Setting next_dagrun for air_quality_pipeline to 2026-08-10 19:05:00+00:00, run_after=2026-08-10 20:05:00+00:00
[2026-08-10T19:08:00.325+0000] {processor.py:183} INFO - Processing /opt/airflow/dags/spark_pipeline_dag.py took 0.096 seconds
[2026-08-10T19:08:30.719+0000] {processor.py:161} INFO - Started process (PID=22636) to work on /opt/airflow/dags/spark_pipeline_dag.py
[2026-08-10T19:08:30.722+0000] {processor.py:830} INFO - Processing file /opt/airflow/dags/spark_pipeline_dag.py for tasks to queue
[2026-08-10T19:08:30.724+0000] {logging_mixin.py:188} INFO - [2026-08-10T19:08:30.723+0000] {dagbag.py:538} INFO - Filling up the DagBag from /opt/airflow/dags/spark_pipeline_dag.py
[2026-08-10T19:08:30.769+0000] {processor.py:840} INFO - DAG(s) 'air_quality_pipeline' retrieved from /opt/airflow/dags/spark_pipeline_dag.py
[2026-08-10T19:08:30.795+0000] {logging_mixin.py:188} INFO - [2026-08-10T19:08:30.795+0000] {dag.py:3036} INFO - Sync 1 DAGs
[2026-08-10T19:08:30.816+0000] {logging_mixin.py:188} INFO - [2026-08-10T19:08:30.816+0000] {dag.py:3823} INFO - Setting next_dagrun for air_quality_pipeline to 2026-08-10 19:05:00+00:00, run_after=2026-08-10 20:05:00+00:00
[2026-08-10T19:08:30.839+0000] {processor.py:183} INFO - Processing /opt/airflow/dags/spark_pipeline_dag.py took 0.124 seconds
[2026-08-10T19:09:01.184+0000] {processor.py:161} INFO - Started process (PID=22646) to work on /opt/airflow/dags/spark_pipeline_dag.py
[2026-08-10T19:09:01.185+0000] {processor.py:830} INFO - Processing file /opt/airflow/dags/spark_pipeline_dag.py for tasks to queue
[2026-08-10T19:09:01.187+0000] {logging_mixin.py:188} INFO - [2026-08-10T19:09:01.186+0000] {dagbag.py:538} INFO - Filling up the DagBag from /opt/airflow/dags/spark_pipeline_dag.py
[2026-08-10T19:09:01.217+0000] {processor.py:840} INFO - DAG(s) 'air_quality_pipeline' retrieved from /opt/airflow/dags/spark_pipeline_dag.py
[2026-08-10T19:09:01.239+0000] {logging_mixin.py:188} INFO - [2026-08-10T19:09:01.238+0000] {dag.py:3036} INFO - Sync 1 DAGs
[2026-08-10T19:09:01.259+0000] {logging_mixin.py:188} INFO - [2026-08-10T19:09:01.259+0000] {dag.py:3823} INFO - Setting next_dagrun for air_quality_pipeline to 2026-08-10 19:05:00+00:00, run_after=2026-08-10 20:05:00+00:00
[2026-08-10T19:09:01.279+0000] {processor.py:183} INFO - Processing /opt/airflow/dags/spark_pipeline_dag.py took 0.098 seconds
[2026-08-10T19:09:31.642+0000] {processor.py:161} INFO - Started process (PID=22656) to work on /opt/airflow/dags/spark_pipeline_dag.py
[2026-08-10T19:09:31.644+0000] {processor.py:830} INFO - Processing file /opt/airflow/dags/spark_pipeline_dag.py for tasks to queue
[2026-08-10T19:09:31.647+0000] {logging_mixin.py:188} INFO - [2026-08-10T19:09:31.646+0000] {dagbag.py:538} INFO - Filling up the DagBag from /opt/airflow/dags/spark_pipeline_dag.py
[2026-08-10T19:09:31.705+0000] {processor.py:840} INFO - DAG(s) 'air_quality_pipeline' retrieved from /opt/airflow/dags/spark_pipeline_dag.py
[2026-08-10T19:09:31.731+0000] {logging_mixin.py:188} INFO - [2026-08-10T19:09:31.731+0000] {dag.py:3036} INFO - Sync 1 DAGs
[2026-08-10T19:09:31.753+0000] {logging_mixin.py:188} INFO - [2026-08-10T19:09:31.752+0000] {dag.py:3823} INFO - Setting next_dagrun for air_quality_pipeline to 2026-08-10 19:05:00+00:00, run_after=2026-08-10 20:05:00+00:00
[2026-08-10T19:09:31.774+0000] {processor.py:183} INFO - Processing /opt/airflow/dags/spark_pipeline_dag.py took 0.138 seconds
[2026-08-10T19:10:02.107+0000] {processor.py:161} INFO - Started process (PID=22666) to work on /opt/airflow/dags/spark_pipeline_dag.py
[2026-08-10T19:10:02.110+0000] {processor.py:830} INFO - Processing file /opt/airflow/dags/spark_pipeline_dag.py for tasks to queue
[2026-08-10T19:10:02.111+0000] {logging_mixin.py:188} INFO - [2026-08-10T19:10:02.111+0000] {dagbag.py:538} INFO - Filling up the DagBag from /opt/airflow/dags/spark_pipeline_dag.py
[2026-08-10T19:10:02.142+0000] {processor.py:840} INFO - DAG(s) 'air_quality_pipeline' retrieved from /opt/airflow/dags/spark_pipeline_dag.py
[2026-08-10T19:10:02.168+0000] {logging_mixin.py:188} INFO - [2026-08-10T19:10:02.168+0000] {dag.py:3036} INFO - Sync 1 DAGs
[2026-08-10T19:10:02.187+0000] {logging_mixin.py:188} INFO - [2026-08-10T19:10:02.186+0000] {dag.py:3823} INFO - Setting next_dagrun for air_quality_pipeline to 2026-08-10 19:05:00+00:00, run_after=2026-08-10 20:05:00+00:00
[2026-08-10T19:10:02.208+0000] {processor.py:183} INFO - Processing /opt/airflow/dags/spark_pipeline_dag.py took 0.105 seconds
[2026-08-10T19:10:32.548+0000] {processor.py:161} INFO - Started process (PID=22676) to work on /opt/airflow/dags/spark_pipeline_dag.py
[2026-08-10T19:10:32.549+0000] {processor.py:830} INFO - Processing file /opt/airflow/dags/spark_pipeline_dag.py for tasks to queue
[2026-08-10T19:10:32.551+0000] {logging_mixin.py:188} INFO - [2026-08-10T19:10:32.551+0000] {dagbag.py:538} INFO - Filling up the DagBag from /opt/airflow/dags/spark_pipeline_dag.py
[2026-08-10T19:10:32.577+0000] {processor.py:840} INFO - DAG(s) 'air_quality_pipeline' retrieved from /opt/airflow/dags/spark_pipeline_dag.py
[2026-08-10T19:10:32.599+0000] {logging_mixin.py:188} INFO - [2026-08-10T19:10:32.598+0000] {dag.py:3036} INFO - Sync 1 DAGs
[2026-08-10T19:10:32.618+0000] {logging_mixin.py:188} INFO - [2026-08-10T19:10:32.618+0000] {dag.py:3823} INFO - Setting next_dagrun for air_quality_pipeline to 2026-08-10 19:05:00+00:00, run_after=2026-08-10 20:05:00+00:00
[2026-08-10T19:10:32.641+0000] {processor.py:183} INFO - Processing /opt/airflow/dags/spark_pipeline_dag.py took 0.096 seconds
[2026-08-10T19:11:03.072+0000] {processor.py:161} INFO - Started process (PID=22686) to work on /opt/airflow/dags/spark_pipeline_dag.py
[2026-08-10T19:11:03.073+0000] {processor.py:830} INFO - Processing file /opt/airflow/dags/spark_pipeline_dag.py for tasks to queue
[2026-08-10T19:11:03.074+0000] {logging_mixin.py:188} INFO - [2026-08-10T19:11:03.074+0000] {dagbag.py:538} INFO - Filling up the DagBag from /opt/airflow/dags/spark_pipeline_dag.py
[2026-08-10T19:11:03.104+0000] {processor.py:840} INFO - DAG(s) 'air_quality_pipeline' retrieved from /opt/airflow/dags/spark_pipeline_dag.py
[2026-08-10T19:11:03.131+0000] {logging_mixin.py:188} INFO - [2026-08-10T19:11:03.131+0000] {dag.py:3036} INFO - Sync 1 DAGs
[2026-08-10T19:11:03.155+0000] {logging_mixin.py:188} INFO - [2026-08-10T19:11:03.155+0000] {dag.py:3823} INFO - Setting next_dagrun for air_quality_pipeline to 2026-08-10 19:05:00+00:00, run_after=2026-08-10 20:05:00+00:00
[2026-08-10T19:11:03.178+0000] {processor.py:183} INFO - Processing /opt/airflow/dags/spark_pipeline_dag.py took 0.109 seconds
[2026-08-10T19:11:33.525+0000] {processor.py:161} INFO - Started process (PID=22696) to work on /opt/airflow/dags/spark_pipeline_dag.py
[2026-08-10T19:11:33.527+0000] {processor.py:830} INFO - Processing file /opt/airflow/dags/spark_pipeline_dag.py for tasks to queue
[2026-08-10T19:11:33.528+0000] {logging_mixin.py:188} INFO - [2026-08-10T19:11:33.528+0000] {dagbag.py:538} INFO - Filling up the DagBag from /opt/airflow/dags/spark_pipeline_dag.py
[2026-08-10T19:11:33.555+0000] {processor.py:840} INFO - DAG(s) 'air_quality_pipeline' retrieved from /opt/airflow/dags/spark_pipeline_dag.py
[2026-08-10T19:11:33.579+0000] {logging_mixin.py:188} INFO - [2026-08-10T19:11:33.578+0000] {dag.py:3036} INFO - Sync 1 DAGs
[2026-08-10T19:11:33.598+0000] {logging_mixin.py:188} INFO - [2026-08-10T19:11:33.598+0000] {dag.py:3823} INFO - Setting next_dagrun for air_quality_pipeline to 2026-08-10 19:05:00+00:00, run_after=2026-08-10 20:05:00+00:00
[2026-08-10T19:11:33.619+0000] {processor.py:183} INFO - Processing /opt/airflow/dags/spark_pipeline_dag.py took 0.096 seconds
[2026-08-10T19:12:03.970+0000] {processor.py:161} INFO - Started process (PID=22706) to work on /opt/airflow/dags/spark_pipeline_dag.py
[2026-08-10T19:12:03.972+0000] {processor.py:830} INFO - Processing file /opt/airflow/dags/spark_pipeline_dag.py for tasks to queue
[2026-08-10T19:12:03.974+0000] {logging_mixin.py:188} INFO - [2026-08-10T19:12:03.974+0000] {dagbag.py:538} INFO - Filling up the DagBag from /opt/airflow/dags/spark_pipeline_dag.py
[2026-08-10T19:12:04.010+0000] {processor.py:840} INFO - DAG(s) 'air_quality_pipeline' retrieved from /opt/airflow/dags/spark_pipeline_dag.py
[2026-08-10T19:12:04.038+0000] {logging_mixin.py:188} INFO - [2026-08-10T19:12:04.038+0000] {dag.py:3036} INFO - Sync 1 DAGs
[2026-08-10T19:12:04.063+0000] {logging_mixin.py:188} INFO - [2026-08-10T19:12:04.063+0000] {dag.py:3823} INFO - Setting next_dagrun for air_quality_pipeline to 2026-08-10 19:05:00+00:00, run_after=2026-08-10 20:05:00+00:00
[2026-08-10T19:12:04.087+0000] {processor.py:183} INFO - Processing /opt/airflow/dags/spark_pipeline_dag.py took 0.119 seconds
[2026-08-10T19:12:34.442+0000] {processor.py:161} INFO - Started process (PID=22716) to work on /opt/airflow/dags/spark_pipeline_dag.py
[2026-08-10T19:12:34.443+0000] {processor.py:830} INFO - Processing file /opt/airflow/dags/spark_pipeline_dag.py for tasks to queue
[2026-08-10T19:12:34.445+0000] {logging_mixin.py:188} INFO - [2026-08-10T19:12:34.445+0000] {dagbag.py:538} INFO - Filling up the DagBag from /opt/airflow/dags/spark_pipeline_dag.py
[2026-08-10T19:12:34.484+0000] {processor.py:840} INFO - DAG(s) 'air_quality_pipeline' retrieved from /opt/airflow/dags/spark_pipeline_dag.py
[2026-08-10T19:12:34.510+0000] {logging_mixin.py:188} INFO - [2026-08-10T19:12:34.510+0000] {dag.py:3036} INFO - Sync 1 DAGs
[2026-08-10T19:12:34.532+0000] {logging_mixin.py:188} INFO - [2026-08-10T19:12:34.531+0000] {dag.py:3823} INFO - Setting next_dagrun for air_quality_pipeline to 2026-08-10 19:05:00+00:00, run_after=2026-08-10 20:05:00+00:00
[2026-08-10T19:12:34.552+0000] {processor.py:183} INFO - Processing /opt/airflow/dags/spark_pipeline_dag.py took 0.113 seconds
[2026-08-10T19:13:04.935+0000] {processor.py:161} INFO - Started process (PID=22726) to work on /opt/airflow/dags/spark_pipeline_dag.py
[2026-08-10T19:13:04.936+0000] {processor.py:830} INFO - Processing file /opt/airflow/dags/spark_pipeline_dag.py for tasks to queue
[2026-08-10T19:13:04.938+0000] {logging_mixin.py:188} INFO - [2026-08-10T19:13:04.937+0000] {dagbag.py:538} INFO - Filling up the DagBag from /opt/airflow/dags/spark_pipeline_dag.py
[2026-08-10T19:13:04.970+0000] {processor.py:840} INFO - DAG(s) 'air_quality_pipeline' retrieved from /opt/airflow/dags/spark_pipeline_dag.py
[2026-08-10T19:13:04.993+0000] {logging_mixin.py:188} INFO - [2026-08-10T19:13:04.993+0000] {dag.py:3036} INFO - Sync 1 DAGs
[2026-08-10T19:13:05.014+0000] {logging_mixin.py:188} INFO - [2026-08-10T19:13:05.013+0000] {dag.py:3823} INFO - Setting next_dagrun for air_quality_pipeline to 2026-08-10 19:05:00+00:00, run_after=2026-08-10 20:05:00+00:00
[2026-08-10T19:13:05.034+0000] {processor.py:183} INFO - Processing /opt/airflow/dags/spark_pipeline_dag.py took 0.102 seconds
[2026-08-10T19:13:35.400+0000] {processor.py:161} INFO - Started process (PID=22736) to work on /opt/airflow/dags/spark_pipeline_dag.py
[2026-08-10T19:13:35.401+0000] {processor.py:830} INFO - Processing file /opt/airflow/dags/spark_pipeline_dag.py for tasks to queue
[2026-08-10T19:13:35.403+0000] {logging_mixin.py:188} INFO - [2026-08-10T19:13:35.402+0000] {dagbag.py:538} INFO - Filling up the DagBag from /opt/airflow/dags/spark_pipeline_dag.py
[2026-08-10T19:13:35.435+0000] {processor.py:840} INFO - DAG(s) 'air_quality_pipeline' retrieved from /opt/airflow/dags/spark_pipeline_dag.py
[2026-08-10T19:13:35.461+0000] {logging_mixin.py:188} INFO - [2026-08-10T19:13:35.461+0000] {dag.py:3036} INFO - Sync 1 DAGs
[2026-08-10T19:13:35.485+0000] {logging_mixin.py:188} INFO - [2026-08-10T19:13:35.484+0000] {dag.py:3823} INFO - Setting next_dagrun for air_quality_pipeline to 2026-08-10 19:05:00+00:00, run_after=2026-08-10 20:05:00+00:00
[2026-08-10T19:13:35.510+0000] {processor.py:183} INFO - Processing /opt/airflow/dags/spark_pipeline_dag.py took 0.113 seconds
[2026-08-10T19:14:05.859+0000] {processor.py:161} INFO - Started process (PID=22746) to work on /opt/airflow/dags/spark_pipeline_dag.py
[2026-08-10T19:14:05.860+0000] {processor.py:830} INFO - Processing file /opt/airflow/dags/spark_pipeline_dag.py for tasks to queue
[2026-08-10T19:14:05.861+0000] {logging_mixin.py:188} INFO - [2026-08-10T19:14:05.861+0000] {dagbag.py:538} INFO - Filling up the DagBag from /opt/airflow/dags/spark_pipeline_dag.py
[2026-08-10T19:14:05.896+0000] {processor.py:840} INFO - DAG(s) 'air_quality_pipeline' retrieved from /opt/airflow/dags/spark_pipeline_dag.py
[2026-08-10T19:14:05.916+0000] {logging_mixin.py:188} INFO - [2026-08-10T19:14:05.916+0000] {dag.py:3036} INFO - Sync 1 DAGs
[2026-08-10T19:14:05.936+0000] {logging_mixin.py:188} INFO - [2026-08-10T19:14:05.936+0000] {dag.py:3823} INFO - Setting next_dagrun for air_quality_pipeline to 2026-08-10 19:05:00+00:00, run_after=2026-08-10 20:05:00+00:00
[2026-08-10T19:14:05.959+0000] {processor.py:183} INFO - Processing /opt/airflow/dags/spark_pipeline_dag.py took 0.104 seconds
[2026-08-10T19:14:36.319+0000] {processor.py:161} INFO - Started process (PID=22756) to work on /opt/airflow/dags/spark_pipeline_dag.py
[2026-08-10T19:14:36.320+0000] {processor.py:830} INFO - Processing file /opt/airflow/dags/spark_pipeline_dag.py for tasks to queue
[2026-08-10T19:14:36.322+0000] {logging_mixin.py:188} INFO - [2026-08-10T19:14:36.322+0000] {dagbag.py:538} INFO - Filling up the DagBag from /opt/airflow/dags/spark_pipeline_dag.py
[2026-08-10T19:14:36.358+0000] {processor.py:840} INFO - DAG(s) 'air_quality_pipeline' retrieved from /opt/airflow/dags/spark_pipeline_dag.py
[2026-08-10T19:14:36.376+0000] {logging_mixin.py:188} INFO - [2026-08-10T19:14:36.376+0000] {dag.py:3036} INFO - Sync 1 DAGs
[2026-08-10T19:14:36.393+0000] {logging_mixin.py:188} INFO - [2026-08-10T19:14:36.393+0000] {dag.py:3823} INFO - Setting next_dagrun for air_quality_pipeline to 2026-08-10 19:05:00+00:00, run_after=2026-08-10 20:05:00+00:00
[2026-08-10T19:14:36.415+0000] {processor.py:183} INFO - Processing /opt/airflow/dags/spark_pipeline_dag.py took 0.101 seconds
[2026-08-10T19:15:06.789+0000] {processor.py:161} INFO - Started process (PID=22766) to work on /opt/airflow/dags/spark_pipeline_dag.py
[2026-08-10T19:15:06.791+0000] {processor.py:830} INFO - Processing file /opt/airflow/dags/spark_pipeline_dag.py for tasks to queue
[2026-08-10T19:15:06.792+0000] {logging_mixin.py:188} INFO - [2026-08-10T19:15:06.792+0000] {dagbag.py:538} INFO - Filling up the DagBag from /opt/airflow/dags/spark_pipeline_dag.py
[2026-08-10T19:15:06.823+0000] {processor.py:840} INFO - DAG(s) 'air_quality_pipeline' retrieved from /opt/airflow/dags/spark_pipeline_dag.py
[2026-08-10T19:15:06.843+0000] {logging_mixin.py:188} INFO - [2026-08-10T19:15:06.843+0000] {dag.py:3036} INFO - Sync 1 DAGs
[2026-08-10T19:15:06.863+0000] {logging_mixin.py:188} INFO - [2026-08-10T19:15:06.863+0000] {dag.py:3823} INFO - Setting next_dagrun for air_quality_pipeline to 2026-08-10 19:05:00+00:00, run_after=2026-08-10 20:05:00+00:00
[2026-08-10T19:15:06.886+0000] {processor.py:183} INFO - Processing /opt/airflow/dags/spark_pipeline_dag.py took 0.100 seconds
[2026-08-10T19:15:37.226+0000] {processor.py:161} INFO - Started process (PID=22776) to work on /opt/airflow/dags/spark_pipeline_dag.py
[2026-08-10T19:15:37.227+0000] {processor.py:830} INFO - Processing file /opt/airflow/dags/spark_pipeline_dag.py for tasks to queue
[2026-08-10T19:15:37.228+0000] {logging_mixin.py:188} INFO - [2026-08-10T19:15:37.228+0000] {dagbag.py:538} INFO - Filling up the DagBag from /opt/airflow/dags/spark_pipeline_dag.py
[2026-08-10T19:15:37.254+0000] {processor.py:840} INFO - DAG(s) 'air_quality_pipeline' retrieved from /opt/airflow/dags/spark_pipeline_dag.py
[2026-08-10T19:15:37.274+0000] {logging_mixin.py:188} INFO - [2026-08-10T19:15:37.274+0000] {dag.py:3036} INFO - Sync 1 DAGs
[2026-08-10T19:15:37.293+0000] {logging_mixin.py:188} INFO - [2026-08-10T19:15:37.293+0000] {dag.py:3823} INFO - Setting next_dagrun for air_quality_pipeline to 2026-08-10 19:05:00+00:00, run_after=2026-08-10 20:05:00+00:00
[2026-08-10T19:15:37.312+0000] {processor.py:183} INFO - Processing /opt/airflow/dags/spark_pipeline_dag.py took 0.089 seconds
[2026-08-10T19:16:07.730+0000] {processor.py:161} INFO - Started process (PID=22786) to work on /opt/airflow/dags/spark_pipeline_dag.py
[2026-08-10T19:16:07.732+0000] {processor.py:830} INFO - Processing file /opt/airflow/dags/spark_pipeline_dag.py for tasks to queue
[2026-08-10T19:16:07.734+0000] {logging_mixin.py:188} INFO - [2026-08-10T19:16:07.733+0000] {dagbag.py:538} INFO - Filling up the DagBag from /opt/airflow/dags/spark_pipeline_dag.py
[2026-08-10T19:16:07.766+0000] {processor.py:840} INFO - DAG(s) 'air_quality_pipeline' retrieved from /opt/airflow/dags/spark_pipeline_dag.py
[2026-08-10T19:16:07.791+0000] {logging_mixin.py:188} INFO - [2026-08-10T19:16:07.791+0000] {dag.py:3036} INFO - Sync 1 DAGs
[2026-08-10T19:16:07.812+0000] {logging_mixin.py:188} INFO - [2026-08-10T19:16:07.812+0000] {dag.py:3823} INFO - Setting next_dagrun for air_quality_pipeline to 2026-08-10 19:05:00+00:00, run_after=2026-08-10 20:05:00+00:00
[2026-08-10T19:16:07.831+0000] {processor.py:183} INFO - Processing /opt/airflow/dags/spark_pipeline_dag.py took 0.105 seconds
[2026-08-10T19:16:38.195+0000] {processor.py:161} INFO - Started process (PID=22796) to work on /opt/airflow/dags/spark_pipeline_dag.py
[2026-08-10T19:16:38.197+0000] {processor.py:830} INFO - Processing file /opt/airflow/dags/spark_pipeline_dag.py for tasks to queue
[2026-08-10T19:16:38.198+0000] {logging_mixin.py:188} INFO - [2026-08-10T19:16:38.198+0000] {dagbag.py:538} INFO - Filling up the DagBag from /opt/airflow/dags/spark_pipeline_dag.py
[2026-08-10T19:16:38.232+0000] {processor.py:840} INFO - DAG(s) 'air_quality_pipeline' retrieved from /opt/airflow/dags/spark_pipeline_dag.py
[2026-08-10T19:16:38.263+0000] {logging_mixin.py:188} INFO - [2026-08-10T19:16:38.263+0000] {dag.py:3036} INFO - Sync 1 DAGs
[2026-08-10T19:16:38.286+0000] {logging_mixin.py:188} INFO - [2026-08-10T19:16:38.286+0000] {dag.py:3823} INFO - Setting next_dagrun for air_quality_pipeline to 2026-08-10 19:05:00+00:00, run_after=2026-08-10 20:05:00+00:00
[2026-08-10T19:16:38.307+0000] {processor.py:183} INFO - Processing /opt/airflow/dags/spark_pipeline_dag.py took 0.115 seconds
[2026-08-10T19:17:08.728+0000] {processor.py:161} INFO - Started process (PID=22806) to work on /opt/airflow/dags/spark_pipeline_dag.py
[2026-08-10T19:17:08.729+0000] {processor.py:830} INFO - Processing file /opt/airflow/dags/spark_pipeline_dag.py for tasks to queue
[2026-08-10T19:17:08.730+0000] {logging_mixin.py:188} INFO - [2026-08-10T19:17:08.730+0000] {dagbag.py:538} INFO - Filling up the DagBag from /opt/airflow/dags/spark_pipeline_dag.py
[2026-08-10T19:17:08.759+0000] {processor.py:840} INFO - DAG(s) 'air_quality_pipeline' retrieved from /opt/airflow/dags/spark_pipeline_dag.py
[2026-08-10T19:17:08.781+0000] {logging_mixin.py:188} INFO - [2026-08-10T19:17:08.781+0000] {dag.py:3036} INFO - Sync 1 DAGs
[2026-08-10T19:17:08.800+0000] {logging_mixin.py:188} INFO - [2026-08-10T19:17:08.800+0000] {dag.py:3823} INFO - Setting next_dagrun for air_quality_pipeline to 2026-08-10 19:05:00+00:00, run_after=2026-08-10 20:05:00+00:00
[2026-08-10T19:17:08.819+0000] {processor.py:183} INFO - Processing /opt/airflow/dags/spark_pipeline_dag.py took 0.094 seconds
[2026-08-10T19:17:39.195+0000] {processor.py:161} INFO - Started process (PID=22816) to work on /opt/airflow/dags/spark_pipeline_dag.py
[2026-08-10T19:17:39.196+0000] {processor.py:830} INFO - Processing file /opt/airflow/dags/spark_pipeline_dag.py for tasks to queue
[2026-08-10T19:17:39.197+0000] {logging_mixin.py:188} INFO - [2026-08-10T19:17:39.197+0000] {dagbag.py:538} INFO - Filling up the DagBag from /opt/airflow/dags/spark_pipeline_dag.py
[2026-08-10T19:17:39.224+0000] {processor.py:840} INFO - DAG(s) 'air_quality_pipeline' retrieved from /opt/airflow/dags/spark_pipeline_dag.py
[2026-08-10T19:17:39.246+0000] {logging_mixin.py:188} INFO - [2026-08-10T19:17:39.245+0000] {dag.py:3036} INFO - Sync 1 DAGs
[2026-08-10T19:17:39.264+0000] {logging_mixin.py:188} INFO - [2026-08-10T19:17:39.264+0000] {dag.py:3823} INFO - Setting next_dagrun for air_quality_pipeline to 2026-08-10 19:05:00+00:00, run_after=2026-08-10 20:05:00+00:00
[2026-08-10T19:17:39.284+0000] {processor.py:183} INFO - Processing /opt/airflow/dags/spark_pipeline_dag.py took 0.092 seconds
[2026-08-10T19:18:09.693+0000] {processor.py:161} INFO - Started process (PID=22826) to work on /opt/airflow/dags/spark_pipeline_dag.py
[2026-08-10T19:18:09.695+0000] {processor.py:830} INFO - Processing file /opt/airflow/dags/spark_pipeline_dag.py for tasks to queue
[2026-08-10T19:18:09.696+0000] {logging_mixin.py:188} INFO - [2026-08-10T19:18:09.696+0000] {dagbag.py:538} INFO - Filling up the DagBag from /opt/airflow/dags/spark_pipeline_dag.py
[2026-08-10T19:18:09.721+0000] {processor.py:840} INFO - DAG(s) 'air_quality_pipeline' retrieved from /opt/airflow/dags/spark_pipeline_dag.py
[2026-08-10T19:18:09.742+0000] {logging_mixin.py:188} INFO - [2026-08-10T19:18:09.742+0000] {dag.py:3036} INFO - Sync 1 DAGs
[2026-08-10T19:18:09.761+0000] {logging_mixin.py:188} INFO - [2026-08-10T19:18:09.760+0000] {dag.py:3823} INFO - Setting next_dagrun for air_quality_pipeline to 2026-08-10 19:05:00+00:00, run_after=2026-08-10 20:05:00+00:00
[2026-08-10T19:18:09.781+0000] {processor.py:183} INFO - Processing /opt/airflow/dags/spark_pipeline_dag.py took 0.090 seconds
[2026-08-10T19:18:40.157+0000] {processor.py:161} INFO - Started process (PID=22836) to work on /opt/airflow/dags/spark_pipeline_dag.py
[2026-08-10T19:18:40.159+0000] {processor.py:830} INFO - Processing file /opt/airflow/dags/spark_pipeline_dag.py for tasks to queue
[2026-08-10T19:18:40.160+0000] {logging_mixin.py:188} INFO - [2026-08-10T19:18:40.160+0000] {dagbag.py:538} INFO - Filling up the DagBag from /opt/airflow/dags/spark_pipeline_dag.py
[2026-08-10T19:18:40.190+0000] {processor.py:840} INFO - DAG(s) 'air_quality_pipeline' retrieved from /opt/airflow/dags/spark_pipeline_dag.py
[2026-08-10T19:18:40.213+0000] {logging_mixin.py:188} INFO - [2026-08-10T19:18:40.212+0000] {dag.py:3036} INFO - Sync 1 DAGs
[2026-08-10T19:18:40.236+0000] {logging_mixin.py:188} INFO - [2026-08-10T19:18:40.235+0000] {dag.py:3823} INFO - Setting next_dagrun for air_quality_pipeline to 2026-08-10 19:05:00+00:00, run_after=2026-08-10 20:05:00+00:00
[2026-08-10T19:18:40.261+0000] {processor.py:183} INFO - Processing /opt/airflow/dags/spark_pipeline_dag.py took 0.107 seconds
[2026-08-10T19:19:10.782+0000] {processor.py:161} INFO - Started process (PID=22846) to work on /opt/airflow/dags/spark_pipeline_dag.py
[2026-08-10T19:19:10.783+0000] {processor.py:830} INFO - Processing file /opt/airflow/dags/spark_pipeline_dag.py for tasks to queue
[2026-08-10T19:19:10.785+0000] {logging_mixin.py:188} INFO - [2026-08-10T19:19:10.784+0000] {dagbag.py:538} INFO - Filling up the DagBag from /opt/airflow/dags/spark_pipeline_dag.py
[2026-08-10T19:19:10.811+0000] {processor.py:840} INFO - DAG(s) 'air_quality_pipeline' retrieved from /opt/airflow/dags/spark_pipeline_dag.py
[2026-08-10T19:19:10.834+0000] {logging_mixin.py:188} INFO - [2026-08-10T19:19:10.833+0000] {dag.py:3036} INFO - Sync 1 DAGs
[2026-08-10T19:19:10.856+0000] {logging_mixin.py:188} INFO - [2026-08-10T19:19:10.856+0000] {dag.py:3823} INFO - Setting next_dagrun for air_quality_pipeline to 2026-08-10 19:05:00+00:00, run_after=2026-08-10 20:05:00+00:00
[2026-08-10T19:19:10.876+0000] {processor.py:183} INFO - Processing /opt/airflow/dags/spark_pipeline_dag.py took 0.097 seconds
[2026-08-10T19:19:41.265+0000] {processor.py:161} INFO - Started process (PID=22856) to work on /opt/airflow/dags/spark_pipeline_dag.py
[2026-08-10T19:19:41.267+0000] {processor.py:830} INFO - Processing file /opt/airflow/dags/spark_pipeline_dag.py for tasks to queue
[2026-08-10T19:19:41.268+0000] {logging_mixin.py:188} INFO - [2026-08-10T19:19:41.268+0000] {dagbag.py:538} INFO - Filling up the DagBag from /opt/airflow/dags/spark_pipeline_dag.py
[2026-08-10T19:19:41.297+0000] {processor.py:840} INFO - DAG(s) 'air_quality_pipeline' retrieved from /opt/airflow/dags/spark_pipeline_dag.py
[2026-08-10T19:19:41.320+0000] {logging_mixin.py:188} INFO - [2026-08-10T19:19:41.320+0000] {dag.py:3036} INFO - Sync 1 DAGs
[2026-08-10T19:19:41.339+0000] {logging_mixin.py:188} INFO - [2026-08-10T19:19:41.339+0000] {dag.py:3823} INFO - Setting next_dagrun for air_quality_pipeline to 2026-08-10 19:05:00+00:00, run_after=2026-08-10 20:05:00+00:00
[2026-08-10T19:19:41.359+0000] {processor.py:183} INFO - Processing /opt/airflow/dags/spark_pipeline_dag.py took 0.098 seconds
[2026-08-10T19:20:11.827+0000] {processor.py:161} INFO - Started process (PID=22866) to work on /opt/airflow/dags/spark_pipeline_dag.py
[2026-08-10T19:20:11.830+0000] {processor.py:830} INFO - Processing file /opt/airflow/dags/spark_pipeline_dag.py for tasks to queue
[2026-08-10T19:20:11.832+0000] {logging_mixin.py:188} INFO - [2026-08-10T19:20:11.832+0000] {dagbag.py:538} INFO - Filling up the DagBag from /opt/airflow/dags/spark_pipeline_dag.py
[2026-08-10T19:20:11.862+0000] {processor.py:840} INFO - DAG(s) 'air_quality_pipeline' retrieved from /opt/airflow/dags/spark_pipeline_dag.py
[2026-08-10T19:20:11.881+0000] {logging_mixin.py:188} INFO - [2026-08-10T19:20:11.881+0000] {dag.py:3036} INFO - Sync 1 DAGs
[2026-08-10T19:20:11.901+0000] {logging_mixin.py:188} INFO - [2026-08-10T19:20:11.901+0000] {dag.py:3823} INFO - Setting next_dagrun for air_quality_pipeline to 2026-08-10 19:05:00+00:00, run_after=2026-08-10 20:05:00+00:00
[2026-08-10T19:20:11.920+0000] {processor.py:183} INFO - Processing /opt/airflow/dags/spark_pipeline_dag.py took 0.097 seconds
[2026-08-10T19:20:42.395+0000] {processor.py:161} INFO - Started process (PID=22876) to work on /opt/airflow/dags/spark_pipeline_dag.py
[2026-08-10T19:20:42.397+0000] {processor.py:830} INFO - Processing file /opt/airflow/dags/spark_pipeline_dag.py for tasks to queue
[2026-08-10T19:20:42.398+0000] {logging_mixin.py:188} INFO - [2026-08-10T19:20:42.398+0000] {dagbag.py:538} INFO - Filling up the DagBag from /opt/airflow/dags/spark_pipeline_dag.py
[2026-08-10T19:20:42.435+0000] {processor.py:840} INFO - DAG(s) 'air_quality_pipeline' retrieved from /opt/airflow/dags/spark_pipeline_dag.py
[2026-08-10T19:20:42.457+0000] {logging_mixin.py:188} INFO - [2026-08-10T19:20:42.456+0000] {dag.py:3036} INFO - Sync 1 DAGs
[2026-08-10T19:20:42.475+0000] {logging_mixin.py:188} INFO - [2026-08-10T19:20:42.475+0000] {dag.py:3823} INFO - Setting next_dagrun for air_quality_pipeline to 2026-08-10 19:05:00+00:00, run_after=2026-08-10 20:05:00+00:00
[2026-08-10T19:20:42.495+0000] {processor.py:183} INFO - Processing /opt/airflow/dags/spark_pipeline_dag.py took 0.104 seconds
[2026-08-10T19:21:12.945+0000] {processor.py:161} INFO - Started process (PID=22886) to work on /opt/airflow/dags/spark_pipeline_dag.py
[2026-08-10T19:21:12.946+0000] {processor.py:830} INFO - Processing file /opt/airflow/dags/spark_pipeline_dag.py for tasks to queue
[2026-08-10T19:21:12.947+0000] {logging_mixin.py:188} INFO - [2026-08-10T19:21:12.947+0000] {dagbag.py:538} INFO - Filling up the DagBag from /opt/airflow/dags/spark_pipeline_dag.py
[2026-08-10T19:21:13.046+0000] {processor.py:840} INFO - DAG(s) 'air_quality_pipeline' retrieved from /opt/airflow/dags/spark_pipeline_dag.py
[2026-08-10T19:21:13.073+0000] {logging_mixin.py:188} INFO - [2026-08-10T19:21:13.072+0000] {dag.py:3036} INFO - Sync 1 DAGs
[2026-08-10T19:21:13.093+0000] {logging_mixin.py:188} INFO - [2026-08-10T19:21:13.092+0000] {dag.py:3823} INFO - Setting next_dagrun for air_quality_pipeline to 2026-08-10 19:05:00+00:00, run_after=2026-08-10 20:05:00+00:00
[2026-08-10T19:21:13.111+0000] {processor.py:183} INFO - Processing /opt/airflow/dags/spark_pipeline_dag.py took 0.167 seconds
[2026-08-10T19:21:43.504+0000] {processor.py:161} INFO - Started process (PID=22896) to work on /opt/airflow/dags/spark_pipeline_dag.py
[2026-08-10T19:21:43.506+0000] {processor.py:830} INFO - Processing file /opt/airflow/dags/spark_pipeline_dag.py for tasks to queue
[2026-08-10T19:21:43.507+0000] {logging_mixin.py:188} INFO - [2026-08-10T19:21:43.507+0000] {dagbag.py:538} INFO - Filling up the DagBag from /opt/airflow/dags/spark_pipeline_dag.py
[2026-08-10T19:21:43.538+0000] {processor.py:840} INFO - DAG(s) 'air_quality_pipeline' retrieved from /opt/airflow/dags/spark_pipeline_dag.py
[2026-08-10T19:21:43.559+0000] {logging_mixin.py:188} INFO - [2026-08-10T19:21:43.559+0000] {dag.py:3036} INFO - Sync 1 DAGs
[2026-08-10T19:21:43.579+0000] {logging_mixin.py:188} INFO - [2026-08-10T19:21:43.579+0000] {dag.py:3823} INFO - Setting next_dagrun for air_quality_pipeline to 2026-08-10 19:05:00+00:00, run_after=2026-08-10 20:05:00+00:00
[2026-08-10T19:21:43.597+0000] {processor.py:183} INFO - Processing /opt/airflow/dags/spark_pipeline_dag.py took 0.097 seconds
[2026-08-10T19:22:14.084+0000] {processor.py:161} INFO - Started process (PID=22906) to work on /opt/airflow/dags/spark_pipeline_dag.py
[2026-08-10T19:22:14.085+0000] {processor.py:830} INFO - Processing file /opt/airflow/dags/spark_pipeline_dag.py for tasks to queue
[2026-08-10T19:22:14.086+0000] {logging_mixin.py:188} INFO - [2026-08-10T19:22:14.086+0000] {dagbag.py:538} INFO - Filling up the DagBag from /opt/airflow/dags/spark_pipeline_dag.py
[2026-08-10T19:22:14.114+0000] {processor.py:840} INFO - DAG(s) 'air_quality_pipeline' retrieved from /opt/airflow/dags/spark_pipeline_dag.py
[2026-08-10T19:22:14.135+0000] {logging_mixin.py:188} INFO - [2026-08-10T19:22:14.134+0000] {dag.py:3036} INFO - Sync 1 DAGs
[2026-08-10T19:22:14.153+0000] {logging_mixin.py:188} INFO - [2026-08-10T19:22:14.153+0000] {dag.py:3823} INFO - Setting next_dagrun for air_quality_pipeline to 2026-08-10 19:05:00+00:00, run_after=2026-08-10 20:05:00+00:00
[2026-08-10T19:22:14.174+0000] {processor.py:183} INFO - Processing /opt/airflow/dags/spark_pipeline_dag.py took 0.093 seconds
[2026-08-10T19:22:44.556+0000] {processor.py:161} INFO - Started process (PID=22916) to work on /opt/airflow/dags/spark_pipeline_dag.py
[2026-08-10T19:22:44.557+0000] {processor.py:830} INFO - Processing file /opt/airflow/dags/spark_pipeline_dag.py for tasks to queue
[2026-08-10T19:22:44.559+0000] {logging_mixin.py:188} INFO - [2026-08-10T19:22:44.558+0000] {dagbag.py:538} INFO - Filling up the DagBag from /opt/airflow/dags/spark_pipeline_dag.py
[2026-08-10T19:22:44.587+0000] {processor.py:840} INFO - DAG(s) 'air_quality_pipeline' retrieved from /opt/airflow/dags/spark_pipeline_dag.py
[2026-08-10T19:22:44.607+0000] {logging_mixin.py:188} INFO - [2026-08-10T19:22:44.607+0000] {dag.py:3036} INFO - Sync 1 DAGs
[2026-08-10T19:22:44.627+0000] {logging_mixin.py:188} INFO - [2026-08-10T19:22:44.627+0000] {dag.py:3823} INFO - Setting next_dagrun for air_quality_pipeline to 2026-08-10 19:05:00+00:00, run_after=2026-08-10 20:05:00+00:00
[2026-08-10T19:22:44.645+0000] {processor.py:183} INFO - Processing /opt/airflow/dags/spark_pipeline_dag.py took 0.093 seconds
[2026-08-10T19:23:15.033+0000] {processor.py:161} INFO - Started process (PID=22926) to work on /opt/airflow/dags/spark_pipeline_dag.py
[2026-08-10T19:23:15.034+0000] {processor.py:830} INFO - Processing file /opt/airflow/dags/spark_pipeline_dag.py for tasks to queue
[2026-08-10T19:23:15.035+0000] {logging_mixin.py:188} INFO - [2026-08-10T19:23:15.035+0000] {dagbag.py:538} INFO - Filling up the DagBag from /opt/airflow/dags/spark_pipeline_dag.py
[2026-08-10T19:23:15.062+0000] {processor.py:840} INFO - DAG(s) 'air_quality_pipeline' retrieved from /opt/airflow/dags/spark_pipeline_dag.py
[2026-08-10T19:23:15.083+0000] {logging_mixin.py:188} INFO - [2026-08-10T19:23:15.082+0000] {dag.py:3036} INFO - Sync 1 DAGs
[2026-08-10T19:23:15.101+0000] {logging_mixin.py:188} INFO - [2026-08-10T19:23:15.101+0000] {dag.py:3823} INFO - Setting next_dagrun for air_quality_pipeline to 2026-08-10 19:05:00+00:00, run_after=2026-08-10 20:05:00+00:00
[2026-08-10T19:23:15.121+0000] {processor.py:183} INFO - Processing /opt/airflow/dags/spark_pipeline_dag.py took 0.090 seconds
[2026-08-10T19:23:45.542+0000] {processor.py:161} INFO - Started process (PID=22936) to work on /opt/airflow/dags/spark_pipeline_dag.py
[2026-08-10T19:23:45.543+0000] {processor.py:830} INFO - Processing file /opt/airflow/dags/spark_pipeline_dag.py for tasks to queue
[2026-08-10T19:23:45.544+0000] {logging_mixin.py:188} INFO - [2026-08-10T19:23:45.544+0000] {dagbag.py:538} INFO - Filling up the DagBag from /opt/airflow/dags/spark_pipeline_dag.py
[2026-08-10T19:23:45.576+0000] {processor.py:840} INFO - DAG(s) 'air_quality_pipeline' retrieved from /opt/airflow/dags/spark_pipeline_dag.py
[2026-08-10T19:23:45.600+0000] {logging_mixin.py:188} INFO - [2026-08-10T19:23:45.600+0000] {dag.py:3036} INFO - Sync 1 DAGs
[2026-08-10T19:23:45.622+0000] {logging_mixin.py:188} INFO - [2026-08-10T19:23:45.622+0000] {dag.py:3823} INFO - Setting next_dagrun for air_quality_pipeline to 2026-08-10 19:05:00+00:00, run_after=2026-08-10 20:05:00+00:00
[2026-08-10T19:23:45.641+0000] {processor.py:183} INFO - Processing /opt/airflow/dags/spark_pipeline_dag.py took 0.103 seconds
[2026-08-10T19:24:16.058+0000] {processor.py:161} INFO - Started process (PID=22946) to work on /opt/airflow/dags/spark_pipeline_dag.py
[2026-08-10T19:24:16.059+0000] {processor.py:830} INFO - Processing file /opt/airflow/dags/spark_pipeline_dag.py for tasks to queue
[2026-08-10T19:24:16.060+0000] {logging_mixin.py:188} INFO - [2026-08-10T19:24:16.060+0000] {dagbag.py:538} INFO - Filling up the DagBag from /opt/airflow/dags/spark_pipeline_dag.py
[2026-08-10T19:24:16.089+0000] {processor.py:840} INFO - DAG(s) 'air_quality_pipeline' retrieved from /opt/airflow/dags/spark_pipeline_dag.py
[2026-08-10T19:24:16.109+0000] {logging_mixin.py:188} INFO - [2026-08-10T19:24:16.108+0000] {dag.py:3036} INFO - Sync 1 DAGs
[2026-08-10T19:24:16.127+0000] {logging_mixin.py:188} INFO - [2026-08-10T19:24:16.127+0000] {dag.py:3823} INFO - Setting next_dagrun for air_quality_pipeline to 2026-08-10 19:05:00+00:00, run_after=2026-08-10 20:05:00+00:00
[2026-08-10T19:24:16.146+0000] {processor.py:183} INFO - Processing /opt/airflow/dags/spark_pipeline_dag.py took 0.091 seconds
[2026-08-10T19:24:46.589+0000] {processor.py:161} INFO - Started process (PID=22956) to work on /opt/airflow/dags/spark_pipeline_dag.py
[2026-08-10T19:24:46.590+0000] {processor.py:830} INFO - Processing file /opt/airflow/dags/spark_pipeline_dag.py for tasks to queue
[2026-08-10T19:24:46.591+0000] {logging_mixin.py:188} INFO - [2026-08-10T19:24:46.590+0000] {dagbag.py:538} INFO - Filling up the DagBag from /opt/airflow/dags/spark_pipeline_dag.py
[2026-08-10T19:24:46.616+0000] {processor.py:840} INFO - DAG(s) 'air_quality_pipeline' retrieved from /opt/airflow/dags/spark_pipeline_dag.py
[2026-08-10T19:24:46.636+0000] {logging_mixin.py:188} INFO - [2026-08-10T19:24:46.636+0000] {dag.py:3036} INFO - Sync 1 DAGs
[2026-08-10T19:24:46.656+0000] {logging_mixin.py:188} INFO - [2026-08-10T19:24:46.655+0000] {dag.py:3823} INFO - Setting next_dagrun for air_quality_pipeline to 2026-08-10 19:05:00+00:00, run_after=2026-08-10 20:05:00+00:00
[2026-08-10T19:24:46.674+0000] {processor.py:183} INFO - Processing /opt/airflow/dags/spark_pipeline_dag.py took 0.088 seconds
[2026-08-10T19:25:17.104+0000] {processor.py:161} INFO - Started process (PID=22966) to work on /opt/airflow/dags/spark_pipeline_dag.py
[2026-08-10T19:25:17.106+0000] {processor.py:830} INFO - Processing file /opt/airflow/dags/spark_pipeline_dag.py for tasks to queue
[2026-08-10T19:25:17.107+0000] {logging_mixin.py:188} INFO - [2026-08-10T19:25:17.106+0000] {dagbag.py:538} INFO - Filling up the DagBag from /opt/airflow/dags/spark_pipeline_dag.py
[2026-08-10T19:25:17.143+0000] {processor.py:840} INFO - DAG(s) 'air_quality_pipeline' retrieved from /opt/airflow/dags/spark_pipeline_dag.py
[2026-08-10T19:25:17.165+0000] {logging_mixin.py:188} INFO - [2026-08-10T19:25:17.165+0000] {dag.py:3036} INFO - Sync 1 DAGs
[2026-08-10T19:25:17.185+0000] {logging_mixin.py:188} INFO - [2026-08-10T19:25:17.185+0000] {dag.py:3823} INFO - Setting next_dagrun for air_quality_pipeline to 2026-08-10 19:05:00+00:00, run_after=2026-08-10 20:05:00+00:00
[2026-08-10T19:25:17.206+0000] {processor.py:183} INFO - Processing /opt/airflow/dags/spark_pipeline_dag.py took 0.105 seconds
[2026-08-10T19:25:47.611+0000] {processor.py:161} INFO - Started process (PID=22976) to work on /opt/airflow/dags/spark_pipeline_dag.py
[2026-08-10T19:25:47.612+0000] {processor.py:830} INFO - Processing file /opt/airflow/dags/spark_pipeline_dag.py for tasks to queue
[2026-08-10T19:25:47.613+0000] {logging_mixin.py:188} INFO - [2026-08-10T19:25:47.613+0000] {dagbag.py:538} INFO - Filling up the DagBag from /opt/airflow/dags/spark_pipeline_dag.py
[2026-08-10T19:25:47.636+0000] {processor.py:840} INFO - DAG(s) 'air_quality_pipeline' retrieved from /opt/airflow/dags/spark_pipeline_dag.py
[2026-08-10T19:25:47.656+0000] {logging_mixin.py:188} INFO - [2026-08-10T19:25:47.655+0000] {dag.py:3036} INFO - Sync 1 DAGs
[2026-08-10T19:25:47.677+0000] {logging_mixin.py:188} INFO - [2026-08-10T19:25:47.677+0000] {dag.py:3823} INFO - Setting next_dagrun for air_quality_pipeline to 2026-08-10 19:05:00+00:00, run_after=2026-08-10 20:05:00+00:00
[2026-08-10T19:25:47.696+0000] {processor.py:183} INFO - Processing /opt/airflow/dags/spark_pipeline_dag.py took 0.088 seconds
[2026-08-10T19:26:18.091+0000] {processor.py:161} INFO - Started process (PID=22986) to work on /opt/airflow/dags/spark_pipeline_dag.py
[2026-08-10T19:26:18.093+0000] {processor.py:830} INFO - Processing file /opt/airflow/dags/spark_pipeline_dag.py for tasks to queue
[2026-08-10T19:26:18.094+0000] {logging_mixin.py:188} INFO - [2026-08-10T19:26:18.094+0000] {dagbag.py:538} INFO - Filling up the DagBag from /opt/airflow/dags/spark_pipeline_dag.py
[2026-08-10T19:26:18.118+0000] {processor.py:840} INFO - DAG(s) 'air_quality_pipeline' retrieved from /opt/airflow/dags/spark_pipeline_dag.py
[2026-08-10T19:26:18.138+0000] {logging_mixin.py:188} INFO - [2026-08-10T19:26:18.137+0000] {dag.py:3036} INFO - Sync 1 DAGs
[2026-08-10T19:26:18.156+0000] {logging_mixin.py:188} INFO - [2026-08-10T19:26:18.156+0000] {dag.py:3823} INFO - Setting next_dagrun for air_quality_pipeline to 2026-08-10 19:05:00+00:00, run_after=2026-08-10 20:05:00+00:00
[2026-08-10T19:26:18.174+0000] {processor.py:183} INFO - Processing /opt/airflow/dags/spark_pipeline_dag.py took 0.086 seconds
[2026-08-10T19:26:48.567+0000] {processor.py:161} INFO - Started process (PID=22996) to work on /opt/airflow/dags/spark_pipeline_dag.py
[2026-08-10T19:26:48.569+0000] {processor.py:830} INFO - Processing file /opt/airflow/dags/spark_pipeline_dag.py for tasks to queue
[2026-08-10T19:26:48.570+0000] {logging_mixin.py:188} INFO - [2026-08-10T19:26:48.569+0000] {dagbag.py:538} INFO - Filling up the DagBag from /opt/airflow/dags/spark_pipeline_dag.py
[2026-08-10T19:26:48.591+0000] {processor.py:840} INFO - DAG(s) 'air_quality_pipeline' retrieved from /opt/airflow/dags/spark_pipeline_dag.py
[2026-08-10T19:26:48.608+0000] {logging_mixin.py:188} INFO - [2026-08-10T19:26:48.608+0000] {dag.py:3036} INFO - Sync 1 DAGs
[2026-08-10T19:26:48.625+0000] {logging_mixin.py:188} INFO - [2026-08-10T19:26:48.625+0000] {dag.py:3823} INFO - Setting next_dagrun for air_quality_pipeline to 2026-08-10 19:05:00+00:00, run_after=2026-08-10 20:05:00+00:00
[2026-08-10T19:26:48.644+0000] {processor.py:183} INFO - Processing /opt/airflow/dags/spark_pipeline_dag.py took 0.079 seconds
[2026-08-10T19:27:19.079+0000] {processor.py:161} INFO - Started process (PID=23006) to work on /opt/airflow/dags/spark_pipeline_dag.py
[2026-08-10T19:27:19.081+0000] {processor.py:830} INFO - Processing file /opt/airflow/dags/spark_pipeline_dag.py for tasks to queue
[2026-08-10T19:27:19.082+0000] {logging_mixin.py:188} INFO - [2026-08-10T19:27:19.082+0000] {dagbag.py:538} INFO - Filling up the DagBag from /opt/airflow/dags/spark_pipeline_dag.py
[2026-08-10T19:27:19.117+0000] {processor.py:840} INFO - DAG(s) 'air_quality_pipeline' retrieved from /opt/airflow/dags/spark_pipeline_dag.py
[2026-08-10T19:27:19.136+0000] {logging_mixin.py:188} INFO - [2026-08-10T19:27:19.136+0000] {dag.py:3036} INFO - Sync 1 DAGs
[2026-08-10T19:27:19.154+0000] {logging_mixin.py:188} INFO - [2026-08-10T19:27:19.153+0000] {dag.py:3823} INFO - Setting next_dagrun for air_quality_pipeline to 2026-08-10 19:05:00+00:00, run_after=2026-08-10 20:05:00+00:00
[2026-08-10T19:27:19.285+0000] {processor.py:183} INFO - Processing /opt/airflow/dags/spark_pipeline_dag.py took 0.210 seconds
[2026-08-10T19:27:49.672+0000] {processor.py:161} INFO - Started process (PID=23016) to work on /opt/airflow/dags/spark_pipeline_dag.py
[2026-08-10T19:27:49.674+0000] {processor.py:830} INFO - Processing file /opt/airflow/dags/spark_pipeline_dag.py for tasks to queue
[2026-08-10T19:27:49.675+0000] {logging_mixin.py:188} INFO - [2026-08-10T19:27:49.675+0000] {dagbag.py:538} INFO - Filling up the DagBag from /opt/airflow/dags/spark_pipeline_dag.py
[2026-08-10T19:27:49.716+0000] {processor.py:840} INFO - DAG(s) 'air_quality_pipeline' retrieved from /opt/airflow/dags/spark_pipeline_dag.py
[2026-08-10T19:27:49.735+0000] {logging_mixin.py:188} INFO - [2026-08-10T19:27:49.735+0000] {dag.py:3036} INFO - Sync 1 DAGs
[2026-08-10T19:27:49.751+0000] {logging_mixin.py:188} INFO - [2026-08-10T19:27:49.751+0000] {dag.py:3823} INFO - Setting next_dagrun for air_quality_pipeline to 2026-08-10 19:05:00+00:00, run_after=2026-08-10 20:05:00+00:00
[2026-08-10T19:27:49.771+0000] {processor.py:183} INFO - Processing /opt/airflow/dags/spark_pipeline_dag.py took 0.101 seconds
[2026-08-10T19:28:20.133+0000] {processor.py:161} INFO - Started process (PID=23026) to work on /opt/airflow/dags/spark_pipeline_dag.py
[2026-08-10T19:28:20.134+0000] {processor.py:830} INFO - Processing file /opt/airflow/dags/spark_pipeline_dag.py for tasks to queue
[2026-08-10T19:28:20.135+0000] {logging_mixin.py:188} INFO - [2026-08-10T19:28:20.135+0000] {dagbag.py:538} INFO - Filling up the DagBag from /opt/airflow/dags/spark_pipeline_dag.py
[2026-08-10T19:28:20.158+0000] {processor.py:840} INFO - DAG(s) 'air_quality_pipeline' retrieved from /opt/airflow/dags/spark_pipeline_dag.py
[2026-08-10T19:28:20.177+0000] {logging_mixin.py:188} INFO - [2026-08-10T19:28:20.177+0000] {dag.py:3036} INFO - Sync 1 DAGs
[2026-08-10T19:28:20.196+0000] {logging_mixin.py:188} INFO - [2026-08-10T19:28:20.196+0000] {dag.py:3823} INFO - Setting next_dagrun for air_quality_pipeline to 2026-08-10 19:05:00+00:00, run_after=2026-08-10 20:05:00+00:00
[2026-08-10T19:28:20.213+0000] {processor.py:183} INFO - Processing /opt/airflow/dags/spark_pipeline_dag.py took 0.083 seconds
[2026-08-10T19:28:50.723+0000] {processor.py:161} INFO - Started process (PID=23036) to work on /opt/airflow/dags/spark_pipeline_dag.py
[2026-08-10T19:28:50.724+0000] {processor.py:830} INFO - Processing file /opt/airflow/dags/spark_pipeline_dag.py for tasks to queue
[2026-08-10T19:28:50.725+0000] {logging_mixin.py:188} INFO - [2026-08-10T19:28:50.725+0000] {dagbag.py:538} INFO - Filling up the DagBag from /opt/airflow/dags/spark_pipeline_dag.py
[2026-08-10T19:28:50.751+0000] {processor.py:840} INFO - DAG(s) 'air_quality_pipeline' retrieved from /opt/airflow/dags/spark_pipeline_dag.py
[2026-08-10T19:28:50.771+0000] {logging_mixin.py:188} INFO - [2026-08-10T19:28:50.770+0000] {dag.py:3036} INFO - Sync 1 DAGs
[2026-08-10T19:28:50.788+0000] {logging_mixin.py:188} INFO - [2026-08-10T19:28:50.787+0000] {dag.py:3823} INFO - Setting next_dagrun for air_quality_pipeline to 2026-08-10 19:05:00+00:00, run_after=2026-08-10 20:05:00+00:00
[2026-08-10T19:28:50.804+0000] {processor.py:183} INFO - Processing /opt/airflow/dags/spark_pipeline_dag.py took 0.084 seconds
[2026-08-10T19:29:21.170+0000] {processor.py:161} INFO - Started process (PID=23046) to work on /opt/airflow/dags/spark_pipeline_dag.py
[2026-08-10T19:29:21.171+0000] {processor.py:830} INFO - Processing file /opt/airflow/dags/spark_pipeline_dag.py for tasks to queue
[2026-08-10T19:29:21.172+0000] {logging_mixin.py:188} INFO - [2026-08-10T19:29:21.172+0000] {dagbag.py:538} INFO - Filling up the DagBag from /opt/airflow/dags/spark_pipeline_dag.py
[2026-08-10T19:29:21.191+0000] {processor.py:840} INFO - DAG(s) 'air_quality_pipeline' retrieved from /opt/airflow/dags/spark_pipeline_dag.py
[2026-08-10T19:29:21.215+0000] {logging_mixin.py:188} INFO - [2026-08-10T19:29:21.215+0000] {dag.py:3036} INFO - Sync 1 DAGs
[2026-08-10T19:29:21.240+0000] {logging_mixin.py:188} INFO - [2026-08-10T19:29:21.239+0000] {dag.py:3823} INFO - Setting next_dagrun for air_quality_pipeline to 2026-08-10 19:05:00+00:00, run_after=2026-08-10 20:05:00+00:00
[2026-08-10T19:29:21.260+0000] {processor.py:183} INFO - Processing /opt/airflow/dags/spark_pipeline_dag.py took 0.093 seconds
[2026-08-10T19:29:51.658+0000] {processor.py:161} INFO - Started process (PID=23056) to work on /opt/airflow/dags/spark_pipeline_dag.py
[2026-08-10T19:29:51.659+0000] {processor.py:830} INFO - Processing file /opt/airflow/dags/spark_pipeline_dag.py for tasks to queue
[2026-08-10T19:29:51.660+0000] {logging_mixin.py:188} INFO - [2026-08-10T19:29:51.660+0000] {dagbag.py:538} INFO - Filling up the DagBag from /opt/airflow/dags/spark_pipeline_dag.py
[2026-08-10T19:29:51.679+0000] {processor.py:840} INFO - DAG(s) 'air_quality_pipeline' retrieved from /opt/airflow/dags/spark_pipeline_dag.py
[2026-08-10T19:29:51.698+0000] {logging_mixin.py:188} INFO - [2026-08-10T19:29:51.698+0000] {dag.py:3036} INFO - Sync 1 DAGs
[2026-08-10T19:29:51.715+0000] {logging_mixin.py:188} INFO - [2026-08-10T19:29:51.715+0000] {dag.py:3823} INFO - Setting next_dagrun for air_quality_pipeline to 2026-08-10 19:05:00+00:00, run_after=2026-08-10 20:05:00+00:00
[2026-08-10T19:29:51.731+0000] {processor.py:183} INFO - Processing /opt/airflow/dags/spark_pipeline_dag.py took 0.076 seconds
[2026-08-10T19:30:22.089+0000] {processor.py:161} INFO - Started process (PID=23066) to work on /opt/airflow/dags/spark_pipeline_dag.py
[2026-08-10T19:30:22.090+0000] {processor.py:830} INFO - Processing file /opt/airflow/dags/spark_pipeline_dag.py for tasks to queue
[2026-08-10T19:30:22.091+0000] {logging_mixin.py:188} INFO - [2026-08-10T19:30:22.090+0000] {dagbag.py:538} INFO - Filling up the DagBag from /opt/airflow/dags/spark_pipeline_dag.py
[2026-08-10T19:30:22.107+0000] {processor.py:840} INFO - DAG(s) 'air_quality_pipeline' retrieved from /opt/airflow/dags/spark_pipeline_dag.py
[2026-08-10T19:30:22.124+0000] {logging_mixin.py:188} INFO - [2026-08-10T19:30:22.124+0000] {dag.py:3036} INFO - Sync 1 DAGs
[2026-08-10T19:30:22.141+0000] {logging_mixin.py:188} INFO - [2026-08-10T19:30:22.141+0000] {dag.py:3823} INFO - Setting next_dagrun for air_quality_pipeline to 2026-08-10 19:05:00+00:00, run_after=2026-08-10 20:05:00+00:00
[2026-08-10T19:30:22.157+0000] {processor.py:183} INFO - Processing /opt/airflow/dags/spark_pipeline_dag.py took 0.070 seconds
[2026-08-10T19:30:52.649+0000] {processor.py:161} INFO - Started process (PID=23076) to work on /opt/airflow/dags/spark_pipeline_dag.py
[2026-08-10T19:30:52.651+0000] {processor.py:830} INFO - Processing file /opt/airflow/dags/spark_pipeline_dag.py for tasks to queue
[2026-08-10T19:30:52.652+0000] {logging_mixin.py:188} INFO - [2026-08-10T19:30:52.652+0000] {dagbag.py:538} INFO - Filling up the DagBag from /opt/airflow/dags/spark_pipeline_dag.py
[2026-08-10T19:30:52.708+0000] {processor.py:840} INFO - DAG(s) 'air_quality_pipeline' retrieved from /opt/airflow/dags/spark_pipeline_dag.py
[2026-08-10T19:30:52.728+0000] {logging_mixin.py:188} INFO - [2026-08-10T19:30:52.728+0000] {dag.py:3036} INFO - Sync 1 DAGs
[2026-08-10T19:30:52.745+0000] {logging_mixin.py:188} INFO - [2026-08-10T19:30:52.745+0000] {dag.py:3823} INFO - Setting next_dagrun for air_quality_pipeline to 2026-08-10 19:05:00+00:00, run_after=2026-08-10 20:05:00+00:00
[2026-08-10T19:30:52.763+0000] {processor.py:183} INFO - Processing /opt/airflow/dags/spark_pipeline_dag.py took 0.118 seconds
[2026-08-10T19:31:23.190+0000] {processor.py:161} INFO - Started process (PID=23086) to work on /opt/airflow/dags/spark_pipeline_dag.py
[2026-08-10T19:31:23.191+0000] {processor.py:830} INFO - Processing file /opt/airflow/dags/spark_pipeline_dag.py for tasks to queue
[2026-08-10T19:31:23.193+0000] {logging_mixin.py:188} INFO - [2026-08-10T19:31:23.192+0000] {dagbag.py:538} INFO - Filling up the DagBag from /opt/airflow/dags/spark_pipeline_dag.py
[2026-08-10T19:31:23.228+0000] {processor.py:840} INFO - DAG(s) 'air_quality_pipeline' retrieved from /opt/airflow/dags/spark_pipeline_dag.py
[2026-08-10T19:31:23.249+0000] {logging_mixin.py:188} INFO - [2026-08-10T19:31:23.249+0000] {dag.py:3036} INFO - Sync 1 DAGs
[2026-08-10T19:31:23.270+0000] {logging_mixin.py:188} INFO - [2026-08-10T19:31:23.269+0000] {dag.py:3823} INFO - Setting next_dagrun for air_quality_pipeline to 2026-08-10 19:05:00+00:00, run_after=2026-08-10 20:05:00+00:00
[2026-08-10T19:31:23.291+0000] {processor.py:183} INFO - Processing /opt/airflow/dags/spark_pipeline_dag.py took 0.104 seconds
[2026-08-10T19:31:53.700+0000] {processor.py:161} INFO - Started process (PID=23096) to work on /opt/airflow/dags/spark_pipeline_dag.py
[2026-08-10T19:31:53.702+0000] {processor.py:830} INFO - Processing file /opt/airflow/dags/spark_pipeline_dag.py for tasks to queue
[2026-08-10T19:31:53.703+0000] {logging_mixin.py:188} INFO - [2026-08-10T19:31:53.702+0000] {dagbag.py:538} INFO - Filling up the DagBag from /opt/airflow/dags/spark_pipeline_dag.py
[2026-08-10T19:31:53.720+0000] {processor.py:840} INFO - DAG(s) 'air_quality_pipeline' retrieved from /opt/airflow/dags/spark_pipeline_dag.py
[2026-08-10T19:31:53.739+0000] {logging_mixin.py:188} INFO - [2026-08-10T19:31:53.739+0000] {dag.py:3036} INFO - Sync 1 DAGs
[2026-08-10T19:31:53.758+0000] {logging_mixin.py:188} INFO - [2026-08-10T19:31:53.757+0000] {dag.py:3823} INFO - Setting next_dagrun for air_quality_pipeline to 2026-08-10 19:05:00+00:00, run_after=2026-08-10 20:05:00+00:00
[2026-08-10T19:31:53.774+0000] {processor.py:183} INFO - Processing /opt/airflow/dags/spark_pipeline_dag.py took 0.076 seconds
[2026-08-10T19:32:24.209+0000] {processor.py:161} INFO - Started process (PID=23106) to work on /opt/airflow/dags/spark_pipeline_dag.py
[2026-08-10T19:32:24.210+0000] {processor.py:830} INFO - Processing file /opt/airflow/dags/spark_pipeline_dag.py for tasks to queue
[2026-08-10T19:32:24.211+0000] {logging_mixin.py:188} INFO - [2026-08-10T19:32:24.211+0000] {dagbag.py:538} INFO - Filling up the DagBag from /opt/airflow/dags/spark_pipeline_dag.py
[2026-08-10T19:32:24.239+0000] {processor.py:840} INFO - DAG(s) 'air_quality_pipeline' retrieved from /opt/airflow/dags/spark_pipeline_dag.py
[2026-08-10T19:32:24.259+0000] {logging_mixin.py:188} INFO - [2026-08-10T19:32:24.259+0000] {dag.py:3036} INFO - Sync 1 DAGs
[2026-08-10T19:32:24.279+0000] {logging_mixin.py:188} INFO - [2026-08-10T19:32:24.279+0000] {dag.py:3823} INFO - Setting next_dagrun for air_quality_pipeline to 2026-08-10 19:05:00+00:00, run_after=2026-08-10 20:05:00+00:00
[2026-08-10T19:32:24.298+0000] {processor.py:183} INFO - Processing /opt/airflow/dags/spark_pipeline_dag.py took 0.093 seconds
[2026-08-10T19:32:54.684+0000] {processor.py:161} INFO - Started process (PID=23116) to work on /opt/airflow/dags/spark_pipeline_dag.py
[2026-08-10T19:32:54.685+0000] {processor.py:830} INFO - Processing file /opt/airflow/dags/spark_pipeline_dag.py for tasks to queue
[2026-08-10T19:32:54.687+0000] {logging_mixin.py:188} INFO - [2026-08-10T19:32:54.686+0000] {dagbag.py:538} INFO - Filling up the DagBag from /opt/airflow/dags/spark_pipeline_dag.py
[2026-08-10T19:32:54.709+0000] {processor.py:840} INFO - DAG(s) 'air_quality_pipeline' retrieved from /opt/airflow/dags/spark_pipeline_dag.py
[2026-08-10T19:32:54.728+0000] {logging_mixin.py:188} INFO - [2026-08-10T19:32:54.728+0000] {dag.py:3036} INFO - Sync 1 DAGs
[2026-08-10T19:32:54.745+0000] {logging_mixin.py:188} INFO - [2026-08-10T19:32:54.745+0000] {dag.py:3823} INFO - Setting next_dagrun for air_quality_pipeline to 2026-08-10 19:05:00+00:00, run_after=2026-08-10 20:05:00+00:00
[2026-08-10T19:32:54.760+0000] {processor.py:183} INFO - Processing /opt/airflow/dags/spark_pipeline_dag.py took 0.080 seconds
[2026-08-10T19:34:25.596+0000] {processor.py:161} INFO - Started process (PID=23126) to work on /opt/airflow/dags/spark_pipeline_dag.py
[2026-08-10T19:34:25.603+0000] {processor.py:830} INFO - Processing file /opt/airflow/dags/spark_pipeline_dag.py for tasks to queue
[2026-08-10T19:34:25.615+0000] {logging_mixin.py:188} INFO - [2026-08-10T19:34:25.615+0000] {dagbag.py:538} INFO - Filling up the DagBag from /opt/airflow/dags/spark_pipeline_dag.py
[2026-08-10T19:34:26.293+0000] {processor.py:840} INFO - DAG(s) 'air_quality_pipeline' retrieved from /opt/airflow/dags/spark_pipeline_dag.py
[2026-08-10T19:34:26.353+0000] {logging_mixin.py:188} INFO - [2026-08-10T19:34:26.352+0000] {dag.py:3036} INFO - Sync 1 DAGs
[2026-08-10T19:34:26.424+0000] {logging_mixin.py:188} INFO - [2026-08-10T19:34:26.424+0000] {dag.py:3823} INFO - Setting next_dagrun for air_quality_pipeline to 2026-08-10 19:05:00+00:00, run_after=2026-08-10 20:05:00+00:00
[2026-08-10T19:34:26.488+0000] {processor.py:183} INFO - Processing /opt/airflow/dags/spark_pipeline_dag.py took 0.896 seconds
[2026-08-10T19:38:18.369+0000] {processor.py:161} INFO - Started process (PID=23138) to work on /opt/airflow/dags/spark_pipeline_dag.py
[2026-08-10T19:38:18.376+0000] {processor.py:830} INFO - Processing file /opt/airflow/dags/spark_pipeline_dag.py for tasks to queue
[2026-08-10T19:38:18.381+0000] {logging_mixin.py:188} INFO - [2026-08-10T19:38:18.380+0000] {dagbag.py:538} INFO - Filling up the DagBag from /opt/airflow/dags/spark_pipeline_dag.py
[2026-08-10T19:38:18.456+0000] {processor.py:840} INFO - DAG(s) 'air_quality_pipeline' retrieved from /opt/airflow/dags/spark_pipeline_dag.py
[2026-08-10T19:38:18.547+0000] {logging_mixin.py:188} INFO - [2026-08-10T19:38:18.547+0000] {dag.py:3036} INFO - Sync 1 DAGs
[2026-08-10T19:38:18.589+0000] {logging_mixin.py:188} INFO - [2026-08-10T19:38:18.589+0000] {dag.py:3823} INFO - Setting next_dagrun for air_quality_pipeline to 2026-08-10 19:05:00+00:00, run_after=2026-08-10 20:05:00+00:00
[2026-08-10T19:38:18.632+0000] {processor.py:183} INFO - Processing /opt/airflow/dags/spark_pipeline_dag.py took 0.275 seconds
[2026-08-10T19:38:48.975+0000] {processor.py:161} INFO - Started process (PID=23150) to work on /opt/airflow/dags/spark_pipeline_dag.py
[2026-08-10T19:38:48.976+0000] {processor.py:830} INFO - Processing file /opt/airflow/dags/spark_pipeline_dag.py for tasks to queue
[2026-08-10T19:38:48.978+0000] {logging_mixin.py:188} INFO - [2026-08-10T19:38:48.978+0000] {dagbag.py:538} INFO - Filling up the DagBag from /opt/airflow/dags/spark_pipeline_dag.py
[2026-08-10T19:38:49.009+0000] {processor.py:840} INFO - DAG(s) 'air_quality_pipeline' retrieved from /opt/airflow/dags/spark_pipeline_dag.py
[2026-08-10T19:38:49.036+0000] {logging_mixin.py:188} INFO - [2026-08-10T19:38:49.036+0000] {dag.py:3036} INFO - Sync 1 DAGs
[2026-08-10T19:38:49.184+0000] {logging_mixin.py:188} INFO - [2026-08-10T19:38:49.184+0000] {dag.py:3823} INFO - Setting next_dagrun for air_quality_pipeline to 2026-08-10 19:05:00+00:00, run_after=2026-08-10 20:05:00+00:00
[2026-08-10T19:38:49.206+0000] {processor.py:183} INFO - Processing /opt/airflow/dags/spark_pipeline_dag.py took 0.234 seconds
[2026-08-10T19:39:19.584+0000] {processor.py:161} INFO - Started process (PID=23160) to work on /opt/airflow/dags/spark_pipeline_dag.py
[2026-08-10T19:39:19.585+0000] {processor.py:830} INFO - Processing file /opt/airflow/dags/spark_pipeline_dag.py for tasks to queue
[2026-08-10T19:39:19.587+0000] {logging_mixin.py:188} INFO - [2026-08-10T19:39:19.586+0000] {dagbag.py:538} INFO - Filling up the DagBag from /opt/airflow/dags/spark_pipeline_dag.py
[2026-08-10T19:39:19.628+0000] {processor.py:840} INFO - DAG(s) 'air_quality_pipeline' retrieved from /opt/airflow/dags/spark_pipeline_dag.py
[2026-08-10T19:39:19.654+0000] {logging_mixin.py:188} INFO - [2026-08-10T19:39:19.653+0000] {dag.py:3036} INFO - Sync 1 DAGs
[2026-08-10T19:39:19.674+0000] {logging_mixin.py:188} INFO - [2026-08-10T19:39:19.674+0000] {dag.py:3823} INFO - Setting next_dagrun for air_quality_pipeline to 2026-08-10 19:05:00+00:00, run_after=2026-08-10 20:05:00+00:00
[2026-08-10T19:39:19.691+0000] {processor.py:183} INFO - Processing /opt/airflow/dags/spark_pipeline_dag.py took 0.112 seconds
[2026-08-10T19:39:50.099+0000] {processor.py:161} INFO - Started process (PID=23170) to work on /opt/airflow/dags/spark_pipeline_dag.py
[2026-08-10T19:39:50.100+0000] {processor.py:830} INFO - Processing file /opt/airflow/dags/spark_pipeline_dag.py for tasks to queue
[2026-08-10T19:39:50.101+0000] {logging_mixin.py:188} INFO - [2026-08-10T19:39:50.101+0000] {dagbag.py:538} INFO - Filling up the DagBag from /opt/airflow/dags/spark_pipeline_dag.py
[2026-08-10T19:39:50.126+0000] {processor.py:840} INFO - DAG(s) 'air_quality_pipeline' retrieved from /opt/airflow/dags/spark_pipeline_dag.py
[2026-08-10T19:39:50.149+0000] {logging_mixin.py:188} INFO - [2026-08-10T19:39:50.149+0000] {dag.py:3036} INFO - Sync 1 DAGs
[2026-08-10T19:39:50.169+0000] {logging_mixin.py:188} INFO - [2026-08-10T19:39:50.168+0000] {dag.py:3823} INFO - Setting next_dagrun for air_quality_pipeline to 2026-08-10 19:05:00+00:00, run_after=2026-08-10 20:05:00+00:00
[2026-08-10T19:39:50.188+0000] {processor.py:183} INFO - Processing /opt/airflow/dags/spark_pipeline_dag.py took 0.093 seconds
[2026-08-10T19:40:20.624+0000] {processor.py:161} INFO - Started process (PID=23180) to work on /opt/airflow/dags/spark_pipeline_dag.py
[2026-08-10T19:40:20.625+0000] {processor.py:830} INFO - Processing file /opt/airflow/dags/spark_pipeline_dag.py for tasks to queue
[2026-08-10T19:40:20.626+0000] {logging_mixin.py:188} INFO - [2026-08-10T19:40:20.626+0000] {dagbag.py:538} INFO - Filling up the DagBag from /opt/airflow/dags/spark_pipeline_dag.py
[2026-08-10T19:40:20.649+0000] {processor.py:840} INFO - DAG(s) 'air_quality_pipeline' retrieved from /opt/airflow/dags/spark_pipeline_dag.py
[2026-08-10T19:40:20.669+0000] {logging_mixin.py:188} INFO - [2026-08-10T19:40:20.668+0000] {dag.py:3036} INFO - Sync 1 DAGs
[2026-08-10T19:40:20.689+0000] {logging_mixin.py:188} INFO - [2026-08-10T19:40:20.689+0000] {dag.py:3823} INFO - Setting next_dagrun for air_quality_pipeline to 2026-08-10 19:05:00+00:00, run_after=2026-08-10 20:05:00+00:00
[2026-08-10T19:40:20.709+0000] {processor.py:183} INFO - Processing /opt/airflow/dags/spark_pipeline_dag.py took 0.088 seconds
[2026-08-10T19:40:51.035+0000] {processor.py:161} INFO - Started process (PID=23190) to work on /opt/airflow/dags/spark_pipeline_dag.py
[2026-08-10T19:40:51.036+0000] {processor.py:830} INFO - Processing file /opt/airflow/dags/spark_pipeline_dag.py for tasks to queue
[2026-08-10T19:40:51.037+0000] {logging_mixin.py:188} INFO - [2026-08-10T19:40:51.037+0000] {dagbag.py:538} INFO - Filling up the DagBag from /opt/airflow/dags/spark_pipeline_dag.py
[2026-08-10T19:40:51.065+0000] {processor.py:840} INFO - DAG(s) 'air_quality_pipeline' retrieved from /opt/airflow/dags/spark_pipeline_dag.py
[2026-08-10T19:40:51.087+0000] {logging_mixin.py:188} INFO - [2026-08-10T19:40:51.087+0000] {dag.py:3036} INFO - Sync 1 DAGs
[2026-08-10T19:40:51.248+0000] {logging_mixin.py:188} INFO - [2026-08-10T19:40:51.248+0000] {dag.py:3823} INFO - Setting next_dagrun for air_quality_pipeline to 2026-08-10 19:05:00+00:00, run_after=2026-08-10 20:05:00+00:00
[2026-08-10T19:40:51.272+0000] {processor.py:183} INFO - Processing /opt/airflow/dags/spark_pipeline_dag.py took 0.241 seconds
[2026-08-10T19:41:21.635+0000] {processor.py:161} INFO - Started process (PID=23200) to work on /opt/airflow/dags/spark_pipeline_dag.py
[2026-08-10T19:41:21.636+0000] {processor.py:830} INFO - Processing file /opt/airflow/dags/spark_pipeline_dag.py for tasks to queue
[2026-08-10T19:41:21.638+0000] {logging_mixin.py:188} INFO - [2026-08-10T19:41:21.637+0000] {dagbag.py:538} INFO - Filling up the DagBag from /opt/airflow/dags/spark_pipeline_dag.py
[2026-08-10T19:41:21.668+0000] {processor.py:840} INFO - DAG(s) 'air_quality_pipeline' retrieved from /opt/airflow/dags/spark_pipeline_dag.py
[2026-08-10T19:41:21.694+0000] {logging_mixin.py:188} INFO - [2026-08-10T19:41:21.694+0000] {dag.py:3036} INFO - Sync 1 DAGs
[2026-08-10T19:41:21.721+0000] {logging_mixin.py:188} INFO - [2026-08-10T19:41:21.721+0000] {dag.py:3823} INFO - Setting next_dagrun for air_quality_pipeline to 2026-08-10 19:05:00+00:00, run_after=2026-08-10 20:05:00+00:00
[2026-08-10T19:41:21.747+0000] {processor.py:183} INFO - Processing /opt/airflow/dags/spark_pipeline_dag.py took 0.115 seconds
[2026-08-10T19:41:52.144+0000] {processor.py:161} INFO - Started process (PID=23210) to work on /opt/airflow/dags/spark_pipeline_dag.py
[2026-08-10T19:41:52.145+0000] {processor.py:830} INFO - Processing file /opt/airflow/dags/spark_pipeline_dag.py for tasks to queue
[2026-08-10T19:41:52.146+0000] {logging_mixin.py:188} INFO - [2026-08-10T19:41:52.145+0000] {dagbag.py:538} INFO - Filling up the DagBag from /opt/airflow/dags/spark_pipeline_dag.py
[2026-08-10T19:41:52.167+0000] {processor.py:840} INFO - DAG(s) 'air_quality_pipeline' retrieved from /opt/airflow/dags/spark_pipeline_dag.py
[2026-08-10T19:41:52.187+0000] {logging_mixin.py:188} INFO - [2026-08-10T19:41:52.187+0000] {dag.py:3036} INFO - Sync 1 DAGs
[2026-08-10T19:41:52.207+0000] {logging_mixin.py:188} INFO - [2026-08-10T19:41:52.207+0000] {dag.py:3823} INFO - Setting next_dagrun for air_quality_pipeline to 2026-08-10 19:05:00+00:00, run_after=2026-08-10 20:05:00+00:00
[2026-08-10T19:41:52.228+0000] {processor.py:183} INFO - Processing /opt/airflow/dags/spark_pipeline_dag.py took 0.087 seconds
[2026-08-10T19:42:22.619+0000] {processor.py:161} INFO - Started process (PID=23220) to work on /opt/airflow/dags/spark_pipeline_dag.py
[2026-08-10T19:42:22.620+0000] {processor.py:830} INFO - Processing file /opt/airflow/dags/spark_pipeline_dag.py for tasks to queue
[2026-08-10T19:42:22.621+0000] {logging_mixin.py:188} INFO - [2026-08-10T19:42:22.621+0000] {dagbag.py:538} INFO - Filling up the DagBag from /opt/airflow/dags/spark_pipeline_dag.py
[2026-08-10T19:42:22.649+0000] {processor.py:840} INFO - DAG(s) 'air_quality_pipeline' retrieved from /opt/airflow/dags/spark_pipeline_dag.py
[2026-08-10T19:42:22.681+0000] {logging_mixin.py:188} INFO - [2026-08-10T19:42:22.681+0000] {dag.py:3036} INFO - Sync 1 DAGs
[2026-08-10T19:42:22.710+0000] {logging_mixin.py:188} INFO - [2026-08-10T19:42:22.709+0000] {dag.py:3823} INFO - Setting next_dagrun for air_quality_pipeline to 2026-08-10 19:05:00+00:00, run_after=2026-08-10 20:05:00+00:00
[2026-08-10T19:42:22.737+0000] {processor.py:183} INFO - Processing /opt/airflow/dags/spark_pipeline_dag.py took 0.122 seconds
[2026-08-10T19:42:53.088+0000] {processor.py:161} INFO - Started process (PID=23230) to work on /opt/airflow/dags/spark_pipeline_dag.py
[2026-08-10T19:42:53.090+0000] {processor.py:830} INFO - Processing file /opt/airflow/dags/spark_pipeline_dag.py for tasks to queue
[2026-08-10T19:42:53.091+0000] {logging_mixin.py:188} INFO - [2026-08-10T19:42:53.090+0000] {dagbag.py:538} INFO - Filling up the DagBag from /opt/airflow/dags/spark_pipeline_dag.py
[2026-08-10T19:42:53.113+0000] {processor.py:840} INFO - DAG(s) 'air_quality_pipeline' retrieved from /opt/airflow/dags/spark_pipeline_dag.py
[2026-08-10T19:42:53.137+0000] {logging_mixin.py:188} INFO - [2026-08-10T19:42:53.137+0000] {dag.py:3036} INFO - Sync 1 DAGs
[2026-08-10T19:42:53.283+0000] {logging_mixin.py:188} INFO - [2026-08-10T19:42:53.283+0000] {dag.py:3823} INFO - Setting next_dagrun for air_quality_pipeline to 2026-08-10 19:05:00+00:00, run_after=2026-08-10 20:05:00+00:00
[2026-08-10T19:42:53.303+0000] {processor.py:183} INFO - Processing /opt/airflow/dags/spark_pipeline_dag.py took 0.217 seconds
[2026-08-10T19:43:23.712+0000] {processor.py:161} INFO - Started process (PID=23240) to work on /opt/airflow/dags/spark_pipeline_dag.py
[2026-08-10T19:43:23.714+0000] {processor.py:830} INFO - Processing file /opt/airflow/dags/spark_pipeline_dag.py for tasks to queue
[2026-08-10T19:43:23.716+0000] {logging_mixin.py:188} INFO - [2026-08-10T19:43:23.716+0000] {dagbag.py:538} INFO - Filling up the DagBag from /opt/airflow/dags/spark_pipeline_dag.py
[2026-08-10T19:43:23.745+0000] {processor.py:840} INFO - DAG(s) 'air_quality_pipeline' retrieved from /opt/airflow/dags/spark_pipeline_dag.py
[2026-08-10T19:43:23.778+0000] {logging_mixin.py:188} INFO - [2026-08-10T19:43:23.778+0000] {dag.py:3036} INFO - Sync 1 DAGs
[2026-08-10T19:43:23.800+0000] {logging_mixin.py:188} INFO - [2026-08-10T19:43:23.800+0000] {dag.py:3823} INFO - Setting next_dagrun for air_quality_pipeline to 2026-08-10 19:05:00+00:00, run_after=2026-08-10 20:05:00+00:00
[2026-08-10T19:43:23.835+0000] {processor.py:183} INFO - Processing /opt/airflow/dags/spark_pipeline_dag.py took 0.128 seconds
[2026-08-10T19:43:54.172+0000] {processor.py:161} INFO - Started process (PID=23250) to work on /opt/airflow/dags/spark_pipeline_dag.py
[2026-08-10T19:43:54.174+0000] {processor.py:830} INFO - Processing file /opt/airflow/dags/spark_pipeline_dag.py for tasks to queue
[2026-08-10T19:43:54.175+0000] {logging_mixin.py:188} INFO - [2026-08-10T19:43:54.174+0000] {dagbag.py:538} INFO - Filling up the DagBag from /opt/airflow/dags/spark_pipeline_dag.py
[2026-08-10T19:43:54.200+0000] {processor.py:840} INFO - DAG(s) 'air_quality_pipeline' retrieved from /opt/airflow/dags/spark_pipeline_dag.py
[2026-08-10T19:43:54.227+0000] {logging_mixin.py:188} INFO - [2026-08-10T19:43:54.227+0000] {dag.py:3036} INFO - Sync 1 DAGs
[2026-08-10T19:43:54.246+0000] {logging_mixin.py:188} INFO - [2026-08-10T19:43:54.246+0000] {dag.py:3823} INFO - Setting next_dagrun for air_quality_pipeline to 2026-08-10 19:05:00+00:00, run_after=2026-08-10 20:05:00+00:00
[2026-08-10T19:43:54.266+0000] {processor.py:183} INFO - Processing /opt/airflow/dags/spark_pipeline_dag.py took 0.097 seconds
[2026-08-10T19:44:24.623+0000] {processor.py:161} INFO - Started process (PID=23260) to work on /opt/airflow/dags/spark_pipeline_dag.py
[2026-08-10T19:44:24.625+0000] {processor.py:830} INFO - Processing file /opt/airflow/dags/spark_pipeline_dag.py for tasks to queue
[2026-08-10T19:44:24.626+0000] {logging_mixin.py:188} INFO - [2026-08-10T19:44:24.626+0000] {dagbag.py:538} INFO - Filling up the DagBag from /opt/airflow/dags/spark_pipeline_dag.py
[2026-08-10T19:44:24.656+0000] {processor.py:840} INFO - DAG(s) 'air_quality_pipeline' retrieved from /opt/airflow/dags/spark_pipeline_dag.py
[2026-08-10T19:44:24.689+0000] {logging_mixin.py:188} INFO - [2026-08-10T19:44:24.689+0000] {dag.py:3036} INFO - Sync 1 DAGs
[2026-08-10T19:44:24.725+0000] {logging_mixin.py:188} INFO - [2026-08-10T19:44:24.725+0000] {dag.py:3823} INFO - Setting next_dagrun for air_quality_pipeline to 2026-08-10 19:05:00+00:00, run_after=2026-08-10 20:05:00+00:00
[2026-08-10T19:44:24.752+0000] {processor.py:183} INFO - Processing /opt/airflow/dags/spark_pipeline_dag.py took 0.132 seconds
[2026-08-10T19:44:55.065+0000] {processor.py:161} INFO - Started process (PID=23270) to work on /opt/airflow/dags/spark_pipeline_dag.py
[2026-08-10T19:44:55.066+0000] {processor.py:830} INFO - Processing file /opt/airflow/dags/spark_pipeline_dag.py for tasks to queue
[2026-08-10T19:44:55.067+0000] {logging_mixin.py:188} INFO - [2026-08-10T19:44:55.067+0000] {dagbag.py:538} INFO - Filling up the DagBag from /opt/airflow/dags/spark_pipeline_dag.py
[2026-08-10T19:44:55.091+0000] {processor.py:840} INFO - DAG(s) 'air_quality_pipeline' retrieved from /opt/airflow/dags/spark_pipeline_dag.py
[2026-08-10T19:44:55.113+0000] {logging_mixin.py:188} INFO - [2026-08-10T19:44:55.113+0000] {dag.py:3036} INFO - Sync 1 DAGs
[2026-08-10T19:44:55.264+0000] {logging_mixin.py:188} INFO - [2026-08-10T19:44:55.264+0000] {dag.py:3823} INFO - Setting next_dagrun for air_quality_pipeline to 2026-08-10 19:05:00+00:00, run_after=2026-08-10 20:05:00+00:00
[2026-08-10T19:44:55.282+0000] {processor.py:183} INFO - Processing /opt/airflow/dags/spark_pipeline_dag.py took 0.220 seconds
[2026-08-10T19:45:25.682+0000] {processor.py:161} INFO - Started process (PID=23280) to work on /opt/airflow/dags/spark_pipeline_dag.py
[2026-08-10T19:45:25.683+0000] {processor.py:830} INFO - Processing file /opt/airflow/dags/spark_pipeline_dag.py for tasks to queue
[2026-08-10T19:45:25.684+0000] {logging_mixin.py:188} INFO - [2026-08-10T19:45:25.683+0000] {dagbag.py:538} INFO - Filling up the DagBag from /opt/airflow/dags/spark_pipeline_dag.py
[2026-08-10T19:45:25.712+0000] {processor.py:840} INFO - DAG(s) 'air_quality_pipeline' retrieved from /opt/airflow/dags/spark_pipeline_dag.py
[2026-08-10T19:45:25.737+0000] {logging_mixin.py:188} INFO - [2026-08-10T19:45:25.737+0000] {dag.py:3036} INFO - Sync 1 DAGs
[2026-08-10T19:45:25.757+0000] {logging_mixin.py:188} INFO - [2026-08-10T19:45:25.757+0000] {dag.py:3823} INFO - Setting next_dagrun for air_quality_pipeline to 2026-08-10 19:05:00+00:00, run_after=2026-08-10 20:05:00+00:00
[2026-08-10T19:45:25.776+0000] {processor.py:183} INFO - Processing /opt/airflow/dags/spark_pipeline_dag.py took 0.097 seconds
[2026-08-10T19:45:56.168+0000] {processor.py:161} INFO - Started process (PID=23290) to work on /opt/airflow/dags/spark_pipeline_dag.py
[2026-08-10T19:45:56.169+0000] {processor.py:830} INFO - Processing file /opt/airflow/dags/spark_pipeline_dag.py for tasks to queue
[2026-08-10T19:45:56.170+0000] {logging_mixin.py:188} INFO - [2026-08-10T19:45:56.170+0000] {dagbag.py:538} INFO - Filling up the DagBag from /opt/airflow/dags/spark_pipeline_dag.py
[2026-08-10T19:45:56.193+0000] {processor.py:840} INFO - DAG(s) 'air_quality_pipeline' retrieved from /opt/airflow/dags/spark_pipeline_dag.py
[2026-08-10T19:45:56.215+0000] {logging_mixin.py:188} INFO - [2026-08-10T19:45:56.215+0000] {dag.py:3036} INFO - Sync 1 DAGs
[2026-08-10T19:45:56.236+0000] {logging_mixin.py:188} INFO - [2026-08-10T19:45:56.235+0000] {dag.py:3823} INFO - Setting next_dagrun for air_quality_pipeline to 2026-08-10 19:05:00+00:00, run_after=2026-08-10 20:05:00+00:00
[2026-08-10T19:45:56.254+0000] {processor.py:183} INFO - Processing /opt/airflow/dags/spark_pipeline_dag.py took 0.089 seconds
[2026-08-10T19:46:26.611+0000] {processor.py:161} INFO - Started process (PID=23300) to work on /opt/airflow/dags/spark_pipeline_dag.py
[2026-08-10T19:46:26.612+0000] {processor.py:830} INFO - Processing file /opt/airflow/dags/spark_pipeline_dag.py for tasks to queue
[2026-08-10T19:46:26.613+0000] {logging_mixin.py:188} INFO - [2026-08-10T19:46:26.612+0000] {dagbag.py:538} INFO - Filling up the DagBag from /opt/airflow/dags/spark_pipeline_dag.py
[2026-08-10T19:46:26.635+0000] {processor.py:840} INFO - DAG(s) 'air_quality_pipeline' retrieved from /opt/airflow/dags/spark_pipeline_dag.py
[2026-08-10T19:46:26.657+0000] {logging_mixin.py:188} INFO - [2026-08-10T19:46:26.657+0000] {dag.py:3036} INFO - Sync 1 DAGs
[2026-08-10T19:46:26.680+0000] {logging_mixin.py:188} INFO - [2026-08-10T19:46:26.680+0000] {dag.py:3823} INFO - Setting next_dagrun for air_quality_pipeline to 2026-08-10 19:05:00+00:00, run_after=2026-08-10 20:05:00+00:00
[2026-08-10T19:46:26.701+0000] {processor.py:183} INFO - Processing /opt/airflow/dags/spark_pipeline_dag.py took 0.093 seconds
[2026-08-10T19:46:57.084+0000] {processor.py:161} INFO - Started process (PID=23310) to work on /opt/airflow/dags/spark_pipeline_dag.py
[2026-08-10T19:46:57.085+0000] {processor.py:830} INFO - Processing file /opt/airflow/dags/spark_pipeline_dag.py for tasks to queue
[2026-08-10T19:46:57.086+0000] {logging_mixin.py:188} INFO - [2026-08-10T19:46:57.085+0000] {dagbag.py:538} INFO - Filling up the DagBag from /opt/airflow/dags/spark_pipeline_dag.py
[2026-08-10T19:46:57.112+0000] {processor.py:840} INFO - DAG(s) 'air_quality_pipeline' retrieved from /opt/airflow/dags/spark_pipeline_dag.py
[2026-08-10T19:46:57.134+0000] {logging_mixin.py:188} INFO - [2026-08-10T19:46:57.134+0000] {dag.py:3036} INFO - Sync 1 DAGs
[2026-08-10T19:46:57.286+0000] {logging_mixin.py:188} INFO - [2026-08-10T19:46:57.286+0000] {dag.py:3823} INFO - Setting next_dagrun for air_quality_pipeline to 2026-08-10 19:05:00+00:00, run_after=2026-08-10 20:05:00+00:00
[2026-08-10T19:46:57.305+0000] {processor.py:183} INFO - Processing /opt/airflow/dags/spark_pipeline_dag.py took 0.224 seconds
[2026-08-10T19:47:27.730+0000] {processor.py:161} INFO - Started process (PID=23320) to work on /opt/airflow/dags/spark_pipeline_dag.py
[2026-08-10T19:47:27.732+0000] {processor.py:830} INFO - Processing file /opt/airflow/dags/spark_pipeline_dag.py for tasks to queue
[2026-08-10T19:47:27.733+0000] {logging_mixin.py:188} INFO - [2026-08-10T19:47:27.732+0000] {dagbag.py:538} INFO - Filling up the DagBag from /opt/airflow/dags/spark_pipeline_dag.py
[2026-08-10T19:47:27.758+0000] {processor.py:840} INFO - DAG(s) 'air_quality_pipeline' retrieved from /opt/airflow/dags/spark_pipeline_dag.py
[2026-08-10T19:47:27.784+0000] {logging_mixin.py:188} INFO - [2026-08-10T19:47:27.784+0000] {dag.py:3036} INFO - Sync 1 DAGs
[2026-08-10T19:47:27.807+0000] {logging_mixin.py:188} INFO - [2026-08-10T19:47:27.807+0000] {dag.py:3823} INFO - Setting next_dagrun for air_quality_pipeline to 2026-08-10 19:05:00+00:00, run_after=2026-08-10 20:05:00+00:00
[2026-08-10T19:47:27.829+0000] {processor.py:183} INFO - Processing /opt/airflow/dags/spark_pipeline_dag.py took 0.103 seconds
[2026-08-10T19:47:58.134+0000] {processor.py:161} INFO - Started process (PID=23330) to work on /opt/airflow/dags/spark_pipeline_dag.py
[2026-08-10T19:47:58.135+0000] {processor.py:830} INFO - Processing file /opt/airflow/dags/spark_pipeline_dag.py for tasks to queue
[2026-08-10T19:47:58.136+0000] {logging_mixin.py:188} INFO - [2026-08-10T19:47:58.135+0000] {dagbag.py:538} INFO - Filling up the DagBag from /opt/airflow/dags/spark_pipeline_dag.py
[2026-08-10T19:47:58.160+0000] {processor.py:840} INFO - DAG(s) 'air_quality_pipeline' retrieved from /opt/airflow/dags/spark_pipeline_dag.py
[2026-08-10T19:47:58.183+0000] {logging_mixin.py:188} INFO - [2026-08-10T19:47:58.182+0000] {dag.py:3036} INFO - Sync 1 DAGs
[2026-08-10T19:47:58.203+0000] {logging_mixin.py:188} INFO - [2026-08-10T19:47:58.203+0000] {dag.py:3823} INFO - Setting next_dagrun for air_quality_pipeline to 2026-08-10 19:05:00+00:00, run_after=2026-08-10 20:05:00+00:00
[2026-08-10T19:47:58.223+0000] {processor.py:183} INFO - Processing /opt/airflow/dags/spark_pipeline_dag.py took 0.092 seconds
[2026-08-10T19:48:28.580+0000] {processor.py:161} INFO - Started process (PID=23340) to work on /opt/airflow/dags/spark_pipeline_dag.py
[2026-08-10T19:48:28.582+0000] {processor.py:830} INFO - Processing file /opt/airflow/dags/spark_pipeline_dag.py for tasks to queue
[2026-08-10T19:48:28.583+0000] {logging_mixin.py:188} INFO - [2026-08-10T19:48:28.582+0000] {dagbag.py:538} INFO - Filling up the DagBag from /opt/airflow/dags/spark_pipeline_dag.py
[2026-08-10T19:48:28.609+0000] {processor.py:840} INFO - DAG(s) 'air_quality_pipeline' retrieved from /opt/airflow/dags/spark_pipeline_dag.py
[2026-08-10T19:48:28.629+0000] {logging_mixin.py:188} INFO - [2026-08-10T19:48:28.629+0000] {dag.py:3036} INFO - Sync 1 DAGs
[2026-08-10T19:48:28.649+0000] {logging_mixin.py:188} INFO - [2026-08-10T19:48:28.648+0000] {dag.py:3823} INFO - Setting next_dagrun for air_quality_pipeline to 2026-08-10 19:05:00+00:00, run_after=2026-08-10 20:05:00+00:00
[2026-08-10T19:48:28.665+0000] {processor.py:183} INFO - Processing /opt/airflow/dags/spark_pipeline_dag.py took 0.087 seconds
[2026-08-10T19:48:59.058+0000] {processor.py:161} INFO - Started process (PID=23350) to work on /opt/airflow/dags/spark_pipeline_dag.py
[2026-08-10T19:48:59.059+0000] {processor.py:830} INFO - Processing file /opt/airflow/dags/spark_pipeline_dag.py for tasks to queue
[2026-08-10T19:48:59.060+0000] {logging_mixin.py:188} INFO - [2026-08-10T19:48:59.060+0000] {dagbag.py:538} INFO - Filling up the DagBag from /opt/airflow/dags/spark_pipeline_dag.py
[2026-08-10T19:48:59.081+0000] {processor.py:840} INFO - DAG(s) 'air_quality_pipeline' retrieved from /opt/airflow/dags/spark_pipeline_dag.py
[2026-08-10T19:48:59.101+0000] {logging_mixin.py:188} INFO - [2026-08-10T19:48:59.101+0000] {dag.py:3036} INFO - Sync 1 DAGs
[2026-08-10T19:48:59.238+0000] {logging_mixin.py:188} INFO - [2026-08-10T19:48:59.238+0000] {dag.py:3823} INFO - Setting next_dagrun for air_quality_pipeline to 2026-08-10 19:05:00+00:00, run_after=2026-08-10 20:05:00+00:00
[2026-08-10T19:48:59.254+0000] {processor.py:183} INFO - Processing /opt/airflow/dags/spark_pipeline_dag.py took 0.199 seconds
[2026-08-10T19:49:29.716+0000] {processor.py:161} INFO - Started process (PID=23360) to work on /opt/airflow/dags/spark_pipeline_dag.py
[2026-08-10T19:49:29.718+0000] {processor.py:830} INFO - Processing file /opt/airflow/dags/spark_pipeline_dag.py for tasks to queue
[2026-08-10T19:49:29.719+0000] {logging_mixin.py:188} INFO - [2026-08-10T19:49:29.719+0000] {dagbag.py:538} INFO - Filling up the DagBag from /opt/airflow/dags/spark_pipeline_dag.py
[2026-08-10T19:49:29.740+0000] {processor.py:840} INFO - DAG(s) 'air_quality_pipeline' retrieved from /opt/airflow/dags/spark_pipeline_dag.py
[2026-08-10T19:49:29.761+0000] {logging_mixin.py:188} INFO - [2026-08-10T19:49:29.760+0000] {dag.py:3036} INFO - Sync 1 DAGs
[2026-08-10T19:49:29.778+0000] {logging_mixin.py:188} INFO - [2026-08-10T19:49:29.778+0000] {dag.py:3823} INFO - Setting next_dagrun for air_quality_pipeline to 2026-08-10 19:05:00+00:00, run_after=2026-08-10 20:05:00+00:00
[2026-08-10T19:49:29.796+0000] {processor.py:183} INFO - Processing /opt/airflow/dags/spark_pipeline_dag.py took 0.083 seconds
[2026-08-10T19:50:00.131+0000] {processor.py:161} INFO - Started process (PID=23370) to work on /opt/airflow/dags/spark_pipeline_dag.py
[2026-08-10T19:50:00.133+0000] {processor.py:830} INFO - Processing file /opt/airflow/dags/spark_pipeline_dag.py for tasks to queue
[2026-08-10T19:50:00.134+0000] {logging_mixin.py:188} INFO - [2026-08-10T19:50:00.133+0000] {dagbag.py:538} INFO - Filling up the DagBag from /opt/airflow/dags/spark_pipeline_dag.py
[2026-08-10T19:50:00.158+0000] {processor.py:840} INFO - DAG(s) 'air_quality_pipeline' retrieved from /opt/airflow/dags/spark_pipeline_dag.py
[2026-08-10T19:50:00.182+0000] {logging_mixin.py:188} INFO - [2026-08-10T19:50:00.182+0000] {dag.py:3036} INFO - Sync 1 DAGs
[2026-08-10T19:50:00.204+0000] {logging_mixin.py:188} INFO - [2026-08-10T19:50:00.204+0000] {dag.py:3823} INFO - Setting next_dagrun for air_quality_pipeline to 2026-08-10 19:05:00+00:00, run_after=2026-08-10 20:05:00+00:00
[2026-08-10T19:50:00.225+0000] {processor.py:183} INFO - Processing /opt/airflow/dags/spark_pipeline_dag.py took 0.096 seconds
[2026-08-10T19:50:30.585+0000] {processor.py:161} INFO - Started process (PID=23380) to work on /opt/airflow/dags/spark_pipeline_dag.py
[2026-08-10T19:50:30.587+0000] {processor.py:830} INFO - Processing file /opt/airflow/dags/spark_pipeline_dag.py for tasks to queue
[2026-08-10T19:50:30.588+0000] {logging_mixin.py:188} INFO - [2026-08-10T19:50:30.587+0000] {dagbag.py:538} INFO - Filling up the DagBag from /opt/airflow/dags/spark_pipeline_dag.py
[2026-08-10T19:50:30.611+0000] {processor.py:840} INFO - DAG(s) 'air_quality_pipeline' retrieved from /opt/airflow/dags/spark_pipeline_dag.py
[2026-08-10T19:50:30.636+0000] {logging_mixin.py:188} INFO - [2026-08-10T19:50:30.636+0000] {dag.py:3036} INFO - Sync 1 DAGs
[2026-08-10T19:50:30.659+0000] {logging_mixin.py:188} INFO - [2026-08-10T19:50:30.659+0000] {dag.py:3823} INFO - Setting next_dagrun for air_quality_pipeline to 2026-08-10 19:05:00+00:00, run_after=2026-08-10 20:05:00+00:00
[2026-08-10T19:50:30.680+0000] {processor.py:183} INFO - Processing /opt/airflow/dags/spark_pipeline_dag.py took 0.098 seconds
[2026-08-10T19:51:01.043+0000] {processor.py:161} INFO - Started process (PID=23390) to work on /opt/airflow/dags/spark_pipeline_dag.py
[2026-08-10T19:51:01.044+0000] {processor.py:830} INFO - Processing file /opt/airflow/dags/spark_pipeline_dag.py for tasks to queue
[2026-08-10T19:51:01.045+0000] {logging_mixin.py:188} INFO - [2026-08-10T19:51:01.045+0000] {dagbag.py:538} INFO - Filling up the DagBag from /opt/airflow/dags/spark_pipeline_dag.py
[2026-08-10T19:51:01.070+0000] {processor.py:840} INFO - DAG(s) 'air_quality_pipeline' retrieved from /opt/airflow/dags/spark_pipeline_dag.py
[2026-08-10T19:51:01.098+0000] {logging_mixin.py:188} INFO - [2026-08-10T19:51:01.098+0000] {dag.py:3036} INFO - Sync 1 DAGs
[2026-08-10T19:51:01.252+0000] {logging_mixin.py:188} INFO - [2026-08-10T19:51:01.251+0000] {dag.py:3823} INFO - Setting next_dagrun for air_quality_pipeline to 2026-08-10 19:05:00+00:00, run_after=2026-08-10 20:05:00+00:00
[2026-08-10T19:51:01.271+0000] {processor.py:183} INFO - Processing /opt/airflow/dags/spark_pipeline_dag.py took 0.231 seconds
[2026-08-10T19:51:31.680+0000] {processor.py:161} INFO - Started process (PID=23400) to work on /opt/airflow/dags/spark_pipeline_dag.py
[2026-08-10T19:51:31.682+0000] {processor.py:830} INFO - Processing file /opt/airflow/dags/spark_pipeline_dag.py for tasks to queue
[2026-08-10T19:51:31.684+0000] {logging_mixin.py:188} INFO - [2026-08-10T19:51:31.683+0000] {dagbag.py:538} INFO - Filling up the DagBag from /opt/airflow/dags/spark_pipeline_dag.py
[2026-08-10T19:51:31.714+0000] {processor.py:840} INFO - DAG(s) 'air_quality_pipeline' retrieved from /opt/airflow/dags/spark_pipeline_dag.py
[2026-08-10T19:51:31.736+0000] {logging_mixin.py:188} INFO - [2026-08-10T19:51:31.736+0000] {dag.py:3036} INFO - Sync 1 DAGs
[2026-08-10T19:51:31.758+0000] {logging_mixin.py:188} INFO - [2026-08-10T19:51:31.758+0000] {dag.py:3823} INFO - Setting next_dagrun for air_quality_pipeline to 2026-08-10 19:05:00+00:00, run_after=2026-08-10 20:05:00+00:00
[2026-08-10T19:51:31.779+0000] {processor.py:183} INFO - Processing /opt/airflow/dags/spark_pipeline_dag.py took 0.104 seconds
[2026-08-10T19:52:02.122+0000] {processor.py:161} INFO - Started process (PID=23410) to work on /opt/airflow/dags/spark_pipeline_dag.py
[2026-08-10T19:52:02.124+0000] {processor.py:830} INFO - Processing file /opt/airflow/dags/spark_pipeline_dag.py for tasks to queue
[2026-08-10T19:52:02.124+0000] {logging_mixin.py:188} INFO - [2026-08-10T19:52:02.124+0000] {dagbag.py:538} INFO - Filling up the DagBag from /opt/airflow/dags/spark_pipeline_dag.py
[2026-08-10T19:52:02.147+0000] {processor.py:840} INFO - DAG(s) 'air_quality_pipeline' retrieved from /opt/airflow/dags/spark_pipeline_dag.py
[2026-08-10T19:52:02.171+0000] {logging_mixin.py:188} INFO - [2026-08-10T19:52:02.171+0000] {dag.py:3036} INFO - Sync 1 DAGs
[2026-08-10T19:52:02.193+0000] {logging_mixin.py:188} INFO - [2026-08-10T19:52:02.193+0000] {dag.py:3823} INFO - Setting next_dagrun for air_quality_pipeline to 2026-08-10 19:05:00+00:00, run_after=2026-08-10 20:05:00+00:00
[2026-08-10T19:52:02.213+0000] {processor.py:183} INFO - Processing /opt/airflow/dags/spark_pipeline_dag.py took 0.093 seconds
[2026-08-10T19:52:32.545+0000] {processor.py:161} INFO - Started process (PID=23420) to work on /opt/airflow/dags/spark_pipeline_dag.py
[2026-08-10T19:52:32.546+0000] {processor.py:830} INFO - Processing file /opt/airflow/dags/spark_pipeline_dag.py for tasks to queue
[2026-08-10T19:52:32.547+0000] {logging_mixin.py:188} INFO - [2026-08-10T19:52:32.547+0000] {dagbag.py:538} INFO - Filling up the DagBag from /opt/airflow/dags/spark_pipeline_dag.py
[2026-08-10T19:52:32.567+0000] {processor.py:840} INFO - DAG(s) 'air_quality_pipeline' retrieved from /opt/airflow/dags/spark_pipeline_dag.py
[2026-08-10T19:52:32.589+0000] {logging_mixin.py:188} INFO - [2026-08-10T19:52:32.588+0000] {dag.py:3036} INFO - Sync 1 DAGs
[2026-08-10T19:52:32.610+0000] {logging_mixin.py:188} INFO - [2026-08-10T19:52:32.609+0000] {dag.py:3823} INFO - Setting next_dagrun for air_quality_pipeline to 2026-08-10 19:05:00+00:00, run_after=2026-08-10 20:05:00+00:00
[2026-08-10T19:52:32.628+0000] {processor.py:183} INFO - Processing /opt/airflow/dags/spark_pipeline_dag.py took 0.086 seconds
[2026-08-10T19:53:03.010+0000] {processor.py:161} INFO - Started process (PID=23430) to work on /opt/airflow/dags/spark_pipeline_dag.py
[2026-08-10T19:53:03.011+0000] {processor.py:830} INFO - Processing file /opt/airflow/dags/spark_pipeline_dag.py for tasks to queue
[2026-08-10T19:53:03.013+0000] {logging_mixin.py:188} INFO - [2026-08-10T19:53:03.012+0000] {dagbag.py:538} INFO - Filling up the DagBag from /opt/airflow/dags/spark_pipeline_dag.py
[2026-08-10T19:53:03.040+0000] {processor.py:840} INFO - DAG(s) 'air_quality_pipeline' retrieved from /opt/airflow/dags/spark_pipeline_dag.py
[2026-08-10T19:53:03.067+0000] {logging_mixin.py:188} INFO - [2026-08-10T19:53:03.066+0000] {dag.py:3036} INFO - Sync 1 DAGs
[2026-08-10T19:53:03.230+0000] {logging_mixin.py:188} INFO - [2026-08-10T19:53:03.230+0000] {dag.py:3823} INFO - Setting next_dagrun for air_quality_pipeline to 2026-08-10 19:05:00+00:00, run_after=2026-08-10 20:05:00+00:00
[2026-08-10T19:53:03.254+0000] {processor.py:183} INFO - Processing /opt/airflow/dags/spark_pipeline_dag.py took 0.246 seconds
[2026-08-10T19:53:33.656+0000] {processor.py:161} INFO - Started process (PID=23440) to work on /opt/airflow/dags/spark_pipeline_dag.py
[2026-08-10T19:53:33.657+0000] {processor.py:830} INFO - Processing file /opt/airflow/dags/spark_pipeline_dag.py for tasks to queue
[2026-08-10T19:53:33.658+0000] {logging_mixin.py:188} INFO - [2026-08-10T19:53:33.658+0000] {dagbag.py:538} INFO - Filling up the DagBag from /opt/airflow/dags/spark_pipeline_dag.py
[2026-08-10T19:53:33.682+0000] {processor.py:840} INFO - DAG(s) 'air_quality_pipeline' retrieved from /opt/airflow/dags/spark_pipeline_dag.py
[2026-08-10T19:53:33.708+0000] {logging_mixin.py:188} INFO - [2026-08-10T19:53:33.707+0000] {dag.py:3036} INFO - Sync 1 DAGs
[2026-08-10T19:53:33.850+0000] {logging_mixin.py:188} INFO - [2026-08-10T19:53:33.850+0000] {dag.py:3823} INFO - Setting next_dagrun for air_quality_pipeline to 2026-08-10 19:05:00+00:00, run_after=2026-08-10 20:05:00+00:00
[2026-08-10T19:53:33.869+0000] {processor.py:183} INFO - Processing /opt/airflow/dags/spark_pipeline_dag.py took 0.217 seconds
[2026-08-10T19:54:04.251+0000] {processor.py:161} INFO - Started process (PID=23450) to work on /opt/airflow/dags/spark_pipeline_dag.py
[2026-08-10T19:54:04.252+0000] {processor.py:830} INFO - Processing file /opt/airflow/dags/spark_pipeline_dag.py for tasks to queue
[2026-08-10T19:54:04.253+0000] {logging_mixin.py:188} INFO - [2026-08-10T19:54:04.253+0000] {dagbag.py:538} INFO - Filling up the DagBag from /opt/airflow/dags/spark_pipeline_dag.py
[2026-08-10T19:54:04.278+0000] {processor.py:840} INFO - DAG(s) 'air_quality_pipeline' retrieved from /opt/airflow/dags/spark_pipeline_dag.py
[2026-08-10T19:54:04.303+0000] {logging_mixin.py:188} INFO - [2026-08-10T19:54:04.302+0000] {dag.py:3036} INFO - Sync 1 DAGs
[2026-08-10T19:54:04.324+0000] {logging_mixin.py:188} INFO - [2026-08-10T19:54:04.324+0000] {dag.py:3823} INFO - Setting next_dagrun for air_quality_pipeline to 2026-08-10 19:05:00+00:00, run_after=2026-08-10 20:05:00+00:00
[2026-08-10T19:54:04.347+0000] {processor.py:183} INFO - Processing /opt/airflow/dags/spark_pipeline_dag.py took 0.099 seconds
[2026-08-10T19:54:34.703+0000] {processor.py:161} INFO - Started process (PID=23460) to work on /opt/airflow/dags/spark_pipeline_dag.py
[2026-08-10T19:54:34.705+0000] {processor.py:830} INFO - Processing file /opt/airflow/dags/spark_pipeline_dag.py for tasks to queue
[2026-08-10T19:54:34.705+0000] {logging_mixin.py:188} INFO - [2026-08-10T19:54:34.705+0000] {dagbag.py:538} INFO - Filling up the DagBag from /opt/airflow/dags/spark_pipeline_dag.py
[2026-08-10T19:54:34.727+0000] {processor.py:840} INFO - DAG(s) 'air_quality_pipeline' retrieved from /opt/airflow/dags/spark_pipeline_dag.py
[2026-08-10T19:54:34.749+0000] {logging_mixin.py:188} INFO - [2026-08-10T19:54:34.749+0000] {dag.py:3036} INFO - Sync 1 DAGs
[2026-08-10T19:54:34.770+0000] {logging_mixin.py:188} INFO - [2026-08-10T19:54:34.770+0000] {dag.py:3823} INFO - Setting next_dagrun for air_quality_pipeline to 2026-08-10 19:05:00+00:00, run_after=2026-08-10 20:05:00+00:00
[2026-08-10T19:54:34.789+0000] {processor.py:183} INFO - Processing /opt/airflow/dags/spark_pipeline_dag.py took 0.089 seconds
[2026-08-10T19:55:05.188+0000] {processor.py:161} INFO - Started process (PID=23470) to work on /opt/airflow/dags/spark_pipeline_dag.py
[2026-08-10T19:55:05.189+0000] {processor.py:830} INFO - Processing file /opt/airflow/dags/spark_pipeline_dag.py for tasks to queue
[2026-08-10T19:55:05.191+0000] {logging_mixin.py:188} INFO - [2026-08-10T19:55:05.191+0000] {dagbag.py:538} INFO - Filling up the DagBag from /opt/airflow/dags/spark_pipeline_dag.py
[2026-08-10T19:55:05.215+0000] {processor.py:840} INFO - DAG(s) 'air_quality_pipeline' retrieved from /opt/airflow/dags/spark_pipeline_dag.py
[2026-08-10T19:55:05.236+0000] {logging_mixin.py:188} INFO - [2026-08-10T19:55:05.236+0000] {dag.py:3036} INFO - Sync 1 DAGs
[2026-08-10T19:55:05.386+0000] {logging_mixin.py:188} INFO - [2026-08-10T19:55:05.386+0000] {dag.py:3823} INFO - Setting next_dagrun for air_quality_pipeline to 2026-08-10 19:05:00+00:00, run_after=2026-08-10 20:05:00+00:00
[2026-08-10T19:55:05.410+0000] {processor.py:183} INFO - Processing /opt/airflow/dags/spark_pipeline_dag.py took 0.224 seconds
[2026-08-10T19:55:35.784+0000] {processor.py:161} INFO - Started process (PID=23480) to work on /opt/airflow/dags/spark_pipeline_dag.py
[2026-08-10T19:55:35.785+0000] {processor.py:830} INFO - Processing file /opt/airflow/dags/spark_pipeline_dag.py for tasks to queue
[2026-08-10T19:55:35.786+0000] {logging_mixin.py:188} INFO - [2026-08-10T19:55:35.785+0000] {dagbag.py:538} INFO - Filling up the DagBag from /opt/airflow/dags/spark_pipeline_dag.py
[2026-08-10T19:55:35.808+0000] {processor.py:840} INFO - DAG(s) 'air_quality_pipeline' retrieved from /opt/airflow/dags/spark_pipeline_dag.py
[2026-08-10T19:55:35.831+0000] {logging_mixin.py:188} INFO - [2026-08-10T19:55:35.831+0000] {dag.py:3036} INFO - Sync 1 DAGs
[2026-08-10T19:55:35.974+0000] {logging_mixin.py:188} INFO - [2026-08-10T19:55:35.974+0000] {dag.py:3823} INFO - Setting next_dagrun for air_quality_pipeline to 2026-08-10 19:05:00+00:00, run_after=2026-08-10 20:05:00+00:00
[2026-08-10T19:55:35.993+0000] {processor.py:183} INFO - Processing /opt/airflow/dags/spark_pipeline_dag.py took 0.212 seconds
[2026-08-10T19:56:06.353+0000] {processor.py:161} INFO - Started process (PID=23490) to work on /opt/airflow/dags/spark_pipeline_dag.py
[2026-08-10T19:56:06.355+0000] {processor.py:830} INFO - Processing file /opt/airflow/dags/spark_pipeline_dag.py for tasks to queue
[2026-08-10T19:56:06.357+0000] {logging_mixin.py:188} INFO - [2026-08-10T19:56:06.356+0000] {dagbag.py:538} INFO - Filling up the DagBag from /opt/airflow/dags/spark_pipeline_dag.py
[2026-08-10T19:56:06.389+0000] {processor.py:840} INFO - DAG(s) 'air_quality_pipeline' retrieved from /opt/airflow/dags/spark_pipeline_dag.py
[2026-08-10T19:56:06.417+0000] {logging_mixin.py:188} INFO - [2026-08-10T19:56:06.417+0000] {dag.py:3036} INFO - Sync 1 DAGs
[2026-08-10T19:56:06.440+0000] {logging_mixin.py:188} INFO - [2026-08-10T19:56:06.440+0000] {dag.py:3823} INFO - Setting next_dagrun for air_quality_pipeline to 2026-08-10 19:05:00+00:00, run_after=2026-08-10 20:05:00+00:00
[2026-08-10T19:56:06.459+0000] {processor.py:183} INFO - Processing /opt/airflow/dags/spark_pipeline_dag.py took 0.109 seconds
[2026-08-10T19:56:36.840+0000] {processor.py:161} INFO - Started process (PID=23500) to work on /opt/airflow/dags/spark_pipeline_dag.py
[2026-08-10T19:56:36.842+0000] {processor.py:830} INFO - Processing file /opt/airflow/dags/spark_pipeline_dag.py for tasks to queue
[2026-08-10T19:56:36.844+0000] {logging_mixin.py:188} INFO - [2026-08-10T19:56:36.843+0000] {dagbag.py:538} INFO - Filling up the DagBag from /opt/airflow/dags/spark_pipeline_dag.py
[2026-08-10T19:56:36.873+0000] {processor.py:840} INFO - DAG(s) 'air_quality_pipeline' retrieved from /opt/airflow/dags/spark_pipeline_dag.py
[2026-08-10T19:56:36.898+0000] {logging_mixin.py:188} INFO - [2026-08-10T19:56:36.897+0000] {dag.py:3036} INFO - Sync 1 DAGs
[2026-08-10T19:56:36.921+0000] {logging_mixin.py:188} INFO - [2026-08-10T19:56:36.921+0000] {dag.py:3823} INFO - Setting next_dagrun for air_quality_pipeline to 2026-08-10 19:05:00+00:00, run_after=2026-08-10 20:05:00+00:00
[2026-08-10T19:56:36.941+0000] {processor.py:183} INFO - Processing /opt/airflow/dags/spark_pipeline_dag.py took 0.104 seconds
[2026-08-10T19:57:07.281+0000] {processor.py:161} INFO - Started process (PID=23510) to work on /opt/airflow/dags/spark_pipeline_dag.py
[2026-08-10T19:57:07.282+0000] {processor.py:830} INFO - Processing file /opt/airflow/dags/spark_pipeline_dag.py for tasks to queue
[2026-08-10T19:57:07.284+0000] {logging_mixin.py:188} INFO - [2026-08-10T19:57:07.284+0000] {dagbag.py:538} INFO - Filling up the DagBag from /opt/airflow/dags/spark_pipeline_dag.py
[2026-08-10T19:57:07.308+0000] {processor.py:840} INFO - DAG(s) 'air_quality_pipeline' retrieved from /opt/airflow/dags/spark_pipeline_dag.py
[2026-08-10T19:57:07.328+0000] {logging_mixin.py:188} INFO - [2026-08-10T19:57:07.327+0000] {dag.py:3036} INFO - Sync 1 DAGs
[2026-08-10T19:57:07.466+0000] {logging_mixin.py:188} INFO - [2026-08-10T19:57:07.466+0000] {dag.py:3823} INFO - Setting next_dagrun for air_quality_pipeline to 2026-08-10 19:05:00+00:00, run_after=2026-08-10 20:05:00+00:00
[2026-08-10T19:57:07.483+0000] {processor.py:183} INFO - Processing /opt/airflow/dags/spark_pipeline_dag.py took 0.205 seconds
[2026-08-10T19:57:37.779+0000] {processor.py:161} INFO - Started process (PID=23520) to work on /opt/airflow/dags/spark_pipeline_dag.py
[2026-08-10T19:57:37.780+0000] {processor.py:830} INFO - Processing file /opt/airflow/dags/spark_pipeline_dag.py for tasks to queue
[2026-08-10T19:57:37.781+0000] {logging_mixin.py:188} INFO - [2026-08-10T19:57:37.781+0000] {dagbag.py:538} INFO - Filling up the DagBag from /opt/airflow/dags/spark_pipeline_dag.py
[2026-08-10T19:57:37.806+0000] {processor.py:840} INFO - DAG(s) 'air_quality_pipeline' retrieved from /opt/airflow/dags/spark_pipeline_dag.py
[2026-08-10T19:57:37.827+0000] {logging_mixin.py:188} INFO - [2026-08-10T19:57:37.827+0000] {dag.py:3036} INFO - Sync 1 DAGs
[2026-08-10T19:57:37.971+0000] {logging_mixin.py:188} INFO - [2026-08-10T19:57:37.971+0000] {dag.py:3823} INFO - Setting next_dagrun for air_quality_pipeline to 2026-08-10 19:05:00+00:00, run_after=2026-08-10 20:05:00+00:00
[2026-08-10T19:57:37.987+0000] {processor.py:183} INFO - Processing /opt/airflow/dags/spark_pipeline_dag.py took 0.211 seconds
[2026-08-10T19:58:08.330+0000] {processor.py:161} INFO - Started process (PID=23530) to work on /opt/airflow/dags/spark_pipeline_dag.py
[2026-08-10T19:58:08.332+0000] {processor.py:830} INFO - Processing file /opt/airflow/dags/spark_pipeline_dag.py for tasks to queue
[2026-08-10T19:58:08.333+0000] {logging_mixin.py:188} INFO - [2026-08-10T19:58:08.333+0000] {dagbag.py:538} INFO - Filling up the DagBag from /opt/airflow/dags/spark_pipeline_dag.py
[2026-08-10T19:58:08.357+0000] {processor.py:840} INFO - DAG(s) 'air_quality_pipeline' retrieved from /opt/airflow/dags/spark_pipeline_dag.py
[2026-08-10T19:58:08.382+0000] {logging_mixin.py:188} INFO - [2026-08-10T19:58:08.382+0000] {dag.py:3036} INFO - Sync 1 DAGs
[2026-08-10T19:58:08.407+0000] {logging_mixin.py:188} INFO - [2026-08-10T19:58:08.407+0000] {dag.py:3823} INFO - Setting next_dagrun for air_quality_pipeline to 2026-08-10 19:05:00+00:00, run_after=2026-08-10 20:05:00+00:00
[2026-08-10T19:58:08.430+0000] {processor.py:183} INFO - Processing /opt/airflow/dags/spark_pipeline_dag.py took 0.103 seconds
[2026-08-10T19:58:38.791+0000] {processor.py:161} INFO - Started process (PID=23540) to work on /opt/airflow/dags/spark_pipeline_dag.py
[2026-08-10T19:58:38.792+0000] {processor.py:830} INFO - Processing file /opt/airflow/dags/spark_pipeline_dag.py for tasks to queue
[2026-08-10T19:58:38.794+0000] {logging_mixin.py:188} INFO - [2026-08-10T19:58:38.793+0000] {dagbag.py:538} INFO - Filling up the DagBag from /opt/airflow/dags/spark_pipeline_dag.py
[2026-08-10T19:58:38.828+0000] {processor.py:840} INFO - DAG(s) 'air_quality_pipeline' retrieved from /opt/airflow/dags/spark_pipeline_dag.py
[2026-08-10T19:58:38.868+0000] {logging_mixin.py:188} INFO - [2026-08-10T19:58:38.868+0000] {dag.py:3036} INFO - Sync 1 DAGs
[2026-08-10T19:58:38.889+0000] {logging_mixin.py:188} INFO - [2026-08-10T19:58:38.889+0000] {dag.py:3823} INFO - Setting next_dagrun for air_quality_pipeline to 2026-08-10 19:05:00+00:00, run_after=2026-08-10 20:05:00+00:00
[2026-08-10T19:58:38.911+0000] {processor.py:183} INFO - Processing /opt/airflow/dags/spark_pipeline_dag.py took 0.125 seconds
[2026-08-10T19:59:09.266+0000] {processor.py:161} INFO - Started process (PID=23550) to work on /opt/airflow/dags/spark_pipeline_dag.py
[2026-08-10T19:59:09.268+0000] {processor.py:830} INFO - Processing file /opt/airflow/dags/spark_pipeline_dag.py for tasks to queue
[2026-08-10T19:59:09.269+0000] {logging_mixin.py:188} INFO - [2026-08-10T19:59:09.269+0000] {dagbag.py:538} INFO - Filling up the DagBag from /opt/airflow/dags/spark_pipeline_dag.py
[2026-08-10T19:59:09.298+0000] {processor.py:840} INFO - DAG(s) 'air_quality_pipeline' retrieved from /opt/airflow/dags/spark_pipeline_dag.py
[2026-08-10T19:59:09.322+0000] {logging_mixin.py:188} INFO - [2026-08-10T19:59:09.322+0000] {dag.py:3036} INFO - Sync 1 DAGs
[2026-08-10T19:59:09.474+0000] {logging_mixin.py:188} INFO - [2026-08-10T19:59:09.474+0000] {dag.py:3823} INFO - Setting next_dagrun for air_quality_pipeline to 2026-08-10 19:05:00+00:00, run_after=2026-08-10 20:05:00+00:00
[2026-08-10T19:59:09.493+0000] {processor.py:183} INFO - Processing /opt/airflow/dags/spark_pipeline_dag.py took 0.229 seconds
[2026-08-10T19:59:39.865+0000] {processor.py:161} INFO - Started process (PID=23560) to work on /opt/airflow/dags/spark_pipeline_dag.py
[2026-08-10T19:59:39.867+0000] {processor.py:830} INFO - Processing file /opt/airflow/dags/spark_pipeline_dag.py for tasks to queue
[2026-08-10T19:59:39.868+0000] {logging_mixin.py:188} INFO - [2026-08-10T19:59:39.868+0000] {dagbag.py:538} INFO - Filling up the DagBag from /opt/airflow/dags/spark_pipeline_dag.py
[2026-08-10T19:59:39.894+0000] {processor.py:840} INFO - DAG(s) 'air_quality_pipeline' retrieved from /opt/airflow/dags/spark_pipeline_dag.py
[2026-08-10T19:59:39.918+0000] {logging_mixin.py:188} INFO - [2026-08-10T19:59:39.917+0000] {dag.py:3036} INFO - Sync 1 DAGs
[2026-08-10T19:59:40.071+0000] {logging_mixin.py:188} INFO - [2026-08-10T19:59:40.071+0000] {dag.py:3823} INFO - Setting next_dagrun for air_quality_pipeline to 2026-08-10 19:05:00+00:00, run_after=2026-08-10 20:05:00+00:00
[2026-08-10T19:59:40.091+0000] {processor.py:183} INFO - Processing /opt/airflow/dags/spark_pipeline_dag.py took 0.230 seconds
[2026-08-10T20:00:10.550+0000] {processor.py:161} INFO - Started process (PID=23572) to work on /opt/airflow/dags/spark_pipeline_dag.py
[2026-08-10T20:00:10.552+0000] {processor.py:830} INFO - Processing file /opt/airflow/dags/spark_pipeline_dag.py for tasks to queue
[2026-08-10T20:00:10.553+0000] {logging_mixin.py:188} INFO - [2026-08-10T20:00:10.552+0000] {dagbag.py:538} INFO - Filling up the DagBag from /opt/airflow/dags/spark_pipeline_dag.py
[2026-08-10T20:00:10.578+0000] {processor.py:840} INFO - DAG(s) 'air_quality_pipeline' retrieved from /opt/airflow/dags/spark_pipeline_dag.py
[2026-08-10T20:00:10.600+0000] {logging_mixin.py:188} INFO - [2026-08-10T20:00:10.600+0000] {dag.py:3036} INFO - Sync 1 DAGs
[2026-08-10T20:00:10.620+0000] {logging_mixin.py:188} INFO - [2026-08-10T20:00:10.620+0000] {dag.py:3823} INFO - Setting next_dagrun for air_quality_pipeline to 2026-08-10 19:05:00+00:00, run_after=2026-08-10 20:05:00+00:00
[2026-08-10T20:00:10.638+0000] {processor.py:183} INFO - Processing /opt/airflow/dags/spark_pipeline_dag.py took 0.090 seconds
[2026-08-10T20:00:40.974+0000] {processor.py:161} INFO - Started process (PID=23582) to work on /opt/airflow/dags/spark_pipeline_dag.py
[2026-08-10T20:00:40.976+0000] {processor.py:830} INFO - Processing file /opt/airflow/dags/spark_pipeline_dag.py for tasks to queue
[2026-08-10T20:00:40.978+0000] {logging_mixin.py:188} INFO - [2026-08-10T20:00:40.977+0000] {dagbag.py:538} INFO - Filling up the DagBag from /opt/airflow/dags/spark_pipeline_dag.py
[2026-08-10T20:00:41.008+0000] {processor.py:840} INFO - DAG(s) 'air_quality_pipeline' retrieved from /opt/airflow/dags/spark_pipeline_dag.py
[2026-08-10T20:00:41.044+0000] {logging_mixin.py:188} INFO - [2026-08-10T20:00:41.044+0000] {dag.py:3036} INFO - Sync 1 DAGs
[2026-08-10T20:00:41.094+0000] {logging_mixin.py:188} INFO - [2026-08-10T20:00:41.094+0000] {dag.py:3823} INFO - Setting next_dagrun for air_quality_pipeline to 2026-08-10 19:05:00+00:00, run_after=2026-08-10 20:05:00+00:00
[2026-08-10T20:00:41.133+0000] {processor.py:183} INFO - Processing /opt/airflow/dags/spark_pipeline_dag.py took 0.163 seconds
[2026-08-10T20:01:11.581+0000] {processor.py:161} INFO - Started process (PID=23592) to work on /opt/airflow/dags/spark_pipeline_dag.py
[2026-08-10T20:01:11.585+0000] {processor.py:830} INFO - Processing file /opt/airflow/dags/spark_pipeline_dag.py for tasks to queue
[2026-08-10T20:01:11.587+0000] {logging_mixin.py:188} INFO - [2026-08-10T20:01:11.586+0000] {dagbag.py:538} INFO - Filling up the DagBag from /opt/airflow/dags/spark_pipeline_dag.py
[2026-08-10T20:01:11.635+0000] {processor.py:840} INFO - DAG(s) 'air_quality_pipeline' retrieved from /opt/airflow/dags/spark_pipeline_dag.py
[2026-08-10T20:01:11.684+0000] {logging_mixin.py:188} INFO - [2026-08-10T20:01:11.683+0000] {dag.py:3036} INFO - Sync 1 DAGs
[2026-08-10T20:01:11.932+0000] {logging_mixin.py:188} INFO - [2026-08-10T20:01:11.932+0000] {dag.py:3823} INFO - Setting next_dagrun for air_quality_pipeline to 2026-08-10 19:05:00+00:00, run_after=2026-08-10 20:05:00+00:00
[2026-08-10T20:01:11.981+0000] {processor.py:183} INFO - Processing /opt/airflow/dags/spark_pipeline_dag.py took 0.407 seconds
[2026-08-10T20:01:42.361+0000] {processor.py:161} INFO - Started process (PID=23602) to work on /opt/airflow/dags/spark_pipeline_dag.py
[2026-08-10T20:01:42.363+0000] {processor.py:830} INFO - Processing file /opt/airflow/dags/spark_pipeline_dag.py for tasks to queue
[2026-08-10T20:01:42.365+0000] {logging_mixin.py:188} INFO - [2026-08-10T20:01:42.365+0000] {dagbag.py:538} INFO - Filling up the DagBag from /opt/airflow/dags/spark_pipeline_dag.py
[2026-08-10T20:01:42.400+0000] {processor.py:840} INFO - DAG(s) 'air_quality_pipeline' retrieved from /opt/airflow/dags/spark_pipeline_dag.py
[2026-08-10T20:01:42.430+0000] {logging_mixin.py:188} INFO - [2026-08-10T20:01:42.429+0000] {dag.py:3036} INFO - Sync 1 DAGs
[2026-08-10T20:01:42.608+0000] {logging_mixin.py:188} INFO - [2026-08-10T20:01:42.608+0000] {dag.py:3823} INFO - Setting next_dagrun for air_quality_pipeline to 2026-08-10 19:05:00+00:00, run_after=2026-08-10 20:05:00+00:00
[2026-08-10T20:01:42.624+0000] {processor.py:183} INFO - Processing /opt/airflow/dags/spark_pipeline_dag.py took 0.267 seconds
[2026-08-10T20:02:12.920+0000] {processor.py:161} INFO - Started process (PID=23612) to work on /opt/airflow/dags/spark_pipeline_dag.py
[2026-08-10T20:02:12.927+0000] {processor.py:830} INFO - Processing file /opt/airflow/dags/spark_pipeline_dag.py for tasks to queue
[2026-08-10T20:02:12.929+0000] {logging_mixin.py:188} INFO - [2026-08-10T20:02:12.928+0000] {dagbag.py:538} INFO - Filling up the DagBag from /opt/airflow/dags/spark_pipeline_dag.py
[2026-08-10T20:02:13.067+0000] {processor.py:840} INFO - DAG(s) 'air_quality_pipeline' retrieved from /opt/airflow/dags/spark_pipeline_dag.py
[2026-08-10T20:02:13.128+0000] {logging_mixin.py:188} INFO - [2026-08-10T20:02:13.128+0000] {dag.py:3036} INFO - Sync 1 DAGs
[2026-08-10T20:02:13.182+0000] {logging_mixin.py:188} INFO - [2026-08-10T20:02:13.181+0000] {dag.py:3823} INFO - Setting next_dagrun for air_quality_pipeline to 2026-08-10 19:05:00+00:00, run_after=2026-08-10 20:05:00+00:00
[2026-08-10T20:02:13.249+0000] {processor.py:183} INFO - Processing /opt/airflow/dags/spark_pipeline_dag.py took 0.333 seconds
[2026-08-10T20:02:43.643+0000] {processor.py:161} INFO - Started process (PID=23622) to work on /opt/airflow/dags/spark_pipeline_dag.py
[2026-08-10T20:02:43.645+0000] {processor.py:830} INFO - Processing file /opt/airflow/dags/spark_pipeline_dag.py for tasks to queue
[2026-08-10T20:02:43.646+0000] {logging_mixin.py:188} INFO - [2026-08-10T20:02:43.646+0000] {dagbag.py:538} INFO - Filling up the DagBag from /opt/airflow/dags/spark_pipeline_dag.py
[2026-08-10T20:02:43.667+0000] {processor.py:840} INFO - DAG(s) 'air_quality_pipeline' retrieved from /opt/airflow/dags/spark_pipeline_dag.py
[2026-08-10T20:02:43.698+0000] {logging_mixin.py:188} INFO - [2026-08-10T20:02:43.697+0000] {dag.py:3036} INFO - Sync 1 DAGs
[2026-08-10T20:02:43.728+0000] {logging_mixin.py:188} INFO - [2026-08-10T20:02:43.728+0000] {dag.py:3823} INFO - Setting next_dagrun for air_quality_pipeline to 2026-08-10 19:05:00+00:00, run_after=2026-08-10 20:05:00+00:00
[2026-08-10T20:02:43.786+0000] {processor.py:183} INFO - Processing /opt/airflow/dags/spark_pipeline_dag.py took 0.147 seconds
[2026-08-10T20:03:14.159+0000] {processor.py:161} INFO - Started process (PID=23632) to work on /opt/airflow/dags/spark_pipeline_dag.py
[2026-08-10T20:03:14.160+0000] {processor.py:830} INFO - Processing file /opt/airflow/dags/spark_pipeline_dag.py for tasks to queue
[2026-08-10T20:03:14.161+0000] {logging_mixin.py:188} INFO - [2026-08-10T20:03:14.161+0000] {dagbag.py:538} INFO - Filling up the DagBag from /opt/airflow/dags/spark_pipeline_dag.py
[2026-08-10T20:03:14.195+0000] {processor.py:840} INFO - DAG(s) 'air_quality_pipeline' retrieved from /opt/airflow/dags/spark_pipeline_dag.py
[2026-08-10T20:03:14.224+0000] {logging_mixin.py:188} INFO - [2026-08-10T20:03:14.224+0000] {dag.py:3036} INFO - Sync 1 DAGs
[2026-08-10T20:03:14.489+0000] {logging_mixin.py:188} INFO - [2026-08-10T20:03:14.489+0000] {dag.py:3823} INFO - Setting next_dagrun for air_quality_pipeline to 2026-08-10 19:05:00+00:00, run_after=2026-08-10 20:05:00+00:00
[2026-08-10T20:03:14.516+0000] {processor.py:183} INFO - Processing /opt/airflow/dags/spark_pipeline_dag.py took 0.361 seconds
[2026-08-10T20:03:45.054+0000] {processor.py:161} INFO - Started process (PID=23642) to work on /opt/airflow/dags/spark_pipeline_dag.py
[2026-08-10T20:03:45.055+0000] {processor.py:830} INFO - Processing file /opt/airflow/dags/spark_pipeline_dag.py for tasks to queue
[2026-08-10T20:03:45.057+0000] {logging_mixin.py:188} INFO - [2026-08-10T20:03:45.056+0000] {dagbag.py:538} INFO - Filling up the DagBag from /opt/airflow/dags/spark_pipeline_dag.py
[2026-08-10T20:03:45.084+0000] {processor.py:840} INFO - DAG(s) 'air_quality_pipeline' retrieved from /opt/airflow/dags/spark_pipeline_dag.py
[2026-08-10T20:03:45.123+0000] {logging_mixin.py:188} INFO - [2026-08-10T20:03:45.123+0000] {dag.py:3036} INFO - Sync 1 DAGs
[2026-08-10T20:03:45.419+0000] {logging_mixin.py:188} INFO - [2026-08-10T20:03:45.419+0000] {dag.py:3823} INFO - Setting next_dagrun for air_quality_pipeline to 2026-08-10 19:05:00+00:00, run_after=2026-08-10 20:05:00+00:00
[2026-08-10T20:03:45.446+0000] {processor.py:183} INFO - Processing /opt/airflow/dags/spark_pipeline_dag.py took 0.395 seconds
[2026-08-10T20:04:15.757+0000] {processor.py:161} INFO - Started process (PID=23652) to work on /opt/airflow/dags/spark_pipeline_dag.py
[2026-08-10T20:04:15.759+0000] {processor.py:830} INFO - Processing file /opt/airflow/dags/spark_pipeline_dag.py for tasks to queue
[2026-08-10T20:04:15.760+0000] {logging_mixin.py:188} INFO - [2026-08-10T20:04:15.760+0000] {dagbag.py:538} INFO - Filling up the DagBag from /opt/airflow/dags/spark_pipeline_dag.py
[2026-08-10T20:04:15.794+0000] {processor.py:840} INFO - DAG(s) 'air_quality_pipeline' retrieved from /opt/airflow/dags/spark_pipeline_dag.py
[2026-08-10T20:04:15.821+0000] {logging_mixin.py:188} INFO - [2026-08-10T20:04:15.820+0000] {dag.py:3036} INFO - Sync 1 DAGs
[2026-08-10T20:04:15.844+0000] {logging_mixin.py:188} INFO - [2026-08-10T20:04:15.844+0000] {dag.py:3823} INFO - Setting next_dagrun for air_quality_pipeline to 2026-08-10 19:05:00+00:00, run_after=2026-08-10 20:05:00+00:00
[2026-08-10T20:04:15.863+0000] {processor.py:183} INFO - Processing /opt/airflow/dags/spark_pipeline_dag.py took 0.110 seconds
[2026-08-10T20:04:46.301+0000] {processor.py:161} INFO - Started process (PID=23662) to work on /opt/airflow/dags/spark_pipeline_dag.py
[2026-08-10T20:04:46.303+0000] {processor.py:830} INFO - Processing file /opt/airflow/dags/spark_pipeline_dag.py for tasks to queue
[2026-08-10T20:04:46.304+0000] {logging_mixin.py:188} INFO - [2026-08-10T20:04:46.304+0000] {dagbag.py:538} INFO - Filling up the DagBag from /opt/airflow/dags/spark_pipeline_dag.py
[2026-08-10T20:04:46.345+0000] {processor.py:840} INFO - DAG(s) 'air_quality_pipeline' retrieved from /opt/airflow/dags/spark_pipeline_dag.py
[2026-08-10T20:04:46.379+0000] {logging_mixin.py:188} INFO - [2026-08-10T20:04:46.379+0000] {dag.py:3036} INFO - Sync 1 DAGs
[2026-08-10T20:04:46.409+0000] {logging_mixin.py:188} INFO - [2026-08-10T20:04:46.409+0000] {dag.py:3823} INFO - Setting next_dagrun for air_quality_pipeline to 2026-08-10 19:05:00+00:00, run_after=2026-08-10 20:05:00+00:00
[2026-08-10T20:04:46.437+0000] {processor.py:183} INFO - Processing /opt/airflow/dags/spark_pipeline_dag.py took 0.139 seconds
[2026-08-10T20:05:16.795+0000] {processor.py:161} INFO - Started process (PID=23674) to work on /opt/airflow/dags/spark_pipeline_dag.py
[2026-08-10T20:05:16.796+0000] {processor.py:830} INFO - Processing file /opt/airflow/dags/spark_pipeline_dag.py for tasks to queue
[2026-08-10T20:05:16.797+0000] {logging_mixin.py:188} INFO - [2026-08-10T20:05:16.797+0000] {dagbag.py:538} INFO - Filling up the DagBag from /opt/airflow/dags/spark_pipeline_dag.py
[2026-08-10T20:05:16.866+0000] {processor.py:840} INFO - DAG(s) 'air_quality_pipeline' retrieved from /opt/airflow/dags/spark_pipeline_dag.py
[2026-08-10T20:05:16.932+0000] {logging_mixin.py:188} INFO - [2026-08-10T20:05:16.932+0000] {dag.py:3036} INFO - Sync 1 DAGs
[2026-08-10T20:05:17.170+0000] {logging_mixin.py:188} INFO - [2026-08-10T20:05:17.170+0000] {dag.py:3823} INFO - Setting next_dagrun for air_quality_pipeline to 2026-08-10 20:05:00+00:00, run_after=2026-08-10 21:05:00+00:00
[2026-08-10T20:05:17.193+0000] {processor.py:183} INFO - Processing /opt/airflow/dags/spark_pipeline_dag.py took 0.404 seconds
[2026-08-10T20:05:47.647+0000] {processor.py:161} INFO - Started process (PID=23684) to work on /opt/airflow/dags/spark_pipeline_dag.py
[2026-08-10T20:05:47.649+0000] {processor.py:830} INFO - Processing file /opt/airflow/dags/spark_pipeline_dag.py for tasks to queue
[2026-08-10T20:05:47.651+0000] {logging_mixin.py:188} INFO - [2026-08-10T20:05:47.650+0000] {dagbag.py:538} INFO - Filling up the DagBag from /opt/airflow/dags/spark_pipeline_dag.py
[2026-08-10T20:05:47.685+0000] {processor.py:840} INFO - DAG(s) 'air_quality_pipeline' retrieved from /opt/airflow/dags/spark_pipeline_dag.py
[2026-08-10T20:05:47.733+0000] {logging_mixin.py:188} INFO - [2026-08-10T20:05:47.732+0000] {dag.py:3036} INFO - Sync 1 DAGs
[2026-08-10T20:05:47.897+0000] {logging_mixin.py:188} INFO - [2026-08-10T20:05:47.897+0000] {dag.py:3823} INFO - Setting next_dagrun for air_quality_pipeline to 2026-08-10 20:05:00+00:00, run_after=2026-08-10 21:05:00+00:00
[2026-08-10T20:05:47.937+0000] {processor.py:183} INFO - Processing /opt/airflow/dags/spark_pipeline_dag.py took 0.294 seconds
[2026-08-10T20:06:18.270+0000] {processor.py:161} INFO - Started process (PID=23694) to work on /opt/airflow/dags/spark_pipeline_dag.py
[2026-08-10T20:06:18.272+0000] {processor.py:830} INFO - Processing file /opt/airflow/dags/spark_pipeline_dag.py for tasks to queue
[2026-08-10T20:06:18.276+0000] {logging_mixin.py:188} INFO - [2026-08-10T20:06:18.275+0000] {dagbag.py:538} INFO - Filling up the DagBag from /opt/airflow/dags/spark_pipeline_dag.py
[2026-08-10T20:06:18.320+0000] {processor.py:840} INFO - DAG(s) 'air_quality_pipeline' retrieved from /opt/airflow/dags/spark_pipeline_dag.py
[2026-08-10T20:06:18.353+0000] {logging_mixin.py:188} INFO - [2026-08-10T20:06:18.353+0000] {dag.py:3036} INFO - Sync 1 DAGs
[2026-08-10T20:06:18.377+0000] {logging_mixin.py:188} INFO - [2026-08-10T20:06:18.377+0000] {dag.py:3823} INFO - Setting next_dagrun for air_quality_pipeline to 2026-08-10 20:05:00+00:00, run_after=2026-08-10 21:05:00+00:00
[2026-08-10T20:06:18.397+0000] {processor.py:183} INFO - Processing /opt/airflow/dags/spark_pipeline_dag.py took 0.131 seconds
[2026-08-10T20:06:48.833+0000] {processor.py:161} INFO - Started process (PID=23704) to work on /opt/airflow/dags/spark_pipeline_dag.py
[2026-08-10T20:06:48.835+0000] {processor.py:830} INFO - Processing file /opt/airflow/dags/spark_pipeline_dag.py for tasks to queue
[2026-08-10T20:06:48.842+0000] {logging_mixin.py:188} INFO - [2026-08-10T20:06:48.842+0000] {dagbag.py:538} INFO - Filling up the DagBag from /opt/airflow/dags/spark_pipeline_dag.py
[2026-08-10T20:06:48.879+0000] {processor.py:840} INFO - DAG(s) 'air_quality_pipeline' retrieved from /opt/airflow/dags/spark_pipeline_dag.py
[2026-08-10T20:06:48.916+0000] {logging_mixin.py:188} INFO - [2026-08-10T20:06:48.916+0000] {dag.py:3036} INFO - Sync 1 DAGs
[2026-08-10T20:06:48.950+0000] {logging_mixin.py:188} INFO - [2026-08-10T20:06:48.950+0000] {dag.py:3823} INFO - Setting next_dagrun for air_quality_pipeline to 2026-08-10 20:05:00+00:00, run_after=2026-08-10 21:05:00+00:00
[2026-08-10T20:06:48.973+0000] {processor.py:183} INFO - Processing /opt/airflow/dags/spark_pipeline_dag.py took 0.144 seconds
[2026-08-10T20:07:19.348+0000] {processor.py:161} INFO - Started process (PID=23714) to work on /opt/airflow/dags/spark_pipeline_dag.py
[2026-08-10T20:07:19.349+0000] {processor.py:830} INFO - Processing file /opt/airflow/dags/spark_pipeline_dag.py for tasks to queue
[2026-08-10T20:07:19.351+0000] {logging_mixin.py:188} INFO - [2026-08-10T20:07:19.350+0000] {dagbag.py:538} INFO - Filling up the DagBag from /opt/airflow/dags/spark_pipeline_dag.py
[2026-08-10T20:07:19.378+0000] {processor.py:840} INFO - DAG(s) 'air_quality_pipeline' retrieved from /opt/airflow/dags/spark_pipeline_dag.py
[2026-08-10T20:07:19.401+0000] {logging_mixin.py:188} INFO - [2026-08-10T20:07:19.401+0000] {dag.py:3036} INFO - Sync 1 DAGs
[2026-08-10T20:07:19.569+0000] {logging_mixin.py:188} INFO - [2026-08-10T20:07:19.569+0000] {dag.py:3823} INFO - Setting next_dagrun for air_quality_pipeline to 2026-08-10 20:05:00+00:00, run_after=2026-08-10 21:05:00+00:00
[2026-08-10T20:07:19.587+0000] {processor.py:183} INFO - Processing /opt/airflow/dags/spark_pipeline_dag.py took 0.243 seconds
[2026-08-10T20:07:50.031+0000] {processor.py:161} INFO - Started process (PID=23724) to work on /opt/airflow/dags/spark_pipeline_dag.py
[2026-08-10T20:07:50.032+0000] {processor.py:830} INFO - Processing file /opt/airflow/dags/spark_pipeline_dag.py for tasks to queue
[2026-08-10T20:07:50.033+0000] {logging_mixin.py:188} INFO - [2026-08-10T20:07:50.033+0000] {dagbag.py:538} INFO - Filling up the DagBag from /opt/airflow/dags/spark_pipeline_dag.py
[2026-08-10T20:07:50.069+0000] {processor.py:840} INFO - DAG(s) 'air_quality_pipeline' retrieved from /opt/airflow/dags/spark_pipeline_dag.py
[2026-08-10T20:07:50.133+0000] {logging_mixin.py:188} INFO - [2026-08-10T20:07:50.133+0000] {dag.py:3036} INFO - Sync 1 DAGs
[2026-08-10T20:07:50.324+0000] {logging_mixin.py:188} INFO - [2026-08-10T20:07:50.324+0000] {dag.py:3823} INFO - Setting next_dagrun for air_quality_pipeline to 2026-08-10 20:05:00+00:00, run_after=2026-08-10 21:05:00+00:00
[2026-08-10T20:07:50.346+0000] {processor.py:183} INFO - Processing /opt/airflow/dags/spark_pipeline_dag.py took 0.319 seconds
[2026-08-10T20:08:20.710+0000] {processor.py:161} INFO - Started process (PID=23734) to work on /opt/airflow/dags/spark_pipeline_dag.py
[2026-08-10T20:08:20.713+0000] {processor.py:830} INFO - Processing file /opt/airflow/dags/spark_pipeline_dag.py for tasks to queue
[2026-08-10T20:08:20.714+0000] {logging_mixin.py:188} INFO - [2026-08-10T20:08:20.714+0000] {dagbag.py:538} INFO - Filling up the DagBag from /opt/airflow/dags/spark_pipeline_dag.py
[2026-08-10T20:08:20.743+0000] {processor.py:840} INFO - DAG(s) 'air_quality_pipeline' retrieved from /opt/airflow/dags/spark_pipeline_dag.py
[2026-08-10T20:08:20.767+0000] {logging_mixin.py:188} INFO - [2026-08-10T20:08:20.767+0000] {dag.py:3036} INFO - Sync 1 DAGs
[2026-08-10T20:08:20.877+0000] {logging_mixin.py:188} INFO - [2026-08-10T20:08:20.877+0000] {dag.py:3823} INFO - Setting next_dagrun for air_quality_pipeline to 2026-08-10 20:05:00+00:00, run_after=2026-08-10 21:05:00+00:00
[2026-08-10T20:08:20.935+0000] {processor.py:183} INFO - Processing /opt/airflow/dags/spark_pipeline_dag.py took 0.228 seconds
[2026-08-10T20:08:51.287+0000] {processor.py:161} INFO - Started process (PID=23744) to work on /opt/airflow/dags/spark_pipeline_dag.py
[2026-08-10T20:08:51.292+0000] {processor.py:830} INFO - Processing file /opt/airflow/dags/spark_pipeline_dag.py for tasks to queue
[2026-08-10T20:08:51.294+0000] {logging_mixin.py:188} INFO - [2026-08-10T20:08:51.293+0000] {dagbag.py:538} INFO - Filling up the DagBag from /opt/airflow/dags/spark_pipeline_dag.py
[2026-08-10T20:08:51.328+0000] {processor.py:840} INFO - DAG(s) 'air_quality_pipeline' retrieved from /opt/airflow/dags/spark_pipeline_dag.py
[2026-08-10T20:08:51.372+0000] {logging_mixin.py:188} INFO - [2026-08-10T20:08:51.372+0000] {dag.py:3036} INFO - Sync 1 DAGs
[2026-08-10T20:08:51.405+0000] {logging_mixin.py:188} INFO - [2026-08-10T20:08:51.405+0000] {dag.py:3823} INFO - Setting next_dagrun for air_quality_pipeline to 2026-08-10 20:05:00+00:00, run_after=2026-08-10 21:05:00+00:00
[2026-08-10T20:08:51.437+0000] {processor.py:183} INFO - Processing /opt/airflow/dags/spark_pipeline_dag.py took 0.164 seconds
[2026-08-10T20:09:21.843+0000] {processor.py:161} INFO - Started process (PID=23754) to work on /opt/airflow/dags/spark_pipeline_dag.py
[2026-08-10T20:09:21.848+0000] {processor.py:830} INFO - Processing file /opt/airflow/dags/spark_pipeline_dag.py for tasks to queue
[2026-08-10T20:09:21.850+0000] {logging_mixin.py:188} INFO - [2026-08-10T20:09:21.849+0000] {dagbag.py:538} INFO - Filling up the DagBag from /opt/airflow/dags/spark_pipeline_dag.py
[2026-08-10T20:09:21.902+0000] {processor.py:840} INFO - DAG(s) 'air_quality_pipeline' retrieved from /opt/airflow/dags/spark_pipeline_dag.py
[2026-08-10T20:09:21.945+0000] {logging_mixin.py:188} INFO - [2026-08-10T20:09:21.944+0000] {dag.py:3036} INFO - Sync 1 DAGs
[2026-08-10T20:09:22.162+0000] {logging_mixin.py:188} INFO - [2026-08-10T20:09:22.162+0000] {dag.py:3823} INFO - Setting next_dagrun for air_quality_pipeline to 2026-08-10 20:05:00+00:00, run_after=2026-08-10 21:05:00+00:00
[2026-08-10T20:09:22.186+0000] {processor.py:183} INFO - Processing /opt/airflow/dags/spark_pipeline_dag.py took 0.348 seconds
[2026-08-10T20:09:52.600+0000] {processor.py:161} INFO - Started process (PID=23764) to work on /opt/airflow/dags/spark_pipeline_dag.py
[2026-08-10T20:09:52.602+0000] {processor.py:830} INFO - Processing file /opt/airflow/dags/spark_pipeline_dag.py for tasks to queue
[2026-08-10T20:09:52.603+0000] {logging_mixin.py:188} INFO - [2026-08-10T20:09:52.603+0000] {dagbag.py:538} INFO - Filling up the DagBag from /opt/airflow/dags/spark_pipeline_dag.py
[2026-08-10T20:09:52.628+0000] {processor.py:840} INFO - DAG(s) 'air_quality_pipeline' retrieved from /opt/airflow/dags/spark_pipeline_dag.py
[2026-08-10T20:09:52.656+0000] {logging_mixin.py:188} INFO - [2026-08-10T20:09:52.656+0000] {dag.py:3036} INFO - Sync 1 DAGs
[2026-08-10T20:09:52.827+0000] {logging_mixin.py:188} INFO - [2026-08-10T20:09:52.827+0000] {dag.py:3823} INFO - Setting next_dagrun for air_quality_pipeline to 2026-08-10 20:05:00+00:00, run_after=2026-08-10 21:05:00+00:00
[2026-08-10T20:09:52.845+0000] {processor.py:183} INFO - Processing /opt/airflow/dags/spark_pipeline_dag.py took 0.250 seconds
[2026-08-10T20:10:23.292+0000] {processor.py:161} INFO - Started process (PID=23774) to work on /opt/airflow/dags/spark_pipeline_dag.py
[2026-08-10T20:10:23.293+0000] {processor.py:830} INFO - Processing file /opt/airflow/dags/spark_pipeline_dag.py for tasks to queue
[2026-08-10T20:10:23.295+0000] {logging_mixin.py:188} INFO - [2026-08-10T20:10:23.294+0000] {dagbag.py:538} INFO - Filling up the DagBag from /opt/airflow/dags/spark_pipeline_dag.py
[2026-08-10T20:10:23.314+0000] {processor.py:840} INFO - DAG(s) 'air_quality_pipeline' retrieved from /opt/airflow/dags/spark_pipeline_dag.py
[2026-08-10T20:10:23.340+0000] {logging_mixin.py:188} INFO - [2026-08-10T20:10:23.340+0000] {dag.py:3036} INFO - Sync 1 DAGs
[2026-08-10T20:10:23.363+0000] {logging_mixin.py:188} INFO - [2026-08-10T20:10:23.363+0000] {dag.py:3823} INFO - Setting next_dagrun for air_quality_pipeline to 2026-08-10 20:05:00+00:00, run_after=2026-08-10 21:05:00+00:00
[2026-08-10T20:10:23.403+0000] {processor.py:183} INFO - Processing /opt/airflow/dags/spark_pipeline_dag.py took 0.119 seconds
[2026-08-10T20:10:53.813+0000] {processor.py:161} INFO - Started process (PID=23784) to work on /opt/airflow/dags/spark_pipeline_dag.py
[2026-08-10T20:10:53.814+0000] {processor.py:830} INFO - Processing file /opt/airflow/dags/spark_pipeline_dag.py for tasks to queue
[2026-08-10T20:10:53.815+0000] {logging_mixin.py:188} INFO - [2026-08-10T20:10:53.815+0000] {dagbag.py:538} INFO - Filling up the DagBag from /opt/airflow/dags/spark_pipeline_dag.py
[2026-08-10T20:10:53.862+0000] {processor.py:840} INFO - DAG(s) 'air_quality_pipeline' retrieved from /opt/airflow/dags/spark_pipeline_dag.py
[2026-08-10T20:10:53.897+0000] {logging_mixin.py:188} INFO - [2026-08-10T20:10:53.897+0000] {dag.py:3036} INFO - Sync 1 DAGs
[2026-08-10T20:10:53.927+0000] {logging_mixin.py:188} INFO - [2026-08-10T20:10:53.927+0000] {dag.py:3823} INFO - Setting next_dagrun for air_quality_pipeline to 2026-08-10 20:05:00+00:00, run_after=2026-08-10 21:05:00+00:00
[2026-08-10T20:10:53.962+0000] {processor.py:183} INFO - Processing /opt/airflow/dags/spark_pipeline_dag.py took 0.153 seconds
[2026-08-10T20:11:24.360+0000] {processor.py:161} INFO - Started process (PID=23794) to work on /opt/airflow/dags/spark_pipeline_dag.py
[2026-08-10T20:11:24.361+0000] {processor.py:830} INFO - Processing file /opt/airflow/dags/spark_pipeline_dag.py for tasks to queue
[2026-08-10T20:11:24.362+0000] {logging_mixin.py:188} INFO - [2026-08-10T20:11:24.362+0000] {dagbag.py:538} INFO - Filling up the DagBag from /opt/airflow/dags/spark_pipeline_dag.py
[2026-08-10T20:11:24.404+0000] {processor.py:840} INFO - DAG(s) 'air_quality_pipeline' retrieved from /opt/airflow/dags/spark_pipeline_dag.py
[2026-08-10T20:11:24.438+0000] {logging_mixin.py:188} INFO - [2026-08-10T20:11:24.438+0000] {dag.py:3036} INFO - Sync 1 DAGs
[2026-08-10T20:11:24.480+0000] {logging_mixin.py:188} INFO - [2026-08-10T20:11:24.480+0000] {dag.py:3823} INFO - Setting next_dagrun for air_quality_pipeline to 2026-08-10 20:05:00+00:00, run_after=2026-08-10 21:05:00+00:00
[2026-08-10T20:11:24.520+0000] {processor.py:183} INFO - Processing /opt/airflow/dags/spark_pipeline_dag.py took 0.163 seconds
[2026-08-10T20:11:54.919+0000] {processor.py:161} INFO - Started process (PID=23804) to work on /opt/airflow/dags/spark_pipeline_dag.py
[2026-08-10T20:11:54.924+0000] {processor.py:830} INFO - Processing file /opt/airflow/dags/spark_pipeline_dag.py for tasks to queue
[2026-08-10T20:11:54.927+0000] {logging_mixin.py:188} INFO - [2026-08-10T20:11:54.926+0000] {dagbag.py:538} INFO - Filling up the DagBag from /opt/airflow/dags/spark_pipeline_dag.py
[2026-08-10T20:11:54.961+0000] {processor.py:840} INFO - DAG(s) 'air_quality_pipeline' retrieved from /opt/airflow/dags/spark_pipeline_dag.py
[2026-08-10T20:11:54.996+0000] {logging_mixin.py:188} INFO - [2026-08-10T20:11:54.996+0000] {dag.py:3036} INFO - Sync 1 DAGs
[2026-08-10T20:11:55.028+0000] {logging_mixin.py:188} INFO - [2026-08-10T20:11:55.028+0000] {dag.py:3823} INFO - Setting next_dagrun for air_quality_pipeline to 2026-08-10 20:05:00+00:00, run_after=2026-08-10 21:05:00+00:00
[2026-08-10T20:11:55.077+0000] {processor.py:183} INFO - Processing /opt/airflow/dags/spark_pipeline_dag.py took 0.165 seconds
[2026-08-10T20:12:25.360+0000] {processor.py:161} INFO - Started process (PID=23814) to work on /opt/airflow/dags/spark_pipeline_dag.py
[2026-08-10T20:12:25.362+0000] {processor.py:830} INFO - Processing file /opt/airflow/dags/spark_pipeline_dag.py for tasks to queue
[2026-08-10T20:12:25.364+0000] {logging_mixin.py:188} INFO - [2026-08-10T20:12:25.363+0000] {dagbag.py:538} INFO - Filling up the DagBag from /opt/airflow/dags/spark_pipeline_dag.py
[2026-08-10T20:12:25.403+0000] {processor.py:840} INFO - DAG(s) 'air_quality_pipeline' retrieved from /opt/airflow/dags/spark_pipeline_dag.py
[2026-08-10T20:12:25.454+0000] {logging_mixin.py:188} INFO - [2026-08-10T20:12:25.454+0000] {dag.py:3036} INFO - Sync 1 DAGs
[2026-08-10T20:12:25.503+0000] {logging_mixin.py:188} INFO - [2026-08-10T20:12:25.502+0000] {dag.py:3823} INFO - Setting next_dagrun for air_quality_pipeline to 2026-08-10 20:05:00+00:00, run_after=2026-08-10 21:05:00+00:00
[2026-08-10T20:12:25.543+0000] {processor.py:183} INFO - Processing /opt/airflow/dags/spark_pipeline_dag.py took 0.187 seconds
[2026-08-10T20:12:55.853+0000] {processor.py:161} INFO - Started process (PID=23824) to work on /opt/airflow/dags/spark_pipeline_dag.py
[2026-08-10T20:12:55.856+0000] {processor.py:830} INFO - Processing file /opt/airflow/dags/spark_pipeline_dag.py for tasks to queue
[2026-08-10T20:12:55.857+0000] {logging_mixin.py:188} INFO - [2026-08-10T20:12:55.856+0000] {dagbag.py:538} INFO - Filling up the DagBag from /opt/airflow/dags/spark_pipeline_dag.py
[2026-08-10T20:12:55.882+0000] {processor.py:840} INFO - DAG(s) 'air_quality_pipeline' retrieved from /opt/airflow/dags/spark_pipeline_dag.py
[2026-08-10T20:12:55.907+0000] {logging_mixin.py:188} INFO - [2026-08-10T20:12:55.906+0000] {dag.py:3036} INFO - Sync 1 DAGs
[2026-08-10T20:12:55.930+0000] {logging_mixin.py:188} INFO - [2026-08-10T20:12:55.930+0000] {dag.py:3823} INFO - Setting next_dagrun for air_quality_pipeline to 2026-08-10 20:05:00+00:00, run_after=2026-08-10 21:05:00+00:00
[2026-08-10T20:12:55.948+0000] {processor.py:183} INFO - Processing /opt/airflow/dags/spark_pipeline_dag.py took 0.099 seconds
[2026-08-10T20:13:26.435+0000] {processor.py:161} INFO - Started process (PID=23834) to work on /opt/airflow/dags/spark_pipeline_dag.py
[2026-08-10T20:13:26.437+0000] {processor.py:830} INFO - Processing file /opt/airflow/dags/spark_pipeline_dag.py for tasks to queue
[2026-08-10T20:13:26.446+0000] {logging_mixin.py:188} INFO - [2026-08-10T20:13:26.446+0000] {dagbag.py:538} INFO - Filling up the DagBag from /opt/airflow/dags/spark_pipeline_dag.py
[2026-08-10T20:13:26.478+0000] {processor.py:840} INFO - DAG(s) 'air_quality_pipeline' retrieved from /opt/airflow/dags/spark_pipeline_dag.py
[2026-08-10T20:13:26.513+0000] {logging_mixin.py:188} INFO - [2026-08-10T20:13:26.513+0000] {dag.py:3036} INFO - Sync 1 DAGs
[2026-08-10T20:13:26.544+0000] {logging_mixin.py:188} INFO - [2026-08-10T20:13:26.544+0000] {dag.py:3823} INFO - Setting next_dagrun for air_quality_pipeline to 2026-08-10 20:05:00+00:00, run_after=2026-08-10 21:05:00+00:00
[2026-08-10T20:13:26.593+0000] {processor.py:183} INFO - Processing /opt/airflow/dags/spark_pipeline_dag.py took 0.163 seconds
[2026-08-10T20:13:57.038+0000] {processor.py:161} INFO - Started process (PID=23844) to work on /opt/airflow/dags/spark_pipeline_dag.py
[2026-08-10T20:13:57.039+0000] {processor.py:830} INFO - Processing file /opt/airflow/dags/spark_pipeline_dag.py for tasks to queue
[2026-08-10T20:13:57.040+0000] {logging_mixin.py:188} INFO - [2026-08-10T20:13:57.040+0000] {dagbag.py:538} INFO - Filling up the DagBag from /opt/airflow/dags/spark_pipeline_dag.py
[2026-08-10T20:13:57.070+0000] {processor.py:840} INFO - DAG(s) 'air_quality_pipeline' retrieved from /opt/airflow/dags/spark_pipeline_dag.py
[2026-08-10T20:13:57.100+0000] {logging_mixin.py:188} INFO - [2026-08-10T20:13:57.099+0000] {dag.py:3036} INFO - Sync 1 DAGs
[2026-08-10T20:13:57.128+0000] {logging_mixin.py:188} INFO - [2026-08-10T20:13:57.128+0000] {dag.py:3823} INFO - Setting next_dagrun for air_quality_pipeline to 2026-08-10 20:05:00+00:00, run_after=2026-08-10 21:05:00+00:00
[2026-08-10T20:13:57.151+0000] {processor.py:183} INFO - Processing /opt/airflow/dags/spark_pipeline_dag.py took 0.116 seconds
[2026-08-10T20:14:27.514+0000] {processor.py:161} INFO - Started process (PID=23854) to work on /opt/airflow/dags/spark_pipeline_dag.py
[2026-08-10T20:14:27.515+0000] {processor.py:830} INFO - Processing file /opt/airflow/dags/spark_pipeline_dag.py for tasks to queue
[2026-08-10T20:14:27.516+0000] {logging_mixin.py:188} INFO - [2026-08-10T20:14:27.515+0000] {dagbag.py:538} INFO - Filling up the DagBag from /opt/airflow/dags/spark_pipeline_dag.py
[2026-08-10T20:14:27.543+0000] {processor.py:840} INFO - DAG(s) 'air_quality_pipeline' retrieved from /opt/airflow/dags/spark_pipeline_dag.py
[2026-08-10T20:14:27.569+0000] {logging_mixin.py:188} INFO - [2026-08-10T20:14:27.568+0000] {dag.py:3036} INFO - Sync 1 DAGs
[2026-08-10T20:14:27.592+0000] {logging_mixin.py:188} INFO - [2026-08-10T20:14:27.592+0000] {dag.py:3823} INFO - Setting next_dagrun for air_quality_pipeline to 2026-08-10 20:05:00+00:00, run_after=2026-08-10 21:05:00+00:00
[2026-08-10T20:14:27.634+0000] {processor.py:183} INFO - Processing /opt/airflow/dags/spark_pipeline_dag.py took 0.125 seconds
[2026-08-10T20:14:57.998+0000] {processor.py:161} INFO - Started process (PID=23864) to work on /opt/airflow/dags/spark_pipeline_dag.py
[2026-08-10T20:14:58.000+0000] {processor.py:830} INFO - Processing file /opt/airflow/dags/spark_pipeline_dag.py for tasks to queue
[2026-08-10T20:14:58.006+0000] {logging_mixin.py:188} INFO - [2026-08-10T20:14:58.005+0000] {dagbag.py:538} INFO - Filling up the DagBag from /opt/airflow/dags/spark_pipeline_dag.py
[2026-08-10T20:14:58.064+0000] {processor.py:840} INFO - DAG(s) 'air_quality_pipeline' retrieved from /opt/airflow/dags/spark_pipeline_dag.py
[2026-08-10T20:14:58.098+0000] {logging_mixin.py:188} INFO - [2026-08-10T20:14:58.097+0000] {dag.py:3036} INFO - Sync 1 DAGs
[2026-08-10T20:14:58.137+0000] {logging_mixin.py:188} INFO - [2026-08-10T20:14:58.136+0000] {dag.py:3823} INFO - Setting next_dagrun for air_quality_pipeline to 2026-08-10 20:05:00+00:00, run_after=2026-08-10 21:05:00+00:00
[2026-08-10T20:14:58.178+0000] {processor.py:183} INFO - Processing /opt/airflow/dags/spark_pipeline_dag.py took 0.184 seconds
[2026-08-10T20:15:28.643+0000] {processor.py:161} INFO - Started process (PID=23874) to work on /opt/airflow/dags/spark_pipeline_dag.py
[2026-08-10T20:15:28.645+0000] {processor.py:830} INFO - Processing file /opt/airflow/dags/spark_pipeline_dag.py for tasks to queue
[2026-08-10T20:15:28.646+0000] {logging_mixin.py:188} INFO - [2026-08-10T20:15:28.645+0000] {dagbag.py:538} INFO - Filling up the DagBag from /opt/airflow/dags/spark_pipeline_dag.py
[2026-08-10T20:15:28.691+0000] {processor.py:840} INFO - DAG(s) 'air_quality_pipeline' retrieved from /opt/airflow/dags/spark_pipeline_dag.py
[2026-08-10T20:15:28.740+0000] {logging_mixin.py:188} INFO - [2026-08-10T20:15:28.739+0000] {dag.py:3036} INFO - Sync 1 DAGs
[2026-08-10T20:15:28.790+0000] {logging_mixin.py:188} INFO - [2026-08-10T20:15:28.789+0000] {dag.py:3823} INFO - Setting next_dagrun for air_quality_pipeline to 2026-08-10 20:05:00+00:00, run_after=2026-08-10 21:05:00+00:00
[2026-08-10T20:15:28.819+0000] {processor.py:183} INFO - Processing /opt/airflow/dags/spark_pipeline_dag.py took 0.180 seconds
[2026-08-10T20:15:59.289+0000] {processor.py:161} INFO - Started process (PID=23884) to work on /opt/airflow/dags/spark_pipeline_dag.py
[2026-08-10T20:15:59.290+0000] {processor.py:830} INFO - Processing file /opt/airflow/dags/spark_pipeline_dag.py for tasks to queue
[2026-08-10T20:15:59.291+0000] {logging_mixin.py:188} INFO - [2026-08-10T20:15:59.291+0000] {dagbag.py:538} INFO - Filling up the DagBag from /opt/airflow/dags/spark_pipeline_dag.py
[2026-08-10T20:15:59.323+0000] {processor.py:840} INFO - DAG(s) 'air_quality_pipeline' retrieved from /opt/airflow/dags/spark_pipeline_dag.py
[2026-08-10T20:15:59.352+0000] {logging_mixin.py:188} INFO - [2026-08-10T20:15:59.352+0000] {dag.py:3036} INFO - Sync 1 DAGs
[2026-08-10T20:15:59.394+0000] {logging_mixin.py:188} INFO - [2026-08-10T20:15:59.394+0000] {dag.py:3823} INFO - Setting next_dagrun for air_quality_pipeline to 2026-08-10 20:05:00+00:00, run_after=2026-08-10 21:05:00+00:00
[2026-08-10T20:15:59.418+0000] {processor.py:183} INFO - Processing /opt/airflow/dags/spark_pipeline_dag.py took 0.132 seconds
[2026-08-10T20:16:29.800+0000] {processor.py:161} INFO - Started process (PID=23894) to work on /opt/airflow/dags/spark_pipeline_dag.py
[2026-08-10T20:16:29.803+0000] {processor.py:830} INFO - Processing file /opt/airflow/dags/spark_pipeline_dag.py for tasks to queue
[2026-08-10T20:16:29.804+0000] {logging_mixin.py:188} INFO - [2026-08-10T20:16:29.804+0000] {dagbag.py:538} INFO - Filling up the DagBag from /opt/airflow/dags/spark_pipeline_dag.py
[2026-08-10T20:16:29.847+0000] {processor.py:840} INFO - DAG(s) 'air_quality_pipeline' retrieved from /opt/airflow/dags/spark_pipeline_dag.py
[2026-08-10T20:16:29.884+0000] {logging_mixin.py:188} INFO - [2026-08-10T20:16:29.884+0000] {dag.py:3036} INFO - Sync 1 DAGs
[2026-08-10T20:16:29.919+0000] {logging_mixin.py:188} INFO - [2026-08-10T20:16:29.919+0000] {dag.py:3823} INFO - Setting next_dagrun for air_quality_pipeline to 2026-08-10 20:05:00+00:00, run_after=2026-08-10 21:05:00+00:00
[2026-08-10T20:16:29.967+0000] {processor.py:183} INFO - Processing /opt/airflow/dags/spark_pipeline_dag.py took 0.173 seconds
[2026-08-10T20:17:00.540+0000] {processor.py:161} INFO - Started process (PID=23904) to work on /opt/airflow/dags/spark_pipeline_dag.py
[2026-08-10T20:17:00.542+0000] {processor.py:830} INFO - Processing file /opt/airflow/dags/spark_pipeline_dag.py for tasks to queue
[2026-08-10T20:17:00.543+0000] {logging_mixin.py:188} INFO - [2026-08-10T20:17:00.542+0000] {dagbag.py:538} INFO - Filling up the DagBag from /opt/airflow/dags/spark_pipeline_dag.py
[2026-08-10T20:17:00.586+0000] {processor.py:840} INFO - DAG(s) 'air_quality_pipeline' retrieved from /opt/airflow/dags/spark_pipeline_dag.py
[2026-08-10T20:17:00.623+0000] {logging_mixin.py:188} INFO - [2026-08-10T20:17:00.623+0000] {dag.py:3036} INFO - Sync 1 DAGs
[2026-08-10T20:17:00.660+0000] {logging_mixin.py:188} INFO - [2026-08-10T20:17:00.660+0000] {dag.py:3823} INFO - Setting next_dagrun for air_quality_pipeline to 2026-08-10 20:05:00+00:00, run_after=2026-08-10 21:05:00+00:00
[2026-08-10T20:17:00.697+0000] {processor.py:183} INFO - Processing /opt/airflow/dags/spark_pipeline_dag.py took 0.167 seconds
[2026-08-10T20:17:31.084+0000] {processor.py:161} INFO - Started process (PID=23914) to work on /opt/airflow/dags/spark_pipeline_dag.py
[2026-08-10T20:17:31.093+0000] {processor.py:830} INFO - Processing file /opt/airflow/dags/spark_pipeline_dag.py for tasks to queue
[2026-08-10T20:17:31.094+0000] {logging_mixin.py:188} INFO - [2026-08-10T20:17:31.094+0000] {dagbag.py:538} INFO - Filling up the DagBag from /opt/airflow/dags/spark_pipeline_dag.py
[2026-08-10T20:17:31.125+0000] {processor.py:840} INFO - DAG(s) 'air_quality_pipeline' retrieved from /opt/airflow/dags/spark_pipeline_dag.py
[2026-08-10T20:17:31.161+0000] {logging_mixin.py:188} INFO - [2026-08-10T20:17:31.161+0000] {dag.py:3036} INFO - Sync 1 DAGs
[2026-08-10T20:17:31.189+0000] {logging_mixin.py:188} INFO - [2026-08-10T20:17:31.189+0000] {dag.py:3823} INFO - Setting next_dagrun for air_quality_pipeline to 2026-08-10 20:05:00+00:00, run_after=2026-08-10 21:05:00+00:00
[2026-08-10T20:17:31.211+0000] {processor.py:183} INFO - Processing /opt/airflow/dags/spark_pipeline_dag.py took 0.130 seconds
[2026-08-10T20:18:01.649+0000] {processor.py:161} INFO - Started process (PID=23924) to work on /opt/airflow/dags/spark_pipeline_dag.py
[2026-08-10T20:18:01.651+0000] {processor.py:830} INFO - Processing file /opt/airflow/dags/spark_pipeline_dag.py for tasks to queue
[2026-08-10T20:18:01.652+0000] {logging_mixin.py:188} INFO - [2026-08-10T20:18:01.651+0000] {dagbag.py:538} INFO - Filling up the DagBag from /opt/airflow/dags/spark_pipeline_dag.py
[2026-08-10T20:18:01.683+0000] {processor.py:840} INFO - DAG(s) 'air_quality_pipeline' retrieved from /opt/airflow/dags/spark_pipeline_dag.py
[2026-08-10T20:18:01.709+0000] {logging_mixin.py:188} INFO - [2026-08-10T20:18:01.709+0000] {dag.py:3036} INFO - Sync 1 DAGs
[2026-08-10T20:18:01.737+0000] {logging_mixin.py:188} INFO - [2026-08-10T20:18:01.737+0000] {dag.py:3823} INFO - Setting next_dagrun for air_quality_pipeline to 2026-08-10 20:05:00+00:00, run_after=2026-08-10 21:05:00+00:00
[2026-08-10T20:18:01.779+0000] {processor.py:183} INFO - Processing /opt/airflow/dags/spark_pipeline_dag.py took 0.134 seconds
[2026-08-10T20:18:32.166+0000] {processor.py:161} INFO - Started process (PID=23934) to work on /opt/airflow/dags/spark_pipeline_dag.py
[2026-08-10T20:18:32.169+0000] {processor.py:830} INFO - Processing file /opt/airflow/dags/spark_pipeline_dag.py for tasks to queue
[2026-08-10T20:18:32.173+0000] {logging_mixin.py:188} INFO - [2026-08-10T20:18:32.172+0000] {dagbag.py:538} INFO - Filling up the DagBag from /opt/airflow/dags/spark_pipeline_dag.py
[2026-08-10T20:18:32.205+0000] {processor.py:840} INFO - DAG(s) 'air_quality_pipeline' retrieved from /opt/airflow/dags/spark_pipeline_dag.py
[2026-08-10T20:18:32.234+0000] {logging_mixin.py:188} INFO - [2026-08-10T20:18:32.234+0000] {dag.py:3036} INFO - Sync 1 DAGs
[2026-08-10T20:18:32.272+0000] {logging_mixin.py:188} INFO - [2026-08-10T20:18:32.272+0000] {dag.py:3823} INFO - Setting next_dagrun for air_quality_pipeline to 2026-08-10 20:05:00+00:00, run_after=2026-08-10 21:05:00+00:00
[2026-08-10T20:18:32.292+0000] {processor.py:183} INFO - Processing /opt/airflow/dags/spark_pipeline_dag.py took 0.129 seconds
[2026-08-10T20:19:02.642+0000] {processor.py:161} INFO - Started process (PID=23944) to work on /opt/airflow/dags/spark_pipeline_dag.py
[2026-08-10T20:19:02.644+0000] {processor.py:830} INFO - Processing file /opt/airflow/dags/spark_pipeline_dag.py for tasks to queue
[2026-08-10T20:19:02.645+0000] {logging_mixin.py:188} INFO - [2026-08-10T20:19:02.645+0000] {dagbag.py:538} INFO - Filling up the DagBag from /opt/airflow/dags/spark_pipeline_dag.py
[2026-08-10T20:19:02.703+0000] {processor.py:840} INFO - DAG(s) 'air_quality_pipeline' retrieved from /opt/airflow/dags/spark_pipeline_dag.py
[2026-08-10T20:19:02.745+0000] {logging_mixin.py:188} INFO - [2026-08-10T20:19:02.745+0000] {dag.py:3036} INFO - Sync 1 DAGs
[2026-08-10T20:19:02.778+0000] {logging_mixin.py:188} INFO - [2026-08-10T20:19:02.778+0000] {dag.py:3823} INFO - Setting next_dagrun for air_quality_pipeline to 2026-08-10 20:05:00+00:00, run_after=2026-08-10 21:05:00+00:00
[2026-08-10T20:19:02.801+0000] {processor.py:183} INFO - Processing /opt/airflow/dags/spark_pipeline_dag.py took 0.164 seconds
[2026-08-10T20:56:43.388+0000] {processor.py:161} INFO - Started process (PID=23956) to work on /opt/airflow/dags/spark_pipeline_dag.py
[2026-08-10T20:56:43.401+0000] {processor.py:830} INFO - Processing file /opt/airflow/dags/spark_pipeline_dag.py for tasks to queue
[2026-08-10T20:56:43.405+0000] {logging_mixin.py:188} INFO - [2026-08-10T20:56:43.404+0000] {dagbag.py:538} INFO - Filling up the DagBag from /opt/airflow/dags/spark_pipeline_dag.py
[2026-08-10T20:56:43.593+0000] {processor.py:840} INFO - DAG(s) 'air_quality_pipeline' retrieved from /opt/airflow/dags/spark_pipeline_dag.py
[2026-08-10T20:56:43.741+0000] {logging_mixin.py:188} INFO - [2026-08-10T20:56:43.741+0000] {dag.py:3036} INFO - Sync 1 DAGs
[2026-08-10T20:56:43.902+0000] {logging_mixin.py:188} INFO - [2026-08-10T20:56:43.902+0000] {dag.py:3823} INFO - Setting next_dagrun for air_quality_pipeline to 2026-08-10 20:05:00+00:00, run_after=2026-08-10 21:05:00+00:00
[2026-08-10T20:56:44.031+0000] {processor.py:183} INFO - Processing /opt/airflow/dags/spark_pipeline_dag.py took 0.692 seconds
[2026-08-10T21:13:26.357+0000] {processor.py:161} INFO - Started process (PID=23968) to work on /opt/airflow/dags/spark_pipeline_dag.py
[2026-08-10T21:13:26.399+0000] {processor.py:830} INFO - Processing file /opt/airflow/dags/spark_pipeline_dag.py for tasks to queue
[2026-08-10T21:13:26.420+0000] {logging_mixin.py:188} INFO - [2026-08-10T21:13:26.419+0000] {dagbag.py:538} INFO - Filling up the DagBag from /opt/airflow/dags/spark_pipeline_dag.py
[2026-08-10T21:13:26.777+0000] {processor.py:840} INFO - DAG(s) 'air_quality_pipeline' retrieved from /opt/airflow/dags/spark_pipeline_dag.py
[2026-08-10T21:13:26.897+0000] {logging_mixin.py:188} INFO - [2026-08-10T21:13:26.896+0000] {dag.py:3036} INFO - Sync 1 DAGs
[2026-08-10T21:13:27.038+0000] {logging_mixin.py:188} INFO - [2026-08-10T21:13:27.037+0000] {dag.py:3823} INFO - Setting next_dagrun for air_quality_pipeline to 2026-08-10 21:05:00+00:00, run_after=2026-08-10 22:05:00+00:00
[2026-08-10T21:13:27.161+0000] {processor.py:183} INFO - Processing /opt/airflow/dags/spark_pipeline_dag.py took 0.811 seconds
[2026-08-10T21:13:57.366+0000] {processor.py:161} INFO - Started process (PID=23982) to work on /opt/airflow/dags/spark_pipeline_dag.py
[2026-08-10T21:13:57.369+0000] {processor.py:830} INFO - Processing file /opt/airflow/dags/spark_pipeline_dag.py for tasks to queue
[2026-08-10T21:13:57.372+0000] {logging_mixin.py:188} INFO - [2026-08-10T21:13:57.371+0000] {dagbag.py:538} INFO - Filling up the DagBag from /opt/airflow/dags/spark_pipeline_dag.py
[2026-08-10T21:13:57.459+0000] {processor.py:840} INFO - DAG(s) 'air_quality_pipeline' retrieved from /opt/airflow/dags/spark_pipeline_dag.py
[2026-08-10T21:13:57.539+0000] {logging_mixin.py:188} INFO - [2026-08-10T21:13:57.538+0000] {dag.py:3036} INFO - Sync 1 DAGs
[2026-08-10T21:13:57.603+0000] {logging_mixin.py:188} INFO - [2026-08-10T21:13:57.603+0000] {dag.py:3823} INFO - Setting next_dagrun for air_quality_pipeline to 2026-08-10 21:05:00+00:00, run_after=2026-08-10 22:05:00+00:00
[2026-08-10T21:13:57.652+0000] {processor.py:183} INFO - Processing /opt/airflow/dags/spark_pipeline_dag.py took 0.295 seconds
[2026-08-10T21:14:28.051+0000] {processor.py:161} INFO - Started process (PID=23992) to work on /opt/airflow/dags/spark_pipeline_dag.py
[2026-08-10T21:14:28.053+0000] {processor.py:830} INFO - Processing file /opt/airflow/dags/spark_pipeline_dag.py for tasks to queue
[2026-08-10T21:14:28.055+0000] {logging_mixin.py:188} INFO - [2026-08-10T21:14:28.054+0000] {dagbag.py:538} INFO - Filling up the DagBag from /opt/airflow/dags/spark_pipeline_dag.py
[2026-08-10T21:14:28.089+0000] {processor.py:840} INFO - DAG(s) 'air_quality_pipeline' retrieved from /opt/airflow/dags/spark_pipeline_dag.py
[2026-08-10T21:14:28.118+0000] {logging_mixin.py:188} INFO - [2026-08-10T21:14:28.118+0000] {dag.py:3036} INFO - Sync 1 DAGs
[2026-08-10T21:14:28.142+0000] {logging_mixin.py:188} INFO - [2026-08-10T21:14:28.142+0000] {dag.py:3823} INFO - Setting next_dagrun for air_quality_pipeline to 2026-08-10 21:05:00+00:00, run_after=2026-08-10 22:05:00+00:00
[2026-08-10T21:14:28.161+0000] {processor.py:183} INFO - Processing /opt/airflow/dags/spark_pipeline_dag.py took 0.114 seconds
[2026-08-10T21:14:58.503+0000] {processor.py:161} INFO - Started process (PID=24002) to work on /opt/airflow/dags/spark_pipeline_dag.py
[2026-08-10T21:14:58.505+0000] {processor.py:830} INFO - Processing file /opt/airflow/dags/spark_pipeline_dag.py for tasks to queue
[2026-08-10T21:14:58.506+0000] {logging_mixin.py:188} INFO - [2026-08-10T21:14:58.506+0000] {dagbag.py:538} INFO - Filling up the DagBag from /opt/airflow/dags/spark_pipeline_dag.py
[2026-08-10T21:14:58.538+0000] {processor.py:840} INFO - DAG(s) 'air_quality_pipeline' retrieved from /opt/airflow/dags/spark_pipeline_dag.py
[2026-08-10T21:14:58.570+0000] {logging_mixin.py:188} INFO - [2026-08-10T21:14:58.570+0000] {dag.py:3036} INFO - Sync 1 DAGs
[2026-08-10T21:14:58.608+0000] {logging_mixin.py:188} INFO - [2026-08-10T21:14:58.607+0000] {dag.py:3823} INFO - Setting next_dagrun for air_quality_pipeline to 2026-08-10 21:05:00+00:00, run_after=2026-08-10 22:05:00+00:00
[2026-08-10T21:14:58.629+0000] {processor.py:183} INFO - Processing /opt/airflow/dags/spark_pipeline_dag.py took 0.130 seconds
[2026-08-10T21:15:28.966+0000] {processor.py:161} INFO - Started process (PID=24012) to work on /opt/airflow/dags/spark_pipeline_dag.py
[2026-08-10T21:15:28.967+0000] {processor.py:830} INFO - Processing file /opt/airflow/dags/spark_pipeline_dag.py for tasks to queue
[2026-08-10T21:15:28.969+0000] {logging_mixin.py:188} INFO - [2026-08-10T21:15:28.968+0000] {dagbag.py:538} INFO - Filling up the DagBag from /opt/airflow/dags/spark_pipeline_dag.py
[2026-08-10T21:15:29.001+0000] {processor.py:840} INFO - DAG(s) 'air_quality_pipeline' retrieved from /opt/airflow/dags/spark_pipeline_dag.py
[2026-08-10T21:15:29.032+0000] {logging_mixin.py:188} INFO - [2026-08-10T21:15:29.032+0000] {dag.py:3036} INFO - Sync 1 DAGs
[2026-08-10T21:15:29.066+0000] {logging_mixin.py:188} INFO - [2026-08-10T21:15:29.066+0000] {dag.py:3823} INFO - Setting next_dagrun for air_quality_pipeline to 2026-08-10 21:05:00+00:00, run_after=2026-08-10 22:05:00+00:00
[2026-08-10T21:15:29.123+0000] {processor.py:183} INFO - Processing /opt/airflow/dags/spark_pipeline_dag.py took 0.160 seconds
[2026-08-10T21:15:59.416+0000] {processor.py:161} INFO - Started process (PID=24022) to work on /opt/airflow/dags/spark_pipeline_dag.py
[2026-08-10T21:15:59.418+0000] {processor.py:830} INFO - Processing file /opt/airflow/dags/spark_pipeline_dag.py for tasks to queue
[2026-08-10T21:15:59.419+0000] {logging_mixin.py:188} INFO - [2026-08-10T21:15:59.419+0000] {dagbag.py:538} INFO - Filling up the DagBag from /opt/airflow/dags/spark_pipeline_dag.py
[2026-08-10T21:15:59.450+0000] {processor.py:840} INFO - DAG(s) 'air_quality_pipeline' retrieved from /opt/airflow/dags/spark_pipeline_dag.py
[2026-08-10T21:15:59.476+0000] {logging_mixin.py:188} INFO - [2026-08-10T21:15:59.475+0000] {dag.py:3036} INFO - Sync 1 DAGs
[2026-08-10T21:15:59.506+0000] {logging_mixin.py:188} INFO - [2026-08-10T21:15:59.506+0000] {dag.py:3823} INFO - Setting next_dagrun for air_quality_pipeline to 2026-08-10 21:05:00+00:00, run_after=2026-08-10 22:05:00+00:00
[2026-08-10T21:15:59.560+0000] {processor.py:183} INFO - Processing /opt/airflow/dags/spark_pipeline_dag.py took 0.150 seconds
[2026-08-10T21:16:29.845+0000] {processor.py:161} INFO - Started process (PID=24032) to work on /opt/airflow/dags/spark_pipeline_dag.py
[2026-08-10T21:16:29.846+0000] {processor.py:830} INFO - Processing file /opt/airflow/dags/spark_pipeline_dag.py for tasks to queue
[2026-08-10T21:16:29.847+0000] {logging_mixin.py:188} INFO - [2026-08-10T21:16:29.847+0000] {dagbag.py:538} INFO - Filling up the DagBag from /opt/airflow/dags/spark_pipeline_dag.py
[2026-08-10T21:16:29.872+0000] {processor.py:840} INFO - DAG(s) 'air_quality_pipeline' retrieved from /opt/airflow/dags/spark_pipeline_dag.py
[2026-08-10T21:16:29.914+0000] {logging_mixin.py:188} INFO - [2026-08-10T21:16:29.914+0000] {dag.py:3036} INFO - Sync 1 DAGs
[2026-08-10T21:16:29.960+0000] {logging_mixin.py:188} INFO - [2026-08-10T21:16:29.959+0000] {dag.py:3823} INFO - Setting next_dagrun for air_quality_pipeline to 2026-08-10 21:05:00+00:00, run_after=2026-08-10 22:05:00+00:00
[2026-08-10T21:16:30.015+0000] {processor.py:183} INFO - Processing /opt/airflow/dags/spark_pipeline_dag.py took 0.174 seconds
[2026-08-10T21:17:00.310+0000] {processor.py:161} INFO - Started process (PID=24042) to work on /opt/airflow/dags/spark_pipeline_dag.py
[2026-08-10T21:17:00.312+0000] {processor.py:830} INFO - Processing file /opt/airflow/dags/spark_pipeline_dag.py for tasks to queue
[2026-08-10T21:17:00.314+0000] {logging_mixin.py:188} INFO - [2026-08-10T21:17:00.313+0000] {dagbag.py:538} INFO - Filling up the DagBag from /opt/airflow/dags/spark_pipeline_dag.py
[2026-08-10T21:17:00.351+0000] {processor.py:840} INFO - DAG(s) 'air_quality_pipeline' retrieved from /opt/airflow/dags/spark_pipeline_dag.py
[2026-08-10T21:17:00.396+0000] {logging_mixin.py:188} INFO - [2026-08-10T21:17:00.395+0000] {dag.py:3036} INFO - Sync 1 DAGs
[2026-08-10T21:17:00.424+0000] {logging_mixin.py:188} INFO - [2026-08-10T21:17:00.424+0000] {dag.py:3823} INFO - Setting next_dagrun for air_quality_pipeline to 2026-08-10 21:05:00+00:00, run_after=2026-08-10 22:05:00+00:00
[2026-08-10T21:17:00.450+0000] {processor.py:183} INFO - Processing /opt/airflow/dags/spark_pipeline_dag.py took 0.145 seconds
[2026-08-10T21:17:30.731+0000] {processor.py:161} INFO - Started process (PID=24052) to work on /opt/airflow/dags/spark_pipeline_dag.py
[2026-08-10T21:17:30.734+0000] {processor.py:830} INFO - Processing file /opt/airflow/dags/spark_pipeline_dag.py for tasks to queue
[2026-08-10T21:17:30.735+0000] {logging_mixin.py:188} INFO - [2026-08-10T21:17:30.735+0000] {dagbag.py:538} INFO - Filling up the DagBag from /opt/airflow/dags/spark_pipeline_dag.py
[2026-08-10T21:17:30.774+0000] {processor.py:840} INFO - DAG(s) 'air_quality_pipeline' retrieved from /opt/airflow/dags/spark_pipeline_dag.py
[2026-08-10T21:17:30.831+0000] {logging_mixin.py:188} INFO - [2026-08-10T21:17:30.828+0000] {dag.py:3036} INFO - Sync 1 DAGs
[2026-08-10T21:17:30.886+0000] {logging_mixin.py:188} INFO - [2026-08-10T21:17:30.885+0000] {dag.py:3823} INFO - Setting next_dagrun for air_quality_pipeline to 2026-08-10 21:05:00+00:00, run_after=2026-08-10 22:05:00+00:00
[2026-08-10T21:17:30.923+0000] {processor.py:183} INFO - Processing /opt/airflow/dags/spark_pipeline_dag.py took 0.197 seconds
[2026-08-10T21:18:01.250+0000] {processor.py:161} INFO - Started process (PID=24062) to work on /opt/airflow/dags/spark_pipeline_dag.py
[2026-08-10T21:18:01.252+0000] {processor.py:830} INFO - Processing file /opt/airflow/dags/spark_pipeline_dag.py for tasks to queue
[2026-08-10T21:18:01.259+0000] {logging_mixin.py:188} INFO - [2026-08-10T21:18:01.258+0000] {dagbag.py:538} INFO - Filling up the DagBag from /opt/airflow/dags/spark_pipeline_dag.py
[2026-08-10T21:18:01.297+0000] {processor.py:840} INFO - DAG(s) 'air_quality_pipeline' retrieved from /opt/airflow/dags/spark_pipeline_dag.py
[2026-08-10T21:18:01.335+0000] {logging_mixin.py:188} INFO - [2026-08-10T21:18:01.335+0000] {dag.py:3036} INFO - Sync 1 DAGs
[2026-08-10T21:18:01.369+0000] {logging_mixin.py:188} INFO - [2026-08-10T21:18:01.368+0000] {dag.py:3823} INFO - Setting next_dagrun for air_quality_pipeline to 2026-08-10 21:05:00+00:00, run_after=2026-08-10 22:05:00+00:00
[2026-08-10T21:18:01.401+0000] {processor.py:183} INFO - Processing /opt/airflow/dags/spark_pipeline_dag.py took 0.155 seconds
[2026-08-10T21:18:31.711+0000] {processor.py:161} INFO - Started process (PID=24072) to work on /opt/airflow/dags/spark_pipeline_dag.py
[2026-08-10T21:18:31.713+0000] {processor.py:830} INFO - Processing file /opt/airflow/dags/spark_pipeline_dag.py for tasks to queue
[2026-08-10T21:18:31.716+0000] {logging_mixin.py:188} INFO - [2026-08-10T21:18:31.715+0000] {dagbag.py:538} INFO - Filling up the DagBag from /opt/airflow/dags/spark_pipeline_dag.py
[2026-08-10T21:18:31.761+0000] {processor.py:840} INFO - DAG(s) 'air_quality_pipeline' retrieved from /opt/airflow/dags/spark_pipeline_dag.py
[2026-08-10T21:18:31.792+0000] {logging_mixin.py:188} INFO - [2026-08-10T21:18:31.792+0000] {dag.py:3036} INFO - Sync 1 DAGs
[2026-08-10T21:18:31.827+0000] {logging_mixin.py:188} INFO - [2026-08-10T21:18:31.826+0000] {dag.py:3823} INFO - Setting next_dagrun for air_quality_pipeline to 2026-08-10 21:05:00+00:00, run_after=2026-08-10 22:05:00+00:00
[2026-08-10T21:18:31.862+0000] {processor.py:183} INFO - Processing /opt/airflow/dags/spark_pipeline_dag.py took 0.157 seconds
[2026-08-10T21:19:02.141+0000] {processor.py:161} INFO - Started process (PID=24082) to work on /opt/airflow/dags/spark_pipeline_dag.py
[2026-08-10T21:19:02.143+0000] {processor.py:830} INFO - Processing file /opt/airflow/dags/spark_pipeline_dag.py for tasks to queue
[2026-08-10T21:19:02.144+0000] {logging_mixin.py:188} INFO - [2026-08-10T21:19:02.143+0000] {dagbag.py:538} INFO - Filling up the DagBag from /opt/airflow/dags/spark_pipeline_dag.py
[2026-08-10T21:19:02.175+0000] {processor.py:840} INFO - DAG(s) 'air_quality_pipeline' retrieved from /opt/airflow/dags/spark_pipeline_dag.py
[2026-08-10T21:19:02.221+0000] {logging_mixin.py:188} INFO - [2026-08-10T21:19:02.220+0000] {dag.py:3036} INFO - Sync 1 DAGs
[2026-08-10T21:19:02.262+0000] {logging_mixin.py:188} INFO - [2026-08-10T21:19:02.262+0000] {dag.py:3823} INFO - Setting next_dagrun for air_quality_pipeline to 2026-08-10 21:05:00+00:00, run_after=2026-08-10 22:05:00+00:00
[2026-08-10T21:19:02.310+0000] {processor.py:183} INFO - Processing /opt/airflow/dags/spark_pipeline_dag.py took 0.172 seconds
[2026-08-10T21:19:32.579+0000] {processor.py:161} INFO - Started process (PID=24092) to work on /opt/airflow/dags/spark_pipeline_dag.py
[2026-08-10T21:19:32.580+0000] {processor.py:830} INFO - Processing file /opt/airflow/dags/spark_pipeline_dag.py for tasks to queue
[2026-08-10T21:19:32.583+0000] {logging_mixin.py:188} INFO - [2026-08-10T21:19:32.582+0000] {dagbag.py:538} INFO - Filling up the DagBag from /opt/airflow/dags/spark_pipeline_dag.py
[2026-08-10T21:19:32.643+0000] {processor.py:840} INFO - DAG(s) 'air_quality_pipeline' retrieved from /opt/airflow/dags/spark_pipeline_dag.py
[2026-08-10T21:19:32.676+0000] {logging_mixin.py:188} INFO - [2026-08-10T21:19:32.676+0000] {dag.py:3036} INFO - Sync 1 DAGs
[2026-08-10T21:19:32.722+0000] {logging_mixin.py:188} INFO - [2026-08-10T21:19:32.721+0000] {dag.py:3823} INFO - Setting next_dagrun for air_quality_pipeline to 2026-08-10 21:05:00+00:00, run_after=2026-08-10 22:05:00+00:00
[2026-08-10T21:19:32.754+0000] {processor.py:183} INFO - Processing /opt/airflow/dags/spark_pipeline_dag.py took 0.179 seconds
[2026-08-10T21:20:03.072+0000] {processor.py:161} INFO - Started process (PID=24102) to work on /opt/airflow/dags/spark_pipeline_dag.py
[2026-08-10T21:20:03.073+0000] {processor.py:830} INFO - Processing file /opt/airflow/dags/spark_pipeline_dag.py for tasks to queue
[2026-08-10T21:20:03.074+0000] {logging_mixin.py:188} INFO - [2026-08-10T21:20:03.074+0000] {dagbag.py:538} INFO - Filling up the DagBag from /opt/airflow/dags/spark_pipeline_dag.py
[2026-08-10T21:20:03.103+0000] {processor.py:840} INFO - DAG(s) 'air_quality_pipeline' retrieved from /opt/airflow/dags/spark_pipeline_dag.py
[2026-08-10T21:20:03.144+0000] {logging_mixin.py:188} INFO - [2026-08-10T21:20:03.143+0000] {dag.py:3036} INFO - Sync 1 DAGs
[2026-08-10T21:20:03.190+0000] {logging_mixin.py:188} INFO - [2026-08-10T21:20:03.190+0000] {dag.py:3823} INFO - Setting next_dagrun for air_quality_pipeline to 2026-08-10 21:05:00+00:00, run_after=2026-08-10 22:05:00+00:00
[2026-08-10T21:20:03.222+0000] {processor.py:183} INFO - Processing /opt/airflow/dags/spark_pipeline_dag.py took 0.154 seconds
[2026-08-10T21:20:33.528+0000] {processor.py:161} INFO - Started process (PID=24112) to work on /opt/airflow/dags/spark_pipeline_dag.py
[2026-08-10T21:20:33.530+0000] {processor.py:830} INFO - Processing file /opt/airflow/dags/spark_pipeline_dag.py for tasks to queue
[2026-08-10T21:20:33.531+0000] {logging_mixin.py:188} INFO - [2026-08-10T21:20:33.531+0000] {dagbag.py:538} INFO - Filling up the DagBag from /opt/airflow/dags/spark_pipeline_dag.py
[2026-08-10T21:20:33.557+0000] {processor.py:840} INFO - DAG(s) 'air_quality_pipeline' retrieved from /opt/airflow/dags/spark_pipeline_dag.py
[2026-08-10T21:20:33.585+0000] {logging_mixin.py:188} INFO - [2026-08-10T21:20:33.585+0000] {dag.py:3036} INFO - Sync 1 DAGs
[2026-08-10T21:20:33.613+0000] {logging_mixin.py:188} INFO - [2026-08-10T21:20:33.613+0000] {dag.py:3823} INFO - Setting next_dagrun for air_quality_pipeline to 2026-08-10 21:05:00+00:00, run_after=2026-08-10 22:05:00+00:00
[2026-08-10T21:20:33.665+0000] {processor.py:183} INFO - Processing /opt/airflow/dags/spark_pipeline_dag.py took 0.141 seconds
[2026-08-10T21:21:03.938+0000] {processor.py:161} INFO - Started process (PID=24122) to work on /opt/airflow/dags/spark_pipeline_dag.py
[2026-08-10T21:21:03.940+0000] {processor.py:830} INFO - Processing file /opt/airflow/dags/spark_pipeline_dag.py for tasks to queue
[2026-08-10T21:21:03.942+0000] {logging_mixin.py:188} INFO - [2026-08-10T21:21:03.941+0000] {dagbag.py:538} INFO - Filling up the DagBag from /opt/airflow/dags/spark_pipeline_dag.py
[2026-08-10T21:21:03.998+0000] {processor.py:840} INFO - DAG(s) 'air_quality_pipeline' retrieved from /opt/airflow/dags/spark_pipeline_dag.py
[2026-08-10T21:21:04.030+0000] {logging_mixin.py:188} INFO - [2026-08-10T21:21:04.029+0000] {dag.py:3036} INFO - Sync 1 DAGs
[2026-08-10T21:21:04.066+0000] {logging_mixin.py:188} INFO - [2026-08-10T21:21:04.066+0000] {dag.py:3823} INFO - Setting next_dagrun for air_quality_pipeline to 2026-08-10 21:05:00+00:00, run_after=2026-08-10 22:05:00+00:00
[2026-08-10T21:21:04.094+0000] {processor.py:183} INFO - Processing /opt/airflow/dags/spark_pipeline_dag.py took 0.163 seconds
[2026-08-10T21:21:34.390+0000] {processor.py:161} INFO - Started process (PID=24132) to work on /opt/airflow/dags/spark_pipeline_dag.py
[2026-08-10T21:21:34.392+0000] {processor.py:830} INFO - Processing file /opt/airflow/dags/spark_pipeline_dag.py for tasks to queue
[2026-08-10T21:21:34.395+0000] {logging_mixin.py:188} INFO - [2026-08-10T21:21:34.393+0000] {dagbag.py:538} INFO - Filling up the DagBag from /opt/airflow/dags/spark_pipeline_dag.py
[2026-08-10T21:21:34.422+0000] {processor.py:840} INFO - DAG(s) 'air_quality_pipeline' retrieved from /opt/airflow/dags/spark_pipeline_dag.py
[2026-08-10T21:21:34.457+0000] {logging_mixin.py:188} INFO - [2026-08-10T21:21:34.457+0000] {dag.py:3036} INFO - Sync 1 DAGs
[2026-08-10T21:21:34.491+0000] {logging_mixin.py:188} INFO - [2026-08-10T21:21:34.491+0000] {dag.py:3823} INFO - Setting next_dagrun for air_quality_pipeline to 2026-08-10 21:05:00+00:00, run_after=2026-08-10 22:05:00+00:00
[2026-08-10T21:21:34.522+0000] {processor.py:183} INFO - Processing /opt/airflow/dags/spark_pipeline_dag.py took 0.137 seconds
[2026-08-10T21:22:04.854+0000] {processor.py:161} INFO - Started process (PID=24142) to work on /opt/airflow/dags/spark_pipeline_dag.py
[2026-08-10T21:22:04.856+0000] {processor.py:830} INFO - Processing file /opt/airflow/dags/spark_pipeline_dag.py for tasks to queue
[2026-08-10T21:22:04.858+0000] {logging_mixin.py:188} INFO - [2026-08-10T21:22:04.858+0000] {dagbag.py:538} INFO - Filling up the DagBag from /opt/airflow/dags/spark_pipeline_dag.py
[2026-08-10T21:22:04.892+0000] {processor.py:840} INFO - DAG(s) 'air_quality_pipeline' retrieved from /opt/airflow/dags/spark_pipeline_dag.py
[2026-08-10T21:22:04.925+0000] {logging_mixin.py:188} INFO - [2026-08-10T21:22:04.925+0000] {dag.py:3036} INFO - Sync 1 DAGs
[2026-08-10T21:22:04.955+0000] {logging_mixin.py:188} INFO - [2026-08-10T21:22:04.955+0000] {dag.py:3823} INFO - Setting next_dagrun for air_quality_pipeline to 2026-08-10 21:05:00+00:00, run_after=2026-08-10 22:05:00+00:00
[2026-08-10T21:22:04.975+0000] {processor.py:183} INFO - Processing /opt/airflow/dags/spark_pipeline_dag.py took 0.125 seconds
[2026-08-10T21:22:35.258+0000] {processor.py:161} INFO - Started process (PID=24152) to work on /opt/airflow/dags/spark_pipeline_dag.py
[2026-08-10T21:22:35.260+0000] {processor.py:830} INFO - Processing file /opt/airflow/dags/spark_pipeline_dag.py for tasks to queue
[2026-08-10T21:22:35.261+0000] {logging_mixin.py:188} INFO - [2026-08-10T21:22:35.261+0000] {dagbag.py:538} INFO - Filling up the DagBag from /opt/airflow/dags/spark_pipeline_dag.py
[2026-08-10T21:22:35.288+0000] {processor.py:840} INFO - DAG(s) 'air_quality_pipeline' retrieved from /opt/airflow/dags/spark_pipeline_dag.py
[2026-08-10T21:22:35.319+0000] {logging_mixin.py:188} INFO - [2026-08-10T21:22:35.319+0000] {dag.py:3036} INFO - Sync 1 DAGs
[2026-08-10T21:22:35.358+0000] {logging_mixin.py:188} INFO - [2026-08-10T21:22:35.358+0000] {dag.py:3823} INFO - Setting next_dagrun for air_quality_pipeline to 2026-08-10 21:05:00+00:00, run_after=2026-08-10 22:05:00+00:00
[2026-08-10T21:22:35.396+0000] {processor.py:183} INFO - Processing /opt/airflow/dags/spark_pipeline_dag.py took 0.140 seconds
[2026-08-10T21:23:05.664+0000] {processor.py:161} INFO - Started process (PID=24162) to work on /opt/airflow/dags/spark_pipeline_dag.py
[2026-08-10T21:23:05.666+0000] {processor.py:830} INFO - Processing file /opt/airflow/dags/spark_pipeline_dag.py for tasks to queue
[2026-08-10T21:23:05.667+0000] {logging_mixin.py:188} INFO - [2026-08-10T21:23:05.667+0000] {dagbag.py:538} INFO - Filling up the DagBag from /opt/airflow/dags/spark_pipeline_dag.py
[2026-08-10T21:23:05.695+0000] {processor.py:840} INFO - DAG(s) 'air_quality_pipeline' retrieved from /opt/airflow/dags/spark_pipeline_dag.py
[2026-08-10T21:23:05.723+0000] {logging_mixin.py:188} INFO - [2026-08-10T21:23:05.723+0000] {dag.py:3036} INFO - Sync 1 DAGs
[2026-08-10T21:23:05.746+0000] {logging_mixin.py:188} INFO - [2026-08-10T21:23:05.746+0000] {dag.py:3823} INFO - Setting next_dagrun for air_quality_pipeline to 2026-08-10 21:05:00+00:00, run_after=2026-08-10 22:05:00+00:00
[2026-08-10T21:23:05.791+0000] {processor.py:183} INFO - Processing /opt/airflow/dags/spark_pipeline_dag.py took 0.130 seconds
[2026-08-10T21:23:36.187+0000] {processor.py:161} INFO - Started process (PID=24172) to work on /opt/airflow/dags/spark_pipeline_dag.py
[2026-08-10T21:23:36.188+0000] {processor.py:830} INFO - Processing file /opt/airflow/dags/spark_pipeline_dag.py for tasks to queue
[2026-08-10T21:23:36.190+0000] {logging_mixin.py:188} INFO - [2026-08-10T21:23:36.189+0000] {dagbag.py:538} INFO - Filling up the DagBag from /opt/airflow/dags/spark_pipeline_dag.py
[2026-08-10T21:23:36.225+0000] {processor.py:840} INFO - DAG(s) 'air_quality_pipeline' retrieved from /opt/airflow/dags/spark_pipeline_dag.py
[2026-08-10T21:23:36.269+0000] {logging_mixin.py:188} INFO - [2026-08-10T21:23:36.269+0000] {dag.py:3036} INFO - Sync 1 DAGs
[2026-08-10T21:23:36.314+0000] {logging_mixin.py:188} INFO - [2026-08-10T21:23:36.314+0000] {dag.py:3823} INFO - Setting next_dagrun for air_quality_pipeline to 2026-08-10 21:05:00+00:00, run_after=2026-08-10 22:05:00+00:00
[2026-08-10T21:23:36.346+0000] {processor.py:183} INFO - Processing /opt/airflow/dags/spark_pipeline_dag.py took 0.162 seconds
[2026-08-10T21:24:06.649+0000] {processor.py:161} INFO - Started process (PID=24182) to work on /opt/airflow/dags/spark_pipeline_dag.py
[2026-08-10T21:24:06.651+0000] {processor.py:830} INFO - Processing file /opt/airflow/dags/spark_pipeline_dag.py for tasks to queue
[2026-08-10T21:24:06.652+0000] {logging_mixin.py:188} INFO - [2026-08-10T21:24:06.651+0000] {dagbag.py:538} INFO - Filling up the DagBag from /opt/airflow/dags/spark_pipeline_dag.py
[2026-08-10T21:24:06.686+0000] {processor.py:840} INFO - DAG(s) 'air_quality_pipeline' retrieved from /opt/airflow/dags/spark_pipeline_dag.py
[2026-08-10T21:24:06.714+0000] {logging_mixin.py:188} INFO - [2026-08-10T21:24:06.714+0000] {dag.py:3036} INFO - Sync 1 DAGs
[2026-08-10T21:24:06.745+0000] {logging_mixin.py:188} INFO - [2026-08-10T21:24:06.744+0000] {dag.py:3823} INFO - Setting next_dagrun for air_quality_pipeline to 2026-08-10 21:05:00+00:00, run_after=2026-08-10 22:05:00+00:00
[2026-08-10T21:24:06.774+0000] {processor.py:183} INFO - Processing /opt/airflow/dags/spark_pipeline_dag.py took 0.129 seconds
[2026-08-10T21:24:37.087+0000] {processor.py:161} INFO - Started process (PID=24192) to work on /opt/airflow/dags/spark_pipeline_dag.py
[2026-08-10T21:24:37.089+0000] {processor.py:830} INFO - Processing file /opt/airflow/dags/spark_pipeline_dag.py for tasks to queue
[2026-08-10T21:24:37.090+0000] {logging_mixin.py:188} INFO - [2026-08-10T21:24:37.090+0000] {dagbag.py:538} INFO - Filling up the DagBag from /opt/airflow/dags/spark_pipeline_dag.py
[2026-08-10T21:24:37.131+0000] {processor.py:840} INFO - DAG(s) 'air_quality_pipeline' retrieved from /opt/airflow/dags/spark_pipeline_dag.py
[2026-08-10T21:24:37.154+0000] {logging_mixin.py:188} INFO - [2026-08-10T21:24:37.154+0000] {dag.py:3036} INFO - Sync 1 DAGs
[2026-08-10T21:24:37.181+0000] {logging_mixin.py:188} INFO - [2026-08-10T21:24:37.181+0000] {dag.py:3823} INFO - Setting next_dagrun for air_quality_pipeline to 2026-08-10 21:05:00+00:00, run_after=2026-08-10 22:05:00+00:00
[2026-08-10T21:24:37.209+0000] {processor.py:183} INFO - Processing /opt/airflow/dags/spark_pipeline_dag.py took 0.125 seconds
[2026-08-10T21:25:07.455+0000] {processor.py:161} INFO - Started process (PID=24202) to work on /opt/airflow/dags/spark_pipeline_dag.py
[2026-08-10T21:25:07.457+0000] {processor.py:830} INFO - Processing file /opt/airflow/dags/spark_pipeline_dag.py for tasks to queue
[2026-08-10T21:25:07.459+0000] {logging_mixin.py:188} INFO - [2026-08-10T21:25:07.458+0000] {dagbag.py:538} INFO - Filling up the DagBag from /opt/airflow/dags/spark_pipeline_dag.py
[2026-08-10T21:25:07.491+0000] {processor.py:840} INFO - DAG(s) 'air_quality_pipeline' retrieved from /opt/airflow/dags/spark_pipeline_dag.py
[2026-08-10T21:25:07.526+0000] {logging_mixin.py:188} INFO - [2026-08-10T21:25:07.525+0000] {dag.py:3036} INFO - Sync 1 DAGs
[2026-08-10T21:25:07.576+0000] {logging_mixin.py:188} INFO - [2026-08-10T21:25:07.576+0000] {dag.py:3823} INFO - Setting next_dagrun for air_quality_pipeline to 2026-08-10 21:05:00+00:00, run_after=2026-08-10 22:05:00+00:00
[2026-08-10T21:25:07.607+0000] {processor.py:183} INFO - Processing /opt/airflow/dags/spark_pipeline_dag.py took 0.156 seconds
[2026-08-10T21:25:37.895+0000] {processor.py:161} INFO - Started process (PID=24212) to work on /opt/airflow/dags/spark_pipeline_dag.py
[2026-08-10T21:25:37.896+0000] {processor.py:830} INFO - Processing file /opt/airflow/dags/spark_pipeline_dag.py for tasks to queue
[2026-08-10T21:25:37.898+0000] {logging_mixin.py:188} INFO - [2026-08-10T21:25:37.897+0000] {dagbag.py:538} INFO - Filling up the DagBag from /opt/airflow/dags/spark_pipeline_dag.py
[2026-08-10T21:25:37.924+0000] {processor.py:840} INFO - DAG(s) 'air_quality_pipeline' retrieved from /opt/airflow/dags/spark_pipeline_dag.py
[2026-08-10T21:25:37.950+0000] {logging_mixin.py:188} INFO - [2026-08-10T21:25:37.949+0000] {dag.py:3036} INFO - Sync 1 DAGs
[2026-08-10T21:25:37.972+0000] {logging_mixin.py:188} INFO - [2026-08-10T21:25:37.972+0000] {dag.py:3823} INFO - Setting next_dagrun for air_quality_pipeline to 2026-08-10 21:05:00+00:00, run_after=2026-08-10 22:05:00+00:00
[2026-08-10T21:25:38.022+0000] {processor.py:183} INFO - Processing /opt/airflow/dags/spark_pipeline_dag.py took 0.131 seconds
[2026-08-10T21:26:08.307+0000] {processor.py:161} INFO - Started process (PID=24222) to work on /opt/airflow/dags/spark_pipeline_dag.py
[2026-08-10T21:26:08.309+0000] {processor.py:830} INFO - Processing file /opt/airflow/dags/spark_pipeline_dag.py for tasks to queue
[2026-08-10T21:26:08.311+0000] {logging_mixin.py:188} INFO - [2026-08-10T21:26:08.310+0000] {dagbag.py:538} INFO - Filling up the DagBag from /opt/airflow/dags/spark_pipeline_dag.py
[2026-08-10T21:26:08.349+0000] {processor.py:840} INFO - DAG(s) 'air_quality_pipeline' retrieved from /opt/airflow/dags/spark_pipeline_dag.py
[2026-08-10T21:26:08.381+0000] {logging_mixin.py:188} INFO - [2026-08-10T21:26:08.380+0000] {dag.py:3036} INFO - Sync 1 DAGs
[2026-08-10T21:26:08.412+0000] {logging_mixin.py:188} INFO - [2026-08-10T21:26:08.412+0000] {dag.py:3823} INFO - Setting next_dagrun for air_quality_pipeline to 2026-08-10 21:05:00+00:00, run_after=2026-08-10 22:05:00+00:00
[2026-08-10T21:26:08.433+0000] {processor.py:183} INFO - Processing /opt/airflow/dags/spark_pipeline_dag.py took 0.131 seconds
[2026-08-10T21:26:38.718+0000] {processor.py:161} INFO - Started process (PID=24232) to work on /opt/airflow/dags/spark_pipeline_dag.py
[2026-08-10T21:26:38.719+0000] {processor.py:830} INFO - Processing file /opt/airflow/dags/spark_pipeline_dag.py for tasks to queue
[2026-08-10T21:26:38.720+0000] {logging_mixin.py:188} INFO - [2026-08-10T21:26:38.720+0000] {dagbag.py:538} INFO - Filling up the DagBag from /opt/airflow/dags/spark_pipeline_dag.py
[2026-08-10T21:26:38.745+0000] {processor.py:840} INFO - DAG(s) 'air_quality_pipeline' retrieved from /opt/airflow/dags/spark_pipeline_dag.py
[2026-08-10T21:26:38.776+0000] {logging_mixin.py:188} INFO - [2026-08-10T21:26:38.775+0000] {dag.py:3036} INFO - Sync 1 DAGs
[2026-08-10T21:26:38.800+0000] {logging_mixin.py:188} INFO - [2026-08-10T21:26:38.800+0000] {dag.py:3823} INFO - Setting next_dagrun for air_quality_pipeline to 2026-08-10 21:05:00+00:00, run_after=2026-08-10 22:05:00+00:00
[2026-08-10T21:26:38.850+0000] {processor.py:183} INFO - Processing /opt/airflow/dags/spark_pipeline_dag.py took 0.135 seconds
[2026-08-10T21:27:09.120+0000] {processor.py:161} INFO - Started process (PID=24242) to work on /opt/airflow/dags/spark_pipeline_dag.py
[2026-08-10T21:27:09.123+0000] {processor.py:830} INFO - Processing file /opt/airflow/dags/spark_pipeline_dag.py for tasks to queue
[2026-08-10T21:27:09.125+0000] {logging_mixin.py:188} INFO - [2026-08-10T21:27:09.124+0000] {dagbag.py:538} INFO - Filling up the DagBag from /opt/airflow/dags/spark_pipeline_dag.py
[2026-08-10T21:27:09.172+0000] {processor.py:840} INFO - DAG(s) 'air_quality_pipeline' retrieved from /opt/airflow/dags/spark_pipeline_dag.py
[2026-08-10T21:27:09.221+0000] {logging_mixin.py:188} INFO - [2026-08-10T21:27:09.221+0000] {dag.py:3036} INFO - Sync 1 DAGs
[2026-08-10T21:27:09.279+0000] {logging_mixin.py:188} INFO - [2026-08-10T21:27:09.279+0000] {dag.py:3823} INFO - Setting next_dagrun for air_quality_pipeline to 2026-08-10 21:05:00+00:00, run_after=2026-08-10 22:05:00+00:00
[2026-08-10T21:27:09.344+0000] {processor.py:183} INFO - Processing /opt/airflow/dags/spark_pipeline_dag.py took 0.229 seconds
[2026-08-10T21:27:39.627+0000] {processor.py:161} INFO - Started process (PID=24252) to work on /opt/airflow/dags/spark_pipeline_dag.py
[2026-08-10T21:27:39.629+0000] {processor.py:830} INFO - Processing file /opt/airflow/dags/spark_pipeline_dag.py for tasks to queue
[2026-08-10T21:27:39.630+0000] {logging_mixin.py:188} INFO - [2026-08-10T21:27:39.630+0000] {dagbag.py:538} INFO - Filling up the DagBag from /opt/airflow/dags/spark_pipeline_dag.py
[2026-08-10T21:27:39.661+0000] {processor.py:840} INFO - DAG(s) 'air_quality_pipeline' retrieved from /opt/airflow/dags/spark_pipeline_dag.py
[2026-08-10T21:27:39.686+0000] {logging_mixin.py:188} INFO - [2026-08-10T21:27:39.685+0000] {dag.py:3036} INFO - Sync 1 DAGs
[2026-08-10T21:27:39.709+0000] {logging_mixin.py:188} INFO - [2026-08-10T21:27:39.709+0000] {dag.py:3823} INFO - Setting next_dagrun for air_quality_pipeline to 2026-08-10 21:05:00+00:00, run_after=2026-08-10 22:05:00+00:00
[2026-08-10T21:27:39.734+0000] {processor.py:183} INFO - Processing /opt/airflow/dags/spark_pipeline_dag.py took 0.112 seconds
[2026-08-10T21:28:10.015+0000] {processor.py:161} INFO - Started process (PID=24262) to work on /opt/airflow/dags/spark_pipeline_dag.py
[2026-08-10T21:28:10.017+0000] {processor.py:830} INFO - Processing file /opt/airflow/dags/spark_pipeline_dag.py for tasks to queue
[2026-08-10T21:28:10.020+0000] {logging_mixin.py:188} INFO - [2026-08-10T21:28:10.018+0000] {dagbag.py:538} INFO - Filling up the DagBag from /opt/airflow/dags/spark_pipeline_dag.py
[2026-08-10T21:28:10.050+0000] {processor.py:840} INFO - DAG(s) 'air_quality_pipeline' retrieved from /opt/airflow/dags/spark_pipeline_dag.py
[2026-08-10T21:28:10.078+0000] {logging_mixin.py:188} INFO - [2026-08-10T21:28:10.077+0000] {dag.py:3036} INFO - Sync 1 DAGs
[2026-08-10T21:28:10.103+0000] {logging_mixin.py:188} INFO - [2026-08-10T21:28:10.103+0000] {dag.py:3823} INFO - Setting next_dagrun for air_quality_pipeline to 2026-08-10 21:05:00+00:00, run_after=2026-08-10 22:05:00+00:00
[2026-08-10T21:28:10.146+0000] {processor.py:183} INFO - Processing /opt/airflow/dags/spark_pipeline_dag.py took 0.135 seconds
[2026-08-10T21:28:40.472+0000] {processor.py:161} INFO - Started process (PID=24272) to work on /opt/airflow/dags/spark_pipeline_dag.py
[2026-08-10T21:28:40.473+0000] {processor.py:830} INFO - Processing file /opt/airflow/dags/spark_pipeline_dag.py for tasks to queue
[2026-08-10T21:28:40.475+0000] {logging_mixin.py:188} INFO - [2026-08-10T21:28:40.475+0000] {dagbag.py:538} INFO - Filling up the DagBag from /opt/airflow/dags/spark_pipeline_dag.py
[2026-08-10T21:28:40.520+0000] {processor.py:840} INFO - DAG(s) 'air_quality_pipeline' retrieved from /opt/airflow/dags/spark_pipeline_dag.py
[2026-08-10T21:28:40.561+0000] {logging_mixin.py:188} INFO - [2026-08-10T21:28:40.560+0000] {dag.py:3036} INFO - Sync 1 DAGs
[2026-08-10T21:28:40.613+0000] {logging_mixin.py:188} INFO - [2026-08-10T21:28:40.613+0000] {dag.py:3823} INFO - Setting next_dagrun for air_quality_pipeline to 2026-08-10 21:05:00+00:00, run_after=2026-08-10 22:05:00+00:00
[2026-08-10T21:28:40.646+0000] {processor.py:183} INFO - Processing /opt/airflow/dags/spark_pipeline_dag.py took 0.179 seconds
[2026-08-10T21:29:10.939+0000] {processor.py:161} INFO - Started process (PID=24282) to work on /opt/airflow/dags/spark_pipeline_dag.py
[2026-08-10T21:29:10.940+0000] {processor.py:830} INFO - Processing file /opt/airflow/dags/spark_pipeline_dag.py for tasks to queue
[2026-08-10T21:29:10.941+0000] {logging_mixin.py:188} INFO - [2026-08-10T21:29:10.941+0000] {dagbag.py:538} INFO - Filling up the DagBag from /opt/airflow/dags/spark_pipeline_dag.py
[2026-08-10T21:29:10.962+0000] {processor.py:840} INFO - DAG(s) 'air_quality_pipeline' retrieved from /opt/airflow/dags/spark_pipeline_dag.py
[2026-08-10T21:29:10.990+0000] {logging_mixin.py:188} INFO - [2026-08-10T21:29:10.990+0000] {dag.py:3036} INFO - Sync 1 DAGs
[2026-08-10T21:29:11.018+0000] {logging_mixin.py:188} INFO - [2026-08-10T21:29:11.018+0000] {dag.py:3823} INFO - Setting next_dagrun for air_quality_pipeline to 2026-08-10 21:05:00+00:00, run_after=2026-08-10 22:05:00+00:00
[2026-08-10T21:29:11.061+0000] {processor.py:183} INFO - Processing /opt/airflow/dags/spark_pipeline_dag.py took 0.127 seconds
[2026-08-10T21:29:41.415+0000] {processor.py:161} INFO - Started process (PID=24292) to work on /opt/airflow/dags/spark_pipeline_dag.py
[2026-08-10T21:29:41.417+0000] {processor.py:830} INFO - Processing file /opt/airflow/dags/spark_pipeline_dag.py for tasks to queue
[2026-08-10T21:29:41.418+0000] {logging_mixin.py:188} INFO - [2026-08-10T21:29:41.418+0000] {dagbag.py:538} INFO - Filling up the DagBag from /opt/airflow/dags/spark_pipeline_dag.py
[2026-08-10T21:29:41.457+0000] {processor.py:840} INFO - DAG(s) 'air_quality_pipeline' retrieved from /opt/airflow/dags/spark_pipeline_dag.py
[2026-08-10T21:29:41.491+0000] {logging_mixin.py:188} INFO - [2026-08-10T21:29:41.491+0000] {dag.py:3036} INFO - Sync 1 DAGs
[2026-08-10T21:29:41.535+0000] {logging_mixin.py:188} INFO - [2026-08-10T21:29:41.535+0000] {dag.py:3823} INFO - Setting next_dagrun for air_quality_pipeline to 2026-08-10 21:05:00+00:00, run_after=2026-08-10 22:05:00+00:00
[2026-08-10T21:29:41.587+0000] {processor.py:183} INFO - Processing /opt/airflow/dags/spark_pipeline_dag.py took 0.176 seconds
[2026-08-10T21:30:11.859+0000] {processor.py:161} INFO - Started process (PID=24302) to work on /opt/airflow/dags/spark_pipeline_dag.py
[2026-08-10T21:30:11.861+0000] {processor.py:830} INFO - Processing file /opt/airflow/dags/spark_pipeline_dag.py for tasks to queue
[2026-08-10T21:30:11.863+0000] {logging_mixin.py:188} INFO - [2026-08-10T21:30:11.862+0000] {dagbag.py:538} INFO - Filling up the DagBag from /opt/airflow/dags/spark_pipeline_dag.py
[2026-08-10T21:30:11.913+0000] {processor.py:840} INFO - DAG(s) 'air_quality_pipeline' retrieved from /opt/airflow/dags/spark_pipeline_dag.py
[2026-08-10T21:30:11.949+0000] {logging_mixin.py:188} INFO - [2026-08-10T21:30:11.949+0000] {dag.py:3036} INFO - Sync 1 DAGs
[2026-08-10T21:30:11.984+0000] {logging_mixin.py:188} INFO - [2026-08-10T21:30:11.984+0000] {dag.py:3823} INFO - Setting next_dagrun for air_quality_pipeline to 2026-08-10 21:05:00+00:00, run_after=2026-08-10 22:05:00+00:00
[2026-08-10T21:30:12.014+0000] {processor.py:183} INFO - Processing /opt/airflow/dags/spark_pipeline_dag.py took 0.159 seconds
[2026-08-10T21:30:42.292+0000] {processor.py:161} INFO - Started process (PID=24312) to work on /opt/airflow/dags/spark_pipeline_dag.py
[2026-08-10T21:30:42.293+0000] {processor.py:830} INFO - Processing file /opt/airflow/dags/spark_pipeline_dag.py for tasks to queue
[2026-08-10T21:30:42.296+0000] {logging_mixin.py:188} INFO - [2026-08-10T21:30:42.295+0000] {dagbag.py:538} INFO - Filling up the DagBag from /opt/airflow/dags/spark_pipeline_dag.py
[2026-08-10T21:30:42.339+0000] {processor.py:840} INFO - DAG(s) 'air_quality_pipeline' retrieved from /opt/airflow/dags/spark_pipeline_dag.py
[2026-08-10T21:30:42.390+0000] {logging_mixin.py:188} INFO - [2026-08-10T21:30:42.389+0000] {dag.py:3036} INFO - Sync 1 DAGs
[2026-08-10T21:30:42.436+0000] {logging_mixin.py:188} INFO - [2026-08-10T21:30:42.436+0000] {dag.py:3823} INFO - Setting next_dagrun for air_quality_pipeline to 2026-08-10 21:05:00+00:00, run_after=2026-08-10 22:05:00+00:00
[2026-08-10T21:30:42.469+0000] {processor.py:183} INFO - Processing /opt/airflow/dags/spark_pipeline_dag.py took 0.181 seconds
[2026-08-10T21:31:12.778+0000] {processor.py:161} INFO - Started process (PID=24322) to work on /opt/airflow/dags/spark_pipeline_dag.py
[2026-08-10T21:31:12.779+0000] {processor.py:830} INFO - Processing file /opt/airflow/dags/spark_pipeline_dag.py for tasks to queue
[2026-08-10T21:31:12.780+0000] {logging_mixin.py:188} INFO - [2026-08-10T21:31:12.780+0000] {dagbag.py:538} INFO - Filling up the DagBag from /opt/airflow/dags/spark_pipeline_dag.py
[2026-08-10T21:31:12.808+0000] {processor.py:840} INFO - DAG(s) 'air_quality_pipeline' retrieved from /opt/airflow/dags/spark_pipeline_dag.py
[2026-08-10T21:31:12.836+0000] {logging_mixin.py:188} INFO - [2026-08-10T21:31:12.836+0000] {dag.py:3036} INFO - Sync 1 DAGs
[2026-08-10T21:31:12.866+0000] {logging_mixin.py:188} INFO - [2026-08-10T21:31:12.865+0000] {dag.py:3823} INFO - Setting next_dagrun for air_quality_pipeline to 2026-08-10 21:05:00+00:00, run_after=2026-08-10 22:05:00+00:00
[2026-08-10T21:31:12.905+0000] {processor.py:183} INFO - Processing /opt/airflow/dags/spark_pipeline_dag.py took 0.130 seconds
[2026-08-10T21:31:43.184+0000] {processor.py:161} INFO - Started process (PID=24332) to work on /opt/airflow/dags/spark_pipeline_dag.py
[2026-08-10T21:31:43.186+0000] {processor.py:830} INFO - Processing file /opt/airflow/dags/spark_pipeline_dag.py for tasks to queue
[2026-08-10T21:31:43.187+0000] {logging_mixin.py:188} INFO - [2026-08-10T21:31:43.186+0000] {dagbag.py:538} INFO - Filling up the DagBag from /opt/airflow/dags/spark_pipeline_dag.py
[2026-08-10T21:31:43.214+0000] {processor.py:840} INFO - DAG(s) 'air_quality_pipeline' retrieved from /opt/airflow/dags/spark_pipeline_dag.py
[2026-08-10T21:31:43.240+0000] {logging_mixin.py:188} INFO - [2026-08-10T21:31:43.240+0000] {dag.py:3036} INFO - Sync 1 DAGs
[2026-08-10T21:31:43.267+0000] {logging_mixin.py:188} INFO - [2026-08-10T21:31:43.266+0000] {dag.py:3823} INFO - Setting next_dagrun for air_quality_pipeline to 2026-08-10 21:05:00+00:00, run_after=2026-08-10 22:05:00+00:00
[2026-08-10T21:31:43.295+0000] {processor.py:183} INFO - Processing /opt/airflow/dags/spark_pipeline_dag.py took 0.115 seconds
[2026-08-10T21:32:13.623+0000] {processor.py:161} INFO - Started process (PID=24342) to work on /opt/airflow/dags/spark_pipeline_dag.py
[2026-08-10T21:32:13.624+0000] {processor.py:830} INFO - Processing file /opt/airflow/dags/spark_pipeline_dag.py for tasks to queue
[2026-08-10T21:32:13.625+0000] {logging_mixin.py:188} INFO - [2026-08-10T21:32:13.625+0000] {dagbag.py:538} INFO - Filling up the DagBag from /opt/airflow/dags/spark_pipeline_dag.py
[2026-08-10T21:32:13.651+0000] {processor.py:840} INFO - DAG(s) 'air_quality_pipeline' retrieved from /opt/airflow/dags/spark_pipeline_dag.py
[2026-08-10T21:32:13.681+0000] {logging_mixin.py:188} INFO - [2026-08-10T21:32:13.680+0000] {dag.py:3036} INFO - Sync 1 DAGs
[2026-08-10T21:32:13.703+0000] {logging_mixin.py:188} INFO - [2026-08-10T21:32:13.703+0000] {dag.py:3823} INFO - Setting next_dagrun for air_quality_pipeline to 2026-08-10 21:05:00+00:00, run_after=2026-08-10 22:05:00+00:00
[2026-08-10T21:32:13.732+0000] {processor.py:183} INFO - Processing /opt/airflow/dags/spark_pipeline_dag.py took 0.112 seconds
[2026-08-10T21:32:43.991+0000] {processor.py:161} INFO - Started process (PID=24352) to work on /opt/airflow/dags/spark_pipeline_dag.py
[2026-08-10T21:32:43.992+0000] {processor.py:830} INFO - Processing file /opt/airflow/dags/spark_pipeline_dag.py for tasks to queue
[2026-08-10T21:32:43.993+0000] {logging_mixin.py:188} INFO - [2026-08-10T21:32:43.993+0000] {dagbag.py:538} INFO - Filling up the DagBag from /opt/airflow/dags/spark_pipeline_dag.py
[2026-08-10T21:32:44.022+0000] {processor.py:840} INFO - DAG(s) 'air_quality_pipeline' retrieved from /opt/airflow/dags/spark_pipeline_dag.py
[2026-08-10T21:32:44.051+0000] {logging_mixin.py:188} INFO - [2026-08-10T21:32:44.051+0000] {dag.py:3036} INFO - Sync 1 DAGs
[2026-08-10T21:32:44.081+0000] {logging_mixin.py:188} INFO - [2026-08-10T21:32:44.081+0000] {dag.py:3823} INFO - Setting next_dagrun for air_quality_pipeline to 2026-08-10 21:05:00+00:00, run_after=2026-08-10 22:05:00+00:00
[2026-08-10T21:32:44.126+0000] {processor.py:183} INFO - Processing /opt/airflow/dags/spark_pipeline_dag.py took 0.140 seconds
[2026-08-10T21:33:14.447+0000] {processor.py:161} INFO - Started process (PID=24362) to work on /opt/airflow/dags/spark_pipeline_dag.py
[2026-08-10T21:33:14.448+0000] {processor.py:830} INFO - Processing file /opt/airflow/dags/spark_pipeline_dag.py for tasks to queue
[2026-08-10T21:33:14.449+0000] {logging_mixin.py:188} INFO - [2026-08-10T21:33:14.449+0000] {dagbag.py:538} INFO - Filling up the DagBag from /opt/airflow/dags/spark_pipeline_dag.py
[2026-08-10T21:33:14.476+0000] {processor.py:840} INFO - DAG(s) 'air_quality_pipeline' retrieved from /opt/airflow/dags/spark_pipeline_dag.py
[2026-08-10T21:33:14.510+0000] {logging_mixin.py:188} INFO - [2026-08-10T21:33:14.509+0000] {dag.py:3036} INFO - Sync 1 DAGs
[2026-08-10T21:33:14.550+0000] {logging_mixin.py:188} INFO - [2026-08-10T21:33:14.550+0000] {dag.py:3823} INFO - Setting next_dagrun for air_quality_pipeline to 2026-08-10 21:05:00+00:00, run_after=2026-08-10 22:05:00+00:00
[2026-08-10T21:33:14.575+0000] {processor.py:183} INFO - Processing /opt/airflow/dags/spark_pipeline_dag.py took 0.132 seconds
[2026-08-10T21:33:44.992+0000] {processor.py:161} INFO - Started process (PID=24372) to work on /opt/airflow/dags/spark_pipeline_dag.py
[2026-08-10T21:33:44.995+0000] {processor.py:830} INFO - Processing file /opt/airflow/dags/spark_pipeline_dag.py for tasks to queue
[2026-08-10T21:33:44.997+0000] {logging_mixin.py:188} INFO - [2026-08-10T21:33:44.996+0000] {dagbag.py:538} INFO - Filling up the DagBag from /opt/airflow/dags/spark_pipeline_dag.py
[2026-08-10T21:33:45.045+0000] {processor.py:840} INFO - DAG(s) 'air_quality_pipeline' retrieved from /opt/airflow/dags/spark_pipeline_dag.py
[2026-08-10T21:33:45.088+0000] {logging_mixin.py:188} INFO - [2026-08-10T21:33:45.087+0000] {dag.py:3036} INFO - Sync 1 DAGs
[2026-08-10T21:33:45.120+0000] {logging_mixin.py:188} INFO - [2026-08-10T21:33:45.120+0000] {dag.py:3823} INFO - Setting next_dagrun for air_quality_pipeline to 2026-08-10 21:05:00+00:00, run_after=2026-08-10 22:05:00+00:00
[2026-08-10T21:33:45.158+0000] {processor.py:183} INFO - Processing /opt/airflow/dags/spark_pipeline_dag.py took 0.170 seconds
[2026-08-10T21:34:15.476+0000] {processor.py:161} INFO - Started process (PID=24382) to work on /opt/airflow/dags/spark_pipeline_dag.py
[2026-08-10T21:34:15.477+0000] {processor.py:830} INFO - Processing file /opt/airflow/dags/spark_pipeline_dag.py for tasks to queue
[2026-08-10T21:34:15.479+0000] {logging_mixin.py:188} INFO - [2026-08-10T21:34:15.478+0000] {dagbag.py:538} INFO - Filling up the DagBag from /opt/airflow/dags/spark_pipeline_dag.py
[2026-08-10T21:34:15.512+0000] {processor.py:840} INFO - DAG(s) 'air_quality_pipeline' retrieved from /opt/airflow/dags/spark_pipeline_dag.py
[2026-08-10T21:34:15.544+0000] {logging_mixin.py:188} INFO - [2026-08-10T21:34:15.544+0000] {dag.py:3036} INFO - Sync 1 DAGs
[2026-08-10T21:34:15.570+0000] {logging_mixin.py:188} INFO - [2026-08-10T21:34:15.570+0000] {dag.py:3823} INFO - Setting next_dagrun for air_quality_pipeline to 2026-08-10 21:05:00+00:00, run_after=2026-08-10 22:05:00+00:00
[2026-08-10T21:34:15.596+0000] {processor.py:183} INFO - Processing /opt/airflow/dags/spark_pipeline_dag.py took 0.125 seconds
[2026-08-10T21:34:45.868+0000] {processor.py:161} INFO - Started process (PID=24392) to work on /opt/airflow/dags/spark_pipeline_dag.py
[2026-08-10T21:34:45.869+0000] {processor.py:830} INFO - Processing file /opt/airflow/dags/spark_pipeline_dag.py for tasks to queue
[2026-08-10T21:34:45.870+0000] {logging_mixin.py:188} INFO - [2026-08-10T21:34:45.870+0000] {dagbag.py:538} INFO - Filling up the DagBag from /opt/airflow/dags/spark_pipeline_dag.py
[2026-08-10T21:34:45.900+0000] {processor.py:840} INFO - DAG(s) 'air_quality_pipeline' retrieved from /opt/airflow/dags/spark_pipeline_dag.py
[2026-08-10T21:34:45.933+0000] {logging_mixin.py:188} INFO - [2026-08-10T21:34:45.933+0000] {dag.py:3036} INFO - Sync 1 DAGs
[2026-08-10T21:34:45.959+0000] {logging_mixin.py:188} INFO - [2026-08-10T21:34:45.958+0000] {dag.py:3823} INFO - Setting next_dagrun for air_quality_pipeline to 2026-08-10 21:05:00+00:00, run_after=2026-08-10 22:05:00+00:00
[2026-08-10T21:34:45.981+0000] {processor.py:183} INFO - Processing /opt/airflow/dags/spark_pipeline_dag.py took 0.119 seconds
[2026-08-10T21:35:16.342+0000] {processor.py:161} INFO - Started process (PID=24402) to work on /opt/airflow/dags/spark_pipeline_dag.py
[2026-08-10T21:35:16.344+0000] {processor.py:830} INFO - Processing file /opt/airflow/dags/spark_pipeline_dag.py for tasks to queue
[2026-08-10T21:35:16.346+0000] {logging_mixin.py:188} INFO - [2026-08-10T21:35:16.345+0000] {dagbag.py:538} INFO - Filling up the DagBag from /opt/airflow/dags/spark_pipeline_dag.py
[2026-08-10T21:35:16.380+0000] {processor.py:840} INFO - DAG(s) 'air_quality_pipeline' retrieved from /opt/airflow/dags/spark_pipeline_dag.py
[2026-08-10T21:35:16.411+0000] {logging_mixin.py:188} INFO - [2026-08-10T21:35:16.411+0000] {dag.py:3036} INFO - Sync 1 DAGs
[2026-08-10T21:35:16.434+0000] {logging_mixin.py:188} INFO - [2026-08-10T21:35:16.433+0000] {dag.py:3823} INFO - Setting next_dagrun for air_quality_pipeline to 2026-08-10 21:05:00+00:00, run_after=2026-08-10 22:05:00+00:00
[2026-08-10T21:35:16.477+0000] {processor.py:183} INFO - Processing /opt/airflow/dags/spark_pipeline_dag.py took 0.142 seconds
[2026-08-10T21:35:46.742+0000] {processor.py:161} INFO - Started process (PID=24412) to work on /opt/airflow/dags/spark_pipeline_dag.py
[2026-08-10T21:35:46.745+0000] {processor.py:830} INFO - Processing file /opt/airflow/dags/spark_pipeline_dag.py for tasks to queue
[2026-08-10T21:35:46.747+0000] {logging_mixin.py:188} INFO - [2026-08-10T21:35:46.746+0000] {dagbag.py:538} INFO - Filling up the DagBag from /opt/airflow/dags/spark_pipeline_dag.py
[2026-08-10T21:35:46.782+0000] {processor.py:840} INFO - DAG(s) 'air_quality_pipeline' retrieved from /opt/airflow/dags/spark_pipeline_dag.py
[2026-08-10T21:35:46.818+0000] {logging_mixin.py:188} INFO - [2026-08-10T21:35:46.818+0000] {dag.py:3036} INFO - Sync 1 DAGs
[2026-08-10T21:35:46.849+0000] {logging_mixin.py:188} INFO - [2026-08-10T21:35:46.849+0000] {dag.py:3823} INFO - Setting next_dagrun for air_quality_pipeline to 2026-08-10 21:05:00+00:00, run_after=2026-08-10 22:05:00+00:00
[2026-08-10T21:35:46.891+0000] {processor.py:183} INFO - Processing /opt/airflow/dags/spark_pipeline_dag.py took 0.158 seconds
[2026-08-10T21:36:17.174+0000] {processor.py:161} INFO - Started process (PID=24422) to work on /opt/airflow/dags/spark_pipeline_dag.py
[2026-08-10T21:36:17.177+0000] {processor.py:830} INFO - Processing file /opt/airflow/dags/spark_pipeline_dag.py for tasks to queue
[2026-08-10T21:36:17.179+0000] {logging_mixin.py:188} INFO - [2026-08-10T21:36:17.178+0000] {dagbag.py:538} INFO - Filling up the DagBag from /opt/airflow/dags/spark_pipeline_dag.py
[2026-08-10T21:36:17.212+0000] {processor.py:840} INFO - DAG(s) 'air_quality_pipeline' retrieved from /opt/airflow/dags/spark_pipeline_dag.py
[2026-08-10T21:36:17.240+0000] {logging_mixin.py:188} INFO - [2026-08-10T21:36:17.240+0000] {dag.py:3036} INFO - Sync 1 DAGs
[2026-08-10T21:36:17.307+0000] {logging_mixin.py:188} INFO - [2026-08-10T21:36:17.295+0000] {dag.py:3823} INFO - Setting next_dagrun for air_quality_pipeline to 2026-08-10 21:05:00+00:00, run_after=2026-08-10 22:05:00+00:00
[2026-08-10T21:36:17.374+0000] {processor.py:183} INFO - Processing /opt/airflow/dags/spark_pipeline_dag.py took 0.206 seconds
[2026-08-10T21:36:47.697+0000] {processor.py:161} INFO - Started process (PID=24432) to work on /opt/airflow/dags/spark_pipeline_dag.py
[2026-08-10T21:36:47.700+0000] {processor.py:830} INFO - Processing file /opt/airflow/dags/spark_pipeline_dag.py for tasks to queue
[2026-08-10T21:36:47.702+0000] {logging_mixin.py:188} INFO - [2026-08-10T21:36:47.701+0000] {dagbag.py:538} INFO - Filling up the DagBag from /opt/airflow/dags/spark_pipeline_dag.py
[2026-08-10T21:36:47.744+0000] {processor.py:840} INFO - DAG(s) 'air_quality_pipeline' retrieved from /opt/airflow/dags/spark_pipeline_dag.py
[2026-08-10T21:36:47.773+0000] {logging_mixin.py:188} INFO - [2026-08-10T21:36:47.773+0000] {dag.py:3036} INFO - Sync 1 DAGs
[2026-08-10T21:36:47.804+0000] {logging_mixin.py:188} INFO - [2026-08-10T21:36:47.804+0000] {dag.py:3823} INFO - Setting next_dagrun for air_quality_pipeline to 2026-08-10 21:05:00+00:00, run_after=2026-08-10 22:05:00+00:00
[2026-08-10T21:36:47.829+0000] {processor.py:183} INFO - Processing /opt/airflow/dags/spark_pipeline_dag.py took 0.136 seconds
[2026-08-10T21:37:18.150+0000] {processor.py:161} INFO - Started process (PID=24442) to work on /opt/airflow/dags/spark_pipeline_dag.py
[2026-08-10T21:37:18.152+0000] {processor.py:830} INFO - Processing file /opt/airflow/dags/spark_pipeline_dag.py for tasks to queue
[2026-08-10T21:37:18.154+0000] {logging_mixin.py:188} INFO - [2026-08-10T21:37:18.153+0000] {dagbag.py:538} INFO - Filling up the DagBag from /opt/airflow/dags/spark_pipeline_dag.py
[2026-08-10T21:37:18.194+0000] {processor.py:840} INFO - DAG(s) 'air_quality_pipeline' retrieved from /opt/airflow/dags/spark_pipeline_dag.py
[2026-08-10T21:37:18.222+0000] {logging_mixin.py:188} INFO - [2026-08-10T21:37:18.222+0000] {dag.py:3036} INFO - Sync 1 DAGs
[2026-08-10T21:37:18.254+0000] {logging_mixin.py:188} INFO - [2026-08-10T21:37:18.254+0000] {dag.py:3823} INFO - Setting next_dagrun for air_quality_pipeline to 2026-08-10 21:05:00+00:00, run_after=2026-08-10 22:05:00+00:00
[2026-08-10T21:37:18.282+0000] {processor.py:183} INFO - Processing /opt/airflow/dags/spark_pipeline_dag.py took 0.136 seconds
[2026-08-10T21:37:48.594+0000] {processor.py:161} INFO - Started process (PID=24452) to work on /opt/airflow/dags/spark_pipeline_dag.py
[2026-08-10T21:37:48.596+0000] {processor.py:830} INFO - Processing file /opt/airflow/dags/spark_pipeline_dag.py for tasks to queue
[2026-08-10T21:37:48.597+0000] {logging_mixin.py:188} INFO - [2026-08-10T21:37:48.597+0000] {dagbag.py:538} INFO - Filling up the DagBag from /opt/airflow/dags/spark_pipeline_dag.py
[2026-08-10T21:37:48.636+0000] {processor.py:840} INFO - DAG(s) 'air_quality_pipeline' retrieved from /opt/airflow/dags/spark_pipeline_dag.py
[2026-08-10T21:37:48.680+0000] {logging_mixin.py:188} INFO - [2026-08-10T21:37:48.679+0000] {dag.py:3036} INFO - Sync 1 DAGs
[2026-08-10T21:37:48.733+0000] {logging_mixin.py:188} INFO - [2026-08-10T21:37:48.732+0000] {dag.py:3823} INFO - Setting next_dagrun for air_quality_pipeline to 2026-08-10 21:05:00+00:00, run_after=2026-08-10 22:05:00+00:00
[2026-08-10T21:37:48.789+0000] {processor.py:183} INFO - Processing /opt/airflow/dags/spark_pipeline_dag.py took 0.201 seconds
[2026-08-10T21:38:19.071+0000] {processor.py:161} INFO - Started process (PID=24462) to work on /opt/airflow/dags/spark_pipeline_dag.py
[2026-08-10T21:38:19.078+0000] {processor.py:830} INFO - Processing file /opt/airflow/dags/spark_pipeline_dag.py for tasks to queue
[2026-08-10T21:38:19.080+0000] {logging_mixin.py:188} INFO - [2026-08-10T21:38:19.080+0000] {dagbag.py:538} INFO - Filling up the DagBag from /opt/airflow/dags/spark_pipeline_dag.py
[2026-08-10T21:38:19.133+0000] {processor.py:840} INFO - DAG(s) 'air_quality_pipeline' retrieved from /opt/airflow/dags/spark_pipeline_dag.py
[2026-08-10T21:38:19.160+0000] {logging_mixin.py:188} INFO - [2026-08-10T21:38:19.160+0000] {dag.py:3036} INFO - Sync 1 DAGs
[2026-08-10T21:38:19.185+0000] {logging_mixin.py:188} INFO - [2026-08-10T21:38:19.185+0000] {dag.py:3823} INFO - Setting next_dagrun for air_quality_pipeline to 2026-08-10 21:05:00+00:00, run_after=2026-08-10 22:05:00+00:00
[2026-08-10T21:38:19.212+0000] {processor.py:183} INFO - Processing /opt/airflow/dags/spark_pipeline_dag.py took 0.146 seconds
[2026-08-10T21:38:49.507+0000] {processor.py:161} INFO - Started process (PID=24472) to work on /opt/airflow/dags/spark_pipeline_dag.py
[2026-08-10T21:38:49.509+0000] {processor.py:830} INFO - Processing file /opt/airflow/dags/spark_pipeline_dag.py for tasks to queue
[2026-08-10T21:38:49.510+0000] {logging_mixin.py:188} INFO - [2026-08-10T21:38:49.510+0000] {dagbag.py:538} INFO - Filling up the DagBag from /opt/airflow/dags/spark_pipeline_dag.py
[2026-08-10T21:38:49.540+0000] {processor.py:840} INFO - DAG(s) 'air_quality_pipeline' retrieved from /opt/airflow/dags/spark_pipeline_dag.py
[2026-08-10T21:38:49.568+0000] {logging_mixin.py:188} INFO - [2026-08-10T21:38:49.567+0000] {dag.py:3036} INFO - Sync 1 DAGs
[2026-08-10T21:38:49.598+0000] {logging_mixin.py:188} INFO - [2026-08-10T21:38:49.598+0000] {dag.py:3823} INFO - Setting next_dagrun for air_quality_pipeline to 2026-08-10 21:05:00+00:00, run_after=2026-08-10 22:05:00+00:00
[2026-08-10T21:38:49.635+0000] {processor.py:183} INFO - Processing /opt/airflow/dags/spark_pipeline_dag.py took 0.132 seconds
[2026-08-10T21:39:19.952+0000] {processor.py:161} INFO - Started process (PID=24482) to work on /opt/airflow/dags/spark_pipeline_dag.py
[2026-08-10T21:39:19.953+0000] {processor.py:830} INFO - Processing file /opt/airflow/dags/spark_pipeline_dag.py for tasks to queue
[2026-08-10T21:39:19.955+0000] {logging_mixin.py:188} INFO - [2026-08-10T21:39:19.954+0000] {dagbag.py:538} INFO - Filling up the DagBag from /opt/airflow/dags/spark_pipeline_dag.py
[2026-08-10T21:39:19.981+0000] {processor.py:840} INFO - DAG(s) 'air_quality_pipeline' retrieved from /opt/airflow/dags/spark_pipeline_dag.py
[2026-08-10T21:39:20.016+0000] {logging_mixin.py:188} INFO - [2026-08-10T21:39:20.016+0000] {dag.py:3036} INFO - Sync 1 DAGs
[2026-08-10T21:39:20.046+0000] {logging_mixin.py:188} INFO - [2026-08-10T21:39:20.045+0000] {dag.py:3823} INFO - Setting next_dagrun for air_quality_pipeline to 2026-08-10 21:05:00+00:00, run_after=2026-08-10 22:05:00+00:00
[2026-08-10T21:39:20.093+0000] {processor.py:183} INFO - Processing /opt/airflow/dags/spark_pipeline_dag.py took 0.145 seconds
[2026-08-10T21:39:50.424+0000] {processor.py:161} INFO - Started process (PID=24492) to work on /opt/airflow/dags/spark_pipeline_dag.py
[2026-08-10T21:39:50.427+0000] {processor.py:830} INFO - Processing file /opt/airflow/dags/spark_pipeline_dag.py for tasks to queue
[2026-08-10T21:39:50.430+0000] {logging_mixin.py:188} INFO - [2026-08-10T21:39:50.428+0000] {dagbag.py:538} INFO - Filling up the DagBag from /opt/airflow/dags/spark_pipeline_dag.py
[2026-08-10T21:39:50.484+0000] {processor.py:840} INFO - DAG(s) 'air_quality_pipeline' retrieved from /opt/airflow/dags/spark_pipeline_dag.py
[2026-08-10T21:39:50.520+0000] {logging_mixin.py:188} INFO - [2026-08-10T21:39:50.519+0000] {dag.py:3036} INFO - Sync 1 DAGs
[2026-08-10T21:39:50.555+0000] {logging_mixin.py:188} INFO - [2026-08-10T21:39:50.555+0000] {dag.py:3823} INFO - Setting next_dagrun for air_quality_pipeline to 2026-08-10 21:05:00+00:00, run_after=2026-08-10 22:05:00+00:00
[2026-08-10T21:39:50.580+0000] {processor.py:183} INFO - Processing /opt/airflow/dags/spark_pipeline_dag.py took 0.162 seconds
[2026-08-10T21:40:20.868+0000] {processor.py:161} INFO - Started process (PID=24502) to work on /opt/airflow/dags/spark_pipeline_dag.py
[2026-08-10T21:40:20.869+0000] {processor.py:830} INFO - Processing file /opt/airflow/dags/spark_pipeline_dag.py for tasks to queue
[2026-08-10T21:40:20.870+0000] {logging_mixin.py:188} INFO - [2026-08-10T21:40:20.870+0000] {dagbag.py:538} INFO - Filling up the DagBag from /opt/airflow/dags/spark_pipeline_dag.py
[2026-08-10T21:40:20.906+0000] {processor.py:840} INFO - DAG(s) 'air_quality_pipeline' retrieved from /opt/airflow/dags/spark_pipeline_dag.py
[2026-08-10T21:40:20.950+0000] {logging_mixin.py:188} INFO - [2026-08-10T21:40:20.950+0000] {dag.py:3036} INFO - Sync 1 DAGs
[2026-08-10T21:40:21.047+0000] {logging_mixin.py:188} INFO - [2026-08-10T21:40:21.047+0000] {dag.py:3823} INFO - Setting next_dagrun for air_quality_pipeline to 2026-08-10 21:05:00+00:00, run_after=2026-08-10 22:05:00+00:00
[2026-08-10T21:40:21.130+0000] {processor.py:183} INFO - Processing /opt/airflow/dags/spark_pipeline_dag.py took 0.268 seconds
[2026-08-10T21:40:51.447+0000] {processor.py:161} INFO - Started process (PID=24512) to work on /opt/airflow/dags/spark_pipeline_dag.py
[2026-08-10T21:40:51.448+0000] {processor.py:830} INFO - Processing file /opt/airflow/dags/spark_pipeline_dag.py for tasks to queue
[2026-08-10T21:40:51.450+0000] {logging_mixin.py:188} INFO - [2026-08-10T21:40:51.449+0000] {dagbag.py:538} INFO - Filling up the DagBag from /opt/airflow/dags/spark_pipeline_dag.py
[2026-08-10T21:40:51.477+0000] {processor.py:840} INFO - DAG(s) 'air_quality_pipeline' retrieved from /opt/airflow/dags/spark_pipeline_dag.py
[2026-08-10T21:40:51.504+0000] {logging_mixin.py:188} INFO - [2026-08-10T21:40:51.504+0000] {dag.py:3036} INFO - Sync 1 DAGs
[2026-08-10T21:40:51.535+0000] {logging_mixin.py:188} INFO - [2026-08-10T21:40:51.534+0000] {dag.py:3823} INFO - Setting next_dagrun for air_quality_pipeline to 2026-08-10 21:05:00+00:00, run_after=2026-08-10 22:05:00+00:00
[2026-08-10T21:40:51.576+0000] {processor.py:183} INFO - Processing /opt/airflow/dags/spark_pipeline_dag.py took 0.132 seconds
[2026-08-10T21:41:21.896+0000] {processor.py:161} INFO - Started process (PID=24522) to work on /opt/airflow/dags/spark_pipeline_dag.py
[2026-08-10T21:41:21.898+0000] {processor.py:830} INFO - Processing file /opt/airflow/dags/spark_pipeline_dag.py for tasks to queue
[2026-08-10T21:41:21.900+0000] {logging_mixin.py:188} INFO - [2026-08-10T21:41:21.899+0000] {dagbag.py:538} INFO - Filling up the DagBag from /opt/airflow/dags/spark_pipeline_dag.py
[2026-08-10T21:41:21.936+0000] {processor.py:840} INFO - DAG(s) 'air_quality_pipeline' retrieved from /opt/airflow/dags/spark_pipeline_dag.py
[2026-08-10T21:41:21.968+0000] {logging_mixin.py:188} INFO - [2026-08-10T21:41:21.968+0000] {dag.py:3036} INFO - Sync 1 DAGs
[2026-08-10T21:41:22.003+0000] {logging_mixin.py:188} INFO - [2026-08-10T21:41:22.003+0000] {dag.py:3823} INFO - Setting next_dagrun for air_quality_pipeline to 2026-08-10 21:05:00+00:00, run_after=2026-08-10 22:05:00+00:00
[2026-08-10T21:41:22.045+0000] {processor.py:183} INFO - Processing /opt/airflow/dags/spark_pipeline_dag.py took 0.155 seconds
[2026-08-10T21:41:52.338+0000] {processor.py:161} INFO - Started process (PID=24532) to work on /opt/airflow/dags/spark_pipeline_dag.py
[2026-08-10T21:41:52.342+0000] {processor.py:830} INFO - Processing file /opt/airflow/dags/spark_pipeline_dag.py for tasks to queue
[2026-08-10T21:41:52.344+0000] {logging_mixin.py:188} INFO - [2026-08-10T21:41:52.344+0000] {dagbag.py:538} INFO - Filling up the DagBag from /opt/airflow/dags/spark_pipeline_dag.py
[2026-08-10T21:41:52.370+0000] {processor.py:840} INFO - DAG(s) 'air_quality_pipeline' retrieved from /opt/airflow/dags/spark_pipeline_dag.py
[2026-08-10T21:41:52.394+0000] {logging_mixin.py:188} INFO - [2026-08-10T21:41:52.393+0000] {dag.py:3036} INFO - Sync 1 DAGs
[2026-08-10T21:41:52.423+0000] {logging_mixin.py:188} INFO - [2026-08-10T21:41:52.423+0000] {dag.py:3823} INFO - Setting next_dagrun for air_quality_pipeline to 2026-08-10 21:05:00+00:00, run_after=2026-08-10 22:05:00+00:00
[2026-08-10T21:41:52.468+0000] {processor.py:183} INFO - Processing /opt/airflow/dags/spark_pipeline_dag.py took 0.137 seconds
[2026-08-10T21:42:22.727+0000] {processor.py:161} INFO - Started process (PID=24542) to work on /opt/airflow/dags/spark_pipeline_dag.py
[2026-08-10T21:42:22.732+0000] {processor.py:830} INFO - Processing file /opt/airflow/dags/spark_pipeline_dag.py for tasks to queue
[2026-08-10T21:42:22.734+0000] {logging_mixin.py:188} INFO - [2026-08-10T21:42:22.734+0000] {dagbag.py:538} INFO - Filling up the DagBag from /opt/airflow/dags/spark_pipeline_dag.py
[2026-08-10T21:42:22.775+0000] {processor.py:840} INFO - DAG(s) 'air_quality_pipeline' retrieved from /opt/airflow/dags/spark_pipeline_dag.py
[2026-08-10T21:42:22.816+0000] {logging_mixin.py:188} INFO - [2026-08-10T21:42:22.815+0000] {dag.py:3036} INFO - Sync 1 DAGs
[2026-08-10T21:42:22.844+0000] {logging_mixin.py:188} INFO - [2026-08-10T21:42:22.844+0000] {dag.py:3823} INFO - Setting next_dagrun for air_quality_pipeline to 2026-08-10 21:05:00+00:00, run_after=2026-08-10 22:05:00+00:00
[2026-08-10T21:42:22.881+0000] {processor.py:183} INFO - Processing /opt/airflow/dags/spark_pipeline_dag.py took 0.159 seconds
[2026-08-10T21:42:53.185+0000] {processor.py:161} INFO - Started process (PID=24552) to work on /opt/airflow/dags/spark_pipeline_dag.py
[2026-08-10T21:42:53.194+0000] {processor.py:830} INFO - Processing file /opt/airflow/dags/spark_pipeline_dag.py for tasks to queue
[2026-08-10T21:42:53.197+0000] {logging_mixin.py:188} INFO - [2026-08-10T21:42:53.196+0000] {dagbag.py:538} INFO - Filling up the DagBag from /opt/airflow/dags/spark_pipeline_dag.py
[2026-08-10T21:42:53.250+0000] {processor.py:840} INFO - DAG(s) 'air_quality_pipeline' retrieved from /opt/airflow/dags/spark_pipeline_dag.py
[2026-08-10T21:42:53.287+0000] {logging_mixin.py:188} INFO - [2026-08-10T21:42:53.286+0000] {dag.py:3036} INFO - Sync 1 DAGs
[2026-08-10T21:42:53.320+0000] {logging_mixin.py:188} INFO - [2026-08-10T21:42:53.320+0000] {dag.py:3823} INFO - Setting next_dagrun for air_quality_pipeline to 2026-08-10 21:05:00+00:00, run_after=2026-08-10 22:05:00+00:00
[2026-08-10T21:42:53.354+0000] {processor.py:183} INFO - Processing /opt/airflow/dags/spark_pipeline_dag.py took 0.173 seconds
[2026-08-10T21:43:23.639+0000] {processor.py:161} INFO - Started process (PID=24562) to work on /opt/airflow/dags/spark_pipeline_dag.py
[2026-08-10T21:43:23.642+0000] {processor.py:830} INFO - Processing file /opt/airflow/dags/spark_pipeline_dag.py for tasks to queue
[2026-08-10T21:43:23.644+0000] {logging_mixin.py:188} INFO - [2026-08-10T21:43:23.643+0000] {dagbag.py:538} INFO - Filling up the DagBag from /opt/airflow/dags/spark_pipeline_dag.py
[2026-08-10T21:43:23.674+0000] {processor.py:840} INFO - DAG(s) 'air_quality_pipeline' retrieved from /opt/airflow/dags/spark_pipeline_dag.py
[2026-08-10T21:43:23.720+0000] {logging_mixin.py:188} INFO - [2026-08-10T21:43:23.720+0000] {dag.py:3036} INFO - Sync 1 DAGs
[2026-08-10T21:43:23.768+0000] {logging_mixin.py:188} INFO - [2026-08-10T21:43:23.767+0000] {dag.py:3823} INFO - Setting next_dagrun for air_quality_pipeline to 2026-08-10 21:05:00+00:00, run_after=2026-08-10 22:05:00+00:00
[2026-08-10T21:43:23.801+0000] {processor.py:183} INFO - Processing /opt/airflow/dags/spark_pipeline_dag.py took 0.166 seconds
[2026-08-10T21:43:54.069+0000] {processor.py:161} INFO - Started process (PID=24572) to work on /opt/airflow/dags/spark_pipeline_dag.py
[2026-08-10T21:43:54.071+0000] {processor.py:830} INFO - Processing file /opt/airflow/dags/spark_pipeline_dag.py for tasks to queue
[2026-08-10T21:43:54.072+0000] {logging_mixin.py:188} INFO - [2026-08-10T21:43:54.072+0000] {dagbag.py:538} INFO - Filling up the DagBag from /opt/airflow/dags/spark_pipeline_dag.py
[2026-08-10T21:43:54.099+0000] {processor.py:840} INFO - DAG(s) 'air_quality_pipeline' retrieved from /opt/airflow/dags/spark_pipeline_dag.py
[2026-08-10T21:43:54.128+0000] {logging_mixin.py:188} INFO - [2026-08-10T21:43:54.127+0000] {dag.py:3036} INFO - Sync 1 DAGs
[2026-08-10T21:43:54.156+0000] {logging_mixin.py:188} INFO - [2026-08-10T21:43:54.156+0000] {dag.py:3823} INFO - Setting next_dagrun for air_quality_pipeline to 2026-08-10 21:05:00+00:00, run_after=2026-08-10 22:05:00+00:00
[2026-08-10T21:43:54.206+0000] {processor.py:183} INFO - Processing /opt/airflow/dags/spark_pipeline_dag.py took 0.139 seconds
[2026-08-10T21:44:24.516+0000] {processor.py:161} INFO - Started process (PID=24582) to work on /opt/airflow/dags/spark_pipeline_dag.py
[2026-08-10T21:44:24.519+0000] {processor.py:830} INFO - Processing file /opt/airflow/dags/spark_pipeline_dag.py for tasks to queue
[2026-08-10T21:44:24.521+0000] {logging_mixin.py:188} INFO - [2026-08-10T21:44:24.520+0000] {dagbag.py:538} INFO - Filling up the DagBag from /opt/airflow/dags/spark_pipeline_dag.py
[2026-08-10T21:44:24.567+0000] {processor.py:840} INFO - DAG(s) 'air_quality_pipeline' retrieved from /opt/airflow/dags/spark_pipeline_dag.py
[2026-08-10T21:44:24.608+0000] {logging_mixin.py:188} INFO - [2026-08-10T21:44:24.608+0000] {dag.py:3036} INFO - Sync 1 DAGs
[2026-08-10T21:44:24.644+0000] {logging_mixin.py:188} INFO - [2026-08-10T21:44:24.644+0000] {dag.py:3823} INFO - Setting next_dagrun for air_quality_pipeline to 2026-08-10 21:05:00+00:00, run_after=2026-08-10 22:05:00+00:00
[2026-08-10T21:44:24.671+0000] {processor.py:183} INFO - Processing /opt/airflow/dags/spark_pipeline_dag.py took 0.163 seconds
[2026-08-10T21:44:54.931+0000] {processor.py:161} INFO - Started process (PID=24592) to work on /opt/airflow/dags/spark_pipeline_dag.py
[2026-08-10T21:44:54.932+0000] {processor.py:830} INFO - Processing file /opt/airflow/dags/spark_pipeline_dag.py for tasks to queue
[2026-08-10T21:44:54.934+0000] {logging_mixin.py:188} INFO - [2026-08-10T21:44:54.933+0000] {dagbag.py:538} INFO - Filling up the DagBag from /opt/airflow/dags/spark_pipeline_dag.py
[2026-08-10T21:44:54.962+0000] {processor.py:840} INFO - DAG(s) 'air_quality_pipeline' retrieved from /opt/airflow/dags/spark_pipeline_dag.py
[2026-08-10T21:44:54.986+0000] {logging_mixin.py:188} INFO - [2026-08-10T21:44:54.986+0000] {dag.py:3036} INFO - Sync 1 DAGs
[2026-08-10T21:44:55.016+0000] {logging_mixin.py:188} INFO - [2026-08-10T21:44:55.016+0000] {dag.py:3823} INFO - Setting next_dagrun for air_quality_pipeline to 2026-08-10 21:05:00+00:00, run_after=2026-08-10 22:05:00+00:00
[2026-08-10T21:44:55.039+0000] {processor.py:183} INFO - Processing /opt/airflow/dags/spark_pipeline_dag.py took 0.112 seconds
[2026-08-10T21:45:25.333+0000] {processor.py:161} INFO - Started process (PID=24602) to work on /opt/airflow/dags/spark_pipeline_dag.py
[2026-08-10T21:45:25.334+0000] {processor.py:830} INFO - Processing file /opt/airflow/dags/spark_pipeline_dag.py for tasks to queue
[2026-08-10T21:45:25.336+0000] {logging_mixin.py:188} INFO - [2026-08-10T21:45:25.335+0000] {dagbag.py:538} INFO - Filling up the DagBag from /opt/airflow/dags/spark_pipeline_dag.py
[2026-08-10T21:45:25.365+0000] {processor.py:840} INFO - DAG(s) 'air_quality_pipeline' retrieved from /opt/airflow/dags/spark_pipeline_dag.py
[2026-08-10T21:45:25.401+0000] {logging_mixin.py:188} INFO - [2026-08-10T21:45:25.401+0000] {dag.py:3036} INFO - Sync 1 DAGs
[2026-08-10T21:45:25.429+0000] {logging_mixin.py:188} INFO - [2026-08-10T21:45:25.429+0000] {dag.py:3823} INFO - Setting next_dagrun for air_quality_pipeline to 2026-08-10 21:05:00+00:00, run_after=2026-08-10 22:05:00+00:00
[2026-08-10T21:45:25.495+0000] {processor.py:183} INFO - Processing /opt/airflow/dags/spark_pipeline_dag.py took 0.165 seconds
[2026-08-10T21:45:55.790+0000] {processor.py:161} INFO - Started process (PID=24612) to work on /opt/airflow/dags/spark_pipeline_dag.py
[2026-08-10T21:45:55.792+0000] {processor.py:830} INFO - Processing file /opt/airflow/dags/spark_pipeline_dag.py for tasks to queue
[2026-08-10T21:45:55.793+0000] {logging_mixin.py:188} INFO - [2026-08-10T21:45:55.793+0000] {dagbag.py:538} INFO - Filling up the DagBag from /opt/airflow/dags/spark_pipeline_dag.py
[2026-08-10T21:45:55.841+0000] {processor.py:840} INFO - DAG(s) 'air_quality_pipeline' retrieved from /opt/airflow/dags/spark_pipeline_dag.py
[2026-08-10T21:45:55.889+0000] {logging_mixin.py:188} INFO - [2026-08-10T21:45:55.888+0000] {dag.py:3036} INFO - Sync 1 DAGs
[2026-08-10T21:45:55.951+0000] {logging_mixin.py:188} INFO - [2026-08-10T21:45:55.950+0000] {dag.py:3823} INFO - Setting next_dagrun for air_quality_pipeline to 2026-08-10 21:05:00+00:00, run_after=2026-08-10 22:05:00+00:00
[2026-08-10T21:45:55.986+0000] {processor.py:183} INFO - Processing /opt/airflow/dags/spark_pipeline_dag.py took 0.201 seconds
[2026-08-10T21:46:26.304+0000] {processor.py:161} INFO - Started process (PID=24622) to work on /opt/airflow/dags/spark_pipeline_dag.py
[2026-08-10T21:46:26.305+0000] {processor.py:830} INFO - Processing file /opt/airflow/dags/spark_pipeline_dag.py for tasks to queue
[2026-08-10T21:46:26.306+0000] {logging_mixin.py:188} INFO - [2026-08-10T21:46:26.306+0000] {dagbag.py:538} INFO - Filling up the DagBag from /opt/airflow/dags/spark_pipeline_dag.py
[2026-08-10T21:46:26.345+0000] {processor.py:840} INFO - DAG(s) 'air_quality_pipeline' retrieved from /opt/airflow/dags/spark_pipeline_dag.py
[2026-08-10T21:46:26.380+0000] {logging_mixin.py:188} INFO - [2026-08-10T21:46:26.379+0000] {dag.py:3036} INFO - Sync 1 DAGs
[2026-08-10T21:46:26.421+0000] {logging_mixin.py:188} INFO - [2026-08-10T21:46:26.421+0000] {dag.py:3823} INFO - Setting next_dagrun for air_quality_pipeline to 2026-08-10 21:05:00+00:00, run_after=2026-08-10 22:05:00+00:00
[2026-08-10T21:46:26.461+0000] {processor.py:183} INFO - Processing /opt/airflow/dags/spark_pipeline_dag.py took 0.161 seconds
[2026-08-10T21:46:56.757+0000] {processor.py:161} INFO - Started process (PID=24632) to work on /opt/airflow/dags/spark_pipeline_dag.py
[2026-08-10T21:46:56.759+0000] {processor.py:830} INFO - Processing file /opt/airflow/dags/spark_pipeline_dag.py for tasks to queue
[2026-08-10T21:46:56.761+0000] {logging_mixin.py:188} INFO - [2026-08-10T21:46:56.761+0000] {dagbag.py:538} INFO - Filling up the DagBag from /opt/airflow/dags/spark_pipeline_dag.py
[2026-08-10T21:46:56.786+0000] {processor.py:840} INFO - DAG(s) 'air_quality_pipeline' retrieved from /opt/airflow/dags/spark_pipeline_dag.py
[2026-08-10T21:46:56.815+0000] {logging_mixin.py:188} INFO - [2026-08-10T21:46:56.815+0000] {dag.py:3036} INFO - Sync 1 DAGs
[2026-08-10T21:46:56.843+0000] {logging_mixin.py:188} INFO - [2026-08-10T21:46:56.842+0000] {dag.py:3823} INFO - Setting next_dagrun for air_quality_pipeline to 2026-08-10 21:05:00+00:00, run_after=2026-08-10 22:05:00+00:00
[2026-08-10T21:46:56.887+0000] {processor.py:183} INFO - Processing /opt/airflow/dags/spark_pipeline_dag.py took 0.135 seconds
[2026-08-10T21:47:27.207+0000] {processor.py:161} INFO - Started process (PID=24642) to work on /opt/airflow/dags/spark_pipeline_dag.py
[2026-08-10T21:47:27.209+0000] {processor.py:830} INFO - Processing file /opt/airflow/dags/spark_pipeline_dag.py for tasks to queue
[2026-08-10T21:47:27.210+0000] {logging_mixin.py:188} INFO - [2026-08-10T21:47:27.210+0000] {dagbag.py:538} INFO - Filling up the DagBag from /opt/airflow/dags/spark_pipeline_dag.py
[2026-08-10T21:47:27.240+0000] {processor.py:840} INFO - DAG(s) 'air_quality_pipeline' retrieved from /opt/airflow/dags/spark_pipeline_dag.py
[2026-08-10T21:47:27.267+0000] {logging_mixin.py:188} INFO - [2026-08-10T21:47:27.267+0000] {dag.py:3036} INFO - Sync 1 DAGs
[2026-08-10T21:47:27.295+0000] {logging_mixin.py:188} INFO - [2026-08-10T21:47:27.295+0000] {dag.py:3823} INFO - Setting next_dagrun for air_quality_pipeline to 2026-08-10 21:05:00+00:00, run_after=2026-08-10 22:05:00+00:00
[2026-08-10T21:47:27.314+0000] {processor.py:183} INFO - Processing /opt/airflow/dags/spark_pipeline_dag.py took 0.111 seconds
[2026-08-10T21:47:57.586+0000] {processor.py:161} INFO - Started process (PID=24652) to work on /opt/airflow/dags/spark_pipeline_dag.py
[2026-08-10T21:47:57.591+0000] {processor.py:830} INFO - Processing file /opt/airflow/dags/spark_pipeline_dag.py for tasks to queue
[2026-08-10T21:47:57.597+0000] {logging_mixin.py:188} INFO - [2026-08-10T21:47:57.597+0000] {dagbag.py:538} INFO - Filling up the DagBag from /opt/airflow/dags/spark_pipeline_dag.py
[2026-08-10T21:47:57.651+0000] {processor.py:840} INFO - DAG(s) 'air_quality_pipeline' retrieved from /opt/airflow/dags/spark_pipeline_dag.py
[2026-08-10T21:47:57.697+0000] {logging_mixin.py:188} INFO - [2026-08-10T21:47:57.696+0000] {dag.py:3036} INFO - Sync 1 DAGs
[2026-08-10T21:47:57.733+0000] {logging_mixin.py:188} INFO - [2026-08-10T21:47:57.731+0000] {dag.py:3823} INFO - Setting next_dagrun for air_quality_pipeline to 2026-08-10 21:05:00+00:00, run_after=2026-08-10 22:05:00+00:00
[2026-08-10T21:47:57.781+0000] {processor.py:183} INFO - Processing /opt/airflow/dags/spark_pipeline_dag.py took 0.200 seconds
[2026-08-10T21:48:28.140+0000] {processor.py:161} INFO - Started process (PID=24662) to work on /opt/airflow/dags/spark_pipeline_dag.py
[2026-08-10T21:48:28.141+0000] {processor.py:830} INFO - Processing file /opt/airflow/dags/spark_pipeline_dag.py for tasks to queue
[2026-08-10T21:48:28.143+0000] {logging_mixin.py:188} INFO - [2026-08-10T21:48:28.142+0000] {dagbag.py:538} INFO - Filling up the DagBag from /opt/airflow/dags/spark_pipeline_dag.py
[2026-08-10T21:48:28.176+0000] {processor.py:840} INFO - DAG(s) 'air_quality_pipeline' retrieved from /opt/airflow/dags/spark_pipeline_dag.py
[2026-08-10T21:48:28.216+0000] {logging_mixin.py:188} INFO - [2026-08-10T21:48:28.215+0000] {dag.py:3036} INFO - Sync 1 DAGs
[2026-08-10T21:48:28.249+0000] {logging_mixin.py:188} INFO - [2026-08-10T21:48:28.249+0000] {dag.py:3823} INFO - Setting next_dagrun for air_quality_pipeline to 2026-08-10 21:05:00+00:00, run_after=2026-08-10 22:05:00+00:00
[2026-08-10T21:48:28.280+0000] {processor.py:183} INFO - Processing /opt/airflow/dags/spark_pipeline_dag.py took 0.147 seconds
[2026-08-10T21:48:58.563+0000] {processor.py:161} INFO - Started process (PID=24672) to work on /opt/airflow/dags/spark_pipeline_dag.py
[2026-08-10T21:48:58.564+0000] {processor.py:830} INFO - Processing file /opt/airflow/dags/spark_pipeline_dag.py for tasks to queue
[2026-08-10T21:48:58.565+0000] {logging_mixin.py:188} INFO - [2026-08-10T21:48:58.565+0000] {dagbag.py:538} INFO - Filling up the DagBag from /opt/airflow/dags/spark_pipeline_dag.py
[2026-08-10T21:48:58.594+0000] {processor.py:840} INFO - DAG(s) 'air_quality_pipeline' retrieved from /opt/airflow/dags/spark_pipeline_dag.py
[2026-08-10T21:48:58.629+0000] {logging_mixin.py:188} INFO - [2026-08-10T21:48:58.628+0000] {dag.py:3036} INFO - Sync 1 DAGs
[2026-08-10T21:48:58.662+0000] {logging_mixin.py:188} INFO - [2026-08-10T21:48:58.662+0000] {dag.py:3823} INFO - Setting next_dagrun for air_quality_pipeline to 2026-08-10 21:05:00+00:00, run_after=2026-08-10 22:05:00+00:00
[2026-08-10T21:48:58.716+0000] {processor.py:183} INFO - Processing /opt/airflow/dags/spark_pipeline_dag.py took 0.156 seconds
[2026-08-10T21:49:28.992+0000] {processor.py:161} INFO - Started process (PID=24682) to work on /opt/airflow/dags/spark_pipeline_dag.py
[2026-08-10T21:49:28.996+0000] {processor.py:830} INFO - Processing file /opt/airflow/dags/spark_pipeline_dag.py for tasks to queue
[2026-08-10T21:49:29.001+0000] {logging_mixin.py:188} INFO - [2026-08-10T21:49:29.000+0000] {dagbag.py:538} INFO - Filling up the DagBag from /opt/airflow/dags/spark_pipeline_dag.py
[2026-08-10T21:49:29.030+0000] {processor.py:840} INFO - DAG(s) 'air_quality_pipeline' retrieved from /opt/airflow/dags/spark_pipeline_dag.py
[2026-08-10T21:49:29.066+0000] {logging_mixin.py:188} INFO - [2026-08-10T21:49:29.066+0000] {dag.py:3036} INFO - Sync 1 DAGs
[2026-08-10T21:49:29.093+0000] {logging_mixin.py:188} INFO - [2026-08-10T21:49:29.093+0000] {dag.py:3823} INFO - Setting next_dagrun for air_quality_pipeline to 2026-08-10 21:05:00+00:00, run_after=2026-08-10 22:05:00+00:00
[2026-08-10T21:49:29.117+0000] {processor.py:183} INFO - Processing /opt/airflow/dags/spark_pipeline_dag.py took 0.129 seconds
[2026-08-10T21:49:59.423+0000] {processor.py:161} INFO - Started process (PID=24692) to work on /opt/airflow/dags/spark_pipeline_dag.py
[2026-08-10T21:49:59.425+0000] {processor.py:830} INFO - Processing file /opt/airflow/dags/spark_pipeline_dag.py for tasks to queue
[2026-08-10T21:49:59.426+0000] {logging_mixin.py:188} INFO - [2026-08-10T21:49:59.426+0000] {dagbag.py:538} INFO - Filling up the DagBag from /opt/airflow/dags/spark_pipeline_dag.py
[2026-08-10T21:49:59.459+0000] {processor.py:840} INFO - DAG(s) 'air_quality_pipeline' retrieved from /opt/airflow/dags/spark_pipeline_dag.py
[2026-08-10T21:49:59.494+0000] {logging_mixin.py:188} INFO - [2026-08-10T21:49:59.494+0000] {dag.py:3036} INFO - Sync 1 DAGs
[2026-08-10T21:49:59.552+0000] {logging_mixin.py:188} INFO - [2026-08-10T21:49:59.552+0000] {dag.py:3823} INFO - Setting next_dagrun for air_quality_pipeline to 2026-08-10 21:05:00+00:00, run_after=2026-08-10 22:05:00+00:00
[2026-08-10T21:49:59.593+0000] {processor.py:183} INFO - Processing /opt/airflow/dags/spark_pipeline_dag.py took 0.173 seconds
[2026-08-10T21:50:29.928+0000] {processor.py:161} INFO - Started process (PID=24702) to work on /opt/airflow/dags/spark_pipeline_dag.py
[2026-08-10T21:50:29.929+0000] {processor.py:830} INFO - Processing file /opt/airflow/dags/spark_pipeline_dag.py for tasks to queue
[2026-08-10T21:50:29.936+0000] {logging_mixin.py:188} INFO - [2026-08-10T21:50:29.931+0000] {dagbag.py:538} INFO - Filling up the DagBag from /opt/airflow/dags/spark_pipeline_dag.py
[2026-08-10T21:50:29.970+0000] {processor.py:840} INFO - DAG(s) 'air_quality_pipeline' retrieved from /opt/airflow/dags/spark_pipeline_dag.py
[2026-08-10T21:50:30.011+0000] {logging_mixin.py:188} INFO - [2026-08-10T21:50:30.011+0000] {dag.py:3036} INFO - Sync 1 DAGs
[2026-08-10T21:50:30.058+0000] {logging_mixin.py:188} INFO - [2026-08-10T21:50:30.058+0000] {dag.py:3823} INFO - Setting next_dagrun for air_quality_pipeline to 2026-08-10 21:05:00+00:00, run_after=2026-08-10 22:05:00+00:00
[2026-08-10T21:50:30.086+0000] {processor.py:183} INFO - Processing /opt/airflow/dags/spark_pipeline_dag.py took 0.163 seconds
[2026-08-10T21:51:00.379+0000] {processor.py:161} INFO - Started process (PID=24712) to work on /opt/airflow/dags/spark_pipeline_dag.py
[2026-08-10T21:51:00.381+0000] {processor.py:830} INFO - Processing file /opt/airflow/dags/spark_pipeline_dag.py for tasks to queue
[2026-08-10T21:51:00.382+0000] {logging_mixin.py:188} INFO - [2026-08-10T21:51:00.381+0000] {dagbag.py:538} INFO - Filling up the DagBag from /opt/airflow/dags/spark_pipeline_dag.py
[2026-08-10T21:51:00.412+0000] {processor.py:840} INFO - DAG(s) 'air_quality_pipeline' retrieved from /opt/airflow/dags/spark_pipeline_dag.py
[2026-08-10T21:51:00.444+0000] {logging_mixin.py:188} INFO - [2026-08-10T21:51:00.444+0000] {dag.py:3036} INFO - Sync 1 DAGs
[2026-08-10T21:51:00.473+0000] {logging_mixin.py:188} INFO - [2026-08-10T21:51:00.472+0000] {dag.py:3823} INFO - Setting next_dagrun for air_quality_pipeline to 2026-08-10 21:05:00+00:00, run_after=2026-08-10 22:05:00+00:00
[2026-08-10T21:51:00.499+0000] {processor.py:183} INFO - Processing /opt/airflow/dags/spark_pipeline_dag.py took 0.123 seconds
[2026-08-10T21:51:30.790+0000] {processor.py:161} INFO - Started process (PID=24722) to work on /opt/airflow/dags/spark_pipeline_dag.py
[2026-08-10T21:51:30.792+0000] {processor.py:830} INFO - Processing file /opt/airflow/dags/spark_pipeline_dag.py for tasks to queue
[2026-08-10T21:51:30.794+0000] {logging_mixin.py:188} INFO - [2026-08-10T21:51:30.793+0000] {dagbag.py:538} INFO - Filling up the DagBag from /opt/airflow/dags/spark_pipeline_dag.py
[2026-08-10T21:51:30.825+0000] {processor.py:840} INFO - DAG(s) 'air_quality_pipeline' retrieved from /opt/airflow/dags/spark_pipeline_dag.py
[2026-08-10T21:51:30.863+0000] {logging_mixin.py:188} INFO - [2026-08-10T21:51:30.862+0000] {dag.py:3036} INFO - Sync 1 DAGs
[2026-08-10T21:51:30.896+0000] {logging_mixin.py:188} INFO - [2026-08-10T21:51:30.896+0000] {dag.py:3823} INFO - Setting next_dagrun for air_quality_pipeline to 2026-08-10 21:05:00+00:00, run_after=2026-08-10 22:05:00+00:00
[2026-08-10T21:51:30.934+0000] {processor.py:183} INFO - Processing /opt/airflow/dags/spark_pipeline_dag.py took 0.155 seconds
[2026-08-10T21:52:01.217+0000] {processor.py:161} INFO - Started process (PID=24732) to work on /opt/airflow/dags/spark_pipeline_dag.py
[2026-08-10T21:52:01.219+0000] {processor.py:830} INFO - Processing file /opt/airflow/dags/spark_pipeline_dag.py for tasks to queue
[2026-08-10T21:52:01.222+0000] {logging_mixin.py:188} INFO - [2026-08-10T21:52:01.222+0000] {dagbag.py:538} INFO - Filling up the DagBag from /opt/airflow/dags/spark_pipeline_dag.py
[2026-08-10T21:52:01.260+0000] {processor.py:840} INFO - DAG(s) 'air_quality_pipeline' retrieved from /opt/airflow/dags/spark_pipeline_dag.py
[2026-08-10T21:52:01.289+0000] {logging_mixin.py:188} INFO - [2026-08-10T21:52:01.289+0000] {dag.py:3036} INFO - Sync 1 DAGs
[2026-08-10T21:52:01.315+0000] {logging_mixin.py:188} INFO - [2026-08-10T21:52:01.314+0000] {dag.py:3823} INFO - Setting next_dagrun for air_quality_pipeline to 2026-08-10 21:05:00+00:00, run_after=2026-08-10 22:05:00+00:00
[2026-08-10T21:52:01.337+0000] {processor.py:183} INFO - Processing /opt/airflow/dags/spark_pipeline_dag.py took 0.123 seconds
[2026-08-10T21:52:31.689+0000] {processor.py:161} INFO - Started process (PID=24742) to work on /opt/airflow/dags/spark_pipeline_dag.py
[2026-08-10T21:52:31.690+0000] {processor.py:830} INFO - Processing file /opt/airflow/dags/spark_pipeline_dag.py for tasks to queue
[2026-08-10T21:52:31.692+0000] {logging_mixin.py:188} INFO - [2026-08-10T21:52:31.691+0000] {dagbag.py:538} INFO - Filling up the DagBag from /opt/airflow/dags/spark_pipeline_dag.py
[2026-08-10T21:52:31.724+0000] {processor.py:840} INFO - DAG(s) 'air_quality_pipeline' retrieved from /opt/airflow/dags/spark_pipeline_dag.py
[2026-08-10T21:52:31.751+0000] {logging_mixin.py:188} INFO - [2026-08-10T21:52:31.750+0000] {dag.py:3036} INFO - Sync 1 DAGs
[2026-08-10T21:52:31.777+0000] {logging_mixin.py:188} INFO - [2026-08-10T21:52:31.776+0000] {dag.py:3823} INFO - Setting next_dagrun for air_quality_pipeline to 2026-08-10 21:05:00+00:00, run_after=2026-08-10 22:05:00+00:00
[2026-08-10T21:52:31.802+0000] {processor.py:183} INFO - Processing /opt/airflow/dags/spark_pipeline_dag.py took 0.117 seconds
[2026-08-10T21:53:02.105+0000] {processor.py:161} INFO - Started process (PID=24752) to work on /opt/airflow/dags/spark_pipeline_dag.py
[2026-08-10T21:53:02.107+0000] {processor.py:830} INFO - Processing file /opt/airflow/dags/spark_pipeline_dag.py for tasks to queue
[2026-08-10T21:53:02.108+0000] {logging_mixin.py:188} INFO - [2026-08-10T21:53:02.108+0000] {dagbag.py:538} INFO - Filling up the DagBag from /opt/airflow/dags/spark_pipeline_dag.py
[2026-08-10T21:53:02.140+0000] {processor.py:840} INFO - DAG(s) 'air_quality_pipeline' retrieved from /opt/airflow/dags/spark_pipeline_dag.py
[2026-08-10T21:53:02.170+0000] {logging_mixin.py:188} INFO - [2026-08-10T21:53:02.170+0000] {dag.py:3036} INFO - Sync 1 DAGs
[2026-08-10T21:53:02.197+0000] {logging_mixin.py:188} INFO - [2026-08-10T21:53:02.197+0000] {dag.py:3823} INFO - Setting next_dagrun for air_quality_pipeline to 2026-08-10 21:05:00+00:00, run_after=2026-08-10 22:05:00+00:00
[2026-08-10T21:53:02.242+0000] {processor.py:183} INFO - Processing /opt/airflow/dags/spark_pipeline_dag.py took 0.141 seconds
[2026-08-10T21:53:32.527+0000] {processor.py:161} INFO - Started process (PID=24762) to work on /opt/airflow/dags/spark_pipeline_dag.py
[2026-08-10T21:53:32.531+0000] {processor.py:830} INFO - Processing file /opt/airflow/dags/spark_pipeline_dag.py for tasks to queue
[2026-08-10T21:53:32.533+0000] {logging_mixin.py:188} INFO - [2026-08-10T21:53:32.533+0000] {dagbag.py:538} INFO - Filling up the DagBag from /opt/airflow/dags/spark_pipeline_dag.py
[2026-08-10T21:53:32.573+0000] {processor.py:840} INFO - DAG(s) 'air_quality_pipeline' retrieved from /opt/airflow/dags/spark_pipeline_dag.py
[2026-08-10T21:53:32.613+0000] {logging_mixin.py:188} INFO - [2026-08-10T21:53:32.612+0000] {dag.py:3036} INFO - Sync 1 DAGs
[2026-08-10T21:53:32.648+0000] {logging_mixin.py:188} INFO - [2026-08-10T21:53:32.647+0000] {dag.py:3823} INFO - Setting next_dagrun for air_quality_pipeline to 2026-08-10 21:05:00+00:00, run_after=2026-08-10 22:05:00+00:00
[2026-08-10T21:53:32.693+0000] {processor.py:183} INFO - Processing /opt/airflow/dags/spark_pipeline_dag.py took 0.169 seconds
[2026-08-10T21:54:03.128+0000] {processor.py:161} INFO - Started process (PID=24772) to work on /opt/airflow/dags/spark_pipeline_dag.py
[2026-08-10T21:54:03.129+0000] {processor.py:830} INFO - Processing file /opt/airflow/dags/spark_pipeline_dag.py for tasks to queue
[2026-08-10T21:54:03.131+0000] {logging_mixin.py:188} INFO - [2026-08-10T21:54:03.130+0000] {dagbag.py:538} INFO - Filling up the DagBag from /opt/airflow/dags/spark_pipeline_dag.py
[2026-08-10T21:54:03.160+0000] {processor.py:840} INFO - DAG(s) 'air_quality_pipeline' retrieved from /opt/airflow/dags/spark_pipeline_dag.py
[2026-08-10T21:54:03.192+0000] {logging_mixin.py:188} INFO - [2026-08-10T21:54:03.191+0000] {dag.py:3036} INFO - Sync 1 DAGs
[2026-08-10T21:54:03.216+0000] {logging_mixin.py:188} INFO - [2026-08-10T21:54:03.215+0000] {dag.py:3823} INFO - Setting next_dagrun for air_quality_pipeline to 2026-08-10 21:05:00+00:00, run_after=2026-08-10 22:05:00+00:00
[2026-08-10T21:54:03.239+0000] {processor.py:183} INFO - Processing /opt/airflow/dags/spark_pipeline_dag.py took 0.117 seconds
[2026-08-10T21:54:33.513+0000] {processor.py:161} INFO - Started process (PID=24782) to work on /opt/airflow/dags/spark_pipeline_dag.py
[2026-08-10T21:54:33.514+0000] {processor.py:830} INFO - Processing file /opt/airflow/dags/spark_pipeline_dag.py for tasks to queue
[2026-08-10T21:54:33.516+0000] {logging_mixin.py:188} INFO - [2026-08-10T21:54:33.515+0000] {dagbag.py:538} INFO - Filling up the DagBag from /opt/airflow/dags/spark_pipeline_dag.py
[2026-08-10T21:54:33.543+0000] {processor.py:840} INFO - DAG(s) 'air_quality_pipeline' retrieved from /opt/airflow/dags/spark_pipeline_dag.py
[2026-08-10T21:54:33.569+0000] {logging_mixin.py:188} INFO - [2026-08-10T21:54:33.569+0000] {dag.py:3036} INFO - Sync 1 DAGs
[2026-08-10T21:54:33.597+0000] {logging_mixin.py:188} INFO - [2026-08-10T21:54:33.597+0000] {dag.py:3823} INFO - Setting next_dagrun for air_quality_pipeline to 2026-08-10 21:05:00+00:00, run_after=2026-08-10 22:05:00+00:00
[2026-08-10T21:54:33.641+0000] {processor.py:183} INFO - Processing /opt/airflow/dags/spark_pipeline_dag.py took 0.132 seconds
[2026-08-10T21:55:03.956+0000] {processor.py:161} INFO - Started process (PID=24792) to work on /opt/airflow/dags/spark_pipeline_dag.py
[2026-08-10T21:55:03.958+0000] {processor.py:830} INFO - Processing file /opt/airflow/dags/spark_pipeline_dag.py for tasks to queue
[2026-08-10T21:55:03.959+0000] {logging_mixin.py:188} INFO - [2026-08-10T21:55:03.959+0000] {dagbag.py:538} INFO - Filling up the DagBag from /opt/airflow/dags/spark_pipeline_dag.py
[2026-08-10T21:55:03.986+0000] {processor.py:840} INFO - DAG(s) 'air_quality_pipeline' retrieved from /opt/airflow/dags/spark_pipeline_dag.py
[2026-08-10T21:55:04.013+0000] {logging_mixin.py:188} INFO - [2026-08-10T21:55:04.013+0000] {dag.py:3036} INFO - Sync 1 DAGs
[2026-08-10T21:55:04.040+0000] {logging_mixin.py:188} INFO - [2026-08-10T21:55:04.040+0000] {dag.py:3823} INFO - Setting next_dagrun for air_quality_pipeline to 2026-08-10 21:05:00+00:00, run_after=2026-08-10 22:05:00+00:00
[2026-08-10T21:55:04.082+0000] {processor.py:183} INFO - Processing /opt/airflow/dags/spark_pipeline_dag.py took 0.128 seconds
[2026-08-10T21:55:34.438+0000] {processor.py:161} INFO - Started process (PID=24802) to work on /opt/airflow/dags/spark_pipeline_dag.py
[2026-08-10T21:55:34.441+0000] {processor.py:830} INFO - Processing file /opt/airflow/dags/spark_pipeline_dag.py for tasks to queue
[2026-08-10T21:55:34.446+0000] {logging_mixin.py:188} INFO - [2026-08-10T21:55:34.444+0000] {dagbag.py:538} INFO - Filling up the DagBag from /opt/airflow/dags/spark_pipeline_dag.py
[2026-08-10T21:55:34.498+0000] {processor.py:840} INFO - DAG(s) 'air_quality_pipeline' retrieved from /opt/airflow/dags/spark_pipeline_dag.py
[2026-08-10T21:55:34.560+0000] {logging_mixin.py:188} INFO - [2026-08-10T21:55:34.559+0000] {dag.py:3036} INFO - Sync 1 DAGs
[2026-08-10T21:55:34.622+0000] {logging_mixin.py:188} INFO - [2026-08-10T21:55:34.621+0000] {dag.py:3823} INFO - Setting next_dagrun for air_quality_pipeline to 2026-08-10 21:05:00+00:00, run_after=2026-08-10 22:05:00+00:00
[2026-08-10T21:55:34.658+0000] {processor.py:183} INFO - Processing /opt/airflow/dags/spark_pipeline_dag.py took 0.227 seconds
[2026-08-10T21:56:04.978+0000] {processor.py:161} INFO - Started process (PID=24812) to work on /opt/airflow/dags/spark_pipeline_dag.py
[2026-08-10T21:56:04.980+0000] {processor.py:830} INFO - Processing file /opt/airflow/dags/spark_pipeline_dag.py for tasks to queue
[2026-08-10T21:56:04.981+0000] {logging_mixin.py:188} INFO - [2026-08-10T21:56:04.981+0000] {dagbag.py:538} INFO - Filling up the DagBag from /opt/airflow/dags/spark_pipeline_dag.py
[2026-08-10T21:56:05.010+0000] {processor.py:840} INFO - DAG(s) 'air_quality_pipeline' retrieved from /opt/airflow/dags/spark_pipeline_dag.py
[2026-08-10T21:56:05.035+0000] {logging_mixin.py:188} INFO - [2026-08-10T21:56:05.034+0000] {dag.py:3036} INFO - Sync 1 DAGs
[2026-08-10T21:56:05.067+0000] {logging_mixin.py:188} INFO - [2026-08-10T21:56:05.067+0000] {dag.py:3823} INFO - Setting next_dagrun for air_quality_pipeline to 2026-08-10 21:05:00+00:00, run_after=2026-08-10 22:05:00+00:00
[2026-08-10T21:56:05.115+0000] {processor.py:183} INFO - Processing /opt/airflow/dags/spark_pipeline_dag.py took 0.141 seconds
[2026-08-10T21:56:35.418+0000] {processor.py:161} INFO - Started process (PID=24822) to work on /opt/airflow/dags/spark_pipeline_dag.py
[2026-08-10T21:56:35.437+0000] {processor.py:830} INFO - Processing file /opt/airflow/dags/spark_pipeline_dag.py for tasks to queue
[2026-08-10T21:56:35.439+0000] {logging_mixin.py:188} INFO - [2026-08-10T21:56:35.439+0000] {dagbag.py:538} INFO - Filling up the DagBag from /opt/airflow/dags/spark_pipeline_dag.py
[2026-08-10T21:56:35.531+0000] {processor.py:840} INFO - DAG(s) 'air_quality_pipeline' retrieved from /opt/airflow/dags/spark_pipeline_dag.py
[2026-08-10T21:56:35.573+0000] {logging_mixin.py:188} INFO - [2026-08-10T21:56:35.573+0000] {dag.py:3036} INFO - Sync 1 DAGs
[2026-08-10T21:56:35.606+0000] {logging_mixin.py:188} INFO - [2026-08-10T21:56:35.605+0000] {dag.py:3823} INFO - Setting next_dagrun for air_quality_pipeline to 2026-08-10 21:05:00+00:00, run_after=2026-08-10 22:05:00+00:00
[2026-08-10T21:56:35.628+0000] {processor.py:183} INFO - Processing /opt/airflow/dags/spark_pipeline_dag.py took 0.214 seconds
[2026-08-10T21:57:06.092+0000] {processor.py:161} INFO - Started process (PID=24832) to work on /opt/airflow/dags/spark_pipeline_dag.py
[2026-08-10T21:57:06.095+0000] {processor.py:830} INFO - Processing file /opt/airflow/dags/spark_pipeline_dag.py for tasks to queue
[2026-08-10T21:57:06.097+0000] {logging_mixin.py:188} INFO - [2026-08-10T21:57:06.096+0000] {dagbag.py:538} INFO - Filling up the DagBag from /opt/airflow/dags/spark_pipeline_dag.py
[2026-08-10T21:57:06.142+0000] {processor.py:840} INFO - DAG(s) 'air_quality_pipeline' retrieved from /opt/airflow/dags/spark_pipeline_dag.py
[2026-08-10T21:57:06.178+0000] {logging_mixin.py:188} INFO - [2026-08-10T21:57:06.177+0000] {dag.py:3036} INFO - Sync 1 DAGs
[2026-08-10T21:57:06.218+0000] {logging_mixin.py:188} INFO - [2026-08-10T21:57:06.218+0000] {dag.py:3823} INFO - Setting next_dagrun for air_quality_pipeline to 2026-08-10 21:05:00+00:00, run_after=2026-08-10 22:05:00+00:00
[2026-08-10T21:57:06.274+0000] {processor.py:183} INFO - Processing /opt/airflow/dags/spark_pipeline_dag.py took 0.188 seconds
[2026-08-10T21:57:36.588+0000] {processor.py:161} INFO - Started process (PID=24842) to work on /opt/airflow/dags/spark_pipeline_dag.py
[2026-08-10T21:57:36.589+0000] {processor.py:830} INFO - Processing file /opt/airflow/dags/spark_pipeline_dag.py for tasks to queue
[2026-08-10T21:57:36.591+0000] {logging_mixin.py:188} INFO - [2026-08-10T21:57:36.590+0000] {dagbag.py:538} INFO - Filling up the DagBag from /opt/airflow/dags/spark_pipeline_dag.py
[2026-08-10T21:57:36.612+0000] {processor.py:840} INFO - DAG(s) 'air_quality_pipeline' retrieved from /opt/airflow/dags/spark_pipeline_dag.py
[2026-08-10T21:57:36.638+0000] {logging_mixin.py:188} INFO - [2026-08-10T21:57:36.638+0000] {dag.py:3036} INFO - Sync 1 DAGs
[2026-08-10T21:57:36.670+0000] {logging_mixin.py:188} INFO - [2026-08-10T21:57:36.670+0000] {dag.py:3823} INFO - Setting next_dagrun for air_quality_pipeline to 2026-08-10 21:05:00+00:00, run_after=2026-08-10 22:05:00+00:00
[2026-08-10T21:57:36.712+0000] {processor.py:183} INFO - Processing /opt/airflow/dags/spark_pipeline_dag.py took 0.128 seconds
[2026-08-10T21:58:06.984+0000] {processor.py:161} INFO - Started process (PID=24852) to work on /opt/airflow/dags/spark_pipeline_dag.py
[2026-08-10T21:58:06.988+0000] {processor.py:830} INFO - Processing file /opt/airflow/dags/spark_pipeline_dag.py for tasks to queue
[2026-08-10T21:58:06.989+0000] {logging_mixin.py:188} INFO - [2026-08-10T21:58:06.989+0000] {dagbag.py:538} INFO - Filling up the DagBag from /opt/airflow/dags/spark_pipeline_dag.py
[2026-08-10T21:58:07.019+0000] {processor.py:840} INFO - DAG(s) 'air_quality_pipeline' retrieved from /opt/airflow/dags/spark_pipeline_dag.py
[2026-08-10T21:58:07.049+0000] {logging_mixin.py:188} INFO - [2026-08-10T21:58:07.049+0000] {dag.py:3036} INFO - Sync 1 DAGs
[2026-08-10T21:58:07.108+0000] {logging_mixin.py:188} INFO - [2026-08-10T21:58:07.108+0000] {dag.py:3823} INFO - Setting next_dagrun for air_quality_pipeline to 2026-08-10 21:05:00+00:00, run_after=2026-08-10 22:05:00+00:00
[2026-08-10T21:58:07.131+0000] {processor.py:183} INFO - Processing /opt/airflow/dags/spark_pipeline_dag.py took 0.151 seconds
[2026-08-10T21:58:37.449+0000] {processor.py:161} INFO - Started process (PID=24862) to work on /opt/airflow/dags/spark_pipeline_dag.py
[2026-08-10T21:58:37.451+0000] {processor.py:830} INFO - Processing file /opt/airflow/dags/spark_pipeline_dag.py for tasks to queue
[2026-08-10T21:58:37.452+0000] {logging_mixin.py:188} INFO - [2026-08-10T21:58:37.452+0000] {dagbag.py:538} INFO - Filling up the DagBag from /opt/airflow/dags/spark_pipeline_dag.py
[2026-08-10T21:58:37.475+0000] {processor.py:840} INFO - DAG(s) 'air_quality_pipeline' retrieved from /opt/airflow/dags/spark_pipeline_dag.py
[2026-08-10T21:58:37.515+0000] {logging_mixin.py:188} INFO - [2026-08-10T21:58:37.515+0000] {dag.py:3036} INFO - Sync 1 DAGs
[2026-08-10T21:58:37.559+0000] {logging_mixin.py:188} INFO - [2026-08-10T21:58:37.559+0000] {dag.py:3823} INFO - Setting next_dagrun for air_quality_pipeline to 2026-08-10 21:05:00+00:00, run_after=2026-08-10 22:05:00+00:00
[2026-08-10T21:58:37.617+0000] {processor.py:183} INFO - Processing /opt/airflow/dags/spark_pipeline_dag.py took 0.172 seconds
[2026-08-10T21:59:07.909+0000] {processor.py:161} INFO - Started process (PID=24872) to work on /opt/airflow/dags/spark_pipeline_dag.py
[2026-08-10T21:59:07.911+0000] {processor.py:830} INFO - Processing file /opt/airflow/dags/spark_pipeline_dag.py for tasks to queue
[2026-08-10T21:59:07.913+0000] {logging_mixin.py:188} INFO - [2026-08-10T21:59:07.913+0000] {dagbag.py:538} INFO - Filling up the DagBag from /opt/airflow/dags/spark_pipeline_dag.py
[2026-08-10T21:59:07.960+0000] {processor.py:840} INFO - DAG(s) 'air_quality_pipeline' retrieved from /opt/airflow/dags/spark_pipeline_dag.py
[2026-08-10T21:59:08.019+0000] {logging_mixin.py:188} INFO - [2026-08-10T21:59:08.014+0000] {dag.py:3036} INFO - Sync 1 DAGs
[2026-08-10T21:59:08.084+0000] {logging_mixin.py:188} INFO - [2026-08-10T21:59:08.082+0000] {dag.py:3823} INFO - Setting next_dagrun for air_quality_pipeline to 2026-08-10 21:05:00+00:00, run_after=2026-08-10 22:05:00+00:00
[2026-08-10T21:59:08.130+0000] {processor.py:183} INFO - Processing /opt/airflow/dags/spark_pipeline_dag.py took 0.226 seconds
[2026-08-10T21:59:38.422+0000] {processor.py:161} INFO - Started process (PID=24882) to work on /opt/airflow/dags/spark_pipeline_dag.py
[2026-08-10T21:59:38.423+0000] {processor.py:830} INFO - Processing file /opt/airflow/dags/spark_pipeline_dag.py for tasks to queue
[2026-08-10T21:59:38.425+0000] {logging_mixin.py:188} INFO - [2026-08-10T21:59:38.425+0000] {dagbag.py:538} INFO - Filling up the DagBag from /opt/airflow/dags/spark_pipeline_dag.py
[2026-08-10T21:59:38.451+0000] {processor.py:840} INFO - DAG(s) 'air_quality_pipeline' retrieved from /opt/airflow/dags/spark_pipeline_dag.py
[2026-08-10T21:59:38.489+0000] {logging_mixin.py:188} INFO - [2026-08-10T21:59:38.489+0000] {dag.py:3036} INFO - Sync 1 DAGs
[2026-08-10T21:59:38.524+0000] {logging_mixin.py:188} INFO - [2026-08-10T21:59:38.524+0000] {dag.py:3823} INFO - Setting next_dagrun for air_quality_pipeline to 2026-08-10 21:05:00+00:00, run_after=2026-08-10 22:05:00+00:00
[2026-08-10T21:59:38.547+0000] {processor.py:183} INFO - Processing /opt/airflow/dags/spark_pipeline_dag.py took 0.129 seconds
[2026-08-10T22:00:08.816+0000] {processor.py:161} INFO - Started process (PID=24894) to work on /opt/airflow/dags/spark_pipeline_dag.py
[2026-08-10T22:00:08.817+0000] {processor.py:830} INFO - Processing file /opt/airflow/dags/spark_pipeline_dag.py for tasks to queue
[2026-08-10T22:00:08.818+0000] {logging_mixin.py:188} INFO - [2026-08-10T22:00:08.817+0000] {dagbag.py:538} INFO - Filling up the DagBag from /opt/airflow/dags/spark_pipeline_dag.py
[2026-08-10T22:00:08.848+0000] {processor.py:840} INFO - DAG(s) 'air_quality_pipeline' retrieved from /opt/airflow/dags/spark_pipeline_dag.py
[2026-08-10T22:00:08.875+0000] {logging_mixin.py:188} INFO - [2026-08-10T22:00:08.875+0000] {dag.py:3036} INFO - Sync 1 DAGs
[2026-08-10T22:00:08.909+0000] {logging_mixin.py:188} INFO - [2026-08-10T22:00:08.909+0000] {dag.py:3823} INFO - Setting next_dagrun for air_quality_pipeline to 2026-08-10 21:05:00+00:00, run_after=2026-08-10 22:05:00+00:00
[2026-08-10T22:00:08.941+0000] {processor.py:183} INFO - Processing /opt/airflow/dags/spark_pipeline_dag.py took 0.129 seconds
[2026-08-10T22:00:39.295+0000] {processor.py:161} INFO - Started process (PID=24904) to work on /opt/airflow/dags/spark_pipeline_dag.py
[2026-08-10T22:00:39.297+0000] {processor.py:830} INFO - Processing file /opt/airflow/dags/spark_pipeline_dag.py for tasks to queue
[2026-08-10T22:00:39.298+0000] {logging_mixin.py:188} INFO - [2026-08-10T22:00:39.297+0000] {dagbag.py:538} INFO - Filling up the DagBag from /opt/airflow/dags/spark_pipeline_dag.py
[2026-08-10T22:00:39.328+0000] {processor.py:840} INFO - DAG(s) 'air_quality_pipeline' retrieved from /opt/airflow/dags/spark_pipeline_dag.py
[2026-08-10T22:00:39.356+0000] {logging_mixin.py:188} INFO - [2026-08-10T22:00:39.356+0000] {dag.py:3036} INFO - Sync 1 DAGs
[2026-08-10T22:00:39.394+0000] {logging_mixin.py:188} INFO - [2026-08-10T22:00:39.394+0000] {dag.py:3823} INFO - Setting next_dagrun for air_quality_pipeline to 2026-08-10 21:05:00+00:00, run_after=2026-08-10 22:05:00+00:00
[2026-08-10T22:00:39.417+0000] {processor.py:183} INFO - Processing /opt/airflow/dags/spark_pipeline_dag.py took 0.125 seconds
[2026-08-10T22:01:09.785+0000] {processor.py:161} INFO - Started process (PID=24914) to work on /opt/airflow/dags/spark_pipeline_dag.py
[2026-08-10T22:01:09.787+0000] {processor.py:830} INFO - Processing file /opt/airflow/dags/spark_pipeline_dag.py for tasks to queue
[2026-08-10T22:01:09.790+0000] {logging_mixin.py:188} INFO - [2026-08-10T22:01:09.790+0000] {dagbag.py:538} INFO - Filling up the DagBag from /opt/airflow/dags/spark_pipeline_dag.py
[2026-08-10T22:01:09.850+0000] {processor.py:840} INFO - DAG(s) 'air_quality_pipeline' retrieved from /opt/airflow/dags/spark_pipeline_dag.py
[2026-08-10T22:01:09.887+0000] {logging_mixin.py:188} INFO - [2026-08-10T22:01:09.887+0000] {dag.py:3036} INFO - Sync 1 DAGs
[2026-08-10T22:01:09.927+0000] {logging_mixin.py:188} INFO - [2026-08-10T22:01:09.927+0000] {dag.py:3823} INFO - Setting next_dagrun for air_quality_pipeline to 2026-08-10 21:05:00+00:00, run_after=2026-08-10 22:05:00+00:00
[2026-08-10T22:01:09.954+0000] {processor.py:183} INFO - Processing /opt/airflow/dags/spark_pipeline_dag.py took 0.173 seconds
[2026-08-10T22:01:40.395+0000] {processor.py:161} INFO - Started process (PID=24924) to work on /opt/airflow/dags/spark_pipeline_dag.py
[2026-08-10T22:01:40.397+0000] {processor.py:830} INFO - Processing file /opt/airflow/dags/spark_pipeline_dag.py for tasks to queue
[2026-08-10T22:01:40.400+0000] {logging_mixin.py:188} INFO - [2026-08-10T22:01:40.398+0000] {dagbag.py:538} INFO - Filling up the DagBag from /opt/airflow/dags/spark_pipeline_dag.py
[2026-08-10T22:01:40.449+0000] {processor.py:840} INFO - DAG(s) 'air_quality_pipeline' retrieved from /opt/airflow/dags/spark_pipeline_dag.py
[2026-08-10T22:01:40.484+0000] {logging_mixin.py:188} INFO - [2026-08-10T22:01:40.484+0000] {dag.py:3036} INFO - Sync 1 DAGs
[2026-08-10T22:01:40.530+0000] {logging_mixin.py:188} INFO - [2026-08-10T22:01:40.529+0000] {dag.py:3823} INFO - Setting next_dagrun for air_quality_pipeline to 2026-08-10 21:05:00+00:00, run_after=2026-08-10 22:05:00+00:00
[2026-08-10T22:01:40.563+0000] {processor.py:183} INFO - Processing /opt/airflow/dags/spark_pipeline_dag.py took 0.176 seconds
[2026-08-10T22:02:10.962+0000] {processor.py:161} INFO - Started process (PID=24934) to work on /opt/airflow/dags/spark_pipeline_dag.py
[2026-08-10T22:02:10.964+0000] {processor.py:830} INFO - Processing file /opt/airflow/dags/spark_pipeline_dag.py for tasks to queue
[2026-08-10T22:02:10.967+0000] {logging_mixin.py:188} INFO - [2026-08-10T22:02:10.966+0000] {dagbag.py:538} INFO - Filling up the DagBag from /opt/airflow/dags/spark_pipeline_dag.py
[2026-08-10T22:02:11.015+0000] {processor.py:840} INFO - DAG(s) 'air_quality_pipeline' retrieved from /opt/airflow/dags/spark_pipeline_dag.py
[2026-08-10T22:02:11.061+0000] {logging_mixin.py:188} INFO - [2026-08-10T22:02:11.061+0000] {dag.py:3036} INFO - Sync 1 DAGs
[2026-08-10T22:02:11.095+0000] {logging_mixin.py:188} INFO - [2026-08-10T22:02:11.095+0000] {dag.py:3823} INFO - Setting next_dagrun for air_quality_pipeline to 2026-08-10 21:05:00+00:00, run_after=2026-08-10 22:05:00+00:00
[2026-08-10T22:02:11.131+0000] {processor.py:183} INFO - Processing /opt/airflow/dags/spark_pipeline_dag.py took 0.173 seconds
[2026-08-10T22:02:41.444+0000] {processor.py:161} INFO - Started process (PID=24944) to work on /opt/airflow/dags/spark_pipeline_dag.py
[2026-08-10T22:02:41.446+0000] {processor.py:830} INFO - Processing file /opt/airflow/dags/spark_pipeline_dag.py for tasks to queue
[2026-08-10T22:02:41.448+0000] {logging_mixin.py:188} INFO - [2026-08-10T22:02:41.447+0000] {dagbag.py:538} INFO - Filling up the DagBag from /opt/airflow/dags/spark_pipeline_dag.py
[2026-08-10T22:02:41.503+0000] {processor.py:840} INFO - DAG(s) 'air_quality_pipeline' retrieved from /opt/airflow/dags/spark_pipeline_dag.py
[2026-08-10T22:02:41.534+0000] {logging_mixin.py:188} INFO - [2026-08-10T22:02:41.533+0000] {dag.py:3036} INFO - Sync 1 DAGs
[2026-08-10T22:02:41.565+0000] {logging_mixin.py:188} INFO - [2026-08-10T22:02:41.565+0000] {dag.py:3823} INFO - Setting next_dagrun for air_quality_pipeline to 2026-08-10 21:05:00+00:00, run_after=2026-08-10 22:05:00+00:00
[2026-08-10T22:02:41.590+0000] {processor.py:183} INFO - Processing /opt/airflow/dags/spark_pipeline_dag.py took 0.151 seconds
[2026-08-10T22:03:11.869+0000] {processor.py:161} INFO - Started process (PID=24954) to work on /opt/airflow/dags/spark_pipeline_dag.py
[2026-08-10T22:03:11.871+0000] {processor.py:830} INFO - Processing file /opt/airflow/dags/spark_pipeline_dag.py for tasks to queue
[2026-08-10T22:03:11.872+0000] {logging_mixin.py:188} INFO - [2026-08-10T22:03:11.872+0000] {dagbag.py:538} INFO - Filling up the DagBag from /opt/airflow/dags/spark_pipeline_dag.py
[2026-08-10T22:03:11.904+0000] {processor.py:840} INFO - DAG(s) 'air_quality_pipeline' retrieved from /opt/airflow/dags/spark_pipeline_dag.py
[2026-08-10T22:03:11.937+0000] {logging_mixin.py:188} INFO - [2026-08-10T22:03:11.936+0000] {dag.py:3036} INFO - Sync 1 DAGs
[2026-08-10T22:03:11.962+0000] {logging_mixin.py:188} INFO - [2026-08-10T22:03:11.962+0000] {dag.py:3823} INFO - Setting next_dagrun for air_quality_pipeline to 2026-08-10 21:05:00+00:00, run_after=2026-08-10 22:05:00+00:00
[2026-08-10T22:03:11.987+0000] {processor.py:183} INFO - Processing /opt/airflow/dags/spark_pipeline_dag.py took 0.121 seconds
[2026-08-10T22:03:42.263+0000] {processor.py:161} INFO - Started process (PID=24964) to work on /opt/airflow/dags/spark_pipeline_dag.py
[2026-08-10T22:03:42.265+0000] {processor.py:830} INFO - Processing file /opt/airflow/dags/spark_pipeline_dag.py for tasks to queue
[2026-08-10T22:03:42.266+0000] {logging_mixin.py:188} INFO - [2026-08-10T22:03:42.266+0000] {dagbag.py:538} INFO - Filling up the DagBag from /opt/airflow/dags/spark_pipeline_dag.py
[2026-08-10T22:03:42.291+0000] {processor.py:840} INFO - DAG(s) 'air_quality_pipeline' retrieved from /opt/airflow/dags/spark_pipeline_dag.py
[2026-08-10T22:03:42.319+0000] {logging_mixin.py:188} INFO - [2026-08-10T22:03:42.319+0000] {dag.py:3036} INFO - Sync 1 DAGs
[2026-08-10T22:03:42.346+0000] {logging_mixin.py:188} INFO - [2026-08-10T22:03:42.346+0000] {dag.py:3823} INFO - Setting next_dagrun for air_quality_pipeline to 2026-08-10 21:05:00+00:00, run_after=2026-08-10 22:05:00+00:00
[2026-08-10T22:03:42.375+0000] {processor.py:183} INFO - Processing /opt/airflow/dags/spark_pipeline_dag.py took 0.115 seconds
[2026-08-10T22:04:12.663+0000] {processor.py:161} INFO - Started process (PID=24974) to work on /opt/airflow/dags/spark_pipeline_dag.py
[2026-08-10T22:04:12.665+0000] {processor.py:830} INFO - Processing file /opt/airflow/dags/spark_pipeline_dag.py for tasks to queue
[2026-08-10T22:04:12.668+0000] {logging_mixin.py:188} INFO - [2026-08-10T22:04:12.667+0000] {dagbag.py:538} INFO - Filling up the DagBag from /opt/airflow/dags/spark_pipeline_dag.py
[2026-08-10T22:04:12.700+0000] {processor.py:840} INFO - DAG(s) 'air_quality_pipeline' retrieved from /opt/airflow/dags/spark_pipeline_dag.py
[2026-08-10T22:04:12.732+0000] {logging_mixin.py:188} INFO - [2026-08-10T22:04:12.731+0000] {dag.py:3036} INFO - Sync 1 DAGs
[2026-08-10T22:04:12.761+0000] {logging_mixin.py:188} INFO - [2026-08-10T22:04:12.760+0000] {dag.py:3823} INFO - Setting next_dagrun for air_quality_pipeline to 2026-08-10 21:05:00+00:00, run_after=2026-08-10 22:05:00+00:00
[2026-08-10T22:04:12.789+0000] {processor.py:183} INFO - Processing /opt/airflow/dags/spark_pipeline_dag.py took 0.130 seconds
[2026-08-10T22:04:43.141+0000] {processor.py:161} INFO - Started process (PID=24984) to work on /opt/airflow/dags/spark_pipeline_dag.py
[2026-08-10T22:04:43.143+0000] {processor.py:830} INFO - Processing file /opt/airflow/dags/spark_pipeline_dag.py for tasks to queue
[2026-08-10T22:04:43.144+0000] {logging_mixin.py:188} INFO - [2026-08-10T22:04:43.143+0000] {dagbag.py:538} INFO - Filling up the DagBag from /opt/airflow/dags/spark_pipeline_dag.py
[2026-08-10T22:04:43.174+0000] {processor.py:840} INFO - DAG(s) 'air_quality_pipeline' retrieved from /opt/airflow/dags/spark_pipeline_dag.py
[2026-08-10T22:04:43.196+0000] {logging_mixin.py:188} INFO - [2026-08-10T22:04:43.196+0000] {dag.py:3036} INFO - Sync 1 DAGs
[2026-08-10T22:04:43.218+0000] {logging_mixin.py:188} INFO - [2026-08-10T22:04:43.217+0000] {dag.py:3823} INFO - Setting next_dagrun for air_quality_pipeline to 2026-08-10 21:05:00+00:00, run_after=2026-08-10 22:05:00+00:00
[2026-08-10T22:04:43.238+0000] {processor.py:183} INFO - Processing /opt/airflow/dags/spark_pipeline_dag.py took 0.099 seconds
[2026-08-10T22:05:13.574+0000] {processor.py:161} INFO - Started process (PID=24996) to work on /opt/airflow/dags/spark_pipeline_dag.py
[2026-08-10T22:05:13.576+0000] {processor.py:830} INFO - Processing file /opt/airflow/dags/spark_pipeline_dag.py for tasks to queue
[2026-08-10T22:05:13.578+0000] {logging_mixin.py:188} INFO - [2026-08-10T22:05:13.577+0000] {dagbag.py:538} INFO - Filling up the DagBag from /opt/airflow/dags/spark_pipeline_dag.py
[2026-08-10T22:05:13.611+0000] {processor.py:840} INFO - DAG(s) 'air_quality_pipeline' retrieved from /opt/airflow/dags/spark_pipeline_dag.py
[2026-08-10T22:05:13.633+0000] {logging_mixin.py:188} INFO - [2026-08-10T22:05:13.633+0000] {dag.py:3036} INFO - Sync 1 DAGs
[2026-08-10T22:05:13.655+0000] {logging_mixin.py:188} INFO - [2026-08-10T22:05:13.655+0000] {dag.py:3823} INFO - Setting next_dagrun for air_quality_pipeline to 2026-08-10 22:05:00+00:00, run_after=2026-08-10 23:05:00+00:00
[2026-08-10T22:05:13.674+0000] {processor.py:183} INFO - Processing /opt/airflow/dags/spark_pipeline_dag.py took 0.104 seconds
[2026-08-10T22:05:43.997+0000] {processor.py:161} INFO - Started process (PID=25006) to work on /opt/airflow/dags/spark_pipeline_dag.py
[2026-08-10T22:05:43.998+0000] {processor.py:830} INFO - Processing file /opt/airflow/dags/spark_pipeline_dag.py for tasks to queue
[2026-08-10T22:05:43.999+0000] {logging_mixin.py:188} INFO - [2026-08-10T22:05:43.999+0000] {dagbag.py:538} INFO - Filling up the DagBag from /opt/airflow/dags/spark_pipeline_dag.py
[2026-08-10T22:05:44.030+0000] {processor.py:840} INFO - DAG(s) 'air_quality_pipeline' retrieved from /opt/airflow/dags/spark_pipeline_dag.py
[2026-08-10T22:05:44.052+0000] {logging_mixin.py:188} INFO - [2026-08-10T22:05:44.052+0000] {dag.py:3036} INFO - Sync 1 DAGs
[2026-08-10T22:05:44.076+0000] {logging_mixin.py:188} INFO - [2026-08-10T22:05:44.076+0000] {dag.py:3823} INFO - Setting next_dagrun for air_quality_pipeline to 2026-08-10 22:05:00+00:00, run_after=2026-08-10 23:05:00+00:00
[2026-08-10T22:05:44.102+0000] {processor.py:183} INFO - Processing /opt/airflow/dags/spark_pipeline_dag.py took 0.108 seconds
[2026-08-10T22:06:14.431+0000] {processor.py:161} INFO - Started process (PID=25016) to work on /opt/airflow/dags/spark_pipeline_dag.py
[2026-08-10T22:06:14.432+0000] {processor.py:830} INFO - Processing file /opt/airflow/dags/spark_pipeline_dag.py for tasks to queue
[2026-08-10T22:06:14.434+0000] {logging_mixin.py:188} INFO - [2026-08-10T22:06:14.433+0000] {dagbag.py:538} INFO - Filling up the DagBag from /opt/airflow/dags/spark_pipeline_dag.py
[2026-08-10T22:06:14.467+0000] {processor.py:840} INFO - DAG(s) 'air_quality_pipeline' retrieved from /opt/airflow/dags/spark_pipeline_dag.py
[2026-08-10T22:06:14.489+0000] {logging_mixin.py:188} INFO - [2026-08-10T22:06:14.489+0000] {dag.py:3036} INFO - Sync 1 DAGs
[2026-08-10T22:06:14.514+0000] {logging_mixin.py:188} INFO - [2026-08-10T22:06:14.514+0000] {dag.py:3823} INFO - Setting next_dagrun for air_quality_pipeline to 2026-08-10 22:05:00+00:00, run_after=2026-08-10 23:05:00+00:00
[2026-08-10T22:06:14.535+0000] {processor.py:183} INFO - Processing /opt/airflow/dags/spark_pipeline_dag.py took 0.108 seconds
[2026-08-10T22:06:44.858+0000] {processor.py:161} INFO - Started process (PID=25026) to work on /opt/airflow/dags/spark_pipeline_dag.py
[2026-08-10T22:06:44.859+0000] {processor.py:830} INFO - Processing file /opt/airflow/dags/spark_pipeline_dag.py for tasks to queue
[2026-08-10T22:06:44.861+0000] {logging_mixin.py:188} INFO - [2026-08-10T22:06:44.860+0000] {dagbag.py:538} INFO - Filling up the DagBag from /opt/airflow/dags/spark_pipeline_dag.py
[2026-08-10T22:06:44.900+0000] {processor.py:840} INFO - DAG(s) 'air_quality_pipeline' retrieved from /opt/airflow/dags/spark_pipeline_dag.py
[2026-08-10T22:06:44.924+0000] {logging_mixin.py:188} INFO - [2026-08-10T22:06:44.924+0000] {dag.py:3036} INFO - Sync 1 DAGs
[2026-08-10T22:06:44.946+0000] {logging_mixin.py:188} INFO - [2026-08-10T22:06:44.946+0000] {dag.py:3823} INFO - Setting next_dagrun for air_quality_pipeline to 2026-08-10 22:05:00+00:00, run_after=2026-08-10 23:05:00+00:00
[2026-08-10T22:06:44.966+0000] {processor.py:183} INFO - Processing /opt/airflow/dags/spark_pipeline_dag.py took 0.111 seconds
[2026-08-10T22:07:15.301+0000] {processor.py:161} INFO - Started process (PID=25036) to work on /opt/airflow/dags/spark_pipeline_dag.py
[2026-08-10T22:07:15.303+0000] {processor.py:830} INFO - Processing file /opt/airflow/dags/spark_pipeline_dag.py for tasks to queue
[2026-08-10T22:07:15.305+0000] {logging_mixin.py:188} INFO - [2026-08-10T22:07:15.304+0000] {dagbag.py:538} INFO - Filling up the DagBag from /opt/airflow/dags/spark_pipeline_dag.py
[2026-08-10T22:07:15.338+0000] {processor.py:840} INFO - DAG(s) 'air_quality_pipeline' retrieved from /opt/airflow/dags/spark_pipeline_dag.py
[2026-08-10T22:07:15.359+0000] {logging_mixin.py:188} INFO - [2026-08-10T22:07:15.359+0000] {dag.py:3036} INFO - Sync 1 DAGs
[2026-08-10T22:07:15.378+0000] {logging_mixin.py:188} INFO - [2026-08-10T22:07:15.378+0000] {dag.py:3823} INFO - Setting next_dagrun for air_quality_pipeline to 2026-08-10 22:05:00+00:00, run_after=2026-08-10 23:05:00+00:00
[2026-08-10T22:07:15.399+0000] {processor.py:183} INFO - Processing /opt/airflow/dags/spark_pipeline_dag.py took 0.101 seconds
[2026-08-10T22:07:45.715+0000] {processor.py:161} INFO - Started process (PID=25046) to work on /opt/airflow/dags/spark_pipeline_dag.py
[2026-08-10T22:07:45.717+0000] {processor.py:830} INFO - Processing file /opt/airflow/dags/spark_pipeline_dag.py for tasks to queue
[2026-08-10T22:07:45.718+0000] {logging_mixin.py:188} INFO - [2026-08-10T22:07:45.718+0000] {dagbag.py:538} INFO - Filling up the DagBag from /opt/airflow/dags/spark_pipeline_dag.py
[2026-08-10T22:07:45.745+0000] {processor.py:840} INFO - DAG(s) 'air_quality_pipeline' retrieved from /opt/airflow/dags/spark_pipeline_dag.py
[2026-08-10T22:07:45.763+0000] {logging_mixin.py:188} INFO - [2026-08-10T22:07:45.763+0000] {dag.py:3036} INFO - Sync 1 DAGs
[2026-08-10T22:07:45.783+0000] {logging_mixin.py:188} INFO - [2026-08-10T22:07:45.782+0000] {dag.py:3823} INFO - Setting next_dagrun for air_quality_pipeline to 2026-08-10 22:05:00+00:00, run_after=2026-08-10 23:05:00+00:00
[2026-08-10T22:07:45.803+0000] {processor.py:183} INFO - Processing /opt/airflow/dags/spark_pipeline_dag.py took 0.091 seconds
[2026-08-10T22:08:16.165+0000] {processor.py:161} INFO - Started process (PID=25056) to work on /opt/airflow/dags/spark_pipeline_dag.py
[2026-08-10T22:08:16.167+0000] {processor.py:830} INFO - Processing file /opt/airflow/dags/spark_pipeline_dag.py for tasks to queue
[2026-08-10T22:08:16.168+0000] {logging_mixin.py:188} INFO - [2026-08-10T22:08:16.168+0000] {dagbag.py:538} INFO - Filling up the DagBag from /opt/airflow/dags/spark_pipeline_dag.py
[2026-08-10T22:08:16.194+0000] {processor.py:840} INFO - DAG(s) 'air_quality_pipeline' retrieved from /opt/airflow/dags/spark_pipeline_dag.py
[2026-08-10T22:08:16.219+0000] {logging_mixin.py:188} INFO - [2026-08-10T22:08:16.219+0000] {dag.py:3036} INFO - Sync 1 DAGs
[2026-08-10T22:08:16.239+0000] {logging_mixin.py:188} INFO - [2026-08-10T22:08:16.239+0000] {dag.py:3823} INFO - Setting next_dagrun for air_quality_pipeline to 2026-08-10 22:05:00+00:00, run_after=2026-08-10 23:05:00+00:00
[2026-08-10T22:08:16.261+0000] {processor.py:183} INFO - Processing /opt/airflow/dags/spark_pipeline_dag.py took 0.098 seconds
[2026-08-10T22:08:46.631+0000] {processor.py:161} INFO - Started process (PID=25066) to work on /opt/airflow/dags/spark_pipeline_dag.py
[2026-08-10T22:08:46.633+0000] {processor.py:830} INFO - Processing file /opt/airflow/dags/spark_pipeline_dag.py for tasks to queue
[2026-08-10T22:08:46.634+0000] {logging_mixin.py:188} INFO - [2026-08-10T22:08:46.633+0000] {dagbag.py:538} INFO - Filling up the DagBag from /opt/airflow/dags/spark_pipeline_dag.py
[2026-08-10T22:08:46.667+0000] {processor.py:840} INFO - DAG(s) 'air_quality_pipeline' retrieved from /opt/airflow/dags/spark_pipeline_dag.py
[2026-08-10T22:08:46.695+0000] {logging_mixin.py:188} INFO - [2026-08-10T22:08:46.695+0000] {dag.py:3036} INFO - Sync 1 DAGs
[2026-08-10T22:08:46.717+0000] {logging_mixin.py:188} INFO - [2026-08-10T22:08:46.717+0000] {dag.py:3823} INFO - Setting next_dagrun for air_quality_pipeline to 2026-08-10 22:05:00+00:00, run_after=2026-08-10 23:05:00+00:00
[2026-08-10T22:08:46.740+0000] {processor.py:183} INFO - Processing /opt/airflow/dags/spark_pipeline_dag.py took 0.112 seconds
[2026-08-10T22:09:17.152+0000] {processor.py:161} INFO - Started process (PID=25076) to work on /opt/airflow/dags/spark_pipeline_dag.py
[2026-08-10T22:09:17.153+0000] {processor.py:830} INFO - Processing file /opt/airflow/dags/spark_pipeline_dag.py for tasks to queue
[2026-08-10T22:09:17.154+0000] {logging_mixin.py:188} INFO - [2026-08-10T22:09:17.154+0000] {dagbag.py:538} INFO - Filling up the DagBag from /opt/airflow/dags/spark_pipeline_dag.py
[2026-08-10T22:09:17.178+0000] {processor.py:840} INFO - DAG(s) 'air_quality_pipeline' retrieved from /opt/airflow/dags/spark_pipeline_dag.py
[2026-08-10T22:09:17.199+0000] {logging_mixin.py:188} INFO - [2026-08-10T22:09:17.199+0000] {dag.py:3036} INFO - Sync 1 DAGs
[2026-08-10T22:09:17.222+0000] {logging_mixin.py:188} INFO - [2026-08-10T22:09:17.222+0000] {dag.py:3823} INFO - Setting next_dagrun for air_quality_pipeline to 2026-08-10 22:05:00+00:00, run_after=2026-08-10 23:05:00+00:00
[2026-08-10T22:09:17.243+0000] {processor.py:183} INFO - Processing /opt/airflow/dags/spark_pipeline_dag.py took 0.094 seconds
[2026-08-10T22:09:47.535+0000] {processor.py:161} INFO - Started process (PID=25086) to work on /opt/airflow/dags/spark_pipeline_dag.py
[2026-08-10T22:09:47.536+0000] {processor.py:830} INFO - Processing file /opt/airflow/dags/spark_pipeline_dag.py for tasks to queue
[2026-08-10T22:09:47.538+0000] {logging_mixin.py:188} INFO - [2026-08-10T22:09:47.537+0000] {dagbag.py:538} INFO - Filling up the DagBag from /opt/airflow/dags/spark_pipeline_dag.py
[2026-08-10T22:09:47.566+0000] {processor.py:840} INFO - DAG(s) 'air_quality_pipeline' retrieved from /opt/airflow/dags/spark_pipeline_dag.py
[2026-08-10T22:09:47.590+0000] {logging_mixin.py:188} INFO - [2026-08-10T22:09:47.590+0000] {dag.py:3036} INFO - Sync 1 DAGs
[2026-08-10T22:09:47.615+0000] {logging_mixin.py:188} INFO - [2026-08-10T22:09:47.615+0000] {dag.py:3823} INFO - Setting next_dagrun for air_quality_pipeline to 2026-08-10 22:05:00+00:00, run_after=2026-08-10 23:05:00+00:00
[2026-08-10T22:09:47.635+0000] {processor.py:183} INFO - Processing /opt/airflow/dags/spark_pipeline_dag.py took 0.103 seconds
[2026-08-10T22:10:17.980+0000] {processor.py:161} INFO - Started process (PID=25096) to work on /opt/airflow/dags/spark_pipeline_dag.py
[2026-08-10T22:10:17.981+0000] {processor.py:830} INFO - Processing file /opt/airflow/dags/spark_pipeline_dag.py for tasks to queue
[2026-08-10T22:10:17.982+0000] {logging_mixin.py:188} INFO - [2026-08-10T22:10:17.982+0000] {dagbag.py:538} INFO - Filling up the DagBag from /opt/airflow/dags/spark_pipeline_dag.py
[2026-08-10T22:10:18.009+0000] {processor.py:840} INFO - DAG(s) 'air_quality_pipeline' retrieved from /opt/airflow/dags/spark_pipeline_dag.py
[2026-08-10T22:10:18.038+0000] {logging_mixin.py:188} INFO - [2026-08-10T22:10:18.038+0000] {dag.py:3036} INFO - Sync 1 DAGs
[2026-08-10T22:10:18.060+0000] {logging_mixin.py:188} INFO - [2026-08-10T22:10:18.060+0000] {dag.py:3823} INFO - Setting next_dagrun for air_quality_pipeline to 2026-08-10 22:05:00+00:00, run_after=2026-08-10 23:05:00+00:00
[2026-08-10T22:10:18.083+0000] {processor.py:183} INFO - Processing /opt/airflow/dags/spark_pipeline_dag.py took 0.106 seconds
[2026-08-10T22:10:48.470+0000] {processor.py:161} INFO - Started process (PID=25106) to work on /opt/airflow/dags/spark_pipeline_dag.py
[2026-08-10T22:10:48.472+0000] {processor.py:830} INFO - Processing file /opt/airflow/dags/spark_pipeline_dag.py for tasks to queue
[2026-08-10T22:10:48.474+0000] {logging_mixin.py:188} INFO - [2026-08-10T22:10:48.473+0000] {dagbag.py:538} INFO - Filling up the DagBag from /opt/airflow/dags/spark_pipeline_dag.py
[2026-08-10T22:10:48.514+0000] {processor.py:840} INFO - DAG(s) 'air_quality_pipeline' retrieved from /opt/airflow/dags/spark_pipeline_dag.py
[2026-08-10T22:10:48.537+0000] {logging_mixin.py:188} INFO - [2026-08-10T22:10:48.537+0000] {dag.py:3036} INFO - Sync 1 DAGs
[2026-08-10T22:10:48.565+0000] {logging_mixin.py:188} INFO - [2026-08-10T22:10:48.565+0000] {dag.py:3823} INFO - Setting next_dagrun for air_quality_pipeline to 2026-08-10 22:05:00+00:00, run_after=2026-08-10 23:05:00+00:00
[2026-08-10T22:10:48.587+0000] {processor.py:183} INFO - Processing /opt/airflow/dags/spark_pipeline_dag.py took 0.119 seconds
[2026-08-10T22:11:18.932+0000] {processor.py:161} INFO - Started process (PID=25116) to work on /opt/airflow/dags/spark_pipeline_dag.py
[2026-08-10T22:11:18.935+0000] {processor.py:830} INFO - Processing file /opt/airflow/dags/spark_pipeline_dag.py for tasks to queue
[2026-08-10T22:11:18.938+0000] {logging_mixin.py:188} INFO - [2026-08-10T22:11:18.937+0000] {dagbag.py:538} INFO - Filling up the DagBag from /opt/airflow/dags/spark_pipeline_dag.py
[2026-08-10T22:11:18.982+0000] {processor.py:840} INFO - DAG(s) 'air_quality_pipeline' retrieved from /opt/airflow/dags/spark_pipeline_dag.py
[2026-08-10T22:11:19.005+0000] {logging_mixin.py:188} INFO - [2026-08-10T22:11:19.005+0000] {dag.py:3036} INFO - Sync 1 DAGs
[2026-08-10T22:11:19.026+0000] {logging_mixin.py:188} INFO - [2026-08-10T22:11:19.026+0000] {dag.py:3823} INFO - Setting next_dagrun for air_quality_pipeline to 2026-08-10 22:05:00+00:00, run_after=2026-08-10 23:05:00+00:00
[2026-08-10T22:11:19.046+0000] {processor.py:183} INFO - Processing /opt/airflow/dags/spark_pipeline_dag.py took 0.116 seconds
[2026-08-10T22:11:49.386+0000] {processor.py:161} INFO - Started process (PID=25126) to work on /opt/airflow/dags/spark_pipeline_dag.py
[2026-08-10T22:11:49.387+0000] {processor.py:830} INFO - Processing file /opt/airflow/dags/spark_pipeline_dag.py for tasks to queue
[2026-08-10T22:11:49.389+0000] {logging_mixin.py:188} INFO - [2026-08-10T22:11:49.388+0000] {dagbag.py:538} INFO - Filling up the DagBag from /opt/airflow/dags/spark_pipeline_dag.py
[2026-08-10T22:11:49.433+0000] {processor.py:840} INFO - DAG(s) 'air_quality_pipeline' retrieved from /opt/airflow/dags/spark_pipeline_dag.py
[2026-08-10T22:11:49.460+0000] {logging_mixin.py:188} INFO - [2026-08-10T22:11:49.459+0000] {dag.py:3036} INFO - Sync 1 DAGs
[2026-08-10T22:11:49.481+0000] {logging_mixin.py:188} INFO - [2026-08-10T22:11:49.481+0000] {dag.py:3823} INFO - Setting next_dagrun for air_quality_pipeline to 2026-08-10 22:05:00+00:00, run_after=2026-08-10 23:05:00+00:00
[2026-08-10T22:11:49.503+0000] {processor.py:183} INFO - Processing /opt/airflow/dags/spark_pipeline_dag.py took 0.120 seconds
[2026-08-10T22:12:19.821+0000] {processor.py:161} INFO - Started process (PID=25136) to work on /opt/airflow/dags/spark_pipeline_dag.py
[2026-08-10T22:12:19.822+0000] {processor.py:830} INFO - Processing file /opt/airflow/dags/spark_pipeline_dag.py for tasks to queue
[2026-08-10T22:12:19.823+0000] {logging_mixin.py:188} INFO - [2026-08-10T22:12:19.823+0000] {dagbag.py:538} INFO - Filling up the DagBag from /opt/airflow/dags/spark_pipeline_dag.py
[2026-08-10T22:12:19.859+0000] {processor.py:840} INFO - DAG(s) 'air_quality_pipeline' retrieved from /opt/airflow/dags/spark_pipeline_dag.py
[2026-08-10T22:12:19.887+0000] {logging_mixin.py:188} INFO - [2026-08-10T22:12:19.886+0000] {dag.py:3036} INFO - Sync 1 DAGs
[2026-08-10T22:12:19.915+0000] {logging_mixin.py:188} INFO - [2026-08-10T22:12:19.915+0000] {dag.py:3823} INFO - Setting next_dagrun for air_quality_pipeline to 2026-08-10 22:05:00+00:00, run_after=2026-08-10 23:05:00+00:00
[2026-08-10T22:12:19.945+0000] {processor.py:183} INFO - Processing /opt/airflow/dags/spark_pipeline_dag.py took 0.127 seconds
[2026-08-10T22:12:50.264+0000] {processor.py:161} INFO - Started process (PID=25146) to work on /opt/airflow/dags/spark_pipeline_dag.py
[2026-08-10T22:12:50.265+0000] {processor.py:830} INFO - Processing file /opt/airflow/dags/spark_pipeline_dag.py for tasks to queue
[2026-08-10T22:12:50.267+0000] {logging_mixin.py:188} INFO - [2026-08-10T22:12:50.266+0000] {dagbag.py:538} INFO - Filling up the DagBag from /opt/airflow/dags/spark_pipeline_dag.py
[2026-08-10T22:12:50.294+0000] {processor.py:840} INFO - DAG(s) 'air_quality_pipeline' retrieved from /opt/airflow/dags/spark_pipeline_dag.py
[2026-08-10T22:12:50.318+0000] {logging_mixin.py:188} INFO - [2026-08-10T22:12:50.318+0000] {dag.py:3036} INFO - Sync 1 DAGs
[2026-08-10T22:12:50.340+0000] {logging_mixin.py:188} INFO - [2026-08-10T22:12:50.340+0000] {dag.py:3823} INFO - Setting next_dagrun for air_quality_pipeline to 2026-08-10 22:05:00+00:00, run_after=2026-08-10 23:05:00+00:00
[2026-08-10T22:12:50.363+0000] {processor.py:183} INFO - Processing /opt/airflow/dags/spark_pipeline_dag.py took 0.102 seconds
[2026-08-10T22:13:20.692+0000] {processor.py:161} INFO - Started process (PID=25156) to work on /opt/airflow/dags/spark_pipeline_dag.py
[2026-08-10T22:13:20.694+0000] {processor.py:830} INFO - Processing file /opt/airflow/dags/spark_pipeline_dag.py for tasks to queue
[2026-08-10T22:13:20.695+0000] {logging_mixin.py:188} INFO - [2026-08-10T22:13:20.695+0000] {dagbag.py:538} INFO - Filling up the DagBag from /opt/airflow/dags/spark_pipeline_dag.py
[2026-08-10T22:13:20.721+0000] {processor.py:840} INFO - DAG(s) 'air_quality_pipeline' retrieved from /opt/airflow/dags/spark_pipeline_dag.py
[2026-08-10T22:13:20.742+0000] {logging_mixin.py:188} INFO - [2026-08-10T22:13:20.742+0000] {dag.py:3036} INFO - Sync 1 DAGs
[2026-08-10T22:13:20.766+0000] {logging_mixin.py:188} INFO - [2026-08-10T22:13:20.766+0000] {dag.py:3823} INFO - Setting next_dagrun for air_quality_pipeline to 2026-08-10 22:05:00+00:00, run_after=2026-08-10 23:05:00+00:00
[2026-08-10T22:13:20.786+0000] {processor.py:183} INFO - Processing /opt/airflow/dags/spark_pipeline_dag.py took 0.098 seconds
[2026-08-10T22:13:51.076+0000] {processor.py:161} INFO - Started process (PID=25166) to work on /opt/airflow/dags/spark_pipeline_dag.py
[2026-08-10T22:13:51.078+0000] {processor.py:830} INFO - Processing file /opt/airflow/dags/spark_pipeline_dag.py for tasks to queue
[2026-08-10T22:13:51.080+0000] {logging_mixin.py:188} INFO - [2026-08-10T22:13:51.079+0000] {dagbag.py:538} INFO - Filling up the DagBag from /opt/airflow/dags/spark_pipeline_dag.py
[2026-08-10T22:13:51.111+0000] {processor.py:840} INFO - DAG(s) 'air_quality_pipeline' retrieved from /opt/airflow/dags/spark_pipeline_dag.py
[2026-08-10T22:13:51.140+0000] {logging_mixin.py:188} INFO - [2026-08-10T22:13:51.139+0000] {dag.py:3036} INFO - Sync 1 DAGs
[2026-08-10T22:13:51.161+0000] {logging_mixin.py:188} INFO - [2026-08-10T22:13:51.161+0000] {dag.py:3823} INFO - Setting next_dagrun for air_quality_pipeline to 2026-08-10 22:05:00+00:00, run_after=2026-08-10 23:05:00+00:00
[2026-08-10T22:13:51.185+0000] {processor.py:183} INFO - Processing /opt/airflow/dags/spark_pipeline_dag.py took 0.112 seconds
[2026-08-10T22:14:21.506+0000] {processor.py:161} INFO - Started process (PID=25176) to work on /opt/airflow/dags/spark_pipeline_dag.py
[2026-08-10T22:14:21.509+0000] {processor.py:830} INFO - Processing file /opt/airflow/dags/spark_pipeline_dag.py for tasks to queue
[2026-08-10T22:14:21.511+0000] {logging_mixin.py:188} INFO - [2026-08-10T22:14:21.510+0000] {dagbag.py:538} INFO - Filling up the DagBag from /opt/airflow/dags/spark_pipeline_dag.py
[2026-08-10T22:14:21.564+0000] {processor.py:840} INFO - DAG(s) 'air_quality_pipeline' retrieved from /opt/airflow/dags/spark_pipeline_dag.py
[2026-08-10T22:14:21.590+0000] {logging_mixin.py:188} INFO - [2026-08-10T22:14:21.590+0000] {dag.py:3036} INFO - Sync 1 DAGs
[2026-08-10T22:14:21.614+0000] {logging_mixin.py:188} INFO - [2026-08-10T22:14:21.614+0000] {dag.py:3823} INFO - Setting next_dagrun for air_quality_pipeline to 2026-08-10 22:05:00+00:00, run_after=2026-08-10 23:05:00+00:00
[2026-08-10T22:14:21.635+0000] {processor.py:183} INFO - Processing /opt/airflow/dags/spark_pipeline_dag.py took 0.133 seconds
[2026-08-10T22:14:51.956+0000] {processor.py:161} INFO - Started process (PID=25186) to work on /opt/airflow/dags/spark_pipeline_dag.py
[2026-08-10T22:14:51.959+0000] {processor.py:830} INFO - Processing file /opt/airflow/dags/spark_pipeline_dag.py for tasks to queue
[2026-08-10T22:14:51.961+0000] {logging_mixin.py:188} INFO - [2026-08-10T22:14:51.960+0000] {dagbag.py:538} INFO - Filling up the DagBag from /opt/airflow/dags/spark_pipeline_dag.py
[2026-08-10T22:14:52.018+0000] {processor.py:840} INFO - DAG(s) 'air_quality_pipeline' retrieved from /opt/airflow/dags/spark_pipeline_dag.py
[2026-08-10T22:14:52.049+0000] {logging_mixin.py:188} INFO - [2026-08-10T22:14:52.048+0000] {dag.py:3036} INFO - Sync 1 DAGs
[2026-08-10T22:14:52.071+0000] {logging_mixin.py:188} INFO - [2026-08-10T22:14:52.071+0000] {dag.py:3823} INFO - Setting next_dagrun for air_quality_pipeline to 2026-08-10 22:05:00+00:00, run_after=2026-08-10 23:05:00+00:00
[2026-08-10T22:14:52.092+0000] {processor.py:183} INFO - Processing /opt/airflow/dags/spark_pipeline_dag.py took 0.141 seconds
[2026-08-10T22:15:22.460+0000] {processor.py:161} INFO - Started process (PID=25196) to work on /opt/airflow/dags/spark_pipeline_dag.py
[2026-08-10T22:15:22.462+0000] {processor.py:830} INFO - Processing file /opt/airflow/dags/spark_pipeline_dag.py for tasks to queue
[2026-08-10T22:15:22.464+0000] {logging_mixin.py:188} INFO - [2026-08-10T22:15:22.463+0000] {dagbag.py:538} INFO - Filling up the DagBag from /opt/airflow/dags/spark_pipeline_dag.py
[2026-08-10T22:15:22.501+0000] {processor.py:840} INFO - DAG(s) 'air_quality_pipeline' retrieved from /opt/airflow/dags/spark_pipeline_dag.py
[2026-08-10T22:15:22.526+0000] {logging_mixin.py:188} INFO - [2026-08-10T22:15:22.525+0000] {dag.py:3036} INFO - Sync 1 DAGs
[2026-08-10T22:15:22.548+0000] {logging_mixin.py:188} INFO - [2026-08-10T22:15:22.548+0000] {dag.py:3823} INFO - Setting next_dagrun for air_quality_pipeline to 2026-08-10 22:05:00+00:00, run_after=2026-08-10 23:05:00+00:00
[2026-08-10T22:15:22.570+0000] {processor.py:183} INFO - Processing /opt/airflow/dags/spark_pipeline_dag.py took 0.114 seconds
[2026-08-10T22:15:52.877+0000] {processor.py:161} INFO - Started process (PID=25206) to work on /opt/airflow/dags/spark_pipeline_dag.py
[2026-08-10T22:15:52.879+0000] {processor.py:830} INFO - Processing file /opt/airflow/dags/spark_pipeline_dag.py for tasks to queue
[2026-08-10T22:15:52.880+0000] {logging_mixin.py:188} INFO - [2026-08-10T22:15:52.880+0000] {dagbag.py:538} INFO - Filling up the DagBag from /opt/airflow/dags/spark_pipeline_dag.py
[2026-08-10T22:15:52.908+0000] {processor.py:840} INFO - DAG(s) 'air_quality_pipeline' retrieved from /opt/airflow/dags/spark_pipeline_dag.py
[2026-08-10T22:15:52.930+0000] {logging_mixin.py:188} INFO - [2026-08-10T22:15:52.929+0000] {dag.py:3036} INFO - Sync 1 DAGs
[2026-08-10T22:15:52.949+0000] {logging_mixin.py:188} INFO - [2026-08-10T22:15:52.948+0000] {dag.py:3823} INFO - Setting next_dagrun for air_quality_pipeline to 2026-08-10 22:05:00+00:00, run_after=2026-08-10 23:05:00+00:00
[2026-08-10T22:15:52.970+0000] {processor.py:183} INFO - Processing /opt/airflow/dags/spark_pipeline_dag.py took 0.097 seconds
[2026-08-10T22:16:23.285+0000] {processor.py:161} INFO - Started process (PID=25216) to work on /opt/airflow/dags/spark_pipeline_dag.py
[2026-08-10T22:16:23.286+0000] {processor.py:830} INFO - Processing file /opt/airflow/dags/spark_pipeline_dag.py for tasks to queue
[2026-08-10T22:16:23.287+0000] {logging_mixin.py:188} INFO - [2026-08-10T22:16:23.287+0000] {dagbag.py:538} INFO - Filling up the DagBag from /opt/airflow/dags/spark_pipeline_dag.py
[2026-08-10T22:16:23.320+0000] {processor.py:840} INFO - DAG(s) 'air_quality_pipeline' retrieved from /opt/airflow/dags/spark_pipeline_dag.py
[2026-08-10T22:16:23.341+0000] {logging_mixin.py:188} INFO - [2026-08-10T22:16:23.341+0000] {dag.py:3036} INFO - Sync 1 DAGs
[2026-08-10T22:16:23.362+0000] {logging_mixin.py:188} INFO - [2026-08-10T22:16:23.361+0000] {dag.py:3823} INFO - Setting next_dagrun for air_quality_pipeline to 2026-08-10 22:05:00+00:00, run_after=2026-08-10 23:05:00+00:00
[2026-08-10T22:16:23.386+0000] {processor.py:183} INFO - Processing /opt/airflow/dags/spark_pipeline_dag.py took 0.104 seconds
[2026-08-10T22:16:53.712+0000] {processor.py:161} INFO - Started process (PID=25226) to work on /opt/airflow/dags/spark_pipeline_dag.py
[2026-08-10T22:16:53.714+0000] {processor.py:830} INFO - Processing file /opt/airflow/dags/spark_pipeline_dag.py for tasks to queue
[2026-08-10T22:16:53.714+0000] {logging_mixin.py:188} INFO - [2026-08-10T22:16:53.714+0000] {dagbag.py:538} INFO - Filling up the DagBag from /opt/airflow/dags/spark_pipeline_dag.py
[2026-08-10T22:16:53.746+0000] {processor.py:840} INFO - DAG(s) 'air_quality_pipeline' retrieved from /opt/airflow/dags/spark_pipeline_dag.py
[2026-08-10T22:16:53.769+0000] {logging_mixin.py:188} INFO - [2026-08-10T22:16:53.768+0000] {dag.py:3036} INFO - Sync 1 DAGs
[2026-08-10T22:16:53.788+0000] {logging_mixin.py:188} INFO - [2026-08-10T22:16:53.788+0000] {dag.py:3823} INFO - Setting next_dagrun for air_quality_pipeline to 2026-08-10 22:05:00+00:00, run_after=2026-08-10 23:05:00+00:00
[2026-08-10T22:16:53.808+0000] {processor.py:183} INFO - Processing /opt/airflow/dags/spark_pipeline_dag.py took 0.099 seconds
[2026-08-10T22:17:24.116+0000] {processor.py:161} INFO - Started process (PID=25236) to work on /opt/airflow/dags/spark_pipeline_dag.py
[2026-08-10T22:17:24.119+0000] {processor.py:830} INFO - Processing file /opt/airflow/dags/spark_pipeline_dag.py for tasks to queue
[2026-08-10T22:17:24.121+0000] {logging_mixin.py:188} INFO - [2026-08-10T22:17:24.120+0000] {dagbag.py:538} INFO - Filling up the DagBag from /opt/airflow/dags/spark_pipeline_dag.py
[2026-08-10T22:17:24.152+0000] {processor.py:840} INFO - DAG(s) 'air_quality_pipeline' retrieved from /opt/airflow/dags/spark_pipeline_dag.py
[2026-08-10T22:17:24.178+0000] {logging_mixin.py:188} INFO - [2026-08-10T22:17:24.177+0000] {dag.py:3036} INFO - Sync 1 DAGs
[2026-08-10T22:17:24.198+0000] {logging_mixin.py:188} INFO - [2026-08-10T22:17:24.198+0000] {dag.py:3823} INFO - Setting next_dagrun for air_quality_pipeline to 2026-08-10 22:05:00+00:00, run_after=2026-08-10 23:05:00+00:00
[2026-08-10T22:17:24.219+0000] {processor.py:183} INFO - Processing /opt/airflow/dags/spark_pipeline_dag.py took 0.110 seconds
[2026-08-10T22:17:54.537+0000] {processor.py:161} INFO - Started process (PID=25246) to work on /opt/airflow/dags/spark_pipeline_dag.py
[2026-08-10T22:17:54.539+0000] {processor.py:830} INFO - Processing file /opt/airflow/dags/spark_pipeline_dag.py for tasks to queue
[2026-08-10T22:17:54.541+0000] {logging_mixin.py:188} INFO - [2026-08-10T22:17:54.540+0000] {dagbag.py:538} INFO - Filling up the DagBag from /opt/airflow/dags/spark_pipeline_dag.py
[2026-08-10T22:17:54.571+0000] {processor.py:840} INFO - DAG(s) 'air_quality_pipeline' retrieved from /opt/airflow/dags/spark_pipeline_dag.py
[2026-08-10T22:17:54.594+0000] {logging_mixin.py:188} INFO - [2026-08-10T22:17:54.594+0000] {dag.py:3036} INFO - Sync 1 DAGs
[2026-08-10T22:17:54.618+0000] {logging_mixin.py:188} INFO - [2026-08-10T22:17:54.618+0000] {dag.py:3823} INFO - Setting next_dagrun for air_quality_pipeline to 2026-08-10 22:05:00+00:00, run_after=2026-08-10 23:05:00+00:00
[2026-08-10T22:17:54.640+0000] {processor.py:183} INFO - Processing /opt/airflow/dags/spark_pipeline_dag.py took 0.105 seconds
[2026-08-10T22:18:24.951+0000] {processor.py:161} INFO - Started process (PID=25256) to work on /opt/airflow/dags/spark_pipeline_dag.py
[2026-08-10T22:18:24.952+0000] {processor.py:830} INFO - Processing file /opt/airflow/dags/spark_pipeline_dag.py for tasks to queue
[2026-08-10T22:18:24.953+0000] {logging_mixin.py:188} INFO - [2026-08-10T22:18:24.953+0000] {dagbag.py:538} INFO - Filling up the DagBag from /opt/airflow/dags/spark_pipeline_dag.py
[2026-08-10T22:18:24.988+0000] {processor.py:840} INFO - DAG(s) 'air_quality_pipeline' retrieved from /opt/airflow/dags/spark_pipeline_dag.py
[2026-08-10T22:18:25.011+0000] {logging_mixin.py:188} INFO - [2026-08-10T22:18:25.011+0000] {dag.py:3036} INFO - Sync 1 DAGs
[2026-08-10T22:18:25.033+0000] {logging_mixin.py:188} INFO - [2026-08-10T22:18:25.033+0000] {dag.py:3823} INFO - Setting next_dagrun for air_quality_pipeline to 2026-08-10 22:05:00+00:00, run_after=2026-08-10 23:05:00+00:00
[2026-08-10T22:18:25.055+0000] {processor.py:183} INFO - Processing /opt/airflow/dags/spark_pipeline_dag.py took 0.108 seconds
[2026-08-10T22:18:55.368+0000] {processor.py:161} INFO - Started process (PID=25266) to work on /opt/airflow/dags/spark_pipeline_dag.py
[2026-08-10T22:18:55.369+0000] {processor.py:830} INFO - Processing file /opt/airflow/dags/spark_pipeline_dag.py for tasks to queue
[2026-08-10T22:18:55.370+0000] {logging_mixin.py:188} INFO - [2026-08-10T22:18:55.370+0000] {dagbag.py:538} INFO - Filling up the DagBag from /opt/airflow/dags/spark_pipeline_dag.py
[2026-08-10T22:18:55.397+0000] {processor.py:840} INFO - DAG(s) 'air_quality_pipeline' retrieved from /opt/airflow/dags/spark_pipeline_dag.py
[2026-08-10T22:18:55.422+0000] {logging_mixin.py:188} INFO - [2026-08-10T22:18:55.422+0000] {dag.py:3036} INFO - Sync 1 DAGs
[2026-08-10T22:18:55.446+0000] {logging_mixin.py:188} INFO - [2026-08-10T22:18:55.446+0000] {dag.py:3823} INFO - Setting next_dagrun for air_quality_pipeline to 2026-08-10 22:05:00+00:00, run_after=2026-08-10 23:05:00+00:00
[2026-08-10T22:18:55.469+0000] {processor.py:183} INFO - Processing /opt/airflow/dags/spark_pipeline_dag.py took 0.105 seconds
[2026-08-10T22:19:25.805+0000] {processor.py:161} INFO - Started process (PID=25276) to work on /opt/airflow/dags/spark_pipeline_dag.py
[2026-08-10T22:19:25.807+0000] {processor.py:830} INFO - Processing file /opt/airflow/dags/spark_pipeline_dag.py for tasks to queue
[2026-08-10T22:19:25.808+0000] {logging_mixin.py:188} INFO - [2026-08-10T22:19:25.808+0000] {dagbag.py:538} INFO - Filling up the DagBag from /opt/airflow/dags/spark_pipeline_dag.py
[2026-08-10T22:19:25.835+0000] {processor.py:840} INFO - DAG(s) 'air_quality_pipeline' retrieved from /opt/airflow/dags/spark_pipeline_dag.py
[2026-08-10T22:19:25.864+0000] {logging_mixin.py:188} INFO - [2026-08-10T22:19:25.864+0000] {dag.py:3036} INFO - Sync 1 DAGs
[2026-08-10T22:19:25.890+0000] {logging_mixin.py:188} INFO - [2026-08-10T22:19:25.889+0000] {dag.py:3823} INFO - Setting next_dagrun for air_quality_pipeline to 2026-08-10 22:05:00+00:00, run_after=2026-08-10 23:05:00+00:00
[2026-08-10T22:19:25.913+0000] {processor.py:183} INFO - Processing /opt/airflow/dags/spark_pipeline_dag.py took 0.112 seconds
[2026-08-10T22:19:56.229+0000] {processor.py:161} INFO - Started process (PID=25286) to work on /opt/airflow/dags/spark_pipeline_dag.py
[2026-08-10T22:19:56.231+0000] {processor.py:830} INFO - Processing file /opt/airflow/dags/spark_pipeline_dag.py for tasks to queue
[2026-08-10T22:19:56.232+0000] {logging_mixin.py:188} INFO - [2026-08-10T22:19:56.232+0000] {dagbag.py:538} INFO - Filling up the DagBag from /opt/airflow/dags/spark_pipeline_dag.py
[2026-08-10T22:19:56.264+0000] {processor.py:840} INFO - DAG(s) 'air_quality_pipeline' retrieved from /opt/airflow/dags/spark_pipeline_dag.py
[2026-08-10T22:19:56.287+0000] {logging_mixin.py:188} INFO - [2026-08-10T22:19:56.287+0000] {dag.py:3036} INFO - Sync 1 DAGs
[2026-08-10T22:19:56.307+0000] {logging_mixin.py:188} INFO - [2026-08-10T22:19:56.307+0000] {dag.py:3823} INFO - Setting next_dagrun for air_quality_pipeline to 2026-08-10 22:05:00+00:00, run_after=2026-08-10 23:05:00+00:00
[2026-08-10T22:19:56.331+0000] {processor.py:183} INFO - Processing /opt/airflow/dags/spark_pipeline_dag.py took 0.104 seconds
[2026-08-10T22:20:26.645+0000] {processor.py:161} INFO - Started process (PID=25296) to work on /opt/airflow/dags/spark_pipeline_dag.py
[2026-08-10T22:20:26.647+0000] {processor.py:830} INFO - Processing file /opt/airflow/dags/spark_pipeline_dag.py for tasks to queue
[2026-08-10T22:20:26.648+0000] {logging_mixin.py:188} INFO - [2026-08-10T22:20:26.648+0000] {dagbag.py:538} INFO - Filling up the DagBag from /opt/airflow/dags/spark_pipeline_dag.py
[2026-08-10T22:20:26.688+0000] {processor.py:840} INFO - DAG(s) 'air_quality_pipeline' retrieved from /opt/airflow/dags/spark_pipeline_dag.py
[2026-08-10T22:20:26.712+0000] {logging_mixin.py:188} INFO - [2026-08-10T22:20:26.712+0000] {dag.py:3036} INFO - Sync 1 DAGs
[2026-08-10T22:20:26.736+0000] {logging_mixin.py:188} INFO - [2026-08-10T22:20:26.736+0000] {dag.py:3823} INFO - Setting next_dagrun for air_quality_pipeline to 2026-08-10 22:05:00+00:00, run_after=2026-08-10 23:05:00+00:00
[2026-08-10T22:20:26.760+0000] {processor.py:183} INFO - Processing /opt/airflow/dags/spark_pipeline_dag.py took 0.118 seconds
[2026-08-10T22:20:57.112+0000] {processor.py:161} INFO - Started process (PID=25306) to work on /opt/airflow/dags/spark_pipeline_dag.py
[2026-08-10T22:20:57.114+0000] {processor.py:830} INFO - Processing file /opt/airflow/dags/spark_pipeline_dag.py for tasks to queue
[2026-08-10T22:20:57.115+0000] {logging_mixin.py:188} INFO - [2026-08-10T22:20:57.115+0000] {dagbag.py:538} INFO - Filling up the DagBag from /opt/airflow/dags/spark_pipeline_dag.py
[2026-08-10T22:20:57.154+0000] {processor.py:840} INFO - DAG(s) 'air_quality_pipeline' retrieved from /opt/airflow/dags/spark_pipeline_dag.py
[2026-08-10T22:20:57.176+0000] {logging_mixin.py:188} INFO - [2026-08-10T22:20:57.176+0000] {dag.py:3036} INFO - Sync 1 DAGs
[2026-08-10T22:20:57.198+0000] {logging_mixin.py:188} INFO - [2026-08-10T22:20:57.198+0000] {dag.py:3823} INFO - Setting next_dagrun for air_quality_pipeline to 2026-08-10 22:05:00+00:00, run_after=2026-08-10 23:05:00+00:00
[2026-08-10T22:20:57.218+0000] {processor.py:183} INFO - Processing /opt/airflow/dags/spark_pipeline_dag.py took 0.108 seconds
[2026-08-10T22:21:27.542+0000] {processor.py:161} INFO - Started process (PID=25316) to work on /opt/airflow/dags/spark_pipeline_dag.py
[2026-08-10T22:21:27.543+0000] {processor.py:830} INFO - Processing file /opt/airflow/dags/spark_pipeline_dag.py for tasks to queue
[2026-08-10T22:21:27.544+0000] {logging_mixin.py:188} INFO - [2026-08-10T22:21:27.544+0000] {dagbag.py:538} INFO - Filling up the DagBag from /opt/airflow/dags/spark_pipeline_dag.py
[2026-08-10T22:21:27.589+0000] {processor.py:840} INFO - DAG(s) 'air_quality_pipeline' retrieved from /opt/airflow/dags/spark_pipeline_dag.py
[2026-08-10T22:21:27.614+0000] {logging_mixin.py:188} INFO - [2026-08-10T22:21:27.614+0000] {dag.py:3036} INFO - Sync 1 DAGs
[2026-08-10T22:21:27.643+0000] {logging_mixin.py:188} INFO - [2026-08-10T22:21:27.643+0000] {dag.py:3823} INFO - Setting next_dagrun for air_quality_pipeline to 2026-08-10 22:05:00+00:00, run_after=2026-08-10 23:05:00+00:00
[2026-08-10T22:21:27.667+0000] {processor.py:183} INFO - Processing /opt/airflow/dags/spark_pipeline_dag.py took 0.129 seconds
[2026-08-10T22:21:57.987+0000] {processor.py:161} INFO - Started process (PID=25326) to work on /opt/airflow/dags/spark_pipeline_dag.py
[2026-08-10T22:21:57.989+0000] {processor.py:830} INFO - Processing file /opt/airflow/dags/spark_pipeline_dag.py for tasks to queue
[2026-08-10T22:21:57.990+0000] {logging_mixin.py:188} INFO - [2026-08-10T22:21:57.989+0000] {dagbag.py:538} INFO - Filling up the DagBag from /opt/airflow/dags/spark_pipeline_dag.py
[2026-08-10T22:21:58.026+0000] {processor.py:840} INFO - DAG(s) 'air_quality_pipeline' retrieved from /opt/airflow/dags/spark_pipeline_dag.py
[2026-08-10T22:21:58.049+0000] {logging_mixin.py:188} INFO - [2026-08-10T22:21:58.048+0000] {dag.py:3036} INFO - Sync 1 DAGs
[2026-08-10T22:21:58.069+0000] {logging_mixin.py:188} INFO - [2026-08-10T22:21:58.068+0000] {dag.py:3823} INFO - Setting next_dagrun for air_quality_pipeline to 2026-08-10 22:05:00+00:00, run_after=2026-08-10 23:05:00+00:00
[2026-08-10T22:21:58.092+0000] {processor.py:183} INFO - Processing /opt/airflow/dags/spark_pipeline_dag.py took 0.108 seconds
[2026-08-10T22:22:28.400+0000] {processor.py:161} INFO - Started process (PID=25336) to work on /opt/airflow/dags/spark_pipeline_dag.py
[2026-08-10T22:22:28.401+0000] {processor.py:830} INFO - Processing file /opt/airflow/dags/spark_pipeline_dag.py for tasks to queue
[2026-08-10T22:22:28.403+0000] {logging_mixin.py:188} INFO - [2026-08-10T22:22:28.402+0000] {dagbag.py:538} INFO - Filling up the DagBag from /opt/airflow/dags/spark_pipeline_dag.py
[2026-08-10T22:22:28.429+0000] {processor.py:840} INFO - DAG(s) 'air_quality_pipeline' retrieved from /opt/airflow/dags/spark_pipeline_dag.py
[2026-08-10T22:22:28.452+0000] {logging_mixin.py:188} INFO - [2026-08-10T22:22:28.452+0000] {dag.py:3036} INFO - Sync 1 DAGs
[2026-08-10T22:22:28.474+0000] {logging_mixin.py:188} INFO - [2026-08-10T22:22:28.474+0000] {dag.py:3823} INFO - Setting next_dagrun for air_quality_pipeline to 2026-08-10 22:05:00+00:00, run_after=2026-08-10 23:05:00+00:00
[2026-08-10T22:22:28.494+0000] {processor.py:183} INFO - Processing /opt/airflow/dags/spark_pipeline_dag.py took 0.097 seconds
[2026-08-10T22:22:58.815+0000] {processor.py:161} INFO - Started process (PID=25346) to work on /opt/airflow/dags/spark_pipeline_dag.py
[2026-08-10T22:22:58.817+0000] {processor.py:830} INFO - Processing file /opt/airflow/dags/spark_pipeline_dag.py for tasks to queue
[2026-08-10T22:22:58.819+0000] {logging_mixin.py:188} INFO - [2026-08-10T22:22:58.818+0000] {dagbag.py:538} INFO - Filling up the DagBag from /opt/airflow/dags/spark_pipeline_dag.py
[2026-08-10T22:22:58.854+0000] {processor.py:840} INFO - DAG(s) 'air_quality_pipeline' retrieved from /opt/airflow/dags/spark_pipeline_dag.py
[2026-08-10T22:22:58.882+0000] {logging_mixin.py:188} INFO - [2026-08-10T22:22:58.882+0000] {dag.py:3036} INFO - Sync 1 DAGs
[2026-08-10T22:22:58.904+0000] {logging_mixin.py:188} INFO - [2026-08-10T22:22:58.904+0000] {dag.py:3823} INFO - Setting next_dagrun for air_quality_pipeline to 2026-08-10 22:05:00+00:00, run_after=2026-08-10 23:05:00+00:00
[2026-08-10T22:22:58.926+0000] {processor.py:183} INFO - Processing /opt/airflow/dags/spark_pipeline_dag.py took 0.114 seconds
[2026-08-10T22:23:29.313+0000] {processor.py:161} INFO - Started process (PID=25356) to work on /opt/airflow/dags/spark_pipeline_dag.py
[2026-08-10T22:23:29.315+0000] {processor.py:830} INFO - Processing file /opt/airflow/dags/spark_pipeline_dag.py for tasks to queue
[2026-08-10T22:23:29.316+0000] {logging_mixin.py:188} INFO - [2026-08-10T22:23:29.316+0000] {dagbag.py:538} INFO - Filling up the DagBag from /opt/airflow/dags/spark_pipeline_dag.py
[2026-08-10T22:23:29.343+0000] {processor.py:840} INFO - DAG(s) 'air_quality_pipeline' retrieved from /opt/airflow/dags/spark_pipeline_dag.py
[2026-08-10T22:23:29.367+0000] {logging_mixin.py:188} INFO - [2026-08-10T22:23:29.367+0000] {dag.py:3036} INFO - Sync 1 DAGs
[2026-08-10T22:23:29.387+0000] {logging_mixin.py:188} INFO - [2026-08-10T22:23:29.387+0000] {dag.py:3823} INFO - Setting next_dagrun for air_quality_pipeline to 2026-08-10 22:05:00+00:00, run_after=2026-08-10 23:05:00+00:00
[2026-08-10T22:23:29.409+0000] {processor.py:183} INFO - Processing /opt/airflow/dags/spark_pipeline_dag.py took 0.098 seconds
[2026-08-10T22:23:59.746+0000] {processor.py:161} INFO - Started process (PID=25366) to work on /opt/airflow/dags/spark_pipeline_dag.py
[2026-08-10T22:23:59.748+0000] {processor.py:830} INFO - Processing file /opt/airflow/dags/spark_pipeline_dag.py for tasks to queue
[2026-08-10T22:23:59.749+0000] {logging_mixin.py:188} INFO - [2026-08-10T22:23:59.749+0000] {dagbag.py:538} INFO - Filling up the DagBag from /opt/airflow/dags/spark_pipeline_dag.py
[2026-08-10T22:23:59.784+0000] {processor.py:840} INFO - DAG(s) 'air_quality_pipeline' retrieved from /opt/airflow/dags/spark_pipeline_dag.py
[2026-08-10T22:23:59.806+0000] {logging_mixin.py:188} INFO - [2026-08-10T22:23:59.806+0000] {dag.py:3036} INFO - Sync 1 DAGs
[2026-08-10T22:23:59.827+0000] {logging_mixin.py:188} INFO - [2026-08-10T22:23:59.827+0000] {dag.py:3823} INFO - Setting next_dagrun for air_quality_pipeline to 2026-08-10 22:05:00+00:00, run_after=2026-08-10 23:05:00+00:00
[2026-08-10T22:23:59.849+0000] {processor.py:183} INFO - Processing /opt/airflow/dags/spark_pipeline_dag.py took 0.106 seconds
[2026-08-10T22:24:30.214+0000] {processor.py:161} INFO - Started process (PID=25376) to work on /opt/airflow/dags/spark_pipeline_dag.py
[2026-08-10T22:24:30.220+0000] {processor.py:830} INFO - Processing file /opt/airflow/dags/spark_pipeline_dag.py for tasks to queue
[2026-08-10T22:24:30.224+0000] {logging_mixin.py:188} INFO - [2026-08-10T22:24:30.223+0000] {dagbag.py:538} INFO - Filling up the DagBag from /opt/airflow/dags/spark_pipeline_dag.py
[2026-08-10T22:24:30.277+0000] {processor.py:840} INFO - DAG(s) 'air_quality_pipeline' retrieved from /opt/airflow/dags/spark_pipeline_dag.py
[2026-08-10T22:24:30.306+0000] {logging_mixin.py:188} INFO - [2026-08-10T22:24:30.306+0000] {dag.py:3036} INFO - Sync 1 DAGs
[2026-08-10T22:24:30.328+0000] {logging_mixin.py:188} INFO - [2026-08-10T22:24:30.328+0000] {dag.py:3823} INFO - Setting next_dagrun for air_quality_pipeline to 2026-08-10 22:05:00+00:00, run_after=2026-08-10 23:05:00+00:00
[2026-08-10T22:24:30.346+0000] {processor.py:183} INFO - Processing /opt/airflow/dags/spark_pipeline_dag.py took 0.142 seconds
[2026-08-10T22:25:00.684+0000] {processor.py:161} INFO - Started process (PID=25386) to work on /opt/airflow/dags/spark_pipeline_dag.py
[2026-08-10T22:25:00.685+0000] {processor.py:830} INFO - Processing file /opt/airflow/dags/spark_pipeline_dag.py for tasks to queue
[2026-08-10T22:25:00.687+0000] {logging_mixin.py:188} INFO - [2026-08-10T22:25:00.686+0000] {dagbag.py:538} INFO - Filling up the DagBag from /opt/airflow/dags/spark_pipeline_dag.py
[2026-08-10T22:25:00.718+0000] {processor.py:840} INFO - DAG(s) 'air_quality_pipeline' retrieved from /opt/airflow/dags/spark_pipeline_dag.py
[2026-08-10T22:25:00.739+0000] {logging_mixin.py:188} INFO - [2026-08-10T22:25:00.739+0000] {dag.py:3036} INFO - Sync 1 DAGs
[2026-08-10T22:25:00.760+0000] {logging_mixin.py:188} INFO - [2026-08-10T22:25:00.760+0000] {dag.py:3823} INFO - Setting next_dagrun for air_quality_pipeline to 2026-08-10 22:05:00+00:00, run_after=2026-08-10 23:05:00+00:00
[2026-08-10T22:25:00.781+0000] {processor.py:183} INFO - Processing /opt/airflow/dags/spark_pipeline_dag.py took 0.101 seconds
[2026-08-10T22:25:31.165+0000] {processor.py:161} INFO - Started process (PID=25396) to work on /opt/airflow/dags/spark_pipeline_dag.py
[2026-08-10T22:25:31.167+0000] {processor.py:830} INFO - Processing file /opt/airflow/dags/spark_pipeline_dag.py for tasks to queue
[2026-08-10T22:25:31.170+0000] {logging_mixin.py:188} INFO - [2026-08-10T22:25:31.169+0000] {dagbag.py:538} INFO - Filling up the DagBag from /opt/airflow/dags/spark_pipeline_dag.py
[2026-08-10T22:25:31.214+0000] {processor.py:840} INFO - DAG(s) 'air_quality_pipeline' retrieved from /opt/airflow/dags/spark_pipeline_dag.py
[2026-08-10T22:25:31.243+0000] {logging_mixin.py:188} INFO - [2026-08-10T22:25:31.242+0000] {dag.py:3036} INFO - Sync 1 DAGs
[2026-08-10T22:25:31.262+0000] {logging_mixin.py:188} INFO - [2026-08-10T22:25:31.262+0000] {dag.py:3823} INFO - Setting next_dagrun for air_quality_pipeline to 2026-08-10 22:05:00+00:00, run_after=2026-08-10 23:05:00+00:00
[2026-08-10T22:25:31.286+0000] {processor.py:183} INFO - Processing /opt/airflow/dags/spark_pipeline_dag.py took 0.128 seconds
[2026-08-10T22:26:01.605+0000] {processor.py:161} INFO - Started process (PID=25406) to work on /opt/airflow/dags/spark_pipeline_dag.py
[2026-08-10T22:26:01.606+0000] {processor.py:830} INFO - Processing file /opt/airflow/dags/spark_pipeline_dag.py for tasks to queue
[2026-08-10T22:26:01.608+0000] {logging_mixin.py:188} INFO - [2026-08-10T22:26:01.607+0000] {dagbag.py:538} INFO - Filling up the DagBag from /opt/airflow/dags/spark_pipeline_dag.py
[2026-08-10T22:26:01.638+0000] {processor.py:840} INFO - DAG(s) 'air_quality_pipeline' retrieved from /opt/airflow/dags/spark_pipeline_dag.py
[2026-08-10T22:26:01.661+0000] {logging_mixin.py:188} INFO - [2026-08-10T22:26:01.660+0000] {dag.py:3036} INFO - Sync 1 DAGs
[2026-08-10T22:26:01.682+0000] {logging_mixin.py:188} INFO - [2026-08-10T22:26:01.682+0000] {dag.py:3823} INFO - Setting next_dagrun for air_quality_pipeline to 2026-08-10 22:05:00+00:00, run_after=2026-08-10 23:05:00+00:00
[2026-08-10T22:26:01.709+0000] {processor.py:183} INFO - Processing /opt/airflow/dags/spark_pipeline_dag.py took 0.107 seconds
[2026-08-10T22:26:32.017+0000] {processor.py:161} INFO - Started process (PID=25416) to work on /opt/airflow/dags/spark_pipeline_dag.py
[2026-08-10T22:26:32.018+0000] {processor.py:830} INFO - Processing file /opt/airflow/dags/spark_pipeline_dag.py for tasks to queue
[2026-08-10T22:26:32.019+0000] {logging_mixin.py:188} INFO - [2026-08-10T22:26:32.019+0000] {dagbag.py:538} INFO - Filling up the DagBag from /opt/airflow/dags/spark_pipeline_dag.py
[2026-08-10T22:26:32.046+0000] {processor.py:840} INFO - DAG(s) 'air_quality_pipeline' retrieved from /opt/airflow/dags/spark_pipeline_dag.py
[2026-08-10T22:26:32.067+0000] {logging_mixin.py:188} INFO - [2026-08-10T22:26:32.067+0000] {dag.py:3036} INFO - Sync 1 DAGs
[2026-08-10T22:26:32.088+0000] {logging_mixin.py:188} INFO - [2026-08-10T22:26:32.088+0000] {dag.py:3823} INFO - Setting next_dagrun for air_quality_pipeline to 2026-08-10 22:05:00+00:00, run_after=2026-08-10 23:05:00+00:00
[2026-08-10T22:26:32.110+0000] {processor.py:183} INFO - Processing /opt/airflow/dags/spark_pipeline_dag.py took 0.096 seconds
[2026-08-10T22:27:02.479+0000] {processor.py:161} INFO - Started process (PID=25426) to work on /opt/airflow/dags/spark_pipeline_dag.py
[2026-08-10T22:27:02.480+0000] {processor.py:830} INFO - Processing file /opt/airflow/dags/spark_pipeline_dag.py for tasks to queue
[2026-08-10T22:27:02.482+0000] {logging_mixin.py:188} INFO - [2026-08-10T22:27:02.481+0000] {dagbag.py:538} INFO - Filling up the DagBag from /opt/airflow/dags/spark_pipeline_dag.py
[2026-08-10T22:27:02.514+0000] {processor.py:840} INFO - DAG(s) 'air_quality_pipeline' retrieved from /opt/airflow/dags/spark_pipeline_dag.py
[2026-08-10T22:27:02.535+0000] {logging_mixin.py:188} INFO - [2026-08-10T22:27:02.535+0000] {dag.py:3036} INFO - Sync 1 DAGs
[2026-08-10T22:27:02.557+0000] {logging_mixin.py:188} INFO - [2026-08-10T22:27:02.557+0000] {dag.py:3823} INFO - Setting next_dagrun for air_quality_pipeline to 2026-08-10 22:05:00+00:00, run_after=2026-08-10 23:05:00+00:00
[2026-08-10T22:27:02.579+0000] {processor.py:183} INFO - Processing /opt/airflow/dags/spark_pipeline_dag.py took 0.103 seconds
[2026-08-10T22:27:32.888+0000] {processor.py:161} INFO - Started process (PID=25436) to work on /opt/airflow/dags/spark_pipeline_dag.py
[2026-08-10T22:27:32.890+0000] {processor.py:830} INFO - Processing file /opt/airflow/dags/spark_pipeline_dag.py for tasks to queue
[2026-08-10T22:27:32.891+0000] {logging_mixin.py:188} INFO - [2026-08-10T22:27:32.891+0000] {dagbag.py:538} INFO - Filling up the DagBag from /opt/airflow/dags/spark_pipeline_dag.py
[2026-08-10T22:27:32.918+0000] {processor.py:840} INFO - DAG(s) 'air_quality_pipeline' retrieved from /opt/airflow/dags/spark_pipeline_dag.py
[2026-08-10T22:27:32.939+0000] {logging_mixin.py:188} INFO - [2026-08-10T22:27:32.939+0000] {dag.py:3036} INFO - Sync 1 DAGs
[2026-08-10T22:27:32.965+0000] {logging_mixin.py:188} INFO - [2026-08-10T22:27:32.965+0000] {dag.py:3823} INFO - Setting next_dagrun for air_quality_pipeline to 2026-08-10 22:05:00+00:00, run_after=2026-08-10 23:05:00+00:00
[2026-08-10T22:27:32.985+0000] {processor.py:183} INFO - Processing /opt/airflow/dags/spark_pipeline_dag.py took 0.100 seconds
[2026-08-10T22:28:03.341+0000] {processor.py:161} INFO - Started process (PID=25446) to work on /opt/airflow/dags/spark_pipeline_dag.py
[2026-08-10T22:28:03.343+0000] {processor.py:830} INFO - Processing file /opt/airflow/dags/spark_pipeline_dag.py for tasks to queue
[2026-08-10T22:28:03.344+0000] {logging_mixin.py:188} INFO - [2026-08-10T22:28:03.344+0000] {dagbag.py:538} INFO - Filling up the DagBag from /opt/airflow/dags/spark_pipeline_dag.py
[2026-08-10T22:28:03.374+0000] {processor.py:840} INFO - DAG(s) 'air_quality_pipeline' retrieved from /opt/airflow/dags/spark_pipeline_dag.py
[2026-08-10T22:28:03.397+0000] {logging_mixin.py:188} INFO - [2026-08-10T22:28:03.396+0000] {dag.py:3036} INFO - Sync 1 DAGs
[2026-08-10T22:28:03.419+0000] {logging_mixin.py:188} INFO - [2026-08-10T22:28:03.419+0000] {dag.py:3823} INFO - Setting next_dagrun for air_quality_pipeline to 2026-08-10 22:05:00+00:00, run_after=2026-08-10 23:05:00+00:00
[2026-08-10T22:28:03.447+0000] {processor.py:183} INFO - Processing /opt/airflow/dags/spark_pipeline_dag.py took 0.108 seconds
[2026-08-10T22:28:33.778+0000] {processor.py:161} INFO - Started process (PID=25456) to work on /opt/airflow/dags/spark_pipeline_dag.py
[2026-08-10T22:28:33.779+0000] {processor.py:830} INFO - Processing file /opt/airflow/dags/spark_pipeline_dag.py for tasks to queue
[2026-08-10T22:28:33.780+0000] {logging_mixin.py:188} INFO - [2026-08-10T22:28:33.780+0000] {dagbag.py:538} INFO - Filling up the DagBag from /opt/airflow/dags/spark_pipeline_dag.py
[2026-08-10T22:28:33.816+0000] {processor.py:840} INFO - DAG(s) 'air_quality_pipeline' retrieved from /opt/airflow/dags/spark_pipeline_dag.py
[2026-08-10T22:28:33.843+0000] {logging_mixin.py:188} INFO - [2026-08-10T22:28:33.843+0000] {dag.py:3036} INFO - Sync 1 DAGs
[2026-08-10T22:28:33.864+0000] {logging_mixin.py:188} INFO - [2026-08-10T22:28:33.864+0000] {dag.py:3823} INFO - Setting next_dagrun for air_quality_pipeline to 2026-08-10 22:05:00+00:00, run_after=2026-08-10 23:05:00+00:00
[2026-08-10T22:28:33.885+0000] {processor.py:183} INFO - Processing /opt/airflow/dags/spark_pipeline_dag.py took 0.110 seconds
[2026-08-10T22:29:04.229+0000] {processor.py:161} INFO - Started process (PID=25466) to work on /opt/airflow/dags/spark_pipeline_dag.py
[2026-08-10T22:29:04.230+0000] {processor.py:830} INFO - Processing file /opt/airflow/dags/spark_pipeline_dag.py for tasks to queue
[2026-08-10T22:29:04.231+0000] {logging_mixin.py:188} INFO - [2026-08-10T22:29:04.231+0000] {dagbag.py:538} INFO - Filling up the DagBag from /opt/airflow/dags/spark_pipeline_dag.py
[2026-08-10T22:29:04.262+0000] {processor.py:840} INFO - DAG(s) 'air_quality_pipeline' retrieved from /opt/airflow/dags/spark_pipeline_dag.py
[2026-08-10T22:29:04.285+0000] {logging_mixin.py:188} INFO - [2026-08-10T22:29:04.285+0000] {dag.py:3036} INFO - Sync 1 DAGs
[2026-08-10T22:29:04.309+0000] {logging_mixin.py:188} INFO - [2026-08-10T22:29:04.309+0000] {dag.py:3823} INFO - Setting next_dagrun for air_quality_pipeline to 2026-08-10 22:05:00+00:00, run_after=2026-08-10 23:05:00+00:00
[2026-08-10T22:29:04.330+0000] {processor.py:183} INFO - Processing /opt/airflow/dags/spark_pipeline_dag.py took 0.104 seconds
[2026-08-10T22:29:34.652+0000] {processor.py:161} INFO - Started process (PID=25476) to work on /opt/airflow/dags/spark_pipeline_dag.py
[2026-08-10T22:29:34.655+0000] {processor.py:830} INFO - Processing file /opt/airflow/dags/spark_pipeline_dag.py for tasks to queue
[2026-08-10T22:29:34.656+0000] {logging_mixin.py:188} INFO - [2026-08-10T22:29:34.656+0000] {dagbag.py:538} INFO - Filling up the DagBag from /opt/airflow/dags/spark_pipeline_dag.py
[2026-08-10T22:29:34.686+0000] {processor.py:840} INFO - DAG(s) 'air_quality_pipeline' retrieved from /opt/airflow/dags/spark_pipeline_dag.py
[2026-08-10T22:29:34.713+0000] {logging_mixin.py:188} INFO - [2026-08-10T22:29:34.712+0000] {dag.py:3036} INFO - Sync 1 DAGs
[2026-08-10T22:29:34.735+0000] {logging_mixin.py:188} INFO - [2026-08-10T22:29:34.735+0000] {dag.py:3823} INFO - Setting next_dagrun for air_quality_pipeline to 2026-08-10 22:05:00+00:00, run_after=2026-08-10 23:05:00+00:00
[2026-08-10T22:29:34.759+0000] {processor.py:183} INFO - Processing /opt/airflow/dags/spark_pipeline_dag.py took 0.112 seconds
[2026-08-10T22:30:05.092+0000] {processor.py:161} INFO - Started process (PID=25486) to work on /opt/airflow/dags/spark_pipeline_dag.py
[2026-08-10T22:30:05.094+0000] {processor.py:830} INFO - Processing file /opt/airflow/dags/spark_pipeline_dag.py for tasks to queue
[2026-08-10T22:30:05.095+0000] {logging_mixin.py:188} INFO - [2026-08-10T22:30:05.095+0000] {dagbag.py:538} INFO - Filling up the DagBag from /opt/airflow/dags/spark_pipeline_dag.py
[2026-08-10T22:30:05.121+0000] {processor.py:840} INFO - DAG(s) 'air_quality_pipeline' retrieved from /opt/airflow/dags/spark_pipeline_dag.py
[2026-08-10T22:30:05.147+0000] {logging_mixin.py:188} INFO - [2026-08-10T22:30:05.146+0000] {dag.py:3036} INFO - Sync 1 DAGs
[2026-08-10T22:30:05.170+0000] {logging_mixin.py:188} INFO - [2026-08-10T22:30:05.169+0000] {dag.py:3823} INFO - Setting next_dagrun for air_quality_pipeline to 2026-08-10 22:05:00+00:00, run_after=2026-08-10 23:05:00+00:00
[2026-08-10T22:30:05.192+0000] {processor.py:183} INFO - Processing /opt/airflow/dags/spark_pipeline_dag.py took 0.102 seconds
[2026-08-10T22:30:35.531+0000] {processor.py:161} INFO - Started process (PID=25496) to work on /opt/airflow/dags/spark_pipeline_dag.py
[2026-08-10T22:30:35.532+0000] {processor.py:830} INFO - Processing file /opt/airflow/dags/spark_pipeline_dag.py for tasks to queue
[2026-08-10T22:30:35.534+0000] {logging_mixin.py:188} INFO - [2026-08-10T22:30:35.533+0000] {dagbag.py:538} INFO - Filling up the DagBag from /opt/airflow/dags/spark_pipeline_dag.py
[2026-08-10T22:30:35.579+0000] {processor.py:840} INFO - DAG(s) 'air_quality_pipeline' retrieved from /opt/airflow/dags/spark_pipeline_dag.py
[2026-08-10T22:30:35.604+0000] {logging_mixin.py:188} INFO - [2026-08-10T22:30:35.603+0000] {dag.py:3036} INFO - Sync 1 DAGs
[2026-08-10T22:30:35.630+0000] {logging_mixin.py:188} INFO - [2026-08-10T22:30:35.629+0000] {dag.py:3823} INFO - Setting next_dagrun for air_quality_pipeline to 2026-08-10 22:05:00+00:00, run_after=2026-08-10 23:05:00+00:00
[2026-08-10T22:30:35.647+0000] {processor.py:183} INFO - Processing /opt/airflow/dags/spark_pipeline_dag.py took 0.119 seconds
[2026-08-10T22:31:05.990+0000] {processor.py:161} INFO - Started process (PID=25506) to work on /opt/airflow/dags/spark_pipeline_dag.py
[2026-08-10T22:31:05.991+0000] {processor.py:830} INFO - Processing file /opt/airflow/dags/spark_pipeline_dag.py for tasks to queue
[2026-08-10T22:31:05.992+0000] {logging_mixin.py:188} INFO - [2026-08-10T22:31:05.992+0000] {dagbag.py:538} INFO - Filling up the DagBag from /opt/airflow/dags/spark_pipeline_dag.py
[2026-08-10T22:31:06.024+0000] {processor.py:840} INFO - DAG(s) 'air_quality_pipeline' retrieved from /opt/airflow/dags/spark_pipeline_dag.py
[2026-08-10T22:31:06.048+0000] {logging_mixin.py:188} INFO - [2026-08-10T22:31:06.048+0000] {dag.py:3036} INFO - Sync 1 DAGs
[2026-08-10T22:31:06.068+0000] {logging_mixin.py:188} INFO - [2026-08-10T22:31:06.068+0000] {dag.py:3823} INFO - Setting next_dagrun for air_quality_pipeline to 2026-08-10 22:05:00+00:00, run_after=2026-08-10 23:05:00+00:00
[2026-08-10T22:31:06.088+0000] {processor.py:183} INFO - Processing /opt/airflow/dags/spark_pipeline_dag.py took 0.101 seconds
[2026-08-10T22:31:36.399+0000] {processor.py:161} INFO - Started process (PID=25516) to work on /opt/airflow/dags/spark_pipeline_dag.py
[2026-08-10T22:31:36.400+0000] {processor.py:830} INFO - Processing file /opt/airflow/dags/spark_pipeline_dag.py for tasks to queue
[2026-08-10T22:31:36.401+0000] {logging_mixin.py:188} INFO - [2026-08-10T22:31:36.401+0000] {dagbag.py:538} INFO - Filling up the DagBag from /opt/airflow/dags/spark_pipeline_dag.py
[2026-08-10T22:31:36.424+0000] {processor.py:840} INFO - DAG(s) 'air_quality_pipeline' retrieved from /opt/airflow/dags/spark_pipeline_dag.py
[2026-08-10T22:31:36.446+0000] {logging_mixin.py:188} INFO - [2026-08-10T22:31:36.446+0000] {dag.py:3036} INFO - Sync 1 DAGs
[2026-08-10T22:31:36.466+0000] {logging_mixin.py:188} INFO - [2026-08-10T22:31:36.466+0000] {dag.py:3823} INFO - Setting next_dagrun for air_quality_pipeline to 2026-08-10 22:05:00+00:00, run_after=2026-08-10 23:05:00+00:00
[2026-08-10T22:31:36.487+0000] {processor.py:183} INFO - Processing /opt/airflow/dags/spark_pipeline_dag.py took 0.091 seconds
[2026-08-10T22:32:06.800+0000] {processor.py:161} INFO - Started process (PID=25526) to work on /opt/airflow/dags/spark_pipeline_dag.py
[2026-08-10T22:32:06.804+0000] {processor.py:830} INFO - Processing file /opt/airflow/dags/spark_pipeline_dag.py for tasks to queue
[2026-08-10T22:32:06.805+0000] {logging_mixin.py:188} INFO - [2026-08-10T22:32:06.805+0000] {dagbag.py:538} INFO - Filling up the DagBag from /opt/airflow/dags/spark_pipeline_dag.py
[2026-08-10T22:32:06.828+0000] {processor.py:840} INFO - DAG(s) 'air_quality_pipeline' retrieved from /opt/airflow/dags/spark_pipeline_dag.py
[2026-08-10T22:32:06.847+0000] {logging_mixin.py:188} INFO - [2026-08-10T22:32:06.847+0000] {dag.py:3036} INFO - Sync 1 DAGs
[2026-08-10T22:32:06.871+0000] {logging_mixin.py:188} INFO - [2026-08-10T22:32:06.871+0000] {dag.py:3823} INFO - Setting next_dagrun for air_quality_pipeline to 2026-08-10 22:05:00+00:00, run_after=2026-08-10 23:05:00+00:00
[2026-08-10T22:32:06.891+0000] {processor.py:183} INFO - Processing /opt/airflow/dags/spark_pipeline_dag.py took 0.095 seconds
[2026-08-10T22:32:37.165+0000] {processor.py:161} INFO - Started process (PID=25536) to work on /opt/airflow/dags/spark_pipeline_dag.py
[2026-08-10T22:32:37.166+0000] {processor.py:830} INFO - Processing file /opt/airflow/dags/spark_pipeline_dag.py for tasks to queue
[2026-08-10T22:32:37.168+0000] {logging_mixin.py:188} INFO - [2026-08-10T22:32:37.167+0000] {dagbag.py:538} INFO - Filling up the DagBag from /opt/airflow/dags/spark_pipeline_dag.py
[2026-08-10T22:32:37.198+0000] {processor.py:840} INFO - DAG(s) 'air_quality_pipeline' retrieved from /opt/airflow/dags/spark_pipeline_dag.py
[2026-08-10T22:32:37.224+0000] {logging_mixin.py:188} INFO - [2026-08-10T22:32:37.224+0000] {dag.py:3036} INFO - Sync 1 DAGs
[2026-08-10T22:32:37.250+0000] {logging_mixin.py:188} INFO - [2026-08-10T22:32:37.250+0000] {dag.py:3823} INFO - Setting next_dagrun for air_quality_pipeline to 2026-08-10 22:05:00+00:00, run_after=2026-08-10 23:05:00+00:00
[2026-08-10T22:32:37.274+0000] {processor.py:183} INFO - Processing /opt/airflow/dags/spark_pipeline_dag.py took 0.112 seconds
[2026-08-10T22:33:07.612+0000] {processor.py:161} INFO - Started process (PID=25546) to work on /opt/airflow/dags/spark_pipeline_dag.py
[2026-08-10T22:33:07.614+0000] {processor.py:830} INFO - Processing file /opt/airflow/dags/spark_pipeline_dag.py for tasks to queue
[2026-08-10T22:33:07.615+0000] {logging_mixin.py:188} INFO - [2026-08-10T22:33:07.614+0000] {dagbag.py:538} INFO - Filling up the DagBag from /opt/airflow/dags/spark_pipeline_dag.py
[2026-08-10T22:33:07.639+0000] {processor.py:840} INFO - DAG(s) 'air_quality_pipeline' retrieved from /opt/airflow/dags/spark_pipeline_dag.py
[2026-08-10T22:33:07.662+0000] {logging_mixin.py:188} INFO - [2026-08-10T22:33:07.662+0000] {dag.py:3036} INFO - Sync 1 DAGs
[2026-08-10T22:33:07.684+0000] {logging_mixin.py:188} INFO - [2026-08-10T22:33:07.684+0000] {dag.py:3823} INFO - Setting next_dagrun for air_quality_pipeline to 2026-08-10 22:05:00+00:00, run_after=2026-08-10 23:05:00+00:00
[2026-08-10T22:33:07.706+0000] {processor.py:183} INFO - Processing /opt/airflow/dags/spark_pipeline_dag.py took 0.096 seconds
[2026-08-10T22:33:38.001+0000] {processor.py:161} INFO - Started process (PID=25556) to work on /opt/airflow/dags/spark_pipeline_dag.py
[2026-08-10T22:33:38.003+0000] {processor.py:830} INFO - Processing file /opt/airflow/dags/spark_pipeline_dag.py for tasks to queue
[2026-08-10T22:33:38.004+0000] {logging_mixin.py:188} INFO - [2026-08-10T22:33:38.004+0000] {dagbag.py:538} INFO - Filling up the DagBag from /opt/airflow/dags/spark_pipeline_dag.py
[2026-08-10T22:33:38.027+0000] {processor.py:840} INFO - DAG(s) 'air_quality_pipeline' retrieved from /opt/airflow/dags/spark_pipeline_dag.py
[2026-08-10T22:33:38.049+0000] {logging_mixin.py:188} INFO - [2026-08-10T22:33:38.049+0000] {dag.py:3036} INFO - Sync 1 DAGs
[2026-08-10T22:33:38.067+0000] {logging_mixin.py:188} INFO - [2026-08-10T22:33:38.067+0000] {dag.py:3823} INFO - Setting next_dagrun for air_quality_pipeline to 2026-08-10 22:05:00+00:00, run_after=2026-08-10 23:05:00+00:00
[2026-08-10T22:33:38.087+0000] {processor.py:183} INFO - Processing /opt/airflow/dags/spark_pipeline_dag.py took 0.089 seconds
[2026-08-10T22:34:08.450+0000] {processor.py:161} INFO - Started process (PID=25566) to work on /opt/airflow/dags/spark_pipeline_dag.py
[2026-08-10T22:34:08.451+0000] {processor.py:830} INFO - Processing file /opt/airflow/dags/spark_pipeline_dag.py for tasks to queue
[2026-08-10T22:34:08.453+0000] {logging_mixin.py:188} INFO - [2026-08-10T22:34:08.452+0000] {dagbag.py:538} INFO - Filling up the DagBag from /opt/airflow/dags/spark_pipeline_dag.py
[2026-08-10T22:34:08.473+0000] {processor.py:840} INFO - DAG(s) 'air_quality_pipeline' retrieved from /opt/airflow/dags/spark_pipeline_dag.py
[2026-08-10T22:34:08.493+0000] {logging_mixin.py:188} INFO - [2026-08-10T22:34:08.493+0000] {dag.py:3036} INFO - Sync 1 DAGs
[2026-08-10T22:34:08.511+0000] {logging_mixin.py:188} INFO - [2026-08-10T22:34:08.510+0000] {dag.py:3823} INFO - Setting next_dagrun for air_quality_pipeline to 2026-08-10 22:05:00+00:00, run_after=2026-08-10 23:05:00+00:00
[2026-08-10T22:34:08.534+0000] {processor.py:183} INFO - Processing /opt/airflow/dags/spark_pipeline_dag.py took 0.089 seconds
[2026-08-10T22:34:38.816+0000] {processor.py:161} INFO - Started process (PID=25576) to work on /opt/airflow/dags/spark_pipeline_dag.py
[2026-08-10T22:34:38.818+0000] {processor.py:830} INFO - Processing file /opt/airflow/dags/spark_pipeline_dag.py for tasks to queue
[2026-08-10T22:34:38.819+0000] {logging_mixin.py:188} INFO - [2026-08-10T22:34:38.819+0000] {dagbag.py:538} INFO - Filling up the DagBag from /opt/airflow/dags/spark_pipeline_dag.py
[2026-08-10T22:34:38.844+0000] {processor.py:840} INFO - DAG(s) 'air_quality_pipeline' retrieved from /opt/airflow/dags/spark_pipeline_dag.py
[2026-08-10T22:34:38.874+0000] {logging_mixin.py:188} INFO - [2026-08-10T22:34:38.874+0000] {dag.py:3036} INFO - Sync 1 DAGs
[2026-08-10T22:34:38.896+0000] {logging_mixin.py:188} INFO - [2026-08-10T22:34:38.896+0000] {dag.py:3823} INFO - Setting next_dagrun for air_quality_pipeline to 2026-08-10 22:05:00+00:00, run_after=2026-08-10 23:05:00+00:00
[2026-08-10T22:34:38.913+0000] {processor.py:183} INFO - Processing /opt/airflow/dags/spark_pipeline_dag.py took 0.100 seconds
[2026-08-10T22:35:09.196+0000] {processor.py:161} INFO - Started process (PID=25586) to work on /opt/airflow/dags/spark_pipeline_dag.py
[2026-08-10T22:35:09.198+0000] {processor.py:830} INFO - Processing file /opt/airflow/dags/spark_pipeline_dag.py for tasks to queue
[2026-08-10T22:35:09.199+0000] {logging_mixin.py:188} INFO - [2026-08-10T22:35:09.199+0000] {dagbag.py:538} INFO - Filling up the DagBag from /opt/airflow/dags/spark_pipeline_dag.py
[2026-08-10T22:35:09.227+0000] {processor.py:840} INFO - DAG(s) 'air_quality_pipeline' retrieved from /opt/airflow/dags/spark_pipeline_dag.py
[2026-08-10T22:35:09.249+0000] {logging_mixin.py:188} INFO - [2026-08-10T22:35:09.249+0000] {dag.py:3036} INFO - Sync 1 DAGs
[2026-08-10T22:35:09.270+0000] {logging_mixin.py:188} INFO - [2026-08-10T22:35:09.270+0000] {dag.py:3823} INFO - Setting next_dagrun for air_quality_pipeline to 2026-08-10 22:05:00+00:00, run_after=2026-08-10 23:05:00+00:00
[2026-08-10T22:35:09.291+0000] {processor.py:183} INFO - Processing /opt/airflow/dags/spark_pipeline_dag.py took 0.098 seconds
[2026-08-10T22:35:39.587+0000] {processor.py:161} INFO - Started process (PID=25596) to work on /opt/airflow/dags/spark_pipeline_dag.py
[2026-08-10T22:35:39.588+0000] {processor.py:830} INFO - Processing file /opt/airflow/dags/spark_pipeline_dag.py for tasks to queue
[2026-08-10T22:35:39.590+0000] {logging_mixin.py:188} INFO - [2026-08-10T22:35:39.589+0000] {dagbag.py:538} INFO - Filling up the DagBag from /opt/airflow/dags/spark_pipeline_dag.py
[2026-08-10T22:35:39.618+0000] {processor.py:840} INFO - DAG(s) 'air_quality_pipeline' retrieved from /opt/airflow/dags/spark_pipeline_dag.py
[2026-08-10T22:35:39.638+0000] {logging_mixin.py:188} INFO - [2026-08-10T22:35:39.638+0000] {dag.py:3036} INFO - Sync 1 DAGs
[2026-08-10T22:35:39.660+0000] {logging_mixin.py:188} INFO - [2026-08-10T22:35:39.660+0000] {dag.py:3823} INFO - Setting next_dagrun for air_quality_pipeline to 2026-08-10 22:05:00+00:00, run_after=2026-08-10 23:05:00+00:00
[2026-08-10T22:35:39.682+0000] {processor.py:183} INFO - Processing /opt/airflow/dags/spark_pipeline_dag.py took 0.098 seconds
[2026-08-10T22:36:09.959+0000] {processor.py:161} INFO - Started process (PID=25606) to work on /opt/airflow/dags/spark_pipeline_dag.py
[2026-08-10T22:36:09.960+0000] {processor.py:830} INFO - Processing file /opt/airflow/dags/spark_pipeline_dag.py for tasks to queue
[2026-08-10T22:36:09.961+0000] {logging_mixin.py:188} INFO - [2026-08-10T22:36:09.961+0000] {dagbag.py:538} INFO - Filling up the DagBag from /opt/airflow/dags/spark_pipeline_dag.py
[2026-08-10T22:36:09.982+0000] {processor.py:840} INFO - DAG(s) 'air_quality_pipeline' retrieved from /opt/airflow/dags/spark_pipeline_dag.py
[2026-08-10T22:36:10.008+0000] {logging_mixin.py:188} INFO - [2026-08-10T22:36:10.008+0000] {dag.py:3036} INFO - Sync 1 DAGs
[2026-08-10T22:36:10.029+0000] {logging_mixin.py:188} INFO - [2026-08-10T22:36:10.029+0000] {dag.py:3823} INFO - Setting next_dagrun for air_quality_pipeline to 2026-08-10 22:05:00+00:00, run_after=2026-08-10 23:05:00+00:00
[2026-08-10T22:36:10.051+0000] {processor.py:183} INFO - Processing /opt/airflow/dags/spark_pipeline_dag.py took 0.096 seconds
[2026-08-10T22:36:40.399+0000] {processor.py:161} INFO - Started process (PID=25616) to work on /opt/airflow/dags/spark_pipeline_dag.py
[2026-08-10T22:36:40.401+0000] {processor.py:830} INFO - Processing file /opt/airflow/dags/spark_pipeline_dag.py for tasks to queue
[2026-08-10T22:36:40.403+0000] {logging_mixin.py:188} INFO - [2026-08-10T22:36:40.402+0000] {dagbag.py:538} INFO - Filling up the DagBag from /opt/airflow/dags/spark_pipeline_dag.py
[2026-08-10T22:36:40.430+0000] {processor.py:840} INFO - DAG(s) 'air_quality_pipeline' retrieved from /opt/airflow/dags/spark_pipeline_dag.py
[2026-08-10T22:36:40.454+0000] {logging_mixin.py:188} INFO - [2026-08-10T22:36:40.453+0000] {dag.py:3036} INFO - Sync 1 DAGs
[2026-08-10T22:36:40.475+0000] {logging_mixin.py:188} INFO - [2026-08-10T22:36:40.475+0000] {dag.py:3823} INFO - Setting next_dagrun for air_quality_pipeline to 2026-08-10 22:05:00+00:00, run_after=2026-08-10 23:05:00+00:00
[2026-08-10T22:36:40.498+0000] {processor.py:183} INFO - Processing /opt/airflow/dags/spark_pipeline_dag.py took 0.102 seconds
[2026-08-10T22:37:10.797+0000] {processor.py:161} INFO - Started process (PID=25626) to work on /opt/airflow/dags/spark_pipeline_dag.py
[2026-08-10T22:37:10.799+0000] {processor.py:830} INFO - Processing file /opt/airflow/dags/spark_pipeline_dag.py for tasks to queue
[2026-08-10T22:37:10.799+0000] {logging_mixin.py:188} INFO - [2026-08-10T22:37:10.799+0000] {dagbag.py:538} INFO - Filling up the DagBag from /opt/airflow/dags/spark_pipeline_dag.py
[2026-08-10T22:37:10.834+0000] {processor.py:840} INFO - DAG(s) 'air_quality_pipeline' retrieved from /opt/airflow/dags/spark_pipeline_dag.py
[2026-08-10T22:37:10.856+0000] {logging_mixin.py:188} INFO - [2026-08-10T22:37:10.856+0000] {dag.py:3036} INFO - Sync 1 DAGs
[2026-08-10T22:37:10.880+0000] {logging_mixin.py:188} INFO - [2026-08-10T22:37:10.880+0000] {dag.py:3823} INFO - Setting next_dagrun for air_quality_pipeline to 2026-08-10 22:05:00+00:00, run_after=2026-08-10 23:05:00+00:00
[2026-08-10T22:37:10.903+0000] {processor.py:183} INFO - Processing /opt/airflow/dags/spark_pipeline_dag.py took 0.109 seconds
[2026-08-10T22:37:41.211+0000] {processor.py:161} INFO - Started process (PID=25636) to work on /opt/airflow/dags/spark_pipeline_dag.py
[2026-08-10T22:37:41.212+0000] {processor.py:830} INFO - Processing file /opt/airflow/dags/spark_pipeline_dag.py for tasks to queue
[2026-08-10T22:37:41.213+0000] {logging_mixin.py:188} INFO - [2026-08-10T22:37:41.213+0000] {dagbag.py:538} INFO - Filling up the DagBag from /opt/airflow/dags/spark_pipeline_dag.py
[2026-08-10T22:37:41.237+0000] {processor.py:840} INFO - DAG(s) 'air_quality_pipeline' retrieved from /opt/airflow/dags/spark_pipeline_dag.py
[2026-08-10T22:37:41.260+0000] {logging_mixin.py:188} INFO - [2026-08-10T22:37:41.260+0000] {dag.py:3036} INFO - Sync 1 DAGs
[2026-08-10T22:37:41.279+0000] {logging_mixin.py:188} INFO - [2026-08-10T22:37:41.278+0000] {dag.py:3823} INFO - Setting next_dagrun for air_quality_pipeline to 2026-08-10 22:05:00+00:00, run_after=2026-08-10 23:05:00+00:00
[2026-08-10T22:37:41.303+0000] {processor.py:183} INFO - Processing /opt/airflow/dags/spark_pipeline_dag.py took 0.096 seconds
[2026-08-10T22:38:11.573+0000] {processor.py:161} INFO - Started process (PID=25646) to work on /opt/airflow/dags/spark_pipeline_dag.py
[2026-08-10T22:38:11.575+0000] {processor.py:830} INFO - Processing file /opt/airflow/dags/spark_pipeline_dag.py for tasks to queue
[2026-08-10T22:38:11.576+0000] {logging_mixin.py:188} INFO - [2026-08-10T22:38:11.575+0000] {dagbag.py:538} INFO - Filling up the DagBag from /opt/airflow/dags/spark_pipeline_dag.py
[2026-08-10T22:38:11.601+0000] {processor.py:840} INFO - DAG(s) 'air_quality_pipeline' retrieved from /opt/airflow/dags/spark_pipeline_dag.py
[2026-08-10T22:38:11.627+0000] {logging_mixin.py:188} INFO - [2026-08-10T22:38:11.626+0000] {dag.py:3036} INFO - Sync 1 DAGs
[2026-08-10T22:38:11.648+0000] {logging_mixin.py:188} INFO - [2026-08-10T22:38:11.648+0000] {dag.py:3823} INFO - Setting next_dagrun for air_quality_pipeline to 2026-08-10 22:05:00+00:00, run_after=2026-08-10 23:05:00+00:00
[2026-08-10T22:38:11.673+0000] {processor.py:183} INFO - Processing /opt/airflow/dags/spark_pipeline_dag.py took 0.102 seconds
[2026-08-10T22:38:42.052+0000] {processor.py:161} INFO - Started process (PID=25656) to work on /opt/airflow/dags/spark_pipeline_dag.py
[2026-08-10T22:38:42.053+0000] {processor.py:830} INFO - Processing file /opt/airflow/dags/spark_pipeline_dag.py for tasks to queue
[2026-08-10T22:38:42.054+0000] {logging_mixin.py:188} INFO - [2026-08-10T22:38:42.054+0000] {dagbag.py:538} INFO - Filling up the DagBag from /opt/airflow/dags/spark_pipeline_dag.py
[2026-08-10T22:38:42.080+0000] {processor.py:840} INFO - DAG(s) 'air_quality_pipeline' retrieved from /opt/airflow/dags/spark_pipeline_dag.py
[2026-08-10T22:38:42.103+0000] {logging_mixin.py:188} INFO - [2026-08-10T22:38:42.103+0000] {dag.py:3036} INFO - Sync 1 DAGs
[2026-08-10T22:38:42.126+0000] {logging_mixin.py:188} INFO - [2026-08-10T22:38:42.126+0000] {dag.py:3823} INFO - Setting next_dagrun for air_quality_pipeline to 2026-08-10 22:05:00+00:00, run_after=2026-08-10 23:05:00+00:00
[2026-08-10T22:38:42.145+0000] {processor.py:183} INFO - Processing /opt/airflow/dags/spark_pipeline_dag.py took 0.097 seconds
[2026-08-10T22:39:12.424+0000] {processor.py:161} INFO - Started process (PID=25666) to work on /opt/airflow/dags/spark_pipeline_dag.py
[2026-08-10T22:39:12.425+0000] {processor.py:830} INFO - Processing file /opt/airflow/dags/spark_pipeline_dag.py for tasks to queue
[2026-08-10T22:39:12.427+0000] {logging_mixin.py:188} INFO - [2026-08-10T22:39:12.426+0000] {dagbag.py:538} INFO - Filling up the DagBag from /opt/airflow/dags/spark_pipeline_dag.py
[2026-08-10T22:39:12.451+0000] {processor.py:840} INFO - DAG(s) 'air_quality_pipeline' retrieved from /opt/airflow/dags/spark_pipeline_dag.py
[2026-08-10T22:39:12.476+0000] {logging_mixin.py:188} INFO - [2026-08-10T22:39:12.475+0000] {dag.py:3036} INFO - Sync 1 DAGs
[2026-08-10T22:39:12.501+0000] {logging_mixin.py:188} INFO - [2026-08-10T22:39:12.501+0000] {dag.py:3823} INFO - Setting next_dagrun for air_quality_pipeline to 2026-08-10 22:05:00+00:00, run_after=2026-08-10 23:05:00+00:00
[2026-08-10T22:39:12.522+0000] {processor.py:183} INFO - Processing /opt/airflow/dags/spark_pipeline_dag.py took 0.101 seconds
[2026-08-10T22:39:42.808+0000] {processor.py:161} INFO - Started process (PID=25676) to work on /opt/airflow/dags/spark_pipeline_dag.py
[2026-08-10T22:39:42.809+0000] {processor.py:830} INFO - Processing file /opt/airflow/dags/spark_pipeline_dag.py for tasks to queue
[2026-08-10T22:39:42.810+0000] {logging_mixin.py:188} INFO - [2026-08-10T22:39:42.810+0000] {dagbag.py:538} INFO - Filling up the DagBag from /opt/airflow/dags/spark_pipeline_dag.py
[2026-08-10T22:39:42.834+0000] {processor.py:840} INFO - DAG(s) 'air_quality_pipeline' retrieved from /opt/airflow/dags/spark_pipeline_dag.py
[2026-08-10T22:39:42.856+0000] {logging_mixin.py:188} INFO - [2026-08-10T22:39:42.855+0000] {dag.py:3036} INFO - Sync 1 DAGs
[2026-08-10T22:39:42.878+0000] {logging_mixin.py:188} INFO - [2026-08-10T22:39:42.878+0000] {dag.py:3823} INFO - Setting next_dagrun for air_quality_pipeline to 2026-08-10 22:05:00+00:00, run_after=2026-08-10 23:05:00+00:00
[2026-08-10T22:39:42.899+0000] {processor.py:183} INFO - Processing /opt/airflow/dags/spark_pipeline_dag.py took 0.094 seconds
[2026-08-10T22:40:13.187+0000] {processor.py:161} INFO - Started process (PID=25686) to work on /opt/airflow/dags/spark_pipeline_dag.py
[2026-08-10T22:40:13.188+0000] {processor.py:830} INFO - Processing file /opt/airflow/dags/spark_pipeline_dag.py for tasks to queue
[2026-08-10T22:40:13.189+0000] {logging_mixin.py:188} INFO - [2026-08-10T22:40:13.189+0000] {dagbag.py:538} INFO - Filling up the DagBag from /opt/airflow/dags/spark_pipeline_dag.py
[2026-08-10T22:40:13.213+0000] {processor.py:840} INFO - DAG(s) 'air_quality_pipeline' retrieved from /opt/airflow/dags/spark_pipeline_dag.py
[2026-08-10T22:40:13.236+0000] {logging_mixin.py:188} INFO - [2026-08-10T22:40:13.236+0000] {dag.py:3036} INFO - Sync 1 DAGs
[2026-08-10T22:40:13.257+0000] {logging_mixin.py:188} INFO - [2026-08-10T22:40:13.257+0000] {dag.py:3823} INFO - Setting next_dagrun for air_quality_pipeline to 2026-08-10 22:05:00+00:00, run_after=2026-08-10 23:05:00+00:00
[2026-08-10T22:40:13.278+0000] {processor.py:183} INFO - Processing /opt/airflow/dags/spark_pipeline_dag.py took 0.093 seconds
[2026-08-10T22:40:43.604+0000] {processor.py:161} INFO - Started process (PID=25696) to work on /opt/airflow/dags/spark_pipeline_dag.py
[2026-08-10T22:40:43.605+0000] {processor.py:830} INFO - Processing file /opt/airflow/dags/spark_pipeline_dag.py for tasks to queue
[2026-08-10T22:40:43.606+0000] {logging_mixin.py:188} INFO - [2026-08-10T22:40:43.606+0000] {dagbag.py:538} INFO - Filling up the DagBag from /opt/airflow/dags/spark_pipeline_dag.py
[2026-08-10T22:40:43.630+0000] {processor.py:840} INFO - DAG(s) 'air_quality_pipeline' retrieved from /opt/airflow/dags/spark_pipeline_dag.py
[2026-08-10T22:40:43.657+0000] {logging_mixin.py:188} INFO - [2026-08-10T22:40:43.657+0000] {dag.py:3036} INFO - Sync 1 DAGs
[2026-08-10T22:40:43.676+0000] {logging_mixin.py:188} INFO - [2026-08-10T22:40:43.676+0000] {dag.py:3823} INFO - Setting next_dagrun for air_quality_pipeline to 2026-08-10 22:05:00+00:00, run_after=2026-08-10 23:05:00+00:00
[2026-08-10T22:40:43.696+0000] {processor.py:183} INFO - Processing /opt/airflow/dags/spark_pipeline_dag.py took 0.095 seconds
[2026-08-10T22:41:13.963+0000] {processor.py:161} INFO - Started process (PID=25706) to work on /opt/airflow/dags/spark_pipeline_dag.py
[2026-08-10T22:41:13.964+0000] {processor.py:830} INFO - Processing file /opt/airflow/dags/spark_pipeline_dag.py for tasks to queue
[2026-08-10T22:41:13.966+0000] {logging_mixin.py:188} INFO - [2026-08-10T22:41:13.965+0000] {dagbag.py:538} INFO - Filling up the DagBag from /opt/airflow/dags/spark_pipeline_dag.py
[2026-08-10T22:41:13.995+0000] {processor.py:840} INFO - DAG(s) 'air_quality_pipeline' retrieved from /opt/airflow/dags/spark_pipeline_dag.py
[2026-08-10T22:41:14.018+0000] {logging_mixin.py:188} INFO - [2026-08-10T22:41:14.018+0000] {dag.py:3036} INFO - Sync 1 DAGs
[2026-08-10T22:41:14.039+0000] {logging_mixin.py:188} INFO - [2026-08-10T22:41:14.039+0000] {dag.py:3823} INFO - Setting next_dagrun for air_quality_pipeline to 2026-08-10 22:05:00+00:00, run_after=2026-08-10 23:05:00+00:00
[2026-08-10T22:41:14.059+0000] {processor.py:183} INFO - Processing /opt/airflow/dags/spark_pipeline_dag.py took 0.099 seconds
[2026-08-10T22:41:44.325+0000] {processor.py:161} INFO - Started process (PID=25716) to work on /opt/airflow/dags/spark_pipeline_dag.py
[2026-08-10T22:41:44.326+0000] {processor.py:830} INFO - Processing file /opt/airflow/dags/spark_pipeline_dag.py for tasks to queue
[2026-08-10T22:41:44.327+0000] {logging_mixin.py:188} INFO - [2026-08-10T22:41:44.327+0000] {dagbag.py:538} INFO - Filling up the DagBag from /opt/airflow/dags/spark_pipeline_dag.py
[2026-08-10T22:41:44.353+0000] {processor.py:840} INFO - DAG(s) 'air_quality_pipeline' retrieved from /opt/airflow/dags/spark_pipeline_dag.py
[2026-08-10T22:41:44.371+0000] {logging_mixin.py:188} INFO - [2026-08-10T22:41:44.371+0000] {dag.py:3036} INFO - Sync 1 DAGs
[2026-08-10T22:41:44.391+0000] {logging_mixin.py:188} INFO - [2026-08-10T22:41:44.391+0000] {dag.py:3823} INFO - Setting next_dagrun for air_quality_pipeline to 2026-08-10 22:05:00+00:00, run_after=2026-08-10 23:05:00+00:00
[2026-08-10T22:41:44.410+0000] {processor.py:183} INFO - Processing /opt/airflow/dags/spark_pipeline_dag.py took 0.088 seconds
[2026-08-10T22:42:14.685+0000] {processor.py:161} INFO - Started process (PID=25726) to work on /opt/airflow/dags/spark_pipeline_dag.py
[2026-08-10T22:42:14.686+0000] {processor.py:830} INFO - Processing file /opt/airflow/dags/spark_pipeline_dag.py for tasks to queue
[2026-08-10T22:42:14.688+0000] {logging_mixin.py:188} INFO - [2026-08-10T22:42:14.687+0000] {dagbag.py:538} INFO - Filling up the DagBag from /opt/airflow/dags/spark_pipeline_dag.py
[2026-08-10T22:42:14.716+0000] {processor.py:840} INFO - DAG(s) 'air_quality_pipeline' retrieved from /opt/airflow/dags/spark_pipeline_dag.py
[2026-08-10T22:42:14.736+0000] {logging_mixin.py:188} INFO - [2026-08-10T22:42:14.736+0000] {dag.py:3036} INFO - Sync 1 DAGs
[2026-08-10T22:42:14.754+0000] {logging_mixin.py:188} INFO - [2026-08-10T22:42:14.754+0000] {dag.py:3823} INFO - Setting next_dagrun for air_quality_pipeline to 2026-08-10 22:05:00+00:00, run_after=2026-08-10 23:05:00+00:00
[2026-08-10T22:42:14.774+0000] {processor.py:183} INFO - Processing /opt/airflow/dags/spark_pipeline_dag.py took 0.093 seconds
[2026-08-10T22:42:45.124+0000] {processor.py:161} INFO - Started process (PID=25736) to work on /opt/airflow/dags/spark_pipeline_dag.py
[2026-08-10T22:42:45.125+0000] {processor.py:830} INFO - Processing file /opt/airflow/dags/spark_pipeline_dag.py for tasks to queue
[2026-08-10T22:42:45.126+0000] {logging_mixin.py:188} INFO - [2026-08-10T22:42:45.126+0000] {dagbag.py:538} INFO - Filling up the DagBag from /opt/airflow/dags/spark_pipeline_dag.py
[2026-08-10T22:42:45.156+0000] {processor.py:840} INFO - DAG(s) 'air_quality_pipeline' retrieved from /opt/airflow/dags/spark_pipeline_dag.py
[2026-08-10T22:42:45.178+0000] {logging_mixin.py:188} INFO - [2026-08-10T22:42:45.178+0000] {dag.py:3036} INFO - Sync 1 DAGs
[2026-08-10T22:42:45.199+0000] {logging_mixin.py:188} INFO - [2026-08-10T22:42:45.199+0000] {dag.py:3823} INFO - Setting next_dagrun for air_quality_pipeline to 2026-08-10 22:05:00+00:00, run_after=2026-08-10 23:05:00+00:00
[2026-08-10T22:42:45.219+0000] {processor.py:183} INFO - Processing /opt/airflow/dags/spark_pipeline_dag.py took 0.098 seconds
[2026-08-10T22:43:15.505+0000] {processor.py:161} INFO - Started process (PID=25746) to work on /opt/airflow/dags/spark_pipeline_dag.py
[2026-08-10T22:43:15.506+0000] {processor.py:830} INFO - Processing file /opt/airflow/dags/spark_pipeline_dag.py for tasks to queue
[2026-08-10T22:43:15.508+0000] {logging_mixin.py:188} INFO - [2026-08-10T22:43:15.508+0000] {dagbag.py:538} INFO - Filling up the DagBag from /opt/airflow/dags/spark_pipeline_dag.py
[2026-08-10T22:43:15.536+0000] {processor.py:840} INFO - DAG(s) 'air_quality_pipeline' retrieved from /opt/airflow/dags/spark_pipeline_dag.py
[2026-08-10T22:43:15.557+0000] {logging_mixin.py:188} INFO - [2026-08-10T22:43:15.556+0000] {dag.py:3036} INFO - Sync 1 DAGs
[2026-08-10T22:43:15.578+0000] {logging_mixin.py:188} INFO - [2026-08-10T22:43:15.578+0000] {dag.py:3823} INFO - Setting next_dagrun for air_quality_pipeline to 2026-08-10 22:05:00+00:00, run_after=2026-08-10 23:05:00+00:00
[2026-08-10T22:43:15.598+0000] {processor.py:183} INFO - Processing /opt/airflow/dags/spark_pipeline_dag.py took 0.097 seconds
[2026-08-10T22:43:45.912+0000] {processor.py:161} INFO - Started process (PID=25756) to work on /opt/airflow/dags/spark_pipeline_dag.py
[2026-08-10T22:43:45.914+0000] {processor.py:830} INFO - Processing file /opt/airflow/dags/spark_pipeline_dag.py for tasks to queue
[2026-08-10T22:43:45.916+0000] {logging_mixin.py:188} INFO - [2026-08-10T22:43:45.915+0000] {dagbag.py:538} INFO - Filling up the DagBag from /opt/airflow/dags/spark_pipeline_dag.py
[2026-08-10T22:43:45.943+0000] {processor.py:840} INFO - DAG(s) 'air_quality_pipeline' retrieved from /opt/airflow/dags/spark_pipeline_dag.py
[2026-08-10T22:43:45.970+0000] {logging_mixin.py:188} INFO - [2026-08-10T22:43:45.969+0000] {dag.py:3036} INFO - Sync 1 DAGs
[2026-08-10T22:43:45.992+0000] {logging_mixin.py:188} INFO - [2026-08-10T22:43:45.992+0000] {dag.py:3823} INFO - Setting next_dagrun for air_quality_pipeline to 2026-08-10 22:05:00+00:00, run_after=2026-08-10 23:05:00+00:00
[2026-08-10T22:43:46.013+0000] {processor.py:183} INFO - Processing /opt/airflow/dags/spark_pipeline_dag.py took 0.105 seconds
[2026-08-10T22:44:16.325+0000] {processor.py:161} INFO - Started process (PID=25766) to work on /opt/airflow/dags/spark_pipeline_dag.py
[2026-08-10T22:44:16.327+0000] {processor.py:830} INFO - Processing file /opt/airflow/dags/spark_pipeline_dag.py for tasks to queue
[2026-08-10T22:44:16.330+0000] {logging_mixin.py:188} INFO - [2026-08-10T22:44:16.329+0000] {dagbag.py:538} INFO - Filling up the DagBag from /opt/airflow/dags/spark_pipeline_dag.py
[2026-08-10T22:44:16.361+0000] {processor.py:840} INFO - DAG(s) 'air_quality_pipeline' retrieved from /opt/airflow/dags/spark_pipeline_dag.py
[2026-08-10T22:44:16.381+0000] {logging_mixin.py:188} INFO - [2026-08-10T22:44:16.380+0000] {dag.py:3036} INFO - Sync 1 DAGs
[2026-08-10T22:44:16.402+0000] {logging_mixin.py:188} INFO - [2026-08-10T22:44:16.402+0000] {dag.py:3823} INFO - Setting next_dagrun for air_quality_pipeline to 2026-08-10 22:05:00+00:00, run_after=2026-08-10 23:05:00+00:00
[2026-08-10T22:44:16.422+0000] {processor.py:183} INFO - Processing /opt/airflow/dags/spark_pipeline_dag.py took 0.103 seconds
[2026-08-10T22:44:46.697+0000] {processor.py:161} INFO - Started process (PID=25776) to work on /opt/airflow/dags/spark_pipeline_dag.py
[2026-08-10T22:44:46.699+0000] {processor.py:830} INFO - Processing file /opt/airflow/dags/spark_pipeline_dag.py for tasks to queue
[2026-08-10T22:44:46.701+0000] {logging_mixin.py:188} INFO - [2026-08-10T22:44:46.700+0000] {dagbag.py:538} INFO - Filling up the DagBag from /opt/airflow/dags/spark_pipeline_dag.py
[2026-08-10T22:44:46.723+0000] {processor.py:840} INFO - DAG(s) 'air_quality_pipeline' retrieved from /opt/airflow/dags/spark_pipeline_dag.py
[2026-08-10T22:44:46.744+0000] {logging_mixin.py:188} INFO - [2026-08-10T22:44:46.744+0000] {dag.py:3036} INFO - Sync 1 DAGs
[2026-08-10T22:44:46.762+0000] {logging_mixin.py:188} INFO - [2026-08-10T22:44:46.762+0000] {dag.py:3823} INFO - Setting next_dagrun for air_quality_pipeline to 2026-08-10 22:05:00+00:00, run_after=2026-08-10 23:05:00+00:00
[2026-08-10T22:44:46.780+0000] {processor.py:183} INFO - Processing /opt/airflow/dags/spark_pipeline_dag.py took 0.086 seconds
[2026-08-10T22:45:17.150+0000] {processor.py:161} INFO - Started process (PID=25786) to work on /opt/airflow/dags/spark_pipeline_dag.py
[2026-08-10T22:45:17.152+0000] {processor.py:830} INFO - Processing file /opt/airflow/dags/spark_pipeline_dag.py for tasks to queue
[2026-08-10T22:45:17.153+0000] {logging_mixin.py:188} INFO - [2026-08-10T22:45:17.153+0000] {dagbag.py:538} INFO - Filling up the DagBag from /opt/airflow/dags/spark_pipeline_dag.py
[2026-08-10T22:45:17.183+0000] {processor.py:840} INFO - DAG(s) 'air_quality_pipeline' retrieved from /opt/airflow/dags/spark_pipeline_dag.py
[2026-08-10T22:45:17.207+0000] {logging_mixin.py:188} INFO - [2026-08-10T22:45:17.207+0000] {dag.py:3036} INFO - Sync 1 DAGs
[2026-08-10T22:45:17.225+0000] {logging_mixin.py:188} INFO - [2026-08-10T22:45:17.225+0000] {dag.py:3823} INFO - Setting next_dagrun for air_quality_pipeline to 2026-08-10 22:05:00+00:00, run_after=2026-08-10 23:05:00+00:00
[2026-08-10T22:45:17.243+0000] {processor.py:183} INFO - Processing /opt/airflow/dags/spark_pipeline_dag.py took 0.096 seconds
[2026-08-10T22:45:47.792+0000] {processor.py:161} INFO - Started process (PID=25796) to work on /opt/airflow/dags/spark_pipeline_dag.py
[2026-08-10T22:45:47.793+0000] {processor.py:830} INFO - Processing file /opt/airflow/dags/spark_pipeline_dag.py for tasks to queue
[2026-08-10T22:45:47.794+0000] {logging_mixin.py:188} INFO - [2026-08-10T22:45:47.794+0000] {dagbag.py:538} INFO - Filling up the DagBag from /opt/airflow/dags/spark_pipeline_dag.py
[2026-08-10T22:45:47.820+0000] {processor.py:840} INFO - DAG(s) 'air_quality_pipeline' retrieved from /opt/airflow/dags/spark_pipeline_dag.py
[2026-08-10T22:45:47.839+0000] {logging_mixin.py:188} INFO - [2026-08-10T22:45:47.839+0000] {dag.py:3036} INFO - Sync 1 DAGs
[2026-08-10T22:45:47.858+0000] {logging_mixin.py:188} INFO - [2026-08-10T22:45:47.858+0000] {dag.py:3823} INFO - Setting next_dagrun for air_quality_pipeline to 2026-08-10 22:05:00+00:00, run_after=2026-08-10 23:05:00+00:00
[2026-08-10T22:45:47.873+0000] {processor.py:183} INFO - Processing /opt/airflow/dags/spark_pipeline_dag.py took 0.083 seconds
[2026-08-10T22:46:18.221+0000] {processor.py:161} INFO - Started process (PID=25806) to work on /opt/airflow/dags/spark_pipeline_dag.py
[2026-08-10T22:46:18.222+0000] {processor.py:830} INFO - Processing file /opt/airflow/dags/spark_pipeline_dag.py for tasks to queue
[2026-08-10T22:46:18.222+0000] {logging_mixin.py:188} INFO - [2026-08-10T22:46:18.222+0000] {dagbag.py:538} INFO - Filling up the DagBag from /opt/airflow/dags/spark_pipeline_dag.py
[2026-08-10T22:46:18.238+0000] {processor.py:840} INFO - DAG(s) 'air_quality_pipeline' retrieved from /opt/airflow/dags/spark_pipeline_dag.py
[2026-08-10T22:46:18.258+0000] {logging_mixin.py:188} INFO - [2026-08-10T22:46:18.258+0000] {dag.py:3036} INFO - Sync 1 DAGs
[2026-08-10T22:46:18.365+0000] {logging_mixin.py:188} INFO - [2026-08-10T22:46:18.365+0000] {dag.py:3823} INFO - Setting next_dagrun for air_quality_pipeline to 2026-08-10 22:05:00+00:00, run_after=2026-08-10 23:05:00+00:00
[2026-08-10T22:46:18.385+0000] {processor.py:183} INFO - Processing /opt/airflow/dags/spark_pipeline_dag.py took 0.172 seconds
[2026-08-10T22:46:48.858+0000] {processor.py:161} INFO - Started process (PID=25816) to work on /opt/airflow/dags/spark_pipeline_dag.py
[2026-08-10T22:46:48.860+0000] {processor.py:830} INFO - Processing file /opt/airflow/dags/spark_pipeline_dag.py for tasks to queue
[2026-08-10T22:46:48.861+0000] {logging_mixin.py:188} INFO - [2026-08-10T22:46:48.860+0000] {dagbag.py:538} INFO - Filling up the DagBag from /opt/airflow/dags/spark_pipeline_dag.py
[2026-08-10T22:46:48.884+0000] {processor.py:840} INFO - DAG(s) 'air_quality_pipeline' retrieved from /opt/airflow/dags/spark_pipeline_dag.py
[2026-08-10T22:46:48.905+0000] {logging_mixin.py:188} INFO - [2026-08-10T22:46:48.905+0000] {dag.py:3036} INFO - Sync 1 DAGs
[2026-08-10T22:46:48.923+0000] {logging_mixin.py:188} INFO - [2026-08-10T22:46:48.923+0000] {dag.py:3823} INFO - Setting next_dagrun for air_quality_pipeline to 2026-08-10 22:05:00+00:00, run_after=2026-08-10 23:05:00+00:00
[2026-08-10T22:46:48.939+0000] {processor.py:183} INFO - Processing /opt/airflow/dags/spark_pipeline_dag.py took 0.083 seconds
[2026-08-10T22:47:19.350+0000] {processor.py:161} INFO - Started process (PID=25826) to work on /opt/airflow/dags/spark_pipeline_dag.py
[2026-08-10T22:47:19.351+0000] {processor.py:830} INFO - Processing file /opt/airflow/dags/spark_pipeline_dag.py for tasks to queue
[2026-08-10T22:47:19.352+0000] {logging_mixin.py:188} INFO - [2026-08-10T22:47:19.352+0000] {dagbag.py:538} INFO - Filling up the DagBag from /opt/airflow/dags/spark_pipeline_dag.py
[2026-08-10T22:47:19.372+0000] {processor.py:840} INFO - DAG(s) 'air_quality_pipeline' retrieved from /opt/airflow/dags/spark_pipeline_dag.py
[2026-08-10T22:47:19.391+0000] {logging_mixin.py:188} INFO - [2026-08-10T22:47:19.391+0000] {dag.py:3036} INFO - Sync 1 DAGs
[2026-08-10T22:47:19.408+0000] {logging_mixin.py:188} INFO - [2026-08-10T22:47:19.408+0000] {dag.py:3823} INFO - Setting next_dagrun for air_quality_pipeline to 2026-08-10 22:05:00+00:00, run_after=2026-08-10 23:05:00+00:00
[2026-08-10T22:47:19.428+0000] {processor.py:183} INFO - Processing /opt/airflow/dags/spark_pipeline_dag.py took 0.081 seconds
[2026-08-10T22:47:49.767+0000] {processor.py:161} INFO - Started process (PID=25836) to work on /opt/airflow/dags/spark_pipeline_dag.py
[2026-08-10T22:47:49.768+0000] {processor.py:830} INFO - Processing file /opt/airflow/dags/spark_pipeline_dag.py for tasks to queue
[2026-08-10T22:47:49.769+0000] {logging_mixin.py:188} INFO - [2026-08-10T22:47:49.769+0000] {dagbag.py:538} INFO - Filling up the DagBag from /opt/airflow/dags/spark_pipeline_dag.py
[2026-08-10T22:47:49.787+0000] {processor.py:840} INFO - DAG(s) 'air_quality_pipeline' retrieved from /opt/airflow/dags/spark_pipeline_dag.py
[2026-08-10T22:47:49.808+0000] {logging_mixin.py:188} INFO - [2026-08-10T22:47:49.807+0000] {dag.py:3036} INFO - Sync 1 DAGs
[2026-08-10T22:47:49.826+0000] {logging_mixin.py:188} INFO - [2026-08-10T22:47:49.826+0000] {dag.py:3823} INFO - Setting next_dagrun for air_quality_pipeline to 2026-08-10 22:05:00+00:00, run_after=2026-08-10 23:05:00+00:00
[2026-08-10T22:47:49.843+0000] {processor.py:183} INFO - Processing /opt/airflow/dags/spark_pipeline_dag.py took 0.078 seconds
[2026-08-10T22:48:20.282+0000] {processor.py:161} INFO - Started process (PID=25846) to work on /opt/airflow/dags/spark_pipeline_dag.py
[2026-08-10T22:48:20.283+0000] {processor.py:830} INFO - Processing file /opt/airflow/dags/spark_pipeline_dag.py for tasks to queue
[2026-08-10T22:48:20.284+0000] {logging_mixin.py:188} INFO - [2026-08-10T22:48:20.284+0000] {dagbag.py:538} INFO - Filling up the DagBag from /opt/airflow/dags/spark_pipeline_dag.py
[2026-08-10T22:48:20.299+0000] {processor.py:840} INFO - DAG(s) 'air_quality_pipeline' retrieved from /opt/airflow/dags/spark_pipeline_dag.py
[2026-08-10T22:48:20.321+0000] {logging_mixin.py:188} INFO - [2026-08-10T22:48:20.321+0000] {dag.py:3036} INFO - Sync 1 DAGs
[2026-08-10T22:48:20.339+0000] {logging_mixin.py:188} INFO - [2026-08-10T22:48:20.339+0000] {dag.py:3823} INFO - Setting next_dagrun for air_quality_pipeline to 2026-08-10 22:05:00+00:00, run_after=2026-08-10 23:05:00+00:00
[2026-08-10T22:48:20.358+0000] {processor.py:183} INFO - Processing /opt/airflow/dags/spark_pipeline_dag.py took 0.079 seconds
[2026-08-10T22:48:50.693+0000] {processor.py:161} INFO - Started process (PID=25856) to work on /opt/airflow/dags/spark_pipeline_dag.py
[2026-08-10T22:48:50.694+0000] {processor.py:830} INFO - Processing file /opt/airflow/dags/spark_pipeline_dag.py for tasks to queue
[2026-08-10T22:48:50.695+0000] {logging_mixin.py:188} INFO - [2026-08-10T22:48:50.695+0000] {dagbag.py:538} INFO - Filling up the DagBag from /opt/airflow/dags/spark_pipeline_dag.py
[2026-08-10T22:48:50.720+0000] {processor.py:840} INFO - DAG(s) 'air_quality_pipeline' retrieved from /opt/airflow/dags/spark_pipeline_dag.py
[2026-08-10T22:48:50.739+0000] {logging_mixin.py:188} INFO - [2026-08-10T22:48:50.739+0000] {dag.py:3036} INFO - Sync 1 DAGs
[2026-08-10T22:48:50.756+0000] {logging_mixin.py:188} INFO - [2026-08-10T22:48:50.756+0000] {dag.py:3823} INFO - Setting next_dagrun for air_quality_pipeline to 2026-08-10 22:05:00+00:00, run_after=2026-08-10 23:05:00+00:00
[2026-08-10T22:48:50.774+0000] {processor.py:183} INFO - Processing /opt/airflow/dags/spark_pipeline_dag.py took 0.083 seconds
[2026-08-10T22:49:21.374+0000] {processor.py:161} INFO - Started process (PID=25866) to work on /opt/airflow/dags/spark_pipeline_dag.py
[2026-08-10T22:49:21.375+0000] {processor.py:830} INFO - Processing file /opt/airflow/dags/spark_pipeline_dag.py for tasks to queue
[2026-08-10T22:49:21.377+0000] {logging_mixin.py:188} INFO - [2026-08-10T22:49:21.376+0000] {dagbag.py:538} INFO - Filling up the DagBag from /opt/airflow/dags/spark_pipeline_dag.py
[2026-08-10T22:49:21.412+0000] {processor.py:840} INFO - DAG(s) 'air_quality_pipeline' retrieved from /opt/airflow/dags/spark_pipeline_dag.py
[2026-08-10T22:49:21.431+0000] {logging_mixin.py:188} INFO - [2026-08-10T22:49:21.431+0000] {dag.py:3036} INFO - Sync 1 DAGs
[2026-08-10T22:49:21.450+0000] {logging_mixin.py:188} INFO - [2026-08-10T22:49:21.450+0000] {dag.py:3823} INFO - Setting next_dagrun for air_quality_pipeline to 2026-08-10 22:05:00+00:00, run_after=2026-08-10 23:05:00+00:00
[2026-08-10T22:49:21.468+0000] {processor.py:183} INFO - Processing /opt/airflow/dags/spark_pipeline_dag.py took 0.097 seconds
[2026-08-10T22:49:51.835+0000] {processor.py:161} INFO - Started process (PID=25876) to work on /opt/airflow/dags/spark_pipeline_dag.py
[2026-08-10T22:49:51.837+0000] {processor.py:830} INFO - Processing file /opt/airflow/dags/spark_pipeline_dag.py for tasks to queue
[2026-08-10T22:49:51.838+0000] {logging_mixin.py:188} INFO - [2026-08-10T22:49:51.837+0000] {dagbag.py:538} INFO - Filling up the DagBag from /opt/airflow/dags/spark_pipeline_dag.py
[2026-08-10T22:49:51.863+0000] {processor.py:840} INFO - DAG(s) 'air_quality_pipeline' retrieved from /opt/airflow/dags/spark_pipeline_dag.py
[2026-08-10T22:49:51.891+0000] {logging_mixin.py:188} INFO - [2026-08-10T22:49:51.891+0000] {dag.py:3036} INFO - Sync 1 DAGs
[2026-08-10T22:49:51.910+0000] {logging_mixin.py:188} INFO - [2026-08-10T22:49:51.909+0000] {dag.py:3823} INFO - Setting next_dagrun for air_quality_pipeline to 2026-08-10 22:05:00+00:00, run_after=2026-08-10 23:05:00+00:00
[2026-08-10T22:49:51.927+0000] {processor.py:183} INFO - Processing /opt/airflow/dags/spark_pipeline_dag.py took 0.094 seconds
[2026-08-10T22:50:22.288+0000] {processor.py:161} INFO - Started process (PID=25886) to work on /opt/airflow/dags/spark_pipeline_dag.py
[2026-08-10T22:50:22.289+0000] {processor.py:830} INFO - Processing file /opt/airflow/dags/spark_pipeline_dag.py for tasks to queue
[2026-08-10T22:50:22.290+0000] {logging_mixin.py:188} INFO - [2026-08-10T22:50:22.290+0000] {dagbag.py:538} INFO - Filling up the DagBag from /opt/airflow/dags/spark_pipeline_dag.py
[2026-08-10T22:50:22.310+0000] {processor.py:840} INFO - DAG(s) 'air_quality_pipeline' retrieved from /opt/airflow/dags/spark_pipeline_dag.py
[2026-08-10T22:50:22.330+0000] {logging_mixin.py:188} INFO - [2026-08-10T22:50:22.330+0000] {dag.py:3036} INFO - Sync 1 DAGs
[2026-08-10T22:50:22.347+0000] {logging_mixin.py:188} INFO - [2026-08-10T22:50:22.347+0000] {dag.py:3823} INFO - Setting next_dagrun for air_quality_pipeline to 2026-08-10 22:05:00+00:00, run_after=2026-08-10 23:05:00+00:00
[2026-08-10T22:50:22.366+0000] {processor.py:183} INFO - Processing /opt/airflow/dags/spark_pipeline_dag.py took 0.082 seconds
[2026-08-10T22:50:52.782+0000] {processor.py:161} INFO - Started process (PID=25896) to work on /opt/airflow/dags/spark_pipeline_dag.py
[2026-08-10T22:50:52.784+0000] {processor.py:830} INFO - Processing file /opt/airflow/dags/spark_pipeline_dag.py for tasks to queue
[2026-08-10T22:50:52.785+0000] {logging_mixin.py:188} INFO - [2026-08-10T22:50:52.785+0000] {dagbag.py:538} INFO - Filling up the DagBag from /opt/airflow/dags/spark_pipeline_dag.py
[2026-08-10T22:50:52.808+0000] {processor.py:840} INFO - DAG(s) 'air_quality_pipeline' retrieved from /opt/airflow/dags/spark_pipeline_dag.py
[2026-08-10T22:50:52.828+0000] {logging_mixin.py:188} INFO - [2026-08-10T22:50:52.828+0000] {dag.py:3036} INFO - Sync 1 DAGs
[2026-08-10T22:50:52.846+0000] {logging_mixin.py:188} INFO - [2026-08-10T22:50:52.846+0000] {dag.py:3823} INFO - Setting next_dagrun for air_quality_pipeline to 2026-08-10 22:05:00+00:00, run_after=2026-08-10 23:05:00+00:00
[2026-08-10T22:50:52.864+0000] {processor.py:183} INFO - Processing /opt/airflow/dags/spark_pipeline_dag.py took 0.084 seconds
[2026-08-10T22:51:23.205+0000] {processor.py:161} INFO - Started process (PID=25906) to work on /opt/airflow/dags/spark_pipeline_dag.py
[2026-08-10T22:51:23.207+0000] {processor.py:830} INFO - Processing file /opt/airflow/dags/spark_pipeline_dag.py for tasks to queue
[2026-08-10T22:51:23.208+0000] {logging_mixin.py:188} INFO - [2026-08-10T22:51:23.208+0000] {dagbag.py:538} INFO - Filling up the DagBag from /opt/airflow/dags/spark_pipeline_dag.py
[2026-08-10T22:51:23.257+0000] {processor.py:840} INFO - DAG(s) 'air_quality_pipeline' retrieved from /opt/airflow/dags/spark_pipeline_dag.py
[2026-08-10T22:51:23.278+0000] {logging_mixin.py:188} INFO - [2026-08-10T22:51:23.277+0000] {dag.py:3036} INFO - Sync 1 DAGs
[2026-08-10T22:51:23.295+0000] {logging_mixin.py:188} INFO - [2026-08-10T22:51:23.295+0000] {dag.py:3823} INFO - Setting next_dagrun for air_quality_pipeline to 2026-08-10 22:05:00+00:00, run_after=2026-08-10 23:05:00+00:00
[2026-08-10T22:51:23.314+0000] {processor.py:183} INFO - Processing /opt/airflow/dags/spark_pipeline_dag.py took 0.112 seconds
[2026-08-10T22:51:53.764+0000] {processor.py:161} INFO - Started process (PID=25916) to work on /opt/airflow/dags/spark_pipeline_dag.py
[2026-08-10T22:51:53.765+0000] {processor.py:830} INFO - Processing file /opt/airflow/dags/spark_pipeline_dag.py for tasks to queue
[2026-08-10T22:51:53.766+0000] {logging_mixin.py:188} INFO - [2026-08-10T22:51:53.766+0000] {dagbag.py:538} INFO - Filling up the DagBag from /opt/airflow/dags/spark_pipeline_dag.py
[2026-08-10T22:51:53.793+0000] {processor.py:840} INFO - DAG(s) 'air_quality_pipeline' retrieved from /opt/airflow/dags/spark_pipeline_dag.py
[2026-08-10T22:51:53.813+0000] {logging_mixin.py:188} INFO - [2026-08-10T22:51:53.813+0000] {dag.py:3036} INFO - Sync 1 DAGs
[2026-08-10T22:51:53.830+0000] {logging_mixin.py:188} INFO - [2026-08-10T22:51:53.830+0000] {dag.py:3823} INFO - Setting next_dagrun for air_quality_pipeline to 2026-08-10 22:05:00+00:00, run_after=2026-08-10 23:05:00+00:00
[2026-08-10T22:51:53.850+0000] {processor.py:183} INFO - Processing /opt/airflow/dags/spark_pipeline_dag.py took 0.088 seconds
[2026-08-10T22:52:24.315+0000] {processor.py:161} INFO - Started process (PID=25926) to work on /opt/airflow/dags/spark_pipeline_dag.py
[2026-08-10T22:52:24.316+0000] {processor.py:830} INFO - Processing file /opt/airflow/dags/spark_pipeline_dag.py for tasks to queue
[2026-08-10T22:52:24.319+0000] {logging_mixin.py:188} INFO - [2026-08-10T22:52:24.319+0000] {dagbag.py:538} INFO - Filling up the DagBag from /opt/airflow/dags/spark_pipeline_dag.py
[2026-08-10T22:52:24.365+0000] {processor.py:840} INFO - DAG(s) 'air_quality_pipeline' retrieved from /opt/airflow/dags/spark_pipeline_dag.py
[2026-08-10T22:52:24.385+0000] {logging_mixin.py:188} INFO - [2026-08-10T22:52:24.385+0000] {dag.py:3036} INFO - Sync 1 DAGs
[2026-08-10T22:52:24.403+0000] {logging_mixin.py:188} INFO - [2026-08-10T22:52:24.403+0000] {dag.py:3823} INFO - Setting next_dagrun for air_quality_pipeline to 2026-08-10 22:05:00+00:00, run_after=2026-08-10 23:05:00+00:00
[2026-08-10T22:52:24.422+0000] {processor.py:183} INFO - Processing /opt/airflow/dags/spark_pipeline_dag.py took 0.109 seconds
[2026-08-10T22:52:54.824+0000] {processor.py:161} INFO - Started process (PID=25936) to work on /opt/airflow/dags/spark_pipeline_dag.py
[2026-08-10T22:52:54.825+0000] {processor.py:830} INFO - Processing file /opt/airflow/dags/spark_pipeline_dag.py for tasks to queue
[2026-08-10T22:52:54.826+0000] {logging_mixin.py:188} INFO - [2026-08-10T22:52:54.826+0000] {dagbag.py:538} INFO - Filling up the DagBag from /opt/airflow/dags/spark_pipeline_dag.py
[2026-08-10T22:52:54.852+0000] {processor.py:840} INFO - DAG(s) 'air_quality_pipeline' retrieved from /opt/airflow/dags/spark_pipeline_dag.py
[2026-08-10T22:52:54.871+0000] {logging_mixin.py:188} INFO - [2026-08-10T22:52:54.871+0000] {dag.py:3036} INFO - Sync 1 DAGs
[2026-08-10T22:52:54.889+0000] {logging_mixin.py:188} INFO - [2026-08-10T22:52:54.889+0000] {dag.py:3823} INFO - Setting next_dagrun for air_quality_pipeline to 2026-08-10 22:05:00+00:00, run_after=2026-08-10 23:05:00+00:00
[2026-08-10T22:52:54.907+0000] {processor.py:183} INFO - Processing /opt/airflow/dags/spark_pipeline_dag.py took 0.087 seconds
[2026-08-10T22:53:25.291+0000] {processor.py:161} INFO - Started process (PID=25946) to work on /opt/airflow/dags/spark_pipeline_dag.py
[2026-08-10T22:53:25.292+0000] {processor.py:830} INFO - Processing file /opt/airflow/dags/spark_pipeline_dag.py for tasks to queue
[2026-08-10T22:53:25.293+0000] {logging_mixin.py:188} INFO - [2026-08-10T22:53:25.293+0000] {dagbag.py:538} INFO - Filling up the DagBag from /opt/airflow/dags/spark_pipeline_dag.py
[2026-08-10T22:53:25.315+0000] {processor.py:840} INFO - DAG(s) 'air_quality_pipeline' retrieved from /opt/airflow/dags/spark_pipeline_dag.py
[2026-08-10T22:53:25.333+0000] {logging_mixin.py:188} INFO - [2026-08-10T22:53:25.333+0000] {dag.py:3036} INFO - Sync 1 DAGs
[2026-08-10T22:53:25.351+0000] {logging_mixin.py:188} INFO - [2026-08-10T22:53:25.350+0000] {dag.py:3823} INFO - Setting next_dagrun for air_quality_pipeline to 2026-08-10 22:05:00+00:00, run_after=2026-08-10 23:05:00+00:00
[2026-08-10T22:53:25.369+0000] {processor.py:183} INFO - Processing /opt/airflow/dags/spark_pipeline_dag.py took 0.082 seconds
[2026-08-10T22:53:55.840+0000] {processor.py:161} INFO - Started process (PID=25956) to work on /opt/airflow/dags/spark_pipeline_dag.py
[2026-08-10T22:53:55.842+0000] {processor.py:830} INFO - Processing file /opt/airflow/dags/spark_pipeline_dag.py for tasks to queue
[2026-08-10T22:53:55.843+0000] {logging_mixin.py:188} INFO - [2026-08-10T22:53:55.843+0000] {dagbag.py:538} INFO - Filling up the DagBag from /opt/airflow/dags/spark_pipeline_dag.py
[2026-08-10T22:53:55.872+0000] {processor.py:840} INFO - DAG(s) 'air_quality_pipeline' retrieved from /opt/airflow/dags/spark_pipeline_dag.py
[2026-08-10T22:53:55.891+0000] {logging_mixin.py:188} INFO - [2026-08-10T22:53:55.891+0000] {dag.py:3036} INFO - Sync 1 DAGs
[2026-08-10T22:53:55.908+0000] {logging_mixin.py:188} INFO - [2026-08-10T22:53:55.908+0000] {dag.py:3823} INFO - Setting next_dagrun for air_quality_pipeline to 2026-08-10 22:05:00+00:00, run_after=2026-08-10 23:05:00+00:00
[2026-08-10T22:53:55.924+0000] {processor.py:183} INFO - Processing /opt/airflow/dags/spark_pipeline_dag.py took 0.089 seconds
[2026-08-10T22:54:26.316+0000] {processor.py:161} INFO - Started process (PID=25966) to work on /opt/airflow/dags/spark_pipeline_dag.py
[2026-08-10T22:54:26.318+0000] {processor.py:830} INFO - Processing file /opt/airflow/dags/spark_pipeline_dag.py for tasks to queue
[2026-08-10T22:54:26.319+0000] {logging_mixin.py:188} INFO - [2026-08-10T22:54:26.319+0000] {dagbag.py:538} INFO - Filling up the DagBag from /opt/airflow/dags/spark_pipeline_dag.py
[2026-08-10T22:54:26.359+0000] {processor.py:840} INFO - DAG(s) 'air_quality_pipeline' retrieved from /opt/airflow/dags/spark_pipeline_dag.py
[2026-08-10T22:54:26.381+0000] {logging_mixin.py:188} INFO - [2026-08-10T22:54:26.381+0000] {dag.py:3036} INFO - Sync 1 DAGs
[2026-08-10T22:54:26.403+0000] {logging_mixin.py:188} INFO - [2026-08-10T22:54:26.403+0000] {dag.py:3823} INFO - Setting next_dagrun for air_quality_pipeline to 2026-08-10 22:05:00+00:00, run_after=2026-08-10 23:05:00+00:00
[2026-08-10T22:54:26.422+0000] {processor.py:183} INFO - Processing /opt/airflow/dags/spark_pipeline_dag.py took 0.109 seconds
[2026-08-10T23:17:09.407+0000] {processor.py:161} INFO - Started process (PID=25975) to work on /opt/airflow/dags/spark_pipeline_dag.py
[2026-08-10T23:17:09.409+0000] {processor.py:830} INFO - Processing file /opt/airflow/dags/spark_pipeline_dag.py for tasks to queue
[2026-08-10T23:17:09.415+0000] {logging_mixin.py:188} INFO - [2026-08-10T23:17:09.415+0000] {dagbag.py:538} INFO - Filling up the DagBag from /opt/airflow/dags/spark_pipeline_dag.py
[2026-08-10T23:17:09.530+0000] {processor.py:840} INFO - DAG(s) 'air_quality_pipeline' retrieved from /opt/airflow/dags/spark_pipeline_dag.py
[2026-08-10T23:17:09.619+0000] {logging_mixin.py:188} INFO - [2026-08-10T23:17:09.618+0000] {dag.py:3036} INFO - Sync 1 DAGs
[2026-08-10T23:17:09.681+0000] {logging_mixin.py:188} INFO - [2026-08-10T23:17:09.681+0000] {dag.py:3823} INFO - Setting next_dagrun for air_quality_pipeline to 2026-08-10 23:05:00+00:00, run_after=2026-08-11 00:05:00+00:00
[2026-08-10T23:17:09.769+0000] {processor.py:183} INFO - Processing /opt/airflow/dags/spark_pipeline_dag.py took 0.370 seconds
