[2026-09-04T00:29:52.307+0000] {processor.py:161} INFO - Started process (PID=53186) to work on /opt/airflow/dags/spark_pipeline_dag.py
[2026-09-04T00:29:52.310+0000] {processor.py:830} INFO - Processing file /opt/airflow/dags/spark_pipeline_dag.py for tasks to queue
[2026-09-04T00:29:52.315+0000] {logging_mixin.py:188} INFO - [2026-09-04T00:29:52.314+0000] {dagbag.py:538} INFO - Filling up the DagBag from /opt/airflow/dags/spark_pipeline_dag.py
[2026-09-04T00:29:52.357+0000] {processor.py:840} INFO - DAG(s) 'air_quality_pipeline' retrieved from /opt/airflow/dags/spark_pipeline_dag.py
[2026-09-04T00:29:52.393+0000] {logging_mixin.py:188} INFO - [2026-09-04T00:29:52.392+0000] {dag.py:3036} INFO - Sync 1 DAGs
[2026-09-04T00:29:52.434+0000] {logging_mixin.py:188} INFO - [2026-09-04T00:29:52.434+0000] {dag.py:3823} INFO - Setting next_dagrun for air_quality_pipeline to 2026-09-03 23:05:00+00:00, run_after=2026-09-04 00:05:00+00:00
[2026-09-04T00:29:52.475+0000] {processor.py:183} INFO - Processing /opt/airflow/dags/spark_pipeline_dag.py took 0.171 seconds
[2026-09-04T00:30:22.792+0000] {processor.py:161} INFO - Started process (PID=53202) to work on /opt/airflow/dags/spark_pipeline_dag.py
[2026-09-04T00:30:22.794+0000] {processor.py:830} INFO - Processing file /opt/airflow/dags/spark_pipeline_dag.py for tasks to queue
[2026-09-04T00:30:22.796+0000] {logging_mixin.py:188} INFO - [2026-09-04T00:30:22.795+0000] {dagbag.py:538} INFO - Filling up the DagBag from /opt/airflow/dags/spark_pipeline_dag.py
[2026-09-04T00:30:22.832+0000] {processor.py:840} INFO - DAG(s) 'air_quality_pipeline' retrieved from /opt/airflow/dags/spark_pipeline_dag.py
[2026-09-04T00:30:22.862+0000] {logging_mixin.py:188} INFO - [2026-09-04T00:30:22.862+0000] {dag.py:3036} INFO - Sync 1 DAGs
[2026-09-04T00:30:22.887+0000] {logging_mixin.py:188} INFO - [2026-09-04T00:30:22.886+0000] {dag.py:3823} INFO - Setting next_dagrun for air_quality_pipeline to 2026-09-04 00:05:00+00:00, run_after=2026-09-04 01:05:00+00:00
[2026-09-04T00:30:22.907+0000] {processor.py:183} INFO - Processing /opt/airflow/dags/spark_pipeline_dag.py took 0.119 seconds
[2026-09-04T00:30:53.249+0000] {processor.py:161} INFO - Started process (PID=53212) to work on /opt/airflow/dags/spark_pipeline_dag.py
[2026-09-04T00:30:53.250+0000] {processor.py:830} INFO - Processing file /opt/airflow/dags/spark_pipeline_dag.py for tasks to queue
[2026-09-04T00:30:53.251+0000] {logging_mixin.py:188} INFO - [2026-09-04T00:30:53.250+0000] {dagbag.py:538} INFO - Filling up the DagBag from /opt/airflow/dags/spark_pipeline_dag.py
[2026-09-04T00:30:53.272+0000] {processor.py:840} INFO - DAG(s) 'air_quality_pipeline' retrieved from /opt/airflow/dags/spark_pipeline_dag.py
[2026-09-04T00:30:53.291+0000] {logging_mixin.py:188} INFO - [2026-09-04T00:30:53.290+0000] {dag.py:3036} INFO - Sync 1 DAGs
[2026-09-04T00:30:53.310+0000] {logging_mixin.py:188} INFO - [2026-09-04T00:30:53.310+0000] {dag.py:3823} INFO - Setting next_dagrun for air_quality_pipeline to 2026-09-04 00:05:00+00:00, run_after=2026-09-04 01:05:00+00:00
[2026-09-04T00:30:53.329+0000] {processor.py:183} INFO - Processing /opt/airflow/dags/spark_pipeline_dag.py took 0.083 seconds
[2026-09-04T00:31:23.674+0000] {processor.py:161} INFO - Started process (PID=53222) to work on /opt/airflow/dags/spark_pipeline_dag.py
[2026-09-04T00:31:23.675+0000] {processor.py:830} INFO - Processing file /opt/airflow/dags/spark_pipeline_dag.py for tasks to queue
[2026-09-04T00:31:23.676+0000] {logging_mixin.py:188} INFO - [2026-09-04T00:31:23.675+0000] {dagbag.py:538} INFO - Filling up the DagBag from /opt/airflow/dags/spark_pipeline_dag.py
[2026-09-04T00:31:23.699+0000] {processor.py:840} INFO - DAG(s) 'air_quality_pipeline' retrieved from /opt/airflow/dags/spark_pipeline_dag.py
[2026-09-04T00:31:23.721+0000] {logging_mixin.py:188} INFO - [2026-09-04T00:31:23.721+0000] {dag.py:3036} INFO - Sync 1 DAGs
[2026-09-04T00:31:23.742+0000] {logging_mixin.py:188} INFO - [2026-09-04T00:31:23.742+0000] {dag.py:3823} INFO - Setting next_dagrun for air_quality_pipeline to 2026-09-04 00:05:00+00:00, run_after=2026-09-04 01:05:00+00:00
[2026-09-04T00:31:23.767+0000] {processor.py:183} INFO - Processing /opt/airflow/dags/spark_pipeline_dag.py took 0.096 seconds
[2026-09-04T00:31:54.117+0000] {processor.py:161} INFO - Started process (PID=53232) to work on /opt/airflow/dags/spark_pipeline_dag.py
[2026-09-04T00:31:54.119+0000] {processor.py:830} INFO - Processing file /opt/airflow/dags/spark_pipeline_dag.py for tasks to queue
[2026-09-04T00:31:54.120+0000] {logging_mixin.py:188} INFO - [2026-09-04T00:31:54.120+0000] {dagbag.py:538} INFO - Filling up the DagBag from /opt/airflow/dags/spark_pipeline_dag.py
[2026-09-04T00:31:54.152+0000] {processor.py:840} INFO - DAG(s) 'air_quality_pipeline' retrieved from /opt/airflow/dags/spark_pipeline_dag.py
[2026-09-04T00:31:54.182+0000] {logging_mixin.py:188} INFO - [2026-09-04T00:31:54.182+0000] {dag.py:3036} INFO - Sync 1 DAGs
[2026-09-04T00:31:54.209+0000] {logging_mixin.py:188} INFO - [2026-09-04T00:31:54.209+0000] {dag.py:3823} INFO - Setting next_dagrun for air_quality_pipeline to 2026-09-04 00:05:00+00:00, run_after=2026-09-04 01:05:00+00:00
[2026-09-04T00:31:54.235+0000] {processor.py:183} INFO - Processing /opt/airflow/dags/spark_pipeline_dag.py took 0.121 seconds
[2026-09-04T00:32:24.600+0000] {processor.py:161} INFO - Started process (PID=53242) to work on /opt/airflow/dags/spark_pipeline_dag.py
[2026-09-04T00:32:24.601+0000] {processor.py:830} INFO - Processing file /opt/airflow/dags/spark_pipeline_dag.py for tasks to queue
[2026-09-04T00:32:24.602+0000] {logging_mixin.py:188} INFO - [2026-09-04T00:32:24.602+0000] {dagbag.py:538} INFO - Filling up the DagBag from /opt/airflow/dags/spark_pipeline_dag.py
[2026-09-04T00:32:24.632+0000] {processor.py:840} INFO - DAG(s) 'air_quality_pipeline' retrieved from /opt/airflow/dags/spark_pipeline_dag.py
[2026-09-04T00:32:24.652+0000] {logging_mixin.py:188} INFO - [2026-09-04T00:32:24.652+0000] {dag.py:3036} INFO - Sync 1 DAGs
[2026-09-04T00:32:24.677+0000] {logging_mixin.py:188} INFO - [2026-09-04T00:32:24.677+0000] {dag.py:3823} INFO - Setting next_dagrun for air_quality_pipeline to 2026-09-04 00:05:00+00:00, run_after=2026-09-04 01:05:00+00:00
[2026-09-04T00:32:24.698+0000] {processor.py:183} INFO - Processing /opt/airflow/dags/spark_pipeline_dag.py took 0.102 seconds
[2026-09-04T00:32:55.027+0000] {processor.py:161} INFO - Started process (PID=53252) to work on /opt/airflow/dags/spark_pipeline_dag.py
[2026-09-04T00:32:55.028+0000] {processor.py:830} INFO - Processing file /opt/airflow/dags/spark_pipeline_dag.py for tasks to queue
[2026-09-04T00:32:55.030+0000] {logging_mixin.py:188} INFO - [2026-09-04T00:32:55.029+0000] {dagbag.py:538} INFO - Filling up the DagBag from /opt/airflow/dags/spark_pipeline_dag.py
[2026-09-04T00:32:55.056+0000] {processor.py:840} INFO - DAG(s) 'air_quality_pipeline' retrieved from /opt/airflow/dags/spark_pipeline_dag.py
[2026-09-04T00:32:55.079+0000] {logging_mixin.py:188} INFO - [2026-09-04T00:32:55.079+0000] {dag.py:3036} INFO - Sync 1 DAGs
[2026-09-04T00:32:55.101+0000] {logging_mixin.py:188} INFO - [2026-09-04T00:32:55.101+0000] {dag.py:3823} INFO - Setting next_dagrun for air_quality_pipeline to 2026-09-04 00:05:00+00:00, run_after=2026-09-04 01:05:00+00:00
[2026-09-04T00:32:55.123+0000] {processor.py:183} INFO - Processing /opt/airflow/dags/spark_pipeline_dag.py took 0.099 seconds
[2026-09-04T00:33:25.447+0000] {processor.py:161} INFO - Started process (PID=53262) to work on /opt/airflow/dags/spark_pipeline_dag.py
[2026-09-04T00:33:25.449+0000] {processor.py:830} INFO - Processing file /opt/airflow/dags/spark_pipeline_dag.py for tasks to queue
[2026-09-04T00:33:25.451+0000] {logging_mixin.py:188} INFO - [2026-09-04T00:33:25.450+0000] {dagbag.py:538} INFO - Filling up the DagBag from /opt/airflow/dags/spark_pipeline_dag.py
[2026-09-04T00:33:25.476+0000] {processor.py:840} INFO - DAG(s) 'air_quality_pipeline' retrieved from /opt/airflow/dags/spark_pipeline_dag.py
[2026-09-04T00:33:25.499+0000] {logging_mixin.py:188} INFO - [2026-09-04T00:33:25.499+0000] {dag.py:3036} INFO - Sync 1 DAGs
[2026-09-04T00:33:25.523+0000] {logging_mixin.py:188} INFO - [2026-09-04T00:33:25.523+0000] {dag.py:3823} INFO - Setting next_dagrun for air_quality_pipeline to 2026-09-04 00:05:00+00:00, run_after=2026-09-04 01:05:00+00:00
[2026-09-04T00:33:25.544+0000] {processor.py:183} INFO - Processing /opt/airflow/dags/spark_pipeline_dag.py took 0.100 seconds
[2026-09-04T00:33:55.895+0000] {processor.py:161} INFO - Started process (PID=53272) to work on /opt/airflow/dags/spark_pipeline_dag.py
[2026-09-04T00:33:55.896+0000] {processor.py:830} INFO - Processing file /opt/airflow/dags/spark_pipeline_dag.py for tasks to queue
[2026-09-04T00:33:55.897+0000] {logging_mixin.py:188} INFO - [2026-09-04T00:33:55.897+0000] {dagbag.py:538} INFO - Filling up the DagBag from /opt/airflow/dags/spark_pipeline_dag.py
[2026-09-04T00:33:55.922+0000] {processor.py:840} INFO - DAG(s) 'air_quality_pipeline' retrieved from /opt/airflow/dags/spark_pipeline_dag.py
[2026-09-04T00:33:55.945+0000] {logging_mixin.py:188} INFO - [2026-09-04T00:33:55.945+0000] {dag.py:3036} INFO - Sync 1 DAGs
[2026-09-04T00:33:55.967+0000] {logging_mixin.py:188} INFO - [2026-09-04T00:33:55.967+0000] {dag.py:3823} INFO - Setting next_dagrun for air_quality_pipeline to 2026-09-04 00:05:00+00:00, run_after=2026-09-04 01:05:00+00:00
[2026-09-04T00:33:55.984+0000] {processor.py:183} INFO - Processing /opt/airflow/dags/spark_pipeline_dag.py took 0.095 seconds
[2026-09-04T00:34:26.312+0000] {processor.py:161} INFO - Started process (PID=53282) to work on /opt/airflow/dags/spark_pipeline_dag.py
[2026-09-04T00:34:26.313+0000] {processor.py:830} INFO - Processing file /opt/airflow/dags/spark_pipeline_dag.py for tasks to queue
[2026-09-04T00:34:26.314+0000] {logging_mixin.py:188} INFO - [2026-09-04T00:34:26.314+0000] {dagbag.py:538} INFO - Filling up the DagBag from /opt/airflow/dags/spark_pipeline_dag.py
[2026-09-04T00:34:26.339+0000] {processor.py:840} INFO - DAG(s) 'air_quality_pipeline' retrieved from /opt/airflow/dags/spark_pipeline_dag.py
[2026-09-04T00:34:26.358+0000] {logging_mixin.py:188} INFO - [2026-09-04T00:34:26.358+0000] {dag.py:3036} INFO - Sync 1 DAGs
[2026-09-04T00:34:26.383+0000] {logging_mixin.py:188} INFO - [2026-09-04T00:34:26.383+0000] {dag.py:3823} INFO - Setting next_dagrun for air_quality_pipeline to 2026-09-04 00:05:00+00:00, run_after=2026-09-04 01:05:00+00:00
[2026-09-04T00:34:26.402+0000] {processor.py:183} INFO - Processing /opt/airflow/dags/spark_pipeline_dag.py took 0.092 seconds
[2026-09-04T00:34:56.804+0000] {processor.py:161} INFO - Started process (PID=53292) to work on /opt/airflow/dags/spark_pipeline_dag.py
[2026-09-04T00:34:56.805+0000] {processor.py:830} INFO - Processing file /opt/airflow/dags/spark_pipeline_dag.py for tasks to queue
[2026-09-04T00:34:56.806+0000] {logging_mixin.py:188} INFO - [2026-09-04T00:34:56.805+0000] {dagbag.py:538} INFO - Filling up the DagBag from /opt/airflow/dags/spark_pipeline_dag.py
[2026-09-04T00:34:56.829+0000] {processor.py:840} INFO - DAG(s) 'air_quality_pipeline' retrieved from /opt/airflow/dags/spark_pipeline_dag.py
[2026-09-04T00:34:56.852+0000] {logging_mixin.py:188} INFO - [2026-09-04T00:34:56.852+0000] {dag.py:3036} INFO - Sync 1 DAGs
[2026-09-04T00:34:56.875+0000] {logging_mixin.py:188} INFO - [2026-09-04T00:34:56.875+0000] {dag.py:3823} INFO - Setting next_dagrun for air_quality_pipeline to 2026-09-04 00:05:00+00:00, run_after=2026-09-04 01:05:00+00:00
[2026-09-04T00:34:56.893+0000] {processor.py:183} INFO - Processing /opt/airflow/dags/spark_pipeline_dag.py took 0.093 seconds
[2026-09-04T00:35:27.228+0000] {processor.py:161} INFO - Started process (PID=53302) to work on /opt/airflow/dags/spark_pipeline_dag.py
[2026-09-04T00:35:27.230+0000] {processor.py:830} INFO - Processing file /opt/airflow/dags/spark_pipeline_dag.py for tasks to queue
[2026-09-04T00:35:27.232+0000] {logging_mixin.py:188} INFO - [2026-09-04T00:35:27.231+0000] {dagbag.py:538} INFO - Filling up the DagBag from /opt/airflow/dags/spark_pipeline_dag.py
[2026-09-04T00:35:27.255+0000] {processor.py:840} INFO - DAG(s) 'air_quality_pipeline' retrieved from /opt/airflow/dags/spark_pipeline_dag.py
[2026-09-04T00:35:27.275+0000] {logging_mixin.py:188} INFO - [2026-09-04T00:35:27.275+0000] {dag.py:3036} INFO - Sync 1 DAGs
[2026-09-04T00:35:27.298+0000] {logging_mixin.py:188} INFO - [2026-09-04T00:35:27.298+0000] {dag.py:3823} INFO - Setting next_dagrun for air_quality_pipeline to 2026-09-04 00:05:00+00:00, run_after=2026-09-04 01:05:00+00:00
[2026-09-04T00:35:27.326+0000] {processor.py:183} INFO - Processing /opt/airflow/dags/spark_pipeline_dag.py took 0.100 seconds
[2026-09-04T00:35:57.723+0000] {processor.py:161} INFO - Started process (PID=53312) to work on /opt/airflow/dags/spark_pipeline_dag.py
[2026-09-04T00:35:57.724+0000] {processor.py:830} INFO - Processing file /opt/airflow/dags/spark_pipeline_dag.py for tasks to queue
[2026-09-04T00:35:57.725+0000] {logging_mixin.py:188} INFO - [2026-09-04T00:35:57.724+0000] {dagbag.py:538} INFO - Filling up the DagBag from /opt/airflow/dags/spark_pipeline_dag.py
[2026-09-04T00:35:57.748+0000] {processor.py:840} INFO - DAG(s) 'air_quality_pipeline' retrieved from /opt/airflow/dags/spark_pipeline_dag.py
[2026-09-04T00:35:57.768+0000] {logging_mixin.py:188} INFO - [2026-09-04T00:35:57.768+0000] {dag.py:3036} INFO - Sync 1 DAGs
[2026-09-04T00:35:57.789+0000] {logging_mixin.py:188} INFO - [2026-09-04T00:35:57.789+0000] {dag.py:3823} INFO - Setting next_dagrun for air_quality_pipeline to 2026-09-04 00:05:00+00:00, run_after=2026-09-04 01:05:00+00:00
[2026-09-04T00:35:57.808+0000] {processor.py:183} INFO - Processing /opt/airflow/dags/spark_pipeline_dag.py took 0.088 seconds
[2026-09-04T00:36:28.187+0000] {processor.py:161} INFO - Started process (PID=53322) to work on /opt/airflow/dags/spark_pipeline_dag.py
[2026-09-04T00:36:28.188+0000] {processor.py:830} INFO - Processing file /opt/airflow/dags/spark_pipeline_dag.py for tasks to queue
[2026-09-04T00:36:28.190+0000] {logging_mixin.py:188} INFO - [2026-09-04T00:36:28.189+0000] {dagbag.py:538} INFO - Filling up the DagBag from /opt/airflow/dags/spark_pipeline_dag.py
[2026-09-04T00:36:28.215+0000] {processor.py:840} INFO - DAG(s) 'air_quality_pipeline' retrieved from /opt/airflow/dags/spark_pipeline_dag.py
[2026-09-04T00:36:28.241+0000] {logging_mixin.py:188} INFO - [2026-09-04T00:36:28.240+0000] {dag.py:3036} INFO - Sync 1 DAGs
[2026-09-04T00:36:28.269+0000] {logging_mixin.py:188} INFO - [2026-09-04T00:36:28.269+0000] {dag.py:3823} INFO - Setting next_dagrun for air_quality_pipeline to 2026-09-04 00:05:00+00:00, run_after=2026-09-04 01:05:00+00:00
[2026-09-04T00:36:28.287+0000] {processor.py:183} INFO - Processing /opt/airflow/dags/spark_pipeline_dag.py took 0.105 seconds
[2026-09-04T00:36:58.643+0000] {processor.py:161} INFO - Started process (PID=53332) to work on /opt/airflow/dags/spark_pipeline_dag.py
[2026-09-04T00:36:58.645+0000] {processor.py:830} INFO - Processing file /opt/airflow/dags/spark_pipeline_dag.py for tasks to queue
[2026-09-04T00:36:58.646+0000] {logging_mixin.py:188} INFO - [2026-09-04T00:36:58.646+0000] {dagbag.py:538} INFO - Filling up the DagBag from /opt/airflow/dags/spark_pipeline_dag.py
[2026-09-04T00:36:58.672+0000] {processor.py:840} INFO - DAG(s) 'air_quality_pipeline' retrieved from /opt/airflow/dags/spark_pipeline_dag.py
[2026-09-04T00:36:58.706+0000] {logging_mixin.py:188} INFO - [2026-09-04T00:36:58.706+0000] {dag.py:3036} INFO - Sync 1 DAGs
[2026-09-04T00:36:58.741+0000] {logging_mixin.py:188} INFO - [2026-09-04T00:36:58.740+0000] {dag.py:3823} INFO - Setting next_dagrun for air_quality_pipeline to 2026-09-04 00:05:00+00:00, run_after=2026-09-04 01:05:00+00:00
[2026-09-04T00:36:58.807+0000] {processor.py:183} INFO - Processing /opt/airflow/dags/spark_pipeline_dag.py took 0.168 seconds
[2026-09-04T00:37:29.315+0000] {processor.py:161} INFO - Started process (PID=53342) to work on /opt/airflow/dags/spark_pipeline_dag.py
[2026-09-04T00:37:29.316+0000] {processor.py:830} INFO - Processing file /opt/airflow/dags/spark_pipeline_dag.py for tasks to queue
[2026-09-04T00:37:29.317+0000] {logging_mixin.py:188} INFO - [2026-09-04T00:37:29.317+0000] {dagbag.py:538} INFO - Filling up the DagBag from /opt/airflow/dags/spark_pipeline_dag.py
[2026-09-04T00:37:29.358+0000] {processor.py:840} INFO - DAG(s) 'air_quality_pipeline' retrieved from /opt/airflow/dags/spark_pipeline_dag.py
[2026-09-04T00:37:29.407+0000] {logging_mixin.py:188} INFO - [2026-09-04T00:37:29.407+0000] {dag.py:3036} INFO - Sync 1 DAGs
[2026-09-04T00:37:29.448+0000] {logging_mixin.py:188} INFO - [2026-09-04T00:37:29.448+0000] {dag.py:3823} INFO - Setting next_dagrun for air_quality_pipeline to 2026-09-04 00:05:00+00:00, run_after=2026-09-04 01:05:00+00:00
[2026-09-04T00:37:29.479+0000] {processor.py:183} INFO - Processing /opt/airflow/dags/spark_pipeline_dag.py took 0.167 seconds
[2026-09-04T00:37:59.829+0000] {processor.py:161} INFO - Started process (PID=53352) to work on /opt/airflow/dags/spark_pipeline_dag.py
[2026-09-04T00:37:59.830+0000] {processor.py:830} INFO - Processing file /opt/airflow/dags/spark_pipeline_dag.py for tasks to queue
[2026-09-04T00:37:59.832+0000] {logging_mixin.py:188} INFO - [2026-09-04T00:37:59.831+0000] {dagbag.py:538} INFO - Filling up the DagBag from /opt/airflow/dags/spark_pipeline_dag.py
[2026-09-04T00:37:59.881+0000] {processor.py:840} INFO - DAG(s) 'air_quality_pipeline' retrieved from /opt/airflow/dags/spark_pipeline_dag.py
[2026-09-04T00:37:59.909+0000] {logging_mixin.py:188} INFO - [2026-09-04T00:37:59.909+0000] {dag.py:3036} INFO - Sync 1 DAGs
[2026-09-04T00:37:59.939+0000] {logging_mixin.py:188} INFO - [2026-09-04T00:37:59.938+0000] {dag.py:3823} INFO - Setting next_dagrun for air_quality_pipeline to 2026-09-04 00:05:00+00:00, run_after=2026-09-04 01:05:00+00:00
[2026-09-04T00:37:59.963+0000] {processor.py:183} INFO - Processing /opt/airflow/dags/spark_pipeline_dag.py took 0.138 seconds
[2026-09-04T00:38:30.345+0000] {processor.py:161} INFO - Started process (PID=53362) to work on /opt/airflow/dags/spark_pipeline_dag.py
[2026-09-04T00:38:30.346+0000] {processor.py:830} INFO - Processing file /opt/airflow/dags/spark_pipeline_dag.py for tasks to queue
[2026-09-04T00:38:30.347+0000] {logging_mixin.py:188} INFO - [2026-09-04T00:38:30.347+0000] {dagbag.py:538} INFO - Filling up the DagBag from /opt/airflow/dags/spark_pipeline_dag.py
[2026-09-04T00:38:30.377+0000] {processor.py:840} INFO - DAG(s) 'air_quality_pipeline' retrieved from /opt/airflow/dags/spark_pipeline_dag.py
[2026-09-04T00:38:30.400+0000] {logging_mixin.py:188} INFO - [2026-09-04T00:38:30.400+0000] {dag.py:3036} INFO - Sync 1 DAGs
[2026-09-04T00:38:30.424+0000] {logging_mixin.py:188} INFO - [2026-09-04T00:38:30.424+0000] {dag.py:3823} INFO - Setting next_dagrun for air_quality_pipeline to 2026-09-04 00:05:00+00:00, run_after=2026-09-04 01:05:00+00:00
[2026-09-04T00:38:30.466+0000] {processor.py:183} INFO - Processing /opt/airflow/dags/spark_pipeline_dag.py took 0.124 seconds
[2026-09-04T00:39:00.841+0000] {processor.py:161} INFO - Started process (PID=53372) to work on /opt/airflow/dags/spark_pipeline_dag.py
[2026-09-04T00:39:00.842+0000] {processor.py:830} INFO - Processing file /opt/airflow/dags/spark_pipeline_dag.py for tasks to queue
[2026-09-04T00:39:00.844+0000] {logging_mixin.py:188} INFO - [2026-09-04T00:39:00.843+0000] {dagbag.py:538} INFO - Filling up the DagBag from /opt/airflow/dags/spark_pipeline_dag.py
[2026-09-04T00:39:00.878+0000] {processor.py:840} INFO - DAG(s) 'air_quality_pipeline' retrieved from /opt/airflow/dags/spark_pipeline_dag.py
[2026-09-04T00:39:00.912+0000] {logging_mixin.py:188} INFO - [2026-09-04T00:39:00.912+0000] {dag.py:3036} INFO - Sync 1 DAGs
[2026-09-04T00:39:00.938+0000] {logging_mixin.py:188} INFO - [2026-09-04T00:39:00.938+0000] {dag.py:3823} INFO - Setting next_dagrun for air_quality_pipeline to 2026-09-04 00:05:00+00:00, run_after=2026-09-04 01:05:00+00:00
[2026-09-04T00:39:00.963+0000] {processor.py:183} INFO - Processing /opt/airflow/dags/spark_pipeline_dag.py took 0.127 seconds
[2026-09-04T00:39:31.348+0000] {processor.py:161} INFO - Started process (PID=53382) to work on /opt/airflow/dags/spark_pipeline_dag.py
[2026-09-04T00:39:31.350+0000] {processor.py:830} INFO - Processing file /opt/airflow/dags/spark_pipeline_dag.py for tasks to queue
[2026-09-04T00:39:31.352+0000] {logging_mixin.py:188} INFO - [2026-09-04T00:39:31.351+0000] {dagbag.py:538} INFO - Filling up the DagBag from /opt/airflow/dags/spark_pipeline_dag.py
[2026-09-04T00:39:31.379+0000] {processor.py:840} INFO - DAG(s) 'air_quality_pipeline' retrieved from /opt/airflow/dags/spark_pipeline_dag.py
[2026-09-04T00:39:31.403+0000] {logging_mixin.py:188} INFO - [2026-09-04T00:39:31.403+0000] {dag.py:3036} INFO - Sync 1 DAGs
[2026-09-04T00:39:31.427+0000] {logging_mixin.py:188} INFO - [2026-09-04T00:39:31.426+0000] {dag.py:3823} INFO - Setting next_dagrun for air_quality_pipeline to 2026-09-04 00:05:00+00:00, run_after=2026-09-04 01:05:00+00:00
[2026-09-04T00:39:31.451+0000] {processor.py:183} INFO - Processing /opt/airflow/dags/spark_pipeline_dag.py took 0.107 seconds
[2026-09-04T00:40:01.798+0000] {processor.py:161} INFO - Started process (PID=53392) to work on /opt/airflow/dags/spark_pipeline_dag.py
[2026-09-04T00:40:01.799+0000] {processor.py:830} INFO - Processing file /opt/airflow/dags/spark_pipeline_dag.py for tasks to queue
[2026-09-04T00:40:01.801+0000] {logging_mixin.py:188} INFO - [2026-09-04T00:40:01.800+0000] {dagbag.py:538} INFO - Filling up the DagBag from /opt/airflow/dags/spark_pipeline_dag.py
[2026-09-04T00:40:01.836+0000] {processor.py:840} INFO - DAG(s) 'air_quality_pipeline' retrieved from /opt/airflow/dags/spark_pipeline_dag.py
[2026-09-04T00:40:01.863+0000] {logging_mixin.py:188} INFO - [2026-09-04T00:40:01.863+0000] {dag.py:3036} INFO - Sync 1 DAGs
[2026-09-04T00:40:01.891+0000] {logging_mixin.py:188} INFO - [2026-09-04T00:40:01.891+0000] {dag.py:3823} INFO - Setting next_dagrun for air_quality_pipeline to 2026-09-04 00:05:00+00:00, run_after=2026-09-04 01:05:00+00:00
[2026-09-04T00:40:01.911+0000] {processor.py:183} INFO - Processing /opt/airflow/dags/spark_pipeline_dag.py took 0.117 seconds
[2026-09-04T00:40:32.397+0000] {processor.py:161} INFO - Started process (PID=53402) to work on /opt/airflow/dags/spark_pipeline_dag.py
[2026-09-04T00:40:32.399+0000] {processor.py:830} INFO - Processing file /opt/airflow/dags/spark_pipeline_dag.py for tasks to queue
[2026-09-04T00:40:32.401+0000] {logging_mixin.py:188} INFO - [2026-09-04T00:40:32.400+0000] {dagbag.py:538} INFO - Filling up the DagBag from /opt/airflow/dags/spark_pipeline_dag.py
[2026-09-04T00:40:32.426+0000] {processor.py:840} INFO - DAG(s) 'air_quality_pipeline' retrieved from /opt/airflow/dags/spark_pipeline_dag.py
[2026-09-04T00:40:32.459+0000] {logging_mixin.py:188} INFO - [2026-09-04T00:40:32.458+0000] {dag.py:3036} INFO - Sync 1 DAGs
[2026-09-04T00:40:32.484+0000] {logging_mixin.py:188} INFO - [2026-09-04T00:40:32.484+0000] {dag.py:3823} INFO - Setting next_dagrun for air_quality_pipeline to 2026-09-04 00:05:00+00:00, run_after=2026-09-04 01:05:00+00:00
[2026-09-04T00:40:32.506+0000] {processor.py:183} INFO - Processing /opt/airflow/dags/spark_pipeline_dag.py took 0.113 seconds
[2026-09-04T00:41:02.892+0000] {processor.py:161} INFO - Started process (PID=53412) to work on /opt/airflow/dags/spark_pipeline_dag.py
[2026-09-04T00:41:02.893+0000] {processor.py:830} INFO - Processing file /opt/airflow/dags/spark_pipeline_dag.py for tasks to queue
[2026-09-04T00:41:02.894+0000] {logging_mixin.py:188} INFO - [2026-09-04T00:41:02.894+0000] {dagbag.py:538} INFO - Filling up the DagBag from /opt/airflow/dags/spark_pipeline_dag.py
[2026-09-04T00:41:02.926+0000] {processor.py:840} INFO - DAG(s) 'air_quality_pipeline' retrieved from /opt/airflow/dags/spark_pipeline_dag.py
[2026-09-04T00:41:02.950+0000] {logging_mixin.py:188} INFO - [2026-09-04T00:41:02.949+0000] {dag.py:3036} INFO - Sync 1 DAGs
[2026-09-04T00:41:02.975+0000] {logging_mixin.py:188} INFO - [2026-09-04T00:41:02.975+0000] {dag.py:3823} INFO - Setting next_dagrun for air_quality_pipeline to 2026-09-04 00:05:00+00:00, run_after=2026-09-04 01:05:00+00:00
[2026-09-04T00:41:03.000+0000] {processor.py:183} INFO - Processing /opt/airflow/dags/spark_pipeline_dag.py took 0.112 seconds
[2026-09-04T00:41:33.425+0000] {processor.py:161} INFO - Started process (PID=53422) to work on /opt/airflow/dags/spark_pipeline_dag.py
[2026-09-04T00:41:33.426+0000] {processor.py:830} INFO - Processing file /opt/airflow/dags/spark_pipeline_dag.py for tasks to queue
[2026-09-04T00:41:33.428+0000] {logging_mixin.py:188} INFO - [2026-09-04T00:41:33.427+0000] {dagbag.py:538} INFO - Filling up the DagBag from /opt/airflow/dags/spark_pipeline_dag.py
[2026-09-04T00:41:33.454+0000] {processor.py:840} INFO - DAG(s) 'air_quality_pipeline' retrieved from /opt/airflow/dags/spark_pipeline_dag.py
[2026-09-04T00:41:33.480+0000] {logging_mixin.py:188} INFO - [2026-09-04T00:41:33.480+0000] {dag.py:3036} INFO - Sync 1 DAGs
[2026-09-04T00:41:33.507+0000] {logging_mixin.py:188} INFO - [2026-09-04T00:41:33.507+0000] {dag.py:3823} INFO - Setting next_dagrun for air_quality_pipeline to 2026-09-04 00:05:00+00:00, run_after=2026-09-04 01:05:00+00:00
[2026-09-04T00:41:33.529+0000] {processor.py:183} INFO - Processing /opt/airflow/dags/spark_pipeline_dag.py took 0.108 seconds
[2026-09-04T00:42:03.894+0000] {processor.py:161} INFO - Started process (PID=53432) to work on /opt/airflow/dags/spark_pipeline_dag.py
[2026-09-04T00:42:03.899+0000] {processor.py:830} INFO - Processing file /opt/airflow/dags/spark_pipeline_dag.py for tasks to queue
[2026-09-04T00:42:03.900+0000] {logging_mixin.py:188} INFO - [2026-09-04T00:42:03.900+0000] {dagbag.py:538} INFO - Filling up the DagBag from /opt/airflow/dags/spark_pipeline_dag.py
[2026-09-04T00:42:03.922+0000] {processor.py:840} INFO - DAG(s) 'air_quality_pipeline' retrieved from /opt/airflow/dags/spark_pipeline_dag.py
[2026-09-04T00:42:03.949+0000] {logging_mixin.py:188} INFO - [2026-09-04T00:42:03.949+0000] {dag.py:3036} INFO - Sync 1 DAGs
[2026-09-04T00:42:03.974+0000] {logging_mixin.py:188} INFO - [2026-09-04T00:42:03.973+0000] {dag.py:3823} INFO - Setting next_dagrun for air_quality_pipeline to 2026-09-04 00:05:00+00:00, run_after=2026-09-04 01:05:00+00:00
[2026-09-04T00:42:04.029+0000] {processor.py:183} INFO - Processing /opt/airflow/dags/spark_pipeline_dag.py took 0.138 seconds
[2026-09-04T00:42:34.418+0000] {processor.py:161} INFO - Started process (PID=53442) to work on /opt/airflow/dags/spark_pipeline_dag.py
[2026-09-04T00:42:34.422+0000] {processor.py:830} INFO - Processing file /opt/airflow/dags/spark_pipeline_dag.py for tasks to queue
[2026-09-04T00:42:34.423+0000] {logging_mixin.py:188} INFO - [2026-09-04T00:42:34.423+0000] {dagbag.py:538} INFO - Filling up the DagBag from /opt/airflow/dags/spark_pipeline_dag.py
[2026-09-04T00:42:34.465+0000] {processor.py:840} INFO - DAG(s) 'air_quality_pipeline' retrieved from /opt/airflow/dags/spark_pipeline_dag.py
[2026-09-04T00:42:34.496+0000] {logging_mixin.py:188} INFO - [2026-09-04T00:42:34.496+0000] {dag.py:3036} INFO - Sync 1 DAGs
[2026-09-04T00:42:34.521+0000] {logging_mixin.py:188} INFO - [2026-09-04T00:42:34.520+0000] {dag.py:3823} INFO - Setting next_dagrun for air_quality_pipeline to 2026-09-04 00:05:00+00:00, run_after=2026-09-04 01:05:00+00:00
[2026-09-04T00:42:34.544+0000] {processor.py:183} INFO - Processing /opt/airflow/dags/spark_pipeline_dag.py took 0.130 seconds
[2026-09-04T00:43:04.860+0000] {processor.py:161} INFO - Started process (PID=53452) to work on /opt/airflow/dags/spark_pipeline_dag.py
[2026-09-04T00:43:04.871+0000] {processor.py:830} INFO - Processing file /opt/airflow/dags/spark_pipeline_dag.py for tasks to queue
[2026-09-04T00:43:04.872+0000] {logging_mixin.py:188} INFO - [2026-09-04T00:43:04.872+0000] {dagbag.py:538} INFO - Filling up the DagBag from /opt/airflow/dags/spark_pipeline_dag.py
[2026-09-04T00:43:04.900+0000] {processor.py:840} INFO - DAG(s) 'air_quality_pipeline' retrieved from /opt/airflow/dags/spark_pipeline_dag.py
[2026-09-04T00:43:04.926+0000] {logging_mixin.py:188} INFO - [2026-09-04T00:43:04.926+0000] {dag.py:3036} INFO - Sync 1 DAGs
[2026-09-04T00:43:04.953+0000] {logging_mixin.py:188} INFO - [2026-09-04T00:43:04.952+0000] {dag.py:3823} INFO - Setting next_dagrun for air_quality_pipeline to 2026-09-04 00:05:00+00:00, run_after=2026-09-04 01:05:00+00:00
[2026-09-04T00:43:04.982+0000] {processor.py:183} INFO - Processing /opt/airflow/dags/spark_pipeline_dag.py took 0.126 seconds
[2026-09-04T00:43:35.334+0000] {processor.py:161} INFO - Started process (PID=53462) to work on /opt/airflow/dags/spark_pipeline_dag.py
[2026-09-04T00:43:35.335+0000] {processor.py:830} INFO - Processing file /opt/airflow/dags/spark_pipeline_dag.py for tasks to queue
[2026-09-04T00:43:35.336+0000] {logging_mixin.py:188} INFO - [2026-09-04T00:43:35.336+0000] {dagbag.py:538} INFO - Filling up the DagBag from /opt/airflow/dags/spark_pipeline_dag.py
[2026-09-04T00:43:35.364+0000] {processor.py:840} INFO - DAG(s) 'air_quality_pipeline' retrieved from /opt/airflow/dags/spark_pipeline_dag.py
[2026-09-04T00:43:35.392+0000] {logging_mixin.py:188} INFO - [2026-09-04T00:43:35.392+0000] {dag.py:3036} INFO - Sync 1 DAGs
[2026-09-04T00:43:35.431+0000] {logging_mixin.py:188} INFO - [2026-09-04T00:43:35.431+0000] {dag.py:3823} INFO - Setting next_dagrun for air_quality_pipeline to 2026-09-04 00:05:00+00:00, run_after=2026-09-04 01:05:00+00:00
[2026-09-04T00:43:35.460+0000] {processor.py:183} INFO - Processing /opt/airflow/dags/spark_pipeline_dag.py took 0.131 seconds
[2026-09-04T00:44:05.837+0000] {processor.py:161} INFO - Started process (PID=53472) to work on /opt/airflow/dags/spark_pipeline_dag.py
[2026-09-04T00:44:05.840+0000] {processor.py:830} INFO - Processing file /opt/airflow/dags/spark_pipeline_dag.py for tasks to queue
[2026-09-04T00:44:05.841+0000] {logging_mixin.py:188} INFO - [2026-09-04T00:44:05.841+0000] {dagbag.py:538} INFO - Filling up the DagBag from /opt/airflow/dags/spark_pipeline_dag.py
[2026-09-04T00:44:05.881+0000] {processor.py:840} INFO - DAG(s) 'air_quality_pipeline' retrieved from /opt/airflow/dags/spark_pipeline_dag.py
[2026-09-04T00:44:05.918+0000] {logging_mixin.py:188} INFO - [2026-09-04T00:44:05.918+0000] {dag.py:3036} INFO - Sync 1 DAGs
[2026-09-04T00:44:05.987+0000] {logging_mixin.py:188} INFO - [2026-09-04T00:44:05.987+0000] {dag.py:3823} INFO - Setting next_dagrun for air_quality_pipeline to 2026-09-04 00:05:00+00:00, run_after=2026-09-04 01:05:00+00:00
[2026-09-04T00:44:06.047+0000] {processor.py:183} INFO - Processing /opt/airflow/dags/spark_pipeline_dag.py took 0.215 seconds
[2026-09-04T00:44:36.585+0000] {processor.py:161} INFO - Started process (PID=53482) to work on /opt/airflow/dags/spark_pipeline_dag.py
[2026-09-04T00:44:36.587+0000] {processor.py:830} INFO - Processing file /opt/airflow/dags/spark_pipeline_dag.py for tasks to queue
[2026-09-04T00:44:36.589+0000] {logging_mixin.py:188} INFO - [2026-09-04T00:44:36.588+0000] {dagbag.py:538} INFO - Filling up the DagBag from /opt/airflow/dags/spark_pipeline_dag.py
[2026-09-04T00:44:36.619+0000] {processor.py:840} INFO - DAG(s) 'air_quality_pipeline' retrieved from /opt/airflow/dags/spark_pipeline_dag.py
[2026-09-04T00:44:36.646+0000] {logging_mixin.py:188} INFO - [2026-09-04T00:44:36.646+0000] {dag.py:3036} INFO - Sync 1 DAGs
[2026-09-04T00:44:36.670+0000] {logging_mixin.py:188} INFO - [2026-09-04T00:44:36.670+0000] {dag.py:3823} INFO - Setting next_dagrun for air_quality_pipeline to 2026-09-04 00:05:00+00:00, run_after=2026-09-04 01:05:00+00:00
[2026-09-04T00:44:36.695+0000] {processor.py:183} INFO - Processing /opt/airflow/dags/spark_pipeline_dag.py took 0.113 seconds
[2026-09-04T00:45:07.048+0000] {processor.py:161} INFO - Started process (PID=53492) to work on /opt/airflow/dags/spark_pipeline_dag.py
[2026-09-04T00:45:07.051+0000] {processor.py:830} INFO - Processing file /opt/airflow/dags/spark_pipeline_dag.py for tasks to queue
[2026-09-04T00:45:07.055+0000] {logging_mixin.py:188} INFO - [2026-09-04T00:45:07.054+0000] {dagbag.py:538} INFO - Filling up the DagBag from /opt/airflow/dags/spark_pipeline_dag.py
[2026-09-04T00:45:07.080+0000] {processor.py:840} INFO - DAG(s) 'air_quality_pipeline' retrieved from /opt/airflow/dags/spark_pipeline_dag.py
[2026-09-04T00:45:07.110+0000] {logging_mixin.py:188} INFO - [2026-09-04T00:45:07.110+0000] {dag.py:3036} INFO - Sync 1 DAGs
[2026-09-04T00:45:07.146+0000] {logging_mixin.py:188} INFO - [2026-09-04T00:45:07.146+0000] {dag.py:3823} INFO - Setting next_dagrun for air_quality_pipeline to 2026-09-04 00:05:00+00:00, run_after=2026-09-04 01:05:00+00:00
[2026-09-04T00:45:07.233+0000] {processor.py:183} INFO - Processing /opt/airflow/dags/spark_pipeline_dag.py took 0.188 seconds
[2026-09-04T00:45:37.608+0000] {processor.py:161} INFO - Started process (PID=53502) to work on /opt/airflow/dags/spark_pipeline_dag.py
[2026-09-04T00:45:37.611+0000] {processor.py:830} INFO - Processing file /opt/airflow/dags/spark_pipeline_dag.py for tasks to queue
[2026-09-04T00:45:37.612+0000] {logging_mixin.py:188} INFO - [2026-09-04T00:45:37.611+0000] {dagbag.py:538} INFO - Filling up the DagBag from /opt/airflow/dags/spark_pipeline_dag.py
[2026-09-04T00:45:37.637+0000] {processor.py:840} INFO - DAG(s) 'air_quality_pipeline' retrieved from /opt/airflow/dags/spark_pipeline_dag.py
[2026-09-04T00:45:37.664+0000] {logging_mixin.py:188} INFO - [2026-09-04T00:45:37.664+0000] {dag.py:3036} INFO - Sync 1 DAGs
[2026-09-04T00:45:37.691+0000] {logging_mixin.py:188} INFO - [2026-09-04T00:45:37.691+0000] {dag.py:3823} INFO - Setting next_dagrun for air_quality_pipeline to 2026-09-04 00:05:00+00:00, run_after=2026-09-04 01:05:00+00:00
[2026-09-04T00:45:37.737+0000] {processor.py:183} INFO - Processing /opt/airflow/dags/spark_pipeline_dag.py took 0.133 seconds
[2026-09-04T00:46:08.125+0000] {processor.py:161} INFO - Started process (PID=53512) to work on /opt/airflow/dags/spark_pipeline_dag.py
[2026-09-04T00:46:08.126+0000] {processor.py:830} INFO - Processing file /opt/airflow/dags/spark_pipeline_dag.py for tasks to queue
[2026-09-04T00:46:08.127+0000] {logging_mixin.py:188} INFO - [2026-09-04T00:46:08.127+0000] {dagbag.py:538} INFO - Filling up the DagBag from /opt/airflow/dags/spark_pipeline_dag.py
[2026-09-04T00:46:08.172+0000] {processor.py:840} INFO - DAG(s) 'air_quality_pipeline' retrieved from /opt/airflow/dags/spark_pipeline_dag.py
[2026-09-04T00:46:08.199+0000] {logging_mixin.py:188} INFO - [2026-09-04T00:46:08.198+0000] {dag.py:3036} INFO - Sync 1 DAGs
[2026-09-04T00:46:08.229+0000] {logging_mixin.py:188} INFO - [2026-09-04T00:46:08.228+0000] {dag.py:3823} INFO - Setting next_dagrun for air_quality_pipeline to 2026-09-04 00:05:00+00:00, run_after=2026-09-04 01:05:00+00:00
[2026-09-04T00:46:08.251+0000] {processor.py:183} INFO - Processing /opt/airflow/dags/spark_pipeline_dag.py took 0.129 seconds
[2026-09-04T00:46:38.577+0000] {processor.py:161} INFO - Started process (PID=53522) to work on /opt/airflow/dags/spark_pipeline_dag.py
[2026-09-04T00:46:38.580+0000] {processor.py:830} INFO - Processing file /opt/airflow/dags/spark_pipeline_dag.py for tasks to queue
[2026-09-04T00:46:38.581+0000] {logging_mixin.py:188} INFO - [2026-09-04T00:46:38.581+0000] {dagbag.py:538} INFO - Filling up the DagBag from /opt/airflow/dags/spark_pipeline_dag.py
[2026-09-04T00:46:38.612+0000] {processor.py:840} INFO - DAG(s) 'air_quality_pipeline' retrieved from /opt/airflow/dags/spark_pipeline_dag.py
[2026-09-04T00:46:38.635+0000] {logging_mixin.py:188} INFO - [2026-09-04T00:46:38.635+0000] {dag.py:3036} INFO - Sync 1 DAGs
[2026-09-04T00:46:38.662+0000] {logging_mixin.py:188} INFO - [2026-09-04T00:46:38.662+0000] {dag.py:3823} INFO - Setting next_dagrun for air_quality_pipeline to 2026-09-04 00:05:00+00:00, run_after=2026-09-04 01:05:00+00:00
[2026-09-04T00:46:38.690+0000] {processor.py:183} INFO - Processing /opt/airflow/dags/spark_pipeline_dag.py took 0.117 seconds
[2026-09-04T00:47:09.160+0000] {processor.py:161} INFO - Started process (PID=53532) to work on /opt/airflow/dags/spark_pipeline_dag.py
[2026-09-04T00:47:09.162+0000] {processor.py:830} INFO - Processing file /opt/airflow/dags/spark_pipeline_dag.py for tasks to queue
[2026-09-04T00:47:09.163+0000] {logging_mixin.py:188} INFO - [2026-09-04T00:47:09.163+0000] {dagbag.py:538} INFO - Filling up the DagBag from /opt/airflow/dags/spark_pipeline_dag.py
[2026-09-04T00:47:09.192+0000] {processor.py:840} INFO - DAG(s) 'air_quality_pipeline' retrieved from /opt/airflow/dags/spark_pipeline_dag.py
[2026-09-04T00:47:09.250+0000] {logging_mixin.py:188} INFO - [2026-09-04T00:47:09.250+0000] {dag.py:3036} INFO - Sync 1 DAGs
[2026-09-04T00:47:09.301+0000] {logging_mixin.py:188} INFO - [2026-09-04T00:47:09.300+0000] {dag.py:3823} INFO - Setting next_dagrun for air_quality_pipeline to 2026-09-04 00:05:00+00:00, run_after=2026-09-04 01:05:00+00:00
[2026-09-04T00:47:09.341+0000] {processor.py:183} INFO - Processing /opt/airflow/dags/spark_pipeline_dag.py took 0.185 seconds
[2026-09-04T00:47:39.769+0000] {processor.py:161} INFO - Started process (PID=53542) to work on /opt/airflow/dags/spark_pipeline_dag.py
[2026-09-04T00:47:39.771+0000] {processor.py:830} INFO - Processing file /opt/airflow/dags/spark_pipeline_dag.py for tasks to queue
[2026-09-04T00:47:39.772+0000] {logging_mixin.py:188} INFO - [2026-09-04T00:47:39.772+0000] {dagbag.py:538} INFO - Filling up the DagBag from /opt/airflow/dags/spark_pipeline_dag.py
[2026-09-04T00:47:39.801+0000] {processor.py:840} INFO - DAG(s) 'air_quality_pipeline' retrieved from /opt/airflow/dags/spark_pipeline_dag.py
[2026-09-04T00:47:39.825+0000] {logging_mixin.py:188} INFO - [2026-09-04T00:47:39.825+0000] {dag.py:3036} INFO - Sync 1 DAGs
[2026-09-04T00:47:39.862+0000] {logging_mixin.py:188} INFO - [2026-09-04T00:47:39.862+0000] {dag.py:3823} INFO - Setting next_dagrun for air_quality_pipeline to 2026-09-04 00:05:00+00:00, run_after=2026-09-04 01:05:00+00:00
[2026-09-04T00:47:39.892+0000] {processor.py:183} INFO - Processing /opt/airflow/dags/spark_pipeline_dag.py took 0.127 seconds
[2026-09-04T00:48:10.320+0000] {processor.py:161} INFO - Started process (PID=53552) to work on /opt/airflow/dags/spark_pipeline_dag.py
[2026-09-04T00:48:10.322+0000] {processor.py:830} INFO - Processing file /opt/airflow/dags/spark_pipeline_dag.py for tasks to queue
[2026-09-04T00:48:10.324+0000] {logging_mixin.py:188} INFO - [2026-09-04T00:48:10.323+0000] {dagbag.py:538} INFO - Filling up the DagBag from /opt/airflow/dags/spark_pipeline_dag.py
[2026-09-04T00:48:10.349+0000] {processor.py:840} INFO - DAG(s) 'air_quality_pipeline' retrieved from /opt/airflow/dags/spark_pipeline_dag.py
[2026-09-04T00:48:10.371+0000] {logging_mixin.py:188} INFO - [2026-09-04T00:48:10.371+0000] {dag.py:3036} INFO - Sync 1 DAGs
[2026-09-04T00:48:10.400+0000] {logging_mixin.py:188} INFO - [2026-09-04T00:48:10.400+0000] {dag.py:3823} INFO - Setting next_dagrun for air_quality_pipeline to 2026-09-04 00:05:00+00:00, run_after=2026-09-04 01:05:00+00:00
[2026-09-04T00:48:10.450+0000] {processor.py:183} INFO - Processing /opt/airflow/dags/spark_pipeline_dag.py took 0.134 seconds
[2026-09-04T00:48:40.963+0000] {processor.py:161} INFO - Started process (PID=53562) to work on /opt/airflow/dags/spark_pipeline_dag.py
[2026-09-04T00:48:40.965+0000] {processor.py:830} INFO - Processing file /opt/airflow/dags/spark_pipeline_dag.py for tasks to queue
[2026-09-04T00:48:40.966+0000] {logging_mixin.py:188} INFO - [2026-09-04T00:48:40.966+0000] {dagbag.py:538} INFO - Filling up the DagBag from /opt/airflow/dags/spark_pipeline_dag.py
[2026-09-04T00:48:40.996+0000] {processor.py:840} INFO - DAG(s) 'air_quality_pipeline' retrieved from /opt/airflow/dags/spark_pipeline_dag.py
[2026-09-04T00:48:41.025+0000] {logging_mixin.py:188} INFO - [2026-09-04T00:48:41.025+0000] {dag.py:3036} INFO - Sync 1 DAGs
[2026-09-04T00:48:41.059+0000] {logging_mixin.py:188} INFO - [2026-09-04T00:48:41.058+0000] {dag.py:3823} INFO - Setting next_dagrun for air_quality_pipeline to 2026-09-04 00:05:00+00:00, run_after=2026-09-04 01:05:00+00:00
[2026-09-04T00:48:41.113+0000] {processor.py:183} INFO - Processing /opt/airflow/dags/spark_pipeline_dag.py took 0.153 seconds
[2026-09-04T00:49:11.479+0000] {processor.py:161} INFO - Started process (PID=53572) to work on /opt/airflow/dags/spark_pipeline_dag.py
[2026-09-04T00:49:11.484+0000] {processor.py:830} INFO - Processing file /opt/airflow/dags/spark_pipeline_dag.py for tasks to queue
[2026-09-04T00:49:11.487+0000] {logging_mixin.py:188} INFO - [2026-09-04T00:49:11.486+0000] {dagbag.py:538} INFO - Filling up the DagBag from /opt/airflow/dags/spark_pipeline_dag.py
[2026-09-04T00:49:11.516+0000] {processor.py:840} INFO - DAG(s) 'air_quality_pipeline' retrieved from /opt/airflow/dags/spark_pipeline_dag.py
[2026-09-04T00:49:11.545+0000] {logging_mixin.py:188} INFO - [2026-09-04T00:49:11.545+0000] {dag.py:3036} INFO - Sync 1 DAGs
[2026-09-04T00:49:11.571+0000] {logging_mixin.py:188} INFO - [2026-09-04T00:49:11.571+0000] {dag.py:3823} INFO - Setting next_dagrun for air_quality_pipeline to 2026-09-04 00:05:00+00:00, run_after=2026-09-04 01:05:00+00:00
[2026-09-04T00:49:11.594+0000] {processor.py:183} INFO - Processing /opt/airflow/dags/spark_pipeline_dag.py took 0.119 seconds
[2026-09-04T00:49:41.981+0000] {processor.py:161} INFO - Started process (PID=53582) to work on /opt/airflow/dags/spark_pipeline_dag.py
[2026-09-04T00:49:41.986+0000] {processor.py:830} INFO - Processing file /opt/airflow/dags/spark_pipeline_dag.py for tasks to queue
[2026-09-04T00:49:41.987+0000] {logging_mixin.py:188} INFO - [2026-09-04T00:49:41.987+0000] {dagbag.py:538} INFO - Filling up the DagBag from /opt/airflow/dags/spark_pipeline_dag.py
[2026-09-04T00:49:42.014+0000] {processor.py:840} INFO - DAG(s) 'air_quality_pipeline' retrieved from /opt/airflow/dags/spark_pipeline_dag.py
[2026-09-04T00:49:42.067+0000] {logging_mixin.py:188} INFO - [2026-09-04T00:49:42.066+0000] {dag.py:3036} INFO - Sync 1 DAGs
[2026-09-04T00:49:42.117+0000] {logging_mixin.py:188} INFO - [2026-09-04T00:49:42.117+0000] {dag.py:3823} INFO - Setting next_dagrun for air_quality_pipeline to 2026-09-04 00:05:00+00:00, run_after=2026-09-04 01:05:00+00:00
[2026-09-04T00:49:42.157+0000] {processor.py:183} INFO - Processing /opt/airflow/dags/spark_pipeline_dag.py took 0.180 seconds
[2026-09-04T00:50:12.524+0000] {processor.py:161} INFO - Started process (PID=53592) to work on /opt/airflow/dags/spark_pipeline_dag.py
[2026-09-04T00:50:12.525+0000] {processor.py:830} INFO - Processing file /opt/airflow/dags/spark_pipeline_dag.py for tasks to queue
[2026-09-04T00:50:12.527+0000] {logging_mixin.py:188} INFO - [2026-09-04T00:50:12.526+0000] {dagbag.py:538} INFO - Filling up the DagBag from /opt/airflow/dags/spark_pipeline_dag.py
[2026-09-04T00:50:12.573+0000] {processor.py:840} INFO - DAG(s) 'air_quality_pipeline' retrieved from /opt/airflow/dags/spark_pipeline_dag.py
[2026-09-04T00:50:12.605+0000] {logging_mixin.py:188} INFO - [2026-09-04T00:50:12.604+0000] {dag.py:3036} INFO - Sync 1 DAGs
[2026-09-04T00:50:12.631+0000] {logging_mixin.py:188} INFO - [2026-09-04T00:50:12.631+0000] {dag.py:3823} INFO - Setting next_dagrun for air_quality_pipeline to 2026-09-04 00:05:00+00:00, run_after=2026-09-04 01:05:00+00:00
[2026-09-04T00:50:12.684+0000] {processor.py:183} INFO - Processing /opt/airflow/dags/spark_pipeline_dag.py took 0.164 seconds
[2026-09-04T00:50:43.102+0000] {processor.py:161} INFO - Started process (PID=53602) to work on /opt/airflow/dags/spark_pipeline_dag.py
[2026-09-04T00:50:43.103+0000] {processor.py:830} INFO - Processing file /opt/airflow/dags/spark_pipeline_dag.py for tasks to queue
[2026-09-04T00:50:43.105+0000] {logging_mixin.py:188} INFO - [2026-09-04T00:50:43.104+0000] {dagbag.py:538} INFO - Filling up the DagBag from /opt/airflow/dags/spark_pipeline_dag.py
[2026-09-04T00:50:43.135+0000] {processor.py:840} INFO - DAG(s) 'air_quality_pipeline' retrieved from /opt/airflow/dags/spark_pipeline_dag.py
[2026-09-04T00:50:43.162+0000] {logging_mixin.py:188} INFO - [2026-09-04T00:50:43.162+0000] {dag.py:3036} INFO - Sync 1 DAGs
[2026-09-04T00:50:43.194+0000] {logging_mixin.py:188} INFO - [2026-09-04T00:50:43.194+0000] {dag.py:3823} INFO - Setting next_dagrun for air_quality_pipeline to 2026-09-04 00:05:00+00:00, run_after=2026-09-04 01:05:00+00:00
[2026-09-04T00:50:43.220+0000] {processor.py:183} INFO - Processing /opt/airflow/dags/spark_pipeline_dag.py took 0.121 seconds
[2026-09-04T00:51:13.616+0000] {processor.py:161} INFO - Started process (PID=53612) to work on /opt/airflow/dags/spark_pipeline_dag.py
[2026-09-04T00:51:13.618+0000] {processor.py:830} INFO - Processing file /opt/airflow/dags/spark_pipeline_dag.py for tasks to queue
[2026-09-04T00:51:13.620+0000] {logging_mixin.py:188} INFO - [2026-09-04T00:51:13.619+0000] {dagbag.py:538} INFO - Filling up the DagBag from /opt/airflow/dags/spark_pipeline_dag.py
[2026-09-04T00:51:13.649+0000] {processor.py:840} INFO - DAG(s) 'air_quality_pipeline' retrieved from /opt/airflow/dags/spark_pipeline_dag.py
[2026-09-04T00:51:13.680+0000] {logging_mixin.py:188} INFO - [2026-09-04T00:51:13.679+0000] {dag.py:3036} INFO - Sync 1 DAGs
[2026-09-04T00:51:13.707+0000] {logging_mixin.py:188} INFO - [2026-09-04T00:51:13.707+0000] {dag.py:3823} INFO - Setting next_dagrun for air_quality_pipeline to 2026-09-04 00:05:00+00:00, run_after=2026-09-04 01:05:00+00:00
[2026-09-04T00:51:13.735+0000] {processor.py:183} INFO - Processing /opt/airflow/dags/spark_pipeline_dag.py took 0.123 seconds
[2026-09-04T00:51:44.107+0000] {processor.py:161} INFO - Started process (PID=53622) to work on /opt/airflow/dags/spark_pipeline_dag.py
[2026-09-04T00:51:44.108+0000] {processor.py:830} INFO - Processing file /opt/airflow/dags/spark_pipeline_dag.py for tasks to queue
[2026-09-04T00:51:44.109+0000] {logging_mixin.py:188} INFO - [2026-09-04T00:51:44.109+0000] {dagbag.py:538} INFO - Filling up the DagBag from /opt/airflow/dags/spark_pipeline_dag.py
[2026-09-04T00:51:44.129+0000] {processor.py:840} INFO - DAG(s) 'air_quality_pipeline' retrieved from /opt/airflow/dags/spark_pipeline_dag.py
[2026-09-04T00:51:44.153+0000] {logging_mixin.py:188} INFO - [2026-09-04T00:51:44.153+0000] {dag.py:3036} INFO - Sync 1 DAGs
[2026-09-04T00:51:44.174+0000] {logging_mixin.py:188} INFO - [2026-09-04T00:51:44.174+0000] {dag.py:3823} INFO - Setting next_dagrun for air_quality_pipeline to 2026-09-04 00:05:00+00:00, run_after=2026-09-04 01:05:00+00:00
[2026-09-04T00:51:44.218+0000] {processor.py:183} INFO - Processing /opt/airflow/dags/spark_pipeline_dag.py took 0.115 seconds
[2026-09-04T00:52:14.521+0000] {processor.py:161} INFO - Started process (PID=53632) to work on /opt/airflow/dags/spark_pipeline_dag.py
[2026-09-04T00:52:14.522+0000] {processor.py:830} INFO - Processing file /opt/airflow/dags/spark_pipeline_dag.py for tasks to queue
[2026-09-04T00:52:14.524+0000] {logging_mixin.py:188} INFO - [2026-09-04T00:52:14.523+0000] {dagbag.py:538} INFO - Filling up the DagBag from /opt/airflow/dags/spark_pipeline_dag.py
[2026-09-04T00:52:14.547+0000] {processor.py:840} INFO - DAG(s) 'air_quality_pipeline' retrieved from /opt/airflow/dags/spark_pipeline_dag.py
[2026-09-04T00:52:14.571+0000] {logging_mixin.py:188} INFO - [2026-09-04T00:52:14.571+0000] {dag.py:3036} INFO - Sync 1 DAGs
[2026-09-04T00:52:14.742+0000] {logging_mixin.py:188} INFO - [2026-09-04T00:52:14.741+0000] {dag.py:3823} INFO - Setting next_dagrun for air_quality_pipeline to 2026-09-04 00:05:00+00:00, run_after=2026-09-04 01:05:00+00:00
[2026-09-04T00:52:14.758+0000] {processor.py:183} INFO - Processing /opt/airflow/dags/spark_pipeline_dag.py took 0.242 seconds
[2026-09-04T00:52:45.118+0000] {processor.py:161} INFO - Started process (PID=53642) to work on /opt/airflow/dags/spark_pipeline_dag.py
[2026-09-04T00:52:45.121+0000] {processor.py:830} INFO - Processing file /opt/airflow/dags/spark_pipeline_dag.py for tasks to queue
[2026-09-04T00:52:45.123+0000] {logging_mixin.py:188} INFO - [2026-09-04T00:52:45.123+0000] {dagbag.py:538} INFO - Filling up the DagBag from /opt/airflow/dags/spark_pipeline_dag.py
[2026-09-04T00:52:45.155+0000] {processor.py:840} INFO - DAG(s) 'air_quality_pipeline' retrieved from /opt/airflow/dags/spark_pipeline_dag.py
[2026-09-04T00:52:45.181+0000] {logging_mixin.py:188} INFO - [2026-09-04T00:52:45.181+0000] {dag.py:3036} INFO - Sync 1 DAGs
[2026-09-04T00:52:45.204+0000] {logging_mixin.py:188} INFO - [2026-09-04T00:52:45.203+0000] {dag.py:3823} INFO - Setting next_dagrun for air_quality_pipeline to 2026-09-04 00:05:00+00:00, run_after=2026-09-04 01:05:00+00:00
[2026-09-04T00:52:45.225+0000] {processor.py:183} INFO - Processing /opt/airflow/dags/spark_pipeline_dag.py took 0.110 seconds
[2026-09-04T00:53:15.577+0000] {processor.py:161} INFO - Started process (PID=53652) to work on /opt/airflow/dags/spark_pipeline_dag.py
[2026-09-04T00:53:15.578+0000] {processor.py:830} INFO - Processing file /opt/airflow/dags/spark_pipeline_dag.py for tasks to queue
[2026-09-04T00:53:15.580+0000] {logging_mixin.py:188} INFO - [2026-09-04T00:53:15.579+0000] {dagbag.py:538} INFO - Filling up the DagBag from /opt/airflow/dags/spark_pipeline_dag.py
[2026-09-04T00:53:15.615+0000] {processor.py:840} INFO - DAG(s) 'air_quality_pipeline' retrieved from /opt/airflow/dags/spark_pipeline_dag.py
[2026-09-04T00:53:15.642+0000] {logging_mixin.py:188} INFO - [2026-09-04T00:53:15.642+0000] {dag.py:3036} INFO - Sync 1 DAGs
[2026-09-04T00:53:15.666+0000] {logging_mixin.py:188} INFO - [2026-09-04T00:53:15.666+0000] {dag.py:3823} INFO - Setting next_dagrun for air_quality_pipeline to 2026-09-04 00:05:00+00:00, run_after=2026-09-04 01:05:00+00:00
[2026-09-04T00:53:15.686+0000] {processor.py:183} INFO - Processing /opt/airflow/dags/spark_pipeline_dag.py took 0.113 seconds
[2026-09-04T00:53:46.003+0000] {processor.py:161} INFO - Started process (PID=53662) to work on /opt/airflow/dags/spark_pipeline_dag.py
[2026-09-04T00:53:46.004+0000] {processor.py:830} INFO - Processing file /opt/airflow/dags/spark_pipeline_dag.py for tasks to queue
[2026-09-04T00:53:46.005+0000] {logging_mixin.py:188} INFO - [2026-09-04T00:53:46.005+0000] {dagbag.py:538} INFO - Filling up the DagBag from /opt/airflow/dags/spark_pipeline_dag.py
[2026-09-04T00:53:46.033+0000] {processor.py:840} INFO - DAG(s) 'air_quality_pipeline' retrieved from /opt/airflow/dags/spark_pipeline_dag.py
[2026-09-04T00:53:46.062+0000] {logging_mixin.py:188} INFO - [2026-09-04T00:53:46.062+0000] {dag.py:3036} INFO - Sync 1 DAGs
[2026-09-04T00:53:46.086+0000] {logging_mixin.py:188} INFO - [2026-09-04T00:53:46.086+0000] {dag.py:3823} INFO - Setting next_dagrun for air_quality_pipeline to 2026-09-04 00:05:00+00:00, run_after=2026-09-04 01:05:00+00:00
[2026-09-04T00:53:46.109+0000] {processor.py:183} INFO - Processing /opt/airflow/dags/spark_pipeline_dag.py took 0.109 seconds
[2026-09-04T00:54:16.394+0000] {processor.py:161} INFO - Started process (PID=53672) to work on /opt/airflow/dags/spark_pipeline_dag.py
[2026-09-04T00:54:16.395+0000] {processor.py:830} INFO - Processing file /opt/airflow/dags/spark_pipeline_dag.py for tasks to queue
[2026-09-04T00:54:16.396+0000] {logging_mixin.py:188} INFO - [2026-09-04T00:54:16.396+0000] {dagbag.py:538} INFO - Filling up the DagBag from /opt/airflow/dags/spark_pipeline_dag.py
[2026-09-04T00:54:16.451+0000] {processor.py:840} INFO - DAG(s) 'air_quality_pipeline' retrieved from /opt/airflow/dags/spark_pipeline_dag.py
[2026-09-04T00:54:16.475+0000] {logging_mixin.py:188} INFO - [2026-09-04T00:54:16.475+0000] {dag.py:3036} INFO - Sync 1 DAGs
[2026-09-04T00:54:16.644+0000] {logging_mixin.py:188} INFO - [2026-09-04T00:54:16.643+0000] {dag.py:3823} INFO - Setting next_dagrun for air_quality_pipeline to 2026-09-04 00:05:00+00:00, run_after=2026-09-04 01:05:00+00:00
[2026-09-04T00:54:16.683+0000] {processor.py:183} INFO - Processing /opt/airflow/dags/spark_pipeline_dag.py took 0.293 seconds
[2026-09-04T00:54:47.151+0000] {processor.py:161} INFO - Started process (PID=53682) to work on /opt/airflow/dags/spark_pipeline_dag.py
[2026-09-04T00:54:47.153+0000] {processor.py:830} INFO - Processing file /opt/airflow/dags/spark_pipeline_dag.py for tasks to queue
[2026-09-04T00:54:47.158+0000] {logging_mixin.py:188} INFO - [2026-09-04T00:54:47.157+0000] {dagbag.py:538} INFO - Filling up the DagBag from /opt/airflow/dags/spark_pipeline_dag.py
[2026-09-04T00:54:47.205+0000] {processor.py:840} INFO - DAG(s) 'air_quality_pipeline' retrieved from /opt/airflow/dags/spark_pipeline_dag.py
[2026-09-04T00:54:47.232+0000] {logging_mixin.py:188} INFO - [2026-09-04T00:54:47.231+0000] {dag.py:3036} INFO - Sync 1 DAGs
[2026-09-04T00:54:47.269+0000] {logging_mixin.py:188} INFO - [2026-09-04T00:54:47.268+0000] {dag.py:3823} INFO - Setting next_dagrun for air_quality_pipeline to 2026-09-04 00:05:00+00:00, run_after=2026-09-04 01:05:00+00:00
[2026-09-04T00:54:47.296+0000] {processor.py:183} INFO - Processing /opt/airflow/dags/spark_pipeline_dag.py took 0.150 seconds
[2026-09-04T00:55:17.709+0000] {processor.py:161} INFO - Started process (PID=53692) to work on /opt/airflow/dags/spark_pipeline_dag.py
[2026-09-04T00:55:17.710+0000] {processor.py:830} INFO - Processing file /opt/airflow/dags/spark_pipeline_dag.py for tasks to queue
[2026-09-04T00:55:17.712+0000] {logging_mixin.py:188} INFO - [2026-09-04T00:55:17.711+0000] {dagbag.py:538} INFO - Filling up the DagBag from /opt/airflow/dags/spark_pipeline_dag.py
[2026-09-04T00:55:17.739+0000] {processor.py:840} INFO - DAG(s) 'air_quality_pipeline' retrieved from /opt/airflow/dags/spark_pipeline_dag.py
[2026-09-04T00:55:17.770+0000] {logging_mixin.py:188} INFO - [2026-09-04T00:55:17.770+0000] {dag.py:3036} INFO - Sync 1 DAGs
[2026-09-04T00:55:17.809+0000] {logging_mixin.py:188} INFO - [2026-09-04T00:55:17.809+0000] {dag.py:3823} INFO - Setting next_dagrun for air_quality_pipeline to 2026-09-04 00:05:00+00:00, run_after=2026-09-04 01:05:00+00:00
[2026-09-04T00:55:17.836+0000] {processor.py:183} INFO - Processing /opt/airflow/dags/spark_pipeline_dag.py took 0.132 seconds
[2026-09-04T00:55:48.158+0000] {processor.py:161} INFO - Started process (PID=53702) to work on /opt/airflow/dags/spark_pipeline_dag.py
[2026-09-04T00:55:48.160+0000] {processor.py:830} INFO - Processing file /opt/airflow/dags/spark_pipeline_dag.py for tasks to queue
[2026-09-04T00:55:48.161+0000] {logging_mixin.py:188} INFO - [2026-09-04T00:55:48.160+0000] {dagbag.py:538} INFO - Filling up the DagBag from /opt/airflow/dags/spark_pipeline_dag.py
[2026-09-04T00:55:48.186+0000] {processor.py:840} INFO - DAG(s) 'air_quality_pipeline' retrieved from /opt/airflow/dags/spark_pipeline_dag.py
[2026-09-04T00:55:48.214+0000] {logging_mixin.py:188} INFO - [2026-09-04T00:55:48.214+0000] {dag.py:3036} INFO - Sync 1 DAGs
[2026-09-04T00:55:48.236+0000] {logging_mixin.py:188} INFO - [2026-09-04T00:55:48.236+0000] {dag.py:3823} INFO - Setting next_dagrun for air_quality_pipeline to 2026-09-04 00:05:00+00:00, run_after=2026-09-04 01:05:00+00:00
[2026-09-04T00:55:48.256+0000] {processor.py:183} INFO - Processing /opt/airflow/dags/spark_pipeline_dag.py took 0.103 seconds
[2026-09-04T00:56:18.577+0000] {processor.py:161} INFO - Started process (PID=53712) to work on /opt/airflow/dags/spark_pipeline_dag.py
[2026-09-04T00:56:18.578+0000] {processor.py:830} INFO - Processing file /opt/airflow/dags/spark_pipeline_dag.py for tasks to queue
[2026-09-04T00:56:18.579+0000] {logging_mixin.py:188} INFO - [2026-09-04T00:56:18.579+0000] {dagbag.py:538} INFO - Filling up the DagBag from /opt/airflow/dags/spark_pipeline_dag.py
[2026-09-04T00:56:18.607+0000] {processor.py:840} INFO - DAG(s) 'air_quality_pipeline' retrieved from /opt/airflow/dags/spark_pipeline_dag.py
[2026-09-04T00:56:18.629+0000] {logging_mixin.py:188} INFO - [2026-09-04T00:56:18.629+0000] {dag.py:3036} INFO - Sync 1 DAGs
[2026-09-04T00:56:18.792+0000] {logging_mixin.py:188} INFO - [2026-09-04T00:56:18.792+0000] {dag.py:3823} INFO - Setting next_dagrun for air_quality_pipeline to 2026-09-04 00:05:00+00:00, run_after=2026-09-04 01:05:00+00:00
[2026-09-04T00:56:18.831+0000] {processor.py:183} INFO - Processing /opt/airflow/dags/spark_pipeline_dag.py took 0.257 seconds
[2026-09-04T00:56:49.245+0000] {processor.py:161} INFO - Started process (PID=53722) to work on /opt/airflow/dags/spark_pipeline_dag.py
[2026-09-04T00:56:49.246+0000] {processor.py:830} INFO - Processing file /opt/airflow/dags/spark_pipeline_dag.py for tasks to queue
[2026-09-04T00:56:49.248+0000] {logging_mixin.py:188} INFO - [2026-09-04T00:56:49.247+0000] {dagbag.py:538} INFO - Filling up the DagBag from /opt/airflow/dags/spark_pipeline_dag.py
[2026-09-04T00:56:49.278+0000] {processor.py:840} INFO - DAG(s) 'air_quality_pipeline' retrieved from /opt/airflow/dags/spark_pipeline_dag.py
[2026-09-04T00:56:49.468+0000] {logging_mixin.py:188} INFO - [2026-09-04T00:56:49.468+0000] {dag.py:3036} INFO - Sync 1 DAGs
[2026-09-04T00:56:49.492+0000] {logging_mixin.py:188} INFO - [2026-09-04T00:56:49.492+0000] {dag.py:3823} INFO - Setting next_dagrun for air_quality_pipeline to 2026-09-04 00:05:00+00:00, run_after=2026-09-04 01:05:00+00:00
[2026-09-04T00:56:49.535+0000] {processor.py:183} INFO - Processing /opt/airflow/dags/spark_pipeline_dag.py took 0.294 seconds
[2026-09-04T00:57:19.919+0000] {processor.py:161} INFO - Started process (PID=53732) to work on /opt/airflow/dags/spark_pipeline_dag.py
[2026-09-04T00:57:19.921+0000] {processor.py:830} INFO - Processing file /opt/airflow/dags/spark_pipeline_dag.py for tasks to queue
[2026-09-04T00:57:19.922+0000] {logging_mixin.py:188} INFO - [2026-09-04T00:57:19.921+0000] {dagbag.py:538} INFO - Filling up the DagBag from /opt/airflow/dags/spark_pipeline_dag.py
[2026-09-04T00:57:19.951+0000] {processor.py:840} INFO - DAG(s) 'air_quality_pipeline' retrieved from /opt/airflow/dags/spark_pipeline_dag.py
[2026-09-04T00:57:19.975+0000] {logging_mixin.py:188} INFO - [2026-09-04T00:57:19.975+0000] {dag.py:3036} INFO - Sync 1 DAGs
[2026-09-04T00:57:20.005+0000] {logging_mixin.py:188} INFO - [2026-09-04T00:57:20.005+0000] {dag.py:3823} INFO - Setting next_dagrun for air_quality_pipeline to 2026-09-04 00:05:00+00:00, run_after=2026-09-04 01:05:00+00:00
[2026-09-04T00:57:20.051+0000] {processor.py:183} INFO - Processing /opt/airflow/dags/spark_pipeline_dag.py took 0.136 seconds
[2026-09-04T00:57:50.391+0000] {processor.py:161} INFO - Started process (PID=53742) to work on /opt/airflow/dags/spark_pipeline_dag.py
[2026-09-04T00:57:50.393+0000] {processor.py:830} INFO - Processing file /opt/airflow/dags/spark_pipeline_dag.py for tasks to queue
[2026-09-04T00:57:50.395+0000] {logging_mixin.py:188} INFO - [2026-09-04T00:57:50.394+0000] {dagbag.py:538} INFO - Filling up the DagBag from /opt/airflow/dags/spark_pipeline_dag.py
[2026-09-04T00:57:50.427+0000] {processor.py:840} INFO - DAG(s) 'air_quality_pipeline' retrieved from /opt/airflow/dags/spark_pipeline_dag.py
[2026-09-04T00:57:50.463+0000] {logging_mixin.py:188} INFO - [2026-09-04T00:57:50.463+0000] {dag.py:3036} INFO - Sync 1 DAGs
[2026-09-04T00:57:50.508+0000] {logging_mixin.py:188} INFO - [2026-09-04T00:57:50.506+0000] {dag.py:3823} INFO - Setting next_dagrun for air_quality_pipeline to 2026-09-04 00:05:00+00:00, run_after=2026-09-04 01:05:00+00:00
[2026-09-04T00:57:50.544+0000] {processor.py:183} INFO - Processing /opt/airflow/dags/spark_pipeline_dag.py took 0.158 seconds
[2026-09-04T00:58:20.921+0000] {processor.py:161} INFO - Started process (PID=53752) to work on /opt/airflow/dags/spark_pipeline_dag.py
[2026-09-04T00:58:20.929+0000] {processor.py:830} INFO - Processing file /opt/airflow/dags/spark_pipeline_dag.py for tasks to queue
[2026-09-04T00:58:20.931+0000] {logging_mixin.py:188} INFO - [2026-09-04T00:58:20.931+0000] {dagbag.py:538} INFO - Filling up the DagBag from /opt/airflow/dags/spark_pipeline_dag.py
[2026-09-04T00:58:20.961+0000] {processor.py:840} INFO - DAG(s) 'air_quality_pipeline' retrieved from /opt/airflow/dags/spark_pipeline_dag.py
[2026-09-04T00:58:20.994+0000] {logging_mixin.py:188} INFO - [2026-09-04T00:58:20.994+0000] {dag.py:3036} INFO - Sync 1 DAGs
[2026-09-04T00:58:21.203+0000] {logging_mixin.py:188} INFO - [2026-09-04T00:58:21.203+0000] {dag.py:3823} INFO - Setting next_dagrun for air_quality_pipeline to 2026-09-04 00:05:00+00:00, run_after=2026-09-04 01:05:00+00:00
[2026-09-04T00:58:21.224+0000] {processor.py:183} INFO - Processing /opt/airflow/dags/spark_pipeline_dag.py took 0.306 seconds
[2026-09-04T00:58:51.691+0000] {processor.py:161} INFO - Started process (PID=53762) to work on /opt/airflow/dags/spark_pipeline_dag.py
[2026-09-04T00:58:51.693+0000] {processor.py:830} INFO - Processing file /opt/airflow/dags/spark_pipeline_dag.py for tasks to queue
[2026-09-04T00:58:51.694+0000] {logging_mixin.py:188} INFO - [2026-09-04T00:58:51.694+0000] {dagbag.py:538} INFO - Filling up the DagBag from /opt/airflow/dags/spark_pipeline_dag.py
[2026-09-04T00:58:51.723+0000] {processor.py:840} INFO - DAG(s) 'air_quality_pipeline' retrieved from /opt/airflow/dags/spark_pipeline_dag.py
[2026-09-04T00:58:51.930+0000] {logging_mixin.py:188} INFO - [2026-09-04T00:58:51.930+0000] {dag.py:3036} INFO - Sync 1 DAGs
[2026-09-04T00:58:51.957+0000] {logging_mixin.py:188} INFO - [2026-09-04T00:58:51.957+0000] {dag.py:3823} INFO - Setting next_dagrun for air_quality_pipeline to 2026-09-04 00:05:00+00:00, run_after=2026-09-04 01:05:00+00:00
[2026-09-04T00:58:52.003+0000] {processor.py:183} INFO - Processing /opt/airflow/dags/spark_pipeline_dag.py took 0.315 seconds
[2026-09-04T00:59:22.598+0000] {processor.py:161} INFO - Started process (PID=53772) to work on /opt/airflow/dags/spark_pipeline_dag.py
[2026-09-04T00:59:22.600+0000] {processor.py:830} INFO - Processing file /opt/airflow/dags/spark_pipeline_dag.py for tasks to queue
[2026-09-04T00:59:22.602+0000] {logging_mixin.py:188} INFO - [2026-09-04T00:59:22.601+0000] {dagbag.py:538} INFO - Filling up the DagBag from /opt/airflow/dags/spark_pipeline_dag.py
[2026-09-04T00:59:22.633+0000] {processor.py:840} INFO - DAG(s) 'air_quality_pipeline' retrieved from /opt/airflow/dags/spark_pipeline_dag.py
[2026-09-04T00:59:22.659+0000] {logging_mixin.py:188} INFO - [2026-09-04T00:59:22.659+0000] {dag.py:3036} INFO - Sync 1 DAGs
[2026-09-04T00:59:22.683+0000] {logging_mixin.py:188} INFO - [2026-09-04T00:59:22.683+0000] {dag.py:3823} INFO - Setting next_dagrun for air_quality_pipeline to 2026-09-04 00:05:00+00:00, run_after=2026-09-04 01:05:00+00:00
[2026-09-04T00:59:22.708+0000] {processor.py:183} INFO - Processing /opt/airflow/dags/spark_pipeline_dag.py took 0.113 seconds
[2026-09-04T00:59:53.095+0000] {processor.py:161} INFO - Started process (PID=53782) to work on /opt/airflow/dags/spark_pipeline_dag.py
[2026-09-04T00:59:53.097+0000] {processor.py:830} INFO - Processing file /opt/airflow/dags/spark_pipeline_dag.py for tasks to queue
[2026-09-04T00:59:53.099+0000] {logging_mixin.py:188} INFO - [2026-09-04T00:59:53.098+0000] {dagbag.py:538} INFO - Filling up the DagBag from /opt/airflow/dags/spark_pipeline_dag.py
[2026-09-04T00:59:53.125+0000] {processor.py:840} INFO - DAG(s) 'air_quality_pipeline' retrieved from /opt/airflow/dags/spark_pipeline_dag.py
[2026-09-04T00:59:53.158+0000] {logging_mixin.py:188} INFO - [2026-09-04T00:59:53.158+0000] {dag.py:3036} INFO - Sync 1 DAGs
[2026-09-04T00:59:53.186+0000] {logging_mixin.py:188} INFO - [2026-09-04T00:59:53.186+0000] {dag.py:3823} INFO - Setting next_dagrun for air_quality_pipeline to 2026-09-04 00:05:00+00:00, run_after=2026-09-04 01:05:00+00:00
[2026-09-04T00:59:53.235+0000] {processor.py:183} INFO - Processing /opt/airflow/dags/spark_pipeline_dag.py took 0.144 seconds
[2026-09-04T01:00:23.731+0000] {processor.py:161} INFO - Started process (PID=53794) to work on /opt/airflow/dags/spark_pipeline_dag.py
[2026-09-04T01:00:23.733+0000] {processor.py:830} INFO - Processing file /opt/airflow/dags/spark_pipeline_dag.py for tasks to queue
[2026-09-04T01:00:23.734+0000] {logging_mixin.py:188} INFO - [2026-09-04T01:00:23.733+0000] {dagbag.py:538} INFO - Filling up the DagBag from /opt/airflow/dags/spark_pipeline_dag.py
[2026-09-04T01:00:23.759+0000] {processor.py:840} INFO - DAG(s) 'air_quality_pipeline' retrieved from /opt/airflow/dags/spark_pipeline_dag.py
[2026-09-04T01:00:23.781+0000] {logging_mixin.py:188} INFO - [2026-09-04T01:00:23.781+0000] {dag.py:3036} INFO - Sync 1 DAGs
[2026-09-04T01:00:23.806+0000] {logging_mixin.py:188} INFO - [2026-09-04T01:00:23.805+0000] {dag.py:3823} INFO - Setting next_dagrun for air_quality_pipeline to 2026-09-04 00:05:00+00:00, run_after=2026-09-04 01:05:00+00:00
[2026-09-04T01:00:23.829+0000] {processor.py:183} INFO - Processing /opt/airflow/dags/spark_pipeline_dag.py took 0.102 seconds
[2026-09-04T01:00:54.216+0000] {processor.py:161} INFO - Started process (PID=53804) to work on /opt/airflow/dags/spark_pipeline_dag.py
[2026-09-04T01:00:54.217+0000] {processor.py:830} INFO - Processing file /opt/airflow/dags/spark_pipeline_dag.py for tasks to queue
[2026-09-04T01:00:54.218+0000] {logging_mixin.py:188} INFO - [2026-09-04T01:00:54.218+0000] {dagbag.py:538} INFO - Filling up the DagBag from /opt/airflow/dags/spark_pipeline_dag.py
[2026-09-04T01:00:54.251+0000] {processor.py:840} INFO - DAG(s) 'air_quality_pipeline' retrieved from /opt/airflow/dags/spark_pipeline_dag.py
[2026-09-04T01:00:54.283+0000] {logging_mixin.py:188} INFO - [2026-09-04T01:00:54.283+0000] {dag.py:3036} INFO - Sync 1 DAGs
[2026-09-04T01:00:54.309+0000] {logging_mixin.py:188} INFO - [2026-09-04T01:00:54.309+0000] {dag.py:3823} INFO - Setting next_dagrun for air_quality_pipeline to 2026-09-04 00:05:00+00:00, run_after=2026-09-04 01:05:00+00:00
[2026-09-04T01:00:54.350+0000] {processor.py:183} INFO - Processing /opt/airflow/dags/spark_pipeline_dag.py took 0.138 seconds
[2026-09-04T01:01:24.710+0000] {processor.py:161} INFO - Started process (PID=53814) to work on /opt/airflow/dags/spark_pipeline_dag.py
[2026-09-04T01:01:24.712+0000] {processor.py:830} INFO - Processing file /opt/airflow/dags/spark_pipeline_dag.py for tasks to queue
[2026-09-04T01:01:24.713+0000] {logging_mixin.py:188} INFO - [2026-09-04T01:01:24.712+0000] {dagbag.py:538} INFO - Filling up the DagBag from /opt/airflow/dags/spark_pipeline_dag.py
[2026-09-04T01:01:24.743+0000] {processor.py:840} INFO - DAG(s) 'air_quality_pipeline' retrieved from /opt/airflow/dags/spark_pipeline_dag.py
[2026-09-04T01:01:24.771+0000] {logging_mixin.py:188} INFO - [2026-09-04T01:01:24.771+0000] {dag.py:3036} INFO - Sync 1 DAGs
[2026-09-04T01:01:24.808+0000] {logging_mixin.py:188} INFO - [2026-09-04T01:01:24.808+0000] {dag.py:3823} INFO - Setting next_dagrun for air_quality_pipeline to 2026-09-04 00:05:00+00:00, run_after=2026-09-04 01:05:00+00:00
[2026-09-04T01:01:24.847+0000] {processor.py:183} INFO - Processing /opt/airflow/dags/spark_pipeline_dag.py took 0.141 seconds
[2026-09-04T01:01:55.314+0000] {processor.py:161} INFO - Started process (PID=53824) to work on /opt/airflow/dags/spark_pipeline_dag.py
[2026-09-04T01:01:55.316+0000] {processor.py:830} INFO - Processing file /opt/airflow/dags/spark_pipeline_dag.py for tasks to queue
[2026-09-04T01:01:55.317+0000] {logging_mixin.py:188} INFO - [2026-09-04T01:01:55.316+0000] {dagbag.py:538} INFO - Filling up the DagBag from /opt/airflow/dags/spark_pipeline_dag.py
[2026-09-04T01:01:55.337+0000] {processor.py:840} INFO - DAG(s) 'air_quality_pipeline' retrieved from /opt/airflow/dags/spark_pipeline_dag.py
[2026-09-04T01:01:55.365+0000] {logging_mixin.py:188} INFO - [2026-09-04T01:01:55.364+0000] {dag.py:3036} INFO - Sync 1 DAGs
[2026-09-04T01:01:55.393+0000] {logging_mixin.py:188} INFO - [2026-09-04T01:01:55.393+0000] {dag.py:3823} INFO - Setting next_dagrun for air_quality_pipeline to 2026-09-04 00:05:00+00:00, run_after=2026-09-04 01:05:00+00:00
[2026-09-04T01:01:55.418+0000] {processor.py:183} INFO - Processing /opt/airflow/dags/spark_pipeline_dag.py took 0.107 seconds
[2026-09-04T01:02:25.845+0000] {processor.py:161} INFO - Started process (PID=53834) to work on /opt/airflow/dags/spark_pipeline_dag.py
[2026-09-04T01:02:25.847+0000] {processor.py:830} INFO - Processing file /opt/airflow/dags/spark_pipeline_dag.py for tasks to queue
[2026-09-04T01:02:25.848+0000] {logging_mixin.py:188} INFO - [2026-09-04T01:02:25.848+0000] {dagbag.py:538} INFO - Filling up the DagBag from /opt/airflow/dags/spark_pipeline_dag.py
[2026-09-04T01:02:25.874+0000] {processor.py:840} INFO - DAG(s) 'air_quality_pipeline' retrieved from /opt/airflow/dags/spark_pipeline_dag.py
[2026-09-04T01:02:25.904+0000] {logging_mixin.py:188} INFO - [2026-09-04T01:02:25.903+0000] {dag.py:3036} INFO - Sync 1 DAGs
[2026-09-04T01:02:25.940+0000] {logging_mixin.py:188} INFO - [2026-09-04T01:02:25.940+0000] {dag.py:3823} INFO - Setting next_dagrun for air_quality_pipeline to 2026-09-04 00:05:00+00:00, run_after=2026-09-04 01:05:00+00:00
[2026-09-04T01:02:25.966+0000] {processor.py:183} INFO - Processing /opt/airflow/dags/spark_pipeline_dag.py took 0.126 seconds
[2026-09-04T01:02:56.394+0000] {processor.py:161} INFO - Started process (PID=53844) to work on /opt/airflow/dags/spark_pipeline_dag.py
[2026-09-04T01:02:56.396+0000] {processor.py:830} INFO - Processing file /opt/airflow/dags/spark_pipeline_dag.py for tasks to queue
[2026-09-04T01:02:56.397+0000] {logging_mixin.py:188} INFO - [2026-09-04T01:02:56.397+0000] {dagbag.py:538} INFO - Filling up the DagBag from /opt/airflow/dags/spark_pipeline_dag.py
[2026-09-04T01:02:56.432+0000] {processor.py:840} INFO - DAG(s) 'air_quality_pipeline' retrieved from /opt/airflow/dags/spark_pipeline_dag.py
[2026-09-04T01:02:56.476+0000] {logging_mixin.py:188} INFO - [2026-09-04T01:02:56.475+0000] {dag.py:3036} INFO - Sync 1 DAGs
[2026-09-04T01:02:56.514+0000] {logging_mixin.py:188} INFO - [2026-09-04T01:02:56.514+0000] {dag.py:3823} INFO - Setting next_dagrun for air_quality_pipeline to 2026-09-04 00:05:00+00:00, run_after=2026-09-04 01:05:00+00:00
[2026-09-04T01:02:56.542+0000] {processor.py:183} INFO - Processing /opt/airflow/dags/spark_pipeline_dag.py took 0.151 seconds
[2026-09-04T01:03:26.930+0000] {processor.py:161} INFO - Started process (PID=53854) to work on /opt/airflow/dags/spark_pipeline_dag.py
[2026-09-04T01:03:26.933+0000] {processor.py:830} INFO - Processing file /opt/airflow/dags/spark_pipeline_dag.py for tasks to queue
[2026-09-04T01:03:26.936+0000] {logging_mixin.py:188} INFO - [2026-09-04T01:03:26.934+0000] {dagbag.py:538} INFO - Filling up the DagBag from /opt/airflow/dags/spark_pipeline_dag.py
[2026-09-04T01:03:26.979+0000] {processor.py:840} INFO - DAG(s) 'air_quality_pipeline' retrieved from /opt/airflow/dags/spark_pipeline_dag.py
[2026-09-04T01:03:27.013+0000] {logging_mixin.py:188} INFO - [2026-09-04T01:03:27.013+0000] {dag.py:3036} INFO - Sync 1 DAGs
[2026-09-04T01:03:27.041+0000] {logging_mixin.py:188} INFO - [2026-09-04T01:03:27.040+0000] {dag.py:3823} INFO - Setting next_dagrun for air_quality_pipeline to 2026-09-04 00:05:00+00:00, run_after=2026-09-04 01:05:00+00:00
[2026-09-04T01:03:27.081+0000] {processor.py:183} INFO - Processing /opt/airflow/dags/spark_pipeline_dag.py took 0.161 seconds
[2026-09-04T01:03:57.495+0000] {processor.py:161} INFO - Started process (PID=53864) to work on /opt/airflow/dags/spark_pipeline_dag.py
[2026-09-04T01:03:57.497+0000] {processor.py:830} INFO - Processing file /opt/airflow/dags/spark_pipeline_dag.py for tasks to queue
[2026-09-04T01:03:57.499+0000] {logging_mixin.py:188} INFO - [2026-09-04T01:03:57.499+0000] {dagbag.py:538} INFO - Filling up the DagBag from /opt/airflow/dags/spark_pipeline_dag.py
[2026-09-04T01:03:57.525+0000] {processor.py:840} INFO - DAG(s) 'air_quality_pipeline' retrieved from /opt/airflow/dags/spark_pipeline_dag.py
[2026-09-04T01:03:57.556+0000] {logging_mixin.py:188} INFO - [2026-09-04T01:03:57.556+0000] {dag.py:3036} INFO - Sync 1 DAGs
[2026-09-04T01:03:57.585+0000] {logging_mixin.py:188} INFO - [2026-09-04T01:03:57.585+0000] {dag.py:3823} INFO - Setting next_dagrun for air_quality_pipeline to 2026-09-04 00:05:00+00:00, run_after=2026-09-04 01:05:00+00:00
[2026-09-04T01:03:57.625+0000] {processor.py:183} INFO - Processing /opt/airflow/dags/spark_pipeline_dag.py took 0.134 seconds
[2026-09-04T01:04:28.267+0000] {processor.py:161} INFO - Started process (PID=53874) to work on /opt/airflow/dags/spark_pipeline_dag.py
[2026-09-04T01:04:28.268+0000] {processor.py:830} INFO - Processing file /opt/airflow/dags/spark_pipeline_dag.py for tasks to queue
[2026-09-04T01:04:28.269+0000] {logging_mixin.py:188} INFO - [2026-09-04T01:04:28.269+0000] {dagbag.py:538} INFO - Filling up the DagBag from /opt/airflow/dags/spark_pipeline_dag.py
[2026-09-04T01:04:28.293+0000] {processor.py:840} INFO - DAG(s) 'air_quality_pipeline' retrieved from /opt/airflow/dags/spark_pipeline_dag.py
[2026-09-04T01:04:28.316+0000] {logging_mixin.py:188} INFO - [2026-09-04T01:04:28.316+0000] {dag.py:3036} INFO - Sync 1 DAGs
[2026-09-04T01:04:28.344+0000] {logging_mixin.py:188} INFO - [2026-09-04T01:04:28.344+0000] {dag.py:3823} INFO - Setting next_dagrun for air_quality_pipeline to 2026-09-04 00:05:00+00:00, run_after=2026-09-04 01:05:00+00:00
[2026-09-04T01:04:28.387+0000] {processor.py:183} INFO - Processing /opt/airflow/dags/spark_pipeline_dag.py took 0.123 seconds
[2026-09-04T01:04:59.003+0000] {processor.py:161} INFO - Started process (PID=53884) to work on /opt/airflow/dags/spark_pipeline_dag.py
[2026-09-04T01:04:59.004+0000] {processor.py:830} INFO - Processing file /opt/airflow/dags/spark_pipeline_dag.py for tasks to queue
[2026-09-04T01:04:59.005+0000] {logging_mixin.py:188} INFO - [2026-09-04T01:04:59.005+0000] {dagbag.py:538} INFO - Filling up the DagBag from /opt/airflow/dags/spark_pipeline_dag.py
[2026-09-04T01:04:59.035+0000] {processor.py:840} INFO - DAG(s) 'air_quality_pipeline' retrieved from /opt/airflow/dags/spark_pipeline_dag.py
[2026-09-04T01:04:59.060+0000] {logging_mixin.py:188} INFO - [2026-09-04T01:04:59.060+0000] {dag.py:3036} INFO - Sync 1 DAGs
[2026-09-04T01:04:59.091+0000] {logging_mixin.py:188} INFO - [2026-09-04T01:04:59.091+0000] {dag.py:3823} INFO - Setting next_dagrun for air_quality_pipeline to 2026-09-04 00:05:00+00:00, run_after=2026-09-04 01:05:00+00:00
[2026-09-04T01:04:59.147+0000] {processor.py:183} INFO - Processing /opt/airflow/dags/spark_pipeline_dag.py took 0.148 seconds
[2026-09-04T01:05:29.487+0000] {processor.py:161} INFO - Started process (PID=53896) to work on /opt/airflow/dags/spark_pipeline_dag.py
[2026-09-04T01:05:29.488+0000] {processor.py:830} INFO - Processing file /opt/airflow/dags/spark_pipeline_dag.py for tasks to queue
[2026-09-04T01:05:29.490+0000] {logging_mixin.py:188} INFO - [2026-09-04T01:05:29.489+0000] {dagbag.py:538} INFO - Filling up the DagBag from /opt/airflow/dags/spark_pipeline_dag.py
[2026-09-04T01:05:29.514+0000] {processor.py:840} INFO - DAG(s) 'air_quality_pipeline' retrieved from /opt/airflow/dags/spark_pipeline_dag.py
[2026-09-04T01:05:29.540+0000] {logging_mixin.py:188} INFO - [2026-09-04T01:05:29.540+0000] {dag.py:3036} INFO - Sync 1 DAGs
[2026-09-04T01:05:29.565+0000] {logging_mixin.py:188} INFO - [2026-09-04T01:05:29.565+0000] {dag.py:3823} INFO - Setting next_dagrun for air_quality_pipeline to 2026-09-04 01:05:00+00:00, run_after=2026-09-04 02:05:00+00:00
[2026-09-04T01:05:29.595+0000] {processor.py:183} INFO - Processing /opt/airflow/dags/spark_pipeline_dag.py took 0.112 seconds
[2026-09-04T01:05:59.949+0000] {processor.py:161} INFO - Started process (PID=53906) to work on /opt/airflow/dags/spark_pipeline_dag.py
[2026-09-04T01:05:59.950+0000] {processor.py:830} INFO - Processing file /opt/airflow/dags/spark_pipeline_dag.py for tasks to queue
[2026-09-04T01:05:59.951+0000] {logging_mixin.py:188} INFO - [2026-09-04T01:05:59.951+0000] {dagbag.py:538} INFO - Filling up the DagBag from /opt/airflow/dags/spark_pipeline_dag.py
[2026-09-04T01:05:59.980+0000] {processor.py:840} INFO - DAG(s) 'air_quality_pipeline' retrieved from /opt/airflow/dags/spark_pipeline_dag.py
[2026-09-04T01:06:00.026+0000] {logging_mixin.py:188} INFO - [2026-09-04T01:06:00.025+0000] {dag.py:3036} INFO - Sync 1 DAGs
[2026-09-04T01:06:00.074+0000] {logging_mixin.py:188} INFO - [2026-09-04T01:06:00.074+0000] {dag.py:3823} INFO - Setting next_dagrun for air_quality_pipeline to 2026-09-04 01:05:00+00:00, run_after=2026-09-04 02:05:00+00:00
[2026-09-04T01:06:00.098+0000] {processor.py:183} INFO - Processing /opt/airflow/dags/spark_pipeline_dag.py took 0.153 seconds
[2026-09-04T01:06:30.615+0000] {processor.py:161} INFO - Started process (PID=53916) to work on /opt/airflow/dags/spark_pipeline_dag.py
[2026-09-04T01:06:30.617+0000] {processor.py:830} INFO - Processing file /opt/airflow/dags/spark_pipeline_dag.py for tasks to queue
[2026-09-04T01:06:30.618+0000] {logging_mixin.py:188} INFO - [2026-09-04T01:06:30.618+0000] {dagbag.py:538} INFO - Filling up the DagBag from /opt/airflow/dags/spark_pipeline_dag.py
[2026-09-04T01:06:30.649+0000] {processor.py:840} INFO - DAG(s) 'air_quality_pipeline' retrieved from /opt/airflow/dags/spark_pipeline_dag.py
[2026-09-04T01:06:30.679+0000] {logging_mixin.py:188} INFO - [2026-09-04T01:06:30.678+0000] {dag.py:3036} INFO - Sync 1 DAGs
[2026-09-04T01:06:30.705+0000] {logging_mixin.py:188} INFO - [2026-09-04T01:06:30.705+0000] {dag.py:3823} INFO - Setting next_dagrun for air_quality_pipeline to 2026-09-04 01:05:00+00:00, run_after=2026-09-04 02:05:00+00:00
[2026-09-04T01:06:30.730+0000] {processor.py:183} INFO - Processing /opt/airflow/dags/spark_pipeline_dag.py took 0.120 seconds
[2026-09-04T01:07:01.142+0000] {processor.py:161} INFO - Started process (PID=53926) to work on /opt/airflow/dags/spark_pipeline_dag.py
[2026-09-04T01:07:01.143+0000] {processor.py:830} INFO - Processing file /opt/airflow/dags/spark_pipeline_dag.py for tasks to queue
[2026-09-04T01:07:01.145+0000] {logging_mixin.py:188} INFO - [2026-09-04T01:07:01.144+0000] {dagbag.py:538} INFO - Filling up the DagBag from /opt/airflow/dags/spark_pipeline_dag.py
[2026-09-04T01:07:01.180+0000] {processor.py:840} INFO - DAG(s) 'air_quality_pipeline' retrieved from /opt/airflow/dags/spark_pipeline_dag.py
[2026-09-04T01:07:01.213+0000] {logging_mixin.py:188} INFO - [2026-09-04T01:07:01.213+0000] {dag.py:3036} INFO - Sync 1 DAGs
[2026-09-04T01:07:01.241+0000] {logging_mixin.py:188} INFO - [2026-09-04T01:07:01.240+0000] {dag.py:3823} INFO - Setting next_dagrun for air_quality_pipeline to 2026-09-04 01:05:00+00:00, run_after=2026-09-04 02:05:00+00:00
[2026-09-04T01:07:01.262+0000] {processor.py:183} INFO - Processing /opt/airflow/dags/spark_pipeline_dag.py took 0.123 seconds
[2026-09-04T01:07:31.601+0000] {processor.py:161} INFO - Started process (PID=53936) to work on /opt/airflow/dags/spark_pipeline_dag.py
[2026-09-04T01:07:31.602+0000] {processor.py:830} INFO - Processing file /opt/airflow/dags/spark_pipeline_dag.py for tasks to queue
[2026-09-04T01:07:31.603+0000] {logging_mixin.py:188} INFO - [2026-09-04T01:07:31.603+0000] {dagbag.py:538} INFO - Filling up the DagBag from /opt/airflow/dags/spark_pipeline_dag.py
[2026-09-04T01:07:31.631+0000] {processor.py:840} INFO - DAG(s) 'air_quality_pipeline' retrieved from /opt/airflow/dags/spark_pipeline_dag.py
[2026-09-04T01:07:31.657+0000] {logging_mixin.py:188} INFO - [2026-09-04T01:07:31.656+0000] {dag.py:3036} INFO - Sync 1 DAGs
[2026-09-04T01:07:31.685+0000] {logging_mixin.py:188} INFO - [2026-09-04T01:07:31.684+0000] {dag.py:3823} INFO - Setting next_dagrun for air_quality_pipeline to 2026-09-04 01:05:00+00:00, run_after=2026-09-04 02:05:00+00:00
[2026-09-04T01:07:31.742+0000] {processor.py:183} INFO - Processing /opt/airflow/dags/spark_pipeline_dag.py took 0.144 seconds
[2026-09-04T01:08:02.178+0000] {processor.py:161} INFO - Started process (PID=53946) to work on /opt/airflow/dags/spark_pipeline_dag.py
[2026-09-04T01:08:02.179+0000] {processor.py:830} INFO - Processing file /opt/airflow/dags/spark_pipeline_dag.py for tasks to queue
[2026-09-04T01:08:02.180+0000] {logging_mixin.py:188} INFO - [2026-09-04T01:08:02.180+0000] {dagbag.py:538} INFO - Filling up the DagBag from /opt/airflow/dags/spark_pipeline_dag.py
[2026-09-04T01:08:02.203+0000] {processor.py:840} INFO - DAG(s) 'air_quality_pipeline' retrieved from /opt/airflow/dags/spark_pipeline_dag.py
[2026-09-04T01:08:02.238+0000] {logging_mixin.py:188} INFO - [2026-09-04T01:08:02.237+0000] {dag.py:3036} INFO - Sync 1 DAGs
[2026-09-04T01:08:02.262+0000] {logging_mixin.py:188} INFO - [2026-09-04T01:08:02.262+0000] {dag.py:3823} INFO - Setting next_dagrun for air_quality_pipeline to 2026-09-04 01:05:00+00:00, run_after=2026-09-04 02:05:00+00:00
[2026-09-04T01:08:02.282+0000] {processor.py:183} INFO - Processing /opt/airflow/dags/spark_pipeline_dag.py took 0.107 seconds
[2026-09-04T01:08:32.644+0000] {processor.py:161} INFO - Started process (PID=53956) to work on /opt/airflow/dags/spark_pipeline_dag.py
[2026-09-04T01:08:32.645+0000] {processor.py:830} INFO - Processing file /opt/airflow/dags/spark_pipeline_dag.py for tasks to queue
[2026-09-04T01:08:32.646+0000] {logging_mixin.py:188} INFO - [2026-09-04T01:08:32.646+0000] {dagbag.py:538} INFO - Filling up the DagBag from /opt/airflow/dags/spark_pipeline_dag.py
[2026-09-04T01:08:32.675+0000] {processor.py:840} INFO - DAG(s) 'air_quality_pipeline' retrieved from /opt/airflow/dags/spark_pipeline_dag.py
[2026-09-04T01:08:32.703+0000] {logging_mixin.py:188} INFO - [2026-09-04T01:08:32.702+0000] {dag.py:3036} INFO - Sync 1 DAGs
[2026-09-04T01:08:32.775+0000] {logging_mixin.py:188} INFO - [2026-09-04T01:08:32.775+0000] {dag.py:3823} INFO - Setting next_dagrun for air_quality_pipeline to 2026-09-04 01:05:00+00:00, run_after=2026-09-04 02:05:00+00:00
[2026-09-04T01:08:32.811+0000] {processor.py:183} INFO - Processing /opt/airflow/dags/spark_pipeline_dag.py took 0.170 seconds
[2026-09-04T01:09:03.210+0000] {processor.py:161} INFO - Started process (PID=53966) to work on /opt/airflow/dags/spark_pipeline_dag.py
[2026-09-04T01:09:03.211+0000] {processor.py:830} INFO - Processing file /opt/airflow/dags/spark_pipeline_dag.py for tasks to queue
[2026-09-04T01:09:03.214+0000] {logging_mixin.py:188} INFO - [2026-09-04T01:09:03.214+0000] {dagbag.py:538} INFO - Filling up the DagBag from /opt/airflow/dags/spark_pipeline_dag.py
[2026-09-04T01:09:03.243+0000] {processor.py:840} INFO - DAG(s) 'air_quality_pipeline' retrieved from /opt/airflow/dags/spark_pipeline_dag.py
[2026-09-04T01:09:03.273+0000] {logging_mixin.py:188} INFO - [2026-09-04T01:09:03.273+0000] {dag.py:3036} INFO - Sync 1 DAGs
[2026-09-04T01:09:03.339+0000] {logging_mixin.py:188} INFO - [2026-09-04T01:09:03.338+0000] {dag.py:3823} INFO - Setting next_dagrun for air_quality_pipeline to 2026-09-04 01:05:00+00:00, run_after=2026-09-04 02:05:00+00:00
[2026-09-04T01:09:03.371+0000] {processor.py:183} INFO - Processing /opt/airflow/dags/spark_pipeline_dag.py took 0.165 seconds
[2026-09-04T01:09:33.861+0000] {processor.py:161} INFO - Started process (PID=53976) to work on /opt/airflow/dags/spark_pipeline_dag.py
[2026-09-04T01:09:33.862+0000] {processor.py:830} INFO - Processing file /opt/airflow/dags/spark_pipeline_dag.py for tasks to queue
[2026-09-04T01:09:33.864+0000] {logging_mixin.py:188} INFO - [2026-09-04T01:09:33.863+0000] {dagbag.py:538} INFO - Filling up the DagBag from /opt/airflow/dags/spark_pipeline_dag.py
[2026-09-04T01:09:33.889+0000] {processor.py:840} INFO - DAG(s) 'air_quality_pipeline' retrieved from /opt/airflow/dags/spark_pipeline_dag.py
[2026-09-04T01:09:33.914+0000] {logging_mixin.py:188} INFO - [2026-09-04T01:09:33.914+0000] {dag.py:3036} INFO - Sync 1 DAGs
[2026-09-04T01:09:33.969+0000] {logging_mixin.py:188} INFO - [2026-09-04T01:09:33.969+0000] {dag.py:3823} INFO - Setting next_dagrun for air_quality_pipeline to 2026-09-04 01:05:00+00:00, run_after=2026-09-04 02:05:00+00:00
[2026-09-04T01:09:34.013+0000] {processor.py:183} INFO - Processing /opt/airflow/dags/spark_pipeline_dag.py took 0.155 seconds
[2026-09-04T01:10:04.483+0000] {processor.py:161} INFO - Started process (PID=53986) to work on /opt/airflow/dags/spark_pipeline_dag.py
[2026-09-04T01:10:04.484+0000] {processor.py:830} INFO - Processing file /opt/airflow/dags/spark_pipeline_dag.py for tasks to queue
[2026-09-04T01:10:04.486+0000] {logging_mixin.py:188} INFO - [2026-09-04T01:10:04.485+0000] {dagbag.py:538} INFO - Filling up the DagBag from /opt/airflow/dags/spark_pipeline_dag.py
[2026-09-04T01:10:04.513+0000] {processor.py:840} INFO - DAG(s) 'air_quality_pipeline' retrieved from /opt/airflow/dags/spark_pipeline_dag.py
[2026-09-04T01:10:04.538+0000] {logging_mixin.py:188} INFO - [2026-09-04T01:10:04.538+0000] {dag.py:3036} INFO - Sync 1 DAGs
[2026-09-04T01:10:04.568+0000] {logging_mixin.py:188} INFO - [2026-09-04T01:10:04.568+0000] {dag.py:3823} INFO - Setting next_dagrun for air_quality_pipeline to 2026-09-04 01:05:00+00:00, run_after=2026-09-04 02:05:00+00:00
[2026-09-04T01:10:04.609+0000] {processor.py:183} INFO - Processing /opt/airflow/dags/spark_pipeline_dag.py took 0.131 seconds
[2026-09-04T01:10:34.945+0000] {processor.py:161} INFO - Started process (PID=53996) to work on /opt/airflow/dags/spark_pipeline_dag.py
[2026-09-04T01:10:34.948+0000] {processor.py:830} INFO - Processing file /opt/airflow/dags/spark_pipeline_dag.py for tasks to queue
[2026-09-04T01:10:34.950+0000] {logging_mixin.py:188} INFO - [2026-09-04T01:10:34.949+0000] {dagbag.py:538} INFO - Filling up the DagBag from /opt/airflow/dags/spark_pipeline_dag.py
[2026-09-04T01:10:34.972+0000] {processor.py:840} INFO - DAG(s) 'air_quality_pipeline' retrieved from /opt/airflow/dags/spark_pipeline_dag.py
[2026-09-04T01:10:34.996+0000] {logging_mixin.py:188} INFO - [2026-09-04T01:10:34.996+0000] {dag.py:3036} INFO - Sync 1 DAGs
[2026-09-04T01:10:35.035+0000] {logging_mixin.py:188} INFO - [2026-09-04T01:10:35.035+0000] {dag.py:3823} INFO - Setting next_dagrun for air_quality_pipeline to 2026-09-04 01:05:00+00:00, run_after=2026-09-04 02:05:00+00:00
[2026-09-04T01:10:35.092+0000] {processor.py:183} INFO - Processing /opt/airflow/dags/spark_pipeline_dag.py took 0.151 seconds
[2026-09-04T01:11:05.523+0000] {processor.py:161} INFO - Started process (PID=54006) to work on /opt/airflow/dags/spark_pipeline_dag.py
[2026-09-04T01:11:05.525+0000] {processor.py:830} INFO - Processing file /opt/airflow/dags/spark_pipeline_dag.py for tasks to queue
[2026-09-04T01:11:05.526+0000] {logging_mixin.py:188} INFO - [2026-09-04T01:11:05.526+0000] {dagbag.py:538} INFO - Filling up the DagBag from /opt/airflow/dags/spark_pipeline_dag.py
[2026-09-04T01:11:05.556+0000] {processor.py:840} INFO - DAG(s) 'air_quality_pipeline' retrieved from /opt/airflow/dags/spark_pipeline_dag.py
[2026-09-04T01:11:05.581+0000] {logging_mixin.py:188} INFO - [2026-09-04T01:11:05.581+0000] {dag.py:3036} INFO - Sync 1 DAGs
[2026-09-04T01:11:05.607+0000] {logging_mixin.py:188} INFO - [2026-09-04T01:11:05.606+0000] {dag.py:3823} INFO - Setting next_dagrun for air_quality_pipeline to 2026-09-04 01:05:00+00:00, run_after=2026-09-04 02:05:00+00:00
[2026-09-04T01:11:05.651+0000] {processor.py:183} INFO - Processing /opt/airflow/dags/spark_pipeline_dag.py took 0.135 seconds
[2026-09-04T01:11:36.057+0000] {processor.py:161} INFO - Started process (PID=54016) to work on /opt/airflow/dags/spark_pipeline_dag.py
[2026-09-04T01:11:36.059+0000] {processor.py:830} INFO - Processing file /opt/airflow/dags/spark_pipeline_dag.py for tasks to queue
[2026-09-04T01:11:36.060+0000] {logging_mixin.py:188} INFO - [2026-09-04T01:11:36.059+0000] {dagbag.py:538} INFO - Filling up the DagBag from /opt/airflow/dags/spark_pipeline_dag.py
[2026-09-04T01:11:36.091+0000] {processor.py:840} INFO - DAG(s) 'air_quality_pipeline' retrieved from /opt/airflow/dags/spark_pipeline_dag.py
[2026-09-04T01:11:36.123+0000] {logging_mixin.py:188} INFO - [2026-09-04T01:11:36.123+0000] {dag.py:3036} INFO - Sync 1 DAGs
[2026-09-04T01:11:36.168+0000] {logging_mixin.py:188} INFO - [2026-09-04T01:11:36.168+0000] {dag.py:3823} INFO - Setting next_dagrun for air_quality_pipeline to 2026-09-04 01:05:00+00:00, run_after=2026-09-04 02:05:00+00:00
[2026-09-04T01:11:36.196+0000] {processor.py:183} INFO - Processing /opt/airflow/dags/spark_pipeline_dag.py took 0.143 seconds
[2026-09-04T01:12:06.626+0000] {processor.py:161} INFO - Started process (PID=54026) to work on /opt/airflow/dags/spark_pipeline_dag.py
[2026-09-04T01:12:06.627+0000] {processor.py:830} INFO - Processing file /opt/airflow/dags/spark_pipeline_dag.py for tasks to queue
[2026-09-04T01:12:06.629+0000] {logging_mixin.py:188} INFO - [2026-09-04T01:12:06.628+0000] {dagbag.py:538} INFO - Filling up the DagBag from /opt/airflow/dags/spark_pipeline_dag.py
[2026-09-04T01:12:06.656+0000] {processor.py:840} INFO - DAG(s) 'air_quality_pipeline' retrieved from /opt/airflow/dags/spark_pipeline_dag.py
[2026-09-04T01:12:06.693+0000] {logging_mixin.py:188} INFO - [2026-09-04T01:12:06.693+0000] {dag.py:3036} INFO - Sync 1 DAGs
[2026-09-04T01:12:06.724+0000] {logging_mixin.py:188} INFO - [2026-09-04T01:12:06.724+0000] {dag.py:3823} INFO - Setting next_dagrun for air_quality_pipeline to 2026-09-04 01:05:00+00:00, run_after=2026-09-04 02:05:00+00:00
[2026-09-04T01:12:06.761+0000] {processor.py:183} INFO - Processing /opt/airflow/dags/spark_pipeline_dag.py took 0.138 seconds
[2026-09-04T01:12:37.162+0000] {processor.py:161} INFO - Started process (PID=54036) to work on /opt/airflow/dags/spark_pipeline_dag.py
[2026-09-04T01:12:37.164+0000] {processor.py:830} INFO - Processing file /opt/airflow/dags/spark_pipeline_dag.py for tasks to queue
[2026-09-04T01:12:37.165+0000] {logging_mixin.py:188} INFO - [2026-09-04T01:12:37.165+0000] {dagbag.py:538} INFO - Filling up the DagBag from /opt/airflow/dags/spark_pipeline_dag.py
[2026-09-04T01:12:37.200+0000] {processor.py:840} INFO - DAG(s) 'air_quality_pipeline' retrieved from /opt/airflow/dags/spark_pipeline_dag.py
[2026-09-04T01:12:37.246+0000] {logging_mixin.py:188} INFO - [2026-09-04T01:12:37.245+0000] {dag.py:3036} INFO - Sync 1 DAGs
[2026-09-04T01:12:37.279+0000] {logging_mixin.py:188} INFO - [2026-09-04T01:12:37.279+0000] {dag.py:3823} INFO - Setting next_dagrun for air_quality_pipeline to 2026-09-04 01:05:00+00:00, run_after=2026-09-04 02:05:00+00:00
[2026-09-04T01:12:37.301+0000] {processor.py:183} INFO - Processing /opt/airflow/dags/spark_pipeline_dag.py took 0.143 seconds
[2026-09-04T01:13:07.691+0000] {processor.py:161} INFO - Started process (PID=54046) to work on /opt/airflow/dags/spark_pipeline_dag.py
[2026-09-04T01:13:07.693+0000] {processor.py:830} INFO - Processing file /opt/airflow/dags/spark_pipeline_dag.py for tasks to queue
[2026-09-04T01:13:07.695+0000] {logging_mixin.py:188} INFO - [2026-09-04T01:13:07.694+0000] {dagbag.py:538} INFO - Filling up the DagBag from /opt/airflow/dags/spark_pipeline_dag.py
[2026-09-04T01:13:07.722+0000] {processor.py:840} INFO - DAG(s) 'air_quality_pipeline' retrieved from /opt/airflow/dags/spark_pipeline_dag.py
[2026-09-04T01:13:07.748+0000] {logging_mixin.py:188} INFO - [2026-09-04T01:13:07.747+0000] {dag.py:3036} INFO - Sync 1 DAGs
[2026-09-04T01:13:07.775+0000] {logging_mixin.py:188} INFO - [2026-09-04T01:13:07.775+0000] {dag.py:3823} INFO - Setting next_dagrun for air_quality_pipeline to 2026-09-04 01:05:00+00:00, run_after=2026-09-04 02:05:00+00:00
[2026-09-04T01:13:07.818+0000] {processor.py:183} INFO - Processing /opt/airflow/dags/spark_pipeline_dag.py took 0.131 seconds
[2026-09-04T01:13:38.159+0000] {processor.py:161} INFO - Started process (PID=54056) to work on /opt/airflow/dags/spark_pipeline_dag.py
[2026-09-04T01:13:38.160+0000] {processor.py:830} INFO - Processing file /opt/airflow/dags/spark_pipeline_dag.py for tasks to queue
[2026-09-04T01:13:38.162+0000] {logging_mixin.py:188} INFO - [2026-09-04T01:13:38.161+0000] {dagbag.py:538} INFO - Filling up the DagBag from /opt/airflow/dags/spark_pipeline_dag.py
[2026-09-04T01:13:38.188+0000] {processor.py:840} INFO - DAG(s) 'air_quality_pipeline' retrieved from /opt/airflow/dags/spark_pipeline_dag.py
[2026-09-04T01:13:38.213+0000] {logging_mixin.py:188} INFO - [2026-09-04T01:13:38.213+0000] {dag.py:3036} INFO - Sync 1 DAGs
[2026-09-04T01:13:38.244+0000] {logging_mixin.py:188} INFO - [2026-09-04T01:13:38.244+0000] {dag.py:3823} INFO - Setting next_dagrun for air_quality_pipeline to 2026-09-04 01:05:00+00:00, run_after=2026-09-04 02:05:00+00:00
[2026-09-04T01:13:38.289+0000] {processor.py:183} INFO - Processing /opt/airflow/dags/spark_pipeline_dag.py took 0.139 seconds
[2026-09-04T01:14:08.699+0000] {processor.py:161} INFO - Started process (PID=54066) to work on /opt/airflow/dags/spark_pipeline_dag.py
[2026-09-04T01:14:08.701+0000] {processor.py:830} INFO - Processing file /opt/airflow/dags/spark_pipeline_dag.py for tasks to queue
[2026-09-04T01:14:08.702+0000] {logging_mixin.py:188} INFO - [2026-09-04T01:14:08.701+0000] {dagbag.py:538} INFO - Filling up the DagBag from /opt/airflow/dags/spark_pipeline_dag.py
[2026-09-04T01:14:08.728+0000] {processor.py:840} INFO - DAG(s) 'air_quality_pipeline' retrieved from /opt/airflow/dags/spark_pipeline_dag.py
[2026-09-04T01:14:08.753+0000] {logging_mixin.py:188} INFO - [2026-09-04T01:14:08.752+0000] {dag.py:3036} INFO - Sync 1 DAGs
[2026-09-04T01:14:08.788+0000] {logging_mixin.py:188} INFO - [2026-09-04T01:14:08.788+0000] {dag.py:3823} INFO - Setting next_dagrun for air_quality_pipeline to 2026-09-04 01:05:00+00:00, run_after=2026-09-04 02:05:00+00:00
[2026-09-04T01:14:08.809+0000] {processor.py:183} INFO - Processing /opt/airflow/dags/spark_pipeline_dag.py took 0.113 seconds
[2026-09-04T01:14:39.293+0000] {processor.py:161} INFO - Started process (PID=54076) to work on /opt/airflow/dags/spark_pipeline_dag.py
[2026-09-04T01:14:39.296+0000] {processor.py:830} INFO - Processing file /opt/airflow/dags/spark_pipeline_dag.py for tasks to queue
[2026-09-04T01:14:39.298+0000] {logging_mixin.py:188} INFO - [2026-09-04T01:14:39.297+0000] {dagbag.py:538} INFO - Filling up the DagBag from /opt/airflow/dags/spark_pipeline_dag.py
[2026-09-04T01:14:39.332+0000] {processor.py:840} INFO - DAG(s) 'air_quality_pipeline' retrieved from /opt/airflow/dags/spark_pipeline_dag.py
[2026-09-04T01:14:39.356+0000] {logging_mixin.py:188} INFO - [2026-09-04T01:14:39.356+0000] {dag.py:3036} INFO - Sync 1 DAGs
[2026-09-04T01:14:39.389+0000] {logging_mixin.py:188} INFO - [2026-09-04T01:14:39.389+0000] {dag.py:3823} INFO - Setting next_dagrun for air_quality_pipeline to 2026-09-04 01:05:00+00:00, run_after=2026-09-04 02:05:00+00:00
[2026-09-04T01:14:39.414+0000] {processor.py:183} INFO - Processing /opt/airflow/dags/spark_pipeline_dag.py took 0.125 seconds
[2026-09-04T01:15:10.008+0000] {processor.py:161} INFO - Started process (PID=54086) to work on /opt/airflow/dags/spark_pipeline_dag.py
[2026-09-04T01:15:10.009+0000] {processor.py:830} INFO - Processing file /opt/airflow/dags/spark_pipeline_dag.py for tasks to queue
[2026-09-04T01:15:10.013+0000] {logging_mixin.py:188} INFO - [2026-09-04T01:15:10.010+0000] {dagbag.py:538} INFO - Filling up the DagBag from /opt/airflow/dags/spark_pipeline_dag.py
[2026-09-04T01:15:10.043+0000] {processor.py:840} INFO - DAG(s) 'air_quality_pipeline' retrieved from /opt/airflow/dags/spark_pipeline_dag.py
[2026-09-04T01:15:10.073+0000] {logging_mixin.py:188} INFO - [2026-09-04T01:15:10.073+0000] {dag.py:3036} INFO - Sync 1 DAGs
[2026-09-04T01:15:10.102+0000] {logging_mixin.py:188} INFO - [2026-09-04T01:15:10.102+0000] {dag.py:3823} INFO - Setting next_dagrun for air_quality_pipeline to 2026-09-04 01:05:00+00:00, run_after=2026-09-04 02:05:00+00:00
[2026-09-04T01:15:10.124+0000] {processor.py:183} INFO - Processing /opt/airflow/dags/spark_pipeline_dag.py took 0.121 seconds
[2026-09-04T01:15:40.454+0000] {processor.py:161} INFO - Started process (PID=54096) to work on /opt/airflow/dags/spark_pipeline_dag.py
[2026-09-04T01:15:40.456+0000] {processor.py:830} INFO - Processing file /opt/airflow/dags/spark_pipeline_dag.py for tasks to queue
[2026-09-04T01:15:40.457+0000] {logging_mixin.py:188} INFO - [2026-09-04T01:15:40.457+0000] {dagbag.py:538} INFO - Filling up the DagBag from /opt/airflow/dags/spark_pipeline_dag.py
[2026-09-04T01:15:40.482+0000] {processor.py:840} INFO - DAG(s) 'air_quality_pipeline' retrieved from /opt/airflow/dags/spark_pipeline_dag.py
[2026-09-04T01:15:40.507+0000] {logging_mixin.py:188} INFO - [2026-09-04T01:15:40.507+0000] {dag.py:3036} INFO - Sync 1 DAGs
[2026-09-04T01:15:40.534+0000] {logging_mixin.py:188} INFO - [2026-09-04T01:15:40.534+0000] {dag.py:3823} INFO - Setting next_dagrun for air_quality_pipeline to 2026-09-04 01:05:00+00:00, run_after=2026-09-04 02:05:00+00:00
[2026-09-04T01:15:40.569+0000] {processor.py:183} INFO - Processing /opt/airflow/dags/spark_pipeline_dag.py took 0.118 seconds
[2026-09-04T09:51:37.980+0000] {processor.py:161} INFO - Started process (PID=54108) to work on /opt/airflow/dags/spark_pipeline_dag.py
[2026-09-04T09:51:38.011+0000] {processor.py:830} INFO - Processing file /opt/airflow/dags/spark_pipeline_dag.py for tasks to queue
[2026-09-04T09:51:38.023+0000] {logging_mixin.py:188} INFO - [2026-09-04T09:51:38.019+0000] {dagbag.py:538} INFO - Filling up the DagBag from /opt/airflow/dags/spark_pipeline_dag.py
[2026-09-04T09:51:38.380+0000] {processor.py:840} INFO - DAG(s) 'air_quality_pipeline' retrieved from /opt/airflow/dags/spark_pipeline_dag.py
[2026-09-04T09:51:38.569+0000] {logging_mixin.py:188} INFO - [2026-09-04T09:51:38.569+0000] {dag.py:3036} INFO - Sync 1 DAGs
[2026-09-04T09:51:38.715+0000] {logging_mixin.py:188} INFO - [2026-09-04T09:51:38.715+0000] {dag.py:3823} INFO - Setting next_dagrun for air_quality_pipeline to 2026-09-04 09:05:00+00:00, run_after=2026-09-04 10:05:00+00:00
[2026-09-04T09:51:38.831+0000] {processor.py:183} INFO - Processing /opt/airflow/dags/spark_pipeline_dag.py took 0.939 seconds
[2026-09-04T13:08:18.206+0000] {processor.py:161} INFO - Started process (PID=54131) to work on /opt/airflow/dags/spark_pipeline_dag.py
[2026-09-04T13:08:18.224+0000] {processor.py:830} INFO - Processing file /opt/airflow/dags/spark_pipeline_dag.py for tasks to queue
[2026-09-04T13:08:18.236+0000] {logging_mixin.py:188} INFO - [2026-09-04T13:08:18.235+0000] {dagbag.py:538} INFO - Filling up the DagBag from /opt/airflow/dags/spark_pipeline_dag.py
[2026-09-04T13:08:18.850+0000] {processor.py:840} INFO - DAG(s) 'air_quality_pipeline' retrieved from /opt/airflow/dags/spark_pipeline_dag.py
[2026-09-04T13:08:18.913+0000] {logging_mixin.py:188} INFO - [2026-09-04T13:08:18.912+0000] {dag.py:3036} INFO - Sync 1 DAGs
[2026-09-04T13:08:18.970+0000] {logging_mixin.py:188} INFO - [2026-09-04T13:08:18.970+0000] {dag.py:3823} INFO - Setting next_dagrun for air_quality_pipeline to 2026-09-04 13:05:00+00:00, run_after=2026-09-04 14:05:00+00:00
[2026-09-04T13:08:19.057+0000] {processor.py:183} INFO - Processing /opt/airflow/dags/spark_pipeline_dag.py took 0.858 seconds
[2026-09-04T13:08:49.747+0000] {processor.py:161} INFO - Started process (PID=54144) to work on /opt/airflow/dags/spark_pipeline_dag.py
[2026-09-04T13:08:49.749+0000] {processor.py:830} INFO - Processing file /opt/airflow/dags/spark_pipeline_dag.py for tasks to queue
[2026-09-04T13:08:49.751+0000] {logging_mixin.py:188} INFO - [2026-09-04T13:08:49.750+0000] {dagbag.py:538} INFO - Filling up the DagBag from /opt/airflow/dags/spark_pipeline_dag.py
[2026-09-04T13:08:49.794+0000] {processor.py:840} INFO - DAG(s) 'air_quality_pipeline' retrieved from /opt/airflow/dags/spark_pipeline_dag.py
[2026-09-04T13:08:49.831+0000] {logging_mixin.py:188} INFO - [2026-09-04T13:08:49.831+0000] {dag.py:3036} INFO - Sync 1 DAGs
[2026-09-04T13:08:49.860+0000] {logging_mixin.py:188} INFO - [2026-09-04T13:08:49.860+0000] {dag.py:3823} INFO - Setting next_dagrun for air_quality_pipeline to 2026-09-04 13:05:00+00:00, run_after=2026-09-04 14:05:00+00:00
[2026-09-04T13:08:49.892+0000] {processor.py:183} INFO - Processing /opt/airflow/dags/spark_pipeline_dag.py took 0.149 seconds
[2026-09-04T13:09:20.172+0000] {processor.py:161} INFO - Started process (PID=54154) to work on /opt/airflow/dags/spark_pipeline_dag.py
[2026-09-04T13:09:20.173+0000] {processor.py:830} INFO - Processing file /opt/airflow/dags/spark_pipeline_dag.py for tasks to queue
[2026-09-04T13:09:20.174+0000] {logging_mixin.py:188} INFO - [2026-09-04T13:09:20.174+0000] {dagbag.py:538} INFO - Filling up the DagBag from /opt/airflow/dags/spark_pipeline_dag.py
[2026-09-04T13:09:20.194+0000] {processor.py:840} INFO - DAG(s) 'air_quality_pipeline' retrieved from /opt/airflow/dags/spark_pipeline_dag.py
[2026-09-04T13:09:20.217+0000] {logging_mixin.py:188} INFO - [2026-09-04T13:09:20.217+0000] {dag.py:3036} INFO - Sync 1 DAGs
[2026-09-04T13:09:20.237+0000] {logging_mixin.py:188} INFO - [2026-09-04T13:09:20.237+0000] {dag.py:3823} INFO - Setting next_dagrun for air_quality_pipeline to 2026-09-04 13:05:00+00:00, run_after=2026-09-04 14:05:00+00:00
[2026-09-04T13:09:20.255+0000] {processor.py:183} INFO - Processing /opt/airflow/dags/spark_pipeline_dag.py took 0.086 seconds
[2026-09-04T13:09:50.519+0000] {processor.py:161} INFO - Started process (PID=54164) to work on /opt/airflow/dags/spark_pipeline_dag.py
[2026-09-04T13:09:50.521+0000] {processor.py:830} INFO - Processing file /opt/airflow/dags/spark_pipeline_dag.py for tasks to queue
[2026-09-04T13:09:50.522+0000] {logging_mixin.py:188} INFO - [2026-09-04T13:09:50.522+0000] {dagbag.py:538} INFO - Filling up the DagBag from /opt/airflow/dags/spark_pipeline_dag.py
[2026-09-04T13:09:50.553+0000] {processor.py:840} INFO - DAG(s) 'air_quality_pipeline' retrieved from /opt/airflow/dags/spark_pipeline_dag.py
[2026-09-04T13:09:50.578+0000] {logging_mixin.py:188} INFO - [2026-09-04T13:09:50.577+0000] {dag.py:3036} INFO - Sync 1 DAGs
[2026-09-04T13:09:50.598+0000] {logging_mixin.py:188} INFO - [2026-09-04T13:09:50.598+0000] {dag.py:3823} INFO - Setting next_dagrun for air_quality_pipeline to 2026-09-04 13:05:00+00:00, run_after=2026-09-04 14:05:00+00:00
[2026-09-04T13:09:50.616+0000] {processor.py:183} INFO - Processing /opt/airflow/dags/spark_pipeline_dag.py took 0.099 seconds
[2026-09-04T13:10:21.051+0000] {processor.py:161} INFO - Started process (PID=54174) to work on /opt/airflow/dags/spark_pipeline_dag.py
[2026-09-04T13:10:21.052+0000] {processor.py:830} INFO - Processing file /opt/airflow/dags/spark_pipeline_dag.py for tasks to queue
[2026-09-04T13:10:21.053+0000] {logging_mixin.py:188} INFO - [2026-09-04T13:10:21.053+0000] {dagbag.py:538} INFO - Filling up the DagBag from /opt/airflow/dags/spark_pipeline_dag.py
[2026-09-04T13:10:21.081+0000] {processor.py:840} INFO - DAG(s) 'air_quality_pipeline' retrieved from /opt/airflow/dags/spark_pipeline_dag.py
[2026-09-04T13:10:21.104+0000] {logging_mixin.py:188} INFO - [2026-09-04T13:10:21.104+0000] {dag.py:3036} INFO - Sync 1 DAGs
[2026-09-04T13:10:21.124+0000] {logging_mixin.py:188} INFO - [2026-09-04T13:10:21.124+0000] {dag.py:3823} INFO - Setting next_dagrun for air_quality_pipeline to 2026-09-04 13:05:00+00:00, run_after=2026-09-04 14:05:00+00:00
[2026-09-04T13:10:21.142+0000] {processor.py:183} INFO - Processing /opt/airflow/dags/spark_pipeline_dag.py took 0.094 seconds
[2026-09-04T13:10:51.500+0000] {processor.py:161} INFO - Started process (PID=54184) to work on /opt/airflow/dags/spark_pipeline_dag.py
[2026-09-04T13:10:51.502+0000] {processor.py:830} INFO - Processing file /opt/airflow/dags/spark_pipeline_dag.py for tasks to queue
[2026-09-04T13:10:51.502+0000] {logging_mixin.py:188} INFO - [2026-09-04T13:10:51.502+0000] {dagbag.py:538} INFO - Filling up the DagBag from /opt/airflow/dags/spark_pipeline_dag.py
[2026-09-04T13:10:51.523+0000] {processor.py:840} INFO - DAG(s) 'air_quality_pipeline' retrieved from /opt/airflow/dags/spark_pipeline_dag.py
[2026-09-04T13:10:51.543+0000] {logging_mixin.py:188} INFO - [2026-09-04T13:10:51.543+0000] {dag.py:3036} INFO - Sync 1 DAGs
[2026-09-04T13:10:51.561+0000] {logging_mixin.py:188} INFO - [2026-09-04T13:10:51.561+0000] {dag.py:3823} INFO - Setting next_dagrun for air_quality_pipeline to 2026-09-04 13:05:00+00:00, run_after=2026-09-04 14:05:00+00:00
[2026-09-04T13:10:51.580+0000] {processor.py:183} INFO - Processing /opt/airflow/dags/spark_pipeline_dag.py took 0.082 seconds
[2026-09-04T13:11:21.956+0000] {processor.py:161} INFO - Started process (PID=54194) to work on /opt/airflow/dags/spark_pipeline_dag.py
[2026-09-04T13:11:21.958+0000] {processor.py:830} INFO - Processing file /opt/airflow/dags/spark_pipeline_dag.py for tasks to queue
[2026-09-04T13:11:21.960+0000] {logging_mixin.py:188} INFO - [2026-09-04T13:11:21.960+0000] {dagbag.py:538} INFO - Filling up the DagBag from /opt/airflow/dags/spark_pipeline_dag.py
[2026-09-04T13:11:21.988+0000] {processor.py:840} INFO - DAG(s) 'air_quality_pipeline' retrieved from /opt/airflow/dags/spark_pipeline_dag.py
[2026-09-04T13:11:22.010+0000] {logging_mixin.py:188} INFO - [2026-09-04T13:11:22.010+0000] {dag.py:3036} INFO - Sync 1 DAGs
[2026-09-04T13:11:22.029+0000] {logging_mixin.py:188} INFO - [2026-09-04T13:11:22.029+0000] {dag.py:3823} INFO - Setting next_dagrun for air_quality_pipeline to 2026-09-04 13:05:00+00:00, run_after=2026-09-04 14:05:00+00:00
[2026-09-04T13:11:22.045+0000] {processor.py:183} INFO - Processing /opt/airflow/dags/spark_pipeline_dag.py took 0.092 seconds
[2026-09-04T13:11:52.536+0000] {processor.py:161} INFO - Started process (PID=54204) to work on /opt/airflow/dags/spark_pipeline_dag.py
[2026-09-04T13:11:52.538+0000] {processor.py:830} INFO - Processing file /opt/airflow/dags/spark_pipeline_dag.py for tasks to queue
[2026-09-04T13:11:52.539+0000] {logging_mixin.py:188} INFO - [2026-09-04T13:11:52.538+0000] {dagbag.py:538} INFO - Filling up the DagBag from /opt/airflow/dags/spark_pipeline_dag.py
[2026-09-04T13:11:52.561+0000] {processor.py:840} INFO - DAG(s) 'air_quality_pipeline' retrieved from /opt/airflow/dags/spark_pipeline_dag.py
[2026-09-04T13:11:52.581+0000] {logging_mixin.py:188} INFO - [2026-09-04T13:11:52.581+0000] {dag.py:3036} INFO - Sync 1 DAGs
[2026-09-04T13:11:52.602+0000] {logging_mixin.py:188} INFO - [2026-09-04T13:11:52.602+0000] {dag.py:3823} INFO - Setting next_dagrun for air_quality_pipeline to 2026-09-04 13:05:00+00:00, run_after=2026-09-04 14:05:00+00:00
[2026-09-04T13:11:52.622+0000] {processor.py:183} INFO - Processing /opt/airflow/dags/spark_pipeline_dag.py took 0.090 seconds
[2026-09-04T13:12:23.006+0000] {processor.py:161} INFO - Started process (PID=54214) to work on /opt/airflow/dags/spark_pipeline_dag.py
[2026-09-04T13:12:23.008+0000] {processor.py:830} INFO - Processing file /opt/airflow/dags/spark_pipeline_dag.py for tasks to queue
[2026-09-04T13:12:23.010+0000] {logging_mixin.py:188} INFO - [2026-09-04T13:12:23.010+0000] {dagbag.py:538} INFO - Filling up the DagBag from /opt/airflow/dags/spark_pipeline_dag.py
[2026-09-04T13:12:23.032+0000] {processor.py:840} INFO - DAG(s) 'air_quality_pipeline' retrieved from /opt/airflow/dags/spark_pipeline_dag.py
[2026-09-04T13:12:23.052+0000] {logging_mixin.py:188} INFO - [2026-09-04T13:12:23.052+0000] {dag.py:3036} INFO - Sync 1 DAGs
[2026-09-04T13:12:23.072+0000] {logging_mixin.py:188} INFO - [2026-09-04T13:12:23.072+0000] {dag.py:3823} INFO - Setting next_dagrun for air_quality_pipeline to 2026-09-04 13:05:00+00:00, run_after=2026-09-04 14:05:00+00:00
[2026-09-04T13:12:23.089+0000] {processor.py:183} INFO - Processing /opt/airflow/dags/spark_pipeline_dag.py took 0.085 seconds
[2026-09-04T13:12:53.440+0000] {processor.py:161} INFO - Started process (PID=54224) to work on /opt/airflow/dags/spark_pipeline_dag.py
[2026-09-04T13:12:53.442+0000] {processor.py:830} INFO - Processing file /opt/airflow/dags/spark_pipeline_dag.py for tasks to queue
[2026-09-04T13:12:53.443+0000] {logging_mixin.py:188} INFO - [2026-09-04T13:12:53.443+0000] {dagbag.py:538} INFO - Filling up the DagBag from /opt/airflow/dags/spark_pipeline_dag.py
[2026-09-04T13:12:53.466+0000] {processor.py:840} INFO - DAG(s) 'air_quality_pipeline' retrieved from /opt/airflow/dags/spark_pipeline_dag.py
[2026-09-04T13:12:53.487+0000] {logging_mixin.py:188} INFO - [2026-09-04T13:12:53.487+0000] {dag.py:3036} INFO - Sync 1 DAGs
[2026-09-04T13:12:53.532+0000] {logging_mixin.py:188} INFO - [2026-09-04T13:12:53.531+0000] {dag.py:3823} INFO - Setting next_dagrun for air_quality_pipeline to 2026-09-04 13:05:00+00:00, run_after=2026-09-04 14:05:00+00:00
[2026-09-04T13:12:53.549+0000] {processor.py:183} INFO - Processing /opt/airflow/dags/spark_pipeline_dag.py took 0.112 seconds
[2026-09-04T13:13:24.218+0000] {processor.py:161} INFO - Started process (PID=54234) to work on /opt/airflow/dags/spark_pipeline_dag.py
[2026-09-04T13:13:24.219+0000] {processor.py:830} INFO - Processing file /opt/airflow/dags/spark_pipeline_dag.py for tasks to queue
[2026-09-04T13:13:24.220+0000] {logging_mixin.py:188} INFO - [2026-09-04T13:13:24.220+0000] {dagbag.py:538} INFO - Filling up the DagBag from /opt/airflow/dags/spark_pipeline_dag.py
[2026-09-04T13:13:24.248+0000] {processor.py:840} INFO - DAG(s) 'air_quality_pipeline' retrieved from /opt/airflow/dags/spark_pipeline_dag.py
[2026-09-04T13:13:24.278+0000] {logging_mixin.py:188} INFO - [2026-09-04T13:13:24.278+0000] {dag.py:3036} INFO - Sync 1 DAGs
[2026-09-04T13:13:24.310+0000] {logging_mixin.py:188} INFO - [2026-09-04T13:13:24.310+0000] {dag.py:3823} INFO - Setting next_dagrun for air_quality_pipeline to 2026-09-04 13:05:00+00:00, run_after=2026-09-04 14:05:00+00:00
[2026-09-04T13:13:24.334+0000] {processor.py:183} INFO - Processing /opt/airflow/dags/spark_pipeline_dag.py took 0.119 seconds
[2026-09-04T13:13:54.768+0000] {processor.py:161} INFO - Started process (PID=54244) to work on /opt/airflow/dags/spark_pipeline_dag.py
[2026-09-04T13:13:54.770+0000] {processor.py:830} INFO - Processing file /opt/airflow/dags/spark_pipeline_dag.py for tasks to queue
[2026-09-04T13:13:54.771+0000] {logging_mixin.py:188} INFO - [2026-09-04T13:13:54.770+0000] {dagbag.py:538} INFO - Filling up the DagBag from /opt/airflow/dags/spark_pipeline_dag.py
[2026-09-04T13:13:54.795+0000] {processor.py:840} INFO - DAG(s) 'air_quality_pipeline' retrieved from /opt/airflow/dags/spark_pipeline_dag.py
[2026-09-04T13:13:54.813+0000] {logging_mixin.py:188} INFO - [2026-09-04T13:13:54.812+0000] {dag.py:3036} INFO - Sync 1 DAGs
[2026-09-04T13:13:54.830+0000] {logging_mixin.py:188} INFO - [2026-09-04T13:13:54.830+0000] {dag.py:3823} INFO - Setting next_dagrun for air_quality_pipeline to 2026-09-04 13:05:00+00:00, run_after=2026-09-04 14:05:00+00:00
[2026-09-04T13:13:54.847+0000] {processor.py:183} INFO - Processing /opt/airflow/dags/spark_pipeline_dag.py took 0.082 seconds
[2026-09-04T13:14:25.242+0000] {processor.py:161} INFO - Started process (PID=54254) to work on /opt/airflow/dags/spark_pipeline_dag.py
[2026-09-04T13:14:25.244+0000] {processor.py:830} INFO - Processing file /opt/airflow/dags/spark_pipeline_dag.py for tasks to queue
[2026-09-04T13:14:25.246+0000] {logging_mixin.py:188} INFO - [2026-09-04T13:14:25.245+0000] {dagbag.py:538} INFO - Filling up the DagBag from /opt/airflow/dags/spark_pipeline_dag.py
[2026-09-04T13:14:25.264+0000] {processor.py:840} INFO - DAG(s) 'air_quality_pipeline' retrieved from /opt/airflow/dags/spark_pipeline_dag.py
[2026-09-04T13:14:25.282+0000] {logging_mixin.py:188} INFO - [2026-09-04T13:14:25.282+0000] {dag.py:3036} INFO - Sync 1 DAGs
[2026-09-04T13:14:25.300+0000] {logging_mixin.py:188} INFO - [2026-09-04T13:14:25.300+0000] {dag.py:3823} INFO - Setting next_dagrun for air_quality_pipeline to 2026-09-04 13:05:00+00:00, run_after=2026-09-04 14:05:00+00:00
[2026-09-04T13:14:25.318+0000] {processor.py:183} INFO - Processing /opt/airflow/dags/spark_pipeline_dag.py took 0.079 seconds
[2026-09-04T13:14:55.744+0000] {processor.py:161} INFO - Started process (PID=54264) to work on /opt/airflow/dags/spark_pipeline_dag.py
[2026-09-04T13:14:55.746+0000] {processor.py:830} INFO - Processing file /opt/airflow/dags/spark_pipeline_dag.py for tasks to queue
[2026-09-04T13:14:55.747+0000] {logging_mixin.py:188} INFO - [2026-09-04T13:14:55.747+0000] {dagbag.py:538} INFO - Filling up the DagBag from /opt/airflow/dags/spark_pipeline_dag.py
[2026-09-04T13:14:55.766+0000] {processor.py:840} INFO - DAG(s) 'air_quality_pipeline' retrieved from /opt/airflow/dags/spark_pipeline_dag.py
[2026-09-04T13:14:55.784+0000] {logging_mixin.py:188} INFO - [2026-09-04T13:14:55.784+0000] {dag.py:3036} INFO - Sync 1 DAGs
[2026-09-04T13:14:55.805+0000] {logging_mixin.py:188} INFO - [2026-09-04T13:14:55.805+0000] {dag.py:3823} INFO - Setting next_dagrun for air_quality_pipeline to 2026-09-04 13:05:00+00:00, run_after=2026-09-04 14:05:00+00:00
[2026-09-04T13:14:55.827+0000] {processor.py:183} INFO - Processing /opt/airflow/dags/spark_pipeline_dag.py took 0.086 seconds
[2026-09-04T13:15:26.283+0000] {processor.py:161} INFO - Started process (PID=54274) to work on /opt/airflow/dags/spark_pipeline_dag.py
[2026-09-04T13:15:26.284+0000] {processor.py:830} INFO - Processing file /opt/airflow/dags/spark_pipeline_dag.py for tasks to queue
[2026-09-04T13:15:26.285+0000] {logging_mixin.py:188} INFO - [2026-09-04T13:15:26.284+0000] {dagbag.py:538} INFO - Filling up the DagBag from /opt/airflow/dags/spark_pipeline_dag.py
[2026-09-04T13:15:26.305+0000] {processor.py:840} INFO - DAG(s) 'air_quality_pipeline' retrieved from /opt/airflow/dags/spark_pipeline_dag.py
[2026-09-04T13:15:26.324+0000] {logging_mixin.py:188} INFO - [2026-09-04T13:15:26.323+0000] {dag.py:3036} INFO - Sync 1 DAGs
[2026-09-04T13:15:26.345+0000] {logging_mixin.py:188} INFO - [2026-09-04T13:15:26.345+0000] {dag.py:3823} INFO - Setting next_dagrun for air_quality_pipeline to 2026-09-04 13:05:00+00:00, run_after=2026-09-04 14:05:00+00:00
[2026-09-04T13:15:26.365+0000] {processor.py:183} INFO - Processing /opt/airflow/dags/spark_pipeline_dag.py took 0.085 seconds
[2026-09-04T13:15:56.720+0000] {processor.py:161} INFO - Started process (PID=54284) to work on /opt/airflow/dags/spark_pipeline_dag.py
[2026-09-04T13:15:56.721+0000] {processor.py:830} INFO - Processing file /opt/airflow/dags/spark_pipeline_dag.py for tasks to queue
[2026-09-04T13:15:56.722+0000] {logging_mixin.py:188} INFO - [2026-09-04T13:15:56.722+0000] {dagbag.py:538} INFO - Filling up the DagBag from /opt/airflow/dags/spark_pipeline_dag.py
[2026-09-04T13:15:56.744+0000] {processor.py:840} INFO - DAG(s) 'air_quality_pipeline' retrieved from /opt/airflow/dags/spark_pipeline_dag.py
[2026-09-04T13:15:56.764+0000] {logging_mixin.py:188} INFO - [2026-09-04T13:15:56.763+0000] {dag.py:3036} INFO - Sync 1 DAGs
[2026-09-04T13:15:56.785+0000] {logging_mixin.py:188} INFO - [2026-09-04T13:15:56.785+0000] {dag.py:3823} INFO - Setting next_dagrun for air_quality_pipeline to 2026-09-04 13:05:00+00:00, run_after=2026-09-04 14:05:00+00:00
[2026-09-04T13:15:56.806+0000] {processor.py:183} INFO - Processing /opt/airflow/dags/spark_pipeline_dag.py took 0.090 seconds
[2026-09-04T13:16:27.209+0000] {processor.py:161} INFO - Started process (PID=54294) to work on /opt/airflow/dags/spark_pipeline_dag.py
[2026-09-04T13:16:27.210+0000] {processor.py:830} INFO - Processing file /opt/airflow/dags/spark_pipeline_dag.py for tasks to queue
[2026-09-04T13:16:27.210+0000] {logging_mixin.py:188} INFO - [2026-09-04T13:16:27.210+0000] {dagbag.py:538} INFO - Filling up the DagBag from /opt/airflow/dags/spark_pipeline_dag.py
[2026-09-04T13:16:27.232+0000] {processor.py:840} INFO - DAG(s) 'air_quality_pipeline' retrieved from /opt/airflow/dags/spark_pipeline_dag.py
[2026-09-04T13:16:27.251+0000] {logging_mixin.py:188} INFO - [2026-09-04T13:16:27.251+0000] {dag.py:3036} INFO - Sync 1 DAGs
[2026-09-04T13:16:27.269+0000] {logging_mixin.py:188} INFO - [2026-09-04T13:16:27.269+0000] {dag.py:3823} INFO - Setting next_dagrun for air_quality_pipeline to 2026-09-04 13:05:00+00:00, run_after=2026-09-04 14:05:00+00:00
[2026-09-04T13:16:27.287+0000] {processor.py:183} INFO - Processing /opt/airflow/dags/spark_pipeline_dag.py took 0.081 seconds
[2026-09-04T13:16:57.680+0000] {processor.py:161} INFO - Started process (PID=54304) to work on /opt/airflow/dags/spark_pipeline_dag.py
[2026-09-04T13:16:57.681+0000] {processor.py:830} INFO - Processing file /opt/airflow/dags/spark_pipeline_dag.py for tasks to queue
[2026-09-04T13:16:57.682+0000] {logging_mixin.py:188} INFO - [2026-09-04T13:16:57.682+0000] {dagbag.py:538} INFO - Filling up the DagBag from /opt/airflow/dags/spark_pipeline_dag.py
[2026-09-04T13:16:57.703+0000] {processor.py:840} INFO - DAG(s) 'air_quality_pipeline' retrieved from /opt/airflow/dags/spark_pipeline_dag.py
[2026-09-04T13:16:57.721+0000] {logging_mixin.py:188} INFO - [2026-09-04T13:16:57.721+0000] {dag.py:3036} INFO - Sync 1 DAGs
[2026-09-04T13:16:57.743+0000] {logging_mixin.py:188} INFO - [2026-09-04T13:16:57.743+0000] {dag.py:3823} INFO - Setting next_dagrun for air_quality_pipeline to 2026-09-04 13:05:00+00:00, run_after=2026-09-04 14:05:00+00:00
[2026-09-04T13:16:57.773+0000] {processor.py:183} INFO - Processing /opt/airflow/dags/spark_pipeline_dag.py took 0.095 seconds
[2026-09-04T13:17:28.102+0000] {processor.py:161} INFO - Started process (PID=54314) to work on /opt/airflow/dags/spark_pipeline_dag.py
[2026-09-04T13:17:28.103+0000] {processor.py:830} INFO - Processing file /opt/airflow/dags/spark_pipeline_dag.py for tasks to queue
[2026-09-04T13:17:28.104+0000] {logging_mixin.py:188} INFO - [2026-09-04T13:17:28.104+0000] {dagbag.py:538} INFO - Filling up the DagBag from /opt/airflow/dags/spark_pipeline_dag.py
[2026-09-04T13:17:28.125+0000] {processor.py:840} INFO - DAG(s) 'air_quality_pipeline' retrieved from /opt/airflow/dags/spark_pipeline_dag.py
[2026-09-04T13:17:28.144+0000] {logging_mixin.py:188} INFO - [2026-09-04T13:17:28.143+0000] {dag.py:3036} INFO - Sync 1 DAGs
[2026-09-04T13:17:28.164+0000] {logging_mixin.py:188} INFO - [2026-09-04T13:17:28.164+0000] {dag.py:3823} INFO - Setting next_dagrun for air_quality_pipeline to 2026-09-04 13:05:00+00:00, run_after=2026-09-04 14:05:00+00:00
[2026-09-04T13:17:28.182+0000] {processor.py:183} INFO - Processing /opt/airflow/dags/spark_pipeline_dag.py took 0.084 seconds
[2026-09-04T13:17:58.542+0000] {processor.py:161} INFO - Started process (PID=54324) to work on /opt/airflow/dags/spark_pipeline_dag.py
[2026-09-04T13:17:58.544+0000] {processor.py:830} INFO - Processing file /opt/airflow/dags/spark_pipeline_dag.py for tasks to queue
[2026-09-04T13:17:58.545+0000] {logging_mixin.py:188} INFO - [2026-09-04T13:17:58.544+0000] {dagbag.py:538} INFO - Filling up the DagBag from /opt/airflow/dags/spark_pipeline_dag.py
[2026-09-04T13:17:58.567+0000] {processor.py:840} INFO - DAG(s) 'air_quality_pipeline' retrieved from /opt/airflow/dags/spark_pipeline_dag.py
[2026-09-04T13:17:58.586+0000] {logging_mixin.py:188} INFO - [2026-09-04T13:17:58.586+0000] {dag.py:3036} INFO - Sync 1 DAGs
[2026-09-04T13:17:58.611+0000] {logging_mixin.py:188} INFO - [2026-09-04T13:17:58.611+0000] {dag.py:3823} INFO - Setting next_dagrun for air_quality_pipeline to 2026-09-04 13:05:00+00:00, run_after=2026-09-04 14:05:00+00:00
[2026-09-04T13:17:58.634+0000] {processor.py:183} INFO - Processing /opt/airflow/dags/spark_pipeline_dag.py took 0.094 seconds
[2026-09-04T13:18:29.042+0000] {processor.py:161} INFO - Started process (PID=54334) to work on /opt/airflow/dags/spark_pipeline_dag.py
[2026-09-04T13:18:29.044+0000] {processor.py:830} INFO - Processing file /opt/airflow/dags/spark_pipeline_dag.py for tasks to queue
[2026-09-04T13:18:29.046+0000] {logging_mixin.py:188} INFO - [2026-09-04T13:18:29.045+0000] {dagbag.py:538} INFO - Filling up the DagBag from /opt/airflow/dags/spark_pipeline_dag.py
[2026-09-04T13:18:29.073+0000] {processor.py:840} INFO - DAG(s) 'air_quality_pipeline' retrieved from /opt/airflow/dags/spark_pipeline_dag.py
[2026-09-04T13:18:29.102+0000] {logging_mixin.py:188} INFO - [2026-09-04T13:18:29.102+0000] {dag.py:3036} INFO - Sync 1 DAGs
[2026-09-04T13:18:29.133+0000] {logging_mixin.py:188} INFO - [2026-09-04T13:18:29.133+0000] {dag.py:3823} INFO - Setting next_dagrun for air_quality_pipeline to 2026-09-04 13:05:00+00:00, run_after=2026-09-04 14:05:00+00:00
[2026-09-04T13:18:29.163+0000] {processor.py:183} INFO - Processing /opt/airflow/dags/spark_pipeline_dag.py took 0.124 seconds
[2026-09-04T13:18:59.691+0000] {processor.py:161} INFO - Started process (PID=54344) to work on /opt/airflow/dags/spark_pipeline_dag.py
[2026-09-04T13:18:59.694+0000] {processor.py:830} INFO - Processing file /opt/airflow/dags/spark_pipeline_dag.py for tasks to queue
[2026-09-04T13:18:59.696+0000] {logging_mixin.py:188} INFO - [2026-09-04T13:18:59.695+0000] {dagbag.py:538} INFO - Filling up the DagBag from /opt/airflow/dags/spark_pipeline_dag.py
[2026-09-04T13:18:59.721+0000] {processor.py:840} INFO - DAG(s) 'air_quality_pipeline' retrieved from /opt/airflow/dags/spark_pipeline_dag.py
[2026-09-04T13:18:59.738+0000] {logging_mixin.py:188} INFO - [2026-09-04T13:18:59.738+0000] {dag.py:3036} INFO - Sync 1 DAGs
[2026-09-04T13:18:59.756+0000] {logging_mixin.py:188} INFO - [2026-09-04T13:18:59.756+0000] {dag.py:3823} INFO - Setting next_dagrun for air_quality_pipeline to 2026-09-04 13:05:00+00:00, run_after=2026-09-04 14:05:00+00:00
[2026-09-04T13:18:59.776+0000] {processor.py:183} INFO - Processing /opt/airflow/dags/spark_pipeline_dag.py took 0.087 seconds
[2026-09-04T13:19:30.301+0000] {processor.py:161} INFO - Started process (PID=54354) to work on /opt/airflow/dags/spark_pipeline_dag.py
[2026-09-04T13:19:30.302+0000] {processor.py:830} INFO - Processing file /opt/airflow/dags/spark_pipeline_dag.py for tasks to queue
[2026-09-04T13:19:30.303+0000] {logging_mixin.py:188} INFO - [2026-09-04T13:19:30.303+0000] {dagbag.py:538} INFO - Filling up the DagBag from /opt/airflow/dags/spark_pipeline_dag.py
[2026-09-04T13:19:30.325+0000] {processor.py:840} INFO - DAG(s) 'air_quality_pipeline' retrieved from /opt/airflow/dags/spark_pipeline_dag.py
[2026-09-04T13:19:30.349+0000] {logging_mixin.py:188} INFO - [2026-09-04T13:19:30.349+0000] {dag.py:3036} INFO - Sync 1 DAGs
[2026-09-04T13:19:30.370+0000] {logging_mixin.py:188} INFO - [2026-09-04T13:19:30.370+0000] {dag.py:3823} INFO - Setting next_dagrun for air_quality_pipeline to 2026-09-04 13:05:00+00:00, run_after=2026-09-04 14:05:00+00:00
[2026-09-04T13:19:30.388+0000] {processor.py:183} INFO - Processing /opt/airflow/dags/spark_pipeline_dag.py took 0.090 seconds
[2026-09-04T13:20:00.927+0000] {processor.py:161} INFO - Started process (PID=54364) to work on /opt/airflow/dags/spark_pipeline_dag.py
[2026-09-04T13:20:00.929+0000] {processor.py:830} INFO - Processing file /opt/airflow/dags/spark_pipeline_dag.py for tasks to queue
[2026-09-04T13:20:00.929+0000] {logging_mixin.py:188} INFO - [2026-09-04T13:20:00.929+0000] {dagbag.py:538} INFO - Filling up the DagBag from /opt/airflow/dags/spark_pipeline_dag.py
[2026-09-04T13:20:00.947+0000] {processor.py:840} INFO - DAG(s) 'air_quality_pipeline' retrieved from /opt/airflow/dags/spark_pipeline_dag.py
[2026-09-04T13:20:00.966+0000] {logging_mixin.py:188} INFO - [2026-09-04T13:20:00.966+0000] {dag.py:3036} INFO - Sync 1 DAGs
[2026-09-04T13:20:00.984+0000] {logging_mixin.py:188} INFO - [2026-09-04T13:20:00.983+0000] {dag.py:3823} INFO - Setting next_dagrun for air_quality_pipeline to 2026-09-04 13:05:00+00:00, run_after=2026-09-04 14:05:00+00:00
[2026-09-04T13:20:01.001+0000] {processor.py:183} INFO - Processing /opt/airflow/dags/spark_pipeline_dag.py took 0.076 seconds
[2026-09-04T13:20:31.446+0000] {processor.py:161} INFO - Started process (PID=54374) to work on /opt/airflow/dags/spark_pipeline_dag.py
[2026-09-04T13:20:31.448+0000] {processor.py:830} INFO - Processing file /opt/airflow/dags/spark_pipeline_dag.py for tasks to queue
[2026-09-04T13:20:31.449+0000] {logging_mixin.py:188} INFO - [2026-09-04T13:20:31.449+0000] {dagbag.py:538} INFO - Filling up the DagBag from /opt/airflow/dags/spark_pipeline_dag.py
[2026-09-04T13:20:31.474+0000] {processor.py:840} INFO - DAG(s) 'air_quality_pipeline' retrieved from /opt/airflow/dags/spark_pipeline_dag.py
[2026-09-04T13:20:31.494+0000] {logging_mixin.py:188} INFO - [2026-09-04T13:20:31.494+0000] {dag.py:3036} INFO - Sync 1 DAGs
[2026-09-04T13:20:31.517+0000] {logging_mixin.py:188} INFO - [2026-09-04T13:20:31.517+0000] {dag.py:3823} INFO - Setting next_dagrun for air_quality_pipeline to 2026-09-04 13:05:00+00:00, run_after=2026-09-04 14:05:00+00:00
[2026-09-04T13:20:31.539+0000] {processor.py:183} INFO - Processing /opt/airflow/dags/spark_pipeline_dag.py took 0.095 seconds
[2026-09-04T13:21:01.900+0000] {processor.py:161} INFO - Started process (PID=54384) to work on /opt/airflow/dags/spark_pipeline_dag.py
[2026-09-04T13:21:01.901+0000] {processor.py:830} INFO - Processing file /opt/airflow/dags/spark_pipeline_dag.py for tasks to queue
[2026-09-04T13:21:01.902+0000] {logging_mixin.py:188} INFO - [2026-09-04T13:21:01.902+0000] {dagbag.py:538} INFO - Filling up the DagBag from /opt/airflow/dags/spark_pipeline_dag.py
[2026-09-04T13:21:01.919+0000] {processor.py:840} INFO - DAG(s) 'air_quality_pipeline' retrieved from /opt/airflow/dags/spark_pipeline_dag.py
[2026-09-04T13:21:01.936+0000] {logging_mixin.py:188} INFO - [2026-09-04T13:21:01.936+0000] {dag.py:3036} INFO - Sync 1 DAGs
[2026-09-04T13:21:01.955+0000] {logging_mixin.py:188} INFO - [2026-09-04T13:21:01.955+0000] {dag.py:3823} INFO - Setting next_dagrun for air_quality_pipeline to 2026-09-04 13:05:00+00:00, run_after=2026-09-04 14:05:00+00:00
[2026-09-04T13:21:01.975+0000] {processor.py:183} INFO - Processing /opt/airflow/dags/spark_pipeline_dag.py took 0.078 seconds
[2026-09-04T13:21:32.386+0000] {processor.py:161} INFO - Started process (PID=54394) to work on /opt/airflow/dags/spark_pipeline_dag.py
[2026-09-04T13:21:32.387+0000] {processor.py:830} INFO - Processing file /opt/airflow/dags/spark_pipeline_dag.py for tasks to queue
[2026-09-04T13:21:32.388+0000] {logging_mixin.py:188} INFO - [2026-09-04T13:21:32.388+0000] {dagbag.py:538} INFO - Filling up the DagBag from /opt/airflow/dags/spark_pipeline_dag.py
[2026-09-04T13:21:32.410+0000] {processor.py:840} INFO - DAG(s) 'air_quality_pipeline' retrieved from /opt/airflow/dags/spark_pipeline_dag.py
[2026-09-04T13:21:32.430+0000] {logging_mixin.py:188} INFO - [2026-09-04T13:21:32.430+0000] {dag.py:3036} INFO - Sync 1 DAGs
[2026-09-04T13:21:32.450+0000] {logging_mixin.py:188} INFO - [2026-09-04T13:21:32.450+0000] {dag.py:3823} INFO - Setting next_dagrun for air_quality_pipeline to 2026-09-04 13:05:00+00:00, run_after=2026-09-04 14:05:00+00:00
[2026-09-04T13:21:32.469+0000] {processor.py:183} INFO - Processing /opt/airflow/dags/spark_pipeline_dag.py took 0.086 seconds
[2026-09-04T13:22:02.972+0000] {processor.py:161} INFO - Started process (PID=54404) to work on /opt/airflow/dags/spark_pipeline_dag.py
[2026-09-04T13:22:02.974+0000] {processor.py:830} INFO - Processing file /opt/airflow/dags/spark_pipeline_dag.py for tasks to queue
[2026-09-04T13:22:02.975+0000] {logging_mixin.py:188} INFO - [2026-09-04T13:22:02.975+0000] {dagbag.py:538} INFO - Filling up the DagBag from /opt/airflow/dags/spark_pipeline_dag.py
[2026-09-04T13:22:03.002+0000] {processor.py:840} INFO - DAG(s) 'air_quality_pipeline' retrieved from /opt/airflow/dags/spark_pipeline_dag.py
[2026-09-04T13:22:03.023+0000] {logging_mixin.py:188} INFO - [2026-09-04T13:22:03.022+0000] {dag.py:3036} INFO - Sync 1 DAGs
[2026-09-04T13:22:03.044+0000] {logging_mixin.py:188} INFO - [2026-09-04T13:22:03.043+0000] {dag.py:3823} INFO - Setting next_dagrun for air_quality_pipeline to 2026-09-04 13:05:00+00:00, run_after=2026-09-04 14:05:00+00:00
[2026-09-04T13:22:03.064+0000] {processor.py:183} INFO - Processing /opt/airflow/dags/spark_pipeline_dag.py took 0.095 seconds
[2026-09-04T13:22:33.521+0000] {processor.py:161} INFO - Started process (PID=54414) to work on /opt/airflow/dags/spark_pipeline_dag.py
[2026-09-04T13:22:33.522+0000] {processor.py:830} INFO - Processing file /opt/airflow/dags/spark_pipeline_dag.py for tasks to queue
[2026-09-04T13:22:33.524+0000] {logging_mixin.py:188} INFO - [2026-09-04T13:22:33.524+0000] {dagbag.py:538} INFO - Filling up the DagBag from /opt/airflow/dags/spark_pipeline_dag.py
[2026-09-04T13:22:33.560+0000] {processor.py:840} INFO - DAG(s) 'air_quality_pipeline' retrieved from /opt/airflow/dags/spark_pipeline_dag.py
[2026-09-04T13:22:33.587+0000] {logging_mixin.py:188} INFO - [2026-09-04T13:22:33.587+0000] {dag.py:3036} INFO - Sync 1 DAGs
[2026-09-04T13:22:33.617+0000] {logging_mixin.py:188} INFO - [2026-09-04T13:22:33.615+0000] {dag.py:3823} INFO - Setting next_dagrun for air_quality_pipeline to 2026-09-04 13:05:00+00:00, run_after=2026-09-04 14:05:00+00:00
[2026-09-04T13:22:33.645+0000] {processor.py:183} INFO - Processing /opt/airflow/dags/spark_pipeline_dag.py took 0.128 seconds
[2026-09-04T13:23:03.979+0000] {processor.py:161} INFO - Started process (PID=54424) to work on /opt/airflow/dags/spark_pipeline_dag.py
[2026-09-04T13:23:03.980+0000] {processor.py:830} INFO - Processing file /opt/airflow/dags/spark_pipeline_dag.py for tasks to queue
[2026-09-04T13:23:03.981+0000] {logging_mixin.py:188} INFO - [2026-09-04T13:23:03.981+0000] {dagbag.py:538} INFO - Filling up the DagBag from /opt/airflow/dags/spark_pipeline_dag.py
[2026-09-04T13:23:04.004+0000] {processor.py:840} INFO - DAG(s) 'air_quality_pipeline' retrieved from /opt/airflow/dags/spark_pipeline_dag.py
[2026-09-04T13:23:04.024+0000] {logging_mixin.py:188} INFO - [2026-09-04T13:23:04.024+0000] {dag.py:3036} INFO - Sync 1 DAGs
[2026-09-04T13:23:04.047+0000] {logging_mixin.py:188} INFO - [2026-09-04T13:23:04.047+0000] {dag.py:3823} INFO - Setting next_dagrun for air_quality_pipeline to 2026-09-04 13:05:00+00:00, run_after=2026-09-04 14:05:00+00:00
[2026-09-04T13:23:04.069+0000] {processor.py:183} INFO - Processing /opt/airflow/dags/spark_pipeline_dag.py took 0.092 seconds
[2026-09-04T13:23:34.459+0000] {processor.py:161} INFO - Started process (PID=54434) to work on /opt/airflow/dags/spark_pipeline_dag.py
[2026-09-04T13:23:34.461+0000] {processor.py:830} INFO - Processing file /opt/airflow/dags/spark_pipeline_dag.py for tasks to queue
[2026-09-04T13:23:34.462+0000] {logging_mixin.py:188} INFO - [2026-09-04T13:23:34.461+0000] {dagbag.py:538} INFO - Filling up the DagBag from /opt/airflow/dags/spark_pipeline_dag.py
[2026-09-04T13:23:34.483+0000] {processor.py:840} INFO - DAG(s) 'air_quality_pipeline' retrieved from /opt/airflow/dags/spark_pipeline_dag.py
[2026-09-04T13:23:34.504+0000] {logging_mixin.py:188} INFO - [2026-09-04T13:23:34.504+0000] {dag.py:3036} INFO - Sync 1 DAGs
[2026-09-04T13:23:34.527+0000] {logging_mixin.py:188} INFO - [2026-09-04T13:23:34.527+0000] {dag.py:3823} INFO - Setting next_dagrun for air_quality_pipeline to 2026-09-04 13:05:00+00:00, run_after=2026-09-04 14:05:00+00:00
[2026-09-04T13:23:34.548+0000] {processor.py:183} INFO - Processing /opt/airflow/dags/spark_pipeline_dag.py took 0.092 seconds
[2026-09-04T13:24:04.991+0000] {processor.py:161} INFO - Started process (PID=54444) to work on /opt/airflow/dags/spark_pipeline_dag.py
[2026-09-04T13:24:04.993+0000] {processor.py:830} INFO - Processing file /opt/airflow/dags/spark_pipeline_dag.py for tasks to queue
[2026-09-04T13:24:04.994+0000] {logging_mixin.py:188} INFO - [2026-09-04T13:24:04.993+0000] {dagbag.py:538} INFO - Filling up the DagBag from /opt/airflow/dags/spark_pipeline_dag.py
[2026-09-04T13:24:05.015+0000] {processor.py:840} INFO - DAG(s) 'air_quality_pipeline' retrieved from /opt/airflow/dags/spark_pipeline_dag.py
[2026-09-04T13:24:05.041+0000] {logging_mixin.py:188} INFO - [2026-09-04T13:24:05.040+0000] {dag.py:3036} INFO - Sync 1 DAGs
[2026-09-04T13:24:05.065+0000] {logging_mixin.py:188} INFO - [2026-09-04T13:24:05.064+0000] {dag.py:3823} INFO - Setting next_dagrun for air_quality_pipeline to 2026-09-04 13:05:00+00:00, run_after=2026-09-04 14:05:00+00:00
[2026-09-04T13:24:05.082+0000] {processor.py:183} INFO - Processing /opt/airflow/dags/spark_pipeline_dag.py took 0.094 seconds
[2026-09-04T13:24:35.443+0000] {processor.py:161} INFO - Started process (PID=54454) to work on /opt/airflow/dags/spark_pipeline_dag.py
[2026-09-04T13:24:35.444+0000] {processor.py:830} INFO - Processing file /opt/airflow/dags/spark_pipeline_dag.py for tasks to queue
[2026-09-04T13:24:35.446+0000] {logging_mixin.py:188} INFO - [2026-09-04T13:24:35.445+0000] {dagbag.py:538} INFO - Filling up the DagBag from /opt/airflow/dags/spark_pipeline_dag.py
[2026-09-04T13:24:35.480+0000] {processor.py:840} INFO - DAG(s) 'air_quality_pipeline' retrieved from /opt/airflow/dags/spark_pipeline_dag.py
[2026-09-04T13:24:35.501+0000] {logging_mixin.py:188} INFO - [2026-09-04T13:24:35.501+0000] {dag.py:3036} INFO - Sync 1 DAGs
[2026-09-04T13:24:35.524+0000] {logging_mixin.py:188} INFO - [2026-09-04T13:24:35.524+0000] {dag.py:3823} INFO - Setting next_dagrun for air_quality_pipeline to 2026-09-04 13:05:00+00:00, run_after=2026-09-04 14:05:00+00:00
[2026-09-04T13:24:35.546+0000] {processor.py:183} INFO - Processing /opt/airflow/dags/spark_pipeline_dag.py took 0.107 seconds
[2026-09-04T13:25:05.992+0000] {processor.py:161} INFO - Started process (PID=54464) to work on /opt/airflow/dags/spark_pipeline_dag.py
[2026-09-04T13:25:05.993+0000] {processor.py:830} INFO - Processing file /opt/airflow/dags/spark_pipeline_dag.py for tasks to queue
[2026-09-04T13:25:05.994+0000] {logging_mixin.py:188} INFO - [2026-09-04T13:25:05.994+0000] {dagbag.py:538} INFO - Filling up the DagBag from /opt/airflow/dags/spark_pipeline_dag.py
[2026-09-04T13:25:06.015+0000] {processor.py:840} INFO - DAG(s) 'air_quality_pipeline' retrieved from /opt/airflow/dags/spark_pipeline_dag.py
[2026-09-04T13:25:06.033+0000] {logging_mixin.py:188} INFO - [2026-09-04T13:25:06.033+0000] {dag.py:3036} INFO - Sync 1 DAGs
[2026-09-04T13:25:06.053+0000] {logging_mixin.py:188} INFO - [2026-09-04T13:25:06.053+0000] {dag.py:3823} INFO - Setting next_dagrun for air_quality_pipeline to 2026-09-04 13:05:00+00:00, run_after=2026-09-04 14:05:00+00:00
[2026-09-04T13:25:06.072+0000] {processor.py:183} INFO - Processing /opt/airflow/dags/spark_pipeline_dag.py took 0.083 seconds
[2026-09-04T13:25:36.483+0000] {processor.py:161} INFO - Started process (PID=54474) to work on /opt/airflow/dags/spark_pipeline_dag.py
[2026-09-04T13:25:36.484+0000] {processor.py:830} INFO - Processing file /opt/airflow/dags/spark_pipeline_dag.py for tasks to queue
[2026-09-04T13:25:36.485+0000] {logging_mixin.py:188} INFO - [2026-09-04T13:25:36.485+0000] {dagbag.py:538} INFO - Filling up the DagBag from /opt/airflow/dags/spark_pipeline_dag.py
[2026-09-04T13:25:36.505+0000] {processor.py:840} INFO - DAG(s) 'air_quality_pipeline' retrieved from /opt/airflow/dags/spark_pipeline_dag.py
[2026-09-04T13:25:36.526+0000] {logging_mixin.py:188} INFO - [2026-09-04T13:25:36.526+0000] {dag.py:3036} INFO - Sync 1 DAGs
[2026-09-04T13:25:36.546+0000] {logging_mixin.py:188} INFO - [2026-09-04T13:25:36.545+0000] {dag.py:3823} INFO - Setting next_dagrun for air_quality_pipeline to 2026-09-04 13:05:00+00:00, run_after=2026-09-04 14:05:00+00:00
[2026-09-04T13:25:36.562+0000] {processor.py:183} INFO - Processing /opt/airflow/dags/spark_pipeline_dag.py took 0.082 seconds
[2026-09-04T13:26:07.042+0000] {processor.py:161} INFO - Started process (PID=54484) to work on /opt/airflow/dags/spark_pipeline_dag.py
[2026-09-04T13:26:07.044+0000] {processor.py:830} INFO - Processing file /opt/airflow/dags/spark_pipeline_dag.py for tasks to queue
[2026-09-04T13:26:07.045+0000] {logging_mixin.py:188} INFO - [2026-09-04T13:26:07.045+0000] {dagbag.py:538} INFO - Filling up the DagBag from /opt/airflow/dags/spark_pipeline_dag.py
[2026-09-04T13:26:07.076+0000] {processor.py:840} INFO - DAG(s) 'air_quality_pipeline' retrieved from /opt/airflow/dags/spark_pipeline_dag.py
[2026-09-04T13:26:07.097+0000] {logging_mixin.py:188} INFO - [2026-09-04T13:26:07.097+0000] {dag.py:3036} INFO - Sync 1 DAGs
[2026-09-04T13:26:07.118+0000] {logging_mixin.py:188} INFO - [2026-09-04T13:26:07.117+0000] {dag.py:3823} INFO - Setting next_dagrun for air_quality_pipeline to 2026-09-04 13:05:00+00:00, run_after=2026-09-04 14:05:00+00:00
[2026-09-04T13:26:07.138+0000] {processor.py:183} INFO - Processing /opt/airflow/dags/spark_pipeline_dag.py took 0.099 seconds
[2026-09-04T13:26:37.517+0000] {processor.py:161} INFO - Started process (PID=54494) to work on /opt/airflow/dags/spark_pipeline_dag.py
[2026-09-04T13:26:37.518+0000] {processor.py:830} INFO - Processing file /opt/airflow/dags/spark_pipeline_dag.py for tasks to queue
[2026-09-04T13:26:37.519+0000] {logging_mixin.py:188} INFO - [2026-09-04T13:26:37.519+0000] {dagbag.py:538} INFO - Filling up the DagBag from /opt/airflow/dags/spark_pipeline_dag.py
[2026-09-04T13:26:37.536+0000] {processor.py:840} INFO - DAG(s) 'air_quality_pipeline' retrieved from /opt/airflow/dags/spark_pipeline_dag.py
[2026-09-04T13:26:37.553+0000] {logging_mixin.py:188} INFO - [2026-09-04T13:26:37.553+0000] {dag.py:3036} INFO - Sync 1 DAGs
[2026-09-04T13:26:37.569+0000] {logging_mixin.py:188} INFO - [2026-09-04T13:26:37.569+0000] {dag.py:3823} INFO - Setting next_dagrun for air_quality_pipeline to 2026-09-04 13:05:00+00:00, run_after=2026-09-04 14:05:00+00:00
[2026-09-04T13:26:37.587+0000] {processor.py:183} INFO - Processing /opt/airflow/dags/spark_pipeline_dag.py took 0.073 seconds
[2026-09-04T13:27:08.126+0000] {processor.py:161} INFO - Started process (PID=54504) to work on /opt/airflow/dags/spark_pipeline_dag.py
[2026-09-04T13:27:08.128+0000] {processor.py:830} INFO - Processing file /opt/airflow/dags/spark_pipeline_dag.py for tasks to queue
[2026-09-04T13:27:08.128+0000] {logging_mixin.py:188} INFO - [2026-09-04T13:27:08.128+0000] {dagbag.py:538} INFO - Filling up the DagBag from /opt/airflow/dags/spark_pipeline_dag.py
[2026-09-04T13:27:08.149+0000] {processor.py:840} INFO - DAG(s) 'air_quality_pipeline' retrieved from /opt/airflow/dags/spark_pipeline_dag.py
[2026-09-04T13:27:08.167+0000] {logging_mixin.py:188} INFO - [2026-09-04T13:27:08.167+0000] {dag.py:3036} INFO - Sync 1 DAGs
[2026-09-04T13:27:08.188+0000] {logging_mixin.py:188} INFO - [2026-09-04T13:27:08.188+0000] {dag.py:3823} INFO - Setting next_dagrun for air_quality_pipeline to 2026-09-04 13:05:00+00:00, run_after=2026-09-04 14:05:00+00:00
[2026-09-04T13:27:08.210+0000] {processor.py:183} INFO - Processing /opt/airflow/dags/spark_pipeline_dag.py took 0.086 seconds
[2026-09-04T13:27:38.695+0000] {processor.py:161} INFO - Started process (PID=54514) to work on /opt/airflow/dags/spark_pipeline_dag.py
[2026-09-04T13:27:38.696+0000] {processor.py:830} INFO - Processing file /opt/airflow/dags/spark_pipeline_dag.py for tasks to queue
[2026-09-04T13:27:38.698+0000] {logging_mixin.py:188} INFO - [2026-09-04T13:27:38.697+0000] {dagbag.py:538} INFO - Filling up the DagBag from /opt/airflow/dags/spark_pipeline_dag.py
[2026-09-04T13:27:38.718+0000] {processor.py:840} INFO - DAG(s) 'air_quality_pipeline' retrieved from /opt/airflow/dags/spark_pipeline_dag.py
[2026-09-04T13:27:38.738+0000] {logging_mixin.py:188} INFO - [2026-09-04T13:27:38.737+0000] {dag.py:3036} INFO - Sync 1 DAGs
[2026-09-04T13:27:38.757+0000] {logging_mixin.py:188} INFO - [2026-09-04T13:27:38.757+0000] {dag.py:3823} INFO - Setting next_dagrun for air_quality_pipeline to 2026-09-04 13:05:00+00:00, run_after=2026-09-04 14:05:00+00:00
[2026-09-04T13:27:38.776+0000] {processor.py:183} INFO - Processing /opt/airflow/dags/spark_pipeline_dag.py took 0.084 seconds
[2026-09-04T13:28:09.173+0000] {processor.py:161} INFO - Started process (PID=54524) to work on /opt/airflow/dags/spark_pipeline_dag.py
[2026-09-04T13:28:09.174+0000] {processor.py:830} INFO - Processing file /opt/airflow/dags/spark_pipeline_dag.py for tasks to queue
[2026-09-04T13:28:09.175+0000] {logging_mixin.py:188} INFO - [2026-09-04T13:28:09.175+0000] {dagbag.py:538} INFO - Filling up the DagBag from /opt/airflow/dags/spark_pipeline_dag.py
[2026-09-04T13:28:09.194+0000] {processor.py:840} INFO - DAG(s) 'air_quality_pipeline' retrieved from /opt/airflow/dags/spark_pipeline_dag.py
[2026-09-04T13:28:09.214+0000] {logging_mixin.py:188} INFO - [2026-09-04T13:28:09.214+0000] {dag.py:3036} INFO - Sync 1 DAGs
[2026-09-04T13:28:09.234+0000] {logging_mixin.py:188} INFO - [2026-09-04T13:28:09.234+0000] {dag.py:3823} INFO - Setting next_dagrun for air_quality_pipeline to 2026-09-04 13:05:00+00:00, run_after=2026-09-04 14:05:00+00:00
[2026-09-04T13:28:09.252+0000] {processor.py:183} INFO - Processing /opt/airflow/dags/spark_pipeline_dag.py took 0.081 seconds
[2026-09-04T13:28:39.666+0000] {processor.py:161} INFO - Started process (PID=54534) to work on /opt/airflow/dags/spark_pipeline_dag.py
[2026-09-04T13:28:39.667+0000] {processor.py:830} INFO - Processing file /opt/airflow/dags/spark_pipeline_dag.py for tasks to queue
[2026-09-04T13:28:39.668+0000] {logging_mixin.py:188} INFO - [2026-09-04T13:28:39.668+0000] {dagbag.py:538} INFO - Filling up the DagBag from /opt/airflow/dags/spark_pipeline_dag.py
[2026-09-04T13:28:39.690+0000] {processor.py:840} INFO - DAG(s) 'air_quality_pipeline' retrieved from /opt/airflow/dags/spark_pipeline_dag.py
[2026-09-04T13:28:39.711+0000] {logging_mixin.py:188} INFO - [2026-09-04T13:28:39.711+0000] {dag.py:3036} INFO - Sync 1 DAGs
[2026-09-04T13:28:39.735+0000] {logging_mixin.py:188} INFO - [2026-09-04T13:28:39.734+0000] {dag.py:3823} INFO - Setting next_dagrun for air_quality_pipeline to 2026-09-04 13:05:00+00:00, run_after=2026-09-04 14:05:00+00:00
[2026-09-04T13:28:39.760+0000] {processor.py:183} INFO - Processing /opt/airflow/dags/spark_pipeline_dag.py took 0.096 seconds
[2026-09-04T13:29:10.231+0000] {processor.py:161} INFO - Started process (PID=54544) to work on /opt/airflow/dags/spark_pipeline_dag.py
[2026-09-04T13:29:10.234+0000] {processor.py:830} INFO - Processing file /opt/airflow/dags/spark_pipeline_dag.py for tasks to queue
[2026-09-04T13:29:10.235+0000] {logging_mixin.py:188} INFO - [2026-09-04T13:29:10.235+0000] {dagbag.py:538} INFO - Filling up the DagBag from /opt/airflow/dags/spark_pipeline_dag.py
[2026-09-04T13:29:10.253+0000] {processor.py:840} INFO - DAG(s) 'air_quality_pipeline' retrieved from /opt/airflow/dags/spark_pipeline_dag.py
[2026-09-04T13:29:10.271+0000] {logging_mixin.py:188} INFO - [2026-09-04T13:29:10.271+0000] {dag.py:3036} INFO - Sync 1 DAGs
[2026-09-04T13:29:10.290+0000] {logging_mixin.py:188} INFO - [2026-09-04T13:29:10.290+0000] {dag.py:3823} INFO - Setting next_dagrun for air_quality_pipeline to 2026-09-04 13:05:00+00:00, run_after=2026-09-04 14:05:00+00:00
[2026-09-04T13:29:10.309+0000] {processor.py:183} INFO - Processing /opt/airflow/dags/spark_pipeline_dag.py took 0.080 seconds
[2026-09-04T13:29:40.688+0000] {processor.py:161} INFO - Started process (PID=54554) to work on /opt/airflow/dags/spark_pipeline_dag.py
[2026-09-04T13:29:40.689+0000] {processor.py:830} INFO - Processing file /opt/airflow/dags/spark_pipeline_dag.py for tasks to queue
[2026-09-04T13:29:40.690+0000] {logging_mixin.py:188} INFO - [2026-09-04T13:29:40.690+0000] {dagbag.py:538} INFO - Filling up the DagBag from /opt/airflow/dags/spark_pipeline_dag.py
[2026-09-04T13:29:40.711+0000] {processor.py:840} INFO - DAG(s) 'air_quality_pipeline' retrieved from /opt/airflow/dags/spark_pipeline_dag.py
[2026-09-04T13:29:40.730+0000] {logging_mixin.py:188} INFO - [2026-09-04T13:29:40.730+0000] {dag.py:3036} INFO - Sync 1 DAGs
[2026-09-04T13:29:40.750+0000] {logging_mixin.py:188} INFO - [2026-09-04T13:29:40.750+0000] {dag.py:3823} INFO - Setting next_dagrun for air_quality_pipeline to 2026-09-04 13:05:00+00:00, run_after=2026-09-04 14:05:00+00:00
[2026-09-04T13:29:40.772+0000] {processor.py:183} INFO - Processing /opt/airflow/dags/spark_pipeline_dag.py took 0.086 seconds
[2026-09-04T13:30:11.109+0000] {processor.py:161} INFO - Started process (PID=54564) to work on /opt/airflow/dags/spark_pipeline_dag.py
[2026-09-04T13:30:11.110+0000] {processor.py:830} INFO - Processing file /opt/airflow/dags/spark_pipeline_dag.py for tasks to queue
[2026-09-04T13:30:11.111+0000] {logging_mixin.py:188} INFO - [2026-09-04T13:30:11.111+0000] {dagbag.py:538} INFO - Filling up the DagBag from /opt/airflow/dags/spark_pipeline_dag.py
[2026-09-04T13:30:11.129+0000] {processor.py:840} INFO - DAG(s) 'air_quality_pipeline' retrieved from /opt/airflow/dags/spark_pipeline_dag.py
[2026-09-04T13:30:11.146+0000] {logging_mixin.py:188} INFO - [2026-09-04T13:30:11.146+0000] {dag.py:3036} INFO - Sync 1 DAGs
[2026-09-04T13:30:11.165+0000] {logging_mixin.py:188} INFO - [2026-09-04T13:30:11.164+0000] {dag.py:3823} INFO - Setting next_dagrun for air_quality_pipeline to 2026-09-04 13:05:00+00:00, run_after=2026-09-04 14:05:00+00:00
[2026-09-04T13:30:11.183+0000] {processor.py:183} INFO - Processing /opt/airflow/dags/spark_pipeline_dag.py took 0.077 seconds
[2026-09-04T13:30:41.524+0000] {processor.py:161} INFO - Started process (PID=54574) to work on /opt/airflow/dags/spark_pipeline_dag.py
[2026-09-04T13:30:41.526+0000] {processor.py:830} INFO - Processing file /opt/airflow/dags/spark_pipeline_dag.py for tasks to queue
[2026-09-04T13:30:41.528+0000] {logging_mixin.py:188} INFO - [2026-09-04T13:30:41.528+0000] {dagbag.py:538} INFO - Filling up the DagBag from /opt/airflow/dags/spark_pipeline_dag.py
[2026-09-04T13:30:41.545+0000] {processor.py:840} INFO - DAG(s) 'air_quality_pipeline' retrieved from /opt/airflow/dags/spark_pipeline_dag.py
[2026-09-04T13:30:41.564+0000] {logging_mixin.py:188} INFO - [2026-09-04T13:30:41.564+0000] {dag.py:3036} INFO - Sync 1 DAGs
[2026-09-04T13:30:41.584+0000] {logging_mixin.py:188} INFO - [2026-09-04T13:30:41.584+0000] {dag.py:3823} INFO - Setting next_dagrun for air_quality_pipeline to 2026-09-04 13:05:00+00:00, run_after=2026-09-04 14:05:00+00:00
[2026-09-04T13:30:41.601+0000] {processor.py:183} INFO - Processing /opt/airflow/dags/spark_pipeline_dag.py took 0.080 seconds
[2026-09-04T13:31:12.061+0000] {processor.py:161} INFO - Started process (PID=54584) to work on /opt/airflow/dags/spark_pipeline_dag.py
[2026-09-04T13:31:12.063+0000] {processor.py:830} INFO - Processing file /opt/airflow/dags/spark_pipeline_dag.py for tasks to queue
[2026-09-04T13:31:12.063+0000] {logging_mixin.py:188} INFO - [2026-09-04T13:31:12.063+0000] {dagbag.py:538} INFO - Filling up the DagBag from /opt/airflow/dags/spark_pipeline_dag.py
[2026-09-04T13:31:12.082+0000] {processor.py:840} INFO - DAG(s) 'air_quality_pipeline' retrieved from /opt/airflow/dags/spark_pipeline_dag.py
[2026-09-04T13:31:12.101+0000] {logging_mixin.py:188} INFO - [2026-09-04T13:31:12.100+0000] {dag.py:3036} INFO - Sync 1 DAGs
[2026-09-04T13:31:12.119+0000] {logging_mixin.py:188} INFO - [2026-09-04T13:31:12.119+0000] {dag.py:3823} INFO - Setting next_dagrun for air_quality_pipeline to 2026-09-04 13:05:00+00:00, run_after=2026-09-04 14:05:00+00:00
[2026-09-04T13:31:12.136+0000] {processor.py:183} INFO - Processing /opt/airflow/dags/spark_pipeline_dag.py took 0.078 seconds
[2026-09-04T13:31:42.563+0000] {processor.py:161} INFO - Started process (PID=54594) to work on /opt/airflow/dags/spark_pipeline_dag.py
[2026-09-04T13:31:42.564+0000] {processor.py:830} INFO - Processing file /opt/airflow/dags/spark_pipeline_dag.py for tasks to queue
[2026-09-04T13:31:42.565+0000] {logging_mixin.py:188} INFO - [2026-09-04T13:31:42.564+0000] {dagbag.py:538} INFO - Filling up the DagBag from /opt/airflow/dags/spark_pipeline_dag.py
[2026-09-04T13:31:42.585+0000] {processor.py:840} INFO - DAG(s) 'air_quality_pipeline' retrieved from /opt/airflow/dags/spark_pipeline_dag.py
[2026-09-04T13:31:42.603+0000] {logging_mixin.py:188} INFO - [2026-09-04T13:31:42.603+0000] {dag.py:3036} INFO - Sync 1 DAGs
[2026-09-04T13:31:42.627+0000] {logging_mixin.py:188} INFO - [2026-09-04T13:31:42.626+0000] {dag.py:3823} INFO - Setting next_dagrun for air_quality_pipeline to 2026-09-04 13:05:00+00:00, run_after=2026-09-04 14:05:00+00:00
[2026-09-04T13:31:42.649+0000] {processor.py:183} INFO - Processing /opt/airflow/dags/spark_pipeline_dag.py took 0.089 seconds
[2026-09-04T13:32:13.091+0000] {processor.py:161} INFO - Started process (PID=54604) to work on /opt/airflow/dags/spark_pipeline_dag.py
[2026-09-04T13:32:13.093+0000] {processor.py:830} INFO - Processing file /opt/airflow/dags/spark_pipeline_dag.py for tasks to queue
[2026-09-04T13:32:13.095+0000] {logging_mixin.py:188} INFO - [2026-09-04T13:32:13.094+0000] {dagbag.py:538} INFO - Filling up the DagBag from /opt/airflow/dags/spark_pipeline_dag.py
[2026-09-04T13:32:13.139+0000] {processor.py:840} INFO - DAG(s) 'air_quality_pipeline' retrieved from /opt/airflow/dags/spark_pipeline_dag.py
[2026-09-04T13:32:13.177+0000] {logging_mixin.py:188} INFO - [2026-09-04T13:32:13.177+0000] {dag.py:3036} INFO - Sync 1 DAGs
[2026-09-04T13:32:13.229+0000] {logging_mixin.py:188} INFO - [2026-09-04T13:32:13.228+0000] {dag.py:3823} INFO - Setting next_dagrun for air_quality_pipeline to 2026-09-04 13:05:00+00:00, run_after=2026-09-04 14:05:00+00:00
[2026-09-04T13:32:13.340+0000] {processor.py:183} INFO - Processing /opt/airflow/dags/spark_pipeline_dag.py took 0.254 seconds
[2026-09-04T13:32:43.731+0000] {processor.py:161} INFO - Started process (PID=54614) to work on /opt/airflow/dags/spark_pipeline_dag.py
[2026-09-04T13:32:43.733+0000] {processor.py:830} INFO - Processing file /opt/airflow/dags/spark_pipeline_dag.py for tasks to queue
[2026-09-04T13:32:43.735+0000] {logging_mixin.py:188} INFO - [2026-09-04T13:32:43.734+0000] {dagbag.py:538} INFO - Filling up the DagBag from /opt/airflow/dags/spark_pipeline_dag.py
[2026-09-04T13:32:43.762+0000] {processor.py:840} INFO - DAG(s) 'air_quality_pipeline' retrieved from /opt/airflow/dags/spark_pipeline_dag.py
[2026-09-04T13:32:43.797+0000] {logging_mixin.py:188} INFO - [2026-09-04T13:32:43.796+0000] {dag.py:3036} INFO - Sync 1 DAGs
[2026-09-04T13:32:43.842+0000] {logging_mixin.py:188} INFO - [2026-09-04T13:32:43.842+0000] {dag.py:3823} INFO - Setting next_dagrun for air_quality_pipeline to 2026-09-04 13:05:00+00:00, run_after=2026-09-04 14:05:00+00:00
[2026-09-04T13:32:43.875+0000] {processor.py:183} INFO - Processing /opt/airflow/dags/spark_pipeline_dag.py took 0.148 seconds
[2026-09-04T13:33:14.257+0000] {processor.py:161} INFO - Started process (PID=54624) to work on /opt/airflow/dags/spark_pipeline_dag.py
[2026-09-04T13:33:14.258+0000] {processor.py:830} INFO - Processing file /opt/airflow/dags/spark_pipeline_dag.py for tasks to queue
[2026-09-04T13:33:14.259+0000] {logging_mixin.py:188} INFO - [2026-09-04T13:33:14.259+0000] {dagbag.py:538} INFO - Filling up the DagBag from /opt/airflow/dags/spark_pipeline_dag.py
[2026-09-04T13:33:14.318+0000] {processor.py:840} INFO - DAG(s) 'air_quality_pipeline' retrieved from /opt/airflow/dags/spark_pipeline_dag.py
[2026-09-04T13:33:14.336+0000] {logging_mixin.py:188} INFO - [2026-09-04T13:33:14.336+0000] {dag.py:3036} INFO - Sync 1 DAGs
[2026-09-04T13:33:14.356+0000] {logging_mixin.py:188} INFO - [2026-09-04T13:33:14.356+0000] {dag.py:3823} INFO - Setting next_dagrun for air_quality_pipeline to 2026-09-04 13:05:00+00:00, run_after=2026-09-04 14:05:00+00:00
[2026-09-04T13:33:14.375+0000] {processor.py:183} INFO - Processing /opt/airflow/dags/spark_pipeline_dag.py took 0.122 seconds
[2026-09-04T13:33:44.694+0000] {processor.py:161} INFO - Started process (PID=54634) to work on /opt/airflow/dags/spark_pipeline_dag.py
[2026-09-04T13:33:44.695+0000] {processor.py:830} INFO - Processing file /opt/airflow/dags/spark_pipeline_dag.py for tasks to queue
[2026-09-04T13:33:44.697+0000] {logging_mixin.py:188} INFO - [2026-09-04T13:33:44.696+0000] {dagbag.py:538} INFO - Filling up the DagBag from /opt/airflow/dags/spark_pipeline_dag.py
[2026-09-04T13:33:44.717+0000] {processor.py:840} INFO - DAG(s) 'air_quality_pipeline' retrieved from /opt/airflow/dags/spark_pipeline_dag.py
[2026-09-04T13:33:44.736+0000] {logging_mixin.py:188} INFO - [2026-09-04T13:33:44.736+0000] {dag.py:3036} INFO - Sync 1 DAGs
[2026-09-04T13:33:44.757+0000] {logging_mixin.py:188} INFO - [2026-09-04T13:33:44.757+0000] {dag.py:3823} INFO - Setting next_dagrun for air_quality_pipeline to 2026-09-04 13:05:00+00:00, run_after=2026-09-04 14:05:00+00:00
[2026-09-04T13:33:44.776+0000] {processor.py:183} INFO - Processing /opt/airflow/dags/spark_pipeline_dag.py took 0.084 seconds
[2026-09-04T13:34:15.150+0000] {processor.py:161} INFO - Started process (PID=54644) to work on /opt/airflow/dags/spark_pipeline_dag.py
[2026-09-04T13:34:15.151+0000] {processor.py:830} INFO - Processing file /opt/airflow/dags/spark_pipeline_dag.py for tasks to queue
[2026-09-04T13:34:15.152+0000] {logging_mixin.py:188} INFO - [2026-09-04T13:34:15.152+0000] {dagbag.py:538} INFO - Filling up the DagBag from /opt/airflow/dags/spark_pipeline_dag.py
[2026-09-04T13:34:15.180+0000] {processor.py:840} INFO - DAG(s) 'air_quality_pipeline' retrieved from /opt/airflow/dags/spark_pipeline_dag.py
[2026-09-04T13:34:15.200+0000] {logging_mixin.py:188} INFO - [2026-09-04T13:34:15.200+0000] {dag.py:3036} INFO - Sync 1 DAGs
[2026-09-04T13:34:15.223+0000] {logging_mixin.py:188} INFO - [2026-09-04T13:34:15.223+0000] {dag.py:3823} INFO - Setting next_dagrun for air_quality_pipeline to 2026-09-04 13:05:00+00:00, run_after=2026-09-04 14:05:00+00:00
[2026-09-04T13:34:15.245+0000] {processor.py:183} INFO - Processing /opt/airflow/dags/spark_pipeline_dag.py took 0.098 seconds
[2026-09-04T13:34:45.607+0000] {processor.py:161} INFO - Started process (PID=54654) to work on /opt/airflow/dags/spark_pipeline_dag.py
[2026-09-04T13:34:45.609+0000] {processor.py:830} INFO - Processing file /opt/airflow/dags/spark_pipeline_dag.py for tasks to queue
[2026-09-04T13:34:45.610+0000] {logging_mixin.py:188} INFO - [2026-09-04T13:34:45.609+0000] {dagbag.py:538} INFO - Filling up the DagBag from /opt/airflow/dags/spark_pipeline_dag.py
[2026-09-04T13:34:45.629+0000] {processor.py:840} INFO - DAG(s) 'air_quality_pipeline' retrieved from /opt/airflow/dags/spark_pipeline_dag.py
[2026-09-04T13:34:45.647+0000] {logging_mixin.py:188} INFO - [2026-09-04T13:34:45.647+0000] {dag.py:3036} INFO - Sync 1 DAGs
[2026-09-04T13:34:45.667+0000] {logging_mixin.py:188} INFO - [2026-09-04T13:34:45.667+0000] {dag.py:3823} INFO - Setting next_dagrun for air_quality_pipeline to 2026-09-04 13:05:00+00:00, run_after=2026-09-04 14:05:00+00:00
[2026-09-04T13:34:45.685+0000] {processor.py:183} INFO - Processing /opt/airflow/dags/spark_pipeline_dag.py took 0.080 seconds
[2026-09-04T13:35:16.101+0000] {processor.py:161} INFO - Started process (PID=54664) to work on /opt/airflow/dags/spark_pipeline_dag.py
[2026-09-04T13:35:16.103+0000] {processor.py:830} INFO - Processing file /opt/airflow/dags/spark_pipeline_dag.py for tasks to queue
[2026-09-04T13:35:16.104+0000] {logging_mixin.py:188} INFO - [2026-09-04T13:35:16.103+0000] {dagbag.py:538} INFO - Filling up the DagBag from /opt/airflow/dags/spark_pipeline_dag.py
[2026-09-04T13:35:16.126+0000] {processor.py:840} INFO - DAG(s) 'air_quality_pipeline' retrieved from /opt/airflow/dags/spark_pipeline_dag.py
[2026-09-04T13:35:16.149+0000] {logging_mixin.py:188} INFO - [2026-09-04T13:35:16.148+0000] {dag.py:3036} INFO - Sync 1 DAGs
[2026-09-04T13:35:16.172+0000] {logging_mixin.py:188} INFO - [2026-09-04T13:35:16.172+0000] {dag.py:3823} INFO - Setting next_dagrun for air_quality_pipeline to 2026-09-04 13:05:00+00:00, run_after=2026-09-04 14:05:00+00:00
[2026-09-04T13:35:16.192+0000] {processor.py:183} INFO - Processing /opt/airflow/dags/spark_pipeline_dag.py took 0.093 seconds
[2026-09-04T13:35:46.628+0000] {processor.py:161} INFO - Started process (PID=54674) to work on /opt/airflow/dags/spark_pipeline_dag.py
[2026-09-04T13:35:46.629+0000] {processor.py:830} INFO - Processing file /opt/airflow/dags/spark_pipeline_dag.py for tasks to queue
[2026-09-04T13:35:46.630+0000] {logging_mixin.py:188} INFO - [2026-09-04T13:35:46.630+0000] {dagbag.py:538} INFO - Filling up the DagBag from /opt/airflow/dags/spark_pipeline_dag.py
[2026-09-04T13:35:46.653+0000] {processor.py:840} INFO - DAG(s) 'air_quality_pipeline' retrieved from /opt/airflow/dags/spark_pipeline_dag.py
[2026-09-04T13:35:46.672+0000] {logging_mixin.py:188} INFO - [2026-09-04T13:35:46.672+0000] {dag.py:3036} INFO - Sync 1 DAGs
[2026-09-04T13:35:46.693+0000] {logging_mixin.py:188} INFO - [2026-09-04T13:35:46.693+0000] {dag.py:3823} INFO - Setting next_dagrun for air_quality_pipeline to 2026-09-04 13:05:00+00:00, run_after=2026-09-04 14:05:00+00:00
[2026-09-04T13:35:46.715+0000] {processor.py:183} INFO - Processing /opt/airflow/dags/spark_pipeline_dag.py took 0.090 seconds
[2026-09-04T13:36:17.098+0000] {processor.py:161} INFO - Started process (PID=54684) to work on /opt/airflow/dags/spark_pipeline_dag.py
[2026-09-04T13:36:17.100+0000] {processor.py:830} INFO - Processing file /opt/airflow/dags/spark_pipeline_dag.py for tasks to queue
[2026-09-04T13:36:17.101+0000] {logging_mixin.py:188} INFO - [2026-09-04T13:36:17.101+0000] {dagbag.py:538} INFO - Filling up the DagBag from /opt/airflow/dags/spark_pipeline_dag.py
[2026-09-04T13:36:17.124+0000] {processor.py:840} INFO - DAG(s) 'air_quality_pipeline' retrieved from /opt/airflow/dags/spark_pipeline_dag.py
[2026-09-04T13:36:17.143+0000] {logging_mixin.py:188} INFO - [2026-09-04T13:36:17.143+0000] {dag.py:3036} INFO - Sync 1 DAGs
[2026-09-04T13:36:17.166+0000] {logging_mixin.py:188} INFO - [2026-09-04T13:36:17.166+0000] {dag.py:3823} INFO - Setting next_dagrun for air_quality_pipeline to 2026-09-04 13:05:00+00:00, run_after=2026-09-04 14:05:00+00:00
[2026-09-04T13:36:17.186+0000] {processor.py:183} INFO - Processing /opt/airflow/dags/spark_pipeline_dag.py took 0.090 seconds
[2026-09-04T13:36:47.604+0000] {processor.py:161} INFO - Started process (PID=54694) to work on /opt/airflow/dags/spark_pipeline_dag.py
[2026-09-04T13:36:47.605+0000] {processor.py:830} INFO - Processing file /opt/airflow/dags/spark_pipeline_dag.py for tasks to queue
[2026-09-04T13:36:47.606+0000] {logging_mixin.py:188} INFO - [2026-09-04T13:36:47.606+0000] {dagbag.py:538} INFO - Filling up the DagBag from /opt/airflow/dags/spark_pipeline_dag.py
[2026-09-04T13:36:47.631+0000] {processor.py:840} INFO - DAG(s) 'air_quality_pipeline' retrieved from /opt/airflow/dags/spark_pipeline_dag.py
[2026-09-04T13:36:47.650+0000] {logging_mixin.py:188} INFO - [2026-09-04T13:36:47.650+0000] {dag.py:3036} INFO - Sync 1 DAGs
[2026-09-04T13:36:47.671+0000] {logging_mixin.py:188} INFO - [2026-09-04T13:36:47.671+0000] {dag.py:3823} INFO - Setting next_dagrun for air_quality_pipeline to 2026-09-04 13:05:00+00:00, run_after=2026-09-04 14:05:00+00:00
[2026-09-04T13:36:47.692+0000] {processor.py:183} INFO - Processing /opt/airflow/dags/spark_pipeline_dag.py took 0.091 seconds
[2026-09-04T13:37:18.148+0000] {processor.py:161} INFO - Started process (PID=54704) to work on /opt/airflow/dags/spark_pipeline_dag.py
[2026-09-04T13:37:18.150+0000] {processor.py:830} INFO - Processing file /opt/airflow/dags/spark_pipeline_dag.py for tasks to queue
[2026-09-04T13:37:18.151+0000] {logging_mixin.py:188} INFO - [2026-09-04T13:37:18.151+0000] {dagbag.py:538} INFO - Filling up the DagBag from /opt/airflow/dags/spark_pipeline_dag.py
[2026-09-04T13:37:18.180+0000] {processor.py:840} INFO - DAG(s) 'air_quality_pipeline' retrieved from /opt/airflow/dags/spark_pipeline_dag.py
[2026-09-04T13:37:18.198+0000] {logging_mixin.py:188} INFO - [2026-09-04T13:37:18.197+0000] {dag.py:3036} INFO - Sync 1 DAGs
[2026-09-04T13:37:18.217+0000] {logging_mixin.py:188} INFO - [2026-09-04T13:37:18.217+0000] {dag.py:3823} INFO - Setting next_dagrun for air_quality_pipeline to 2026-09-04 13:05:00+00:00, run_after=2026-09-04 14:05:00+00:00
[2026-09-04T13:37:18.237+0000] {processor.py:183} INFO - Processing /opt/airflow/dags/spark_pipeline_dag.py took 0.091 seconds
[2026-09-04T13:37:48.713+0000] {processor.py:161} INFO - Started process (PID=54714) to work on /opt/airflow/dags/spark_pipeline_dag.py
[2026-09-04T13:37:48.714+0000] {processor.py:830} INFO - Processing file /opt/airflow/dags/spark_pipeline_dag.py for tasks to queue
[2026-09-04T13:37:48.715+0000] {logging_mixin.py:188} INFO - [2026-09-04T13:37:48.714+0000] {dagbag.py:538} INFO - Filling up the DagBag from /opt/airflow/dags/spark_pipeline_dag.py
[2026-09-04T13:37:48.734+0000] {processor.py:840} INFO - DAG(s) 'air_quality_pipeline' retrieved from /opt/airflow/dags/spark_pipeline_dag.py
[2026-09-04T13:37:48.753+0000] {logging_mixin.py:188} INFO - [2026-09-04T13:37:48.752+0000] {dag.py:3036} INFO - Sync 1 DAGs
[2026-09-04T13:37:48.772+0000] {logging_mixin.py:188} INFO - [2026-09-04T13:37:48.772+0000] {dag.py:3823} INFO - Setting next_dagrun for air_quality_pipeline to 2026-09-04 13:05:00+00:00, run_after=2026-09-04 14:05:00+00:00
[2026-09-04T13:37:48.790+0000] {processor.py:183} INFO - Processing /opt/airflow/dags/spark_pipeline_dag.py took 0.080 seconds
[2026-09-04T13:38:19.304+0000] {processor.py:161} INFO - Started process (PID=54724) to work on /opt/airflow/dags/spark_pipeline_dag.py
[2026-09-04T13:38:19.305+0000] {processor.py:830} INFO - Processing file /opt/airflow/dags/spark_pipeline_dag.py for tasks to queue
[2026-09-04T13:38:19.306+0000] {logging_mixin.py:188} INFO - [2026-09-04T13:38:19.305+0000] {dagbag.py:538} INFO - Filling up the DagBag from /opt/airflow/dags/spark_pipeline_dag.py
[2026-09-04T13:38:19.327+0000] {processor.py:840} INFO - DAG(s) 'air_quality_pipeline' retrieved from /opt/airflow/dags/spark_pipeline_dag.py
[2026-09-04T13:38:19.345+0000] {logging_mixin.py:188} INFO - [2026-09-04T13:38:19.345+0000] {dag.py:3036} INFO - Sync 1 DAGs
[2026-09-04T13:38:19.367+0000] {logging_mixin.py:188} INFO - [2026-09-04T13:38:19.367+0000] {dag.py:3823} INFO - Setting next_dagrun for air_quality_pipeline to 2026-09-04 13:05:00+00:00, run_after=2026-09-04 14:05:00+00:00
[2026-09-04T13:38:19.385+0000] {processor.py:183} INFO - Processing /opt/airflow/dags/spark_pipeline_dag.py took 0.084 seconds
[2026-09-04T13:38:49.753+0000] {processor.py:161} INFO - Started process (PID=54734) to work on /opt/airflow/dags/spark_pipeline_dag.py
[2026-09-04T13:38:49.754+0000] {processor.py:830} INFO - Processing file /opt/airflow/dags/spark_pipeline_dag.py for tasks to queue
[2026-09-04T13:38:49.755+0000] {logging_mixin.py:188} INFO - [2026-09-04T13:38:49.754+0000] {dagbag.py:538} INFO - Filling up the DagBag from /opt/airflow/dags/spark_pipeline_dag.py
[2026-09-04T13:38:49.776+0000] {processor.py:840} INFO - DAG(s) 'air_quality_pipeline' retrieved from /opt/airflow/dags/spark_pipeline_dag.py
[2026-09-04T13:38:49.796+0000] {logging_mixin.py:188} INFO - [2026-09-04T13:38:49.796+0000] {dag.py:3036} INFO - Sync 1 DAGs
[2026-09-04T13:38:49.817+0000] {logging_mixin.py:188} INFO - [2026-09-04T13:38:49.817+0000] {dag.py:3823} INFO - Setting next_dagrun for air_quality_pipeline to 2026-09-04 13:05:00+00:00, run_after=2026-09-04 14:05:00+00:00
[2026-09-04T13:38:49.837+0000] {processor.py:183} INFO - Processing /opt/airflow/dags/spark_pipeline_dag.py took 0.087 seconds
[2026-09-04T13:39:20.260+0000] {processor.py:161} INFO - Started process (PID=54744) to work on /opt/airflow/dags/spark_pipeline_dag.py
[2026-09-04T13:39:20.261+0000] {processor.py:830} INFO - Processing file /opt/airflow/dags/spark_pipeline_dag.py for tasks to queue
[2026-09-04T13:39:20.263+0000] {logging_mixin.py:188} INFO - [2026-09-04T13:39:20.262+0000] {dagbag.py:538} INFO - Filling up the DagBag from /opt/airflow/dags/spark_pipeline_dag.py
[2026-09-04T13:39:20.284+0000] {processor.py:840} INFO - DAG(s) 'air_quality_pipeline' retrieved from /opt/airflow/dags/spark_pipeline_dag.py
[2026-09-04T13:39:20.302+0000] {logging_mixin.py:188} INFO - [2026-09-04T13:39:20.302+0000] {dag.py:3036} INFO - Sync 1 DAGs
[2026-09-04T13:39:20.323+0000] {logging_mixin.py:188} INFO - [2026-09-04T13:39:20.323+0000] {dag.py:3823} INFO - Setting next_dagrun for air_quality_pipeline to 2026-09-04 13:05:00+00:00, run_after=2026-09-04 14:05:00+00:00
[2026-09-04T13:39:20.348+0000] {processor.py:183} INFO - Processing /opt/airflow/dags/spark_pipeline_dag.py took 0.091 seconds
[2026-09-04T13:39:50.796+0000] {processor.py:161} INFO - Started process (PID=54754) to work on /opt/airflow/dags/spark_pipeline_dag.py
[2026-09-04T13:39:50.797+0000] {processor.py:830} INFO - Processing file /opt/airflow/dags/spark_pipeline_dag.py for tasks to queue
[2026-09-04T13:39:50.799+0000] {logging_mixin.py:188} INFO - [2026-09-04T13:39:50.798+0000] {dagbag.py:538} INFO - Filling up the DagBag from /opt/airflow/dags/spark_pipeline_dag.py
[2026-09-04T13:39:50.820+0000] {processor.py:840} INFO - DAG(s) 'air_quality_pipeline' retrieved from /opt/airflow/dags/spark_pipeline_dag.py
[2026-09-04T13:39:50.841+0000] {logging_mixin.py:188} INFO - [2026-09-04T13:39:50.841+0000] {dag.py:3036} INFO - Sync 1 DAGs
[2026-09-04T13:39:50.863+0000] {logging_mixin.py:188} INFO - [2026-09-04T13:39:50.863+0000] {dag.py:3823} INFO - Setting next_dagrun for air_quality_pipeline to 2026-09-04 13:05:00+00:00, run_after=2026-09-04 14:05:00+00:00
[2026-09-04T13:39:50.884+0000] {processor.py:183} INFO - Processing /opt/airflow/dags/spark_pipeline_dag.py took 0.090 seconds
[2026-09-04T13:40:21.345+0000] {processor.py:161} INFO - Started process (PID=54764) to work on /opt/airflow/dags/spark_pipeline_dag.py
[2026-09-04T13:40:21.347+0000] {processor.py:830} INFO - Processing file /opt/airflow/dags/spark_pipeline_dag.py for tasks to queue
[2026-09-04T13:40:21.348+0000] {logging_mixin.py:188} INFO - [2026-09-04T13:40:21.347+0000] {dagbag.py:538} INFO - Filling up the DagBag from /opt/airflow/dags/spark_pipeline_dag.py
[2026-09-04T13:40:21.372+0000] {processor.py:840} INFO - DAG(s) 'air_quality_pipeline' retrieved from /opt/airflow/dags/spark_pipeline_dag.py
[2026-09-04T13:40:21.392+0000] {logging_mixin.py:188} INFO - [2026-09-04T13:40:21.392+0000] {dag.py:3036} INFO - Sync 1 DAGs
[2026-09-04T13:40:21.414+0000] {logging_mixin.py:188} INFO - [2026-09-04T13:40:21.414+0000] {dag.py:3823} INFO - Setting next_dagrun for air_quality_pipeline to 2026-09-04 13:05:00+00:00, run_after=2026-09-04 14:05:00+00:00
[2026-09-04T13:40:21.433+0000] {processor.py:183} INFO - Processing /opt/airflow/dags/spark_pipeline_dag.py took 0.091 seconds
[2026-09-04T13:40:51.854+0000] {processor.py:161} INFO - Started process (PID=54774) to work on /opt/airflow/dags/spark_pipeline_dag.py
[2026-09-04T13:40:51.855+0000] {processor.py:830} INFO - Processing file /opt/airflow/dags/spark_pipeline_dag.py for tasks to queue
[2026-09-04T13:40:51.856+0000] {logging_mixin.py:188} INFO - [2026-09-04T13:40:51.856+0000] {dagbag.py:538} INFO - Filling up the DagBag from /opt/airflow/dags/spark_pipeline_dag.py
[2026-09-04T13:40:51.877+0000] {processor.py:840} INFO - DAG(s) 'air_quality_pipeline' retrieved from /opt/airflow/dags/spark_pipeline_dag.py
[2026-09-04T13:40:51.899+0000] {logging_mixin.py:188} INFO - [2026-09-04T13:40:51.898+0000] {dag.py:3036} INFO - Sync 1 DAGs
[2026-09-04T13:40:51.924+0000] {logging_mixin.py:188} INFO - [2026-09-04T13:40:51.924+0000] {dag.py:3823} INFO - Setting next_dagrun for air_quality_pipeline to 2026-09-04 13:05:00+00:00, run_after=2026-09-04 14:05:00+00:00
[2026-09-04T13:40:51.942+0000] {processor.py:183} INFO - Processing /opt/airflow/dags/spark_pipeline_dag.py took 0.091 seconds
[2026-09-04T13:41:22.399+0000] {processor.py:161} INFO - Started process (PID=54784) to work on /opt/airflow/dags/spark_pipeline_dag.py
[2026-09-04T13:41:22.400+0000] {processor.py:830} INFO - Processing file /opt/airflow/dags/spark_pipeline_dag.py for tasks to queue
[2026-09-04T13:41:22.401+0000] {logging_mixin.py:188} INFO - [2026-09-04T13:41:22.401+0000] {dagbag.py:538} INFO - Filling up the DagBag from /opt/airflow/dags/spark_pipeline_dag.py
[2026-09-04T13:41:22.424+0000] {processor.py:840} INFO - DAG(s) 'air_quality_pipeline' retrieved from /opt/airflow/dags/spark_pipeline_dag.py
[2026-09-04T13:41:22.449+0000] {logging_mixin.py:188} INFO - [2026-09-04T13:41:22.448+0000] {dag.py:3036} INFO - Sync 1 DAGs
[2026-09-04T13:41:22.473+0000] {logging_mixin.py:188} INFO - [2026-09-04T13:41:22.473+0000] {dag.py:3823} INFO - Setting next_dagrun for air_quality_pipeline to 2026-09-04 13:05:00+00:00, run_after=2026-09-04 14:05:00+00:00
[2026-09-04T13:41:22.499+0000] {processor.py:183} INFO - Processing /opt/airflow/dags/spark_pipeline_dag.py took 0.103 seconds
[2026-09-04T13:41:52.870+0000] {processor.py:161} INFO - Started process (PID=54794) to work on /opt/airflow/dags/spark_pipeline_dag.py
[2026-09-04T13:41:52.872+0000] {processor.py:830} INFO - Processing file /opt/airflow/dags/spark_pipeline_dag.py for tasks to queue
[2026-09-04T13:41:52.873+0000] {logging_mixin.py:188} INFO - [2026-09-04T13:41:52.873+0000] {dagbag.py:538} INFO - Filling up the DagBag from /opt/airflow/dags/spark_pipeline_dag.py
[2026-09-04T13:41:52.893+0000] {processor.py:840} INFO - DAG(s) 'air_quality_pipeline' retrieved from /opt/airflow/dags/spark_pipeline_dag.py
[2026-09-04T13:41:52.914+0000] {logging_mixin.py:188} INFO - [2026-09-04T13:41:52.914+0000] {dag.py:3036} INFO - Sync 1 DAGs
[2026-09-04T13:41:52.932+0000] {logging_mixin.py:188} INFO - [2026-09-04T13:41:52.932+0000] {dag.py:3823} INFO - Setting next_dagrun for air_quality_pipeline to 2026-09-04 13:05:00+00:00, run_after=2026-09-04 14:05:00+00:00
[2026-09-04T13:41:52.950+0000] {processor.py:183} INFO - Processing /opt/airflow/dags/spark_pipeline_dag.py took 0.082 seconds
[2026-09-04T13:42:23.418+0000] {processor.py:161} INFO - Started process (PID=54804) to work on /opt/airflow/dags/spark_pipeline_dag.py
[2026-09-04T13:42:23.419+0000] {processor.py:830} INFO - Processing file /opt/airflow/dags/spark_pipeline_dag.py for tasks to queue
[2026-09-04T13:42:23.420+0000] {logging_mixin.py:188} INFO - [2026-09-04T13:42:23.420+0000] {dagbag.py:538} INFO - Filling up the DagBag from /opt/airflow/dags/spark_pipeline_dag.py
[2026-09-04T13:42:23.441+0000] {processor.py:840} INFO - DAG(s) 'air_quality_pipeline' retrieved from /opt/airflow/dags/spark_pipeline_dag.py
[2026-09-04T13:42:23.461+0000] {logging_mixin.py:188} INFO - [2026-09-04T13:42:23.461+0000] {dag.py:3036} INFO - Sync 1 DAGs
[2026-09-04T13:42:23.483+0000] {logging_mixin.py:188} INFO - [2026-09-04T13:42:23.483+0000] {dag.py:3823} INFO - Setting next_dagrun for air_quality_pipeline to 2026-09-04 13:05:00+00:00, run_after=2026-09-04 14:05:00+00:00
[2026-09-04T13:42:23.505+0000] {processor.py:183} INFO - Processing /opt/airflow/dags/spark_pipeline_dag.py took 0.089 seconds
[2026-09-04T13:42:53.945+0000] {processor.py:161} INFO - Started process (PID=54814) to work on /opt/airflow/dags/spark_pipeline_dag.py
[2026-09-04T13:42:53.946+0000] {processor.py:830} INFO - Processing file /opt/airflow/dags/spark_pipeline_dag.py for tasks to queue
[2026-09-04T13:42:53.948+0000] {logging_mixin.py:188} INFO - [2026-09-04T13:42:53.947+0000] {dagbag.py:538} INFO - Filling up the DagBag from /opt/airflow/dags/spark_pipeline_dag.py
[2026-09-04T13:42:53.970+0000] {processor.py:840} INFO - DAG(s) 'air_quality_pipeline' retrieved from /opt/airflow/dags/spark_pipeline_dag.py
[2026-09-04T13:42:53.988+0000] {logging_mixin.py:188} INFO - [2026-09-04T13:42:53.988+0000] {dag.py:3036} INFO - Sync 1 DAGs
[2026-09-04T13:42:54.008+0000] {logging_mixin.py:188} INFO - [2026-09-04T13:42:54.008+0000] {dag.py:3823} INFO - Setting next_dagrun for air_quality_pipeline to 2026-09-04 13:05:00+00:00, run_after=2026-09-04 14:05:00+00:00
[2026-09-04T13:42:54.025+0000] {processor.py:183} INFO - Processing /opt/airflow/dags/spark_pipeline_dag.py took 0.083 seconds
[2026-09-04T13:43:24.547+0000] {processor.py:161} INFO - Started process (PID=54824) to work on /opt/airflow/dags/spark_pipeline_dag.py
[2026-09-04T13:43:24.550+0000] {processor.py:830} INFO - Processing file /opt/airflow/dags/spark_pipeline_dag.py for tasks to queue
[2026-09-04T13:43:24.552+0000] {logging_mixin.py:188} INFO - [2026-09-04T13:43:24.551+0000] {dagbag.py:538} INFO - Filling up the DagBag from /opt/airflow/dags/spark_pipeline_dag.py
[2026-09-04T13:43:24.574+0000] {processor.py:840} INFO - DAG(s) 'air_quality_pipeline' retrieved from /opt/airflow/dags/spark_pipeline_dag.py
[2026-09-04T13:43:24.591+0000] {logging_mixin.py:188} INFO - [2026-09-04T13:43:24.590+0000] {dag.py:3036} INFO - Sync 1 DAGs
[2026-09-04T13:43:24.611+0000] {logging_mixin.py:188} INFO - [2026-09-04T13:43:24.611+0000] {dag.py:3823} INFO - Setting next_dagrun for air_quality_pipeline to 2026-09-04 13:05:00+00:00, run_after=2026-09-04 14:05:00+00:00
[2026-09-04T13:43:24.630+0000] {processor.py:183} INFO - Processing /opt/airflow/dags/spark_pipeline_dag.py took 0.085 seconds
[2026-09-04T13:43:55.024+0000] {processor.py:161} INFO - Started process (PID=54834) to work on /opt/airflow/dags/spark_pipeline_dag.py
[2026-09-04T13:43:55.025+0000] {processor.py:830} INFO - Processing file /opt/airflow/dags/spark_pipeline_dag.py for tasks to queue
[2026-09-04T13:43:55.026+0000] {logging_mixin.py:188} INFO - [2026-09-04T13:43:55.025+0000] {dagbag.py:538} INFO - Filling up the DagBag from /opt/airflow/dags/spark_pipeline_dag.py
[2026-09-04T13:43:55.047+0000] {processor.py:840} INFO - DAG(s) 'air_quality_pipeline' retrieved from /opt/airflow/dags/spark_pipeline_dag.py
[2026-09-04T13:43:55.070+0000] {logging_mixin.py:188} INFO - [2026-09-04T13:43:55.070+0000] {dag.py:3036} INFO - Sync 1 DAGs
[2026-09-04T13:43:55.094+0000] {logging_mixin.py:188} INFO - [2026-09-04T13:43:55.093+0000] {dag.py:3823} INFO - Setting next_dagrun for air_quality_pipeline to 2026-09-04 13:05:00+00:00, run_after=2026-09-04 14:05:00+00:00
[2026-09-04T13:43:55.117+0000] {processor.py:183} INFO - Processing /opt/airflow/dags/spark_pipeline_dag.py took 0.096 seconds
[2026-09-04T13:44:25.536+0000] {processor.py:161} INFO - Started process (PID=54844) to work on /opt/airflow/dags/spark_pipeline_dag.py
[2026-09-04T13:44:25.538+0000] {processor.py:830} INFO - Processing file /opt/airflow/dags/spark_pipeline_dag.py for tasks to queue
[2026-09-04T13:44:25.539+0000] {logging_mixin.py:188} INFO - [2026-09-04T13:44:25.539+0000] {dagbag.py:538} INFO - Filling up the DagBag from /opt/airflow/dags/spark_pipeline_dag.py
[2026-09-04T13:44:25.589+0000] {processor.py:840} INFO - DAG(s) 'air_quality_pipeline' retrieved from /opt/airflow/dags/spark_pipeline_dag.py
[2026-09-04T13:44:25.606+0000] {logging_mixin.py:188} INFO - [2026-09-04T13:44:25.606+0000] {dag.py:3036} INFO - Sync 1 DAGs
[2026-09-04T13:44:25.626+0000] {logging_mixin.py:188} INFO - [2026-09-04T13:44:25.626+0000] {dag.py:3823} INFO - Setting next_dagrun for air_quality_pipeline to 2026-09-04 13:05:00+00:00, run_after=2026-09-04 14:05:00+00:00
[2026-09-04T13:44:25.643+0000] {processor.py:183} INFO - Processing /opt/airflow/dags/spark_pipeline_dag.py took 0.109 seconds
[2026-09-04T13:44:56.064+0000] {processor.py:161} INFO - Started process (PID=54854) to work on /opt/airflow/dags/spark_pipeline_dag.py
[2026-09-04T13:44:56.066+0000] {processor.py:830} INFO - Processing file /opt/airflow/dags/spark_pipeline_dag.py for tasks to queue
[2026-09-04T13:44:56.067+0000] {logging_mixin.py:188} INFO - [2026-09-04T13:44:56.066+0000] {dagbag.py:538} INFO - Filling up the DagBag from /opt/airflow/dags/spark_pipeline_dag.py
[2026-09-04T13:44:56.087+0000] {processor.py:840} INFO - DAG(s) 'air_quality_pipeline' retrieved from /opt/airflow/dags/spark_pipeline_dag.py
[2026-09-04T13:44:56.105+0000] {logging_mixin.py:188} INFO - [2026-09-04T13:44:56.104+0000] {dag.py:3036} INFO - Sync 1 DAGs
[2026-09-04T13:44:56.124+0000] {logging_mixin.py:188} INFO - [2026-09-04T13:44:56.124+0000] {dag.py:3823} INFO - Setting next_dagrun for air_quality_pipeline to 2026-09-04 13:05:00+00:00, run_after=2026-09-04 14:05:00+00:00
[2026-09-04T13:44:56.143+0000] {processor.py:183} INFO - Processing /opt/airflow/dags/spark_pipeline_dag.py took 0.082 seconds
[2026-09-04T13:45:26.634+0000] {processor.py:161} INFO - Started process (PID=54864) to work on /opt/airflow/dags/spark_pipeline_dag.py
[2026-09-04T13:45:26.635+0000] {processor.py:830} INFO - Processing file /opt/airflow/dags/spark_pipeline_dag.py for tasks to queue
[2026-09-04T13:45:26.637+0000] {logging_mixin.py:188} INFO - [2026-09-04T13:45:26.636+0000] {dagbag.py:538} INFO - Filling up the DagBag from /opt/airflow/dags/spark_pipeline_dag.py
[2026-09-04T13:45:26.666+0000] {processor.py:840} INFO - DAG(s) 'air_quality_pipeline' retrieved from /opt/airflow/dags/spark_pipeline_dag.py
[2026-09-04T13:45:26.687+0000] {logging_mixin.py:188} INFO - [2026-09-04T13:45:26.687+0000] {dag.py:3036} INFO - Sync 1 DAGs
[2026-09-04T13:45:26.712+0000] {logging_mixin.py:188} INFO - [2026-09-04T13:45:26.712+0000] {dag.py:3823} INFO - Setting next_dagrun for air_quality_pipeline to 2026-09-04 13:05:00+00:00, run_after=2026-09-04 14:05:00+00:00
[2026-09-04T13:45:26.730+0000] {processor.py:183} INFO - Processing /opt/airflow/dags/spark_pipeline_dag.py took 0.099 seconds
[2026-09-04T13:45:57.103+0000] {processor.py:161} INFO - Started process (PID=54874) to work on /opt/airflow/dags/spark_pipeline_dag.py
[2026-09-04T13:45:57.104+0000] {processor.py:830} INFO - Processing file /opt/airflow/dags/spark_pipeline_dag.py for tasks to queue
[2026-09-04T13:45:57.105+0000] {logging_mixin.py:188} INFO - [2026-09-04T13:45:57.105+0000] {dagbag.py:538} INFO - Filling up the DagBag from /opt/airflow/dags/spark_pipeline_dag.py
[2026-09-04T13:45:57.130+0000] {processor.py:840} INFO - DAG(s) 'air_quality_pipeline' retrieved from /opt/airflow/dags/spark_pipeline_dag.py
[2026-09-04T13:45:57.150+0000] {logging_mixin.py:188} INFO - [2026-09-04T13:45:57.150+0000] {dag.py:3036} INFO - Sync 1 DAGs
[2026-09-04T13:45:57.170+0000] {logging_mixin.py:188} INFO - [2026-09-04T13:45:57.170+0000] {dag.py:3823} INFO - Setting next_dagrun for air_quality_pipeline to 2026-09-04 13:05:00+00:00, run_after=2026-09-04 14:05:00+00:00
[2026-09-04T13:45:57.193+0000] {processor.py:183} INFO - Processing /opt/airflow/dags/spark_pipeline_dag.py took 0.092 seconds
[2026-09-04T13:46:27.615+0000] {processor.py:161} INFO - Started process (PID=54884) to work on /opt/airflow/dags/spark_pipeline_dag.py
[2026-09-04T13:46:27.617+0000] {processor.py:830} INFO - Processing file /opt/airflow/dags/spark_pipeline_dag.py for tasks to queue
[2026-09-04T13:46:27.619+0000] {logging_mixin.py:188} INFO - [2026-09-04T13:46:27.618+0000] {dagbag.py:538} INFO - Filling up the DagBag from /opt/airflow/dags/spark_pipeline_dag.py
[2026-09-04T13:46:27.662+0000] {processor.py:840} INFO - DAG(s) 'air_quality_pipeline' retrieved from /opt/airflow/dags/spark_pipeline_dag.py
[2026-09-04T13:46:27.688+0000] {logging_mixin.py:188} INFO - [2026-09-04T13:46:27.688+0000] {dag.py:3036} INFO - Sync 1 DAGs
[2026-09-04T13:46:27.711+0000] {logging_mixin.py:188} INFO - [2026-09-04T13:46:27.711+0000] {dag.py:3823} INFO - Setting next_dagrun for air_quality_pipeline to 2026-09-04 13:05:00+00:00, run_after=2026-09-04 14:05:00+00:00
[2026-09-04T13:46:27.731+0000] {processor.py:183} INFO - Processing /opt/airflow/dags/spark_pipeline_dag.py took 0.120 seconds
[2026-09-04T13:46:58.148+0000] {processor.py:161} INFO - Started process (PID=54894) to work on /opt/airflow/dags/spark_pipeline_dag.py
[2026-09-04T13:46:58.149+0000] {processor.py:830} INFO - Processing file /opt/airflow/dags/spark_pipeline_dag.py for tasks to queue
[2026-09-04T13:46:58.150+0000] {logging_mixin.py:188} INFO - [2026-09-04T13:46:58.150+0000] {dagbag.py:538} INFO - Filling up the DagBag from /opt/airflow/dags/spark_pipeline_dag.py
[2026-09-04T13:46:58.177+0000] {processor.py:840} INFO - DAG(s) 'air_quality_pipeline' retrieved from /opt/airflow/dags/spark_pipeline_dag.py
[2026-09-04T13:46:58.198+0000] {logging_mixin.py:188} INFO - [2026-09-04T13:46:58.198+0000] {dag.py:3036} INFO - Sync 1 DAGs
[2026-09-04T13:46:58.219+0000] {logging_mixin.py:188} INFO - [2026-09-04T13:46:58.219+0000] {dag.py:3823} INFO - Setting next_dagrun for air_quality_pipeline to 2026-09-04 13:05:00+00:00, run_after=2026-09-04 14:05:00+00:00
[2026-09-04T13:46:58.239+0000] {processor.py:183} INFO - Processing /opt/airflow/dags/spark_pipeline_dag.py took 0.095 seconds
[2026-09-04T13:47:28.656+0000] {processor.py:161} INFO - Started process (PID=54904) to work on /opt/airflow/dags/spark_pipeline_dag.py
[2026-09-04T13:47:28.657+0000] {processor.py:830} INFO - Processing file /opt/airflow/dags/spark_pipeline_dag.py for tasks to queue
[2026-09-04T13:47:28.659+0000] {logging_mixin.py:188} INFO - [2026-09-04T13:47:28.658+0000] {dagbag.py:538} INFO - Filling up the DagBag from /opt/airflow/dags/spark_pipeline_dag.py
[2026-09-04T13:47:28.680+0000] {processor.py:840} INFO - DAG(s) 'air_quality_pipeline' retrieved from /opt/airflow/dags/spark_pipeline_dag.py
[2026-09-04T13:47:28.701+0000] {logging_mixin.py:188} INFO - [2026-09-04T13:47:28.700+0000] {dag.py:3036} INFO - Sync 1 DAGs
[2026-09-04T13:47:28.723+0000] {logging_mixin.py:188} INFO - [2026-09-04T13:47:28.722+0000] {dag.py:3823} INFO - Setting next_dagrun for air_quality_pipeline to 2026-09-04 13:05:00+00:00, run_after=2026-09-04 14:05:00+00:00
[2026-09-04T13:47:28.750+0000] {processor.py:183} INFO - Processing /opt/airflow/dags/spark_pipeline_dag.py took 0.096 seconds
[2026-09-04T13:47:59.111+0000] {processor.py:161} INFO - Started process (PID=54914) to work on /opt/airflow/dags/spark_pipeline_dag.py
[2026-09-04T13:47:59.112+0000] {processor.py:830} INFO - Processing file /opt/airflow/dags/spark_pipeline_dag.py for tasks to queue
[2026-09-04T13:47:59.113+0000] {logging_mixin.py:188} INFO - [2026-09-04T13:47:59.113+0000] {dagbag.py:538} INFO - Filling up the DagBag from /opt/airflow/dags/spark_pipeline_dag.py
[2026-09-04T13:47:59.133+0000] {processor.py:840} INFO - DAG(s) 'air_quality_pipeline' retrieved from /opt/airflow/dags/spark_pipeline_dag.py
[2026-09-04T13:47:59.155+0000] {logging_mixin.py:188} INFO - [2026-09-04T13:47:59.154+0000] {dag.py:3036} INFO - Sync 1 DAGs
[2026-09-04T13:47:59.175+0000] {logging_mixin.py:188} INFO - [2026-09-04T13:47:59.175+0000] {dag.py:3823} INFO - Setting next_dagrun for air_quality_pipeline to 2026-09-04 13:05:00+00:00, run_after=2026-09-04 14:05:00+00:00
[2026-09-04T13:47:59.192+0000] {processor.py:183} INFO - Processing /opt/airflow/dags/spark_pipeline_dag.py took 0.084 seconds
[2026-09-04T13:48:29.898+0000] {processor.py:161} INFO - Started process (PID=54924) to work on /opt/airflow/dags/spark_pipeline_dag.py
[2026-09-04T13:48:29.899+0000] {processor.py:830} INFO - Processing file /opt/airflow/dags/spark_pipeline_dag.py for tasks to queue
[2026-09-04T13:48:29.901+0000] {logging_mixin.py:188} INFO - [2026-09-04T13:48:29.900+0000] {dagbag.py:538} INFO - Filling up the DagBag from /opt/airflow/dags/spark_pipeline_dag.py
[2026-09-04T13:48:29.930+0000] {processor.py:840} INFO - DAG(s) 'air_quality_pipeline' retrieved from /opt/airflow/dags/spark_pipeline_dag.py
[2026-09-04T13:48:29.957+0000] {logging_mixin.py:188} INFO - [2026-09-04T13:48:29.957+0000] {dag.py:3036} INFO - Sync 1 DAGs
[2026-09-04T13:48:29.981+0000] {logging_mixin.py:188} INFO - [2026-09-04T13:48:29.981+0000] {dag.py:3823} INFO - Setting next_dagrun for air_quality_pipeline to 2026-09-04 13:05:00+00:00, run_after=2026-09-04 14:05:00+00:00
[2026-09-04T13:48:30.003+0000] {processor.py:183} INFO - Processing /opt/airflow/dags/spark_pipeline_dag.py took 0.109 seconds
[2026-09-04T13:49:00.340+0000] {processor.py:161} INFO - Started process (PID=54934) to work on /opt/airflow/dags/spark_pipeline_dag.py
[2026-09-04T13:49:00.341+0000] {processor.py:830} INFO - Processing file /opt/airflow/dags/spark_pipeline_dag.py for tasks to queue
[2026-09-04T13:49:00.342+0000] {logging_mixin.py:188} INFO - [2026-09-04T13:49:00.342+0000] {dagbag.py:538} INFO - Filling up the DagBag from /opt/airflow/dags/spark_pipeline_dag.py
[2026-09-04T13:49:00.359+0000] {processor.py:840} INFO - DAG(s) 'air_quality_pipeline' retrieved from /opt/airflow/dags/spark_pipeline_dag.py
[2026-09-04T13:49:00.377+0000] {logging_mixin.py:188} INFO - [2026-09-04T13:49:00.377+0000] {dag.py:3036} INFO - Sync 1 DAGs
[2026-09-04T13:49:00.395+0000] {logging_mixin.py:188} INFO - [2026-09-04T13:49:00.395+0000] {dag.py:3823} INFO - Setting next_dagrun for air_quality_pipeline to 2026-09-04 13:05:00+00:00, run_after=2026-09-04 14:05:00+00:00
[2026-09-04T13:49:00.413+0000] {processor.py:183} INFO - Processing /opt/airflow/dags/spark_pipeline_dag.py took 0.075 seconds
[2026-09-04T13:49:30.921+0000] {processor.py:161} INFO - Started process (PID=54944) to work on /opt/airflow/dags/spark_pipeline_dag.py
[2026-09-04T13:49:30.922+0000] {processor.py:830} INFO - Processing file /opt/airflow/dags/spark_pipeline_dag.py for tasks to queue
[2026-09-04T13:49:30.923+0000] {logging_mixin.py:188} INFO - [2026-09-04T13:49:30.923+0000] {dagbag.py:538} INFO - Filling up the DagBag from /opt/airflow/dags/spark_pipeline_dag.py
[2026-09-04T13:49:30.948+0000] {processor.py:840} INFO - DAG(s) 'air_quality_pipeline' retrieved from /opt/airflow/dags/spark_pipeline_dag.py
[2026-09-04T13:49:30.966+0000] {logging_mixin.py:188} INFO - [2026-09-04T13:49:30.965+0000] {dag.py:3036} INFO - Sync 1 DAGs
[2026-09-04T13:49:30.986+0000] {logging_mixin.py:188} INFO - [2026-09-04T13:49:30.986+0000] {dag.py:3823} INFO - Setting next_dagrun for air_quality_pipeline to 2026-09-04 13:05:00+00:00, run_after=2026-09-04 14:05:00+00:00
[2026-09-04T13:49:31.006+0000] {processor.py:183} INFO - Processing /opt/airflow/dags/spark_pipeline_dag.py took 0.088 seconds
[2026-09-04T13:50:01.506+0000] {processor.py:161} INFO - Started process (PID=54954) to work on /opt/airflow/dags/spark_pipeline_dag.py
[2026-09-04T13:50:01.507+0000] {processor.py:830} INFO - Processing file /opt/airflow/dags/spark_pipeline_dag.py for tasks to queue
[2026-09-04T13:50:01.508+0000] {logging_mixin.py:188} INFO - [2026-09-04T13:50:01.508+0000] {dagbag.py:538} INFO - Filling up the DagBag from /opt/airflow/dags/spark_pipeline_dag.py
[2026-09-04T13:50:01.527+0000] {processor.py:840} INFO - DAG(s) 'air_quality_pipeline' retrieved from /opt/airflow/dags/spark_pipeline_dag.py
[2026-09-04T13:50:01.545+0000] {logging_mixin.py:188} INFO - [2026-09-04T13:50:01.545+0000] {dag.py:3036} INFO - Sync 1 DAGs
[2026-09-04T13:50:01.563+0000] {logging_mixin.py:188} INFO - [2026-09-04T13:50:01.563+0000] {dag.py:3823} INFO - Setting next_dagrun for air_quality_pipeline to 2026-09-04 13:05:00+00:00, run_after=2026-09-04 14:05:00+00:00
[2026-09-04T13:50:01.580+0000] {processor.py:183} INFO - Processing /opt/airflow/dags/spark_pipeline_dag.py took 0.076 seconds
[2026-09-04T13:50:32.054+0000] {processor.py:161} INFO - Started process (PID=54964) to work on /opt/airflow/dags/spark_pipeline_dag.py
[2026-09-04T13:50:32.055+0000] {processor.py:830} INFO - Processing file /opt/airflow/dags/spark_pipeline_dag.py for tasks to queue
[2026-09-04T13:50:32.056+0000] {logging_mixin.py:188} INFO - [2026-09-04T13:50:32.056+0000] {dagbag.py:538} INFO - Filling up the DagBag from /opt/airflow/dags/spark_pipeline_dag.py
[2026-09-04T13:50:32.076+0000] {processor.py:840} INFO - DAG(s) 'air_quality_pipeline' retrieved from /opt/airflow/dags/spark_pipeline_dag.py
[2026-09-04T13:50:32.096+0000] {logging_mixin.py:188} INFO - [2026-09-04T13:50:32.096+0000] {dag.py:3036} INFO - Sync 1 DAGs
[2026-09-04T13:50:32.118+0000] {logging_mixin.py:188} INFO - [2026-09-04T13:50:32.118+0000] {dag.py:3823} INFO - Setting next_dagrun for air_quality_pipeline to 2026-09-04 13:05:00+00:00, run_after=2026-09-04 14:05:00+00:00
[2026-09-04T13:50:32.136+0000] {processor.py:183} INFO - Processing /opt/airflow/dags/spark_pipeline_dag.py took 0.085 seconds
[2026-09-04T13:51:02.512+0000] {processor.py:161} INFO - Started process (PID=54974) to work on /opt/airflow/dags/spark_pipeline_dag.py
[2026-09-04T13:51:02.513+0000] {processor.py:830} INFO - Processing file /opt/airflow/dags/spark_pipeline_dag.py for tasks to queue
[2026-09-04T13:51:02.514+0000] {logging_mixin.py:188} INFO - [2026-09-04T13:51:02.514+0000] {dagbag.py:538} INFO - Filling up the DagBag from /opt/airflow/dags/spark_pipeline_dag.py
[2026-09-04T13:51:02.532+0000] {processor.py:840} INFO - DAG(s) 'air_quality_pipeline' retrieved from /opt/airflow/dags/spark_pipeline_dag.py
[2026-09-04T13:51:02.551+0000] {logging_mixin.py:188} INFO - [2026-09-04T13:51:02.551+0000] {dag.py:3036} INFO - Sync 1 DAGs
[2026-09-04T13:51:02.573+0000] {logging_mixin.py:188} INFO - [2026-09-04T13:51:02.572+0000] {dag.py:3823} INFO - Setting next_dagrun for air_quality_pipeline to 2026-09-04 13:05:00+00:00, run_after=2026-09-04 14:05:00+00:00
[2026-09-04T13:51:02.594+0000] {processor.py:183} INFO - Processing /opt/airflow/dags/spark_pipeline_dag.py took 0.084 seconds
[2026-09-04T13:51:32.959+0000] {processor.py:161} INFO - Started process (PID=54984) to work on /opt/airflow/dags/spark_pipeline_dag.py
[2026-09-04T13:51:32.960+0000] {processor.py:830} INFO - Processing file /opt/airflow/dags/spark_pipeline_dag.py for tasks to queue
[2026-09-04T13:51:32.960+0000] {logging_mixin.py:188} INFO - [2026-09-04T13:51:32.960+0000] {dagbag.py:538} INFO - Filling up the DagBag from /opt/airflow/dags/spark_pipeline_dag.py
[2026-09-04T13:51:32.980+0000] {processor.py:840} INFO - DAG(s) 'air_quality_pipeline' retrieved from /opt/airflow/dags/spark_pipeline_dag.py
[2026-09-04T13:51:32.999+0000] {logging_mixin.py:188} INFO - [2026-09-04T13:51:32.998+0000] {dag.py:3036} INFO - Sync 1 DAGs
[2026-09-04T13:51:33.019+0000] {logging_mixin.py:188} INFO - [2026-09-04T13:51:33.019+0000] {dag.py:3823} INFO - Setting next_dagrun for air_quality_pipeline to 2026-09-04 13:05:00+00:00, run_after=2026-09-04 14:05:00+00:00
[2026-09-04T13:51:33.037+0000] {processor.py:183} INFO - Processing /opt/airflow/dags/spark_pipeline_dag.py took 0.081 seconds
[2026-09-04T13:52:03.481+0000] {processor.py:161} INFO - Started process (PID=54994) to work on /opt/airflow/dags/spark_pipeline_dag.py
[2026-09-04T13:52:03.482+0000] {processor.py:830} INFO - Processing file /opt/airflow/dags/spark_pipeline_dag.py for tasks to queue
[2026-09-04T13:52:03.484+0000] {logging_mixin.py:188} INFO - [2026-09-04T13:52:03.483+0000] {dagbag.py:538} INFO - Filling up the DagBag from /opt/airflow/dags/spark_pipeline_dag.py
[2026-09-04T13:52:03.510+0000] {processor.py:840} INFO - DAG(s) 'air_quality_pipeline' retrieved from /opt/airflow/dags/spark_pipeline_dag.py
[2026-09-04T13:52:03.530+0000] {logging_mixin.py:188} INFO - [2026-09-04T13:52:03.529+0000] {dag.py:3036} INFO - Sync 1 DAGs
[2026-09-04T13:52:03.551+0000] {logging_mixin.py:188} INFO - [2026-09-04T13:52:03.551+0000] {dag.py:3823} INFO - Setting next_dagrun for air_quality_pipeline to 2026-09-04 13:05:00+00:00, run_after=2026-09-04 14:05:00+00:00
[2026-09-04T13:52:03.569+0000] {processor.py:183} INFO - Processing /opt/airflow/dags/spark_pipeline_dag.py took 0.093 seconds
[2026-09-04T13:52:34.181+0000] {processor.py:161} INFO - Started process (PID=55004) to work on /opt/airflow/dags/spark_pipeline_dag.py
[2026-09-04T13:52:34.183+0000] {processor.py:830} INFO - Processing file /opt/airflow/dags/spark_pipeline_dag.py for tasks to queue
[2026-09-04T13:52:34.184+0000] {logging_mixin.py:188} INFO - [2026-09-04T13:52:34.184+0000] {dagbag.py:538} INFO - Filling up the DagBag from /opt/airflow/dags/spark_pipeline_dag.py
[2026-09-04T13:52:34.213+0000] {processor.py:840} INFO - DAG(s) 'air_quality_pipeline' retrieved from /opt/airflow/dags/spark_pipeline_dag.py
[2026-09-04T13:52:34.235+0000] {logging_mixin.py:188} INFO - [2026-09-04T13:52:34.235+0000] {dag.py:3036} INFO - Sync 1 DAGs
[2026-09-04T13:52:34.257+0000] {logging_mixin.py:188} INFO - [2026-09-04T13:52:34.256+0000] {dag.py:3823} INFO - Setting next_dagrun for air_quality_pipeline to 2026-09-04 13:05:00+00:00, run_after=2026-09-04 14:05:00+00:00
[2026-09-04T13:52:34.277+0000] {processor.py:183} INFO - Processing /opt/airflow/dags/spark_pipeline_dag.py took 0.099 seconds
[2026-09-04T13:53:04.641+0000] {processor.py:161} INFO - Started process (PID=55014) to work on /opt/airflow/dags/spark_pipeline_dag.py
[2026-09-04T13:53:04.642+0000] {processor.py:830} INFO - Processing file /opt/airflow/dags/spark_pipeline_dag.py for tasks to queue
[2026-09-04T13:53:04.643+0000] {logging_mixin.py:188} INFO - [2026-09-04T13:53:04.643+0000] {dagbag.py:538} INFO - Filling up the DagBag from /opt/airflow/dags/spark_pipeline_dag.py
[2026-09-04T13:53:04.664+0000] {processor.py:840} INFO - DAG(s) 'air_quality_pipeline' retrieved from /opt/airflow/dags/spark_pipeline_dag.py
[2026-09-04T13:53:04.683+0000] {logging_mixin.py:188} INFO - [2026-09-04T13:53:04.683+0000] {dag.py:3036} INFO - Sync 1 DAGs
[2026-09-04T13:53:04.703+0000] {logging_mixin.py:188} INFO - [2026-09-04T13:53:04.703+0000] {dag.py:3823} INFO - Setting next_dagrun for air_quality_pipeline to 2026-09-04 13:05:00+00:00, run_after=2026-09-04 14:05:00+00:00
[2026-09-04T13:53:04.720+0000] {processor.py:183} INFO - Processing /opt/airflow/dags/spark_pipeline_dag.py took 0.081 seconds
[2026-09-04T13:53:35.330+0000] {processor.py:161} INFO - Started process (PID=55024) to work on /opt/airflow/dags/spark_pipeline_dag.py
[2026-09-04T13:53:35.331+0000] {processor.py:830} INFO - Processing file /opt/airflow/dags/spark_pipeline_dag.py for tasks to queue
[2026-09-04T13:53:35.332+0000] {logging_mixin.py:188} INFO - [2026-09-04T13:53:35.332+0000] {dagbag.py:538} INFO - Filling up the DagBag from /opt/airflow/dags/spark_pipeline_dag.py
[2026-09-04T13:53:35.354+0000] {processor.py:840} INFO - DAG(s) 'air_quality_pipeline' retrieved from /opt/airflow/dags/spark_pipeline_dag.py
[2026-09-04T13:53:35.372+0000] {logging_mixin.py:188} INFO - [2026-09-04T13:53:35.372+0000] {dag.py:3036} INFO - Sync 1 DAGs
[2026-09-04T13:53:35.393+0000] {logging_mixin.py:188} INFO - [2026-09-04T13:53:35.393+0000] {dag.py:3823} INFO - Setting next_dagrun for air_quality_pipeline to 2026-09-04 13:05:00+00:00, run_after=2026-09-04 14:05:00+00:00
[2026-09-04T13:53:35.412+0000] {processor.py:183} INFO - Processing /opt/airflow/dags/spark_pipeline_dag.py took 0.084 seconds
[2026-09-04T13:54:05.792+0000] {processor.py:161} INFO - Started process (PID=55034) to work on /opt/airflow/dags/spark_pipeline_dag.py
[2026-09-04T13:54:05.793+0000] {processor.py:830} INFO - Processing file /opt/airflow/dags/spark_pipeline_dag.py for tasks to queue
[2026-09-04T13:54:05.794+0000] {logging_mixin.py:188} INFO - [2026-09-04T13:54:05.793+0000] {dagbag.py:538} INFO - Filling up the DagBag from /opt/airflow/dags/spark_pipeline_dag.py
[2026-09-04T13:54:05.817+0000] {processor.py:840} INFO - DAG(s) 'air_quality_pipeline' retrieved from /opt/airflow/dags/spark_pipeline_dag.py
[2026-09-04T13:54:05.837+0000] {logging_mixin.py:188} INFO - [2026-09-04T13:54:05.837+0000] {dag.py:3036} INFO - Sync 1 DAGs
[2026-09-04T13:54:05.858+0000] {logging_mixin.py:188} INFO - [2026-09-04T13:54:05.858+0000] {dag.py:3823} INFO - Setting next_dagrun for air_quality_pipeline to 2026-09-04 13:05:00+00:00, run_after=2026-09-04 14:05:00+00:00
[2026-09-04T13:54:05.877+0000] {processor.py:183} INFO - Processing /opt/airflow/dags/spark_pipeline_dag.py took 0.088 seconds
[2026-09-04T13:54:36.213+0000] {processor.py:161} INFO - Started process (PID=55044) to work on /opt/airflow/dags/spark_pipeline_dag.py
[2026-09-04T13:54:36.214+0000] {processor.py:830} INFO - Processing file /opt/airflow/dags/spark_pipeline_dag.py for tasks to queue
[2026-09-04T13:54:36.216+0000] {logging_mixin.py:188} INFO - [2026-09-04T13:54:36.216+0000] {dagbag.py:538} INFO - Filling up the DagBag from /opt/airflow/dags/spark_pipeline_dag.py
[2026-09-04T13:54:36.237+0000] {processor.py:840} INFO - DAG(s) 'air_quality_pipeline' retrieved from /opt/airflow/dags/spark_pipeline_dag.py
[2026-09-04T13:54:36.255+0000] {logging_mixin.py:188} INFO - [2026-09-04T13:54:36.255+0000] {dag.py:3036} INFO - Sync 1 DAGs
[2026-09-04T13:54:36.273+0000] {logging_mixin.py:188} INFO - [2026-09-04T13:54:36.272+0000] {dag.py:3823} INFO - Setting next_dagrun for air_quality_pipeline to 2026-09-04 13:05:00+00:00, run_after=2026-09-04 14:05:00+00:00
[2026-09-04T13:54:36.290+0000] {processor.py:183} INFO - Processing /opt/airflow/dags/spark_pipeline_dag.py took 0.080 seconds
[2026-09-04T13:55:06.728+0000] {processor.py:161} INFO - Started process (PID=55054) to work on /opt/airflow/dags/spark_pipeline_dag.py
[2026-09-04T13:55:06.730+0000] {processor.py:830} INFO - Processing file /opt/airflow/dags/spark_pipeline_dag.py for tasks to queue
[2026-09-04T13:55:06.732+0000] {logging_mixin.py:188} INFO - [2026-09-04T13:55:06.731+0000] {dagbag.py:538} INFO - Filling up the DagBag from /opt/airflow/dags/spark_pipeline_dag.py
[2026-09-04T13:55:06.761+0000] {processor.py:840} INFO - DAG(s) 'air_quality_pipeline' retrieved from /opt/airflow/dags/spark_pipeline_dag.py
[2026-09-04T13:55:06.784+0000] {logging_mixin.py:188} INFO - [2026-09-04T13:55:06.783+0000] {dag.py:3036} INFO - Sync 1 DAGs
[2026-09-04T13:55:06.808+0000] {logging_mixin.py:188} INFO - [2026-09-04T13:55:06.808+0000] {dag.py:3823} INFO - Setting next_dagrun for air_quality_pipeline to 2026-09-04 13:05:00+00:00, run_after=2026-09-04 14:05:00+00:00
[2026-09-04T13:55:06.833+0000] {processor.py:183} INFO - Processing /opt/airflow/dags/spark_pipeline_dag.py took 0.110 seconds
[2026-09-04T13:55:37.119+0000] {processor.py:161} INFO - Started process (PID=55064) to work on /opt/airflow/dags/spark_pipeline_dag.py
[2026-09-04T13:55:37.120+0000] {processor.py:830} INFO - Processing file /opt/airflow/dags/spark_pipeline_dag.py for tasks to queue
[2026-09-04T13:55:37.122+0000] {logging_mixin.py:188} INFO - [2026-09-04T13:55:37.121+0000] {dagbag.py:538} INFO - Filling up the DagBag from /opt/airflow/dags/spark_pipeline_dag.py
[2026-09-04T13:55:37.148+0000] {processor.py:840} INFO - DAG(s) 'air_quality_pipeline' retrieved from /opt/airflow/dags/spark_pipeline_dag.py
[2026-09-04T13:55:37.174+0000] {logging_mixin.py:188} INFO - [2026-09-04T13:55:37.174+0000] {dag.py:3036} INFO - Sync 1 DAGs
[2026-09-04T13:55:37.204+0000] {logging_mixin.py:188} INFO - [2026-09-04T13:55:37.203+0000] {dag.py:3823} INFO - Setting next_dagrun for air_quality_pipeline to 2026-09-04 13:05:00+00:00, run_after=2026-09-04 14:05:00+00:00
[2026-09-04T13:55:37.230+0000] {processor.py:183} INFO - Processing /opt/airflow/dags/spark_pipeline_dag.py took 0.115 seconds
[2026-09-04T13:56:07.565+0000] {processor.py:161} INFO - Started process (PID=55074) to work on /opt/airflow/dags/spark_pipeline_dag.py
[2026-09-04T13:56:07.566+0000] {processor.py:830} INFO - Processing file /opt/airflow/dags/spark_pipeline_dag.py for tasks to queue
[2026-09-04T13:56:07.567+0000] {logging_mixin.py:188} INFO - [2026-09-04T13:56:07.567+0000] {dagbag.py:538} INFO - Filling up the DagBag from /opt/airflow/dags/spark_pipeline_dag.py
[2026-09-04T13:56:07.589+0000] {processor.py:840} INFO - DAG(s) 'air_quality_pipeline' retrieved from /opt/airflow/dags/spark_pipeline_dag.py
[2026-09-04T13:56:07.608+0000] {logging_mixin.py:188} INFO - [2026-09-04T13:56:07.608+0000] {dag.py:3036} INFO - Sync 1 DAGs
[2026-09-04T13:56:07.629+0000] {logging_mixin.py:188} INFO - [2026-09-04T13:56:07.629+0000] {dag.py:3823} INFO - Setting next_dagrun for air_quality_pipeline to 2026-09-04 13:05:00+00:00, run_after=2026-09-04 14:05:00+00:00
[2026-09-04T13:56:07.650+0000] {processor.py:183} INFO - Processing /opt/airflow/dags/spark_pipeline_dag.py took 0.087 seconds
[2026-09-04T13:56:38.051+0000] {processor.py:161} INFO - Started process (PID=55084) to work on /opt/airflow/dags/spark_pipeline_dag.py
[2026-09-04T13:56:38.054+0000] {processor.py:830} INFO - Processing file /opt/airflow/dags/spark_pipeline_dag.py for tasks to queue
[2026-09-04T13:56:38.055+0000] {logging_mixin.py:188} INFO - [2026-09-04T13:56:38.055+0000] {dagbag.py:538} INFO - Filling up the DagBag from /opt/airflow/dags/spark_pipeline_dag.py
[2026-09-04T13:56:38.079+0000] {processor.py:840} INFO - DAG(s) 'air_quality_pipeline' retrieved from /opt/airflow/dags/spark_pipeline_dag.py
[2026-09-04T13:56:38.100+0000] {logging_mixin.py:188} INFO - [2026-09-04T13:56:38.099+0000] {dag.py:3036} INFO - Sync 1 DAGs
[2026-09-04T13:56:38.123+0000] {logging_mixin.py:188} INFO - [2026-09-04T13:56:38.123+0000] {dag.py:3823} INFO - Setting next_dagrun for air_quality_pipeline to 2026-09-04 13:05:00+00:00, run_after=2026-09-04 14:05:00+00:00
[2026-09-04T13:56:38.148+0000] {processor.py:183} INFO - Processing /opt/airflow/dags/spark_pipeline_dag.py took 0.100 seconds
[2026-09-04T13:57:08.487+0000] {processor.py:161} INFO - Started process (PID=55094) to work on /opt/airflow/dags/spark_pipeline_dag.py
[2026-09-04T13:57:08.488+0000] {processor.py:830} INFO - Processing file /opt/airflow/dags/spark_pipeline_dag.py for tasks to queue
[2026-09-04T13:57:08.489+0000] {logging_mixin.py:188} INFO - [2026-09-04T13:57:08.488+0000] {dagbag.py:538} INFO - Filling up the DagBag from /opt/airflow/dags/spark_pipeline_dag.py
[2026-09-04T13:57:08.517+0000] {processor.py:840} INFO - DAG(s) 'air_quality_pipeline' retrieved from /opt/airflow/dags/spark_pipeline_dag.py
[2026-09-04T13:57:08.537+0000] {logging_mixin.py:188} INFO - [2026-09-04T13:57:08.537+0000] {dag.py:3036} INFO - Sync 1 DAGs
[2026-09-04T13:57:08.558+0000] {logging_mixin.py:188} INFO - [2026-09-04T13:57:08.558+0000] {dag.py:3823} INFO - Setting next_dagrun for air_quality_pipeline to 2026-09-04 13:05:00+00:00, run_after=2026-09-04 14:05:00+00:00
[2026-09-04T13:57:08.580+0000] {processor.py:183} INFO - Processing /opt/airflow/dags/spark_pipeline_dag.py took 0.096 seconds
[2026-09-04T13:57:38.944+0000] {processor.py:161} INFO - Started process (PID=55104) to work on /opt/airflow/dags/spark_pipeline_dag.py
[2026-09-04T13:57:38.945+0000] {processor.py:830} INFO - Processing file /opt/airflow/dags/spark_pipeline_dag.py for tasks to queue
[2026-09-04T13:57:38.946+0000] {logging_mixin.py:188} INFO - [2026-09-04T13:57:38.945+0000] {dagbag.py:538} INFO - Filling up the DagBag from /opt/airflow/dags/spark_pipeline_dag.py
[2026-09-04T13:57:38.966+0000] {processor.py:840} INFO - DAG(s) 'air_quality_pipeline' retrieved from /opt/airflow/dags/spark_pipeline_dag.py
[2026-09-04T13:57:38.989+0000] {logging_mixin.py:188} INFO - [2026-09-04T13:57:38.989+0000] {dag.py:3036} INFO - Sync 1 DAGs
[2026-09-04T13:57:39.012+0000] {logging_mixin.py:188} INFO - [2026-09-04T13:57:39.011+0000] {dag.py:3823} INFO - Setting next_dagrun for air_quality_pipeline to 2026-09-04 13:05:00+00:00, run_after=2026-09-04 14:05:00+00:00
[2026-09-04T13:57:39.031+0000] {processor.py:183} INFO - Processing /opt/airflow/dags/spark_pipeline_dag.py took 0.090 seconds
[2026-09-04T13:58:09.506+0000] {processor.py:161} INFO - Started process (PID=55114) to work on /opt/airflow/dags/spark_pipeline_dag.py
[2026-09-04T13:58:09.507+0000] {processor.py:830} INFO - Processing file /opt/airflow/dags/spark_pipeline_dag.py for tasks to queue
[2026-09-04T13:58:09.509+0000] {logging_mixin.py:188} INFO - [2026-09-04T13:58:09.508+0000] {dagbag.py:538} INFO - Filling up the DagBag from /opt/airflow/dags/spark_pipeline_dag.py
[2026-09-04T13:58:09.530+0000] {processor.py:840} INFO - DAG(s) 'air_quality_pipeline' retrieved from /opt/airflow/dags/spark_pipeline_dag.py
[2026-09-04T13:58:09.550+0000] {logging_mixin.py:188} INFO - [2026-09-04T13:58:09.549+0000] {dag.py:3036} INFO - Sync 1 DAGs
[2026-09-04T13:58:09.570+0000] {logging_mixin.py:188} INFO - [2026-09-04T13:58:09.569+0000] {dag.py:3823} INFO - Setting next_dagrun for air_quality_pipeline to 2026-09-04 13:05:00+00:00, run_after=2026-09-04 14:05:00+00:00
[2026-09-04T13:58:09.590+0000] {processor.py:183} INFO - Processing /opt/airflow/dags/spark_pipeline_dag.py took 0.087 seconds
[2026-09-04T13:58:40.138+0000] {processor.py:161} INFO - Started process (PID=55124) to work on /opt/airflow/dags/spark_pipeline_dag.py
[2026-09-04T13:58:40.140+0000] {processor.py:830} INFO - Processing file /opt/airflow/dags/spark_pipeline_dag.py for tasks to queue
[2026-09-04T13:58:40.141+0000] {logging_mixin.py:188} INFO - [2026-09-04T13:58:40.141+0000] {dagbag.py:538} INFO - Filling up the DagBag from /opt/airflow/dags/spark_pipeline_dag.py
[2026-09-04T13:58:40.165+0000] {processor.py:840} INFO - DAG(s) 'air_quality_pipeline' retrieved from /opt/airflow/dags/spark_pipeline_dag.py
[2026-09-04T13:58:40.184+0000] {logging_mixin.py:188} INFO - [2026-09-04T13:58:40.184+0000] {dag.py:3036} INFO - Sync 1 DAGs
[2026-09-04T13:58:40.205+0000] {logging_mixin.py:188} INFO - [2026-09-04T13:58:40.204+0000] {dag.py:3823} INFO - Setting next_dagrun for air_quality_pipeline to 2026-09-04 13:05:00+00:00, run_after=2026-09-04 14:05:00+00:00
[2026-09-04T13:58:40.226+0000] {processor.py:183} INFO - Processing /opt/airflow/dags/spark_pipeline_dag.py took 0.090 seconds
[2026-09-04T13:59:10.658+0000] {processor.py:161} INFO - Started process (PID=55134) to work on /opt/airflow/dags/spark_pipeline_dag.py
[2026-09-04T13:59:10.659+0000] {processor.py:830} INFO - Processing file /opt/airflow/dags/spark_pipeline_dag.py for tasks to queue
[2026-09-04T13:59:10.660+0000] {logging_mixin.py:188} INFO - [2026-09-04T13:59:10.660+0000] {dagbag.py:538} INFO - Filling up the DagBag from /opt/airflow/dags/spark_pipeline_dag.py
[2026-09-04T13:59:10.681+0000] {processor.py:840} INFO - DAG(s) 'air_quality_pipeline' retrieved from /opt/airflow/dags/spark_pipeline_dag.py
[2026-09-04T13:59:10.700+0000] {logging_mixin.py:188} INFO - [2026-09-04T13:59:10.699+0000] {dag.py:3036} INFO - Sync 1 DAGs
[2026-09-04T13:59:10.719+0000] {logging_mixin.py:188} INFO - [2026-09-04T13:59:10.718+0000] {dag.py:3823} INFO - Setting next_dagrun for air_quality_pipeline to 2026-09-04 13:05:00+00:00, run_after=2026-09-04 14:05:00+00:00
[2026-09-04T13:59:10.737+0000] {processor.py:183} INFO - Processing /opt/airflow/dags/spark_pipeline_dag.py took 0.082 seconds
[2026-09-04T13:59:41.095+0000] {processor.py:161} INFO - Started process (PID=55144) to work on /opt/airflow/dags/spark_pipeline_dag.py
[2026-09-04T13:59:41.096+0000] {processor.py:830} INFO - Processing file /opt/airflow/dags/spark_pipeline_dag.py for tasks to queue
[2026-09-04T13:59:41.097+0000] {logging_mixin.py:188} INFO - [2026-09-04T13:59:41.097+0000] {dagbag.py:538} INFO - Filling up the DagBag from /opt/airflow/dags/spark_pipeline_dag.py
[2026-09-04T13:59:41.118+0000] {processor.py:840} INFO - DAG(s) 'air_quality_pipeline' retrieved from /opt/airflow/dags/spark_pipeline_dag.py
[2026-09-04T13:59:41.137+0000] {logging_mixin.py:188} INFO - [2026-09-04T13:59:41.137+0000] {dag.py:3036} INFO - Sync 1 DAGs
[2026-09-04T13:59:41.160+0000] {logging_mixin.py:188} INFO - [2026-09-04T13:59:41.160+0000] {dag.py:3823} INFO - Setting next_dagrun for air_quality_pipeline to 2026-09-04 13:05:00+00:00, run_after=2026-09-04 14:05:00+00:00
[2026-09-04T13:59:41.185+0000] {processor.py:183} INFO - Processing /opt/airflow/dags/spark_pipeline_dag.py took 0.092 seconds
[2026-09-04T14:00:11.526+0000] {processor.py:161} INFO - Started process (PID=55156) to work on /opt/airflow/dags/spark_pipeline_dag.py
[2026-09-04T14:00:11.527+0000] {processor.py:830} INFO - Processing file /opt/airflow/dags/spark_pipeline_dag.py for tasks to queue
[2026-09-04T14:00:11.528+0000] {logging_mixin.py:188} INFO - [2026-09-04T14:00:11.528+0000] {dagbag.py:538} INFO - Filling up the DagBag from /opt/airflow/dags/spark_pipeline_dag.py
[2026-09-04T14:00:11.548+0000] {processor.py:840} INFO - DAG(s) 'air_quality_pipeline' retrieved from /opt/airflow/dags/spark_pipeline_dag.py
[2026-09-04T14:00:11.570+0000] {logging_mixin.py:188} INFO - [2026-09-04T14:00:11.570+0000] {dag.py:3036} INFO - Sync 1 DAGs
[2026-09-04T14:00:11.590+0000] {logging_mixin.py:188} INFO - [2026-09-04T14:00:11.590+0000] {dag.py:3823} INFO - Setting next_dagrun for air_quality_pipeline to 2026-09-04 13:05:00+00:00, run_after=2026-09-04 14:05:00+00:00
[2026-09-04T14:00:11.610+0000] {processor.py:183} INFO - Processing /opt/airflow/dags/spark_pipeline_dag.py took 0.087 seconds
[2026-09-04T14:00:41.974+0000] {processor.py:161} INFO - Started process (PID=55166) to work on /opt/airflow/dags/spark_pipeline_dag.py
[2026-09-04T14:00:41.976+0000] {processor.py:830} INFO - Processing file /opt/airflow/dags/spark_pipeline_dag.py for tasks to queue
[2026-09-04T14:00:41.978+0000] {logging_mixin.py:188} INFO - [2026-09-04T14:00:41.977+0000] {dagbag.py:538} INFO - Filling up the DagBag from /opt/airflow/dags/spark_pipeline_dag.py
[2026-09-04T14:00:42.013+0000] {processor.py:840} INFO - DAG(s) 'air_quality_pipeline' retrieved from /opt/airflow/dags/spark_pipeline_dag.py
[2026-09-04T14:00:42.041+0000] {logging_mixin.py:188} INFO - [2026-09-04T14:00:42.040+0000] {dag.py:3036} INFO - Sync 1 DAGs
[2026-09-04T14:00:42.063+0000] {logging_mixin.py:188} INFO - [2026-09-04T14:00:42.063+0000] {dag.py:3823} INFO - Setting next_dagrun for air_quality_pipeline to 2026-09-04 13:05:00+00:00, run_after=2026-09-04 14:05:00+00:00
[2026-09-04T14:00:42.081+0000] {processor.py:183} INFO - Processing /opt/airflow/dags/spark_pipeline_dag.py took 0.111 seconds
[2026-09-04T14:01:12.436+0000] {processor.py:161} INFO - Started process (PID=55176) to work on /opt/airflow/dags/spark_pipeline_dag.py
[2026-09-04T14:01:12.437+0000] {processor.py:830} INFO - Processing file /opt/airflow/dags/spark_pipeline_dag.py for tasks to queue
[2026-09-04T14:01:12.438+0000] {logging_mixin.py:188} INFO - [2026-09-04T14:01:12.438+0000] {dagbag.py:538} INFO - Filling up the DagBag from /opt/airflow/dags/spark_pipeline_dag.py
[2026-09-04T14:01:12.458+0000] {processor.py:840} INFO - DAG(s) 'air_quality_pipeline' retrieved from /opt/airflow/dags/spark_pipeline_dag.py
[2026-09-04T14:01:12.476+0000] {logging_mixin.py:188} INFO - [2026-09-04T14:01:12.476+0000] {dag.py:3036} INFO - Sync 1 DAGs
[2026-09-04T14:01:12.496+0000] {logging_mixin.py:188} INFO - [2026-09-04T14:01:12.495+0000] {dag.py:3823} INFO - Setting next_dagrun for air_quality_pipeline to 2026-09-04 13:05:00+00:00, run_after=2026-09-04 14:05:00+00:00
[2026-09-04T14:01:12.517+0000] {processor.py:183} INFO - Processing /opt/airflow/dags/spark_pipeline_dag.py took 0.084 seconds
[2026-09-04T14:01:42.881+0000] {processor.py:161} INFO - Started process (PID=55186) to work on /opt/airflow/dags/spark_pipeline_dag.py
[2026-09-04T14:01:42.883+0000] {processor.py:830} INFO - Processing file /opt/airflow/dags/spark_pipeline_dag.py for tasks to queue
[2026-09-04T14:01:42.885+0000] {logging_mixin.py:188} INFO - [2026-09-04T14:01:42.884+0000] {dagbag.py:538} INFO - Filling up the DagBag from /opt/airflow/dags/spark_pipeline_dag.py
[2026-09-04T14:01:42.907+0000] {processor.py:840} INFO - DAG(s) 'air_quality_pipeline' retrieved from /opt/airflow/dags/spark_pipeline_dag.py
[2026-09-04T14:01:42.927+0000] {logging_mixin.py:188} INFO - [2026-09-04T14:01:42.926+0000] {dag.py:3036} INFO - Sync 1 DAGs
[2026-09-04T14:01:42.948+0000] {logging_mixin.py:188} INFO - [2026-09-04T14:01:42.948+0000] {dag.py:3823} INFO - Setting next_dagrun for air_quality_pipeline to 2026-09-04 13:05:00+00:00, run_after=2026-09-04 14:05:00+00:00
[2026-09-04T14:01:42.969+0000] {processor.py:183} INFO - Processing /opt/airflow/dags/spark_pipeline_dag.py took 0.091 seconds
[2026-09-04T14:02:13.366+0000] {processor.py:161} INFO - Started process (PID=55196) to work on /opt/airflow/dags/spark_pipeline_dag.py
[2026-09-04T14:02:13.367+0000] {processor.py:830} INFO - Processing file /opt/airflow/dags/spark_pipeline_dag.py for tasks to queue
[2026-09-04T14:02:13.368+0000] {logging_mixin.py:188} INFO - [2026-09-04T14:02:13.368+0000] {dagbag.py:538} INFO - Filling up the DagBag from /opt/airflow/dags/spark_pipeline_dag.py
[2026-09-04T14:02:13.388+0000] {processor.py:840} INFO - DAG(s) 'air_quality_pipeline' retrieved from /opt/airflow/dags/spark_pipeline_dag.py
[2026-09-04T14:02:13.407+0000] {logging_mixin.py:188} INFO - [2026-09-04T14:02:13.407+0000] {dag.py:3036} INFO - Sync 1 DAGs
[2026-09-04T14:02:13.429+0000] {logging_mixin.py:188} INFO - [2026-09-04T14:02:13.429+0000] {dag.py:3823} INFO - Setting next_dagrun for air_quality_pipeline to 2026-09-04 13:05:00+00:00, run_after=2026-09-04 14:05:00+00:00
[2026-09-04T14:02:13.453+0000] {processor.py:183} INFO - Processing /opt/airflow/dags/spark_pipeline_dag.py took 0.089 seconds
[2026-09-04T14:02:43.865+0000] {processor.py:161} INFO - Started process (PID=55206) to work on /opt/airflow/dags/spark_pipeline_dag.py
[2026-09-04T14:02:43.867+0000] {processor.py:830} INFO - Processing file /opt/airflow/dags/spark_pipeline_dag.py for tasks to queue
[2026-09-04T14:02:43.869+0000] {logging_mixin.py:188} INFO - [2026-09-04T14:02:43.869+0000] {dagbag.py:538} INFO - Filling up the DagBag from /opt/airflow/dags/spark_pipeline_dag.py
[2026-09-04T14:02:43.896+0000] {processor.py:840} INFO - DAG(s) 'air_quality_pipeline' retrieved from /opt/airflow/dags/spark_pipeline_dag.py
[2026-09-04T14:02:43.917+0000] {logging_mixin.py:188} INFO - [2026-09-04T14:02:43.916+0000] {dag.py:3036} INFO - Sync 1 DAGs
[2026-09-04T14:02:43.937+0000] {logging_mixin.py:188} INFO - [2026-09-04T14:02:43.936+0000] {dag.py:3823} INFO - Setting next_dagrun for air_quality_pipeline to 2026-09-04 13:05:00+00:00, run_after=2026-09-04 14:05:00+00:00
[2026-09-04T14:02:43.958+0000] {processor.py:183} INFO - Processing /opt/airflow/dags/spark_pipeline_dag.py took 0.095 seconds
[2026-09-04T14:03:14.415+0000] {processor.py:161} INFO - Started process (PID=55216) to work on /opt/airflow/dags/spark_pipeline_dag.py
[2026-09-04T14:03:14.416+0000] {processor.py:830} INFO - Processing file /opt/airflow/dags/spark_pipeline_dag.py for tasks to queue
[2026-09-04T14:03:14.417+0000] {logging_mixin.py:188} INFO - [2026-09-04T14:03:14.417+0000] {dagbag.py:538} INFO - Filling up the DagBag from /opt/airflow/dags/spark_pipeline_dag.py
[2026-09-04T14:03:14.441+0000] {processor.py:840} INFO - DAG(s) 'air_quality_pipeline' retrieved from /opt/airflow/dags/spark_pipeline_dag.py
[2026-09-04T14:03:14.463+0000] {logging_mixin.py:188} INFO - [2026-09-04T14:03:14.463+0000] {dag.py:3036} INFO - Sync 1 DAGs
[2026-09-04T14:03:14.484+0000] {logging_mixin.py:188} INFO - [2026-09-04T14:03:14.484+0000] {dag.py:3823} INFO - Setting next_dagrun for air_quality_pipeline to 2026-09-04 13:05:00+00:00, run_after=2026-09-04 14:05:00+00:00
[2026-09-04T14:03:14.505+0000] {processor.py:183} INFO - Processing /opt/airflow/dags/spark_pipeline_dag.py took 0.092 seconds
[2026-09-04T14:03:44.928+0000] {processor.py:161} INFO - Started process (PID=55226) to work on /opt/airflow/dags/spark_pipeline_dag.py
[2026-09-04T14:03:44.929+0000] {processor.py:830} INFO - Processing file /opt/airflow/dags/spark_pipeline_dag.py for tasks to queue
[2026-09-04T14:03:44.930+0000] {logging_mixin.py:188} INFO - [2026-09-04T14:03:44.929+0000] {dagbag.py:538} INFO - Filling up the DagBag from /opt/airflow/dags/spark_pipeline_dag.py
[2026-09-04T14:03:44.952+0000] {processor.py:840} INFO - DAG(s) 'air_quality_pipeline' retrieved from /opt/airflow/dags/spark_pipeline_dag.py
[2026-09-04T14:03:44.972+0000] {logging_mixin.py:188} INFO - [2026-09-04T14:03:44.971+0000] {dag.py:3036} INFO - Sync 1 DAGs
[2026-09-04T14:03:44.993+0000] {logging_mixin.py:188} INFO - [2026-09-04T14:03:44.993+0000] {dag.py:3823} INFO - Setting next_dagrun for air_quality_pipeline to 2026-09-04 13:05:00+00:00, run_after=2026-09-04 14:05:00+00:00
[2026-09-04T14:03:45.011+0000] {processor.py:183} INFO - Processing /opt/airflow/dags/spark_pipeline_dag.py took 0.086 seconds
[2026-09-04T14:04:15.324+0000] {processor.py:161} INFO - Started process (PID=55236) to work on /opt/airflow/dags/spark_pipeline_dag.py
[2026-09-04T14:04:15.325+0000] {processor.py:830} INFO - Processing file /opt/airflow/dags/spark_pipeline_dag.py for tasks to queue
[2026-09-04T14:04:15.326+0000] {logging_mixin.py:188} INFO - [2026-09-04T14:04:15.326+0000] {dagbag.py:538} INFO - Filling up the DagBag from /opt/airflow/dags/spark_pipeline_dag.py
[2026-09-04T14:04:15.348+0000] {processor.py:840} INFO - DAG(s) 'air_quality_pipeline' retrieved from /opt/airflow/dags/spark_pipeline_dag.py
[2026-09-04T14:04:15.369+0000] {logging_mixin.py:188} INFO - [2026-09-04T14:04:15.369+0000] {dag.py:3036} INFO - Sync 1 DAGs
[2026-09-04T14:04:15.389+0000] {logging_mixin.py:188} INFO - [2026-09-04T14:04:15.389+0000] {dag.py:3823} INFO - Setting next_dagrun for air_quality_pipeline to 2026-09-04 13:05:00+00:00, run_after=2026-09-04 14:05:00+00:00
[2026-09-04T14:04:15.410+0000] {processor.py:183} INFO - Processing /opt/airflow/dags/spark_pipeline_dag.py took 0.089 seconds
[2026-09-04T14:04:45.853+0000] {processor.py:161} INFO - Started process (PID=55246) to work on /opt/airflow/dags/spark_pipeline_dag.py
[2026-09-04T14:04:45.854+0000] {processor.py:830} INFO - Processing file /opt/airflow/dags/spark_pipeline_dag.py for tasks to queue
[2026-09-04T14:04:45.855+0000] {logging_mixin.py:188} INFO - [2026-09-04T14:04:45.855+0000] {dagbag.py:538} INFO - Filling up the DagBag from /opt/airflow/dags/spark_pipeline_dag.py
[2026-09-04T14:04:45.878+0000] {processor.py:840} INFO - DAG(s) 'air_quality_pipeline' retrieved from /opt/airflow/dags/spark_pipeline_dag.py
[2026-09-04T14:04:45.897+0000] {logging_mixin.py:188} INFO - [2026-09-04T14:04:45.897+0000] {dag.py:3036} INFO - Sync 1 DAGs
[2026-09-04T14:04:45.918+0000] {logging_mixin.py:188} INFO - [2026-09-04T14:04:45.918+0000] {dag.py:3823} INFO - Setting next_dagrun for air_quality_pipeline to 2026-09-04 13:05:00+00:00, run_after=2026-09-04 14:05:00+00:00
[2026-09-04T14:04:45.942+0000] {processor.py:183} INFO - Processing /opt/airflow/dags/spark_pipeline_dag.py took 0.092 seconds
[2026-09-04T14:05:16.280+0000] {processor.py:161} INFO - Started process (PID=55258) to work on /opt/airflow/dags/spark_pipeline_dag.py
[2026-09-04T14:05:16.281+0000] {processor.py:830} INFO - Processing file /opt/airflow/dags/spark_pipeline_dag.py for tasks to queue
[2026-09-04T14:05:16.282+0000] {logging_mixin.py:188} INFO - [2026-09-04T14:05:16.282+0000] {dagbag.py:538} INFO - Filling up the DagBag from /opt/airflow/dags/spark_pipeline_dag.py
[2026-09-04T14:05:16.306+0000] {processor.py:840} INFO - DAG(s) 'air_quality_pipeline' retrieved from /opt/airflow/dags/spark_pipeline_dag.py
[2026-09-04T14:05:16.328+0000] {logging_mixin.py:188} INFO - [2026-09-04T14:05:16.328+0000] {dag.py:3036} INFO - Sync 1 DAGs
[2026-09-04T14:05:16.356+0000] {logging_mixin.py:188} INFO - [2026-09-04T14:05:16.356+0000] {dag.py:3823} INFO - Setting next_dagrun for air_quality_pipeline to 2026-09-04 14:05:00+00:00, run_after=2026-09-04 15:05:00+00:00
[2026-09-04T14:05:16.380+0000] {processor.py:183} INFO - Processing /opt/airflow/dags/spark_pipeline_dag.py took 0.103 seconds
[2026-09-04T14:05:46.707+0000] {processor.py:161} INFO - Started process (PID=55268) to work on /opt/airflow/dags/spark_pipeline_dag.py
[2026-09-04T14:05:46.708+0000] {processor.py:830} INFO - Processing file /opt/airflow/dags/spark_pipeline_dag.py for tasks to queue
[2026-09-04T14:05:46.708+0000] {logging_mixin.py:188} INFO - [2026-09-04T14:05:46.708+0000] {dagbag.py:538} INFO - Filling up the DagBag from /opt/airflow/dags/spark_pipeline_dag.py
[2026-09-04T14:05:46.728+0000] {processor.py:840} INFO - DAG(s) 'air_quality_pipeline' retrieved from /opt/airflow/dags/spark_pipeline_dag.py
[2026-09-04T14:05:46.748+0000] {logging_mixin.py:188} INFO - [2026-09-04T14:05:46.748+0000] {dag.py:3036} INFO - Sync 1 DAGs
[2026-09-04T14:05:46.770+0000] {logging_mixin.py:188} INFO - [2026-09-04T14:05:46.769+0000] {dag.py:3823} INFO - Setting next_dagrun for air_quality_pipeline to 2026-09-04 14:05:00+00:00, run_after=2026-09-04 15:05:00+00:00
[2026-09-04T14:05:46.789+0000] {processor.py:183} INFO - Processing /opt/airflow/dags/spark_pipeline_dag.py took 0.085 seconds
[2026-09-04T14:06:17.153+0000] {processor.py:161} INFO - Started process (PID=55278) to work on /opt/airflow/dags/spark_pipeline_dag.py
[2026-09-04T14:06:17.154+0000] {processor.py:830} INFO - Processing file /opt/airflow/dags/spark_pipeline_dag.py for tasks to queue
[2026-09-04T14:06:17.155+0000] {logging_mixin.py:188} INFO - [2026-09-04T14:06:17.155+0000] {dagbag.py:538} INFO - Filling up the DagBag from /opt/airflow/dags/spark_pipeline_dag.py
[2026-09-04T14:06:17.178+0000] {processor.py:840} INFO - DAG(s) 'air_quality_pipeline' retrieved from /opt/airflow/dags/spark_pipeline_dag.py
[2026-09-04T14:06:17.200+0000] {logging_mixin.py:188} INFO - [2026-09-04T14:06:17.199+0000] {dag.py:3036} INFO - Sync 1 DAGs
[2026-09-04T14:06:17.221+0000] {logging_mixin.py:188} INFO - [2026-09-04T14:06:17.221+0000] {dag.py:3823} INFO - Setting next_dagrun for air_quality_pipeline to 2026-09-04 14:05:00+00:00, run_after=2026-09-04 15:05:00+00:00
[2026-09-04T14:06:17.242+0000] {processor.py:183} INFO - Processing /opt/airflow/dags/spark_pipeline_dag.py took 0.092 seconds
[2026-09-04T14:06:47.598+0000] {processor.py:161} INFO - Started process (PID=55288) to work on /opt/airflow/dags/spark_pipeline_dag.py
[2026-09-04T14:06:47.600+0000] {processor.py:830} INFO - Processing file /opt/airflow/dags/spark_pipeline_dag.py for tasks to queue
[2026-09-04T14:06:47.601+0000] {logging_mixin.py:188} INFO - [2026-09-04T14:06:47.601+0000] {dagbag.py:538} INFO - Filling up the DagBag from /opt/airflow/dags/spark_pipeline_dag.py
[2026-09-04T14:06:47.623+0000] {processor.py:840} INFO - DAG(s) 'air_quality_pipeline' retrieved from /opt/airflow/dags/spark_pipeline_dag.py
[2026-09-04T14:06:47.644+0000] {logging_mixin.py:188} INFO - [2026-09-04T14:06:47.644+0000] {dag.py:3036} INFO - Sync 1 DAGs
[2026-09-04T14:06:47.666+0000] {logging_mixin.py:188} INFO - [2026-09-04T14:06:47.666+0000] {dag.py:3823} INFO - Setting next_dagrun for air_quality_pipeline to 2026-09-04 14:05:00+00:00, run_after=2026-09-04 15:05:00+00:00
[2026-09-04T14:06:47.689+0000] {processor.py:183} INFO - Processing /opt/airflow/dags/spark_pipeline_dag.py took 0.094 seconds
[2026-09-04T14:07:18.181+0000] {processor.py:161} INFO - Started process (PID=55298) to work on /opt/airflow/dags/spark_pipeline_dag.py
[2026-09-04T14:07:18.182+0000] {processor.py:830} INFO - Processing file /opt/airflow/dags/spark_pipeline_dag.py for tasks to queue
[2026-09-04T14:07:18.183+0000] {logging_mixin.py:188} INFO - [2026-09-04T14:07:18.183+0000] {dagbag.py:538} INFO - Filling up the DagBag from /opt/airflow/dags/spark_pipeline_dag.py
[2026-09-04T14:07:18.205+0000] {processor.py:840} INFO - DAG(s) 'air_quality_pipeline' retrieved from /opt/airflow/dags/spark_pipeline_dag.py
[2026-09-04T14:07:18.225+0000] {logging_mixin.py:188} INFO - [2026-09-04T14:07:18.225+0000] {dag.py:3036} INFO - Sync 1 DAGs
[2026-09-04T14:07:18.246+0000] {logging_mixin.py:188} INFO - [2026-09-04T14:07:18.245+0000] {dag.py:3823} INFO - Setting next_dagrun for air_quality_pipeline to 2026-09-04 14:05:00+00:00, run_after=2026-09-04 15:05:00+00:00
[2026-09-04T14:07:18.266+0000] {processor.py:183} INFO - Processing /opt/airflow/dags/spark_pipeline_dag.py took 0.088 seconds
[2026-09-04T14:07:48.582+0000] {processor.py:161} INFO - Started process (PID=55308) to work on /opt/airflow/dags/spark_pipeline_dag.py
[2026-09-04T14:07:48.583+0000] {processor.py:830} INFO - Processing file /opt/airflow/dags/spark_pipeline_dag.py for tasks to queue
[2026-09-04T14:07:48.584+0000] {logging_mixin.py:188} INFO - [2026-09-04T14:07:48.584+0000] {dagbag.py:538} INFO - Filling up the DagBag from /opt/airflow/dags/spark_pipeline_dag.py
[2026-09-04T14:07:48.610+0000] {processor.py:840} INFO - DAG(s) 'air_quality_pipeline' retrieved from /opt/airflow/dags/spark_pipeline_dag.py
[2026-09-04T14:07:48.630+0000] {logging_mixin.py:188} INFO - [2026-09-04T14:07:48.630+0000] {dag.py:3036} INFO - Sync 1 DAGs
[2026-09-04T14:07:48.660+0000] {logging_mixin.py:188} INFO - [2026-09-04T14:07:48.659+0000] {dag.py:3823} INFO - Setting next_dagrun for air_quality_pipeline to 2026-09-04 14:05:00+00:00, run_after=2026-09-04 15:05:00+00:00
[2026-09-04T14:07:48.679+0000] {processor.py:183} INFO - Processing /opt/airflow/dags/spark_pipeline_dag.py took 0.101 seconds
[2026-09-04T14:08:19.075+0000] {processor.py:161} INFO - Started process (PID=55318) to work on /opt/airflow/dags/spark_pipeline_dag.py
[2026-09-04T14:08:19.076+0000] {processor.py:830} INFO - Processing file /opt/airflow/dags/spark_pipeline_dag.py for tasks to queue
[2026-09-04T14:08:19.077+0000] {logging_mixin.py:188} INFO - [2026-09-04T14:08:19.076+0000] {dagbag.py:538} INFO - Filling up the DagBag from /opt/airflow/dags/spark_pipeline_dag.py
[2026-09-04T14:08:19.096+0000] {processor.py:840} INFO - DAG(s) 'air_quality_pipeline' retrieved from /opt/airflow/dags/spark_pipeline_dag.py
[2026-09-04T14:08:19.117+0000] {logging_mixin.py:188} INFO - [2026-09-04T14:08:19.117+0000] {dag.py:3036} INFO - Sync 1 DAGs
[2026-09-04T14:08:19.137+0000] {logging_mixin.py:188} INFO - [2026-09-04T14:08:19.137+0000] {dag.py:3823} INFO - Setting next_dagrun for air_quality_pipeline to 2026-09-04 14:05:00+00:00, run_after=2026-09-04 15:05:00+00:00
[2026-09-04T14:08:19.157+0000] {processor.py:183} INFO - Processing /opt/airflow/dags/spark_pipeline_dag.py took 0.085 seconds
[2026-09-04T14:08:49.613+0000] {processor.py:161} INFO - Started process (PID=55328) to work on /opt/airflow/dags/spark_pipeline_dag.py
[2026-09-04T14:08:49.614+0000] {processor.py:830} INFO - Processing file /opt/airflow/dags/spark_pipeline_dag.py for tasks to queue
[2026-09-04T14:08:49.615+0000] {logging_mixin.py:188} INFO - [2026-09-04T14:08:49.615+0000] {dagbag.py:538} INFO - Filling up the DagBag from /opt/airflow/dags/spark_pipeline_dag.py
[2026-09-04T14:08:49.636+0000] {processor.py:840} INFO - DAG(s) 'air_quality_pipeline' retrieved from /opt/airflow/dags/spark_pipeline_dag.py
[2026-09-04T14:08:49.658+0000] {logging_mixin.py:188} INFO - [2026-09-04T14:08:49.658+0000] {dag.py:3036} INFO - Sync 1 DAGs
[2026-09-04T14:08:49.681+0000] {logging_mixin.py:188} INFO - [2026-09-04T14:08:49.681+0000] {dag.py:3823} INFO - Setting next_dagrun for air_quality_pipeline to 2026-09-04 14:05:00+00:00, run_after=2026-09-04 15:05:00+00:00
[2026-09-04T14:08:49.706+0000] {processor.py:183} INFO - Processing /opt/airflow/dags/spark_pipeline_dag.py took 0.095 seconds
[2026-09-04T14:09:19.992+0000] {processor.py:161} INFO - Started process (PID=55338) to work on /opt/airflow/dags/spark_pipeline_dag.py
[2026-09-04T14:09:19.993+0000] {processor.py:830} INFO - Processing file /opt/airflow/dags/spark_pipeline_dag.py for tasks to queue
[2026-09-04T14:09:19.994+0000] {logging_mixin.py:188} INFO - [2026-09-04T14:09:19.994+0000] {dagbag.py:538} INFO - Filling up the DagBag from /opt/airflow/dags/spark_pipeline_dag.py
[2026-09-04T14:09:20.018+0000] {processor.py:840} INFO - DAG(s) 'air_quality_pipeline' retrieved from /opt/airflow/dags/spark_pipeline_dag.py
[2026-09-04T14:09:20.039+0000] {logging_mixin.py:188} INFO - [2026-09-04T14:09:20.038+0000] {dag.py:3036} INFO - Sync 1 DAGs
[2026-09-04T14:09:20.060+0000] {logging_mixin.py:188} INFO - [2026-09-04T14:09:20.059+0000] {dag.py:3823} INFO - Setting next_dagrun for air_quality_pipeline to 2026-09-04 14:05:00+00:00, run_after=2026-09-04 15:05:00+00:00
[2026-09-04T14:09:20.080+0000] {processor.py:183} INFO - Processing /opt/airflow/dags/spark_pipeline_dag.py took 0.090 seconds
[2026-09-04T14:09:50.499+0000] {processor.py:161} INFO - Started process (PID=55348) to work on /opt/airflow/dags/spark_pipeline_dag.py
[2026-09-04T14:09:50.500+0000] {processor.py:830} INFO - Processing file /opt/airflow/dags/spark_pipeline_dag.py for tasks to queue
[2026-09-04T14:09:50.501+0000] {logging_mixin.py:188} INFO - [2026-09-04T14:09:50.501+0000] {dagbag.py:538} INFO - Filling up the DagBag from /opt/airflow/dags/spark_pipeline_dag.py
[2026-09-04T14:09:50.525+0000] {processor.py:840} INFO - DAG(s) 'air_quality_pipeline' retrieved from /opt/airflow/dags/spark_pipeline_dag.py
[2026-09-04T14:09:50.547+0000] {logging_mixin.py:188} INFO - [2026-09-04T14:09:50.546+0000] {dag.py:3036} INFO - Sync 1 DAGs
[2026-09-04T14:09:50.570+0000] {logging_mixin.py:188} INFO - [2026-09-04T14:09:50.569+0000] {dag.py:3823} INFO - Setting next_dagrun for air_quality_pipeline to 2026-09-04 14:05:00+00:00, run_after=2026-09-04 15:05:00+00:00
[2026-09-04T14:09:50.592+0000] {processor.py:183} INFO - Processing /opt/airflow/dags/spark_pipeline_dag.py took 0.096 seconds
[2026-09-04T14:10:20.990+0000] {processor.py:161} INFO - Started process (PID=55358) to work on /opt/airflow/dags/spark_pipeline_dag.py
[2026-09-04T14:10:20.991+0000] {processor.py:830} INFO - Processing file /opt/airflow/dags/spark_pipeline_dag.py for tasks to queue
[2026-09-04T14:10:20.992+0000] {logging_mixin.py:188} INFO - [2026-09-04T14:10:20.991+0000] {dagbag.py:538} INFO - Filling up the DagBag from /opt/airflow/dags/spark_pipeline_dag.py
[2026-09-04T14:10:21.012+0000] {processor.py:840} INFO - DAG(s) 'air_quality_pipeline' retrieved from /opt/airflow/dags/spark_pipeline_dag.py
[2026-09-04T14:10:21.031+0000] {logging_mixin.py:188} INFO - [2026-09-04T14:10:21.031+0000] {dag.py:3036} INFO - Sync 1 DAGs
[2026-09-04T14:10:21.051+0000] {logging_mixin.py:188} INFO - [2026-09-04T14:10:21.051+0000] {dag.py:3823} INFO - Setting next_dagrun for air_quality_pipeline to 2026-09-04 14:05:00+00:00, run_after=2026-09-04 15:05:00+00:00
[2026-09-04T14:10:21.071+0000] {processor.py:183} INFO - Processing /opt/airflow/dags/spark_pipeline_dag.py took 0.084 seconds
[2026-09-04T14:10:51.530+0000] {processor.py:161} INFO - Started process (PID=55368) to work on /opt/airflow/dags/spark_pipeline_dag.py
[2026-09-04T14:10:51.531+0000] {processor.py:830} INFO - Processing file /opt/airflow/dags/spark_pipeline_dag.py for tasks to queue
[2026-09-04T14:10:51.532+0000] {logging_mixin.py:188} INFO - [2026-09-04T14:10:51.532+0000] {dagbag.py:538} INFO - Filling up the DagBag from /opt/airflow/dags/spark_pipeline_dag.py
[2026-09-04T14:10:51.556+0000] {processor.py:840} INFO - DAG(s) 'air_quality_pipeline' retrieved from /opt/airflow/dags/spark_pipeline_dag.py
[2026-09-04T14:10:51.576+0000] {logging_mixin.py:188} INFO - [2026-09-04T14:10:51.576+0000] {dag.py:3036} INFO - Sync 1 DAGs
[2026-09-04T14:10:51.596+0000] {logging_mixin.py:188} INFO - [2026-09-04T14:10:51.596+0000] {dag.py:3823} INFO - Setting next_dagrun for air_quality_pipeline to 2026-09-04 14:05:00+00:00, run_after=2026-09-04 15:05:00+00:00
[2026-09-04T14:10:51.616+0000] {processor.py:183} INFO - Processing /opt/airflow/dags/spark_pipeline_dag.py took 0.088 seconds
[2026-09-04T14:11:21.973+0000] {processor.py:161} INFO - Started process (PID=55378) to work on /opt/airflow/dags/spark_pipeline_dag.py
[2026-09-04T14:11:21.975+0000] {processor.py:830} INFO - Processing file /opt/airflow/dags/spark_pipeline_dag.py for tasks to queue
[2026-09-04T14:11:21.976+0000] {logging_mixin.py:188} INFO - [2026-09-04T14:11:21.975+0000] {dagbag.py:538} INFO - Filling up the DagBag from /opt/airflow/dags/spark_pipeline_dag.py
[2026-09-04T14:11:21.998+0000] {processor.py:840} INFO - DAG(s) 'air_quality_pipeline' retrieved from /opt/airflow/dags/spark_pipeline_dag.py
[2026-09-04T14:11:22.019+0000] {logging_mixin.py:188} INFO - [2026-09-04T14:11:22.019+0000] {dag.py:3036} INFO - Sync 1 DAGs
[2026-09-04T14:11:22.040+0000] {logging_mixin.py:188} INFO - [2026-09-04T14:11:22.040+0000] {dag.py:3823} INFO - Setting next_dagrun for air_quality_pipeline to 2026-09-04 14:05:00+00:00, run_after=2026-09-04 15:05:00+00:00
[2026-09-04T14:11:22.061+0000] {processor.py:183} INFO - Processing /opt/airflow/dags/spark_pipeline_dag.py took 0.092 seconds
[2026-09-04T14:11:52.409+0000] {processor.py:161} INFO - Started process (PID=55388) to work on /opt/airflow/dags/spark_pipeline_dag.py
[2026-09-04T14:11:52.410+0000] {processor.py:830} INFO - Processing file /opt/airflow/dags/spark_pipeline_dag.py for tasks to queue
[2026-09-04T14:11:52.411+0000] {logging_mixin.py:188} INFO - [2026-09-04T14:11:52.411+0000] {dagbag.py:538} INFO - Filling up the DagBag from /opt/airflow/dags/spark_pipeline_dag.py
[2026-09-04T14:11:52.433+0000] {processor.py:840} INFO - DAG(s) 'air_quality_pipeline' retrieved from /opt/airflow/dags/spark_pipeline_dag.py
[2026-09-04T14:11:52.452+0000] {logging_mixin.py:188} INFO - [2026-09-04T14:11:52.452+0000] {dag.py:3036} INFO - Sync 1 DAGs
[2026-09-04T14:11:52.474+0000] {logging_mixin.py:188} INFO - [2026-09-04T14:11:52.474+0000] {dag.py:3823} INFO - Setting next_dagrun for air_quality_pipeline to 2026-09-04 14:05:00+00:00, run_after=2026-09-04 15:05:00+00:00
[2026-09-04T14:11:52.507+0000] {processor.py:183} INFO - Processing /opt/airflow/dags/spark_pipeline_dag.py took 0.101 seconds
[2026-09-04T14:12:22.864+0000] {processor.py:161} INFO - Started process (PID=55398) to work on /opt/airflow/dags/spark_pipeline_dag.py
[2026-09-04T14:12:22.865+0000] {processor.py:830} INFO - Processing file /opt/airflow/dags/spark_pipeline_dag.py for tasks to queue
[2026-09-04T14:12:22.866+0000] {logging_mixin.py:188} INFO - [2026-09-04T14:12:22.866+0000] {dagbag.py:538} INFO - Filling up the DagBag from /opt/airflow/dags/spark_pipeline_dag.py
[2026-09-04T14:12:22.894+0000] {processor.py:840} INFO - DAG(s) 'air_quality_pipeline' retrieved from /opt/airflow/dags/spark_pipeline_dag.py
[2026-09-04T14:12:22.923+0000] {logging_mixin.py:188} INFO - [2026-09-04T14:12:22.923+0000] {dag.py:3036} INFO - Sync 1 DAGs
[2026-09-04T14:12:22.947+0000] {logging_mixin.py:188} INFO - [2026-09-04T14:12:22.947+0000] {dag.py:3823} INFO - Setting next_dagrun for air_quality_pipeline to 2026-09-04 14:05:00+00:00, run_after=2026-09-04 15:05:00+00:00
[2026-09-04T14:12:22.966+0000] {processor.py:183} INFO - Processing /opt/airflow/dags/spark_pipeline_dag.py took 0.106 seconds
[2026-09-04T14:12:53.304+0000] {processor.py:161} INFO - Started process (PID=55408) to work on /opt/airflow/dags/spark_pipeline_dag.py
[2026-09-04T14:12:53.305+0000] {processor.py:830} INFO - Processing file /opt/airflow/dags/spark_pipeline_dag.py for tasks to queue
[2026-09-04T14:12:53.306+0000] {logging_mixin.py:188} INFO - [2026-09-04T14:12:53.306+0000] {dagbag.py:538} INFO - Filling up the DagBag from /opt/airflow/dags/spark_pipeline_dag.py
[2026-09-04T14:12:53.329+0000] {processor.py:840} INFO - DAG(s) 'air_quality_pipeline' retrieved from /opt/airflow/dags/spark_pipeline_dag.py
[2026-09-04T14:12:53.349+0000] {logging_mixin.py:188} INFO - [2026-09-04T14:12:53.349+0000] {dag.py:3036} INFO - Sync 1 DAGs
[2026-09-04T14:12:53.371+0000] {logging_mixin.py:188} INFO - [2026-09-04T14:12:53.371+0000] {dag.py:3823} INFO - Setting next_dagrun for air_quality_pipeline to 2026-09-04 14:05:00+00:00, run_after=2026-09-04 15:05:00+00:00
[2026-09-04T14:12:53.393+0000] {processor.py:183} INFO - Processing /opt/airflow/dags/spark_pipeline_dag.py took 0.092 seconds
[2026-09-04T14:13:23.857+0000] {processor.py:161} INFO - Started process (PID=55418) to work on /opt/airflow/dags/spark_pipeline_dag.py
[2026-09-04T14:13:23.858+0000] {processor.py:830} INFO - Processing file /opt/airflow/dags/spark_pipeline_dag.py for tasks to queue
[2026-09-04T14:13:23.860+0000] {logging_mixin.py:188} INFO - [2026-09-04T14:13:23.859+0000] {dagbag.py:538} INFO - Filling up the DagBag from /opt/airflow/dags/spark_pipeline_dag.py
[2026-09-04T14:13:23.884+0000] {processor.py:840} INFO - DAG(s) 'air_quality_pipeline' retrieved from /opt/airflow/dags/spark_pipeline_dag.py
[2026-09-04T14:13:23.907+0000] {logging_mixin.py:188} INFO - [2026-09-04T14:13:23.907+0000] {dag.py:3036} INFO - Sync 1 DAGs
[2026-09-04T14:13:23.929+0000] {logging_mixin.py:188} INFO - [2026-09-04T14:13:23.929+0000] {dag.py:3823} INFO - Setting next_dagrun for air_quality_pipeline to 2026-09-04 14:05:00+00:00, run_after=2026-09-04 15:05:00+00:00
[2026-09-04T14:13:23.951+0000] {processor.py:183} INFO - Processing /opt/airflow/dags/spark_pipeline_dag.py took 0.097 seconds
[2026-09-04T14:13:54.356+0000] {processor.py:161} INFO - Started process (PID=55428) to work on /opt/airflow/dags/spark_pipeline_dag.py
[2026-09-04T14:13:54.357+0000] {processor.py:830} INFO - Processing file /opt/airflow/dags/spark_pipeline_dag.py for tasks to queue
[2026-09-04T14:13:54.358+0000] {logging_mixin.py:188} INFO - [2026-09-04T14:13:54.357+0000] {dagbag.py:538} INFO - Filling up the DagBag from /opt/airflow/dags/spark_pipeline_dag.py
[2026-09-04T14:13:54.383+0000] {processor.py:840} INFO - DAG(s) 'air_quality_pipeline' retrieved from /opt/airflow/dags/spark_pipeline_dag.py
[2026-09-04T14:13:54.403+0000] {logging_mixin.py:188} INFO - [2026-09-04T14:13:54.403+0000] {dag.py:3036} INFO - Sync 1 DAGs
[2026-09-04T14:13:54.425+0000] {logging_mixin.py:188} INFO - [2026-09-04T14:13:54.424+0000] {dag.py:3823} INFO - Setting next_dagrun for air_quality_pipeline to 2026-09-04 14:05:00+00:00, run_after=2026-09-04 15:05:00+00:00
[2026-09-04T14:13:54.443+0000] {processor.py:183} INFO - Processing /opt/airflow/dags/spark_pipeline_dag.py took 0.090 seconds
[2026-09-04T14:14:24.796+0000] {processor.py:161} INFO - Started process (PID=55438) to work on /opt/airflow/dags/spark_pipeline_dag.py
[2026-09-04T14:14:24.797+0000] {processor.py:830} INFO - Processing file /opt/airflow/dags/spark_pipeline_dag.py for tasks to queue
[2026-09-04T14:14:24.798+0000] {logging_mixin.py:188} INFO - [2026-09-04T14:14:24.798+0000] {dagbag.py:538} INFO - Filling up the DagBag from /opt/airflow/dags/spark_pipeline_dag.py
[2026-09-04T14:14:24.820+0000] {processor.py:840} INFO - DAG(s) 'air_quality_pipeline' retrieved from /opt/airflow/dags/spark_pipeline_dag.py
[2026-09-04T14:14:24.839+0000] {logging_mixin.py:188} INFO - [2026-09-04T14:14:24.839+0000] {dag.py:3036} INFO - Sync 1 DAGs
[2026-09-04T14:14:24.857+0000] {logging_mixin.py:188} INFO - [2026-09-04T14:14:24.857+0000] {dag.py:3823} INFO - Setting next_dagrun for air_quality_pipeline to 2026-09-04 14:05:00+00:00, run_after=2026-09-04 15:05:00+00:00
[2026-09-04T14:14:24.880+0000] {processor.py:183} INFO - Processing /opt/airflow/dags/spark_pipeline_dag.py took 0.087 seconds
[2026-09-04T14:14:55.208+0000] {processor.py:161} INFO - Started process (PID=55448) to work on /opt/airflow/dags/spark_pipeline_dag.py
[2026-09-04T14:14:55.209+0000] {processor.py:830} INFO - Processing file /opt/airflow/dags/spark_pipeline_dag.py for tasks to queue
[2026-09-04T14:14:55.210+0000] {logging_mixin.py:188} INFO - [2026-09-04T14:14:55.210+0000] {dagbag.py:538} INFO - Filling up the DagBag from /opt/airflow/dags/spark_pipeline_dag.py
[2026-09-04T14:14:55.230+0000] {processor.py:840} INFO - DAG(s) 'air_quality_pipeline' retrieved from /opt/airflow/dags/spark_pipeline_dag.py
[2026-09-04T14:14:55.251+0000] {logging_mixin.py:188} INFO - [2026-09-04T14:14:55.250+0000] {dag.py:3036} INFO - Sync 1 DAGs
[2026-09-04T14:14:55.273+0000] {logging_mixin.py:188} INFO - [2026-09-04T14:14:55.273+0000] {dag.py:3823} INFO - Setting next_dagrun for air_quality_pipeline to 2026-09-04 14:05:00+00:00, run_after=2026-09-04 15:05:00+00:00
[2026-09-04T14:14:55.292+0000] {processor.py:183} INFO - Processing /opt/airflow/dags/spark_pipeline_dag.py took 0.086 seconds
[2026-09-04T14:15:25.667+0000] {processor.py:161} INFO - Started process (PID=55458) to work on /opt/airflow/dags/spark_pipeline_dag.py
[2026-09-04T14:15:25.668+0000] {processor.py:830} INFO - Processing file /opt/airflow/dags/spark_pipeline_dag.py for tasks to queue
[2026-09-04T14:15:25.669+0000] {logging_mixin.py:188} INFO - [2026-09-04T14:15:25.668+0000] {dagbag.py:538} INFO - Filling up the DagBag from /opt/airflow/dags/spark_pipeline_dag.py
[2026-09-04T14:15:25.689+0000] {processor.py:840} INFO - DAG(s) 'air_quality_pipeline' retrieved from /opt/airflow/dags/spark_pipeline_dag.py
[2026-09-04T14:15:25.708+0000] {logging_mixin.py:188} INFO - [2026-09-04T14:15:25.708+0000] {dag.py:3036} INFO - Sync 1 DAGs
[2026-09-04T14:15:25.731+0000] {logging_mixin.py:188} INFO - [2026-09-04T14:15:25.730+0000] {dag.py:3823} INFO - Setting next_dagrun for air_quality_pipeline to 2026-09-04 14:05:00+00:00, run_after=2026-09-04 15:05:00+00:00
[2026-09-04T14:15:25.752+0000] {processor.py:183} INFO - Processing /opt/airflow/dags/spark_pipeline_dag.py took 0.088 seconds
[2026-09-04T14:15:56.098+0000] {processor.py:161} INFO - Started process (PID=55468) to work on /opt/airflow/dags/spark_pipeline_dag.py
[2026-09-04T14:15:56.100+0000] {processor.py:830} INFO - Processing file /opt/airflow/dags/spark_pipeline_dag.py for tasks to queue
[2026-09-04T14:15:56.101+0000] {logging_mixin.py:188} INFO - [2026-09-04T14:15:56.101+0000] {dagbag.py:538} INFO - Filling up the DagBag from /opt/airflow/dags/spark_pipeline_dag.py
[2026-09-04T14:15:56.126+0000] {processor.py:840} INFO - DAG(s) 'air_quality_pipeline' retrieved from /opt/airflow/dags/spark_pipeline_dag.py
[2026-09-04T14:15:56.148+0000] {logging_mixin.py:188} INFO - [2026-09-04T14:15:56.148+0000] {dag.py:3036} INFO - Sync 1 DAGs
[2026-09-04T14:15:56.173+0000] {logging_mixin.py:188} INFO - [2026-09-04T14:15:56.172+0000] {dag.py:3823} INFO - Setting next_dagrun for air_quality_pipeline to 2026-09-04 14:05:00+00:00, run_after=2026-09-04 15:05:00+00:00
[2026-09-04T14:15:56.194+0000] {processor.py:183} INFO - Processing /opt/airflow/dags/spark_pipeline_dag.py took 0.099 seconds
[2026-09-04T14:16:26.537+0000] {processor.py:161} INFO - Started process (PID=55478) to work on /opt/airflow/dags/spark_pipeline_dag.py
[2026-09-04T14:16:26.539+0000] {processor.py:830} INFO - Processing file /opt/airflow/dags/spark_pipeline_dag.py for tasks to queue
[2026-09-04T14:16:26.540+0000] {logging_mixin.py:188} INFO - [2026-09-04T14:16:26.539+0000] {dagbag.py:538} INFO - Filling up the DagBag from /opt/airflow/dags/spark_pipeline_dag.py
[2026-09-04T14:16:26.565+0000] {processor.py:840} INFO - DAG(s) 'air_quality_pipeline' retrieved from /opt/airflow/dags/spark_pipeline_dag.py
[2026-09-04T14:16:26.586+0000] {logging_mixin.py:188} INFO - [2026-09-04T14:16:26.586+0000] {dag.py:3036} INFO - Sync 1 DAGs
[2026-09-04T14:16:26.608+0000] {logging_mixin.py:188} INFO - [2026-09-04T14:16:26.608+0000] {dag.py:3823} INFO - Setting next_dagrun for air_quality_pipeline to 2026-09-04 14:05:00+00:00, run_after=2026-09-04 15:05:00+00:00
[2026-09-04T14:16:26.628+0000] {processor.py:183} INFO - Processing /opt/airflow/dags/spark_pipeline_dag.py took 0.094 seconds
[2026-09-04T14:16:57.059+0000] {processor.py:161} INFO - Started process (PID=55488) to work on /opt/airflow/dags/spark_pipeline_dag.py
[2026-09-04T14:16:57.061+0000] {processor.py:830} INFO - Processing file /opt/airflow/dags/spark_pipeline_dag.py for tasks to queue
[2026-09-04T14:16:57.062+0000] {logging_mixin.py:188} INFO - [2026-09-04T14:16:57.061+0000] {dagbag.py:538} INFO - Filling up the DagBag from /opt/airflow/dags/spark_pipeline_dag.py
[2026-09-04T14:16:57.083+0000] {processor.py:840} INFO - DAG(s) 'air_quality_pipeline' retrieved from /opt/airflow/dags/spark_pipeline_dag.py
[2026-09-04T14:16:57.103+0000] {logging_mixin.py:188} INFO - [2026-09-04T14:16:57.103+0000] {dag.py:3036} INFO - Sync 1 DAGs
[2026-09-04T14:16:57.125+0000] {logging_mixin.py:188} INFO - [2026-09-04T14:16:57.125+0000] {dag.py:3823} INFO - Setting next_dagrun for air_quality_pipeline to 2026-09-04 14:05:00+00:00, run_after=2026-09-04 15:05:00+00:00
[2026-09-04T14:16:57.148+0000] {processor.py:183} INFO - Processing /opt/airflow/dags/spark_pipeline_dag.py took 0.091 seconds
[2026-09-04T14:17:27.470+0000] {processor.py:161} INFO - Started process (PID=55498) to work on /opt/airflow/dags/spark_pipeline_dag.py
[2026-09-04T14:17:27.471+0000] {processor.py:830} INFO - Processing file /opt/airflow/dags/spark_pipeline_dag.py for tasks to queue
[2026-09-04T14:17:27.472+0000] {logging_mixin.py:188} INFO - [2026-09-04T14:17:27.472+0000] {dagbag.py:538} INFO - Filling up the DagBag from /opt/airflow/dags/spark_pipeline_dag.py
[2026-09-04T14:17:27.492+0000] {processor.py:840} INFO - DAG(s) 'air_quality_pipeline' retrieved from /opt/airflow/dags/spark_pipeline_dag.py
[2026-09-04T14:17:27.513+0000] {logging_mixin.py:188} INFO - [2026-09-04T14:17:27.513+0000] {dag.py:3036} INFO - Sync 1 DAGs
[2026-09-04T14:17:27.535+0000] {logging_mixin.py:188} INFO - [2026-09-04T14:17:27.535+0000] {dag.py:3823} INFO - Setting next_dagrun for air_quality_pipeline to 2026-09-04 14:05:00+00:00, run_after=2026-09-04 15:05:00+00:00
[2026-09-04T14:17:27.555+0000] {processor.py:183} INFO - Processing /opt/airflow/dags/spark_pipeline_dag.py took 0.087 seconds
[2026-09-04T14:17:57.979+0000] {processor.py:161} INFO - Started process (PID=55508) to work on /opt/airflow/dags/spark_pipeline_dag.py
[2026-09-04T14:17:57.980+0000] {processor.py:830} INFO - Processing file /opt/airflow/dags/spark_pipeline_dag.py for tasks to queue
[2026-09-04T14:17:57.981+0000] {logging_mixin.py:188} INFO - [2026-09-04T14:17:57.981+0000] {dagbag.py:538} INFO - Filling up the DagBag from /opt/airflow/dags/spark_pipeline_dag.py
[2026-09-04T14:17:58.009+0000] {processor.py:840} INFO - DAG(s) 'air_quality_pipeline' retrieved from /opt/airflow/dags/spark_pipeline_dag.py
[2026-09-04T14:17:58.030+0000] {logging_mixin.py:188} INFO - [2026-09-04T14:17:58.030+0000] {dag.py:3036} INFO - Sync 1 DAGs
[2026-09-04T14:17:58.052+0000] {logging_mixin.py:188} INFO - [2026-09-04T14:17:58.052+0000] {dag.py:3823} INFO - Setting next_dagrun for air_quality_pipeline to 2026-09-04 14:05:00+00:00, run_after=2026-09-04 15:05:00+00:00
[2026-09-04T14:17:58.074+0000] {processor.py:183} INFO - Processing /opt/airflow/dags/spark_pipeline_dag.py took 0.099 seconds
[2026-09-04T14:18:28.513+0000] {processor.py:161} INFO - Started process (PID=55518) to work on /opt/airflow/dags/spark_pipeline_dag.py
[2026-09-04T14:18:28.514+0000] {processor.py:830} INFO - Processing file /opt/airflow/dags/spark_pipeline_dag.py for tasks to queue
[2026-09-04T14:18:28.515+0000] {logging_mixin.py:188} INFO - [2026-09-04T14:18:28.515+0000] {dagbag.py:538} INFO - Filling up the DagBag from /opt/airflow/dags/spark_pipeline_dag.py
[2026-09-04T14:18:28.537+0000] {processor.py:840} INFO - DAG(s) 'air_quality_pipeline' retrieved from /opt/airflow/dags/spark_pipeline_dag.py
[2026-09-04T14:18:28.556+0000] {logging_mixin.py:188} INFO - [2026-09-04T14:18:28.555+0000] {dag.py:3036} INFO - Sync 1 DAGs
[2026-09-04T14:18:28.575+0000] {logging_mixin.py:188} INFO - [2026-09-04T14:18:28.574+0000] {dag.py:3823} INFO - Setting next_dagrun for air_quality_pipeline to 2026-09-04 14:05:00+00:00, run_after=2026-09-04 15:05:00+00:00
[2026-09-04T14:18:28.597+0000] {processor.py:183} INFO - Processing /opt/airflow/dags/spark_pipeline_dag.py took 0.087 seconds
[2026-09-04T14:18:58.978+0000] {processor.py:161} INFO - Started process (PID=55528) to work on /opt/airflow/dags/spark_pipeline_dag.py
[2026-09-04T14:18:58.979+0000] {processor.py:830} INFO - Processing file /opt/airflow/dags/spark_pipeline_dag.py for tasks to queue
[2026-09-04T14:18:58.980+0000] {logging_mixin.py:188} INFO - [2026-09-04T14:18:58.980+0000] {dagbag.py:538} INFO - Filling up the DagBag from /opt/airflow/dags/spark_pipeline_dag.py
[2026-09-04T14:18:59.003+0000] {processor.py:840} INFO - DAG(s) 'air_quality_pipeline' retrieved from /opt/airflow/dags/spark_pipeline_dag.py
[2026-09-04T14:18:59.023+0000] {logging_mixin.py:188} INFO - [2026-09-04T14:18:59.023+0000] {dag.py:3036} INFO - Sync 1 DAGs
[2026-09-04T14:18:59.044+0000] {logging_mixin.py:188} INFO - [2026-09-04T14:18:59.043+0000] {dag.py:3823} INFO - Setting next_dagrun for air_quality_pipeline to 2026-09-04 14:05:00+00:00, run_after=2026-09-04 15:05:00+00:00
[2026-09-04T14:18:59.062+0000] {processor.py:183} INFO - Processing /opt/airflow/dags/spark_pipeline_dag.py took 0.087 seconds
[2026-09-04T14:19:29.447+0000] {processor.py:161} INFO - Started process (PID=55538) to work on /opt/airflow/dags/spark_pipeline_dag.py
[2026-09-04T14:19:29.449+0000] {processor.py:830} INFO - Processing file /opt/airflow/dags/spark_pipeline_dag.py for tasks to queue
[2026-09-04T14:19:29.450+0000] {logging_mixin.py:188} INFO - [2026-09-04T14:19:29.450+0000] {dagbag.py:538} INFO - Filling up the DagBag from /opt/airflow/dags/spark_pipeline_dag.py
[2026-09-04T14:19:29.479+0000] {processor.py:840} INFO - DAG(s) 'air_quality_pipeline' retrieved from /opt/airflow/dags/spark_pipeline_dag.py
[2026-09-04T14:19:29.502+0000] {logging_mixin.py:188} INFO - [2026-09-04T14:19:29.502+0000] {dag.py:3036} INFO - Sync 1 DAGs
[2026-09-04T14:19:29.523+0000] {logging_mixin.py:188} INFO - [2026-09-04T14:19:29.523+0000] {dag.py:3823} INFO - Setting next_dagrun for air_quality_pipeline to 2026-09-04 14:05:00+00:00, run_after=2026-09-04 15:05:00+00:00
[2026-09-04T14:19:29.544+0000] {processor.py:183} INFO - Processing /opt/airflow/dags/spark_pipeline_dag.py took 0.099 seconds
[2026-09-04T14:19:59.858+0000] {processor.py:161} INFO - Started process (PID=55548) to work on /opt/airflow/dags/spark_pipeline_dag.py
[2026-09-04T14:19:59.859+0000] {processor.py:830} INFO - Processing file /opt/airflow/dags/spark_pipeline_dag.py for tasks to queue
[2026-09-04T14:19:59.860+0000] {logging_mixin.py:188} INFO - [2026-09-04T14:19:59.860+0000] {dagbag.py:538} INFO - Filling up the DagBag from /opt/airflow/dags/spark_pipeline_dag.py
[2026-09-04T14:19:59.882+0000] {processor.py:840} INFO - DAG(s) 'air_quality_pipeline' retrieved from /opt/airflow/dags/spark_pipeline_dag.py
[2026-09-04T14:19:59.908+0000] {logging_mixin.py:188} INFO - [2026-09-04T14:19:59.907+0000] {dag.py:3036} INFO - Sync 1 DAGs
[2026-09-04T14:19:59.930+0000] {logging_mixin.py:188} INFO - [2026-09-04T14:19:59.930+0000] {dag.py:3823} INFO - Setting next_dagrun for air_quality_pipeline to 2026-09-04 14:05:00+00:00, run_after=2026-09-04 15:05:00+00:00
[2026-09-04T14:19:59.949+0000] {processor.py:183} INFO - Processing /opt/airflow/dags/spark_pipeline_dag.py took 0.094 seconds
[2026-09-04T14:20:30.321+0000] {processor.py:161} INFO - Started process (PID=55558) to work on /opt/airflow/dags/spark_pipeline_dag.py
[2026-09-04T14:20:30.322+0000] {processor.py:830} INFO - Processing file /opt/airflow/dags/spark_pipeline_dag.py for tasks to queue
[2026-09-04T14:20:30.323+0000] {logging_mixin.py:188} INFO - [2026-09-04T14:20:30.323+0000] {dagbag.py:538} INFO - Filling up the DagBag from /opt/airflow/dags/spark_pipeline_dag.py
[2026-09-04T14:20:30.343+0000] {processor.py:840} INFO - DAG(s) 'air_quality_pipeline' retrieved from /opt/airflow/dags/spark_pipeline_dag.py
[2026-09-04T14:20:30.362+0000] {logging_mixin.py:188} INFO - [2026-09-04T14:20:30.361+0000] {dag.py:3036} INFO - Sync 1 DAGs
[2026-09-04T14:20:30.384+0000] {logging_mixin.py:188} INFO - [2026-09-04T14:20:30.384+0000] {dag.py:3823} INFO - Setting next_dagrun for air_quality_pipeline to 2026-09-04 14:05:00+00:00, run_after=2026-09-04 15:05:00+00:00
[2026-09-04T14:20:30.407+0000] {processor.py:183} INFO - Processing /opt/airflow/dags/spark_pipeline_dag.py took 0.088 seconds
[2026-09-04T14:21:00.828+0000] {processor.py:161} INFO - Started process (PID=55568) to work on /opt/airflow/dags/spark_pipeline_dag.py
[2026-09-04T14:21:00.829+0000] {processor.py:830} INFO - Processing file /opt/airflow/dags/spark_pipeline_dag.py for tasks to queue
[2026-09-04T14:21:00.830+0000] {logging_mixin.py:188} INFO - [2026-09-04T14:21:00.830+0000] {dagbag.py:538} INFO - Filling up the DagBag from /opt/airflow/dags/spark_pipeline_dag.py
[2026-09-04T14:21:00.853+0000] {processor.py:840} INFO - DAG(s) 'air_quality_pipeline' retrieved from /opt/airflow/dags/spark_pipeline_dag.py
[2026-09-04T14:21:00.874+0000] {logging_mixin.py:188} INFO - [2026-09-04T14:21:00.874+0000] {dag.py:3036} INFO - Sync 1 DAGs
[2026-09-04T14:21:00.898+0000] {logging_mixin.py:188} INFO - [2026-09-04T14:21:00.898+0000] {dag.py:3823} INFO - Setting next_dagrun for air_quality_pipeline to 2026-09-04 14:05:00+00:00, run_after=2026-09-04 15:05:00+00:00
[2026-09-04T14:21:00.921+0000] {processor.py:183} INFO - Processing /opt/airflow/dags/spark_pipeline_dag.py took 0.095 seconds
[2026-09-04T14:21:31.327+0000] {processor.py:161} INFO - Started process (PID=55578) to work on /opt/airflow/dags/spark_pipeline_dag.py
[2026-09-04T14:21:31.328+0000] {processor.py:830} INFO - Processing file /opt/airflow/dags/spark_pipeline_dag.py for tasks to queue
[2026-09-04T14:21:31.329+0000] {logging_mixin.py:188} INFO - [2026-09-04T14:21:31.329+0000] {dagbag.py:538} INFO - Filling up the DagBag from /opt/airflow/dags/spark_pipeline_dag.py
[2026-09-04T14:21:31.351+0000] {processor.py:840} INFO - DAG(s) 'air_quality_pipeline' retrieved from /opt/airflow/dags/spark_pipeline_dag.py
[2026-09-04T14:21:31.375+0000] {logging_mixin.py:188} INFO - [2026-09-04T14:21:31.374+0000] {dag.py:3036} INFO - Sync 1 DAGs
[2026-09-04T14:21:31.400+0000] {logging_mixin.py:188} INFO - [2026-09-04T14:21:31.400+0000] {dag.py:3823} INFO - Setting next_dagrun for air_quality_pipeline to 2026-09-04 14:05:00+00:00, run_after=2026-09-04 15:05:00+00:00
[2026-09-04T14:21:31.422+0000] {processor.py:183} INFO - Processing /opt/airflow/dags/spark_pipeline_dag.py took 0.098 seconds
[2026-09-04T14:22:01.772+0000] {processor.py:161} INFO - Started process (PID=55588) to work on /opt/airflow/dags/spark_pipeline_dag.py
[2026-09-04T14:22:01.773+0000] {processor.py:830} INFO - Processing file /opt/airflow/dags/spark_pipeline_dag.py for tasks to queue
[2026-09-04T14:22:01.774+0000] {logging_mixin.py:188} INFO - [2026-09-04T14:22:01.774+0000] {dagbag.py:538} INFO - Filling up the DagBag from /opt/airflow/dags/spark_pipeline_dag.py
[2026-09-04T14:22:01.797+0000] {processor.py:840} INFO - DAG(s) 'air_quality_pipeline' retrieved from /opt/airflow/dags/spark_pipeline_dag.py
[2026-09-04T14:22:01.816+0000] {logging_mixin.py:188} INFO - [2026-09-04T14:22:01.815+0000] {dag.py:3036} INFO - Sync 1 DAGs
[2026-09-04T14:22:01.835+0000] {logging_mixin.py:188} INFO - [2026-09-04T14:22:01.835+0000] {dag.py:3823} INFO - Setting next_dagrun for air_quality_pipeline to 2026-09-04 14:05:00+00:00, run_after=2026-09-04 15:05:00+00:00
[2026-09-04T14:22:01.857+0000] {processor.py:183} INFO - Processing /opt/airflow/dags/spark_pipeline_dag.py took 0.088 seconds
[2026-09-04T14:22:32.226+0000] {processor.py:161} INFO - Started process (PID=55598) to work on /opt/airflow/dags/spark_pipeline_dag.py
[2026-09-04T14:22:32.227+0000] {processor.py:830} INFO - Processing file /opt/airflow/dags/spark_pipeline_dag.py for tasks to queue
[2026-09-04T14:22:32.228+0000] {logging_mixin.py:188} INFO - [2026-09-04T14:22:32.228+0000] {dagbag.py:538} INFO - Filling up the DagBag from /opt/airflow/dags/spark_pipeline_dag.py
[2026-09-04T14:22:32.250+0000] {processor.py:840} INFO - DAG(s) 'air_quality_pipeline' retrieved from /opt/airflow/dags/spark_pipeline_dag.py
[2026-09-04T14:22:32.272+0000] {logging_mixin.py:188} INFO - [2026-09-04T14:22:32.272+0000] {dag.py:3036} INFO - Sync 1 DAGs
[2026-09-04T14:22:32.294+0000] {logging_mixin.py:188} INFO - [2026-09-04T14:22:32.294+0000] {dag.py:3823} INFO - Setting next_dagrun for air_quality_pipeline to 2026-09-04 14:05:00+00:00, run_after=2026-09-04 15:05:00+00:00
[2026-09-04T14:22:32.316+0000] {processor.py:183} INFO - Processing /opt/airflow/dags/spark_pipeline_dag.py took 0.092 seconds
[2026-09-04T14:23:02.694+0000] {processor.py:161} INFO - Started process (PID=55608) to work on /opt/airflow/dags/spark_pipeline_dag.py
[2026-09-04T14:23:02.695+0000] {processor.py:830} INFO - Processing file /opt/airflow/dags/spark_pipeline_dag.py for tasks to queue
[2026-09-04T14:23:02.696+0000] {logging_mixin.py:188} INFO - [2026-09-04T14:23:02.696+0000] {dagbag.py:538} INFO - Filling up the DagBag from /opt/airflow/dags/spark_pipeline_dag.py
[2026-09-04T14:23:02.718+0000] {processor.py:840} INFO - DAG(s) 'air_quality_pipeline' retrieved from /opt/airflow/dags/spark_pipeline_dag.py
[2026-09-04T14:23:02.737+0000] {logging_mixin.py:188} INFO - [2026-09-04T14:23:02.736+0000] {dag.py:3036} INFO - Sync 1 DAGs
[2026-09-04T14:23:02.758+0000] {logging_mixin.py:188} INFO - [2026-09-04T14:23:02.758+0000] {dag.py:3823} INFO - Setting next_dagrun for air_quality_pipeline to 2026-09-04 14:05:00+00:00, run_after=2026-09-04 15:05:00+00:00
[2026-09-04T14:23:02.777+0000] {processor.py:183} INFO - Processing /opt/airflow/dags/spark_pipeline_dag.py took 0.086 seconds
[2026-09-04T14:23:33.210+0000] {processor.py:161} INFO - Started process (PID=55618) to work on /opt/airflow/dags/spark_pipeline_dag.py
[2026-09-04T14:23:33.211+0000] {processor.py:830} INFO - Processing file /opt/airflow/dags/spark_pipeline_dag.py for tasks to queue
[2026-09-04T14:23:33.212+0000] {logging_mixin.py:188} INFO - [2026-09-04T14:23:33.212+0000] {dagbag.py:538} INFO - Filling up the DagBag from /opt/airflow/dags/spark_pipeline_dag.py
[2026-09-04T14:23:33.234+0000] {processor.py:840} INFO - DAG(s) 'air_quality_pipeline' retrieved from /opt/airflow/dags/spark_pipeline_dag.py
[2026-09-04T14:23:33.256+0000] {logging_mixin.py:188} INFO - [2026-09-04T14:23:33.256+0000] {dag.py:3036} INFO - Sync 1 DAGs
[2026-09-04T14:23:33.281+0000] {logging_mixin.py:188} INFO - [2026-09-04T14:23:33.280+0000] {dag.py:3823} INFO - Setting next_dagrun for air_quality_pipeline to 2026-09-04 14:05:00+00:00, run_after=2026-09-04 15:05:00+00:00
[2026-09-04T14:23:33.301+0000] {processor.py:183} INFO - Processing /opt/airflow/dags/spark_pipeline_dag.py took 0.094 seconds
[2026-09-04T14:24:03.738+0000] {processor.py:161} INFO - Started process (PID=55628) to work on /opt/airflow/dags/spark_pipeline_dag.py
[2026-09-04T14:24:03.738+0000] {processor.py:830} INFO - Processing file /opt/airflow/dags/spark_pipeline_dag.py for tasks to queue
[2026-09-04T14:24:03.739+0000] {logging_mixin.py:188} INFO - [2026-09-04T14:24:03.739+0000] {dagbag.py:538} INFO - Filling up the DagBag from /opt/airflow/dags/spark_pipeline_dag.py
[2026-09-04T14:24:03.760+0000] {processor.py:840} INFO - DAG(s) 'air_quality_pipeline' retrieved from /opt/airflow/dags/spark_pipeline_dag.py
[2026-09-04T14:24:03.779+0000] {logging_mixin.py:188} INFO - [2026-09-04T14:24:03.778+0000] {dag.py:3036} INFO - Sync 1 DAGs
[2026-09-04T14:24:03.801+0000] {logging_mixin.py:188} INFO - [2026-09-04T14:24:03.801+0000] {dag.py:3823} INFO - Setting next_dagrun for air_quality_pipeline to 2026-09-04 14:05:00+00:00, run_after=2026-09-04 15:05:00+00:00
[2026-09-04T14:24:03.820+0000] {processor.py:183} INFO - Processing /opt/airflow/dags/spark_pipeline_dag.py took 0.085 seconds
[2026-09-04T14:24:34.246+0000] {processor.py:161} INFO - Started process (PID=55638) to work on /opt/airflow/dags/spark_pipeline_dag.py
[2026-09-04T14:24:34.248+0000] {processor.py:830} INFO - Processing file /opt/airflow/dags/spark_pipeline_dag.py for tasks to queue
[2026-09-04T14:24:34.249+0000] {logging_mixin.py:188} INFO - [2026-09-04T14:24:34.248+0000] {dagbag.py:538} INFO - Filling up the DagBag from /opt/airflow/dags/spark_pipeline_dag.py
[2026-09-04T14:24:34.271+0000] {processor.py:840} INFO - DAG(s) 'air_quality_pipeline' retrieved from /opt/airflow/dags/spark_pipeline_dag.py
[2026-09-04T14:24:34.295+0000] {logging_mixin.py:188} INFO - [2026-09-04T14:24:34.295+0000] {dag.py:3036} INFO - Sync 1 DAGs
[2026-09-04T14:24:34.319+0000] {logging_mixin.py:188} INFO - [2026-09-04T14:24:34.319+0000] {dag.py:3823} INFO - Setting next_dagrun for air_quality_pipeline to 2026-09-04 14:05:00+00:00, run_after=2026-09-04 15:05:00+00:00
[2026-09-04T14:24:34.344+0000] {processor.py:183} INFO - Processing /opt/airflow/dags/spark_pipeline_dag.py took 0.100 seconds
[2026-09-04T14:25:04.766+0000] {processor.py:161} INFO - Started process (PID=55648) to work on /opt/airflow/dags/spark_pipeline_dag.py
[2026-09-04T14:25:04.767+0000] {processor.py:830} INFO - Processing file /opt/airflow/dags/spark_pipeline_dag.py for tasks to queue
[2026-09-04T14:25:04.768+0000] {logging_mixin.py:188} INFO - [2026-09-04T14:25:04.768+0000] {dagbag.py:538} INFO - Filling up the DagBag from /opt/airflow/dags/spark_pipeline_dag.py
[2026-09-04T14:25:04.788+0000] {processor.py:840} INFO - DAG(s) 'air_quality_pipeline' retrieved from /opt/airflow/dags/spark_pipeline_dag.py
[2026-09-04T14:25:04.810+0000] {logging_mixin.py:188} INFO - [2026-09-04T14:25:04.809+0000] {dag.py:3036} INFO - Sync 1 DAGs
[2026-09-04T14:25:04.834+0000] {logging_mixin.py:188} INFO - [2026-09-04T14:25:04.834+0000] {dag.py:3823} INFO - Setting next_dagrun for air_quality_pipeline to 2026-09-04 14:05:00+00:00, run_after=2026-09-04 15:05:00+00:00
[2026-09-04T14:25:04.857+0000] {processor.py:183} INFO - Processing /opt/airflow/dags/spark_pipeline_dag.py took 0.094 seconds
[2026-09-04T14:25:35.290+0000] {processor.py:161} INFO - Started process (PID=55658) to work on /opt/airflow/dags/spark_pipeline_dag.py
[2026-09-04T14:25:35.291+0000] {processor.py:830} INFO - Processing file /opt/airflow/dags/spark_pipeline_dag.py for tasks to queue
[2026-09-04T14:25:35.292+0000] {logging_mixin.py:188} INFO - [2026-09-04T14:25:35.291+0000] {dagbag.py:538} INFO - Filling up the DagBag from /opt/airflow/dags/spark_pipeline_dag.py
[2026-09-04T14:25:35.315+0000] {processor.py:840} INFO - DAG(s) 'air_quality_pipeline' retrieved from /opt/airflow/dags/spark_pipeline_dag.py
[2026-09-04T14:25:35.332+0000] {logging_mixin.py:188} INFO - [2026-09-04T14:25:35.332+0000] {dag.py:3036} INFO - Sync 1 DAGs
[2026-09-04T14:25:35.351+0000] {logging_mixin.py:188} INFO - [2026-09-04T14:25:35.350+0000] {dag.py:3823} INFO - Setting next_dagrun for air_quality_pipeline to 2026-09-04 14:05:00+00:00, run_after=2026-09-04 15:05:00+00:00
[2026-09-04T14:25:35.370+0000] {processor.py:183} INFO - Processing /opt/airflow/dags/spark_pipeline_dag.py took 0.084 seconds
[2026-09-04T14:26:05.684+0000] {processor.py:161} INFO - Started process (PID=55668) to work on /opt/airflow/dags/spark_pipeline_dag.py
[2026-09-04T14:26:05.686+0000] {processor.py:830} INFO - Processing file /opt/airflow/dags/spark_pipeline_dag.py for tasks to queue
[2026-09-04T14:26:05.687+0000] {logging_mixin.py:188} INFO - [2026-09-04T14:26:05.686+0000] {dagbag.py:538} INFO - Filling up the DagBag from /opt/airflow/dags/spark_pipeline_dag.py
[2026-09-04T14:26:05.707+0000] {processor.py:840} INFO - DAG(s) 'air_quality_pipeline' retrieved from /opt/airflow/dags/spark_pipeline_dag.py
[2026-09-04T14:26:05.727+0000] {logging_mixin.py:188} INFO - [2026-09-04T14:26:05.727+0000] {dag.py:3036} INFO - Sync 1 DAGs
[2026-09-04T14:26:05.748+0000] {logging_mixin.py:188} INFO - [2026-09-04T14:26:05.748+0000] {dag.py:3823} INFO - Setting next_dagrun for air_quality_pipeline to 2026-09-04 14:05:00+00:00, run_after=2026-09-04 15:05:00+00:00
[2026-09-04T14:26:05.769+0000] {processor.py:183} INFO - Processing /opt/airflow/dags/spark_pipeline_dag.py took 0.087 seconds
[2026-09-04T14:26:36.126+0000] {processor.py:161} INFO - Started process (PID=55678) to work on /opt/airflow/dags/spark_pipeline_dag.py
[2026-09-04T14:26:36.128+0000] {processor.py:830} INFO - Processing file /opt/airflow/dags/spark_pipeline_dag.py for tasks to queue
[2026-09-04T14:26:36.129+0000] {logging_mixin.py:188} INFO - [2026-09-04T14:26:36.129+0000] {dagbag.py:538} INFO - Filling up the DagBag from /opt/airflow/dags/spark_pipeline_dag.py
[2026-09-04T14:26:36.153+0000] {processor.py:840} INFO - DAG(s) 'air_quality_pipeline' retrieved from /opt/airflow/dags/spark_pipeline_dag.py
[2026-09-04T14:26:36.175+0000] {logging_mixin.py:188} INFO - [2026-09-04T14:26:36.175+0000] {dag.py:3036} INFO - Sync 1 DAGs
[2026-09-04T14:26:36.195+0000] {logging_mixin.py:188} INFO - [2026-09-04T14:26:36.195+0000] {dag.py:3823} INFO - Setting next_dagrun for air_quality_pipeline to 2026-09-04 14:05:00+00:00, run_after=2026-09-04 15:05:00+00:00
[2026-09-04T14:26:36.217+0000] {processor.py:183} INFO - Processing /opt/airflow/dags/spark_pipeline_dag.py took 0.093 seconds
[2026-09-04T14:27:06.587+0000] {processor.py:161} INFO - Started process (PID=55688) to work on /opt/airflow/dags/spark_pipeline_dag.py
[2026-09-04T14:27:06.588+0000] {processor.py:830} INFO - Processing file /opt/airflow/dags/spark_pipeline_dag.py for tasks to queue
[2026-09-04T14:27:06.591+0000] {logging_mixin.py:188} INFO - [2026-09-04T14:27:06.591+0000] {dagbag.py:538} INFO - Filling up the DagBag from /opt/airflow/dags/spark_pipeline_dag.py
[2026-09-04T14:27:06.614+0000] {processor.py:840} INFO - DAG(s) 'air_quality_pipeline' retrieved from /opt/airflow/dags/spark_pipeline_dag.py
[2026-09-04T14:27:06.636+0000] {logging_mixin.py:188} INFO - [2026-09-04T14:27:06.636+0000] {dag.py:3036} INFO - Sync 1 DAGs
[2026-09-04T14:27:06.658+0000] {logging_mixin.py:188} INFO - [2026-09-04T14:27:06.658+0000] {dag.py:3823} INFO - Setting next_dagrun for air_quality_pipeline to 2026-09-04 14:05:00+00:00, run_after=2026-09-04 15:05:00+00:00
[2026-09-04T14:27:06.678+0000] {processor.py:183} INFO - Processing /opt/airflow/dags/spark_pipeline_dag.py took 0.094 seconds
[2026-09-04T14:27:37.075+0000] {processor.py:161} INFO - Started process (PID=55698) to work on /opt/airflow/dags/spark_pipeline_dag.py
[2026-09-04T14:27:37.076+0000] {processor.py:830} INFO - Processing file /opt/airflow/dags/spark_pipeline_dag.py for tasks to queue
[2026-09-04T14:27:37.078+0000] {logging_mixin.py:188} INFO - [2026-09-04T14:27:37.078+0000] {dagbag.py:538} INFO - Filling up the DagBag from /opt/airflow/dags/spark_pipeline_dag.py
[2026-09-04T14:27:37.099+0000] {processor.py:840} INFO - DAG(s) 'air_quality_pipeline' retrieved from /opt/airflow/dags/spark_pipeline_dag.py
[2026-09-04T14:27:37.120+0000] {logging_mixin.py:188} INFO - [2026-09-04T14:27:37.120+0000] {dag.py:3036} INFO - Sync 1 DAGs
[2026-09-04T14:27:37.142+0000] {logging_mixin.py:188} INFO - [2026-09-04T14:27:37.142+0000] {dag.py:3823} INFO - Setting next_dagrun for air_quality_pipeline to 2026-09-04 14:05:00+00:00, run_after=2026-09-04 15:05:00+00:00
[2026-09-04T14:27:37.162+0000] {processor.py:183} INFO - Processing /opt/airflow/dags/spark_pipeline_dag.py took 0.090 seconds
[2026-09-04T14:28:07.669+0000] {processor.py:161} INFO - Started process (PID=55708) to work on /opt/airflow/dags/spark_pipeline_dag.py
[2026-09-04T14:28:07.670+0000] {processor.py:830} INFO - Processing file /opt/airflow/dags/spark_pipeline_dag.py for tasks to queue
[2026-09-04T14:28:07.671+0000] {logging_mixin.py:188} INFO - [2026-09-04T14:28:07.671+0000] {dagbag.py:538} INFO - Filling up the DagBag from /opt/airflow/dags/spark_pipeline_dag.py
[2026-09-04T14:28:07.691+0000] {processor.py:840} INFO - DAG(s) 'air_quality_pipeline' retrieved from /opt/airflow/dags/spark_pipeline_dag.py
[2026-09-04T14:28:07.711+0000] {logging_mixin.py:188} INFO - [2026-09-04T14:28:07.711+0000] {dag.py:3036} INFO - Sync 1 DAGs
[2026-09-04T14:28:07.734+0000] {logging_mixin.py:188} INFO - [2026-09-04T14:28:07.733+0000] {dag.py:3823} INFO - Setting next_dagrun for air_quality_pipeline to 2026-09-04 14:05:00+00:00, run_after=2026-09-04 15:05:00+00:00
[2026-09-04T14:28:07.753+0000] {processor.py:183} INFO - Processing /opt/airflow/dags/spark_pipeline_dag.py took 0.088 seconds
[2026-09-04T14:28:38.200+0000] {processor.py:161} INFO - Started process (PID=55718) to work on /opt/airflow/dags/spark_pipeline_dag.py
[2026-09-04T14:28:38.201+0000] {processor.py:830} INFO - Processing file /opt/airflow/dags/spark_pipeline_dag.py for tasks to queue
[2026-09-04T14:28:38.202+0000] {logging_mixin.py:188} INFO - [2026-09-04T14:28:38.202+0000] {dagbag.py:538} INFO - Filling up the DagBag from /opt/airflow/dags/spark_pipeline_dag.py
[2026-09-04T14:28:38.226+0000] {processor.py:840} INFO - DAG(s) 'air_quality_pipeline' retrieved from /opt/airflow/dags/spark_pipeline_dag.py
[2026-09-04T14:28:38.246+0000] {logging_mixin.py:188} INFO - [2026-09-04T14:28:38.246+0000] {dag.py:3036} INFO - Sync 1 DAGs
[2026-09-04T14:28:38.269+0000] {logging_mixin.py:188} INFO - [2026-09-04T14:28:38.269+0000] {dag.py:3823} INFO - Setting next_dagrun for air_quality_pipeline to 2026-09-04 14:05:00+00:00, run_after=2026-09-04 15:05:00+00:00
[2026-09-04T14:28:38.293+0000] {processor.py:183} INFO - Processing /opt/airflow/dags/spark_pipeline_dag.py took 0.096 seconds
[2026-09-04T14:29:08.727+0000] {processor.py:161} INFO - Started process (PID=55728) to work on /opt/airflow/dags/spark_pipeline_dag.py
[2026-09-04T14:29:08.729+0000] {processor.py:830} INFO - Processing file /opt/airflow/dags/spark_pipeline_dag.py for tasks to queue
[2026-09-04T14:29:08.730+0000] {logging_mixin.py:188} INFO - [2026-09-04T14:29:08.730+0000] {dagbag.py:538} INFO - Filling up the DagBag from /opt/airflow/dags/spark_pipeline_dag.py
[2026-09-04T14:29:08.753+0000] {processor.py:840} INFO - DAG(s) 'air_quality_pipeline' retrieved from /opt/airflow/dags/spark_pipeline_dag.py
[2026-09-04T14:29:08.773+0000] {logging_mixin.py:188} INFO - [2026-09-04T14:29:08.773+0000] {dag.py:3036} INFO - Sync 1 DAGs
[2026-09-04T14:29:08.794+0000] {logging_mixin.py:188} INFO - [2026-09-04T14:29:08.794+0000] {dag.py:3823} INFO - Setting next_dagrun for air_quality_pipeline to 2026-09-04 14:05:00+00:00, run_after=2026-09-04 15:05:00+00:00
[2026-09-04T14:29:08.812+0000] {processor.py:183} INFO - Processing /opt/airflow/dags/spark_pipeline_dag.py took 0.088 seconds
[2026-09-04T14:29:39.256+0000] {processor.py:161} INFO - Started process (PID=55738) to work on /opt/airflow/dags/spark_pipeline_dag.py
[2026-09-04T14:29:39.258+0000] {processor.py:830} INFO - Processing file /opt/airflow/dags/spark_pipeline_dag.py for tasks to queue
[2026-09-04T14:29:39.258+0000] {logging_mixin.py:188} INFO - [2026-09-04T14:29:39.258+0000] {dagbag.py:538} INFO - Filling up the DagBag from /opt/airflow/dags/spark_pipeline_dag.py
[2026-09-04T14:29:39.285+0000] {processor.py:840} INFO - DAG(s) 'air_quality_pipeline' retrieved from /opt/airflow/dags/spark_pipeline_dag.py
[2026-09-04T14:29:39.304+0000] {logging_mixin.py:188} INFO - [2026-09-04T14:29:39.304+0000] {dag.py:3036} INFO - Sync 1 DAGs
[2026-09-04T14:29:39.325+0000] {logging_mixin.py:188} INFO - [2026-09-04T14:29:39.325+0000] {dag.py:3823} INFO - Setting next_dagrun for air_quality_pipeline to 2026-09-04 14:05:00+00:00, run_after=2026-09-04 15:05:00+00:00
[2026-09-04T14:29:39.349+0000] {processor.py:183} INFO - Processing /opt/airflow/dags/spark_pipeline_dag.py took 0.095 seconds
[2026-09-04T14:30:09.770+0000] {processor.py:161} INFO - Started process (PID=55748) to work on /opt/airflow/dags/spark_pipeline_dag.py
[2026-09-04T14:30:09.771+0000] {processor.py:830} INFO - Processing file /opt/airflow/dags/spark_pipeline_dag.py for tasks to queue
[2026-09-04T14:30:09.773+0000] {logging_mixin.py:188} INFO - [2026-09-04T14:30:09.772+0000] {dagbag.py:538} INFO - Filling up the DagBag from /opt/airflow/dags/spark_pipeline_dag.py
[2026-09-04T14:30:09.795+0000] {processor.py:840} INFO - DAG(s) 'air_quality_pipeline' retrieved from /opt/airflow/dags/spark_pipeline_dag.py
[2026-09-04T14:30:09.816+0000] {logging_mixin.py:188} INFO - [2026-09-04T14:30:09.816+0000] {dag.py:3036} INFO - Sync 1 DAGs
[2026-09-04T14:30:09.842+0000] {logging_mixin.py:188} INFO - [2026-09-04T14:30:09.841+0000] {dag.py:3823} INFO - Setting next_dagrun for air_quality_pipeline to 2026-09-04 14:05:00+00:00, run_after=2026-09-04 15:05:00+00:00
[2026-09-04T14:30:09.868+0000] {processor.py:183} INFO - Processing /opt/airflow/dags/spark_pipeline_dag.py took 0.101 seconds
[2026-09-04T14:30:40.363+0000] {processor.py:161} INFO - Started process (PID=55758) to work on /opt/airflow/dags/spark_pipeline_dag.py
[2026-09-04T14:30:40.366+0000] {processor.py:830} INFO - Processing file /opt/airflow/dags/spark_pipeline_dag.py for tasks to queue
[2026-09-04T14:30:40.367+0000] {logging_mixin.py:188} INFO - [2026-09-04T14:30:40.367+0000] {dagbag.py:538} INFO - Filling up the DagBag from /opt/airflow/dags/spark_pipeline_dag.py
[2026-09-04T14:30:40.393+0000] {processor.py:840} INFO - DAG(s) 'air_quality_pipeline' retrieved from /opt/airflow/dags/spark_pipeline_dag.py
[2026-09-04T14:30:40.413+0000] {logging_mixin.py:188} INFO - [2026-09-04T14:30:40.413+0000] {dag.py:3036} INFO - Sync 1 DAGs
[2026-09-04T14:30:40.438+0000] {logging_mixin.py:188} INFO - [2026-09-04T14:30:40.438+0000] {dag.py:3823} INFO - Setting next_dagrun for air_quality_pipeline to 2026-09-04 14:05:00+00:00, run_after=2026-09-04 15:05:00+00:00
[2026-09-04T14:30:40.455+0000] {processor.py:183} INFO - Processing /opt/airflow/dags/spark_pipeline_dag.py took 0.094 seconds
[2026-09-04T14:31:10.890+0000] {processor.py:161} INFO - Started process (PID=55768) to work on /opt/airflow/dags/spark_pipeline_dag.py
[2026-09-04T14:31:10.891+0000] {processor.py:830} INFO - Processing file /opt/airflow/dags/spark_pipeline_dag.py for tasks to queue
[2026-09-04T14:31:10.892+0000] {logging_mixin.py:188} INFO - [2026-09-04T14:31:10.892+0000] {dagbag.py:538} INFO - Filling up the DagBag from /opt/airflow/dags/spark_pipeline_dag.py
[2026-09-04T14:31:10.913+0000] {processor.py:840} INFO - DAG(s) 'air_quality_pipeline' retrieved from /opt/airflow/dags/spark_pipeline_dag.py
[2026-09-04T14:31:10.936+0000] {logging_mixin.py:188} INFO - [2026-09-04T14:31:10.936+0000] {dag.py:3036} INFO - Sync 1 DAGs
[2026-09-04T14:31:10.962+0000] {logging_mixin.py:188} INFO - [2026-09-04T14:31:10.962+0000] {dag.py:3823} INFO - Setting next_dagrun for air_quality_pipeline to 2026-09-04 14:05:00+00:00, run_after=2026-09-04 15:05:00+00:00
[2026-09-04T14:31:10.980+0000] {processor.py:183} INFO - Processing /opt/airflow/dags/spark_pipeline_dag.py took 0.094 seconds
[2026-09-04T14:31:41.436+0000] {processor.py:161} INFO - Started process (PID=55778) to work on /opt/airflow/dags/spark_pipeline_dag.py
[2026-09-04T14:31:41.437+0000] {processor.py:830} INFO - Processing file /opt/airflow/dags/spark_pipeline_dag.py for tasks to queue
[2026-09-04T14:31:41.438+0000] {logging_mixin.py:188} INFO - [2026-09-04T14:31:41.438+0000] {dagbag.py:538} INFO - Filling up the DagBag from /opt/airflow/dags/spark_pipeline_dag.py
[2026-09-04T14:31:41.462+0000] {processor.py:840} INFO - DAG(s) 'air_quality_pipeline' retrieved from /opt/airflow/dags/spark_pipeline_dag.py
[2026-09-04T14:31:41.480+0000] {logging_mixin.py:188} INFO - [2026-09-04T14:31:41.480+0000] {dag.py:3036} INFO - Sync 1 DAGs
[2026-09-04T14:31:41.499+0000] {logging_mixin.py:188} INFO - [2026-09-04T14:31:41.499+0000] {dag.py:3823} INFO - Setting next_dagrun for air_quality_pipeline to 2026-09-04 14:05:00+00:00, run_after=2026-09-04 15:05:00+00:00
[2026-09-04T14:31:41.520+0000] {processor.py:183} INFO - Processing /opt/airflow/dags/spark_pipeline_dag.py took 0.087 seconds
[2026-09-04T14:32:11.876+0000] {processor.py:161} INFO - Started process (PID=55788) to work on /opt/airflow/dags/spark_pipeline_dag.py
[2026-09-04T14:32:11.878+0000] {processor.py:830} INFO - Processing file /opt/airflow/dags/spark_pipeline_dag.py for tasks to queue
[2026-09-04T14:32:11.879+0000] {logging_mixin.py:188} INFO - [2026-09-04T14:32:11.879+0000] {dagbag.py:538} INFO - Filling up the DagBag from /opt/airflow/dags/spark_pipeline_dag.py
[2026-09-04T14:32:11.895+0000] {processor.py:840} INFO - DAG(s) 'air_quality_pipeline' retrieved from /opt/airflow/dags/spark_pipeline_dag.py
[2026-09-04T14:32:11.913+0000] {logging_mixin.py:188} INFO - [2026-09-04T14:32:11.913+0000] {dag.py:3036} INFO - Sync 1 DAGs
[2026-09-04T14:32:11.932+0000] {logging_mixin.py:188} INFO - [2026-09-04T14:32:11.932+0000] {dag.py:3823} INFO - Setting next_dagrun for air_quality_pipeline to 2026-09-04 14:05:00+00:00, run_after=2026-09-04 15:05:00+00:00
[2026-09-04T14:32:11.950+0000] {processor.py:183} INFO - Processing /opt/airflow/dags/spark_pipeline_dag.py took 0.077 seconds
[2026-09-04T14:32:42.358+0000] {processor.py:161} INFO - Started process (PID=55798) to work on /opt/airflow/dags/spark_pipeline_dag.py
[2026-09-04T14:32:42.360+0000] {processor.py:830} INFO - Processing file /opt/airflow/dags/spark_pipeline_dag.py for tasks to queue
[2026-09-04T14:32:42.361+0000] {logging_mixin.py:188} INFO - [2026-09-04T14:32:42.361+0000] {dagbag.py:538} INFO - Filling up the DagBag from /opt/airflow/dags/spark_pipeline_dag.py
[2026-09-04T14:32:42.378+0000] {processor.py:840} INFO - DAG(s) 'air_quality_pipeline' retrieved from /opt/airflow/dags/spark_pipeline_dag.py
[2026-09-04T14:32:42.396+0000] {logging_mixin.py:188} INFO - [2026-09-04T14:32:42.396+0000] {dag.py:3036} INFO - Sync 1 DAGs
[2026-09-04T14:32:42.415+0000] {logging_mixin.py:188} INFO - [2026-09-04T14:32:42.414+0000] {dag.py:3823} INFO - Setting next_dagrun for air_quality_pipeline to 2026-09-04 14:05:00+00:00, run_after=2026-09-04 15:05:00+00:00
[2026-09-04T14:32:42.433+0000] {processor.py:183} INFO - Processing /opt/airflow/dags/spark_pipeline_dag.py took 0.077 seconds
[2026-09-04T14:33:12.927+0000] {processor.py:161} INFO - Started process (PID=55808) to work on /opt/airflow/dags/spark_pipeline_dag.py
[2026-09-04T14:33:12.928+0000] {processor.py:830} INFO - Processing file /opt/airflow/dags/spark_pipeline_dag.py for tasks to queue
[2026-09-04T14:33:12.929+0000] {logging_mixin.py:188} INFO - [2026-09-04T14:33:12.929+0000] {dagbag.py:538} INFO - Filling up the DagBag from /opt/airflow/dags/spark_pipeline_dag.py
[2026-09-04T14:33:12.947+0000] {processor.py:840} INFO - DAG(s) 'air_quality_pipeline' retrieved from /opt/airflow/dags/spark_pipeline_dag.py
[2026-09-04T14:33:12.969+0000] {logging_mixin.py:188} INFO - [2026-09-04T14:33:12.969+0000] {dag.py:3036} INFO - Sync 1 DAGs
[2026-09-04T14:33:12.991+0000] {logging_mixin.py:188} INFO - [2026-09-04T14:33:12.991+0000] {dag.py:3823} INFO - Setting next_dagrun for air_quality_pipeline to 2026-09-04 14:05:00+00:00, run_after=2026-09-04 15:05:00+00:00
[2026-09-04T14:33:13.010+0000] {processor.py:183} INFO - Processing /opt/airflow/dags/spark_pipeline_dag.py took 0.086 seconds
[2026-09-04T14:33:43.576+0000] {processor.py:161} INFO - Started process (PID=55818) to work on /opt/airflow/dags/spark_pipeline_dag.py
[2026-09-04T14:33:43.577+0000] {processor.py:830} INFO - Processing file /opt/airflow/dags/spark_pipeline_dag.py for tasks to queue
[2026-09-04T14:33:43.579+0000] {logging_mixin.py:188} INFO - [2026-09-04T14:33:43.579+0000] {dagbag.py:538} INFO - Filling up the DagBag from /opt/airflow/dags/spark_pipeline_dag.py
[2026-09-04T14:33:43.598+0000] {processor.py:840} INFO - DAG(s) 'air_quality_pipeline' retrieved from /opt/airflow/dags/spark_pipeline_dag.py
[2026-09-04T14:33:43.615+0000] {logging_mixin.py:188} INFO - [2026-09-04T14:33:43.615+0000] {dag.py:3036} INFO - Sync 1 DAGs
[2026-09-04T14:33:43.635+0000] {logging_mixin.py:188} INFO - [2026-09-04T14:33:43.635+0000] {dag.py:3823} INFO - Setting next_dagrun for air_quality_pipeline to 2026-09-04 14:05:00+00:00, run_after=2026-09-04 15:05:00+00:00
[2026-09-04T14:33:43.655+0000] {processor.py:183} INFO - Processing /opt/airflow/dags/spark_pipeline_dag.py took 0.081 seconds
[2026-09-04T14:34:14.119+0000] {processor.py:161} INFO - Started process (PID=55828) to work on /opt/airflow/dags/spark_pipeline_dag.py
[2026-09-04T14:34:14.120+0000] {processor.py:830} INFO - Processing file /opt/airflow/dags/spark_pipeline_dag.py for tasks to queue
[2026-09-04T14:34:14.121+0000] {logging_mixin.py:188} INFO - [2026-09-04T14:34:14.120+0000] {dagbag.py:538} INFO - Filling up the DagBag from /opt/airflow/dags/spark_pipeline_dag.py
[2026-09-04T14:34:14.141+0000] {processor.py:840} INFO - DAG(s) 'air_quality_pipeline' retrieved from /opt/airflow/dags/spark_pipeline_dag.py
[2026-09-04T14:34:14.159+0000] {logging_mixin.py:188} INFO - [2026-09-04T14:34:14.159+0000] {dag.py:3036} INFO - Sync 1 DAGs
[2026-09-04T14:34:14.179+0000] {logging_mixin.py:188} INFO - [2026-09-04T14:34:14.179+0000] {dag.py:3823} INFO - Setting next_dagrun for air_quality_pipeline to 2026-09-04 14:05:00+00:00, run_after=2026-09-04 15:05:00+00:00
[2026-09-04T14:34:14.202+0000] {processor.py:183} INFO - Processing /opt/airflow/dags/spark_pipeline_dag.py took 0.086 seconds
[2026-09-04T14:34:44.640+0000] {processor.py:161} INFO - Started process (PID=55838) to work on /opt/airflow/dags/spark_pipeline_dag.py
[2026-09-04T14:34:44.641+0000] {processor.py:830} INFO - Processing file /opt/airflow/dags/spark_pipeline_dag.py for tasks to queue
[2026-09-04T14:34:44.643+0000] {logging_mixin.py:188} INFO - [2026-09-04T14:34:44.642+0000] {dagbag.py:538} INFO - Filling up the DagBag from /opt/airflow/dags/spark_pipeline_dag.py
[2026-09-04T14:34:44.664+0000] {processor.py:840} INFO - DAG(s) 'air_quality_pipeline' retrieved from /opt/airflow/dags/spark_pipeline_dag.py
[2026-09-04T14:34:44.684+0000] {logging_mixin.py:188} INFO - [2026-09-04T14:34:44.684+0000] {dag.py:3036} INFO - Sync 1 DAGs
[2026-09-04T14:34:44.702+0000] {logging_mixin.py:188} INFO - [2026-09-04T14:34:44.702+0000] {dag.py:3823} INFO - Setting next_dagrun for air_quality_pipeline to 2026-09-04 14:05:00+00:00, run_after=2026-09-04 15:05:00+00:00
[2026-09-04T14:34:44.719+0000] {processor.py:183} INFO - Processing /opt/airflow/dags/spark_pipeline_dag.py took 0.082 seconds
[2026-09-04T14:35:15.107+0000] {processor.py:161} INFO - Started process (PID=55848) to work on /opt/airflow/dags/spark_pipeline_dag.py
[2026-09-04T14:35:15.109+0000] {processor.py:830} INFO - Processing file /opt/airflow/dags/spark_pipeline_dag.py for tasks to queue
[2026-09-04T14:35:15.109+0000] {logging_mixin.py:188} INFO - [2026-09-04T14:35:15.109+0000] {dagbag.py:538} INFO - Filling up the DagBag from /opt/airflow/dags/spark_pipeline_dag.py
[2026-09-04T14:35:15.128+0000] {processor.py:840} INFO - DAG(s) 'air_quality_pipeline' retrieved from /opt/airflow/dags/spark_pipeline_dag.py
[2026-09-04T14:35:15.150+0000] {logging_mixin.py:188} INFO - [2026-09-04T14:35:15.150+0000] {dag.py:3036} INFO - Sync 1 DAGs
[2026-09-04T14:35:15.170+0000] {logging_mixin.py:188} INFO - [2026-09-04T14:35:15.170+0000] {dag.py:3823} INFO - Setting next_dagrun for air_quality_pipeline to 2026-09-04 14:05:00+00:00, run_after=2026-09-04 15:05:00+00:00
[2026-09-04T14:35:15.187+0000] {processor.py:183} INFO - Processing /opt/airflow/dags/spark_pipeline_dag.py took 0.083 seconds
[2026-09-04T14:35:45.594+0000] {processor.py:161} INFO - Started process (PID=55858) to work on /opt/airflow/dags/spark_pipeline_dag.py
[2026-09-04T14:35:45.595+0000] {processor.py:830} INFO - Processing file /opt/airflow/dags/spark_pipeline_dag.py for tasks to queue
[2026-09-04T14:35:45.596+0000] {logging_mixin.py:188} INFO - [2026-09-04T14:35:45.596+0000] {dagbag.py:538} INFO - Filling up the DagBag from /opt/airflow/dags/spark_pipeline_dag.py
[2026-09-04T14:35:45.616+0000] {processor.py:840} INFO - DAG(s) 'air_quality_pipeline' retrieved from /opt/airflow/dags/spark_pipeline_dag.py
[2026-09-04T14:35:45.635+0000] {logging_mixin.py:188} INFO - [2026-09-04T14:35:45.635+0000] {dag.py:3036} INFO - Sync 1 DAGs
[2026-09-04T14:35:45.655+0000] {logging_mixin.py:188} INFO - [2026-09-04T14:35:45.655+0000] {dag.py:3823} INFO - Setting next_dagrun for air_quality_pipeline to 2026-09-04 14:05:00+00:00, run_after=2026-09-04 15:05:00+00:00
[2026-09-04T14:35:45.684+0000] {processor.py:183} INFO - Processing /opt/airflow/dags/spark_pipeline_dag.py took 0.092 seconds
[2026-09-04T14:36:16.072+0000] {processor.py:161} INFO - Started process (PID=55868) to work on /opt/airflow/dags/spark_pipeline_dag.py
[2026-09-04T14:36:16.074+0000] {processor.py:830} INFO - Processing file /opt/airflow/dags/spark_pipeline_dag.py for tasks to queue
[2026-09-04T14:36:16.075+0000] {logging_mixin.py:188} INFO - [2026-09-04T14:36:16.075+0000] {dagbag.py:538} INFO - Filling up the DagBag from /opt/airflow/dags/spark_pipeline_dag.py
[2026-09-04T14:36:16.100+0000] {processor.py:840} INFO - DAG(s) 'air_quality_pipeline' retrieved from /opt/airflow/dags/spark_pipeline_dag.py
[2026-09-04T14:36:16.122+0000] {logging_mixin.py:188} INFO - [2026-09-04T14:36:16.121+0000] {dag.py:3036} INFO - Sync 1 DAGs
[2026-09-04T14:36:16.144+0000] {logging_mixin.py:188} INFO - [2026-09-04T14:36:16.144+0000] {dag.py:3823} INFO - Setting next_dagrun for air_quality_pipeline to 2026-09-04 14:05:00+00:00, run_after=2026-09-04 15:05:00+00:00
[2026-09-04T14:36:16.165+0000] {processor.py:183} INFO - Processing /opt/airflow/dags/spark_pipeline_dag.py took 0.095 seconds
[2026-09-04T14:36:46.757+0000] {processor.py:161} INFO - Started process (PID=55878) to work on /opt/airflow/dags/spark_pipeline_dag.py
[2026-09-04T14:36:46.758+0000] {processor.py:830} INFO - Processing file /opt/airflow/dags/spark_pipeline_dag.py for tasks to queue
[2026-09-04T14:36:46.760+0000] {logging_mixin.py:188} INFO - [2026-09-04T14:36:46.759+0000] {dagbag.py:538} INFO - Filling up the DagBag from /opt/airflow/dags/spark_pipeline_dag.py
[2026-09-04T14:36:46.787+0000] {processor.py:840} INFO - DAG(s) 'air_quality_pipeline' retrieved from /opt/airflow/dags/spark_pipeline_dag.py
[2026-09-04T14:36:46.807+0000] {logging_mixin.py:188} INFO - [2026-09-04T14:36:46.806+0000] {dag.py:3036} INFO - Sync 1 DAGs
[2026-09-04T14:36:46.829+0000] {logging_mixin.py:188} INFO - [2026-09-04T14:36:46.829+0000] {dag.py:3823} INFO - Setting next_dagrun for air_quality_pipeline to 2026-09-04 14:05:00+00:00, run_after=2026-09-04 15:05:00+00:00
[2026-09-04T14:36:46.853+0000] {processor.py:183} INFO - Processing /opt/airflow/dags/spark_pipeline_dag.py took 0.099 seconds
[2026-09-04T14:37:17.393+0000] {processor.py:161} INFO - Started process (PID=55888) to work on /opt/airflow/dags/spark_pipeline_dag.py
[2026-09-04T14:37:17.394+0000] {processor.py:830} INFO - Processing file /opt/airflow/dags/spark_pipeline_dag.py for tasks to queue
[2026-09-04T14:37:17.395+0000] {logging_mixin.py:188} INFO - [2026-09-04T14:37:17.395+0000] {dagbag.py:538} INFO - Filling up the DagBag from /opt/airflow/dags/spark_pipeline_dag.py
[2026-09-04T14:37:17.418+0000] {processor.py:840} INFO - DAG(s) 'air_quality_pipeline' retrieved from /opt/airflow/dags/spark_pipeline_dag.py
[2026-09-04T14:37:17.439+0000] {logging_mixin.py:188} INFO - [2026-09-04T14:37:17.439+0000] {dag.py:3036} INFO - Sync 1 DAGs
[2026-09-04T14:37:17.461+0000] {logging_mixin.py:188} INFO - [2026-09-04T14:37:17.461+0000] {dag.py:3823} INFO - Setting next_dagrun for air_quality_pipeline to 2026-09-04 14:05:00+00:00, run_after=2026-09-04 15:05:00+00:00
[2026-09-04T14:37:17.480+0000] {processor.py:183} INFO - Processing /opt/airflow/dags/spark_pipeline_dag.py took 0.090 seconds
[2026-09-04T14:37:48.042+0000] {processor.py:161} INFO - Started process (PID=55898) to work on /opt/airflow/dags/spark_pipeline_dag.py
[2026-09-04T14:37:48.043+0000] {processor.py:830} INFO - Processing file /opt/airflow/dags/spark_pipeline_dag.py for tasks to queue
[2026-09-04T14:37:48.044+0000] {logging_mixin.py:188} INFO - [2026-09-04T14:37:48.044+0000] {dagbag.py:538} INFO - Filling up the DagBag from /opt/airflow/dags/spark_pipeline_dag.py
[2026-09-04T14:37:48.065+0000] {processor.py:840} INFO - DAG(s) 'air_quality_pipeline' retrieved from /opt/airflow/dags/spark_pipeline_dag.py
[2026-09-04T14:37:48.083+0000] {logging_mixin.py:188} INFO - [2026-09-04T14:37:48.082+0000] {dag.py:3036} INFO - Sync 1 DAGs
[2026-09-04T14:37:48.102+0000] {logging_mixin.py:188} INFO - [2026-09-04T14:37:48.102+0000] {dag.py:3823} INFO - Setting next_dagrun for air_quality_pipeline to 2026-09-04 14:05:00+00:00, run_after=2026-09-04 15:05:00+00:00
[2026-09-04T14:37:48.119+0000] {processor.py:183} INFO - Processing /opt/airflow/dags/spark_pipeline_dag.py took 0.080 seconds
[2026-09-04T14:38:18.443+0000] {processor.py:161} INFO - Started process (PID=55908) to work on /opt/airflow/dags/spark_pipeline_dag.py
[2026-09-04T14:38:18.444+0000] {processor.py:830} INFO - Processing file /opt/airflow/dags/spark_pipeline_dag.py for tasks to queue
[2026-09-04T14:38:18.445+0000] {logging_mixin.py:188} INFO - [2026-09-04T14:38:18.445+0000] {dagbag.py:538} INFO - Filling up the DagBag from /opt/airflow/dags/spark_pipeline_dag.py
[2026-09-04T14:38:18.464+0000] {processor.py:840} INFO - DAG(s) 'air_quality_pipeline' retrieved from /opt/airflow/dags/spark_pipeline_dag.py
[2026-09-04T14:38:18.484+0000] {logging_mixin.py:188} INFO - [2026-09-04T14:38:18.484+0000] {dag.py:3036} INFO - Sync 1 DAGs
[2026-09-04T14:38:18.504+0000] {logging_mixin.py:188} INFO - [2026-09-04T14:38:18.504+0000] {dag.py:3823} INFO - Setting next_dagrun for air_quality_pipeline to 2026-09-04 14:05:00+00:00, run_after=2026-09-04 15:05:00+00:00
[2026-09-04T14:38:18.522+0000] {processor.py:183} INFO - Processing /opt/airflow/dags/spark_pipeline_dag.py took 0.081 seconds
[2026-09-04T14:38:48.957+0000] {processor.py:161} INFO - Started process (PID=55918) to work on /opt/airflow/dags/spark_pipeline_dag.py
[2026-09-04T14:38:48.958+0000] {processor.py:830} INFO - Processing file /opt/airflow/dags/spark_pipeline_dag.py for tasks to queue
[2026-09-04T14:38:48.959+0000] {logging_mixin.py:188} INFO - [2026-09-04T14:38:48.958+0000] {dagbag.py:538} INFO - Filling up the DagBag from /opt/airflow/dags/spark_pipeline_dag.py
[2026-09-04T14:38:48.978+0000] {processor.py:840} INFO - DAG(s) 'air_quality_pipeline' retrieved from /opt/airflow/dags/spark_pipeline_dag.py
[2026-09-04T14:38:48.998+0000] {logging_mixin.py:188} INFO - [2026-09-04T14:38:48.998+0000] {dag.py:3036} INFO - Sync 1 DAGs
[2026-09-04T14:38:49.019+0000] {logging_mixin.py:188} INFO - [2026-09-04T14:38:49.019+0000] {dag.py:3823} INFO - Setting next_dagrun for air_quality_pipeline to 2026-09-04 14:05:00+00:00, run_after=2026-09-04 15:05:00+00:00
[2026-09-04T14:38:49.038+0000] {processor.py:183} INFO - Processing /opt/airflow/dags/spark_pipeline_dag.py took 0.084 seconds
[2026-09-04T14:39:19.583+0000] {processor.py:161} INFO - Started process (PID=55928) to work on /opt/airflow/dags/spark_pipeline_dag.py
[2026-09-04T14:39:19.585+0000] {processor.py:830} INFO - Processing file /opt/airflow/dags/spark_pipeline_dag.py for tasks to queue
[2026-09-04T14:39:19.586+0000] {logging_mixin.py:188} INFO - [2026-09-04T14:39:19.586+0000] {dagbag.py:538} INFO - Filling up the DagBag from /opt/airflow/dags/spark_pipeline_dag.py
[2026-09-04T14:39:19.604+0000] {processor.py:840} INFO - DAG(s) 'air_quality_pipeline' retrieved from /opt/airflow/dags/spark_pipeline_dag.py
[2026-09-04T14:39:19.622+0000] {logging_mixin.py:188} INFO - [2026-09-04T14:39:19.622+0000] {dag.py:3036} INFO - Sync 1 DAGs
[2026-09-04T14:39:19.640+0000] {logging_mixin.py:188} INFO - [2026-09-04T14:39:19.640+0000] {dag.py:3823} INFO - Setting next_dagrun for air_quality_pipeline to 2026-09-04 14:05:00+00:00, run_after=2026-09-04 15:05:00+00:00
[2026-09-04T14:39:19.657+0000] {processor.py:183} INFO - Processing /opt/airflow/dags/spark_pipeline_dag.py took 0.076 seconds
[2026-09-04T14:39:50.366+0000] {processor.py:161} INFO - Started process (PID=55938) to work on /opt/airflow/dags/spark_pipeline_dag.py
[2026-09-04T14:39:50.367+0000] {processor.py:830} INFO - Processing file /opt/airflow/dags/spark_pipeline_dag.py for tasks to queue
[2026-09-04T14:39:50.367+0000] {logging_mixin.py:188} INFO - [2026-09-04T14:39:50.367+0000] {dagbag.py:538} INFO - Filling up the DagBag from /opt/airflow/dags/spark_pipeline_dag.py
[2026-09-04T14:39:50.389+0000] {processor.py:840} INFO - DAG(s) 'air_quality_pipeline' retrieved from /opt/airflow/dags/spark_pipeline_dag.py
[2026-09-04T14:39:50.407+0000] {logging_mixin.py:188} INFO - [2026-09-04T14:39:50.406+0000] {dag.py:3036} INFO - Sync 1 DAGs
[2026-09-04T14:39:50.424+0000] {logging_mixin.py:188} INFO - [2026-09-04T14:39:50.424+0000] {dag.py:3823} INFO - Setting next_dagrun for air_quality_pipeline to 2026-09-04 14:05:00+00:00, run_after=2026-09-04 15:05:00+00:00
[2026-09-04T14:39:50.444+0000] {processor.py:183} INFO - Processing /opt/airflow/dags/spark_pipeline_dag.py took 0.081 seconds
[2026-09-04T14:40:20.837+0000] {processor.py:161} INFO - Started process (PID=55948) to work on /opt/airflow/dags/spark_pipeline_dag.py
[2026-09-04T14:40:20.838+0000] {processor.py:830} INFO - Processing file /opt/airflow/dags/spark_pipeline_dag.py for tasks to queue
[2026-09-04T14:40:20.840+0000] {logging_mixin.py:188} INFO - [2026-09-04T14:40:20.839+0000] {dagbag.py:538} INFO - Filling up the DagBag from /opt/airflow/dags/spark_pipeline_dag.py
[2026-09-04T14:40:20.864+0000] {processor.py:840} INFO - DAG(s) 'air_quality_pipeline' retrieved from /opt/airflow/dags/spark_pipeline_dag.py
[2026-09-04T14:40:20.888+0000] {logging_mixin.py:188} INFO - [2026-09-04T14:40:20.888+0000] {dag.py:3036} INFO - Sync 1 DAGs
[2026-09-04T14:40:20.905+0000] {logging_mixin.py:188} INFO - [2026-09-04T14:40:20.905+0000] {dag.py:3823} INFO - Setting next_dagrun for air_quality_pipeline to 2026-09-04 14:05:00+00:00, run_after=2026-09-04 15:05:00+00:00
[2026-09-04T14:40:20.922+0000] {processor.py:183} INFO - Processing /opt/airflow/dags/spark_pipeline_dag.py took 0.090 seconds
[2026-09-04T14:40:51.372+0000] {processor.py:161} INFO - Started process (PID=55958) to work on /opt/airflow/dags/spark_pipeline_dag.py
[2026-09-04T14:40:51.374+0000] {processor.py:830} INFO - Processing file /opt/airflow/dags/spark_pipeline_dag.py for tasks to queue
[2026-09-04T14:40:51.375+0000] {logging_mixin.py:188} INFO - [2026-09-04T14:40:51.375+0000] {dagbag.py:538} INFO - Filling up the DagBag from /opt/airflow/dags/spark_pipeline_dag.py
[2026-09-04T14:40:51.402+0000] {processor.py:840} INFO - DAG(s) 'air_quality_pipeline' retrieved from /opt/airflow/dags/spark_pipeline_dag.py
[2026-09-04T14:40:51.420+0000] {logging_mixin.py:188} INFO - [2026-09-04T14:40:51.420+0000] {dag.py:3036} INFO - Sync 1 DAGs
[2026-09-04T14:40:51.439+0000] {logging_mixin.py:188} INFO - [2026-09-04T14:40:51.439+0000] {dag.py:3823} INFO - Setting next_dagrun for air_quality_pipeline to 2026-09-04 14:05:00+00:00, run_after=2026-09-04 15:05:00+00:00
[2026-09-04T14:40:51.457+0000] {processor.py:183} INFO - Processing /opt/airflow/dags/spark_pipeline_dag.py took 0.088 seconds
[2026-09-04T14:41:21.897+0000] {processor.py:161} INFO - Started process (PID=55968) to work on /opt/airflow/dags/spark_pipeline_dag.py
[2026-09-04T14:41:21.898+0000] {processor.py:830} INFO - Processing file /opt/airflow/dags/spark_pipeline_dag.py for tasks to queue
[2026-09-04T14:41:21.899+0000] {logging_mixin.py:188} INFO - [2026-09-04T14:41:21.898+0000] {dagbag.py:538} INFO - Filling up the DagBag from /opt/airflow/dags/spark_pipeline_dag.py
[2026-09-04T14:41:21.921+0000] {processor.py:840} INFO - DAG(s) 'air_quality_pipeline' retrieved from /opt/airflow/dags/spark_pipeline_dag.py
[2026-09-04T14:41:21.940+0000] {logging_mixin.py:188} INFO - [2026-09-04T14:41:21.939+0000] {dag.py:3036} INFO - Sync 1 DAGs
[2026-09-04T14:41:21.958+0000] {logging_mixin.py:188} INFO - [2026-09-04T14:41:21.958+0000] {dag.py:3823} INFO - Setting next_dagrun for air_quality_pipeline to 2026-09-04 14:05:00+00:00, run_after=2026-09-04 15:05:00+00:00
[2026-09-04T14:41:21.974+0000] {processor.py:183} INFO - Processing /opt/airflow/dags/spark_pipeline_dag.py took 0.079 seconds
[2026-09-04T14:41:52.368+0000] {processor.py:161} INFO - Started process (PID=55978) to work on /opt/airflow/dags/spark_pipeline_dag.py
[2026-09-04T14:41:52.370+0000] {processor.py:830} INFO - Processing file /opt/airflow/dags/spark_pipeline_dag.py for tasks to queue
[2026-09-04T14:41:52.371+0000] {logging_mixin.py:188} INFO - [2026-09-04T14:41:52.370+0000] {dagbag.py:538} INFO - Filling up the DagBag from /opt/airflow/dags/spark_pipeline_dag.py
[2026-09-04T14:41:52.393+0000] {processor.py:840} INFO - DAG(s) 'air_quality_pipeline' retrieved from /opt/airflow/dags/spark_pipeline_dag.py
[2026-09-04T14:41:52.413+0000] {logging_mixin.py:188} INFO - [2026-09-04T14:41:52.413+0000] {dag.py:3036} INFO - Sync 1 DAGs
[2026-09-04T14:41:52.435+0000] {logging_mixin.py:188} INFO - [2026-09-04T14:41:52.434+0000] {dag.py:3823} INFO - Setting next_dagrun for air_quality_pipeline to 2026-09-04 14:05:00+00:00, run_after=2026-09-04 15:05:00+00:00
[2026-09-04T14:41:52.452+0000] {processor.py:183} INFO - Processing /opt/airflow/dags/spark_pipeline_dag.py took 0.087 seconds
[2026-09-04T14:42:22.809+0000] {processor.py:161} INFO - Started process (PID=55988) to work on /opt/airflow/dags/spark_pipeline_dag.py
[2026-09-04T14:42:22.810+0000] {processor.py:830} INFO - Processing file /opt/airflow/dags/spark_pipeline_dag.py for tasks to queue
[2026-09-04T14:42:22.812+0000] {logging_mixin.py:188} INFO - [2026-09-04T14:42:22.812+0000] {dagbag.py:538} INFO - Filling up the DagBag from /opt/airflow/dags/spark_pipeline_dag.py
[2026-09-04T14:42:22.827+0000] {processor.py:840} INFO - DAG(s) 'air_quality_pipeline' retrieved from /opt/airflow/dags/spark_pipeline_dag.py
[2026-09-04T14:42:22.844+0000] {logging_mixin.py:188} INFO - [2026-09-04T14:42:22.844+0000] {dag.py:3036} INFO - Sync 1 DAGs
[2026-09-04T14:42:22.863+0000] {logging_mixin.py:188} INFO - [2026-09-04T14:42:22.862+0000] {dag.py:3823} INFO - Setting next_dagrun for air_quality_pipeline to 2026-09-04 14:05:00+00:00, run_after=2026-09-04 15:05:00+00:00
[2026-09-04T14:42:22.880+0000] {processor.py:183} INFO - Processing /opt/airflow/dags/spark_pipeline_dag.py took 0.073 seconds
[2026-09-04T14:42:53.234+0000] {processor.py:161} INFO - Started process (PID=55998) to work on /opt/airflow/dags/spark_pipeline_dag.py
[2026-09-04T14:42:53.235+0000] {processor.py:830} INFO - Processing file /opt/airflow/dags/spark_pipeline_dag.py for tasks to queue
[2026-09-04T14:42:53.236+0000] {logging_mixin.py:188} INFO - [2026-09-04T14:42:53.236+0000] {dagbag.py:538} INFO - Filling up the DagBag from /opt/airflow/dags/spark_pipeline_dag.py
[2026-09-04T14:42:53.259+0000] {processor.py:840} INFO - DAG(s) 'air_quality_pipeline' retrieved from /opt/airflow/dags/spark_pipeline_dag.py
[2026-09-04T14:42:53.279+0000] {logging_mixin.py:188} INFO - [2026-09-04T14:42:53.279+0000] {dag.py:3036} INFO - Sync 1 DAGs
[2026-09-04T14:42:53.300+0000] {logging_mixin.py:188} INFO - [2026-09-04T14:42:53.300+0000] {dag.py:3823} INFO - Setting next_dagrun for air_quality_pipeline to 2026-09-04 14:05:00+00:00, run_after=2026-09-04 15:05:00+00:00
[2026-09-04T14:42:53.322+0000] {processor.py:183} INFO - Processing /opt/airflow/dags/spark_pipeline_dag.py took 0.091 seconds
[2026-09-04T14:43:23.856+0000] {processor.py:161} INFO - Started process (PID=56008) to work on /opt/airflow/dags/spark_pipeline_dag.py
[2026-09-04T14:43:23.857+0000] {processor.py:830} INFO - Processing file /opt/airflow/dags/spark_pipeline_dag.py for tasks to queue
[2026-09-04T14:43:23.858+0000] {logging_mixin.py:188} INFO - [2026-09-04T14:43:23.858+0000] {dagbag.py:538} INFO - Filling up the DagBag from /opt/airflow/dags/spark_pipeline_dag.py
[2026-09-04T14:43:23.878+0000] {processor.py:840} INFO - DAG(s) 'air_quality_pipeline' retrieved from /opt/airflow/dags/spark_pipeline_dag.py
[2026-09-04T14:43:23.899+0000] {logging_mixin.py:188} INFO - [2026-09-04T14:43:23.899+0000] {dag.py:3036} INFO - Sync 1 DAGs
[2026-09-04T14:43:23.920+0000] {logging_mixin.py:188} INFO - [2026-09-04T14:43:23.920+0000] {dag.py:3823} INFO - Setting next_dagrun for air_quality_pipeline to 2026-09-04 14:05:00+00:00, run_after=2026-09-04 15:05:00+00:00
[2026-09-04T14:43:23.939+0000] {processor.py:183} INFO - Processing /opt/airflow/dags/spark_pipeline_dag.py took 0.085 seconds
[2026-09-04T14:43:54.297+0000] {processor.py:161} INFO - Started process (PID=56018) to work on /opt/airflow/dags/spark_pipeline_dag.py
[2026-09-04T14:43:54.298+0000] {processor.py:830} INFO - Processing file /opt/airflow/dags/spark_pipeline_dag.py for tasks to queue
[2026-09-04T14:43:54.299+0000] {logging_mixin.py:188} INFO - [2026-09-04T14:43:54.299+0000] {dagbag.py:538} INFO - Filling up the DagBag from /opt/airflow/dags/spark_pipeline_dag.py
[2026-09-04T14:43:54.327+0000] {processor.py:840} INFO - DAG(s) 'air_quality_pipeline' retrieved from /opt/airflow/dags/spark_pipeline_dag.py
[2026-09-04T14:43:54.346+0000] {logging_mixin.py:188} INFO - [2026-09-04T14:43:54.346+0000] {dag.py:3036} INFO - Sync 1 DAGs
[2026-09-04T14:43:54.365+0000] {logging_mixin.py:188} INFO - [2026-09-04T14:43:54.365+0000] {dag.py:3823} INFO - Setting next_dagrun for air_quality_pipeline to 2026-09-04 14:05:00+00:00, run_after=2026-09-04 15:05:00+00:00
[2026-09-04T14:43:54.383+0000] {processor.py:183} INFO - Processing /opt/airflow/dags/spark_pipeline_dag.py took 0.089 seconds
[2026-09-04T14:44:24.728+0000] {processor.py:161} INFO - Started process (PID=56028) to work on /opt/airflow/dags/spark_pipeline_dag.py
[2026-09-04T14:44:24.729+0000] {processor.py:830} INFO - Processing file /opt/airflow/dags/spark_pipeline_dag.py for tasks to queue
[2026-09-04T14:44:24.730+0000] {logging_mixin.py:188} INFO - [2026-09-04T14:44:24.730+0000] {dagbag.py:538} INFO - Filling up the DagBag from /opt/airflow/dags/spark_pipeline_dag.py
[2026-09-04T14:44:24.747+0000] {processor.py:840} INFO - DAG(s) 'air_quality_pipeline' retrieved from /opt/airflow/dags/spark_pipeline_dag.py
[2026-09-04T14:44:24.765+0000] {logging_mixin.py:188} INFO - [2026-09-04T14:44:24.764+0000] {dag.py:3036} INFO - Sync 1 DAGs
[2026-09-04T14:44:24.783+0000] {logging_mixin.py:188} INFO - [2026-09-04T14:44:24.783+0000] {dag.py:3823} INFO - Setting next_dagrun for air_quality_pipeline to 2026-09-04 14:05:00+00:00, run_after=2026-09-04 15:05:00+00:00
[2026-09-04T14:44:24.802+0000] {processor.py:183} INFO - Processing /opt/airflow/dags/spark_pipeline_dag.py took 0.076 seconds
[2026-09-04T14:44:55.119+0000] {processor.py:161} INFO - Started process (PID=56038) to work on /opt/airflow/dags/spark_pipeline_dag.py
[2026-09-04T14:44:55.120+0000] {processor.py:830} INFO - Processing file /opt/airflow/dags/spark_pipeline_dag.py for tasks to queue
[2026-09-04T14:44:55.121+0000] {logging_mixin.py:188} INFO - [2026-09-04T14:44:55.121+0000] {dagbag.py:538} INFO - Filling up the DagBag from /opt/airflow/dags/spark_pipeline_dag.py
[2026-09-04T14:44:55.140+0000] {processor.py:840} INFO - DAG(s) 'air_quality_pipeline' retrieved from /opt/airflow/dags/spark_pipeline_dag.py
[2026-09-04T14:44:55.159+0000] {logging_mixin.py:188} INFO - [2026-09-04T14:44:55.159+0000] {dag.py:3036} INFO - Sync 1 DAGs
[2026-09-04T14:44:55.182+0000] {logging_mixin.py:188} INFO - [2026-09-04T14:44:55.182+0000] {dag.py:3823} INFO - Setting next_dagrun for air_quality_pipeline to 2026-09-04 14:05:00+00:00, run_after=2026-09-04 15:05:00+00:00
[2026-09-04T14:44:55.202+0000] {processor.py:183} INFO - Processing /opt/airflow/dags/spark_pipeline_dag.py took 0.086 seconds
[2026-09-04T14:45:25.625+0000] {processor.py:161} INFO - Started process (PID=56048) to work on /opt/airflow/dags/spark_pipeline_dag.py
[2026-09-04T14:45:25.626+0000] {processor.py:830} INFO - Processing file /opt/airflow/dags/spark_pipeline_dag.py for tasks to queue
[2026-09-04T14:45:25.627+0000] {logging_mixin.py:188} INFO - [2026-09-04T14:45:25.627+0000] {dagbag.py:538} INFO - Filling up the DagBag from /opt/airflow/dags/spark_pipeline_dag.py
[2026-09-04T14:45:25.650+0000] {processor.py:840} INFO - DAG(s) 'air_quality_pipeline' retrieved from /opt/airflow/dags/spark_pipeline_dag.py
[2026-09-04T14:45:25.670+0000] {logging_mixin.py:188} INFO - [2026-09-04T14:45:25.670+0000] {dag.py:3036} INFO - Sync 1 DAGs
[2026-09-04T14:45:25.691+0000] {logging_mixin.py:188} INFO - [2026-09-04T14:45:25.691+0000] {dag.py:3823} INFO - Setting next_dagrun for air_quality_pipeline to 2026-09-04 14:05:00+00:00, run_after=2026-09-04 15:05:00+00:00
[2026-09-04T14:45:25.712+0000] {processor.py:183} INFO - Processing /opt/airflow/dags/spark_pipeline_dag.py took 0.089 seconds
[2026-09-04T14:45:56.106+0000] {processor.py:161} INFO - Started process (PID=56058) to work on /opt/airflow/dags/spark_pipeline_dag.py
[2026-09-04T14:45:56.107+0000] {processor.py:830} INFO - Processing file /opt/airflow/dags/spark_pipeline_dag.py for tasks to queue
[2026-09-04T14:45:56.108+0000] {logging_mixin.py:188} INFO - [2026-09-04T14:45:56.108+0000] {dagbag.py:538} INFO - Filling up the DagBag from /opt/airflow/dags/spark_pipeline_dag.py
[2026-09-04T14:45:56.131+0000] {processor.py:840} INFO - DAG(s) 'air_quality_pipeline' retrieved from /opt/airflow/dags/spark_pipeline_dag.py
[2026-09-04T14:45:56.150+0000] {logging_mixin.py:188} INFO - [2026-09-04T14:45:56.150+0000] {dag.py:3036} INFO - Sync 1 DAGs
[2026-09-04T14:45:56.175+0000] {logging_mixin.py:188} INFO - [2026-09-04T14:45:56.174+0000] {dag.py:3823} INFO - Setting next_dagrun for air_quality_pipeline to 2026-09-04 14:05:00+00:00, run_after=2026-09-04 15:05:00+00:00
[2026-09-04T14:45:56.199+0000] {processor.py:183} INFO - Processing /opt/airflow/dags/spark_pipeline_dag.py took 0.095 seconds
[2026-09-04T14:46:26.690+0000] {processor.py:161} INFO - Started process (PID=56068) to work on /opt/airflow/dags/spark_pipeline_dag.py
[2026-09-04T14:46:26.691+0000] {processor.py:830} INFO - Processing file /opt/airflow/dags/spark_pipeline_dag.py for tasks to queue
[2026-09-04T14:46:26.692+0000] {logging_mixin.py:188} INFO - [2026-09-04T14:46:26.692+0000] {dagbag.py:538} INFO - Filling up the DagBag from /opt/airflow/dags/spark_pipeline_dag.py
[2026-09-04T14:46:26.714+0000] {processor.py:840} INFO - DAG(s) 'air_quality_pipeline' retrieved from /opt/airflow/dags/spark_pipeline_dag.py
[2026-09-04T14:46:26.734+0000] {logging_mixin.py:188} INFO - [2026-09-04T14:46:26.734+0000] {dag.py:3036} INFO - Sync 1 DAGs
[2026-09-04T14:46:26.755+0000] {logging_mixin.py:188} INFO - [2026-09-04T14:46:26.755+0000] {dag.py:3823} INFO - Setting next_dagrun for air_quality_pipeline to 2026-09-04 14:05:00+00:00, run_after=2026-09-04 15:05:00+00:00
[2026-09-04T14:46:26.776+0000] {processor.py:183} INFO - Processing /opt/airflow/dags/spark_pipeline_dag.py took 0.088 seconds
[2026-09-04T14:46:57.217+0000] {processor.py:161} INFO - Started process (PID=56078) to work on /opt/airflow/dags/spark_pipeline_dag.py
[2026-09-04T14:46:57.220+0000] {processor.py:830} INFO - Processing file /opt/airflow/dags/spark_pipeline_dag.py for tasks to queue
[2026-09-04T14:46:57.222+0000] {logging_mixin.py:188} INFO - [2026-09-04T14:46:57.221+0000] {dagbag.py:538} INFO - Filling up the DagBag from /opt/airflow/dags/spark_pipeline_dag.py
[2026-09-04T14:46:57.245+0000] {processor.py:840} INFO - DAG(s) 'air_quality_pipeline' retrieved from /opt/airflow/dags/spark_pipeline_dag.py
[2026-09-04T14:46:57.267+0000] {logging_mixin.py:188} INFO - [2026-09-04T14:46:57.267+0000] {dag.py:3036} INFO - Sync 1 DAGs
[2026-09-04T14:46:57.291+0000] {logging_mixin.py:188} INFO - [2026-09-04T14:46:57.291+0000] {dag.py:3823} INFO - Setting next_dagrun for air_quality_pipeline to 2026-09-04 14:05:00+00:00, run_after=2026-09-04 15:05:00+00:00
[2026-09-04T14:46:57.316+0000] {processor.py:183} INFO - Processing /opt/airflow/dags/spark_pipeline_dag.py took 0.101 seconds
[2026-09-04T14:47:27.682+0000] {processor.py:161} INFO - Started process (PID=56088) to work on /opt/airflow/dags/spark_pipeline_dag.py
[2026-09-04T14:47:27.683+0000] {processor.py:830} INFO - Processing file /opt/airflow/dags/spark_pipeline_dag.py for tasks to queue
[2026-09-04T14:47:27.685+0000] {logging_mixin.py:188} INFO - [2026-09-04T14:47:27.684+0000] {dagbag.py:538} INFO - Filling up the DagBag from /opt/airflow/dags/spark_pipeline_dag.py
[2026-09-04T14:47:27.707+0000] {processor.py:840} INFO - DAG(s) 'air_quality_pipeline' retrieved from /opt/airflow/dags/spark_pipeline_dag.py
[2026-09-04T14:47:27.729+0000] {logging_mixin.py:188} INFO - [2026-09-04T14:47:27.728+0000] {dag.py:3036} INFO - Sync 1 DAGs
[2026-09-04T14:47:27.754+0000] {logging_mixin.py:188} INFO - [2026-09-04T14:47:27.754+0000] {dag.py:3823} INFO - Setting next_dagrun for air_quality_pipeline to 2026-09-04 14:05:00+00:00, run_after=2026-09-04 15:05:00+00:00
[2026-09-04T14:47:27.775+0000] {processor.py:183} INFO - Processing /opt/airflow/dags/spark_pipeline_dag.py took 0.096 seconds
[2026-09-04T14:47:58.193+0000] {processor.py:161} INFO - Started process (PID=56098) to work on /opt/airflow/dags/spark_pipeline_dag.py
[2026-09-04T14:47:58.194+0000] {processor.py:830} INFO - Processing file /opt/airflow/dags/spark_pipeline_dag.py for tasks to queue
[2026-09-04T14:47:58.195+0000] {logging_mixin.py:188} INFO - [2026-09-04T14:47:58.195+0000] {dagbag.py:538} INFO - Filling up the DagBag from /opt/airflow/dags/spark_pipeline_dag.py
[2026-09-04T14:47:58.218+0000] {processor.py:840} INFO - DAG(s) 'air_quality_pipeline' retrieved from /opt/airflow/dags/spark_pipeline_dag.py
[2026-09-04T14:47:58.237+0000] {logging_mixin.py:188} INFO - [2026-09-04T14:47:58.237+0000] {dag.py:3036} INFO - Sync 1 DAGs
[2026-09-04T14:47:58.258+0000] {logging_mixin.py:188} INFO - [2026-09-04T14:47:58.258+0000] {dag.py:3823} INFO - Setting next_dagrun for air_quality_pipeline to 2026-09-04 14:05:00+00:00, run_after=2026-09-04 15:05:00+00:00
[2026-09-04T14:47:58.278+0000] {processor.py:183} INFO - Processing /opt/airflow/dags/spark_pipeline_dag.py took 0.088 seconds
[2026-09-04T14:48:28.626+0000] {processor.py:161} INFO - Started process (PID=56108) to work on /opt/airflow/dags/spark_pipeline_dag.py
[2026-09-04T14:48:28.627+0000] {processor.py:830} INFO - Processing file /opt/airflow/dags/spark_pipeline_dag.py for tasks to queue
[2026-09-04T14:48:28.628+0000] {logging_mixin.py:188} INFO - [2026-09-04T14:48:28.628+0000] {dagbag.py:538} INFO - Filling up the DagBag from /opt/airflow/dags/spark_pipeline_dag.py
[2026-09-04T14:48:28.652+0000] {processor.py:840} INFO - DAG(s) 'air_quality_pipeline' retrieved from /opt/airflow/dags/spark_pipeline_dag.py
[2026-09-04T14:48:28.675+0000] {logging_mixin.py:188} INFO - [2026-09-04T14:48:28.674+0000] {dag.py:3036} INFO - Sync 1 DAGs
[2026-09-04T14:48:28.696+0000] {logging_mixin.py:188} INFO - [2026-09-04T14:48:28.696+0000] {dag.py:3823} INFO - Setting next_dagrun for air_quality_pipeline to 2026-09-04 14:05:00+00:00, run_after=2026-09-04 15:05:00+00:00
[2026-09-04T14:48:28.717+0000] {processor.py:183} INFO - Processing /opt/airflow/dags/spark_pipeline_dag.py took 0.094 seconds
[2026-09-04T14:48:59.133+0000] {processor.py:161} INFO - Started process (PID=56118) to work on /opt/airflow/dags/spark_pipeline_dag.py
[2026-09-04T14:48:59.134+0000] {processor.py:830} INFO - Processing file /opt/airflow/dags/spark_pipeline_dag.py for tasks to queue
[2026-09-04T14:48:59.135+0000] {logging_mixin.py:188} INFO - [2026-09-04T14:48:59.135+0000] {dagbag.py:538} INFO - Filling up the DagBag from /opt/airflow/dags/spark_pipeline_dag.py
[2026-09-04T14:48:59.164+0000] {processor.py:840} INFO - DAG(s) 'air_quality_pipeline' retrieved from /opt/airflow/dags/spark_pipeline_dag.py
[2026-09-04T14:48:59.186+0000] {logging_mixin.py:188} INFO - [2026-09-04T14:48:59.186+0000] {dag.py:3036} INFO - Sync 1 DAGs
[2026-09-04T14:48:59.206+0000] {logging_mixin.py:188} INFO - [2026-09-04T14:48:59.206+0000] {dag.py:3823} INFO - Setting next_dagrun for air_quality_pipeline to 2026-09-04 14:05:00+00:00, run_after=2026-09-04 15:05:00+00:00
[2026-09-04T14:48:59.224+0000] {processor.py:183} INFO - Processing /opt/airflow/dags/spark_pipeline_dag.py took 0.094 seconds
[2026-09-04T14:49:29.550+0000] {processor.py:161} INFO - Started process (PID=56128) to work on /opt/airflow/dags/spark_pipeline_dag.py
[2026-09-04T14:49:29.552+0000] {processor.py:830} INFO - Processing file /opt/airflow/dags/spark_pipeline_dag.py for tasks to queue
[2026-09-04T14:49:29.553+0000] {logging_mixin.py:188} INFO - [2026-09-04T14:49:29.553+0000] {dagbag.py:538} INFO - Filling up the DagBag from /opt/airflow/dags/spark_pipeline_dag.py
[2026-09-04T14:49:29.574+0000] {processor.py:840} INFO - DAG(s) 'air_quality_pipeline' retrieved from /opt/airflow/dags/spark_pipeline_dag.py
[2026-09-04T14:49:29.595+0000] {logging_mixin.py:188} INFO - [2026-09-04T14:49:29.595+0000] {dag.py:3036} INFO - Sync 1 DAGs
[2026-09-04T14:49:29.617+0000] {logging_mixin.py:188} INFO - [2026-09-04T14:49:29.617+0000] {dag.py:3823} INFO - Setting next_dagrun for air_quality_pipeline to 2026-09-04 14:05:00+00:00, run_after=2026-09-04 15:05:00+00:00
[2026-09-04T14:49:29.640+0000] {processor.py:183} INFO - Processing /opt/airflow/dags/spark_pipeline_dag.py took 0.092 seconds
[2026-09-04T14:50:00.025+0000] {processor.py:161} INFO - Started process (PID=56138) to work on /opt/airflow/dags/spark_pipeline_dag.py
[2026-09-04T14:50:00.027+0000] {processor.py:830} INFO - Processing file /opt/airflow/dags/spark_pipeline_dag.py for tasks to queue
[2026-09-04T14:50:00.028+0000] {logging_mixin.py:188} INFO - [2026-09-04T14:50:00.027+0000] {dagbag.py:538} INFO - Filling up the DagBag from /opt/airflow/dags/spark_pipeline_dag.py
[2026-09-04T14:50:00.051+0000] {processor.py:840} INFO - DAG(s) 'air_quality_pipeline' retrieved from /opt/airflow/dags/spark_pipeline_dag.py
[2026-09-04T14:50:00.072+0000] {logging_mixin.py:188} INFO - [2026-09-04T14:50:00.072+0000] {dag.py:3036} INFO - Sync 1 DAGs
[2026-09-04T14:50:00.095+0000] {logging_mixin.py:188} INFO - [2026-09-04T14:50:00.095+0000] {dag.py:3823} INFO - Setting next_dagrun for air_quality_pipeline to 2026-09-04 14:05:00+00:00, run_after=2026-09-04 15:05:00+00:00
[2026-09-04T14:50:00.114+0000] {processor.py:183} INFO - Processing /opt/airflow/dags/spark_pipeline_dag.py took 0.091 seconds
[2026-09-04T14:50:30.426+0000] {processor.py:161} INFO - Started process (PID=56148) to work on /opt/airflow/dags/spark_pipeline_dag.py
[2026-09-04T14:50:30.429+0000] {processor.py:830} INFO - Processing file /opt/airflow/dags/spark_pipeline_dag.py for tasks to queue
[2026-09-04T14:50:30.433+0000] {logging_mixin.py:188} INFO - [2026-09-04T14:50:30.432+0000] {dagbag.py:538} INFO - Filling up the DagBag from /opt/airflow/dags/spark_pipeline_dag.py
[2026-09-04T14:50:30.453+0000] {processor.py:840} INFO - DAG(s) 'air_quality_pipeline' retrieved from /opt/airflow/dags/spark_pipeline_dag.py
[2026-09-04T14:50:30.474+0000] {logging_mixin.py:188} INFO - [2026-09-04T14:50:30.474+0000] {dag.py:3036} INFO - Sync 1 DAGs
[2026-09-04T14:50:30.498+0000] {logging_mixin.py:188} INFO - [2026-09-04T14:50:30.498+0000] {dag.py:3823} INFO - Setting next_dagrun for air_quality_pipeline to 2026-09-04 14:05:00+00:00, run_after=2026-09-04 15:05:00+00:00
[2026-09-04T14:50:30.525+0000] {processor.py:183} INFO - Processing /opt/airflow/dags/spark_pipeline_dag.py took 0.102 seconds
[2026-09-04T14:51:01.009+0000] {processor.py:161} INFO - Started process (PID=56158) to work on /opt/airflow/dags/spark_pipeline_dag.py
[2026-09-04T14:51:01.013+0000] {processor.py:830} INFO - Processing file /opt/airflow/dags/spark_pipeline_dag.py for tasks to queue
[2026-09-04T14:51:01.015+0000] {logging_mixin.py:188} INFO - [2026-09-04T14:51:01.014+0000] {dagbag.py:538} INFO - Filling up the DagBag from /opt/airflow/dags/spark_pipeline_dag.py
[2026-09-04T14:51:01.061+0000] {processor.py:840} INFO - DAG(s) 'air_quality_pipeline' retrieved from /opt/airflow/dags/spark_pipeline_dag.py
[2026-09-04T14:51:01.083+0000] {logging_mixin.py:188} INFO - [2026-09-04T14:51:01.083+0000] {dag.py:3036} INFO - Sync 1 DAGs
[2026-09-04T14:51:01.110+0000] {logging_mixin.py:188} INFO - [2026-09-04T14:51:01.110+0000] {dag.py:3823} INFO - Setting next_dagrun for air_quality_pipeline to 2026-09-04 14:05:00+00:00, run_after=2026-09-04 15:05:00+00:00
[2026-09-04T14:51:01.129+0000] {processor.py:183} INFO - Processing /opt/airflow/dags/spark_pipeline_dag.py took 0.123 seconds
[2026-09-04T14:51:31.548+0000] {processor.py:161} INFO - Started process (PID=56168) to work on /opt/airflow/dags/spark_pipeline_dag.py
[2026-09-04T14:51:31.549+0000] {processor.py:830} INFO - Processing file /opt/airflow/dags/spark_pipeline_dag.py for tasks to queue
[2026-09-04T14:51:31.550+0000] {logging_mixin.py:188} INFO - [2026-09-04T14:51:31.550+0000] {dagbag.py:538} INFO - Filling up the DagBag from /opt/airflow/dags/spark_pipeline_dag.py
[2026-09-04T14:51:31.573+0000] {processor.py:840} INFO - DAG(s) 'air_quality_pipeline' retrieved from /opt/airflow/dags/spark_pipeline_dag.py
[2026-09-04T14:51:31.593+0000] {logging_mixin.py:188} INFO - [2026-09-04T14:51:31.592+0000] {dag.py:3036} INFO - Sync 1 DAGs
[2026-09-04T14:51:31.614+0000] {logging_mixin.py:188} INFO - [2026-09-04T14:51:31.614+0000] {dag.py:3823} INFO - Setting next_dagrun for air_quality_pipeline to 2026-09-04 14:05:00+00:00, run_after=2026-09-04 15:05:00+00:00
[2026-09-04T14:51:31.634+0000] {processor.py:183} INFO - Processing /opt/airflow/dags/spark_pipeline_dag.py took 0.088 seconds
[2026-09-04T14:52:01.978+0000] {processor.py:161} INFO - Started process (PID=56178) to work on /opt/airflow/dags/spark_pipeline_dag.py
[2026-09-04T14:52:01.979+0000] {processor.py:830} INFO - Processing file /opt/airflow/dags/spark_pipeline_dag.py for tasks to queue
[2026-09-04T14:52:01.980+0000] {logging_mixin.py:188} INFO - [2026-09-04T14:52:01.979+0000] {dagbag.py:538} INFO - Filling up the DagBag from /opt/airflow/dags/spark_pipeline_dag.py
[2026-09-04T14:52:02.002+0000] {processor.py:840} INFO - DAG(s) 'air_quality_pipeline' retrieved from /opt/airflow/dags/spark_pipeline_dag.py
[2026-09-04T14:52:02.023+0000] {logging_mixin.py:188} INFO - [2026-09-04T14:52:02.023+0000] {dag.py:3036} INFO - Sync 1 DAGs
[2026-09-04T14:52:02.050+0000] {logging_mixin.py:188} INFO - [2026-09-04T14:52:02.050+0000] {dag.py:3823} INFO - Setting next_dagrun for air_quality_pipeline to 2026-09-04 14:05:00+00:00, run_after=2026-09-04 15:05:00+00:00
[2026-09-04T14:52:02.075+0000] {processor.py:183} INFO - Processing /opt/airflow/dags/spark_pipeline_dag.py took 0.100 seconds
[2026-09-04T14:52:32.433+0000] {processor.py:161} INFO - Started process (PID=56188) to work on /opt/airflow/dags/spark_pipeline_dag.py
[2026-09-04T14:52:32.434+0000] {processor.py:830} INFO - Processing file /opt/airflow/dags/spark_pipeline_dag.py for tasks to queue
[2026-09-04T14:52:32.435+0000] {logging_mixin.py:188} INFO - [2026-09-04T14:52:32.435+0000] {dagbag.py:538} INFO - Filling up the DagBag from /opt/airflow/dags/spark_pipeline_dag.py
[2026-09-04T14:52:32.461+0000] {processor.py:840} INFO - DAG(s) 'air_quality_pipeline' retrieved from /opt/airflow/dags/spark_pipeline_dag.py
[2026-09-04T14:52:32.484+0000] {logging_mixin.py:188} INFO - [2026-09-04T14:52:32.484+0000] {dag.py:3036} INFO - Sync 1 DAGs
[2026-09-04T14:52:32.509+0000] {logging_mixin.py:188} INFO - [2026-09-04T14:52:32.509+0000] {dag.py:3823} INFO - Setting next_dagrun for air_quality_pipeline to 2026-09-04 14:05:00+00:00, run_after=2026-09-04 15:05:00+00:00
[2026-09-04T14:52:32.530+0000] {processor.py:183} INFO - Processing /opt/airflow/dags/spark_pipeline_dag.py took 0.100 seconds
[2026-09-04T14:53:02.866+0000] {processor.py:161} INFO - Started process (PID=56198) to work on /opt/airflow/dags/spark_pipeline_dag.py
[2026-09-04T14:53:02.867+0000] {processor.py:830} INFO - Processing file /opt/airflow/dags/spark_pipeline_dag.py for tasks to queue
[2026-09-04T14:53:02.868+0000] {logging_mixin.py:188} INFO - [2026-09-04T14:53:02.868+0000] {dagbag.py:538} INFO - Filling up the DagBag from /opt/airflow/dags/spark_pipeline_dag.py
[2026-09-04T14:53:02.893+0000] {processor.py:840} INFO - DAG(s) 'air_quality_pipeline' retrieved from /opt/airflow/dags/spark_pipeline_dag.py
[2026-09-04T14:53:02.919+0000] {logging_mixin.py:188} INFO - [2026-09-04T14:53:02.919+0000] {dag.py:3036} INFO - Sync 1 DAGs
[2026-09-04T14:53:02.947+0000] {logging_mixin.py:188} INFO - [2026-09-04T14:53:02.947+0000] {dag.py:3823} INFO - Setting next_dagrun for air_quality_pipeline to 2026-09-04 14:05:00+00:00, run_after=2026-09-04 15:05:00+00:00
[2026-09-04T14:53:02.972+0000] {processor.py:183} INFO - Processing /opt/airflow/dags/spark_pipeline_dag.py took 0.109 seconds
[2026-09-04T14:53:33.442+0000] {processor.py:161} INFO - Started process (PID=56208) to work on /opt/airflow/dags/spark_pipeline_dag.py
[2026-09-04T14:53:33.444+0000] {processor.py:830} INFO - Processing file /opt/airflow/dags/spark_pipeline_dag.py for tasks to queue
[2026-09-04T14:53:33.445+0000] {logging_mixin.py:188} INFO - [2026-09-04T14:53:33.444+0000] {dagbag.py:538} INFO - Filling up the DagBag from /opt/airflow/dags/spark_pipeline_dag.py
[2026-09-04T14:53:33.468+0000] {processor.py:840} INFO - DAG(s) 'air_quality_pipeline' retrieved from /opt/airflow/dags/spark_pipeline_dag.py
[2026-09-04T14:53:33.488+0000] {logging_mixin.py:188} INFO - [2026-09-04T14:53:33.487+0000] {dag.py:3036} INFO - Sync 1 DAGs
[2026-09-04T14:53:33.509+0000] {logging_mixin.py:188} INFO - [2026-09-04T14:53:33.509+0000] {dag.py:3823} INFO - Setting next_dagrun for air_quality_pipeline to 2026-09-04 14:05:00+00:00, run_after=2026-09-04 15:05:00+00:00
[2026-09-04T14:53:33.530+0000] {processor.py:183} INFO - Processing /opt/airflow/dags/spark_pipeline_dag.py took 0.092 seconds
[2026-09-04T14:54:03.875+0000] {processor.py:161} INFO - Started process (PID=56218) to work on /opt/airflow/dags/spark_pipeline_dag.py
[2026-09-04T14:54:03.876+0000] {processor.py:830} INFO - Processing file /opt/airflow/dags/spark_pipeline_dag.py for tasks to queue
[2026-09-04T14:54:03.877+0000] {logging_mixin.py:188} INFO - [2026-09-04T14:54:03.877+0000] {dagbag.py:538} INFO - Filling up the DagBag from /opt/airflow/dags/spark_pipeline_dag.py
[2026-09-04T14:54:03.900+0000] {processor.py:840} INFO - DAG(s) 'air_quality_pipeline' retrieved from /opt/airflow/dags/spark_pipeline_dag.py
[2026-09-04T14:54:03.920+0000] {logging_mixin.py:188} INFO - [2026-09-04T14:54:03.920+0000] {dag.py:3036} INFO - Sync 1 DAGs
[2026-09-04T14:54:03.942+0000] {logging_mixin.py:188} INFO - [2026-09-04T14:54:03.942+0000] {dag.py:3823} INFO - Setting next_dagrun for air_quality_pipeline to 2026-09-04 14:05:00+00:00, run_after=2026-09-04 15:05:00+00:00
[2026-09-04T14:54:03.964+0000] {processor.py:183} INFO - Processing /opt/airflow/dags/spark_pipeline_dag.py took 0.091 seconds
[2026-09-04T14:54:34.362+0000] {processor.py:161} INFO - Started process (PID=56228) to work on /opt/airflow/dags/spark_pipeline_dag.py
[2026-09-04T14:54:34.364+0000] {processor.py:830} INFO - Processing file /opt/airflow/dags/spark_pipeline_dag.py for tasks to queue
[2026-09-04T14:54:34.365+0000] {logging_mixin.py:188} INFO - [2026-09-04T14:54:34.364+0000] {dagbag.py:538} INFO - Filling up the DagBag from /opt/airflow/dags/spark_pipeline_dag.py
[2026-09-04T14:54:34.387+0000] {processor.py:840} INFO - DAG(s) 'air_quality_pipeline' retrieved from /opt/airflow/dags/spark_pipeline_dag.py
[2026-09-04T14:54:34.406+0000] {logging_mixin.py:188} INFO - [2026-09-04T14:54:34.406+0000] {dag.py:3036} INFO - Sync 1 DAGs
[2026-09-04T14:54:34.427+0000] {logging_mixin.py:188} INFO - [2026-09-04T14:54:34.426+0000] {dag.py:3823} INFO - Setting next_dagrun for air_quality_pipeline to 2026-09-04 14:05:00+00:00, run_after=2026-09-04 15:05:00+00:00
[2026-09-04T14:54:34.445+0000] {processor.py:183} INFO - Processing /opt/airflow/dags/spark_pipeline_dag.py took 0.086 seconds
[2026-09-04T14:55:04.800+0000] {processor.py:161} INFO - Started process (PID=56238) to work on /opt/airflow/dags/spark_pipeline_dag.py
[2026-09-04T14:55:04.802+0000] {processor.py:830} INFO - Processing file /opt/airflow/dags/spark_pipeline_dag.py for tasks to queue
[2026-09-04T14:55:04.803+0000] {logging_mixin.py:188} INFO - [2026-09-04T14:55:04.803+0000] {dagbag.py:538} INFO - Filling up the DagBag from /opt/airflow/dags/spark_pipeline_dag.py
[2026-09-04T14:55:04.824+0000] {processor.py:840} INFO - DAG(s) 'air_quality_pipeline' retrieved from /opt/airflow/dags/spark_pipeline_dag.py
[2026-09-04T14:55:04.845+0000] {logging_mixin.py:188} INFO - [2026-09-04T14:55:04.844+0000] {dag.py:3036} INFO - Sync 1 DAGs
[2026-09-04T14:55:04.865+0000] {logging_mixin.py:188} INFO - [2026-09-04T14:55:04.864+0000] {dag.py:3823} INFO - Setting next_dagrun for air_quality_pipeline to 2026-09-04 14:05:00+00:00, run_after=2026-09-04 15:05:00+00:00
[2026-09-04T14:55:04.883+0000] {processor.py:183} INFO - Processing /opt/airflow/dags/spark_pipeline_dag.py took 0.085 seconds
[2026-09-04T14:55:35.322+0000] {processor.py:161} INFO - Started process (PID=56248) to work on /opt/airflow/dags/spark_pipeline_dag.py
[2026-09-04T14:55:35.324+0000] {processor.py:830} INFO - Processing file /opt/airflow/dags/spark_pipeline_dag.py for tasks to queue
[2026-09-04T14:55:35.325+0000] {logging_mixin.py:188} INFO - [2026-09-04T14:55:35.324+0000] {dagbag.py:538} INFO - Filling up the DagBag from /opt/airflow/dags/spark_pipeline_dag.py
[2026-09-04T14:55:35.345+0000] {processor.py:840} INFO - DAG(s) 'air_quality_pipeline' retrieved from /opt/airflow/dags/spark_pipeline_dag.py
[2026-09-04T14:55:35.366+0000] {logging_mixin.py:188} INFO - [2026-09-04T14:55:35.366+0000] {dag.py:3036} INFO - Sync 1 DAGs
[2026-09-04T14:55:35.387+0000] {logging_mixin.py:188} INFO - [2026-09-04T14:55:35.387+0000] {dag.py:3823} INFO - Setting next_dagrun for air_quality_pipeline to 2026-09-04 14:05:00+00:00, run_after=2026-09-04 15:05:00+00:00
[2026-09-04T14:55:35.405+0000] {processor.py:183} INFO - Processing /opt/airflow/dags/spark_pipeline_dag.py took 0.086 seconds
[2026-09-04T14:56:05.772+0000] {processor.py:161} INFO - Started process (PID=56258) to work on /opt/airflow/dags/spark_pipeline_dag.py
[2026-09-04T14:56:05.773+0000] {processor.py:830} INFO - Processing file /opt/airflow/dags/spark_pipeline_dag.py for tasks to queue
[2026-09-04T14:56:05.773+0000] {logging_mixin.py:188} INFO - [2026-09-04T14:56:05.773+0000] {dagbag.py:538} INFO - Filling up the DagBag from /opt/airflow/dags/spark_pipeline_dag.py
[2026-09-04T14:56:05.797+0000] {processor.py:840} INFO - DAG(s) 'air_quality_pipeline' retrieved from /opt/airflow/dags/spark_pipeline_dag.py
[2026-09-04T14:56:05.816+0000] {logging_mixin.py:188} INFO - [2026-09-04T14:56:05.816+0000] {dag.py:3036} INFO - Sync 1 DAGs
[2026-09-04T14:56:05.834+0000] {logging_mixin.py:188} INFO - [2026-09-04T14:56:05.834+0000] {dag.py:3823} INFO - Setting next_dagrun for air_quality_pipeline to 2026-09-04 14:05:00+00:00, run_after=2026-09-04 15:05:00+00:00
[2026-09-04T14:56:05.857+0000] {processor.py:183} INFO - Processing /opt/airflow/dags/spark_pipeline_dag.py took 0.088 seconds
[2026-09-04T14:56:36.216+0000] {processor.py:161} INFO - Started process (PID=56268) to work on /opt/airflow/dags/spark_pipeline_dag.py
[2026-09-04T14:56:36.217+0000] {processor.py:830} INFO - Processing file /opt/airflow/dags/spark_pipeline_dag.py for tasks to queue
[2026-09-04T14:56:36.219+0000] {logging_mixin.py:188} INFO - [2026-09-04T14:56:36.218+0000] {dagbag.py:538} INFO - Filling up the DagBag from /opt/airflow/dags/spark_pipeline_dag.py
[2026-09-04T14:56:36.241+0000] {processor.py:840} INFO - DAG(s) 'air_quality_pipeline' retrieved from /opt/airflow/dags/spark_pipeline_dag.py
[2026-09-04T14:56:36.263+0000] {logging_mixin.py:188} INFO - [2026-09-04T14:56:36.263+0000] {dag.py:3036} INFO - Sync 1 DAGs
[2026-09-04T14:56:36.284+0000] {logging_mixin.py:188} INFO - [2026-09-04T14:56:36.284+0000] {dag.py:3823} INFO - Setting next_dagrun for air_quality_pipeline to 2026-09-04 14:05:00+00:00, run_after=2026-09-04 15:05:00+00:00
[2026-09-04T14:56:36.305+0000] {processor.py:183} INFO - Processing /opt/airflow/dags/spark_pipeline_dag.py took 0.091 seconds
[2026-09-04T14:57:06.618+0000] {processor.py:161} INFO - Started process (PID=56278) to work on /opt/airflow/dags/spark_pipeline_dag.py
[2026-09-04T14:57:06.619+0000] {processor.py:830} INFO - Processing file /opt/airflow/dags/spark_pipeline_dag.py for tasks to queue
[2026-09-04T14:57:06.620+0000] {logging_mixin.py:188} INFO - [2026-09-04T14:57:06.620+0000] {dagbag.py:538} INFO - Filling up the DagBag from /opt/airflow/dags/spark_pipeline_dag.py
[2026-09-04T14:57:06.642+0000] {processor.py:840} INFO - DAG(s) 'air_quality_pipeline' retrieved from /opt/airflow/dags/spark_pipeline_dag.py
[2026-09-04T14:57:06.664+0000] {logging_mixin.py:188} INFO - [2026-09-04T14:57:06.664+0000] {dag.py:3036} INFO - Sync 1 DAGs
[2026-09-04T14:57:06.684+0000] {logging_mixin.py:188} INFO - [2026-09-04T14:57:06.684+0000] {dag.py:3823} INFO - Setting next_dagrun for air_quality_pipeline to 2026-09-04 14:05:00+00:00, run_after=2026-09-04 15:05:00+00:00
[2026-09-04T14:57:06.707+0000] {processor.py:183} INFO - Processing /opt/airflow/dags/spark_pipeline_dag.py took 0.092 seconds
[2026-09-04T14:57:37.186+0000] {processor.py:161} INFO - Started process (PID=56288) to work on /opt/airflow/dags/spark_pipeline_dag.py
[2026-09-04T14:57:37.187+0000] {processor.py:830} INFO - Processing file /opt/airflow/dags/spark_pipeline_dag.py for tasks to queue
[2026-09-04T14:57:37.188+0000] {logging_mixin.py:188} INFO - [2026-09-04T14:57:37.187+0000] {dagbag.py:538} INFO - Filling up the DagBag from /opt/airflow/dags/spark_pipeline_dag.py
[2026-09-04T14:57:37.208+0000] {processor.py:840} INFO - DAG(s) 'air_quality_pipeline' retrieved from /opt/airflow/dags/spark_pipeline_dag.py
[2026-09-04T14:57:37.227+0000] {logging_mixin.py:188} INFO - [2026-09-04T14:57:37.227+0000] {dag.py:3036} INFO - Sync 1 DAGs
[2026-09-04T14:57:37.247+0000] {logging_mixin.py:188} INFO - [2026-09-04T14:57:37.247+0000] {dag.py:3823} INFO - Setting next_dagrun for air_quality_pipeline to 2026-09-04 14:05:00+00:00, run_after=2026-09-04 15:05:00+00:00
[2026-09-04T14:57:37.266+0000] {processor.py:183} INFO - Processing /opt/airflow/dags/spark_pipeline_dag.py took 0.083 seconds
[2026-09-04T14:58:07.654+0000] {processor.py:161} INFO - Started process (PID=56298) to work on /opt/airflow/dags/spark_pipeline_dag.py
[2026-09-04T14:58:07.654+0000] {processor.py:830} INFO - Processing file /opt/airflow/dags/spark_pipeline_dag.py for tasks to queue
[2026-09-04T14:58:07.655+0000] {logging_mixin.py:188} INFO - [2026-09-04T14:58:07.655+0000] {dagbag.py:538} INFO - Filling up the DagBag from /opt/airflow/dags/spark_pipeline_dag.py
[2026-09-04T14:58:07.673+0000] {processor.py:840} INFO - DAG(s) 'air_quality_pipeline' retrieved from /opt/airflow/dags/spark_pipeline_dag.py
[2026-09-04T14:58:07.693+0000] {logging_mixin.py:188} INFO - [2026-09-04T14:58:07.693+0000] {dag.py:3036} INFO - Sync 1 DAGs
[2026-09-04T14:58:07.713+0000] {logging_mixin.py:188} INFO - [2026-09-04T14:58:07.712+0000] {dag.py:3823} INFO - Setting next_dagrun for air_quality_pipeline to 2026-09-04 14:05:00+00:00, run_after=2026-09-04 15:05:00+00:00
[2026-09-04T14:58:07.731+0000] {processor.py:183} INFO - Processing /opt/airflow/dags/spark_pipeline_dag.py took 0.079 seconds
[2026-09-04T14:58:38.223+0000] {processor.py:161} INFO - Started process (PID=56308) to work on /opt/airflow/dags/spark_pipeline_dag.py
[2026-09-04T14:58:38.224+0000] {processor.py:830} INFO - Processing file /opt/airflow/dags/spark_pipeline_dag.py for tasks to queue
[2026-09-04T14:58:38.226+0000] {logging_mixin.py:188} INFO - [2026-09-04T14:58:38.225+0000] {dagbag.py:538} INFO - Filling up the DagBag from /opt/airflow/dags/spark_pipeline_dag.py
[2026-09-04T14:58:38.249+0000] {processor.py:840} INFO - DAG(s) 'air_quality_pipeline' retrieved from /opt/airflow/dags/spark_pipeline_dag.py
[2026-09-04T14:58:38.271+0000] {logging_mixin.py:188} INFO - [2026-09-04T14:58:38.270+0000] {dag.py:3036} INFO - Sync 1 DAGs
[2026-09-04T14:58:38.292+0000] {logging_mixin.py:188} INFO - [2026-09-04T14:58:38.292+0000] {dag.py:3823} INFO - Setting next_dagrun for air_quality_pipeline to 2026-09-04 14:05:00+00:00, run_after=2026-09-04 15:05:00+00:00
[2026-09-04T14:58:38.313+0000] {processor.py:183} INFO - Processing /opt/airflow/dags/spark_pipeline_dag.py took 0.093 seconds
[2026-09-04T14:59:08.714+0000] {processor.py:161} INFO - Started process (PID=56318) to work on /opt/airflow/dags/spark_pipeline_dag.py
[2026-09-04T14:59:08.715+0000] {processor.py:830} INFO - Processing file /opt/airflow/dags/spark_pipeline_dag.py for tasks to queue
[2026-09-04T14:59:08.716+0000] {logging_mixin.py:188} INFO - [2026-09-04T14:59:08.715+0000] {dagbag.py:538} INFO - Filling up the DagBag from /opt/airflow/dags/spark_pipeline_dag.py
[2026-09-04T14:59:08.744+0000] {processor.py:840} INFO - DAG(s) 'air_quality_pipeline' retrieved from /opt/airflow/dags/spark_pipeline_dag.py
[2026-09-04T14:59:08.767+0000] {logging_mixin.py:188} INFO - [2026-09-04T14:59:08.767+0000] {dag.py:3036} INFO - Sync 1 DAGs
[2026-09-04T14:59:08.794+0000] {logging_mixin.py:188} INFO - [2026-09-04T14:59:08.794+0000] {dag.py:3823} INFO - Setting next_dagrun for air_quality_pipeline to 2026-09-04 14:05:00+00:00, run_after=2026-09-04 15:05:00+00:00
[2026-09-04T14:59:08.815+0000] {processor.py:183} INFO - Processing /opt/airflow/dags/spark_pipeline_dag.py took 0.104 seconds
[2026-09-04T14:59:39.195+0000] {processor.py:161} INFO - Started process (PID=56328) to work on /opt/airflow/dags/spark_pipeline_dag.py
[2026-09-04T14:59:39.197+0000] {processor.py:830} INFO - Processing file /opt/airflow/dags/spark_pipeline_dag.py for tasks to queue
[2026-09-04T14:59:39.198+0000] {logging_mixin.py:188} INFO - [2026-09-04T14:59:39.197+0000] {dagbag.py:538} INFO - Filling up the DagBag from /opt/airflow/dags/spark_pipeline_dag.py
[2026-09-04T14:59:39.221+0000] {processor.py:840} INFO - DAG(s) 'air_quality_pipeline' retrieved from /opt/airflow/dags/spark_pipeline_dag.py
[2026-09-04T14:59:39.242+0000] {logging_mixin.py:188} INFO - [2026-09-04T14:59:39.242+0000] {dag.py:3036} INFO - Sync 1 DAGs
[2026-09-04T14:59:39.264+0000] {logging_mixin.py:188} INFO - [2026-09-04T14:59:39.264+0000] {dag.py:3823} INFO - Setting next_dagrun for air_quality_pipeline to 2026-09-04 14:05:00+00:00, run_after=2026-09-04 15:05:00+00:00
[2026-09-04T14:59:39.290+0000] {processor.py:183} INFO - Processing /opt/airflow/dags/spark_pipeline_dag.py took 0.098 seconds
[2026-09-04T15:00:09.632+0000] {processor.py:161} INFO - Started process (PID=56340) to work on /opt/airflow/dags/spark_pipeline_dag.py
[2026-09-04T15:00:09.634+0000] {processor.py:830} INFO - Processing file /opt/airflow/dags/spark_pipeline_dag.py for tasks to queue
[2026-09-04T15:00:09.637+0000] {logging_mixin.py:188} INFO - [2026-09-04T15:00:09.636+0000] {dagbag.py:538} INFO - Filling up the DagBag from /opt/airflow/dags/spark_pipeline_dag.py
[2026-09-04T15:00:09.663+0000] {processor.py:840} INFO - DAG(s) 'air_quality_pipeline' retrieved from /opt/airflow/dags/spark_pipeline_dag.py
[2026-09-04T15:00:09.683+0000] {logging_mixin.py:188} INFO - [2026-09-04T15:00:09.683+0000] {dag.py:3036} INFO - Sync 1 DAGs
[2026-09-04T15:00:09.702+0000] {logging_mixin.py:188} INFO - [2026-09-04T15:00:09.702+0000] {dag.py:3823} INFO - Setting next_dagrun for air_quality_pipeline to 2026-09-04 14:05:00+00:00, run_after=2026-09-04 15:05:00+00:00
[2026-09-04T15:00:09.722+0000] {processor.py:183} INFO - Processing /opt/airflow/dags/spark_pipeline_dag.py took 0.093 seconds
[2026-09-04T15:00:40.082+0000] {processor.py:161} INFO - Started process (PID=56350) to work on /opt/airflow/dags/spark_pipeline_dag.py
[2026-09-04T15:00:40.084+0000] {processor.py:830} INFO - Processing file /opt/airflow/dags/spark_pipeline_dag.py for tasks to queue
[2026-09-04T15:00:40.085+0000] {logging_mixin.py:188} INFO - [2026-09-04T15:00:40.085+0000] {dagbag.py:538} INFO - Filling up the DagBag from /opt/airflow/dags/spark_pipeline_dag.py
[2026-09-04T15:00:40.105+0000] {processor.py:840} INFO - DAG(s) 'air_quality_pipeline' retrieved from /opt/airflow/dags/spark_pipeline_dag.py
[2026-09-04T15:00:40.124+0000] {logging_mixin.py:188} INFO - [2026-09-04T15:00:40.124+0000] {dag.py:3036} INFO - Sync 1 DAGs
[2026-09-04T15:00:40.147+0000] {logging_mixin.py:188} INFO - [2026-09-04T15:00:40.147+0000] {dag.py:3823} INFO - Setting next_dagrun for air_quality_pipeline to 2026-09-04 14:05:00+00:00, run_after=2026-09-04 15:05:00+00:00
[2026-09-04T15:00:40.167+0000] {processor.py:183} INFO - Processing /opt/airflow/dags/spark_pipeline_dag.py took 0.088 seconds
[2026-09-04T15:01:10.566+0000] {processor.py:161} INFO - Started process (PID=56360) to work on /opt/airflow/dags/spark_pipeline_dag.py
[2026-09-04T15:01:10.568+0000] {processor.py:830} INFO - Processing file /opt/airflow/dags/spark_pipeline_dag.py for tasks to queue
[2026-09-04T15:01:10.568+0000] {logging_mixin.py:188} INFO - [2026-09-04T15:01:10.568+0000] {dagbag.py:538} INFO - Filling up the DagBag from /opt/airflow/dags/spark_pipeline_dag.py
[2026-09-04T15:01:10.590+0000] {processor.py:840} INFO - DAG(s) 'air_quality_pipeline' retrieved from /opt/airflow/dags/spark_pipeline_dag.py
[2026-09-04T15:01:10.609+0000] {logging_mixin.py:188} INFO - [2026-09-04T15:01:10.609+0000] {dag.py:3036} INFO - Sync 1 DAGs
[2026-09-04T15:01:10.630+0000] {logging_mixin.py:188} INFO - [2026-09-04T15:01:10.629+0000] {dag.py:3823} INFO - Setting next_dagrun for air_quality_pipeline to 2026-09-04 14:05:00+00:00, run_after=2026-09-04 15:05:00+00:00
[2026-09-04T15:01:10.649+0000] {processor.py:183} INFO - Processing /opt/airflow/dags/spark_pipeline_dag.py took 0.086 seconds
[2026-09-04T15:01:41.009+0000] {processor.py:161} INFO - Started process (PID=56370) to work on /opt/airflow/dags/spark_pipeline_dag.py
[2026-09-04T15:01:41.010+0000] {processor.py:830} INFO - Processing file /opt/airflow/dags/spark_pipeline_dag.py for tasks to queue
[2026-09-04T15:01:41.011+0000] {logging_mixin.py:188} INFO - [2026-09-04T15:01:41.011+0000] {dagbag.py:538} INFO - Filling up the DagBag from /opt/airflow/dags/spark_pipeline_dag.py
[2026-09-04T15:01:41.031+0000] {processor.py:840} INFO - DAG(s) 'air_quality_pipeline' retrieved from /opt/airflow/dags/spark_pipeline_dag.py
[2026-09-04T15:01:41.049+0000] {logging_mixin.py:188} INFO - [2026-09-04T15:01:41.049+0000] {dag.py:3036} INFO - Sync 1 DAGs
[2026-09-04T15:01:41.067+0000] {logging_mixin.py:188} INFO - [2026-09-04T15:01:41.067+0000] {dag.py:3823} INFO - Setting next_dagrun for air_quality_pipeline to 2026-09-04 14:05:00+00:00, run_after=2026-09-04 15:05:00+00:00
[2026-09-04T15:01:41.088+0000] {processor.py:183} INFO - Processing /opt/airflow/dags/spark_pipeline_dag.py took 0.081 seconds
[2026-09-04T15:02:11.492+0000] {processor.py:161} INFO - Started process (PID=56380) to work on /opt/airflow/dags/spark_pipeline_dag.py
[2026-09-04T15:02:11.493+0000] {processor.py:830} INFO - Processing file /opt/airflow/dags/spark_pipeline_dag.py for tasks to queue
[2026-09-04T15:02:11.494+0000] {logging_mixin.py:188} INFO - [2026-09-04T15:02:11.494+0000] {dagbag.py:538} INFO - Filling up the DagBag from /opt/airflow/dags/spark_pipeline_dag.py
[2026-09-04T15:02:11.516+0000] {processor.py:840} INFO - DAG(s) 'air_quality_pipeline' retrieved from /opt/airflow/dags/spark_pipeline_dag.py
[2026-09-04T15:02:11.537+0000] {logging_mixin.py:188} INFO - [2026-09-04T15:02:11.537+0000] {dag.py:3036} INFO - Sync 1 DAGs
[2026-09-04T15:02:11.558+0000] {logging_mixin.py:188} INFO - [2026-09-04T15:02:11.558+0000] {dag.py:3823} INFO - Setting next_dagrun for air_quality_pipeline to 2026-09-04 14:05:00+00:00, run_after=2026-09-04 15:05:00+00:00
[2026-09-04T15:02:11.581+0000] {processor.py:183} INFO - Processing /opt/airflow/dags/spark_pipeline_dag.py took 0.091 seconds
[2026-09-04T15:02:41.932+0000] {processor.py:161} INFO - Started process (PID=56390) to work on /opt/airflow/dags/spark_pipeline_dag.py
[2026-09-04T15:02:41.933+0000] {processor.py:830} INFO - Processing file /opt/airflow/dags/spark_pipeline_dag.py for tasks to queue
[2026-09-04T15:02:41.934+0000] {logging_mixin.py:188} INFO - [2026-09-04T15:02:41.934+0000] {dagbag.py:538} INFO - Filling up the DagBag from /opt/airflow/dags/spark_pipeline_dag.py
[2026-09-04T15:02:41.958+0000] {processor.py:840} INFO - DAG(s) 'air_quality_pipeline' retrieved from /opt/airflow/dags/spark_pipeline_dag.py
[2026-09-04T15:02:41.977+0000] {logging_mixin.py:188} INFO - [2026-09-04T15:02:41.977+0000] {dag.py:3036} INFO - Sync 1 DAGs
[2026-09-04T15:02:41.999+0000] {logging_mixin.py:188} INFO - [2026-09-04T15:02:41.999+0000] {dag.py:3823} INFO - Setting next_dagrun for air_quality_pipeline to 2026-09-04 14:05:00+00:00, run_after=2026-09-04 15:05:00+00:00
[2026-09-04T15:02:42.016+0000] {processor.py:183} INFO - Processing /opt/airflow/dags/spark_pipeline_dag.py took 0.087 seconds
[2026-09-04T15:03:12.584+0000] {processor.py:161} INFO - Started process (PID=56400) to work on /opt/airflow/dags/spark_pipeline_dag.py
[2026-09-04T15:03:12.585+0000] {processor.py:830} INFO - Processing file /opt/airflow/dags/spark_pipeline_dag.py for tasks to queue
[2026-09-04T15:03:12.586+0000] {logging_mixin.py:188} INFO - [2026-09-04T15:03:12.585+0000] {dagbag.py:538} INFO - Filling up the DagBag from /opt/airflow/dags/spark_pipeline_dag.py
[2026-09-04T15:03:12.613+0000] {processor.py:840} INFO - DAG(s) 'air_quality_pipeline' retrieved from /opt/airflow/dags/spark_pipeline_dag.py
[2026-09-04T15:03:12.633+0000] {logging_mixin.py:188} INFO - [2026-09-04T15:03:12.633+0000] {dag.py:3036} INFO - Sync 1 DAGs
[2026-09-04T15:03:12.655+0000] {logging_mixin.py:188} INFO - [2026-09-04T15:03:12.655+0000] {dag.py:3823} INFO - Setting next_dagrun for air_quality_pipeline to 2026-09-04 14:05:00+00:00, run_after=2026-09-04 15:05:00+00:00
[2026-09-04T15:03:12.676+0000] {processor.py:183} INFO - Processing /opt/airflow/dags/spark_pipeline_dag.py took 0.094 seconds
[2026-09-04T15:03:43.182+0000] {processor.py:161} INFO - Started process (PID=56410) to work on /opt/airflow/dags/spark_pipeline_dag.py
[2026-09-04T15:03:43.183+0000] {processor.py:830} INFO - Processing file /opt/airflow/dags/spark_pipeline_dag.py for tasks to queue
[2026-09-04T15:03:43.184+0000] {logging_mixin.py:188} INFO - [2026-09-04T15:03:43.184+0000] {dagbag.py:538} INFO - Filling up the DagBag from /opt/airflow/dags/spark_pipeline_dag.py
[2026-09-04T15:03:43.205+0000] {processor.py:840} INFO - DAG(s) 'air_quality_pipeline' retrieved from /opt/airflow/dags/spark_pipeline_dag.py
[2026-09-04T15:03:43.224+0000] {logging_mixin.py:188} INFO - [2026-09-04T15:03:43.224+0000] {dag.py:3036} INFO - Sync 1 DAGs
[2026-09-04T15:03:43.244+0000] {logging_mixin.py:188} INFO - [2026-09-04T15:03:43.244+0000] {dag.py:3823} INFO - Setting next_dagrun for air_quality_pipeline to 2026-09-04 14:05:00+00:00, run_after=2026-09-04 15:05:00+00:00
[2026-09-04T15:03:43.265+0000] {processor.py:183} INFO - Processing /opt/airflow/dags/spark_pipeline_dag.py took 0.086 seconds
[2026-09-04T15:04:13.732+0000] {processor.py:161} INFO - Started process (PID=56420) to work on /opt/airflow/dags/spark_pipeline_dag.py
[2026-09-04T15:04:13.733+0000] {processor.py:830} INFO - Processing file /opt/airflow/dags/spark_pipeline_dag.py for tasks to queue
[2026-09-04T15:04:13.735+0000] {logging_mixin.py:188} INFO - [2026-09-04T15:04:13.734+0000] {dagbag.py:538} INFO - Filling up the DagBag from /opt/airflow/dags/spark_pipeline_dag.py
[2026-09-04T15:04:13.761+0000] {processor.py:840} INFO - DAG(s) 'air_quality_pipeline' retrieved from /opt/airflow/dags/spark_pipeline_dag.py
[2026-09-04T15:04:13.784+0000] {logging_mixin.py:188} INFO - [2026-09-04T15:04:13.783+0000] {dag.py:3036} INFO - Sync 1 DAGs
[2026-09-04T15:04:13.806+0000] {logging_mixin.py:188} INFO - [2026-09-04T15:04:13.806+0000] {dag.py:3823} INFO - Setting next_dagrun for air_quality_pipeline to 2026-09-04 14:05:00+00:00, run_after=2026-09-04 15:05:00+00:00
[2026-09-04T15:04:13.827+0000] {processor.py:183} INFO - Processing /opt/airflow/dags/spark_pipeline_dag.py took 0.097 seconds
[2026-09-04T15:04:44.269+0000] {processor.py:161} INFO - Started process (PID=56430) to work on /opt/airflow/dags/spark_pipeline_dag.py
[2026-09-04T15:04:44.270+0000] {processor.py:830} INFO - Processing file /opt/airflow/dags/spark_pipeline_dag.py for tasks to queue
[2026-09-04T15:04:44.270+0000] {logging_mixin.py:188} INFO - [2026-09-04T15:04:44.270+0000] {dagbag.py:538} INFO - Filling up the DagBag from /opt/airflow/dags/spark_pipeline_dag.py
[2026-09-04T15:04:44.293+0000] {processor.py:840} INFO - DAG(s) 'air_quality_pipeline' retrieved from /opt/airflow/dags/spark_pipeline_dag.py
[2026-09-04T15:04:44.314+0000] {logging_mixin.py:188} INFO - [2026-09-04T15:04:44.314+0000] {dag.py:3036} INFO - Sync 1 DAGs
[2026-09-04T15:04:44.336+0000] {logging_mixin.py:188} INFO - [2026-09-04T15:04:44.336+0000] {dag.py:3823} INFO - Setting next_dagrun for air_quality_pipeline to 2026-09-04 14:05:00+00:00, run_after=2026-09-04 15:05:00+00:00
[2026-09-04T15:04:44.355+0000] {processor.py:183} INFO - Processing /opt/airflow/dags/spark_pipeline_dag.py took 0.089 seconds
[2026-09-04T15:05:14.837+0000] {processor.py:161} INFO - Started process (PID=56442) to work on /opt/airflow/dags/spark_pipeline_dag.py
[2026-09-04T15:05:14.838+0000] {processor.py:830} INFO - Processing file /opt/airflow/dags/spark_pipeline_dag.py for tasks to queue
[2026-09-04T15:05:14.839+0000] {logging_mixin.py:188} INFO - [2026-09-04T15:05:14.839+0000] {dagbag.py:538} INFO - Filling up the DagBag from /opt/airflow/dags/spark_pipeline_dag.py
[2026-09-04T15:05:14.858+0000] {processor.py:840} INFO - DAG(s) 'air_quality_pipeline' retrieved from /opt/airflow/dags/spark_pipeline_dag.py
[2026-09-04T15:05:14.880+0000] {logging_mixin.py:188} INFO - [2026-09-04T15:05:14.880+0000] {dag.py:3036} INFO - Sync 1 DAGs
[2026-09-04T15:05:14.907+0000] {logging_mixin.py:188} INFO - [2026-09-04T15:05:14.907+0000] {dag.py:3823} INFO - Setting next_dagrun for air_quality_pipeline to 2026-09-04 15:05:00+00:00, run_after=2026-09-04 16:05:00+00:00
[2026-09-04T15:05:14.928+0000] {processor.py:183} INFO - Processing /opt/airflow/dags/spark_pipeline_dag.py took 0.094 seconds
[2026-09-04T15:05:45.233+0000] {processor.py:161} INFO - Started process (PID=56452) to work on /opt/airflow/dags/spark_pipeline_dag.py
[2026-09-04T15:05:45.234+0000] {processor.py:830} INFO - Processing file /opt/airflow/dags/spark_pipeline_dag.py for tasks to queue
[2026-09-04T15:05:45.235+0000] {logging_mixin.py:188} INFO - [2026-09-04T15:05:45.235+0000] {dagbag.py:538} INFO - Filling up the DagBag from /opt/airflow/dags/spark_pipeline_dag.py
[2026-09-04T15:05:45.259+0000] {processor.py:840} INFO - DAG(s) 'air_quality_pipeline' retrieved from /opt/airflow/dags/spark_pipeline_dag.py
[2026-09-04T15:05:45.280+0000] {logging_mixin.py:188} INFO - [2026-09-04T15:05:45.280+0000] {dag.py:3036} INFO - Sync 1 DAGs
[2026-09-04T15:05:45.300+0000] {logging_mixin.py:188} INFO - [2026-09-04T15:05:45.300+0000] {dag.py:3823} INFO - Setting next_dagrun for air_quality_pipeline to 2026-09-04 15:05:00+00:00, run_after=2026-09-04 16:05:00+00:00
[2026-09-04T15:05:45.317+0000] {processor.py:183} INFO - Processing /opt/airflow/dags/spark_pipeline_dag.py took 0.088 seconds
[2026-09-04T15:06:15.595+0000] {processor.py:161} INFO - Started process (PID=56462) to work on /opt/airflow/dags/spark_pipeline_dag.py
[2026-09-04T15:06:15.596+0000] {processor.py:830} INFO - Processing file /opt/airflow/dags/spark_pipeline_dag.py for tasks to queue
[2026-09-04T15:06:15.597+0000] {logging_mixin.py:188} INFO - [2026-09-04T15:06:15.597+0000] {dagbag.py:538} INFO - Filling up the DagBag from /opt/airflow/dags/spark_pipeline_dag.py
[2026-09-04T15:06:15.617+0000] {processor.py:840} INFO - DAG(s) 'air_quality_pipeline' retrieved from /opt/airflow/dags/spark_pipeline_dag.py
[2026-09-04T15:06:15.637+0000] {logging_mixin.py:188} INFO - [2026-09-04T15:06:15.637+0000] {dag.py:3036} INFO - Sync 1 DAGs
[2026-09-04T15:06:15.655+0000] {logging_mixin.py:188} INFO - [2026-09-04T15:06:15.654+0000] {dag.py:3823} INFO - Setting next_dagrun for air_quality_pipeline to 2026-09-04 15:05:00+00:00, run_after=2026-09-04 16:05:00+00:00
[2026-09-04T15:06:15.673+0000] {processor.py:183} INFO - Processing /opt/airflow/dags/spark_pipeline_dag.py took 0.080 seconds
[2026-09-04T15:06:45.988+0000] {processor.py:161} INFO - Started process (PID=56472) to work on /opt/airflow/dags/spark_pipeline_dag.py
[2026-09-04T15:06:45.989+0000] {processor.py:830} INFO - Processing file /opt/airflow/dags/spark_pipeline_dag.py for tasks to queue
[2026-09-04T15:06:45.991+0000] {logging_mixin.py:188} INFO - [2026-09-04T15:06:45.990+0000] {dagbag.py:538} INFO - Filling up the DagBag from /opt/airflow/dags/spark_pipeline_dag.py
[2026-09-04T15:06:46.021+0000] {processor.py:840} INFO - DAG(s) 'air_quality_pipeline' retrieved from /opt/airflow/dags/spark_pipeline_dag.py
[2026-09-04T15:06:46.048+0000] {logging_mixin.py:188} INFO - [2026-09-04T15:06:46.047+0000] {dag.py:3036} INFO - Sync 1 DAGs
[2026-09-04T15:06:46.087+0000] {logging_mixin.py:188} INFO - [2026-09-04T15:06:46.087+0000] {dag.py:3823} INFO - Setting next_dagrun for air_quality_pipeline to 2026-09-04 15:05:00+00:00, run_after=2026-09-04 16:05:00+00:00
[2026-09-04T15:06:46.112+0000] {processor.py:183} INFO - Processing /opt/airflow/dags/spark_pipeline_dag.py took 0.127 seconds
[2026-09-04T15:07:16.448+0000] {processor.py:161} INFO - Started process (PID=56482) to work on /opt/airflow/dags/spark_pipeline_dag.py
[2026-09-04T15:07:16.450+0000] {processor.py:830} INFO - Processing file /opt/airflow/dags/spark_pipeline_dag.py for tasks to queue
[2026-09-04T15:07:16.451+0000] {logging_mixin.py:188} INFO - [2026-09-04T15:07:16.451+0000] {dagbag.py:538} INFO - Filling up the DagBag from /opt/airflow/dags/spark_pipeline_dag.py
[2026-09-04T15:07:16.469+0000] {processor.py:840} INFO - DAG(s) 'air_quality_pipeline' retrieved from /opt/airflow/dags/spark_pipeline_dag.py
[2026-09-04T15:07:16.490+0000] {logging_mixin.py:188} INFO - [2026-09-04T15:07:16.489+0000] {dag.py:3036} INFO - Sync 1 DAGs
[2026-09-04T15:07:16.510+0000] {logging_mixin.py:188} INFO - [2026-09-04T15:07:16.509+0000] {dag.py:3823} INFO - Setting next_dagrun for air_quality_pipeline to 2026-09-04 15:05:00+00:00, run_after=2026-09-04 16:05:00+00:00
[2026-09-04T15:07:16.526+0000] {processor.py:183} INFO - Processing /opt/airflow/dags/spark_pipeline_dag.py took 0.082 seconds
[2026-09-04T15:07:46.865+0000] {processor.py:161} INFO - Started process (PID=56492) to work on /opt/airflow/dags/spark_pipeline_dag.py
[2026-09-04T15:07:46.867+0000] {processor.py:830} INFO - Processing file /opt/airflow/dags/spark_pipeline_dag.py for tasks to queue
[2026-09-04T15:07:46.867+0000] {logging_mixin.py:188} INFO - [2026-09-04T15:07:46.867+0000] {dagbag.py:538} INFO - Filling up the DagBag from /opt/airflow/dags/spark_pipeline_dag.py
[2026-09-04T15:07:46.889+0000] {processor.py:840} INFO - DAG(s) 'air_quality_pipeline' retrieved from /opt/airflow/dags/spark_pipeline_dag.py
[2026-09-04T15:07:46.912+0000] {logging_mixin.py:188} INFO - [2026-09-04T15:07:46.912+0000] {dag.py:3036} INFO - Sync 1 DAGs
[2026-09-04T15:07:46.933+0000] {logging_mixin.py:188} INFO - [2026-09-04T15:07:46.933+0000] {dag.py:3823} INFO - Setting next_dagrun for air_quality_pipeline to 2026-09-04 15:05:00+00:00, run_after=2026-09-04 16:05:00+00:00
[2026-09-04T15:07:46.953+0000] {processor.py:183} INFO - Processing /opt/airflow/dags/spark_pipeline_dag.py took 0.090 seconds
[2026-09-04T15:08:17.364+0000] {processor.py:161} INFO - Started process (PID=56502) to work on /opt/airflow/dags/spark_pipeline_dag.py
[2026-09-04T15:08:17.365+0000] {processor.py:830} INFO - Processing file /opt/airflow/dags/spark_pipeline_dag.py for tasks to queue
[2026-09-04T15:08:17.366+0000] {logging_mixin.py:188} INFO - [2026-09-04T15:08:17.365+0000] {dagbag.py:538} INFO - Filling up the DagBag from /opt/airflow/dags/spark_pipeline_dag.py
[2026-09-04T15:08:17.386+0000] {processor.py:840} INFO - DAG(s) 'air_quality_pipeline' retrieved from /opt/airflow/dags/spark_pipeline_dag.py
[2026-09-04T15:08:17.405+0000] {logging_mixin.py:188} INFO - [2026-09-04T15:08:17.405+0000] {dag.py:3036} INFO - Sync 1 DAGs
[2026-09-04T15:08:17.428+0000] {logging_mixin.py:188} INFO - [2026-09-04T15:08:17.428+0000] {dag.py:3823} INFO - Setting next_dagrun for air_quality_pipeline to 2026-09-04 15:05:00+00:00, run_after=2026-09-04 16:05:00+00:00
[2026-09-04T15:08:17.449+0000] {processor.py:183} INFO - Processing /opt/airflow/dags/spark_pipeline_dag.py took 0.088 seconds
[2026-09-04T15:08:47.843+0000] {processor.py:161} INFO - Started process (PID=56512) to work on /opt/airflow/dags/spark_pipeline_dag.py
[2026-09-04T15:08:47.844+0000] {processor.py:830} INFO - Processing file /opt/airflow/dags/spark_pipeline_dag.py for tasks to queue
[2026-09-04T15:08:47.845+0000] {logging_mixin.py:188} INFO - [2026-09-04T15:08:47.845+0000] {dagbag.py:538} INFO - Filling up the DagBag from /opt/airflow/dags/spark_pipeline_dag.py
[2026-09-04T15:08:47.864+0000] {processor.py:840} INFO - DAG(s) 'air_quality_pipeline' retrieved from /opt/airflow/dags/spark_pipeline_dag.py
[2026-09-04T15:08:47.882+0000] {logging_mixin.py:188} INFO - [2026-09-04T15:08:47.882+0000] {dag.py:3036} INFO - Sync 1 DAGs
[2026-09-04T15:08:47.901+0000] {logging_mixin.py:188} INFO - [2026-09-04T15:08:47.901+0000] {dag.py:3823} INFO - Setting next_dagrun for air_quality_pipeline to 2026-09-04 15:05:00+00:00, run_after=2026-09-04 16:05:00+00:00
[2026-09-04T15:08:47.920+0000] {processor.py:183} INFO - Processing /opt/airflow/dags/spark_pipeline_dag.py took 0.079 seconds
[2026-09-04T15:09:18.245+0000] {processor.py:161} INFO - Started process (PID=56522) to work on /opt/airflow/dags/spark_pipeline_dag.py
[2026-09-04T15:09:18.246+0000] {processor.py:830} INFO - Processing file /opt/airflow/dags/spark_pipeline_dag.py for tasks to queue
[2026-09-04T15:09:18.247+0000] {logging_mixin.py:188} INFO - [2026-09-04T15:09:18.247+0000] {dagbag.py:538} INFO - Filling up the DagBag from /opt/airflow/dags/spark_pipeline_dag.py
[2026-09-04T15:09:18.270+0000] {processor.py:840} INFO - DAG(s) 'air_quality_pipeline' retrieved from /opt/airflow/dags/spark_pipeline_dag.py
[2026-09-04T15:09:18.293+0000] {logging_mixin.py:188} INFO - [2026-09-04T15:09:18.293+0000] {dag.py:3036} INFO - Sync 1 DAGs
[2026-09-04T15:09:18.315+0000] {logging_mixin.py:188} INFO - [2026-09-04T15:09:18.315+0000] {dag.py:3823} INFO - Setting next_dagrun for air_quality_pipeline to 2026-09-04 15:05:00+00:00, run_after=2026-09-04 16:05:00+00:00
[2026-09-04T15:09:18.341+0000] {processor.py:183} INFO - Processing /opt/airflow/dags/spark_pipeline_dag.py took 0.098 seconds
[2026-09-04T15:09:48.729+0000] {processor.py:161} INFO - Started process (PID=56532) to work on /opt/airflow/dags/spark_pipeline_dag.py
[2026-09-04T15:09:48.731+0000] {processor.py:830} INFO - Processing file /opt/airflow/dags/spark_pipeline_dag.py for tasks to queue
[2026-09-04T15:09:48.732+0000] {logging_mixin.py:188} INFO - [2026-09-04T15:09:48.731+0000] {dagbag.py:538} INFO - Filling up the DagBag from /opt/airflow/dags/spark_pipeline_dag.py
[2026-09-04T15:09:48.756+0000] {processor.py:840} INFO - DAG(s) 'air_quality_pipeline' retrieved from /opt/airflow/dags/spark_pipeline_dag.py
[2026-09-04T15:09:48.778+0000] {logging_mixin.py:188} INFO - [2026-09-04T15:09:48.778+0000] {dag.py:3036} INFO - Sync 1 DAGs
[2026-09-04T15:09:48.800+0000] {logging_mixin.py:188} INFO - [2026-09-04T15:09:48.800+0000] {dag.py:3823} INFO - Setting next_dagrun for air_quality_pipeline to 2026-09-04 15:05:00+00:00, run_after=2026-09-04 16:05:00+00:00
[2026-09-04T15:09:48.825+0000] {processor.py:183} INFO - Processing /opt/airflow/dags/spark_pipeline_dag.py took 0.099 seconds
[2026-09-04T15:10:19.324+0000] {processor.py:161} INFO - Started process (PID=56542) to work on /opt/airflow/dags/spark_pipeline_dag.py
[2026-09-04T15:10:19.325+0000] {processor.py:830} INFO - Processing file /opt/airflow/dags/spark_pipeline_dag.py for tasks to queue
[2026-09-04T15:10:19.326+0000] {logging_mixin.py:188} INFO - [2026-09-04T15:10:19.326+0000] {dagbag.py:538} INFO - Filling up the DagBag from /opt/airflow/dags/spark_pipeline_dag.py
[2026-09-04T15:10:19.350+0000] {processor.py:840} INFO - DAG(s) 'air_quality_pipeline' retrieved from /opt/airflow/dags/spark_pipeline_dag.py
[2026-09-04T15:10:19.371+0000] {logging_mixin.py:188} INFO - [2026-09-04T15:10:19.371+0000] {dag.py:3036} INFO - Sync 1 DAGs
[2026-09-04T15:10:19.391+0000] {logging_mixin.py:188} INFO - [2026-09-04T15:10:19.390+0000] {dag.py:3823} INFO - Setting next_dagrun for air_quality_pipeline to 2026-09-04 15:05:00+00:00, run_after=2026-09-04 16:05:00+00:00
[2026-09-04T15:10:19.412+0000] {processor.py:183} INFO - Processing /opt/airflow/dags/spark_pipeline_dag.py took 0.091 seconds
[2026-09-04T15:10:49.883+0000] {processor.py:161} INFO - Started process (PID=56552) to work on /opt/airflow/dags/spark_pipeline_dag.py
[2026-09-04T15:10:49.885+0000] {processor.py:830} INFO - Processing file /opt/airflow/dags/spark_pipeline_dag.py for tasks to queue
[2026-09-04T15:10:49.887+0000] {logging_mixin.py:188} INFO - [2026-09-04T15:10:49.887+0000] {dagbag.py:538} INFO - Filling up the DagBag from /opt/airflow/dags/spark_pipeline_dag.py
[2026-09-04T15:10:49.908+0000] {processor.py:840} INFO - DAG(s) 'air_quality_pipeline' retrieved from /opt/airflow/dags/spark_pipeline_dag.py
[2026-09-04T15:10:49.926+0000] {logging_mixin.py:188} INFO - [2026-09-04T15:10:49.926+0000] {dag.py:3036} INFO - Sync 1 DAGs
[2026-09-04T15:10:49.944+0000] {logging_mixin.py:188} INFO - [2026-09-04T15:10:49.944+0000] {dag.py:3823} INFO - Setting next_dagrun for air_quality_pipeline to 2026-09-04 15:05:00+00:00, run_after=2026-09-04 16:05:00+00:00
[2026-09-04T15:10:49.964+0000] {processor.py:183} INFO - Processing /opt/airflow/dags/spark_pipeline_dag.py took 0.083 seconds
[2026-09-04T15:11:20.372+0000] {processor.py:161} INFO - Started process (PID=56562) to work on /opt/airflow/dags/spark_pipeline_dag.py
[2026-09-04T15:11:20.373+0000] {processor.py:830} INFO - Processing file /opt/airflow/dags/spark_pipeline_dag.py for tasks to queue
[2026-09-04T15:11:20.375+0000] {logging_mixin.py:188} INFO - [2026-09-04T15:11:20.374+0000] {dagbag.py:538} INFO - Filling up the DagBag from /opt/airflow/dags/spark_pipeline_dag.py
[2026-09-04T15:11:20.399+0000] {processor.py:840} INFO - DAG(s) 'air_quality_pipeline' retrieved from /opt/airflow/dags/spark_pipeline_dag.py
[2026-09-04T15:11:20.420+0000] {logging_mixin.py:188} INFO - [2026-09-04T15:11:20.419+0000] {dag.py:3036} INFO - Sync 1 DAGs
[2026-09-04T15:11:20.440+0000] {logging_mixin.py:188} INFO - [2026-09-04T15:11:20.440+0000] {dag.py:3823} INFO - Setting next_dagrun for air_quality_pipeline to 2026-09-04 15:05:00+00:00, run_after=2026-09-04 16:05:00+00:00
[2026-09-04T15:11:20.460+0000] {processor.py:183} INFO - Processing /opt/airflow/dags/spark_pipeline_dag.py took 0.091 seconds
[2026-09-04T15:11:50.853+0000] {processor.py:161} INFO - Started process (PID=56572) to work on /opt/airflow/dags/spark_pipeline_dag.py
[2026-09-04T15:11:50.854+0000] {processor.py:830} INFO - Processing file /opt/airflow/dags/spark_pipeline_dag.py for tasks to queue
[2026-09-04T15:11:50.855+0000] {logging_mixin.py:188} INFO - [2026-09-04T15:11:50.855+0000] {dagbag.py:538} INFO - Filling up the DagBag from /opt/airflow/dags/spark_pipeline_dag.py
[2026-09-04T15:11:50.873+0000] {processor.py:840} INFO - DAG(s) 'air_quality_pipeline' retrieved from /opt/airflow/dags/spark_pipeline_dag.py
[2026-09-04T15:11:50.891+0000] {logging_mixin.py:188} INFO - [2026-09-04T15:11:50.891+0000] {dag.py:3036} INFO - Sync 1 DAGs
[2026-09-04T15:11:50.909+0000] {logging_mixin.py:188} INFO - [2026-09-04T15:11:50.909+0000] {dag.py:3823} INFO - Setting next_dagrun for air_quality_pipeline to 2026-09-04 15:05:00+00:00, run_after=2026-09-04 16:05:00+00:00
[2026-09-04T15:11:50.928+0000] {processor.py:183} INFO - Processing /opt/airflow/dags/spark_pipeline_dag.py took 0.078 seconds
[2026-09-04T15:12:21.276+0000] {processor.py:161} INFO - Started process (PID=56582) to work on /opt/airflow/dags/spark_pipeline_dag.py
[2026-09-04T15:12:21.277+0000] {processor.py:830} INFO - Processing file /opt/airflow/dags/spark_pipeline_dag.py for tasks to queue
[2026-09-04T15:12:21.278+0000] {logging_mixin.py:188} INFO - [2026-09-04T15:12:21.278+0000] {dagbag.py:538} INFO - Filling up the DagBag from /opt/airflow/dags/spark_pipeline_dag.py
[2026-09-04T15:12:21.297+0000] {processor.py:840} INFO - DAG(s) 'air_quality_pipeline' retrieved from /opt/airflow/dags/spark_pipeline_dag.py
[2026-09-04T15:12:21.320+0000] {logging_mixin.py:188} INFO - [2026-09-04T15:12:21.320+0000] {dag.py:3036} INFO - Sync 1 DAGs
[2026-09-04T15:12:21.344+0000] {logging_mixin.py:188} INFO - [2026-09-04T15:12:21.344+0000] {dag.py:3823} INFO - Setting next_dagrun for air_quality_pipeline to 2026-09-04 15:05:00+00:00, run_after=2026-09-04 16:05:00+00:00
[2026-09-04T15:12:21.364+0000] {processor.py:183} INFO - Processing /opt/airflow/dags/spark_pipeline_dag.py took 0.090 seconds
[2026-09-04T15:12:51.796+0000] {processor.py:161} INFO - Started process (PID=56592) to work on /opt/airflow/dags/spark_pipeline_dag.py
[2026-09-04T15:12:51.799+0000] {processor.py:830} INFO - Processing file /opt/airflow/dags/spark_pipeline_dag.py for tasks to queue
[2026-09-04T15:12:51.800+0000] {logging_mixin.py:188} INFO - [2026-09-04T15:12:51.800+0000] {dagbag.py:538} INFO - Filling up the DagBag from /opt/airflow/dags/spark_pipeline_dag.py
[2026-09-04T15:12:51.817+0000] {processor.py:840} INFO - DAG(s) 'air_quality_pipeline' retrieved from /opt/airflow/dags/spark_pipeline_dag.py
[2026-09-04T15:12:51.836+0000] {logging_mixin.py:188} INFO - [2026-09-04T15:12:51.836+0000] {dag.py:3036} INFO - Sync 1 DAGs
[2026-09-04T15:12:51.856+0000] {logging_mixin.py:188} INFO - [2026-09-04T15:12:51.856+0000] {dag.py:3823} INFO - Setting next_dagrun for air_quality_pipeline to 2026-09-04 15:05:00+00:00, run_after=2026-09-04 16:05:00+00:00
[2026-09-04T15:12:51.874+0000] {processor.py:183} INFO - Processing /opt/airflow/dags/spark_pipeline_dag.py took 0.080 seconds
[2026-09-04T15:13:22.338+0000] {processor.py:161} INFO - Started process (PID=56602) to work on /opt/airflow/dags/spark_pipeline_dag.py
[2026-09-04T15:13:22.340+0000] {processor.py:830} INFO - Processing file /opt/airflow/dags/spark_pipeline_dag.py for tasks to queue
[2026-09-04T15:13:22.341+0000] {logging_mixin.py:188} INFO - [2026-09-04T15:13:22.341+0000] {dagbag.py:538} INFO - Filling up the DagBag from /opt/airflow/dags/spark_pipeline_dag.py
[2026-09-04T15:13:22.363+0000] {processor.py:840} INFO - DAG(s) 'air_quality_pipeline' retrieved from /opt/airflow/dags/spark_pipeline_dag.py
[2026-09-04T15:13:22.383+0000] {logging_mixin.py:188} INFO - [2026-09-04T15:13:22.383+0000] {dag.py:3036} INFO - Sync 1 DAGs
[2026-09-04T15:13:22.407+0000] {logging_mixin.py:188} INFO - [2026-09-04T15:13:22.407+0000] {dag.py:3823} INFO - Setting next_dagrun for air_quality_pipeline to 2026-09-04 15:05:00+00:00, run_after=2026-09-04 16:05:00+00:00
[2026-09-04T15:13:22.429+0000] {processor.py:183} INFO - Processing /opt/airflow/dags/spark_pipeline_dag.py took 0.093 seconds
[2026-09-04T15:13:52.798+0000] {processor.py:161} INFO - Started process (PID=56612) to work on /opt/airflow/dags/spark_pipeline_dag.py
[2026-09-04T15:13:52.799+0000] {processor.py:830} INFO - Processing file /opt/airflow/dags/spark_pipeline_dag.py for tasks to queue
[2026-09-04T15:13:52.800+0000] {logging_mixin.py:188} INFO - [2026-09-04T15:13:52.800+0000] {dagbag.py:538} INFO - Filling up the DagBag from /opt/airflow/dags/spark_pipeline_dag.py
[2026-09-04T15:13:52.823+0000] {processor.py:840} INFO - DAG(s) 'air_quality_pipeline' retrieved from /opt/airflow/dags/spark_pipeline_dag.py
[2026-09-04T15:13:52.843+0000] {logging_mixin.py:188} INFO - [2026-09-04T15:13:52.843+0000] {dag.py:3036} INFO - Sync 1 DAGs
[2026-09-04T15:13:52.864+0000] {logging_mixin.py:188} INFO - [2026-09-04T15:13:52.864+0000] {dag.py:3823} INFO - Setting next_dagrun for air_quality_pipeline to 2026-09-04 15:05:00+00:00, run_after=2026-09-04 16:05:00+00:00
[2026-09-04T15:13:52.884+0000] {processor.py:183} INFO - Processing /opt/airflow/dags/spark_pipeline_dag.py took 0.088 seconds
[2026-09-04T15:14:23.229+0000] {processor.py:161} INFO - Started process (PID=56622) to work on /opt/airflow/dags/spark_pipeline_dag.py
[2026-09-04T15:14:23.230+0000] {processor.py:830} INFO - Processing file /opt/airflow/dags/spark_pipeline_dag.py for tasks to queue
[2026-09-04T15:14:23.231+0000] {logging_mixin.py:188} INFO - [2026-09-04T15:14:23.231+0000] {dagbag.py:538} INFO - Filling up the DagBag from /opt/airflow/dags/spark_pipeline_dag.py
[2026-09-04T15:14:23.252+0000] {processor.py:840} INFO - DAG(s) 'air_quality_pipeline' retrieved from /opt/airflow/dags/spark_pipeline_dag.py
[2026-09-04T15:14:23.272+0000] {logging_mixin.py:188} INFO - [2026-09-04T15:14:23.272+0000] {dag.py:3036} INFO - Sync 1 DAGs
[2026-09-04T15:14:23.293+0000] {logging_mixin.py:188} INFO - [2026-09-04T15:14:23.293+0000] {dag.py:3823} INFO - Setting next_dagrun for air_quality_pipeline to 2026-09-04 15:05:00+00:00, run_after=2026-09-04 16:05:00+00:00
[2026-09-04T15:14:23.314+0000] {processor.py:183} INFO - Processing /opt/airflow/dags/spark_pipeline_dag.py took 0.087 seconds
[2026-09-04T15:14:53.698+0000] {processor.py:161} INFO - Started process (PID=56632) to work on /opt/airflow/dags/spark_pipeline_dag.py
[2026-09-04T15:14:53.699+0000] {processor.py:830} INFO - Processing file /opt/airflow/dags/spark_pipeline_dag.py for tasks to queue
[2026-09-04T15:14:53.700+0000] {logging_mixin.py:188} INFO - [2026-09-04T15:14:53.700+0000] {dagbag.py:538} INFO - Filling up the DagBag from /opt/airflow/dags/spark_pipeline_dag.py
[2026-09-04T15:14:53.721+0000] {processor.py:840} INFO - DAG(s) 'air_quality_pipeline' retrieved from /opt/airflow/dags/spark_pipeline_dag.py
[2026-09-04T15:14:53.741+0000] {logging_mixin.py:188} INFO - [2026-09-04T15:14:53.741+0000] {dag.py:3036} INFO - Sync 1 DAGs
[2026-09-04T15:14:53.761+0000] {logging_mixin.py:188} INFO - [2026-09-04T15:14:53.761+0000] {dag.py:3823} INFO - Setting next_dagrun for air_quality_pipeline to 2026-09-04 15:05:00+00:00, run_after=2026-09-04 16:05:00+00:00
[2026-09-04T15:14:53.780+0000] {processor.py:183} INFO - Processing /opt/airflow/dags/spark_pipeline_dag.py took 0.084 seconds
[2026-09-04T15:15:24.187+0000] {processor.py:161} INFO - Started process (PID=56642) to work on /opt/airflow/dags/spark_pipeline_dag.py
[2026-09-04T15:15:24.188+0000] {processor.py:830} INFO - Processing file /opt/airflow/dags/spark_pipeline_dag.py for tasks to queue
[2026-09-04T15:15:24.189+0000] {logging_mixin.py:188} INFO - [2026-09-04T15:15:24.189+0000] {dagbag.py:538} INFO - Filling up the DagBag from /opt/airflow/dags/spark_pipeline_dag.py
[2026-09-04T15:15:24.210+0000] {processor.py:840} INFO - DAG(s) 'air_quality_pipeline' retrieved from /opt/airflow/dags/spark_pipeline_dag.py
[2026-09-04T15:15:24.232+0000] {logging_mixin.py:188} INFO - [2026-09-04T15:15:24.232+0000] {dag.py:3036} INFO - Sync 1 DAGs
[2026-09-04T15:15:24.252+0000] {logging_mixin.py:188} INFO - [2026-09-04T15:15:24.252+0000] {dag.py:3823} INFO - Setting next_dagrun for air_quality_pipeline to 2026-09-04 15:05:00+00:00, run_after=2026-09-04 16:05:00+00:00
[2026-09-04T15:15:24.270+0000] {processor.py:183} INFO - Processing /opt/airflow/dags/spark_pipeline_dag.py took 0.086 seconds
[2026-09-04T15:15:54.710+0000] {processor.py:161} INFO - Started process (PID=56652) to work on /opt/airflow/dags/spark_pipeline_dag.py
[2026-09-04T15:15:54.711+0000] {processor.py:830} INFO - Processing file /opt/airflow/dags/spark_pipeline_dag.py for tasks to queue
[2026-09-04T15:15:54.712+0000] {logging_mixin.py:188} INFO - [2026-09-04T15:15:54.712+0000] {dagbag.py:538} INFO - Filling up the DagBag from /opt/airflow/dags/spark_pipeline_dag.py
[2026-09-04T15:15:54.736+0000] {processor.py:840} INFO - DAG(s) 'air_quality_pipeline' retrieved from /opt/airflow/dags/spark_pipeline_dag.py
[2026-09-04T15:15:54.753+0000] {logging_mixin.py:188} INFO - [2026-09-04T15:15:54.753+0000] {dag.py:3036} INFO - Sync 1 DAGs
[2026-09-04T15:15:54.772+0000] {logging_mixin.py:188} INFO - [2026-09-04T15:15:54.772+0000] {dag.py:3823} INFO - Setting next_dagrun for air_quality_pipeline to 2026-09-04 15:05:00+00:00, run_after=2026-09-04 16:05:00+00:00
[2026-09-04T15:15:54.791+0000] {processor.py:183} INFO - Processing /opt/airflow/dags/spark_pipeline_dag.py took 0.084 seconds
[2026-09-04T15:16:25.266+0000] {processor.py:161} INFO - Started process (PID=56662) to work on /opt/airflow/dags/spark_pipeline_dag.py
[2026-09-04T15:16:25.267+0000] {processor.py:830} INFO - Processing file /opt/airflow/dags/spark_pipeline_dag.py for tasks to queue
[2026-09-04T15:16:25.268+0000] {logging_mixin.py:188} INFO - [2026-09-04T15:16:25.268+0000] {dagbag.py:538} INFO - Filling up the DagBag from /opt/airflow/dags/spark_pipeline_dag.py
[2026-09-04T15:16:25.292+0000] {processor.py:840} INFO - DAG(s) 'air_quality_pipeline' retrieved from /opt/airflow/dags/spark_pipeline_dag.py
[2026-09-04T15:16:25.319+0000] {logging_mixin.py:188} INFO - [2026-09-04T15:16:25.319+0000] {dag.py:3036} INFO - Sync 1 DAGs
[2026-09-04T15:16:25.339+0000] {logging_mixin.py:188} INFO - [2026-09-04T15:16:25.339+0000] {dag.py:3823} INFO - Setting next_dagrun for air_quality_pipeline to 2026-09-04 15:05:00+00:00, run_after=2026-09-04 16:05:00+00:00
[2026-09-04T15:16:25.358+0000] {processor.py:183} INFO - Processing /opt/airflow/dags/spark_pipeline_dag.py took 0.095 seconds
[2026-09-04T15:16:55.697+0000] {processor.py:161} INFO - Started process (PID=56672) to work on /opt/airflow/dags/spark_pipeline_dag.py
[2026-09-04T15:16:55.699+0000] {processor.py:830} INFO - Processing file /opt/airflow/dags/spark_pipeline_dag.py for tasks to queue
[2026-09-04T15:16:55.700+0000] {logging_mixin.py:188} INFO - [2026-09-04T15:16:55.700+0000] {dagbag.py:538} INFO - Filling up the DagBag from /opt/airflow/dags/spark_pipeline_dag.py
[2026-09-04T15:16:55.736+0000] {processor.py:840} INFO - DAG(s) 'air_quality_pipeline' retrieved from /opt/airflow/dags/spark_pipeline_dag.py
[2026-09-04T15:16:55.758+0000] {logging_mixin.py:188} INFO - [2026-09-04T15:16:55.758+0000] {dag.py:3036} INFO - Sync 1 DAGs
[2026-09-04T15:16:55.781+0000] {logging_mixin.py:188} INFO - [2026-09-04T15:16:55.781+0000] {dag.py:3823} INFO - Setting next_dagrun for air_quality_pipeline to 2026-09-04 15:05:00+00:00, run_after=2026-09-04 16:05:00+00:00
[2026-09-04T15:16:55.800+0000] {processor.py:183} INFO - Processing /opt/airflow/dags/spark_pipeline_dag.py took 0.107 seconds
[2026-09-04T15:17:26.134+0000] {processor.py:161} INFO - Started process (PID=56682) to work on /opt/airflow/dags/spark_pipeline_dag.py
[2026-09-04T15:17:26.135+0000] {processor.py:830} INFO - Processing file /opt/airflow/dags/spark_pipeline_dag.py for tasks to queue
[2026-09-04T15:17:26.136+0000] {logging_mixin.py:188} INFO - [2026-09-04T15:17:26.136+0000] {dagbag.py:538} INFO - Filling up the DagBag from /opt/airflow/dags/spark_pipeline_dag.py
[2026-09-04T15:17:26.162+0000] {processor.py:840} INFO - DAG(s) 'air_quality_pipeline' retrieved from /opt/airflow/dags/spark_pipeline_dag.py
[2026-09-04T15:17:26.181+0000] {logging_mixin.py:188} INFO - [2026-09-04T15:17:26.181+0000] {dag.py:3036} INFO - Sync 1 DAGs
[2026-09-04T15:17:26.199+0000] {logging_mixin.py:188} INFO - [2026-09-04T15:17:26.199+0000] {dag.py:3823} INFO - Setting next_dagrun for air_quality_pipeline to 2026-09-04 15:05:00+00:00, run_after=2026-09-04 16:05:00+00:00
[2026-09-04T15:17:26.221+0000] {processor.py:183} INFO - Processing /opt/airflow/dags/spark_pipeline_dag.py took 0.090 seconds
[2026-09-04T15:17:56.587+0000] {processor.py:161} INFO - Started process (PID=56692) to work on /opt/airflow/dags/spark_pipeline_dag.py
[2026-09-04T15:17:56.589+0000] {processor.py:830} INFO - Processing file /opt/airflow/dags/spark_pipeline_dag.py for tasks to queue
[2026-09-04T15:17:56.590+0000] {logging_mixin.py:188} INFO - [2026-09-04T15:17:56.589+0000] {dagbag.py:538} INFO - Filling up the DagBag from /opt/airflow/dags/spark_pipeline_dag.py
[2026-09-04T15:17:56.621+0000] {processor.py:840} INFO - DAG(s) 'air_quality_pipeline' retrieved from /opt/airflow/dags/spark_pipeline_dag.py
[2026-09-04T15:17:56.641+0000] {logging_mixin.py:188} INFO - [2026-09-04T15:17:56.641+0000] {dag.py:3036} INFO - Sync 1 DAGs
[2026-09-04T15:17:56.667+0000] {logging_mixin.py:188} INFO - [2026-09-04T15:17:56.666+0000] {dag.py:3823} INFO - Setting next_dagrun for air_quality_pipeline to 2026-09-04 15:05:00+00:00, run_after=2026-09-04 16:05:00+00:00
[2026-09-04T15:17:56.688+0000] {processor.py:183} INFO - Processing /opt/airflow/dags/spark_pipeline_dag.py took 0.103 seconds
[2026-09-04T15:18:27.123+0000] {processor.py:161} INFO - Started process (PID=56702) to work on /opt/airflow/dags/spark_pipeline_dag.py
[2026-09-04T15:18:27.125+0000] {processor.py:830} INFO - Processing file /opt/airflow/dags/spark_pipeline_dag.py for tasks to queue
[2026-09-04T15:18:27.126+0000] {logging_mixin.py:188} INFO - [2026-09-04T15:18:27.126+0000] {dagbag.py:538} INFO - Filling up the DagBag from /opt/airflow/dags/spark_pipeline_dag.py
[2026-09-04T15:18:27.148+0000] {processor.py:840} INFO - DAG(s) 'air_quality_pipeline' retrieved from /opt/airflow/dags/spark_pipeline_dag.py
[2026-09-04T15:18:27.168+0000] {logging_mixin.py:188} INFO - [2026-09-04T15:18:27.167+0000] {dag.py:3036} INFO - Sync 1 DAGs
[2026-09-04T15:18:27.189+0000] {logging_mixin.py:188} INFO - [2026-09-04T15:18:27.188+0000] {dag.py:3823} INFO - Setting next_dagrun for air_quality_pipeline to 2026-09-04 15:05:00+00:00, run_after=2026-09-04 16:05:00+00:00
[2026-09-04T15:18:27.209+0000] {processor.py:183} INFO - Processing /opt/airflow/dags/spark_pipeline_dag.py took 0.088 seconds
[2026-09-04T15:18:57.680+0000] {processor.py:161} INFO - Started process (PID=56712) to work on /opt/airflow/dags/spark_pipeline_dag.py
[2026-09-04T15:18:57.683+0000] {processor.py:830} INFO - Processing file /opt/airflow/dags/spark_pipeline_dag.py for tasks to queue
[2026-09-04T15:18:57.686+0000] {logging_mixin.py:188} INFO - [2026-09-04T15:18:57.685+0000] {dagbag.py:538} INFO - Filling up the DagBag from /opt/airflow/dags/spark_pipeline_dag.py
[2026-09-04T15:18:57.729+0000] {processor.py:840} INFO - DAG(s) 'air_quality_pipeline' retrieved from /opt/airflow/dags/spark_pipeline_dag.py
[2026-09-04T15:18:57.754+0000] {logging_mixin.py:188} INFO - [2026-09-04T15:18:57.753+0000] {dag.py:3036} INFO - Sync 1 DAGs
[2026-09-04T15:18:57.775+0000] {logging_mixin.py:188} INFO - [2026-09-04T15:18:57.775+0000] {dag.py:3823} INFO - Setting next_dagrun for air_quality_pipeline to 2026-09-04 15:05:00+00:00, run_after=2026-09-04 16:05:00+00:00
[2026-09-04T15:18:57.793+0000] {processor.py:183} INFO - Processing /opt/airflow/dags/spark_pipeline_dag.py took 0.115 seconds
[2026-09-04T15:19:28.197+0000] {processor.py:161} INFO - Started process (PID=56722) to work on /opt/airflow/dags/spark_pipeline_dag.py
[2026-09-04T15:19:28.198+0000] {processor.py:830} INFO - Processing file /opt/airflow/dags/spark_pipeline_dag.py for tasks to queue
[2026-09-04T15:19:28.199+0000] {logging_mixin.py:188} INFO - [2026-09-04T15:19:28.199+0000] {dagbag.py:538} INFO - Filling up the DagBag from /opt/airflow/dags/spark_pipeline_dag.py
[2026-09-04T15:19:28.218+0000] {processor.py:840} INFO - DAG(s) 'air_quality_pipeline' retrieved from /opt/airflow/dags/spark_pipeline_dag.py
[2026-09-04T15:19:28.237+0000] {logging_mixin.py:188} INFO - [2026-09-04T15:19:28.237+0000] {dag.py:3036} INFO - Sync 1 DAGs
[2026-09-04T15:19:28.257+0000] {logging_mixin.py:188} INFO - [2026-09-04T15:19:28.257+0000] {dag.py:3823} INFO - Setting next_dagrun for air_quality_pipeline to 2026-09-04 15:05:00+00:00, run_after=2026-09-04 16:05:00+00:00
[2026-09-04T15:19:28.276+0000] {processor.py:183} INFO - Processing /opt/airflow/dags/spark_pipeline_dag.py took 0.082 seconds
[2026-09-04T15:19:58.726+0000] {processor.py:161} INFO - Started process (PID=56732) to work on /opt/airflow/dags/spark_pipeline_dag.py
[2026-09-04T15:19:58.727+0000] {processor.py:830} INFO - Processing file /opt/airflow/dags/spark_pipeline_dag.py for tasks to queue
[2026-09-04T15:19:58.728+0000] {logging_mixin.py:188} INFO - [2026-09-04T15:19:58.728+0000] {dagbag.py:538} INFO - Filling up the DagBag from /opt/airflow/dags/spark_pipeline_dag.py
[2026-09-04T15:19:58.749+0000] {processor.py:840} INFO - DAG(s) 'air_quality_pipeline' retrieved from /opt/airflow/dags/spark_pipeline_dag.py
[2026-09-04T15:19:58.768+0000] {logging_mixin.py:188} INFO - [2026-09-04T15:19:58.768+0000] {dag.py:3036} INFO - Sync 1 DAGs
[2026-09-04T15:19:58.790+0000] {logging_mixin.py:188} INFO - [2026-09-04T15:19:58.790+0000] {dag.py:3823} INFO - Setting next_dagrun for air_quality_pipeline to 2026-09-04 15:05:00+00:00, run_after=2026-09-04 16:05:00+00:00
[2026-09-04T15:19:58.808+0000] {processor.py:183} INFO - Processing /opt/airflow/dags/spark_pipeline_dag.py took 0.084 seconds
[2026-09-04T15:20:29.136+0000] {processor.py:161} INFO - Started process (PID=56742) to work on /opt/airflow/dags/spark_pipeline_dag.py
[2026-09-04T15:20:29.140+0000] {processor.py:830} INFO - Processing file /opt/airflow/dags/spark_pipeline_dag.py for tasks to queue
[2026-09-04T15:20:29.141+0000] {logging_mixin.py:188} INFO - [2026-09-04T15:20:29.141+0000] {dagbag.py:538} INFO - Filling up the DagBag from /opt/airflow/dags/spark_pipeline_dag.py
[2026-09-04T15:20:29.166+0000] {processor.py:840} INFO - DAG(s) 'air_quality_pipeline' retrieved from /opt/airflow/dags/spark_pipeline_dag.py
[2026-09-04T15:20:29.186+0000] {logging_mixin.py:188} INFO - [2026-09-04T15:20:29.186+0000] {dag.py:3036} INFO - Sync 1 DAGs
[2026-09-04T15:20:29.210+0000] {logging_mixin.py:188} INFO - [2026-09-04T15:20:29.210+0000] {dag.py:3823} INFO - Setting next_dagrun for air_quality_pipeline to 2026-09-04 15:05:00+00:00, run_after=2026-09-04 16:05:00+00:00
[2026-09-04T15:20:29.229+0000] {processor.py:183} INFO - Processing /opt/airflow/dags/spark_pipeline_dag.py took 0.095 seconds
[2026-09-04T15:20:59.582+0000] {processor.py:161} INFO - Started process (PID=56752) to work on /opt/airflow/dags/spark_pipeline_dag.py
[2026-09-04T15:20:59.584+0000] {processor.py:830} INFO - Processing file /opt/airflow/dags/spark_pipeline_dag.py for tasks to queue
[2026-09-04T15:20:59.585+0000] {logging_mixin.py:188} INFO - [2026-09-04T15:20:59.585+0000] {dagbag.py:538} INFO - Filling up the DagBag from /opt/airflow/dags/spark_pipeline_dag.py
[2026-09-04T15:20:59.610+0000] {processor.py:840} INFO - DAG(s) 'air_quality_pipeline' retrieved from /opt/airflow/dags/spark_pipeline_dag.py
[2026-09-04T15:20:59.631+0000] {logging_mixin.py:188} INFO - [2026-09-04T15:20:59.631+0000] {dag.py:3036} INFO - Sync 1 DAGs
[2026-09-04T15:20:59.658+0000] {logging_mixin.py:188} INFO - [2026-09-04T15:20:59.657+0000] {dag.py:3823} INFO - Setting next_dagrun for air_quality_pipeline to 2026-09-04 15:05:00+00:00, run_after=2026-09-04 16:05:00+00:00
[2026-09-04T15:20:59.684+0000] {processor.py:183} INFO - Processing /opt/airflow/dags/spark_pipeline_dag.py took 0.104 seconds
[2026-09-04T15:21:30.106+0000] {processor.py:161} INFO - Started process (PID=56762) to work on /opt/airflow/dags/spark_pipeline_dag.py
[2026-09-04T15:21:30.107+0000] {processor.py:830} INFO - Processing file /opt/airflow/dags/spark_pipeline_dag.py for tasks to queue
[2026-09-04T15:21:30.108+0000] {logging_mixin.py:188} INFO - [2026-09-04T15:21:30.108+0000] {dagbag.py:538} INFO - Filling up the DagBag from /opt/airflow/dags/spark_pipeline_dag.py
[2026-09-04T15:21:30.127+0000] {processor.py:840} INFO - DAG(s) 'air_quality_pipeline' retrieved from /opt/airflow/dags/spark_pipeline_dag.py
[2026-09-04T15:21:30.146+0000] {logging_mixin.py:188} INFO - [2026-09-04T15:21:30.146+0000] {dag.py:3036} INFO - Sync 1 DAGs
[2026-09-04T15:21:30.166+0000] {logging_mixin.py:188} INFO - [2026-09-04T15:21:30.165+0000] {dag.py:3823} INFO - Setting next_dagrun for air_quality_pipeline to 2026-09-04 15:05:00+00:00, run_after=2026-09-04 16:05:00+00:00
[2026-09-04T15:21:30.187+0000] {processor.py:183} INFO - Processing /opt/airflow/dags/spark_pipeline_dag.py took 0.083 seconds
[2026-09-04T15:22:00.568+0000] {processor.py:161} INFO - Started process (PID=56772) to work on /opt/airflow/dags/spark_pipeline_dag.py
[2026-09-04T15:22:00.569+0000] {processor.py:830} INFO - Processing file /opt/airflow/dags/spark_pipeline_dag.py for tasks to queue
[2026-09-04T15:22:00.570+0000] {logging_mixin.py:188} INFO - [2026-09-04T15:22:00.569+0000] {dagbag.py:538} INFO - Filling up the DagBag from /opt/airflow/dags/spark_pipeline_dag.py
[2026-09-04T15:22:00.590+0000] {processor.py:840} INFO - DAG(s) 'air_quality_pipeline' retrieved from /opt/airflow/dags/spark_pipeline_dag.py
[2026-09-04T15:22:00.609+0000] {logging_mixin.py:188} INFO - [2026-09-04T15:22:00.609+0000] {dag.py:3036} INFO - Sync 1 DAGs
[2026-09-04T15:22:00.629+0000] {logging_mixin.py:188} INFO - [2026-09-04T15:22:00.629+0000] {dag.py:3823} INFO - Setting next_dagrun for air_quality_pipeline to 2026-09-04 15:05:00+00:00, run_after=2026-09-04 16:05:00+00:00
[2026-09-04T15:22:00.650+0000] {processor.py:183} INFO - Processing /opt/airflow/dags/spark_pipeline_dag.py took 0.085 seconds
[2026-09-04T15:22:31.080+0000] {processor.py:161} INFO - Started process (PID=56782) to work on /opt/airflow/dags/spark_pipeline_dag.py
[2026-09-04T15:22:31.081+0000] {processor.py:830} INFO - Processing file /opt/airflow/dags/spark_pipeline_dag.py for tasks to queue
[2026-09-04T15:22:31.083+0000] {logging_mixin.py:188} INFO - [2026-09-04T15:22:31.083+0000] {dagbag.py:538} INFO - Filling up the DagBag from /opt/airflow/dags/spark_pipeline_dag.py
[2026-09-04T15:22:31.106+0000] {processor.py:840} INFO - DAG(s) 'air_quality_pipeline' retrieved from /opt/airflow/dags/spark_pipeline_dag.py
[2026-09-04T15:22:31.127+0000] {logging_mixin.py:188} INFO - [2026-09-04T15:22:31.127+0000] {dag.py:3036} INFO - Sync 1 DAGs
[2026-09-04T15:22:31.149+0000] {logging_mixin.py:188} INFO - [2026-09-04T15:22:31.148+0000] {dag.py:3823} INFO - Setting next_dagrun for air_quality_pipeline to 2026-09-04 15:05:00+00:00, run_after=2026-09-04 16:05:00+00:00
[2026-09-04T15:22:31.167+0000] {processor.py:183} INFO - Processing /opt/airflow/dags/spark_pipeline_dag.py took 0.090 seconds
[2026-09-04T15:23:01.600+0000] {processor.py:161} INFO - Started process (PID=56792) to work on /opt/airflow/dags/spark_pipeline_dag.py
[2026-09-04T15:23:01.602+0000] {processor.py:830} INFO - Processing file /opt/airflow/dags/spark_pipeline_dag.py for tasks to queue
[2026-09-04T15:23:01.603+0000] {logging_mixin.py:188} INFO - [2026-09-04T15:23:01.603+0000] {dagbag.py:538} INFO - Filling up the DagBag from /opt/airflow/dags/spark_pipeline_dag.py
[2026-09-04T15:23:01.625+0000] {processor.py:840} INFO - DAG(s) 'air_quality_pipeline' retrieved from /opt/airflow/dags/spark_pipeline_dag.py
[2026-09-04T15:23:01.646+0000] {logging_mixin.py:188} INFO - [2026-09-04T15:23:01.646+0000] {dag.py:3036} INFO - Sync 1 DAGs
[2026-09-04T15:23:01.667+0000] {logging_mixin.py:188} INFO - [2026-09-04T15:23:01.667+0000] {dag.py:3823} INFO - Setting next_dagrun for air_quality_pipeline to 2026-09-04 15:05:00+00:00, run_after=2026-09-04 16:05:00+00:00
[2026-09-04T15:23:01.686+0000] {processor.py:183} INFO - Processing /opt/airflow/dags/spark_pipeline_dag.py took 0.088 seconds
[2026-09-04T15:23:32.078+0000] {processor.py:161} INFO - Started process (PID=56802) to work on /opt/airflow/dags/spark_pipeline_dag.py
[2026-09-04T15:23:32.079+0000] {processor.py:830} INFO - Processing file /opt/airflow/dags/spark_pipeline_dag.py for tasks to queue
[2026-09-04T15:23:32.080+0000] {logging_mixin.py:188} INFO - [2026-09-04T15:23:32.080+0000] {dagbag.py:538} INFO - Filling up the DagBag from /opt/airflow/dags/spark_pipeline_dag.py
[2026-09-04T15:23:32.100+0000] {processor.py:840} INFO - DAG(s) 'air_quality_pipeline' retrieved from /opt/airflow/dags/spark_pipeline_dag.py
[2026-09-04T15:23:32.119+0000] {logging_mixin.py:188} INFO - [2026-09-04T15:23:32.118+0000] {dag.py:3036} INFO - Sync 1 DAGs
[2026-09-04T15:23:32.141+0000] {logging_mixin.py:188} INFO - [2026-09-04T15:23:32.141+0000] {dag.py:3823} INFO - Setting next_dagrun for air_quality_pipeline to 2026-09-04 15:05:00+00:00, run_after=2026-09-04 16:05:00+00:00
[2026-09-04T15:23:32.157+0000] {processor.py:183} INFO - Processing /opt/airflow/dags/spark_pipeline_dag.py took 0.082 seconds
[2026-09-04T15:24:02.589+0000] {processor.py:161} INFO - Started process (PID=56812) to work on /opt/airflow/dags/spark_pipeline_dag.py
[2026-09-04T15:24:02.590+0000] {processor.py:830} INFO - Processing file /opt/airflow/dags/spark_pipeline_dag.py for tasks to queue
[2026-09-04T15:24:02.591+0000] {logging_mixin.py:188} INFO - [2026-09-04T15:24:02.590+0000] {dagbag.py:538} INFO - Filling up the DagBag from /opt/airflow/dags/spark_pipeline_dag.py
[2026-09-04T15:24:02.611+0000] {processor.py:840} INFO - DAG(s) 'air_quality_pipeline' retrieved from /opt/airflow/dags/spark_pipeline_dag.py
[2026-09-04T15:24:02.630+0000] {logging_mixin.py:188} INFO - [2026-09-04T15:24:02.629+0000] {dag.py:3036} INFO - Sync 1 DAGs
[2026-09-04T15:24:02.650+0000] {logging_mixin.py:188} INFO - [2026-09-04T15:24:02.650+0000] {dag.py:3823} INFO - Setting next_dagrun for air_quality_pipeline to 2026-09-04 15:05:00+00:00, run_after=2026-09-04 16:05:00+00:00
[2026-09-04T15:24:02.669+0000] {processor.py:183} INFO - Processing /opt/airflow/dags/spark_pipeline_dag.py took 0.083 seconds
[2026-09-04T15:24:33.019+0000] {processor.py:161} INFO - Started process (PID=56822) to work on /opt/airflow/dags/spark_pipeline_dag.py
[2026-09-04T15:24:33.020+0000] {processor.py:830} INFO - Processing file /opt/airflow/dags/spark_pipeline_dag.py for tasks to queue
[2026-09-04T15:24:33.022+0000] {logging_mixin.py:188} INFO - [2026-09-04T15:24:33.021+0000] {dagbag.py:538} INFO - Filling up the DagBag from /opt/airflow/dags/spark_pipeline_dag.py
[2026-09-04T15:24:33.044+0000] {processor.py:840} INFO - DAG(s) 'air_quality_pipeline' retrieved from /opt/airflow/dags/spark_pipeline_dag.py
[2026-09-04T15:24:33.062+0000] {logging_mixin.py:188} INFO - [2026-09-04T15:24:33.061+0000] {dag.py:3036} INFO - Sync 1 DAGs
[2026-09-04T15:24:33.080+0000] {logging_mixin.py:188} INFO - [2026-09-04T15:24:33.080+0000] {dag.py:3823} INFO - Setting next_dagrun for air_quality_pipeline to 2026-09-04 15:05:00+00:00, run_after=2026-09-04 16:05:00+00:00
[2026-09-04T15:24:33.098+0000] {processor.py:183} INFO - Processing /opt/airflow/dags/spark_pipeline_dag.py took 0.082 seconds
[2026-09-04T15:25:03.499+0000] {processor.py:161} INFO - Started process (PID=56832) to work on /opt/airflow/dags/spark_pipeline_dag.py
[2026-09-04T15:25:03.500+0000] {processor.py:830} INFO - Processing file /opt/airflow/dags/spark_pipeline_dag.py for tasks to queue
[2026-09-04T15:25:03.501+0000] {logging_mixin.py:188} INFO - [2026-09-04T15:25:03.501+0000] {dagbag.py:538} INFO - Filling up the DagBag from /opt/airflow/dags/spark_pipeline_dag.py
[2026-09-04T15:25:03.523+0000] {processor.py:840} INFO - DAG(s) 'air_quality_pipeline' retrieved from /opt/airflow/dags/spark_pipeline_dag.py
[2026-09-04T15:25:03.543+0000] {logging_mixin.py:188} INFO - [2026-09-04T15:25:03.543+0000] {dag.py:3036} INFO - Sync 1 DAGs
[2026-09-04T15:25:03.565+0000] {logging_mixin.py:188} INFO - [2026-09-04T15:25:03.565+0000] {dag.py:3823} INFO - Setting next_dagrun for air_quality_pipeline to 2026-09-04 15:05:00+00:00, run_after=2026-09-04 16:05:00+00:00
[2026-09-04T15:25:03.584+0000] {processor.py:183} INFO - Processing /opt/airflow/dags/spark_pipeline_dag.py took 0.089 seconds
[2026-09-04T15:25:34.009+0000] {processor.py:161} INFO - Started process (PID=56842) to work on /opt/airflow/dags/spark_pipeline_dag.py
[2026-09-04T15:25:34.011+0000] {processor.py:830} INFO - Processing file /opt/airflow/dags/spark_pipeline_dag.py for tasks to queue
[2026-09-04T15:25:34.012+0000] {logging_mixin.py:188} INFO - [2026-09-04T15:25:34.012+0000] {dagbag.py:538} INFO - Filling up the DagBag from /opt/airflow/dags/spark_pipeline_dag.py
[2026-09-04T15:25:34.043+0000] {processor.py:840} INFO - DAG(s) 'air_quality_pipeline' retrieved from /opt/airflow/dags/spark_pipeline_dag.py
[2026-09-04T15:25:34.064+0000] {logging_mixin.py:188} INFO - [2026-09-04T15:25:34.064+0000] {dag.py:3036} INFO - Sync 1 DAGs
[2026-09-04T15:25:34.085+0000] {logging_mixin.py:188} INFO - [2026-09-04T15:25:34.084+0000] {dag.py:3823} INFO - Setting next_dagrun for air_quality_pipeline to 2026-09-04 15:05:00+00:00, run_after=2026-09-04 16:05:00+00:00
[2026-09-04T15:25:34.104+0000] {processor.py:183} INFO - Processing /opt/airflow/dags/spark_pipeline_dag.py took 0.097 seconds
[2026-09-04T15:26:04.625+0000] {processor.py:161} INFO - Started process (PID=56852) to work on /opt/airflow/dags/spark_pipeline_dag.py
[2026-09-04T15:26:04.626+0000] {processor.py:830} INFO - Processing file /opt/airflow/dags/spark_pipeline_dag.py for tasks to queue
[2026-09-04T15:26:04.627+0000] {logging_mixin.py:188} INFO - [2026-09-04T15:26:04.627+0000] {dagbag.py:538} INFO - Filling up the DagBag from /opt/airflow/dags/spark_pipeline_dag.py
[2026-09-04T15:26:04.661+0000] {processor.py:840} INFO - DAG(s) 'air_quality_pipeline' retrieved from /opt/airflow/dags/spark_pipeline_dag.py
[2026-09-04T15:26:04.684+0000] {logging_mixin.py:188} INFO - [2026-09-04T15:26:04.683+0000] {dag.py:3036} INFO - Sync 1 DAGs
[2026-09-04T15:26:04.706+0000] {logging_mixin.py:188} INFO - [2026-09-04T15:26:04.706+0000] {dag.py:3823} INFO - Setting next_dagrun for air_quality_pipeline to 2026-09-04 15:05:00+00:00, run_after=2026-09-04 16:05:00+00:00
[2026-09-04T15:26:04.727+0000] {processor.py:183} INFO - Processing /opt/airflow/dags/spark_pipeline_dag.py took 0.104 seconds
[2026-09-04T15:26:35.153+0000] {processor.py:161} INFO - Started process (PID=56862) to work on /opt/airflow/dags/spark_pipeline_dag.py
[2026-09-04T15:26:35.155+0000] {processor.py:830} INFO - Processing file /opt/airflow/dags/spark_pipeline_dag.py for tasks to queue
[2026-09-04T15:26:35.157+0000] {logging_mixin.py:188} INFO - [2026-09-04T15:26:35.156+0000] {dagbag.py:538} INFO - Filling up the DagBag from /opt/airflow/dags/spark_pipeline_dag.py
[2026-09-04T15:26:35.180+0000] {processor.py:840} INFO - DAG(s) 'air_quality_pipeline' retrieved from /opt/airflow/dags/spark_pipeline_dag.py
[2026-09-04T15:26:35.200+0000] {logging_mixin.py:188} INFO - [2026-09-04T15:26:35.200+0000] {dag.py:3036} INFO - Sync 1 DAGs
[2026-09-04T15:26:35.220+0000] {logging_mixin.py:188} INFO - [2026-09-04T15:26:35.219+0000] {dag.py:3823} INFO - Setting next_dagrun for air_quality_pipeline to 2026-09-04 15:05:00+00:00, run_after=2026-09-04 16:05:00+00:00
[2026-09-04T15:26:35.242+0000] {processor.py:183} INFO - Processing /opt/airflow/dags/spark_pipeline_dag.py took 0.092 seconds
[2026-09-04T15:27:05.730+0000] {processor.py:161} INFO - Started process (PID=56872) to work on /opt/airflow/dags/spark_pipeline_dag.py
[2026-09-04T15:27:05.731+0000] {processor.py:830} INFO - Processing file /opt/airflow/dags/spark_pipeline_dag.py for tasks to queue
[2026-09-04T15:27:05.732+0000] {logging_mixin.py:188} INFO - [2026-09-04T15:27:05.732+0000] {dagbag.py:538} INFO - Filling up the DagBag from /opt/airflow/dags/spark_pipeline_dag.py
[2026-09-04T15:27:05.755+0000] {processor.py:840} INFO - DAG(s) 'air_quality_pipeline' retrieved from /opt/airflow/dags/spark_pipeline_dag.py
[2026-09-04T15:27:05.774+0000] {logging_mixin.py:188} INFO - [2026-09-04T15:27:05.774+0000] {dag.py:3036} INFO - Sync 1 DAGs
[2026-09-04T15:27:05.794+0000] {logging_mixin.py:188} INFO - [2026-09-04T15:27:05.794+0000] {dag.py:3823} INFO - Setting next_dagrun for air_quality_pipeline to 2026-09-04 15:05:00+00:00, run_after=2026-09-04 16:05:00+00:00
[2026-09-04T15:27:05.812+0000] {processor.py:183} INFO - Processing /opt/airflow/dags/spark_pipeline_dag.py took 0.084 seconds
[2026-09-04T15:27:36.197+0000] {processor.py:161} INFO - Started process (PID=56882) to work on /opt/airflow/dags/spark_pipeline_dag.py
[2026-09-04T15:27:36.198+0000] {processor.py:830} INFO - Processing file /opt/airflow/dags/spark_pipeline_dag.py for tasks to queue
[2026-09-04T15:27:36.200+0000] {logging_mixin.py:188} INFO - [2026-09-04T15:27:36.199+0000] {dagbag.py:538} INFO - Filling up the DagBag from /opt/airflow/dags/spark_pipeline_dag.py
[2026-09-04T15:27:36.227+0000] {processor.py:840} INFO - DAG(s) 'air_quality_pipeline' retrieved from /opt/airflow/dags/spark_pipeline_dag.py
[2026-09-04T15:27:36.247+0000] {logging_mixin.py:188} INFO - [2026-09-04T15:27:36.247+0000] {dag.py:3036} INFO - Sync 1 DAGs
[2026-09-04T15:27:36.265+0000] {logging_mixin.py:188} INFO - [2026-09-04T15:27:36.265+0000] {dag.py:3823} INFO - Setting next_dagrun for air_quality_pipeline to 2026-09-04 15:05:00+00:00, run_after=2026-09-04 16:05:00+00:00
[2026-09-04T15:27:36.283+0000] {processor.py:183} INFO - Processing /opt/airflow/dags/spark_pipeline_dag.py took 0.089 seconds
[2026-09-04T15:28:06.803+0000] {processor.py:161} INFO - Started process (PID=56892) to work on /opt/airflow/dags/spark_pipeline_dag.py
[2026-09-04T15:28:06.804+0000] {processor.py:830} INFO - Processing file /opt/airflow/dags/spark_pipeline_dag.py for tasks to queue
[2026-09-04T15:28:06.805+0000] {logging_mixin.py:188} INFO - [2026-09-04T15:28:06.805+0000] {dagbag.py:538} INFO - Filling up the DagBag from /opt/airflow/dags/spark_pipeline_dag.py
[2026-09-04T15:28:06.822+0000] {processor.py:840} INFO - DAG(s) 'air_quality_pipeline' retrieved from /opt/airflow/dags/spark_pipeline_dag.py
[2026-09-04T15:28:06.841+0000] {logging_mixin.py:188} INFO - [2026-09-04T15:28:06.841+0000] {dag.py:3036} INFO - Sync 1 DAGs
[2026-09-04T15:28:06.859+0000] {logging_mixin.py:188} INFO - [2026-09-04T15:28:06.859+0000] {dag.py:3823} INFO - Setting next_dagrun for air_quality_pipeline to 2026-09-04 15:05:00+00:00, run_after=2026-09-04 16:05:00+00:00
[2026-09-04T15:28:06.879+0000] {processor.py:183} INFO - Processing /opt/airflow/dags/spark_pipeline_dag.py took 0.078 seconds
[2026-09-04T15:28:37.620+0000] {processor.py:161} INFO - Started process (PID=56902) to work on /opt/airflow/dags/spark_pipeline_dag.py
[2026-09-04T15:28:37.621+0000] {processor.py:830} INFO - Processing file /opt/airflow/dags/spark_pipeline_dag.py for tasks to queue
[2026-09-04T15:28:37.621+0000] {logging_mixin.py:188} INFO - [2026-09-04T15:28:37.621+0000] {dagbag.py:538} INFO - Filling up the DagBag from /opt/airflow/dags/spark_pipeline_dag.py
[2026-09-04T15:28:37.646+0000] {processor.py:840} INFO - DAG(s) 'air_quality_pipeline' retrieved from /opt/airflow/dags/spark_pipeline_dag.py
[2026-09-04T15:28:37.664+0000] {logging_mixin.py:188} INFO - [2026-09-04T15:28:37.664+0000] {dag.py:3036} INFO - Sync 1 DAGs
[2026-09-04T15:28:37.681+0000] {logging_mixin.py:188} INFO - [2026-09-04T15:28:37.681+0000] {dag.py:3823} INFO - Setting next_dagrun for air_quality_pipeline to 2026-09-04 15:05:00+00:00, run_after=2026-09-04 16:05:00+00:00
[2026-09-04T15:28:37.700+0000] {processor.py:183} INFO - Processing /opt/airflow/dags/spark_pipeline_dag.py took 0.083 seconds
[2026-09-04T15:29:08.233+0000] {processor.py:161} INFO - Started process (PID=56912) to work on /opt/airflow/dags/spark_pipeline_dag.py
[2026-09-04T15:29:08.235+0000] {processor.py:830} INFO - Processing file /opt/airflow/dags/spark_pipeline_dag.py for tasks to queue
[2026-09-04T15:29:08.236+0000] {logging_mixin.py:188} INFO - [2026-09-04T15:29:08.236+0000] {dagbag.py:538} INFO - Filling up the DagBag from /opt/airflow/dags/spark_pipeline_dag.py
[2026-09-04T15:29:08.256+0000] {processor.py:840} INFO - DAG(s) 'air_quality_pipeline' retrieved from /opt/airflow/dags/spark_pipeline_dag.py
[2026-09-04T15:29:08.274+0000] {logging_mixin.py:188} INFO - [2026-09-04T15:29:08.273+0000] {dag.py:3036} INFO - Sync 1 DAGs
[2026-09-04T15:29:08.292+0000] {logging_mixin.py:188} INFO - [2026-09-04T15:29:08.292+0000] {dag.py:3823} INFO - Setting next_dagrun for air_quality_pipeline to 2026-09-04 15:05:00+00:00, run_after=2026-09-04 16:05:00+00:00
[2026-09-04T15:29:08.309+0000] {processor.py:183} INFO - Processing /opt/airflow/dags/spark_pipeline_dag.py took 0.079 seconds
[2026-09-04T15:29:38.711+0000] {processor.py:161} INFO - Started process (PID=56922) to work on /opt/airflow/dags/spark_pipeline_dag.py
[2026-09-04T15:29:38.712+0000] {processor.py:830} INFO - Processing file /opt/airflow/dags/spark_pipeline_dag.py for tasks to queue
[2026-09-04T15:29:38.713+0000] {logging_mixin.py:188} INFO - [2026-09-04T15:29:38.712+0000] {dagbag.py:538} INFO - Filling up the DagBag from /opt/airflow/dags/spark_pipeline_dag.py
[2026-09-04T15:29:38.736+0000] {processor.py:840} INFO - DAG(s) 'air_quality_pipeline' retrieved from /opt/airflow/dags/spark_pipeline_dag.py
[2026-09-04T15:29:38.755+0000] {logging_mixin.py:188} INFO - [2026-09-04T15:29:38.755+0000] {dag.py:3036} INFO - Sync 1 DAGs
[2026-09-04T15:29:38.776+0000] {logging_mixin.py:188} INFO - [2026-09-04T15:29:38.776+0000] {dag.py:3823} INFO - Setting next_dagrun for air_quality_pipeline to 2026-09-04 15:05:00+00:00, run_after=2026-09-04 16:05:00+00:00
[2026-09-04T15:29:38.797+0000] {processor.py:183} INFO - Processing /opt/airflow/dags/spark_pipeline_dag.py took 0.089 seconds
[2026-09-04T15:30:09.172+0000] {processor.py:161} INFO - Started process (PID=56932) to work on /opt/airflow/dags/spark_pipeline_dag.py
[2026-09-04T15:30:09.175+0000] {processor.py:830} INFO - Processing file /opt/airflow/dags/spark_pipeline_dag.py for tasks to queue
[2026-09-04T15:30:09.176+0000] {logging_mixin.py:188} INFO - [2026-09-04T15:30:09.176+0000] {dagbag.py:538} INFO - Filling up the DagBag from /opt/airflow/dags/spark_pipeline_dag.py
[2026-09-04T15:30:09.208+0000] {processor.py:840} INFO - DAG(s) 'air_quality_pipeline' retrieved from /opt/airflow/dags/spark_pipeline_dag.py
[2026-09-04T15:30:09.229+0000] {logging_mixin.py:188} INFO - [2026-09-04T15:30:09.229+0000] {dag.py:3036} INFO - Sync 1 DAGs
[2026-09-04T15:30:09.247+0000] {logging_mixin.py:188} INFO - [2026-09-04T15:30:09.247+0000] {dag.py:3823} INFO - Setting next_dagrun for air_quality_pipeline to 2026-09-04 15:05:00+00:00, run_after=2026-09-04 16:05:00+00:00
[2026-09-04T15:30:09.264+0000] {processor.py:183} INFO - Processing /opt/airflow/dags/spark_pipeline_dag.py took 0.095 seconds
[2026-09-04T15:30:39.709+0000] {processor.py:161} INFO - Started process (PID=56942) to work on /opt/airflow/dags/spark_pipeline_dag.py
[2026-09-04T15:30:39.710+0000] {processor.py:830} INFO - Processing file /opt/airflow/dags/spark_pipeline_dag.py for tasks to queue
[2026-09-04T15:30:39.711+0000] {logging_mixin.py:188} INFO - [2026-09-04T15:30:39.711+0000] {dagbag.py:538} INFO - Filling up the DagBag from /opt/airflow/dags/spark_pipeline_dag.py
[2026-09-04T15:30:39.746+0000] {processor.py:840} INFO - DAG(s) 'air_quality_pipeline' retrieved from /opt/airflow/dags/spark_pipeline_dag.py
[2026-09-04T15:30:39.769+0000] {logging_mixin.py:188} INFO - [2026-09-04T15:30:39.769+0000] {dag.py:3036} INFO - Sync 1 DAGs
[2026-09-04T15:30:39.789+0000] {logging_mixin.py:188} INFO - [2026-09-04T15:30:39.788+0000] {dag.py:3823} INFO - Setting next_dagrun for air_quality_pipeline to 2026-09-04 15:05:00+00:00, run_after=2026-09-04 16:05:00+00:00
[2026-09-04T15:30:39.808+0000] {processor.py:183} INFO - Processing /opt/airflow/dags/spark_pipeline_dag.py took 0.103 seconds
[2026-09-04T15:31:10.215+0000] {processor.py:161} INFO - Started process (PID=56952) to work on /opt/airflow/dags/spark_pipeline_dag.py
[2026-09-04T15:31:10.216+0000] {processor.py:830} INFO - Processing file /opt/airflow/dags/spark_pipeline_dag.py for tasks to queue
[2026-09-04T15:31:10.217+0000] {logging_mixin.py:188} INFO - [2026-09-04T15:31:10.217+0000] {dagbag.py:538} INFO - Filling up the DagBag from /opt/airflow/dags/spark_pipeline_dag.py
[2026-09-04T15:31:10.236+0000] {processor.py:840} INFO - DAG(s) 'air_quality_pipeline' retrieved from /opt/airflow/dags/spark_pipeline_dag.py
[2026-09-04T15:31:10.255+0000] {logging_mixin.py:188} INFO - [2026-09-04T15:31:10.255+0000] {dag.py:3036} INFO - Sync 1 DAGs
[2026-09-04T15:31:10.277+0000] {logging_mixin.py:188} INFO - [2026-09-04T15:31:10.277+0000] {dag.py:3823} INFO - Setting next_dagrun for air_quality_pipeline to 2026-09-04 15:05:00+00:00, run_after=2026-09-04 16:05:00+00:00
[2026-09-04T15:31:10.299+0000] {processor.py:183} INFO - Processing /opt/airflow/dags/spark_pipeline_dag.py took 0.087 seconds
[2026-09-04T15:31:40.657+0000] {processor.py:161} INFO - Started process (PID=56962) to work on /opt/airflow/dags/spark_pipeline_dag.py
[2026-09-04T15:31:40.659+0000] {processor.py:830} INFO - Processing file /opt/airflow/dags/spark_pipeline_dag.py for tasks to queue
[2026-09-04T15:31:40.660+0000] {logging_mixin.py:188} INFO - [2026-09-04T15:31:40.659+0000] {dagbag.py:538} INFO - Filling up the DagBag from /opt/airflow/dags/spark_pipeline_dag.py
[2026-09-04T15:31:40.680+0000] {processor.py:840} INFO - DAG(s) 'air_quality_pipeline' retrieved from /opt/airflow/dags/spark_pipeline_dag.py
[2026-09-04T15:31:40.704+0000] {logging_mixin.py:188} INFO - [2026-09-04T15:31:40.704+0000] {dag.py:3036} INFO - Sync 1 DAGs
[2026-09-04T15:31:40.730+0000] {logging_mixin.py:188} INFO - [2026-09-04T15:31:40.730+0000] {dag.py:3823} INFO - Setting next_dagrun for air_quality_pipeline to 2026-09-04 15:05:00+00:00, run_after=2026-09-04 16:05:00+00:00
[2026-09-04T15:31:40.753+0000] {processor.py:183} INFO - Processing /opt/airflow/dags/spark_pipeline_dag.py took 0.098 seconds
[2026-09-04T15:32:11.132+0000] {processor.py:161} INFO - Started process (PID=56972) to work on /opt/airflow/dags/spark_pipeline_dag.py
[2026-09-04T15:32:11.133+0000] {processor.py:830} INFO - Processing file /opt/airflow/dags/spark_pipeline_dag.py for tasks to queue
[2026-09-04T15:32:11.134+0000] {logging_mixin.py:188} INFO - [2026-09-04T15:32:11.134+0000] {dagbag.py:538} INFO - Filling up the DagBag from /opt/airflow/dags/spark_pipeline_dag.py
[2026-09-04T15:32:11.153+0000] {processor.py:840} INFO - DAG(s) 'air_quality_pipeline' retrieved from /opt/airflow/dags/spark_pipeline_dag.py
[2026-09-04T15:32:11.171+0000] {logging_mixin.py:188} INFO - [2026-09-04T15:32:11.171+0000] {dag.py:3036} INFO - Sync 1 DAGs
[2026-09-04T15:32:11.191+0000] {logging_mixin.py:188} INFO - [2026-09-04T15:32:11.191+0000] {dag.py:3823} INFO - Setting next_dagrun for air_quality_pipeline to 2026-09-04 15:05:00+00:00, run_after=2026-09-04 16:05:00+00:00
[2026-09-04T15:32:11.213+0000] {processor.py:183} INFO - Processing /opt/airflow/dags/spark_pipeline_dag.py took 0.084 seconds
[2026-09-04T15:32:41.658+0000] {processor.py:161} INFO - Started process (PID=56982) to work on /opt/airflow/dags/spark_pipeline_dag.py
[2026-09-04T15:32:41.659+0000] {processor.py:830} INFO - Processing file /opt/airflow/dags/spark_pipeline_dag.py for tasks to queue
[2026-09-04T15:32:41.660+0000] {logging_mixin.py:188} INFO - [2026-09-04T15:32:41.660+0000] {dagbag.py:538} INFO - Filling up the DagBag from /opt/airflow/dags/spark_pipeline_dag.py
[2026-09-04T15:32:41.680+0000] {processor.py:840} INFO - DAG(s) 'air_quality_pipeline' retrieved from /opt/airflow/dags/spark_pipeline_dag.py
[2026-09-04T15:32:41.699+0000] {logging_mixin.py:188} INFO - [2026-09-04T15:32:41.699+0000] {dag.py:3036} INFO - Sync 1 DAGs
[2026-09-04T15:32:41.718+0000] {logging_mixin.py:188} INFO - [2026-09-04T15:32:41.718+0000] {dag.py:3823} INFO - Setting next_dagrun for air_quality_pipeline to 2026-09-04 15:05:00+00:00, run_after=2026-09-04 16:05:00+00:00
[2026-09-04T15:32:41.736+0000] {processor.py:183} INFO - Processing /opt/airflow/dags/spark_pipeline_dag.py took 0.080 seconds
[2026-09-04T15:33:12.207+0000] {processor.py:161} INFO - Started process (PID=56992) to work on /opt/airflow/dags/spark_pipeline_dag.py
[2026-09-04T15:33:12.208+0000] {processor.py:830} INFO - Processing file /opt/airflow/dags/spark_pipeline_dag.py for tasks to queue
[2026-09-04T15:33:12.209+0000] {logging_mixin.py:188} INFO - [2026-09-04T15:33:12.208+0000] {dagbag.py:538} INFO - Filling up the DagBag from /opt/airflow/dags/spark_pipeline_dag.py
[2026-09-04T15:33:12.231+0000] {processor.py:840} INFO - DAG(s) 'air_quality_pipeline' retrieved from /opt/airflow/dags/spark_pipeline_dag.py
[2026-09-04T15:33:12.256+0000] {logging_mixin.py:188} INFO - [2026-09-04T15:33:12.256+0000] {dag.py:3036} INFO - Sync 1 DAGs
[2026-09-04T15:33:12.281+0000] {logging_mixin.py:188} INFO - [2026-09-04T15:33:12.281+0000] {dag.py:3823} INFO - Setting next_dagrun for air_quality_pipeline to 2026-09-04 15:05:00+00:00, run_after=2026-09-04 16:05:00+00:00
[2026-09-04T15:33:12.301+0000] {processor.py:183} INFO - Processing /opt/airflow/dags/spark_pipeline_dag.py took 0.097 seconds
[2026-09-04T15:33:42.695+0000] {processor.py:161} INFO - Started process (PID=57002) to work on /opt/airflow/dags/spark_pipeline_dag.py
[2026-09-04T15:33:42.697+0000] {processor.py:830} INFO - Processing file /opt/airflow/dags/spark_pipeline_dag.py for tasks to queue
[2026-09-04T15:33:42.697+0000] {logging_mixin.py:188} INFO - [2026-09-04T15:33:42.697+0000] {dagbag.py:538} INFO - Filling up the DagBag from /opt/airflow/dags/spark_pipeline_dag.py
[2026-09-04T15:33:42.718+0000] {processor.py:840} INFO - DAG(s) 'air_quality_pipeline' retrieved from /opt/airflow/dags/spark_pipeline_dag.py
[2026-09-04T15:33:42.736+0000] {logging_mixin.py:188} INFO - [2026-09-04T15:33:42.736+0000] {dag.py:3036} INFO - Sync 1 DAGs
[2026-09-04T15:33:42.756+0000] {logging_mixin.py:188} INFO - [2026-09-04T15:33:42.756+0000] {dag.py:3823} INFO - Setting next_dagrun for air_quality_pipeline to 2026-09-04 15:05:00+00:00, run_after=2026-09-04 16:05:00+00:00
[2026-09-04T15:33:42.772+0000] {processor.py:183} INFO - Processing /opt/airflow/dags/spark_pipeline_dag.py took 0.079 seconds
[2026-09-04T15:34:13.288+0000] {processor.py:161} INFO - Started process (PID=57012) to work on /opt/airflow/dags/spark_pipeline_dag.py
[2026-09-04T15:34:13.289+0000] {processor.py:830} INFO - Processing file /opt/airflow/dags/spark_pipeline_dag.py for tasks to queue
[2026-09-04T15:34:13.291+0000] {logging_mixin.py:188} INFO - [2026-09-04T15:34:13.290+0000] {dagbag.py:538} INFO - Filling up the DagBag from /opt/airflow/dags/spark_pipeline_dag.py
[2026-09-04T15:34:13.316+0000] {processor.py:840} INFO - DAG(s) 'air_quality_pipeline' retrieved from /opt/airflow/dags/spark_pipeline_dag.py
[2026-09-04T15:34:13.338+0000] {logging_mixin.py:188} INFO - [2026-09-04T15:34:13.338+0000] {dag.py:3036} INFO - Sync 1 DAGs
[2026-09-04T15:34:13.360+0000] {logging_mixin.py:188} INFO - [2026-09-04T15:34:13.359+0000] {dag.py:3823} INFO - Setting next_dagrun for air_quality_pipeline to 2026-09-04 15:05:00+00:00, run_after=2026-09-04 16:05:00+00:00
[2026-09-04T15:34:13.381+0000] {processor.py:183} INFO - Processing /opt/airflow/dags/spark_pipeline_dag.py took 0.097 seconds
[2026-09-04T15:34:43.732+0000] {processor.py:161} INFO - Started process (PID=57022) to work on /opt/airflow/dags/spark_pipeline_dag.py
[2026-09-04T15:34:43.733+0000] {processor.py:830} INFO - Processing file /opt/airflow/dags/spark_pipeline_dag.py for tasks to queue
[2026-09-04T15:34:43.734+0000] {logging_mixin.py:188} INFO - [2026-09-04T15:34:43.734+0000] {dagbag.py:538} INFO - Filling up the DagBag from /opt/airflow/dags/spark_pipeline_dag.py
[2026-09-04T15:34:43.761+0000] {processor.py:840} INFO - DAG(s) 'air_quality_pipeline' retrieved from /opt/airflow/dags/spark_pipeline_dag.py
[2026-09-04T15:34:43.785+0000] {logging_mixin.py:188} INFO - [2026-09-04T15:34:43.785+0000] {dag.py:3036} INFO - Sync 1 DAGs
[2026-09-04T15:34:43.808+0000] {logging_mixin.py:188} INFO - [2026-09-04T15:34:43.808+0000] {dag.py:3823} INFO - Setting next_dagrun for air_quality_pipeline to 2026-09-04 15:05:00+00:00, run_after=2026-09-04 16:05:00+00:00
[2026-09-04T15:34:43.828+0000] {processor.py:183} INFO - Processing /opt/airflow/dags/spark_pipeline_dag.py took 0.099 seconds
[2026-09-04T15:35:14.276+0000] {processor.py:161} INFO - Started process (PID=57032) to work on /opt/airflow/dags/spark_pipeline_dag.py
[2026-09-04T15:35:14.277+0000] {processor.py:830} INFO - Processing file /opt/airflow/dags/spark_pipeline_dag.py for tasks to queue
[2026-09-04T15:35:14.278+0000] {logging_mixin.py:188} INFO - [2026-09-04T15:35:14.278+0000] {dagbag.py:538} INFO - Filling up the DagBag from /opt/airflow/dags/spark_pipeline_dag.py
[2026-09-04T15:35:14.298+0000] {processor.py:840} INFO - DAG(s) 'air_quality_pipeline' retrieved from /opt/airflow/dags/spark_pipeline_dag.py
[2026-09-04T15:35:14.316+0000] {logging_mixin.py:188} INFO - [2026-09-04T15:35:14.316+0000] {dag.py:3036} INFO - Sync 1 DAGs
[2026-09-04T15:35:14.337+0000] {logging_mixin.py:188} INFO - [2026-09-04T15:35:14.336+0000] {dag.py:3823} INFO - Setting next_dagrun for air_quality_pipeline to 2026-09-04 15:05:00+00:00, run_after=2026-09-04 16:05:00+00:00
[2026-09-04T15:35:14.359+0000] {processor.py:183} INFO - Processing /opt/airflow/dags/spark_pipeline_dag.py took 0.086 seconds
[2026-09-04T15:35:44.835+0000] {processor.py:161} INFO - Started process (PID=57042) to work on /opt/airflow/dags/spark_pipeline_dag.py
[2026-09-04T15:35:44.837+0000] {processor.py:830} INFO - Processing file /opt/airflow/dags/spark_pipeline_dag.py for tasks to queue
[2026-09-04T15:35:44.838+0000] {logging_mixin.py:188} INFO - [2026-09-04T15:35:44.838+0000] {dagbag.py:538} INFO - Filling up the DagBag from /opt/airflow/dags/spark_pipeline_dag.py
[2026-09-04T15:35:44.857+0000] {processor.py:840} INFO - DAG(s) 'air_quality_pipeline' retrieved from /opt/airflow/dags/spark_pipeline_dag.py
[2026-09-04T15:35:44.875+0000] {logging_mixin.py:188} INFO - [2026-09-04T15:35:44.875+0000] {dag.py:3036} INFO - Sync 1 DAGs
[2026-09-04T15:35:44.893+0000] {logging_mixin.py:188} INFO - [2026-09-04T15:35:44.893+0000] {dag.py:3823} INFO - Setting next_dagrun for air_quality_pipeline to 2026-09-04 15:05:00+00:00, run_after=2026-09-04 16:05:00+00:00
[2026-09-04T15:35:44.909+0000] {processor.py:183} INFO - Processing /opt/airflow/dags/spark_pipeline_dag.py took 0.077 seconds
[2026-09-04T15:36:15.434+0000] {processor.py:161} INFO - Started process (PID=57052) to work on /opt/airflow/dags/spark_pipeline_dag.py
[2026-09-04T15:36:15.436+0000] {processor.py:830} INFO - Processing file /opt/airflow/dags/spark_pipeline_dag.py for tasks to queue
[2026-09-04T15:36:15.437+0000] {logging_mixin.py:188} INFO - [2026-09-04T15:36:15.436+0000] {dagbag.py:538} INFO - Filling up the DagBag from /opt/airflow/dags/spark_pipeline_dag.py
[2026-09-04T15:36:15.453+0000] {processor.py:840} INFO - DAG(s) 'air_quality_pipeline' retrieved from /opt/airflow/dags/spark_pipeline_dag.py
[2026-09-04T15:36:15.471+0000] {logging_mixin.py:188} INFO - [2026-09-04T15:36:15.471+0000] {dag.py:3036} INFO - Sync 1 DAGs
[2026-09-04T15:36:15.490+0000] {logging_mixin.py:188} INFO - [2026-09-04T15:36:15.490+0000] {dag.py:3823} INFO - Setting next_dagrun for air_quality_pipeline to 2026-09-04 15:05:00+00:00, run_after=2026-09-04 16:05:00+00:00
[2026-09-04T15:36:15.508+0000] {processor.py:183} INFO - Processing /opt/airflow/dags/spark_pipeline_dag.py took 0.077 seconds
[2026-09-04T15:36:45.920+0000] {processor.py:161} INFO - Started process (PID=57062) to work on /opt/airflow/dags/spark_pipeline_dag.py
[2026-09-04T15:36:45.921+0000] {processor.py:830} INFO - Processing file /opt/airflow/dags/spark_pipeline_dag.py for tasks to queue
[2026-09-04T15:36:45.922+0000] {logging_mixin.py:188} INFO - [2026-09-04T15:36:45.921+0000] {dagbag.py:538} INFO - Filling up the DagBag from /opt/airflow/dags/spark_pipeline_dag.py
[2026-09-04T15:36:45.942+0000] {processor.py:840} INFO - DAG(s) 'air_quality_pipeline' retrieved from /opt/airflow/dags/spark_pipeline_dag.py
[2026-09-04T15:36:45.961+0000] {logging_mixin.py:188} INFO - [2026-09-04T15:36:45.960+0000] {dag.py:3036} INFO - Sync 1 DAGs
[2026-09-04T15:36:45.982+0000] {logging_mixin.py:188} INFO - [2026-09-04T15:36:45.982+0000] {dag.py:3823} INFO - Setting next_dagrun for air_quality_pipeline to 2026-09-04 15:05:00+00:00, run_after=2026-09-04 16:05:00+00:00
[2026-09-04T15:36:46.005+0000] {processor.py:183} INFO - Processing /opt/airflow/dags/spark_pipeline_dag.py took 0.088 seconds
[2026-09-04T15:37:16.456+0000] {processor.py:161} INFO - Started process (PID=57072) to work on /opt/airflow/dags/spark_pipeline_dag.py
[2026-09-04T15:37:16.458+0000] {processor.py:830} INFO - Processing file /opt/airflow/dags/spark_pipeline_dag.py for tasks to queue
[2026-09-04T15:37:16.459+0000] {logging_mixin.py:188} INFO - [2026-09-04T15:37:16.459+0000] {dagbag.py:538} INFO - Filling up the DagBag from /opt/airflow/dags/spark_pipeline_dag.py
[2026-09-04T15:37:16.485+0000] {processor.py:840} INFO - DAG(s) 'air_quality_pipeline' retrieved from /opt/airflow/dags/spark_pipeline_dag.py
[2026-09-04T15:37:16.503+0000] {logging_mixin.py:188} INFO - [2026-09-04T15:37:16.503+0000] {dag.py:3036} INFO - Sync 1 DAGs
[2026-09-04T15:37:16.525+0000] {logging_mixin.py:188} INFO - [2026-09-04T15:37:16.524+0000] {dag.py:3823} INFO - Setting next_dagrun for air_quality_pipeline to 2026-09-04 15:05:00+00:00, run_after=2026-09-04 16:05:00+00:00
[2026-09-04T15:37:16.547+0000] {processor.py:183} INFO - Processing /opt/airflow/dags/spark_pipeline_dag.py took 0.095 seconds
[2026-09-04T15:37:46.942+0000] {processor.py:161} INFO - Started process (PID=57082) to work on /opt/airflow/dags/spark_pipeline_dag.py
[2026-09-04T15:37:46.943+0000] {processor.py:830} INFO - Processing file /opt/airflow/dags/spark_pipeline_dag.py for tasks to queue
[2026-09-04T15:37:46.944+0000] {logging_mixin.py:188} INFO - [2026-09-04T15:37:46.944+0000] {dagbag.py:538} INFO - Filling up the DagBag from /opt/airflow/dags/spark_pipeline_dag.py
[2026-09-04T15:37:46.964+0000] {processor.py:840} INFO - DAG(s) 'air_quality_pipeline' retrieved from /opt/airflow/dags/spark_pipeline_dag.py
[2026-09-04T15:37:46.983+0000] {logging_mixin.py:188} INFO - [2026-09-04T15:37:46.983+0000] {dag.py:3036} INFO - Sync 1 DAGs
[2026-09-04T15:37:47.001+0000] {logging_mixin.py:188} INFO - [2026-09-04T15:37:47.001+0000] {dag.py:3823} INFO - Setting next_dagrun for air_quality_pipeline to 2026-09-04 15:05:00+00:00, run_after=2026-09-04 16:05:00+00:00
[2026-09-04T15:37:47.017+0000] {processor.py:183} INFO - Processing /opt/airflow/dags/spark_pipeline_dag.py took 0.078 seconds
[2026-09-04T15:38:17.447+0000] {processor.py:161} INFO - Started process (PID=57092) to work on /opt/airflow/dags/spark_pipeline_dag.py
[2026-09-04T15:38:17.448+0000] {processor.py:830} INFO - Processing file /opt/airflow/dags/spark_pipeline_dag.py for tasks to queue
[2026-09-04T15:38:17.449+0000] {logging_mixin.py:188} INFO - [2026-09-04T15:38:17.448+0000] {dagbag.py:538} INFO - Filling up the DagBag from /opt/airflow/dags/spark_pipeline_dag.py
[2026-09-04T15:38:17.468+0000] {processor.py:840} INFO - DAG(s) 'air_quality_pipeline' retrieved from /opt/airflow/dags/spark_pipeline_dag.py
[2026-09-04T15:38:17.489+0000] {logging_mixin.py:188} INFO - [2026-09-04T15:38:17.488+0000] {dag.py:3036} INFO - Sync 1 DAGs
[2026-09-04T15:38:17.512+0000] {logging_mixin.py:188} INFO - [2026-09-04T15:38:17.511+0000] {dag.py:3823} INFO - Setting next_dagrun for air_quality_pipeline to 2026-09-04 15:05:00+00:00, run_after=2026-09-04 16:05:00+00:00
[2026-09-04T15:38:17.529+0000] {processor.py:183} INFO - Processing /opt/airflow/dags/spark_pipeline_dag.py took 0.085 seconds
[2026-09-04T15:38:48.081+0000] {processor.py:161} INFO - Started process (PID=57102) to work on /opt/airflow/dags/spark_pipeline_dag.py
[2026-09-04T15:38:48.083+0000] {processor.py:830} INFO - Processing file /opt/airflow/dags/spark_pipeline_dag.py for tasks to queue
[2026-09-04T15:38:48.084+0000] {logging_mixin.py:188} INFO - [2026-09-04T15:38:48.084+0000] {dagbag.py:538} INFO - Filling up the DagBag from /opt/airflow/dags/spark_pipeline_dag.py
[2026-09-04T15:38:48.107+0000] {processor.py:840} INFO - DAG(s) 'air_quality_pipeline' retrieved from /opt/airflow/dags/spark_pipeline_dag.py
[2026-09-04T15:38:48.125+0000] {logging_mixin.py:188} INFO - [2026-09-04T15:38:48.125+0000] {dag.py:3036} INFO - Sync 1 DAGs
[2026-09-04T15:38:48.143+0000] {logging_mixin.py:188} INFO - [2026-09-04T15:38:48.143+0000] {dag.py:3823} INFO - Setting next_dagrun for air_quality_pipeline to 2026-09-04 15:05:00+00:00, run_after=2026-09-04 16:05:00+00:00
[2026-09-04T15:38:48.160+0000] {processor.py:183} INFO - Processing /opt/airflow/dags/spark_pipeline_dag.py took 0.081 seconds
[2026-09-04T15:39:18.618+0000] {processor.py:161} INFO - Started process (PID=57112) to work on /opt/airflow/dags/spark_pipeline_dag.py
[2026-09-04T15:39:18.619+0000] {processor.py:830} INFO - Processing file /opt/airflow/dags/spark_pipeline_dag.py for tasks to queue
[2026-09-04T15:39:18.621+0000] {logging_mixin.py:188} INFO - [2026-09-04T15:39:18.621+0000] {dagbag.py:538} INFO - Filling up the DagBag from /opt/airflow/dags/spark_pipeline_dag.py
[2026-09-04T15:39:18.647+0000] {processor.py:840} INFO - DAG(s) 'air_quality_pipeline' retrieved from /opt/airflow/dags/spark_pipeline_dag.py
[2026-09-04T15:39:18.671+0000] {logging_mixin.py:188} INFO - [2026-09-04T15:39:18.671+0000] {dag.py:3036} INFO - Sync 1 DAGs
[2026-09-04T15:39:18.693+0000] {logging_mixin.py:188} INFO - [2026-09-04T15:39:18.693+0000] {dag.py:3823} INFO - Setting next_dagrun for air_quality_pipeline to 2026-09-04 15:05:00+00:00, run_after=2026-09-04 16:05:00+00:00
[2026-09-04T15:39:18.718+0000] {processor.py:183} INFO - Processing /opt/airflow/dags/spark_pipeline_dag.py took 0.103 seconds
[2026-09-04T15:39:49.207+0000] {processor.py:161} INFO - Started process (PID=57122) to work on /opt/airflow/dags/spark_pipeline_dag.py
[2026-09-04T15:39:49.209+0000] {processor.py:830} INFO - Processing file /opt/airflow/dags/spark_pipeline_dag.py for tasks to queue
[2026-09-04T15:39:49.210+0000] {logging_mixin.py:188} INFO - [2026-09-04T15:39:49.210+0000] {dagbag.py:538} INFO - Filling up the DagBag from /opt/airflow/dags/spark_pipeline_dag.py
[2026-09-04T15:39:49.246+0000] {processor.py:840} INFO - DAG(s) 'air_quality_pipeline' retrieved from /opt/airflow/dags/spark_pipeline_dag.py
[2026-09-04T15:39:49.270+0000] {logging_mixin.py:188} INFO - [2026-09-04T15:39:49.270+0000] {dag.py:3036} INFO - Sync 1 DAGs
[2026-09-04T15:39:49.296+0000] {logging_mixin.py:188} INFO - [2026-09-04T15:39:49.295+0000] {dag.py:3823} INFO - Setting next_dagrun for air_quality_pipeline to 2026-09-04 15:05:00+00:00, run_after=2026-09-04 16:05:00+00:00
[2026-09-04T15:39:49.316+0000] {processor.py:183} INFO - Processing /opt/airflow/dags/spark_pipeline_dag.py took 0.116 seconds
[2026-09-04T15:40:19.737+0000] {processor.py:161} INFO - Started process (PID=57132) to work on /opt/airflow/dags/spark_pipeline_dag.py
[2026-09-04T15:40:19.739+0000] {processor.py:830} INFO - Processing file /opt/airflow/dags/spark_pipeline_dag.py for tasks to queue
[2026-09-04T15:40:19.740+0000] {logging_mixin.py:188} INFO - [2026-09-04T15:40:19.740+0000] {dagbag.py:538} INFO - Filling up the DagBag from /opt/airflow/dags/spark_pipeline_dag.py
[2026-09-04T15:40:19.768+0000] {processor.py:840} INFO - DAG(s) 'air_quality_pipeline' retrieved from /opt/airflow/dags/spark_pipeline_dag.py
[2026-09-04T15:40:19.797+0000] {logging_mixin.py:188} INFO - [2026-09-04T15:40:19.797+0000] {dag.py:3036} INFO - Sync 1 DAGs
[2026-09-04T15:40:19.818+0000] {logging_mixin.py:188} INFO - [2026-09-04T15:40:19.818+0000] {dag.py:3823} INFO - Setting next_dagrun for air_quality_pipeline to 2026-09-04 15:05:00+00:00, run_after=2026-09-04 16:05:00+00:00
[2026-09-04T15:40:19.836+0000] {processor.py:183} INFO - Processing /opt/airflow/dags/spark_pipeline_dag.py took 0.101 seconds
[2026-09-04T15:40:50.307+0000] {processor.py:161} INFO - Started process (PID=57142) to work on /opt/airflow/dags/spark_pipeline_dag.py
[2026-09-04T15:40:50.308+0000] {processor.py:830} INFO - Processing file /opt/airflow/dags/spark_pipeline_dag.py for tasks to queue
[2026-09-04T15:40:50.309+0000] {logging_mixin.py:188} INFO - [2026-09-04T15:40:50.309+0000] {dagbag.py:538} INFO - Filling up the DagBag from /opt/airflow/dags/spark_pipeline_dag.py
[2026-09-04T15:40:50.328+0000] {processor.py:840} INFO - DAG(s) 'air_quality_pipeline' retrieved from /opt/airflow/dags/spark_pipeline_dag.py
[2026-09-04T15:40:50.346+0000] {logging_mixin.py:188} INFO - [2026-09-04T15:40:50.346+0000] {dag.py:3036} INFO - Sync 1 DAGs
[2026-09-04T15:40:50.365+0000] {logging_mixin.py:188} INFO - [2026-09-04T15:40:50.365+0000] {dag.py:3823} INFO - Setting next_dagrun for air_quality_pipeline to 2026-09-04 15:05:00+00:00, run_after=2026-09-04 16:05:00+00:00
[2026-09-04T15:40:50.383+0000] {processor.py:183} INFO - Processing /opt/airflow/dags/spark_pipeline_dag.py took 0.078 seconds
[2026-09-04T15:41:21.018+0000] {processor.py:161} INFO - Started process (PID=57152) to work on /opt/airflow/dags/spark_pipeline_dag.py
[2026-09-04T15:41:21.019+0000] {processor.py:830} INFO - Processing file /opt/airflow/dags/spark_pipeline_dag.py for tasks to queue
[2026-09-04T15:41:21.019+0000] {logging_mixin.py:188} INFO - [2026-09-04T15:41:21.019+0000] {dagbag.py:538} INFO - Filling up the DagBag from /opt/airflow/dags/spark_pipeline_dag.py
[2026-09-04T15:41:21.040+0000] {processor.py:840} INFO - DAG(s) 'air_quality_pipeline' retrieved from /opt/airflow/dags/spark_pipeline_dag.py
[2026-09-04T15:41:21.058+0000] {logging_mixin.py:188} INFO - [2026-09-04T15:41:21.058+0000] {dag.py:3036} INFO - Sync 1 DAGs
[2026-09-04T15:41:21.077+0000] {logging_mixin.py:188} INFO - [2026-09-04T15:41:21.077+0000] {dag.py:3823} INFO - Setting next_dagrun for air_quality_pipeline to 2026-09-04 15:05:00+00:00, run_after=2026-09-04 16:05:00+00:00
[2026-09-04T15:41:21.097+0000] {processor.py:183} INFO - Processing /opt/airflow/dags/spark_pipeline_dag.py took 0.082 seconds
[2026-09-04T15:41:51.661+0000] {processor.py:161} INFO - Started process (PID=57162) to work on /opt/airflow/dags/spark_pipeline_dag.py
[2026-09-04T15:41:51.662+0000] {processor.py:830} INFO - Processing file /opt/airflow/dags/spark_pipeline_dag.py for tasks to queue
[2026-09-04T15:41:51.663+0000] {logging_mixin.py:188} INFO - [2026-09-04T15:41:51.663+0000] {dagbag.py:538} INFO - Filling up the DagBag from /opt/airflow/dags/spark_pipeline_dag.py
[2026-09-04T15:41:51.684+0000] {processor.py:840} INFO - DAG(s) 'air_quality_pipeline' retrieved from /opt/airflow/dags/spark_pipeline_dag.py
[2026-09-04T15:41:51.703+0000] {logging_mixin.py:188} INFO - [2026-09-04T15:41:51.703+0000] {dag.py:3036} INFO - Sync 1 DAGs
[2026-09-04T15:41:51.724+0000] {logging_mixin.py:188} INFO - [2026-09-04T15:41:51.724+0000] {dag.py:3823} INFO - Setting next_dagrun for air_quality_pipeline to 2026-09-04 15:05:00+00:00, run_after=2026-09-04 16:05:00+00:00
[2026-09-04T15:41:51.742+0000] {processor.py:183} INFO - Processing /opt/airflow/dags/spark_pipeline_dag.py took 0.084 seconds
[2026-09-04T15:42:22.051+0000] {processor.py:161} INFO - Started process (PID=57172) to work on /opt/airflow/dags/spark_pipeline_dag.py
[2026-09-04T15:42:22.052+0000] {processor.py:830} INFO - Processing file /opt/airflow/dags/spark_pipeline_dag.py for tasks to queue
[2026-09-04T15:42:22.053+0000] {logging_mixin.py:188} INFO - [2026-09-04T15:42:22.052+0000] {dagbag.py:538} INFO - Filling up the DagBag from /opt/airflow/dags/spark_pipeline_dag.py
[2026-09-04T15:42:22.078+0000] {processor.py:840} INFO - DAG(s) 'air_quality_pipeline' retrieved from /opt/airflow/dags/spark_pipeline_dag.py
[2026-09-04T15:42:22.103+0000] {logging_mixin.py:188} INFO - [2026-09-04T15:42:22.103+0000] {dag.py:3036} INFO - Sync 1 DAGs
[2026-09-04T15:42:22.135+0000] {logging_mixin.py:188} INFO - [2026-09-04T15:42:22.135+0000] {dag.py:3823} INFO - Setting next_dagrun for air_quality_pipeline to 2026-09-04 15:05:00+00:00, run_after=2026-09-04 16:05:00+00:00
[2026-09-04T15:42:22.169+0000] {processor.py:183} INFO - Processing /opt/airflow/dags/spark_pipeline_dag.py took 0.121 seconds
[2026-09-04T15:42:52.537+0000] {processor.py:161} INFO - Started process (PID=57182) to work on /opt/airflow/dags/spark_pipeline_dag.py
[2026-09-04T15:42:52.538+0000] {processor.py:830} INFO - Processing file /opt/airflow/dags/spark_pipeline_dag.py for tasks to queue
[2026-09-04T15:42:52.539+0000] {logging_mixin.py:188} INFO - [2026-09-04T15:42:52.539+0000] {dagbag.py:538} INFO - Filling up the DagBag from /opt/airflow/dags/spark_pipeline_dag.py
[2026-09-04T15:42:52.581+0000] {processor.py:840} INFO - DAG(s) 'air_quality_pipeline' retrieved from /opt/airflow/dags/spark_pipeline_dag.py
[2026-09-04T15:42:52.610+0000] {logging_mixin.py:188} INFO - [2026-09-04T15:42:52.609+0000] {dag.py:3036} INFO - Sync 1 DAGs
[2026-09-04T15:42:52.636+0000] {logging_mixin.py:188} INFO - [2026-09-04T15:42:52.636+0000] {dag.py:3823} INFO - Setting next_dagrun for air_quality_pipeline to 2026-09-04 15:05:00+00:00, run_after=2026-09-04 16:05:00+00:00
[2026-09-04T15:42:52.663+0000] {processor.py:183} INFO - Processing /opt/airflow/dags/spark_pipeline_dag.py took 0.129 seconds
[2026-09-04T15:43:23.008+0000] {processor.py:161} INFO - Started process (PID=57192) to work on /opt/airflow/dags/spark_pipeline_dag.py
[2026-09-04T15:43:23.009+0000] {processor.py:830} INFO - Processing file /opt/airflow/dags/spark_pipeline_dag.py for tasks to queue
[2026-09-04T15:43:23.010+0000] {logging_mixin.py:188} INFO - [2026-09-04T15:43:23.010+0000] {dagbag.py:538} INFO - Filling up the DagBag from /opt/airflow/dags/spark_pipeline_dag.py
[2026-09-04T15:43:23.036+0000] {processor.py:840} INFO - DAG(s) 'air_quality_pipeline' retrieved from /opt/airflow/dags/spark_pipeline_dag.py
[2026-09-04T15:43:23.060+0000] {logging_mixin.py:188} INFO - [2026-09-04T15:43:23.060+0000] {dag.py:3036} INFO - Sync 1 DAGs
[2026-09-04T15:43:23.082+0000] {logging_mixin.py:188} INFO - [2026-09-04T15:43:23.082+0000] {dag.py:3823} INFO - Setting next_dagrun for air_quality_pipeline to 2026-09-04 15:05:00+00:00, run_after=2026-09-04 16:05:00+00:00
[2026-09-04T15:43:23.112+0000] {processor.py:183} INFO - Processing /opt/airflow/dags/spark_pipeline_dag.py took 0.108 seconds
[2026-09-04T15:43:53.521+0000] {processor.py:161} INFO - Started process (PID=57202) to work on /opt/airflow/dags/spark_pipeline_dag.py
[2026-09-04T15:43:53.522+0000] {processor.py:830} INFO - Processing file /opt/airflow/dags/spark_pipeline_dag.py for tasks to queue
[2026-09-04T15:43:53.522+0000] {logging_mixin.py:188} INFO - [2026-09-04T15:43:53.522+0000] {dagbag.py:538} INFO - Filling up the DagBag from /opt/airflow/dags/spark_pipeline_dag.py
[2026-09-04T15:43:53.547+0000] {processor.py:840} INFO - DAG(s) 'air_quality_pipeline' retrieved from /opt/airflow/dags/spark_pipeline_dag.py
[2026-09-04T15:43:53.567+0000] {logging_mixin.py:188} INFO - [2026-09-04T15:43:53.567+0000] {dag.py:3036} INFO - Sync 1 DAGs
[2026-09-04T15:43:53.589+0000] {logging_mixin.py:188} INFO - [2026-09-04T15:43:53.589+0000] {dag.py:3823} INFO - Setting next_dagrun for air_quality_pipeline to 2026-09-04 15:05:00+00:00, run_after=2026-09-04 16:05:00+00:00
[2026-09-04T15:43:53.609+0000] {processor.py:183} INFO - Processing /opt/airflow/dags/spark_pipeline_dag.py took 0.091 seconds
[2026-09-04T15:44:24.024+0000] {processor.py:161} INFO - Started process (PID=57212) to work on /opt/airflow/dags/spark_pipeline_dag.py
[2026-09-04T15:44:24.025+0000] {processor.py:830} INFO - Processing file /opt/airflow/dags/spark_pipeline_dag.py for tasks to queue
[2026-09-04T15:44:24.026+0000] {logging_mixin.py:188} INFO - [2026-09-04T15:44:24.026+0000] {dagbag.py:538} INFO - Filling up the DagBag from /opt/airflow/dags/spark_pipeline_dag.py
[2026-09-04T15:44:24.054+0000] {processor.py:840} INFO - DAG(s) 'air_quality_pipeline' retrieved from /opt/airflow/dags/spark_pipeline_dag.py
[2026-09-04T15:44:24.077+0000] {logging_mixin.py:188} INFO - [2026-09-04T15:44:24.077+0000] {dag.py:3036} INFO - Sync 1 DAGs
[2026-09-04T15:44:24.100+0000] {logging_mixin.py:188} INFO - [2026-09-04T15:44:24.099+0000] {dag.py:3823} INFO - Setting next_dagrun for air_quality_pipeline to 2026-09-04 15:05:00+00:00, run_after=2026-09-04 16:05:00+00:00
[2026-09-04T15:44:24.121+0000] {processor.py:183} INFO - Processing /opt/airflow/dags/spark_pipeline_dag.py took 0.100 seconds
[2026-09-04T15:44:54.464+0000] {processor.py:161} INFO - Started process (PID=57222) to work on /opt/airflow/dags/spark_pipeline_dag.py
[2026-09-04T15:44:54.466+0000] {processor.py:830} INFO - Processing file /opt/airflow/dags/spark_pipeline_dag.py for tasks to queue
[2026-09-04T15:44:54.467+0000] {logging_mixin.py:188} INFO - [2026-09-04T15:44:54.466+0000] {dagbag.py:538} INFO - Filling up the DagBag from /opt/airflow/dags/spark_pipeline_dag.py
[2026-09-04T15:44:54.486+0000] {processor.py:840} INFO - DAG(s) 'air_quality_pipeline' retrieved from /opt/airflow/dags/spark_pipeline_dag.py
[2026-09-04T15:44:54.505+0000] {logging_mixin.py:188} INFO - [2026-09-04T15:44:54.505+0000] {dag.py:3036} INFO - Sync 1 DAGs
[2026-09-04T15:44:54.524+0000] {logging_mixin.py:188} INFO - [2026-09-04T15:44:54.524+0000] {dag.py:3823} INFO - Setting next_dagrun for air_quality_pipeline to 2026-09-04 15:05:00+00:00, run_after=2026-09-04 16:05:00+00:00
[2026-09-04T15:44:54.542+0000] {processor.py:183} INFO - Processing /opt/airflow/dags/spark_pipeline_dag.py took 0.080 seconds
[2026-09-04T15:45:24.868+0000] {processor.py:161} INFO - Started process (PID=57232) to work on /opt/airflow/dags/spark_pipeline_dag.py
[2026-09-04T15:45:24.869+0000] {processor.py:830} INFO - Processing file /opt/airflow/dags/spark_pipeline_dag.py for tasks to queue
[2026-09-04T15:45:24.870+0000] {logging_mixin.py:188} INFO - [2026-09-04T15:45:24.870+0000] {dagbag.py:538} INFO - Filling up the DagBag from /opt/airflow/dags/spark_pipeline_dag.py
[2026-09-04T15:45:24.893+0000] {processor.py:840} INFO - DAG(s) 'air_quality_pipeline' retrieved from /opt/airflow/dags/spark_pipeline_dag.py
[2026-09-04T15:45:24.919+0000] {logging_mixin.py:188} INFO - [2026-09-04T15:45:24.919+0000] {dag.py:3036} INFO - Sync 1 DAGs
[2026-09-04T15:45:24.946+0000] {logging_mixin.py:188} INFO - [2026-09-04T15:45:24.946+0000] {dag.py:3823} INFO - Setting next_dagrun for air_quality_pipeline to 2026-09-04 15:05:00+00:00, run_after=2026-09-04 16:05:00+00:00
[2026-09-04T15:45:24.967+0000] {processor.py:183} INFO - Processing /opt/airflow/dags/spark_pipeline_dag.py took 0.102 seconds
[2026-09-04T15:45:55.282+0000] {processor.py:161} INFO - Started process (PID=57242) to work on /opt/airflow/dags/spark_pipeline_dag.py
[2026-09-04T15:45:55.283+0000] {processor.py:830} INFO - Processing file /opt/airflow/dags/spark_pipeline_dag.py for tasks to queue
[2026-09-04T15:45:55.284+0000] {logging_mixin.py:188} INFO - [2026-09-04T15:45:55.283+0000] {dagbag.py:538} INFO - Filling up the DagBag from /opt/airflow/dags/spark_pipeline_dag.py
[2026-09-04T15:45:55.307+0000] {processor.py:840} INFO - DAG(s) 'air_quality_pipeline' retrieved from /opt/airflow/dags/spark_pipeline_dag.py
[2026-09-04T15:45:55.337+0000] {logging_mixin.py:188} INFO - [2026-09-04T15:45:55.337+0000] {dag.py:3036} INFO - Sync 1 DAGs
[2026-09-04T15:45:55.360+0000] {logging_mixin.py:188} INFO - [2026-09-04T15:45:55.360+0000] {dag.py:3823} INFO - Setting next_dagrun for air_quality_pipeline to 2026-09-04 15:05:00+00:00, run_after=2026-09-04 16:05:00+00:00
[2026-09-04T15:45:55.386+0000] {processor.py:183} INFO - Processing /opt/airflow/dags/spark_pipeline_dag.py took 0.107 seconds
[2026-09-04T15:46:25.814+0000] {processor.py:161} INFO - Started process (PID=57252) to work on /opt/airflow/dags/spark_pipeline_dag.py
[2026-09-04T15:46:25.815+0000] {processor.py:830} INFO - Processing file /opt/airflow/dags/spark_pipeline_dag.py for tasks to queue
[2026-09-04T15:46:25.817+0000] {logging_mixin.py:188} INFO - [2026-09-04T15:46:25.816+0000] {dagbag.py:538} INFO - Filling up the DagBag from /opt/airflow/dags/spark_pipeline_dag.py
[2026-09-04T15:46:25.844+0000] {processor.py:840} INFO - DAG(s) 'air_quality_pipeline' retrieved from /opt/airflow/dags/spark_pipeline_dag.py
[2026-09-04T15:46:25.866+0000] {logging_mixin.py:188} INFO - [2026-09-04T15:46:25.866+0000] {dag.py:3036} INFO - Sync 1 DAGs
[2026-09-04T15:46:25.893+0000] {logging_mixin.py:188} INFO - [2026-09-04T15:46:25.893+0000] {dag.py:3823} INFO - Setting next_dagrun for air_quality_pipeline to 2026-09-04 15:05:00+00:00, run_after=2026-09-04 16:05:00+00:00
[2026-09-04T15:46:25.914+0000] {processor.py:183} INFO - Processing /opt/airflow/dags/spark_pipeline_dag.py took 0.104 seconds
[2026-09-04T15:46:56.332+0000] {processor.py:161} INFO - Started process (PID=57262) to work on /opt/airflow/dags/spark_pipeline_dag.py
[2026-09-04T15:46:56.333+0000] {processor.py:830} INFO - Processing file /opt/airflow/dags/spark_pipeline_dag.py for tasks to queue
[2026-09-04T15:46:56.334+0000] {logging_mixin.py:188} INFO - [2026-09-04T15:46:56.334+0000] {dagbag.py:538} INFO - Filling up the DagBag from /opt/airflow/dags/spark_pipeline_dag.py
[2026-09-04T15:46:56.361+0000] {processor.py:840} INFO - DAG(s) 'air_quality_pipeline' retrieved from /opt/airflow/dags/spark_pipeline_dag.py
[2026-09-04T15:46:56.386+0000] {logging_mixin.py:188} INFO - [2026-09-04T15:46:56.386+0000] {dag.py:3036} INFO - Sync 1 DAGs
[2026-09-04T15:46:56.409+0000] {logging_mixin.py:188} INFO - [2026-09-04T15:46:56.409+0000] {dag.py:3823} INFO - Setting next_dagrun for air_quality_pipeline to 2026-09-04 15:05:00+00:00, run_after=2026-09-04 16:05:00+00:00
[2026-09-04T15:46:56.431+0000] {processor.py:183} INFO - Processing /opt/airflow/dags/spark_pipeline_dag.py took 0.103 seconds
[2026-09-04T15:47:26.831+0000] {processor.py:161} INFO - Started process (PID=57272) to work on /opt/airflow/dags/spark_pipeline_dag.py
[2026-09-04T15:47:26.833+0000] {processor.py:830} INFO - Processing file /opt/airflow/dags/spark_pipeline_dag.py for tasks to queue
[2026-09-04T15:47:26.833+0000] {logging_mixin.py:188} INFO - [2026-09-04T15:47:26.833+0000] {dagbag.py:538} INFO - Filling up the DagBag from /opt/airflow/dags/spark_pipeline_dag.py
[2026-09-04T15:47:26.854+0000] {processor.py:840} INFO - DAG(s) 'air_quality_pipeline' retrieved from /opt/airflow/dags/spark_pipeline_dag.py
[2026-09-04T15:47:26.878+0000] {logging_mixin.py:188} INFO - [2026-09-04T15:47:26.878+0000] {dag.py:3036} INFO - Sync 1 DAGs
[2026-09-04T15:47:26.903+0000] {logging_mixin.py:188} INFO - [2026-09-04T15:47:26.902+0000] {dag.py:3823} INFO - Setting next_dagrun for air_quality_pipeline to 2026-09-04 15:05:00+00:00, run_after=2026-09-04 16:05:00+00:00
[2026-09-04T15:47:26.924+0000] {processor.py:183} INFO - Processing /opt/airflow/dags/spark_pipeline_dag.py took 0.096 seconds
[2026-09-04T15:47:57.266+0000] {processor.py:161} INFO - Started process (PID=57282) to work on /opt/airflow/dags/spark_pipeline_dag.py
[2026-09-04T15:47:57.267+0000] {processor.py:830} INFO - Processing file /opt/airflow/dags/spark_pipeline_dag.py for tasks to queue
[2026-09-04T15:47:57.268+0000] {logging_mixin.py:188} INFO - [2026-09-04T15:47:57.268+0000] {dagbag.py:538} INFO - Filling up the DagBag from /opt/airflow/dags/spark_pipeline_dag.py
[2026-09-04T15:47:57.295+0000] {processor.py:840} INFO - DAG(s) 'air_quality_pipeline' retrieved from /opt/airflow/dags/spark_pipeline_dag.py
[2026-09-04T15:47:57.318+0000] {logging_mixin.py:188} INFO - [2026-09-04T15:47:57.317+0000] {dag.py:3036} INFO - Sync 1 DAGs
[2026-09-04T15:47:57.338+0000] {logging_mixin.py:188} INFO - [2026-09-04T15:47:57.338+0000] {dag.py:3823} INFO - Setting next_dagrun for air_quality_pipeline to 2026-09-04 15:05:00+00:00, run_after=2026-09-04 16:05:00+00:00
[2026-09-04T15:47:57.360+0000] {processor.py:183} INFO - Processing /opt/airflow/dags/spark_pipeline_dag.py took 0.097 seconds
[2026-09-04T15:48:27.705+0000] {processor.py:161} INFO - Started process (PID=57292) to work on /opt/airflow/dags/spark_pipeline_dag.py
[2026-09-04T15:48:27.706+0000] {processor.py:830} INFO - Processing file /opt/airflow/dags/spark_pipeline_dag.py for tasks to queue
[2026-09-04T15:48:27.707+0000] {logging_mixin.py:188} INFO - [2026-09-04T15:48:27.707+0000] {dagbag.py:538} INFO - Filling up the DagBag from /opt/airflow/dags/spark_pipeline_dag.py
[2026-09-04T15:48:27.729+0000] {processor.py:840} INFO - DAG(s) 'air_quality_pipeline' retrieved from /opt/airflow/dags/spark_pipeline_dag.py
[2026-09-04T15:48:27.750+0000] {logging_mixin.py:188} INFO - [2026-09-04T15:48:27.750+0000] {dag.py:3036} INFO - Sync 1 DAGs
[2026-09-04T15:48:27.772+0000] {logging_mixin.py:188} INFO - [2026-09-04T15:48:27.771+0000] {dag.py:3823} INFO - Setting next_dagrun for air_quality_pipeline to 2026-09-04 15:05:00+00:00, run_after=2026-09-04 16:05:00+00:00
[2026-09-04T15:48:27.792+0000] {processor.py:183} INFO - Processing /opt/airflow/dags/spark_pipeline_dag.py took 0.090 seconds
[2026-09-04T15:48:58.217+0000] {processor.py:161} INFO - Started process (PID=57302) to work on /opt/airflow/dags/spark_pipeline_dag.py
[2026-09-04T15:48:58.218+0000] {processor.py:830} INFO - Processing file /opt/airflow/dags/spark_pipeline_dag.py for tasks to queue
[2026-09-04T15:48:58.220+0000] {logging_mixin.py:188} INFO - [2026-09-04T15:48:58.219+0000] {dagbag.py:538} INFO - Filling up the DagBag from /opt/airflow/dags/spark_pipeline_dag.py
[2026-09-04T15:48:58.248+0000] {processor.py:840} INFO - DAG(s) 'air_quality_pipeline' retrieved from /opt/airflow/dags/spark_pipeline_dag.py
[2026-09-04T15:48:58.280+0000] {logging_mixin.py:188} INFO - [2026-09-04T15:48:58.279+0000] {dag.py:3036} INFO - Sync 1 DAGs
[2026-09-04T15:48:58.310+0000] {logging_mixin.py:188} INFO - [2026-09-04T15:48:58.310+0000] {dag.py:3823} INFO - Setting next_dagrun for air_quality_pipeline to 2026-09-04 15:05:00+00:00, run_after=2026-09-04 16:05:00+00:00
[2026-09-04T15:48:58.338+0000] {processor.py:183} INFO - Processing /opt/airflow/dags/spark_pipeline_dag.py took 0.124 seconds
[2026-09-04T15:49:28.710+0000] {processor.py:161} INFO - Started process (PID=57312) to work on /opt/airflow/dags/spark_pipeline_dag.py
[2026-09-04T15:49:28.711+0000] {processor.py:830} INFO - Processing file /opt/airflow/dags/spark_pipeline_dag.py for tasks to queue
[2026-09-04T15:49:28.712+0000] {logging_mixin.py:188} INFO - [2026-09-04T15:49:28.712+0000] {dagbag.py:538} INFO - Filling up the DagBag from /opt/airflow/dags/spark_pipeline_dag.py
[2026-09-04T15:49:28.736+0000] {processor.py:840} INFO - DAG(s) 'air_quality_pipeline' retrieved from /opt/airflow/dags/spark_pipeline_dag.py
[2026-09-04T15:49:28.758+0000] {logging_mixin.py:188} INFO - [2026-09-04T15:49:28.757+0000] {dag.py:3036} INFO - Sync 1 DAGs
[2026-09-04T15:49:28.781+0000] {logging_mixin.py:188} INFO - [2026-09-04T15:49:28.781+0000] {dag.py:3823} INFO - Setting next_dagrun for air_quality_pipeline to 2026-09-04 15:05:00+00:00, run_after=2026-09-04 16:05:00+00:00
[2026-09-04T15:49:28.802+0000] {processor.py:183} INFO - Processing /opt/airflow/dags/spark_pipeline_dag.py took 0.094 seconds
[2026-09-04T15:49:59.120+0000] {processor.py:161} INFO - Started process (PID=57322) to work on /opt/airflow/dags/spark_pipeline_dag.py
[2026-09-04T15:49:59.122+0000] {processor.py:830} INFO - Processing file /opt/airflow/dags/spark_pipeline_dag.py for tasks to queue
[2026-09-04T15:49:59.123+0000] {logging_mixin.py:188} INFO - [2026-09-04T15:49:59.123+0000] {dagbag.py:538} INFO - Filling up the DagBag from /opt/airflow/dags/spark_pipeline_dag.py
[2026-09-04T15:49:59.160+0000] {processor.py:840} INFO - DAG(s) 'air_quality_pipeline' retrieved from /opt/airflow/dags/spark_pipeline_dag.py
[2026-09-04T15:49:59.182+0000] {logging_mixin.py:188} INFO - [2026-09-04T15:49:59.182+0000] {dag.py:3036} INFO - Sync 1 DAGs
[2026-09-04T15:49:59.205+0000] {logging_mixin.py:188} INFO - [2026-09-04T15:49:59.205+0000] {dag.py:3823} INFO - Setting next_dagrun for air_quality_pipeline to 2026-09-04 15:05:00+00:00, run_after=2026-09-04 16:05:00+00:00
[2026-09-04T15:49:59.230+0000] {processor.py:183} INFO - Processing /opt/airflow/dags/spark_pipeline_dag.py took 0.114 seconds
[2026-09-04T15:50:29.664+0000] {processor.py:161} INFO - Started process (PID=57332) to work on /opt/airflow/dags/spark_pipeline_dag.py
[2026-09-04T15:50:29.665+0000] {processor.py:830} INFO - Processing file /opt/airflow/dags/spark_pipeline_dag.py for tasks to queue
[2026-09-04T15:50:29.666+0000] {logging_mixin.py:188} INFO - [2026-09-04T15:50:29.666+0000] {dagbag.py:538} INFO - Filling up the DagBag from /opt/airflow/dags/spark_pipeline_dag.py
[2026-09-04T15:50:29.690+0000] {processor.py:840} INFO - DAG(s) 'air_quality_pipeline' retrieved from /opt/airflow/dags/spark_pipeline_dag.py
[2026-09-04T15:50:29.713+0000] {logging_mixin.py:188} INFO - [2026-09-04T15:50:29.713+0000] {dag.py:3036} INFO - Sync 1 DAGs
[2026-09-04T15:50:29.734+0000] {logging_mixin.py:188} INFO - [2026-09-04T15:50:29.734+0000] {dag.py:3823} INFO - Setting next_dagrun for air_quality_pipeline to 2026-09-04 15:05:00+00:00, run_after=2026-09-04 16:05:00+00:00
[2026-09-04T15:50:29.754+0000] {processor.py:183} INFO - Processing /opt/airflow/dags/spark_pipeline_dag.py took 0.092 seconds
[2026-09-04T15:51:00.142+0000] {processor.py:161} INFO - Started process (PID=57342) to work on /opt/airflow/dags/spark_pipeline_dag.py
[2026-09-04T15:51:00.144+0000] {processor.py:830} INFO - Processing file /opt/airflow/dags/spark_pipeline_dag.py for tasks to queue
[2026-09-04T15:51:00.147+0000] {logging_mixin.py:188} INFO - [2026-09-04T15:51:00.146+0000] {dagbag.py:538} INFO - Filling up the DagBag from /opt/airflow/dags/spark_pipeline_dag.py
[2026-09-04T15:51:00.177+0000] {processor.py:840} INFO - DAG(s) 'air_quality_pipeline' retrieved from /opt/airflow/dags/spark_pipeline_dag.py
[2026-09-04T15:51:00.206+0000] {logging_mixin.py:188} INFO - [2026-09-04T15:51:00.206+0000] {dag.py:3036} INFO - Sync 1 DAGs
[2026-09-04T15:51:00.235+0000] {logging_mixin.py:188} INFO - [2026-09-04T15:51:00.235+0000] {dag.py:3823} INFO - Setting next_dagrun for air_quality_pipeline to 2026-09-04 15:05:00+00:00, run_after=2026-09-04 16:05:00+00:00
[2026-09-04T15:51:00.261+0000] {processor.py:183} INFO - Processing /opt/airflow/dags/spark_pipeline_dag.py took 0.122 seconds
[2026-09-04T15:51:30.610+0000] {processor.py:161} INFO - Started process (PID=57352) to work on /opt/airflow/dags/spark_pipeline_dag.py
[2026-09-04T15:51:30.611+0000] {processor.py:830} INFO - Processing file /opt/airflow/dags/spark_pipeline_dag.py for tasks to queue
[2026-09-04T15:51:30.612+0000] {logging_mixin.py:188} INFO - [2026-09-04T15:51:30.612+0000] {dagbag.py:538} INFO - Filling up the DagBag from /opt/airflow/dags/spark_pipeline_dag.py
[2026-09-04T15:51:30.633+0000] {processor.py:840} INFO - DAG(s) 'air_quality_pipeline' retrieved from /opt/airflow/dags/spark_pipeline_dag.py
[2026-09-04T15:51:30.652+0000] {logging_mixin.py:188} INFO - [2026-09-04T15:51:30.652+0000] {dag.py:3036} INFO - Sync 1 DAGs
[2026-09-04T15:51:30.675+0000] {logging_mixin.py:188} INFO - [2026-09-04T15:51:30.675+0000] {dag.py:3823} INFO - Setting next_dagrun for air_quality_pipeline to 2026-09-04 15:05:00+00:00, run_after=2026-09-04 16:05:00+00:00
[2026-09-04T15:51:30.692+0000] {processor.py:183} INFO - Processing /opt/airflow/dags/spark_pipeline_dag.py took 0.085 seconds
[2026-09-04T15:52:00.989+0000] {processor.py:161} INFO - Started process (PID=57362) to work on /opt/airflow/dags/spark_pipeline_dag.py
[2026-09-04T15:52:00.990+0000] {processor.py:830} INFO - Processing file /opt/airflow/dags/spark_pipeline_dag.py for tasks to queue
[2026-09-04T15:52:00.991+0000] {logging_mixin.py:188} INFO - [2026-09-04T15:52:00.990+0000] {dagbag.py:538} INFO - Filling up the DagBag from /opt/airflow/dags/spark_pipeline_dag.py
[2026-09-04T15:52:01.015+0000] {processor.py:840} INFO - DAG(s) 'air_quality_pipeline' retrieved from /opt/airflow/dags/spark_pipeline_dag.py
[2026-09-04T15:52:01.035+0000] {logging_mixin.py:188} INFO - [2026-09-04T15:52:01.034+0000] {dag.py:3036} INFO - Sync 1 DAGs
[2026-09-04T15:52:01.057+0000] {logging_mixin.py:188} INFO - [2026-09-04T15:52:01.057+0000] {dag.py:3823} INFO - Setting next_dagrun for air_quality_pipeline to 2026-09-04 15:05:00+00:00, run_after=2026-09-04 16:05:00+00:00
[2026-09-04T15:52:01.080+0000] {processor.py:183} INFO - Processing /opt/airflow/dags/spark_pipeline_dag.py took 0.094 seconds
[2026-09-04T15:52:31.502+0000] {processor.py:161} INFO - Started process (PID=57372) to work on /opt/airflow/dags/spark_pipeline_dag.py
[2026-09-04T15:52:31.503+0000] {processor.py:830} INFO - Processing file /opt/airflow/dags/spark_pipeline_dag.py for tasks to queue
[2026-09-04T15:52:31.504+0000] {logging_mixin.py:188} INFO - [2026-09-04T15:52:31.504+0000] {dagbag.py:538} INFO - Filling up the DagBag from /opt/airflow/dags/spark_pipeline_dag.py
[2026-09-04T15:52:31.525+0000] {processor.py:840} INFO - DAG(s) 'air_quality_pipeline' retrieved from /opt/airflow/dags/spark_pipeline_dag.py
[2026-09-04T15:52:31.546+0000] {logging_mixin.py:188} INFO - [2026-09-04T15:52:31.545+0000] {dag.py:3036} INFO - Sync 1 DAGs
[2026-09-04T15:52:31.568+0000] {logging_mixin.py:188} INFO - [2026-09-04T15:52:31.568+0000] {dag.py:3823} INFO - Setting next_dagrun for air_quality_pipeline to 2026-09-04 15:05:00+00:00, run_after=2026-09-04 16:05:00+00:00
[2026-09-04T15:52:31.589+0000] {processor.py:183} INFO - Processing /opt/airflow/dags/spark_pipeline_dag.py took 0.090 seconds
[2026-09-04T15:53:01.949+0000] {processor.py:161} INFO - Started process (PID=57382) to work on /opt/airflow/dags/spark_pipeline_dag.py
[2026-09-04T15:53:01.951+0000] {processor.py:830} INFO - Processing file /opt/airflow/dags/spark_pipeline_dag.py for tasks to queue
[2026-09-04T15:53:01.952+0000] {logging_mixin.py:188} INFO - [2026-09-04T15:53:01.951+0000] {dagbag.py:538} INFO - Filling up the DagBag from /opt/airflow/dags/spark_pipeline_dag.py
[2026-09-04T15:53:01.976+0000] {processor.py:840} INFO - DAG(s) 'air_quality_pipeline' retrieved from /opt/airflow/dags/spark_pipeline_dag.py
[2026-09-04T15:53:01.998+0000] {logging_mixin.py:188} INFO - [2026-09-04T15:53:01.998+0000] {dag.py:3036} INFO - Sync 1 DAGs
[2026-09-04T15:53:02.020+0000] {logging_mixin.py:188} INFO - [2026-09-04T15:53:02.020+0000] {dag.py:3823} INFO - Setting next_dagrun for air_quality_pipeline to 2026-09-04 15:05:00+00:00, run_after=2026-09-04 16:05:00+00:00
[2026-09-04T15:53:02.043+0000] {processor.py:183} INFO - Processing /opt/airflow/dags/spark_pipeline_dag.py took 0.099 seconds
[2026-09-04T15:53:32.473+0000] {processor.py:161} INFO - Started process (PID=57392) to work on /opt/airflow/dags/spark_pipeline_dag.py
[2026-09-04T15:53:32.474+0000] {processor.py:830} INFO - Processing file /opt/airflow/dags/spark_pipeline_dag.py for tasks to queue
[2026-09-04T15:53:32.475+0000] {logging_mixin.py:188} INFO - [2026-09-04T15:53:32.475+0000] {dagbag.py:538} INFO - Filling up the DagBag from /opt/airflow/dags/spark_pipeline_dag.py
[2026-09-04T15:53:32.495+0000] {processor.py:840} INFO - DAG(s) 'air_quality_pipeline' retrieved from /opt/airflow/dags/spark_pipeline_dag.py
[2026-09-04T15:53:32.515+0000] {logging_mixin.py:188} INFO - [2026-09-04T15:53:32.514+0000] {dag.py:3036} INFO - Sync 1 DAGs
[2026-09-04T15:53:32.536+0000] {logging_mixin.py:188} INFO - [2026-09-04T15:53:32.536+0000] {dag.py:3823} INFO - Setting next_dagrun for air_quality_pipeline to 2026-09-04 15:05:00+00:00, run_after=2026-09-04 16:05:00+00:00
[2026-09-04T15:53:32.558+0000] {processor.py:183} INFO - Processing /opt/airflow/dags/spark_pipeline_dag.py took 0.088 seconds
[2026-09-04T15:54:03.024+0000] {processor.py:161} INFO - Started process (PID=57402) to work on /opt/airflow/dags/spark_pipeline_dag.py
[2026-09-04T15:54:03.025+0000] {processor.py:830} INFO - Processing file /opt/airflow/dags/spark_pipeline_dag.py for tasks to queue
[2026-09-04T15:54:03.026+0000] {logging_mixin.py:188} INFO - [2026-09-04T15:54:03.026+0000] {dagbag.py:538} INFO - Filling up the DagBag from /opt/airflow/dags/spark_pipeline_dag.py
[2026-09-04T15:54:03.046+0000] {processor.py:840} INFO - DAG(s) 'air_quality_pipeline' retrieved from /opt/airflow/dags/spark_pipeline_dag.py
[2026-09-04T15:54:03.065+0000] {logging_mixin.py:188} INFO - [2026-09-04T15:54:03.065+0000] {dag.py:3036} INFO - Sync 1 DAGs
[2026-09-04T15:54:03.086+0000] {logging_mixin.py:188} INFO - [2026-09-04T15:54:03.085+0000] {dag.py:3823} INFO - Setting next_dagrun for air_quality_pipeline to 2026-09-04 15:05:00+00:00, run_after=2026-09-04 16:05:00+00:00
[2026-09-04T15:54:03.105+0000] {processor.py:183} INFO - Processing /opt/airflow/dags/spark_pipeline_dag.py took 0.083 seconds
[2026-09-04T15:54:33.417+0000] {processor.py:161} INFO - Started process (PID=57412) to work on /opt/airflow/dags/spark_pipeline_dag.py
[2026-09-04T15:54:33.419+0000] {processor.py:830} INFO - Processing file /opt/airflow/dags/spark_pipeline_dag.py for tasks to queue
[2026-09-04T15:54:33.420+0000] {logging_mixin.py:188} INFO - [2026-09-04T15:54:33.419+0000] {dagbag.py:538} INFO - Filling up the DagBag from /opt/airflow/dags/spark_pipeline_dag.py
[2026-09-04T15:54:33.449+0000] {processor.py:840} INFO - DAG(s) 'air_quality_pipeline' retrieved from /opt/airflow/dags/spark_pipeline_dag.py
[2026-09-04T15:54:33.473+0000] {logging_mixin.py:188} INFO - [2026-09-04T15:54:33.472+0000] {dag.py:3036} INFO - Sync 1 DAGs
[2026-09-04T15:54:33.496+0000] {logging_mixin.py:188} INFO - [2026-09-04T15:54:33.496+0000] {dag.py:3823} INFO - Setting next_dagrun for air_quality_pipeline to 2026-09-04 15:05:00+00:00, run_after=2026-09-04 16:05:00+00:00
[2026-09-04T15:54:33.522+0000] {processor.py:183} INFO - Processing /opt/airflow/dags/spark_pipeline_dag.py took 0.107 seconds
[2026-09-04T15:55:03.898+0000] {processor.py:161} INFO - Started process (PID=57422) to work on /opt/airflow/dags/spark_pipeline_dag.py
[2026-09-04T15:55:03.899+0000] {processor.py:830} INFO - Processing file /opt/airflow/dags/spark_pipeline_dag.py for tasks to queue
[2026-09-04T15:55:03.901+0000] {logging_mixin.py:188} INFO - [2026-09-04T15:55:03.900+0000] {dagbag.py:538} INFO - Filling up the DagBag from /opt/airflow/dags/spark_pipeline_dag.py
[2026-09-04T15:55:03.921+0000] {processor.py:840} INFO - DAG(s) 'air_quality_pipeline' retrieved from /opt/airflow/dags/spark_pipeline_dag.py
[2026-09-04T15:55:03.942+0000] {logging_mixin.py:188} INFO - [2026-09-04T15:55:03.941+0000] {dag.py:3036} INFO - Sync 1 DAGs
[2026-09-04T15:55:03.963+0000] {logging_mixin.py:188} INFO - [2026-09-04T15:55:03.963+0000] {dag.py:3823} INFO - Setting next_dagrun for air_quality_pipeline to 2026-09-04 15:05:00+00:00, run_after=2026-09-04 16:05:00+00:00
[2026-09-04T15:55:03.988+0000] {processor.py:183} INFO - Processing /opt/airflow/dags/spark_pipeline_dag.py took 0.092 seconds
[2026-09-04T15:55:34.285+0000] {processor.py:161} INFO - Started process (PID=57432) to work on /opt/airflow/dags/spark_pipeline_dag.py
[2026-09-04T15:55:34.287+0000] {processor.py:830} INFO - Processing file /opt/airflow/dags/spark_pipeline_dag.py for tasks to queue
[2026-09-04T15:55:34.288+0000] {logging_mixin.py:188} INFO - [2026-09-04T15:55:34.287+0000] {dagbag.py:538} INFO - Filling up the DagBag from /opt/airflow/dags/spark_pipeline_dag.py
[2026-09-04T15:55:34.309+0000] {processor.py:840} INFO - DAG(s) 'air_quality_pipeline' retrieved from /opt/airflow/dags/spark_pipeline_dag.py
[2026-09-04T15:55:34.333+0000] {logging_mixin.py:188} INFO - [2026-09-04T15:55:34.332+0000] {dag.py:3036} INFO - Sync 1 DAGs
[2026-09-04T15:55:34.355+0000] {logging_mixin.py:188} INFO - [2026-09-04T15:55:34.355+0000] {dag.py:3823} INFO - Setting next_dagrun for air_quality_pipeline to 2026-09-04 15:05:00+00:00, run_after=2026-09-04 16:05:00+00:00
[2026-09-04T15:55:34.376+0000] {processor.py:183} INFO - Processing /opt/airflow/dags/spark_pipeline_dag.py took 0.094 seconds
[2026-09-04T15:56:04.675+0000] {processor.py:161} INFO - Started process (PID=57442) to work on /opt/airflow/dags/spark_pipeline_dag.py
[2026-09-04T15:56:04.677+0000] {processor.py:830} INFO - Processing file /opt/airflow/dags/spark_pipeline_dag.py for tasks to queue
[2026-09-04T15:56:04.678+0000] {logging_mixin.py:188} INFO - [2026-09-04T15:56:04.678+0000] {dagbag.py:538} INFO - Filling up the DagBag from /opt/airflow/dags/spark_pipeline_dag.py
[2026-09-04T15:56:04.707+0000] {processor.py:840} INFO - DAG(s) 'air_quality_pipeline' retrieved from /opt/airflow/dags/spark_pipeline_dag.py
[2026-09-04T15:56:04.737+0000] {logging_mixin.py:188} INFO - [2026-09-04T15:56:04.737+0000] {dag.py:3036} INFO - Sync 1 DAGs
[2026-09-04T15:56:04.770+0000] {logging_mixin.py:188} INFO - [2026-09-04T15:56:04.769+0000] {dag.py:3823} INFO - Setting next_dagrun for air_quality_pipeline to 2026-09-04 15:05:00+00:00, run_after=2026-09-04 16:05:00+00:00
[2026-09-04T15:56:04.801+0000] {processor.py:183} INFO - Processing /opt/airflow/dags/spark_pipeline_dag.py took 0.129 seconds
[2026-09-04T15:56:35.166+0000] {processor.py:161} INFO - Started process (PID=57452) to work on /opt/airflow/dags/spark_pipeline_dag.py
[2026-09-04T15:56:35.168+0000] {processor.py:830} INFO - Processing file /opt/airflow/dags/spark_pipeline_dag.py for tasks to queue
[2026-09-04T15:56:35.170+0000] {logging_mixin.py:188} INFO - [2026-09-04T15:56:35.169+0000] {dagbag.py:538} INFO - Filling up the DagBag from /opt/airflow/dags/spark_pipeline_dag.py
[2026-09-04T15:56:35.197+0000] {processor.py:840} INFO - DAG(s) 'air_quality_pipeline' retrieved from /opt/airflow/dags/spark_pipeline_dag.py
[2026-09-04T15:56:35.219+0000] {logging_mixin.py:188} INFO - [2026-09-04T15:56:35.218+0000] {dag.py:3036} INFO - Sync 1 DAGs
[2026-09-04T15:56:35.238+0000] {logging_mixin.py:188} INFO - [2026-09-04T15:56:35.238+0000] {dag.py:3823} INFO - Setting next_dagrun for air_quality_pipeline to 2026-09-04 15:05:00+00:00, run_after=2026-09-04 16:05:00+00:00
[2026-09-04T15:56:35.257+0000] {processor.py:183} INFO - Processing /opt/airflow/dags/spark_pipeline_dag.py took 0.095 seconds
[2026-09-04T15:57:05.561+0000] {processor.py:161} INFO - Started process (PID=57462) to work on /opt/airflow/dags/spark_pipeline_dag.py
[2026-09-04T15:57:05.562+0000] {processor.py:830} INFO - Processing file /opt/airflow/dags/spark_pipeline_dag.py for tasks to queue
[2026-09-04T15:57:05.563+0000] {logging_mixin.py:188} INFO - [2026-09-04T15:57:05.563+0000] {dagbag.py:538} INFO - Filling up the DagBag from /opt/airflow/dags/spark_pipeline_dag.py
[2026-09-04T15:57:05.593+0000] {processor.py:840} INFO - DAG(s) 'air_quality_pipeline' retrieved from /opt/airflow/dags/spark_pipeline_dag.py
[2026-09-04T15:57:05.618+0000] {logging_mixin.py:188} INFO - [2026-09-04T15:57:05.618+0000] {dag.py:3036} INFO - Sync 1 DAGs
[2026-09-04T15:57:05.645+0000] {logging_mixin.py:188} INFO - [2026-09-04T15:57:05.644+0000] {dag.py:3823} INFO - Setting next_dagrun for air_quality_pipeline to 2026-09-04 15:05:00+00:00, run_after=2026-09-04 16:05:00+00:00
[2026-09-04T15:57:05.668+0000] {processor.py:183} INFO - Processing /opt/airflow/dags/spark_pipeline_dag.py took 0.111 seconds
[2026-09-04T15:57:36.001+0000] {processor.py:161} INFO - Started process (PID=57472) to work on /opt/airflow/dags/spark_pipeline_dag.py
[2026-09-04T15:57:36.002+0000] {processor.py:830} INFO - Processing file /opt/airflow/dags/spark_pipeline_dag.py for tasks to queue
[2026-09-04T15:57:36.003+0000] {logging_mixin.py:188} INFO - [2026-09-04T15:57:36.002+0000] {dagbag.py:538} INFO - Filling up the DagBag from /opt/airflow/dags/spark_pipeline_dag.py
[2026-09-04T15:57:36.026+0000] {processor.py:840} INFO - DAG(s) 'air_quality_pipeline' retrieved from /opt/airflow/dags/spark_pipeline_dag.py
[2026-09-04T15:57:36.051+0000] {logging_mixin.py:188} INFO - [2026-09-04T15:57:36.051+0000] {dag.py:3036} INFO - Sync 1 DAGs
[2026-09-04T15:57:36.072+0000] {logging_mixin.py:188} INFO - [2026-09-04T15:57:36.072+0000] {dag.py:3823} INFO - Setting next_dagrun for air_quality_pipeline to 2026-09-04 15:05:00+00:00, run_after=2026-09-04 16:05:00+00:00
[2026-09-04T15:57:36.096+0000] {processor.py:183} INFO - Processing /opt/airflow/dags/spark_pipeline_dag.py took 0.098 seconds
[2026-09-04T15:58:06.451+0000] {processor.py:161} INFO - Started process (PID=57482) to work on /opt/airflow/dags/spark_pipeline_dag.py
[2026-09-04T15:58:06.453+0000] {processor.py:830} INFO - Processing file /opt/airflow/dags/spark_pipeline_dag.py for tasks to queue
[2026-09-04T15:58:06.454+0000] {logging_mixin.py:188} INFO - [2026-09-04T15:58:06.454+0000] {dagbag.py:538} INFO - Filling up the DagBag from /opt/airflow/dags/spark_pipeline_dag.py
[2026-09-04T15:58:06.477+0000] {processor.py:840} INFO - DAG(s) 'air_quality_pipeline' retrieved from /opt/airflow/dags/spark_pipeline_dag.py
[2026-09-04T15:58:06.498+0000] {logging_mixin.py:188} INFO - [2026-09-04T15:58:06.498+0000] {dag.py:3036} INFO - Sync 1 DAGs
[2026-09-04T15:58:06.518+0000] {logging_mixin.py:188} INFO - [2026-09-04T15:58:06.518+0000] {dag.py:3823} INFO - Setting next_dagrun for air_quality_pipeline to 2026-09-04 15:05:00+00:00, run_after=2026-09-04 16:05:00+00:00
[2026-09-04T15:58:06.539+0000] {processor.py:183} INFO - Processing /opt/airflow/dags/spark_pipeline_dag.py took 0.091 seconds
[2026-09-04T15:58:37.081+0000] {processor.py:161} INFO - Started process (PID=57492) to work on /opt/airflow/dags/spark_pipeline_dag.py
[2026-09-04T15:58:37.083+0000] {processor.py:830} INFO - Processing file /opt/airflow/dags/spark_pipeline_dag.py for tasks to queue
[2026-09-04T15:58:37.084+0000] {logging_mixin.py:188} INFO - [2026-09-04T15:58:37.084+0000] {dagbag.py:538} INFO - Filling up the DagBag from /opt/airflow/dags/spark_pipeline_dag.py
[2026-09-04T15:58:37.110+0000] {processor.py:840} INFO - DAG(s) 'air_quality_pipeline' retrieved from /opt/airflow/dags/spark_pipeline_dag.py
[2026-09-04T15:58:37.130+0000] {logging_mixin.py:188} INFO - [2026-09-04T15:58:37.130+0000] {dag.py:3036} INFO - Sync 1 DAGs
[2026-09-04T15:58:37.152+0000] {logging_mixin.py:188} INFO - [2026-09-04T15:58:37.152+0000] {dag.py:3823} INFO - Setting next_dagrun for air_quality_pipeline to 2026-09-04 15:05:00+00:00, run_after=2026-09-04 16:05:00+00:00
[2026-09-04T15:58:37.171+0000] {processor.py:183} INFO - Processing /opt/airflow/dags/spark_pipeline_dag.py took 0.093 seconds
[2026-09-04T15:59:07.533+0000] {processor.py:161} INFO - Started process (PID=57502) to work on /opt/airflow/dags/spark_pipeline_dag.py
[2026-09-04T15:59:07.534+0000] {processor.py:830} INFO - Processing file /opt/airflow/dags/spark_pipeline_dag.py for tasks to queue
[2026-09-04T15:59:07.535+0000] {logging_mixin.py:188} INFO - [2026-09-04T15:59:07.535+0000] {dagbag.py:538} INFO - Filling up the DagBag from /opt/airflow/dags/spark_pipeline_dag.py
[2026-09-04T15:59:07.558+0000] {processor.py:840} INFO - DAG(s) 'air_quality_pipeline' retrieved from /opt/airflow/dags/spark_pipeline_dag.py
[2026-09-04T15:59:07.581+0000] {logging_mixin.py:188} INFO - [2026-09-04T15:59:07.581+0000] {dag.py:3036} INFO - Sync 1 DAGs
[2026-09-04T15:59:07.603+0000] {logging_mixin.py:188} INFO - [2026-09-04T15:59:07.602+0000] {dag.py:3823} INFO - Setting next_dagrun for air_quality_pipeline to 2026-09-04 15:05:00+00:00, run_after=2026-09-04 16:05:00+00:00
[2026-09-04T15:59:07.623+0000] {processor.py:183} INFO - Processing /opt/airflow/dags/spark_pipeline_dag.py took 0.093 seconds
[2026-09-04T15:59:37.986+0000] {processor.py:161} INFO - Started process (PID=57512) to work on /opt/airflow/dags/spark_pipeline_dag.py
[2026-09-04T15:59:37.987+0000] {processor.py:830} INFO - Processing file /opt/airflow/dags/spark_pipeline_dag.py for tasks to queue
[2026-09-04T15:59:37.988+0000] {logging_mixin.py:188} INFO - [2026-09-04T15:59:37.988+0000] {dagbag.py:538} INFO - Filling up the DagBag from /opt/airflow/dags/spark_pipeline_dag.py
[2026-09-04T15:59:38.013+0000] {processor.py:840} INFO - DAG(s) 'air_quality_pipeline' retrieved from /opt/airflow/dags/spark_pipeline_dag.py
[2026-09-04T15:59:38.035+0000] {logging_mixin.py:188} INFO - [2026-09-04T15:59:38.034+0000] {dag.py:3036} INFO - Sync 1 DAGs
[2026-09-04T15:59:38.059+0000] {logging_mixin.py:188} INFO - [2026-09-04T15:59:38.059+0000] {dag.py:3823} INFO - Setting next_dagrun for air_quality_pipeline to 2026-09-04 15:05:00+00:00, run_after=2026-09-04 16:05:00+00:00
[2026-09-04T15:59:38.079+0000] {processor.py:183} INFO - Processing /opt/airflow/dags/spark_pipeline_dag.py took 0.096 seconds
[2026-09-04T16:00:08.416+0000] {processor.py:161} INFO - Started process (PID=57524) to work on /opt/airflow/dags/spark_pipeline_dag.py
[2026-09-04T16:00:08.417+0000] {processor.py:830} INFO - Processing file /opt/airflow/dags/spark_pipeline_dag.py for tasks to queue
[2026-09-04T16:00:08.418+0000] {logging_mixin.py:188} INFO - [2026-09-04T16:00:08.418+0000] {dagbag.py:538} INFO - Filling up the DagBag from /opt/airflow/dags/spark_pipeline_dag.py
[2026-09-04T16:00:08.442+0000] {processor.py:840} INFO - DAG(s) 'air_quality_pipeline' retrieved from /opt/airflow/dags/spark_pipeline_dag.py
[2026-09-04T16:00:08.469+0000] {logging_mixin.py:188} INFO - [2026-09-04T16:00:08.469+0000] {dag.py:3036} INFO - Sync 1 DAGs
[2026-09-04T16:00:08.493+0000] {logging_mixin.py:188} INFO - [2026-09-04T16:00:08.492+0000] {dag.py:3823} INFO - Setting next_dagrun for air_quality_pipeline to 2026-09-04 15:05:00+00:00, run_after=2026-09-04 16:05:00+00:00
[2026-09-04T16:00:08.515+0000] {processor.py:183} INFO - Processing /opt/airflow/dags/spark_pipeline_dag.py took 0.102 seconds
[2026-09-04T16:00:38.873+0000] {processor.py:161} INFO - Started process (PID=57534) to work on /opt/airflow/dags/spark_pipeline_dag.py
[2026-09-04T16:00:38.876+0000] {processor.py:830} INFO - Processing file /opt/airflow/dags/spark_pipeline_dag.py for tasks to queue
[2026-09-04T16:00:38.877+0000] {logging_mixin.py:188} INFO - [2026-09-04T16:00:38.877+0000] {dagbag.py:538} INFO - Filling up the DagBag from /opt/airflow/dags/spark_pipeline_dag.py
[2026-09-04T16:00:38.900+0000] {processor.py:840} INFO - DAG(s) 'air_quality_pipeline' retrieved from /opt/airflow/dags/spark_pipeline_dag.py
[2026-09-04T16:00:38.921+0000] {logging_mixin.py:188} INFO - [2026-09-04T16:00:38.921+0000] {dag.py:3036} INFO - Sync 1 DAGs
[2026-09-04T16:00:38.947+0000] {logging_mixin.py:188} INFO - [2026-09-04T16:00:38.947+0000] {dag.py:3823} INFO - Setting next_dagrun for air_quality_pipeline to 2026-09-04 15:05:00+00:00, run_after=2026-09-04 16:05:00+00:00
[2026-09-04T16:00:38.969+0000] {processor.py:183} INFO - Processing /opt/airflow/dags/spark_pipeline_dag.py took 0.099 seconds
[2026-09-04T16:01:09.287+0000] {processor.py:161} INFO - Started process (PID=57544) to work on /opt/airflow/dags/spark_pipeline_dag.py
[2026-09-04T16:01:09.288+0000] {processor.py:830} INFO - Processing file /opt/airflow/dags/spark_pipeline_dag.py for tasks to queue
[2026-09-04T16:01:09.289+0000] {logging_mixin.py:188} INFO - [2026-09-04T16:01:09.289+0000] {dagbag.py:538} INFO - Filling up the DagBag from /opt/airflow/dags/spark_pipeline_dag.py
[2026-09-04T16:01:09.313+0000] {processor.py:840} INFO - DAG(s) 'air_quality_pipeline' retrieved from /opt/airflow/dags/spark_pipeline_dag.py
[2026-09-04T16:01:09.337+0000] {logging_mixin.py:188} INFO - [2026-09-04T16:01:09.336+0000] {dag.py:3036} INFO - Sync 1 DAGs
[2026-09-04T16:01:09.362+0000] {logging_mixin.py:188} INFO - [2026-09-04T16:01:09.362+0000] {dag.py:3823} INFO - Setting next_dagrun for air_quality_pipeline to 2026-09-04 15:05:00+00:00, run_after=2026-09-04 16:05:00+00:00
[2026-09-04T16:01:09.388+0000] {processor.py:183} INFO - Processing /opt/airflow/dags/spark_pipeline_dag.py took 0.104 seconds
[2026-09-04T16:01:39.757+0000] {processor.py:161} INFO - Started process (PID=57554) to work on /opt/airflow/dags/spark_pipeline_dag.py
[2026-09-04T16:01:39.758+0000] {processor.py:830} INFO - Processing file /opt/airflow/dags/spark_pipeline_dag.py for tasks to queue
[2026-09-04T16:01:39.760+0000] {logging_mixin.py:188} INFO - [2026-09-04T16:01:39.759+0000] {dagbag.py:538} INFO - Filling up the DagBag from /opt/airflow/dags/spark_pipeline_dag.py
[2026-09-04T16:01:39.791+0000] {processor.py:840} INFO - DAG(s) 'air_quality_pipeline' retrieved from /opt/airflow/dags/spark_pipeline_dag.py
[2026-09-04T16:01:39.817+0000] {logging_mixin.py:188} INFO - [2026-09-04T16:01:39.817+0000] {dag.py:3036} INFO - Sync 1 DAGs
[2026-09-04T16:01:39.847+0000] {logging_mixin.py:188} INFO - [2026-09-04T16:01:39.847+0000] {dag.py:3823} INFO - Setting next_dagrun for air_quality_pipeline to 2026-09-04 15:05:00+00:00, run_after=2026-09-04 16:05:00+00:00
[2026-09-04T16:01:39.871+0000] {processor.py:183} INFO - Processing /opt/airflow/dags/spark_pipeline_dag.py took 0.117 seconds
[2026-09-04T16:02:10.162+0000] {processor.py:161} INFO - Started process (PID=57564) to work on /opt/airflow/dags/spark_pipeline_dag.py
[2026-09-04T16:02:10.163+0000] {processor.py:830} INFO - Processing file /opt/airflow/dags/spark_pipeline_dag.py for tasks to queue
[2026-09-04T16:02:10.165+0000] {logging_mixin.py:188} INFO - [2026-09-04T16:02:10.164+0000] {dagbag.py:538} INFO - Filling up the DagBag from /opt/airflow/dags/spark_pipeline_dag.py
[2026-09-04T16:02:10.246+0000] {processor.py:840} INFO - DAG(s) 'air_quality_pipeline' retrieved from /opt/airflow/dags/spark_pipeline_dag.py
[2026-09-04T16:02:10.268+0000] {logging_mixin.py:188} INFO - [2026-09-04T16:02:10.268+0000] {dag.py:3036} INFO - Sync 1 DAGs
[2026-09-04T16:02:10.290+0000] {logging_mixin.py:188} INFO - [2026-09-04T16:02:10.290+0000] {dag.py:3823} INFO - Setting next_dagrun for air_quality_pipeline to 2026-09-04 15:05:00+00:00, run_after=2026-09-04 16:05:00+00:00
[2026-09-04T16:02:10.309+0000] {processor.py:183} INFO - Processing /opt/airflow/dags/spark_pipeline_dag.py took 0.149 seconds
[2026-09-04T16:02:40.652+0000] {processor.py:161} INFO - Started process (PID=57574) to work on /opt/airflow/dags/spark_pipeline_dag.py
[2026-09-04T16:02:40.653+0000] {processor.py:830} INFO - Processing file /opt/airflow/dags/spark_pipeline_dag.py for tasks to queue
[2026-09-04T16:02:40.654+0000] {logging_mixin.py:188} INFO - [2026-09-04T16:02:40.654+0000] {dagbag.py:538} INFO - Filling up the DagBag from /opt/airflow/dags/spark_pipeline_dag.py
[2026-09-04T16:02:40.680+0000] {processor.py:840} INFO - DAG(s) 'air_quality_pipeline' retrieved from /opt/airflow/dags/spark_pipeline_dag.py
[2026-09-04T16:02:40.701+0000] {logging_mixin.py:188} INFO - [2026-09-04T16:02:40.701+0000] {dag.py:3036} INFO - Sync 1 DAGs
[2026-09-04T16:02:40.728+0000] {logging_mixin.py:188} INFO - [2026-09-04T16:02:40.727+0000] {dag.py:3823} INFO - Setting next_dagrun for air_quality_pipeline to 2026-09-04 15:05:00+00:00, run_after=2026-09-04 16:05:00+00:00
[2026-09-04T16:02:40.751+0000] {processor.py:183} INFO - Processing /opt/airflow/dags/spark_pipeline_dag.py took 0.103 seconds
[2026-09-04T16:03:11.102+0000] {processor.py:161} INFO - Started process (PID=57584) to work on /opt/airflow/dags/spark_pipeline_dag.py
[2026-09-04T16:03:11.104+0000] {processor.py:830} INFO - Processing file /opt/airflow/dags/spark_pipeline_dag.py for tasks to queue
[2026-09-04T16:03:11.106+0000] {logging_mixin.py:188} INFO - [2026-09-04T16:03:11.105+0000] {dagbag.py:538} INFO - Filling up the DagBag from /opt/airflow/dags/spark_pipeline_dag.py
[2026-09-04T16:03:11.139+0000] {processor.py:840} INFO - DAG(s) 'air_quality_pipeline' retrieved from /opt/airflow/dags/spark_pipeline_dag.py
[2026-09-04T16:03:11.170+0000] {logging_mixin.py:188} INFO - [2026-09-04T16:03:11.170+0000] {dag.py:3036} INFO - Sync 1 DAGs
[2026-09-04T16:03:11.205+0000] {logging_mixin.py:188} INFO - [2026-09-04T16:03:11.205+0000] {dag.py:3823} INFO - Setting next_dagrun for air_quality_pipeline to 2026-09-04 15:05:00+00:00, run_after=2026-09-04 16:05:00+00:00
[2026-09-04T16:03:11.239+0000] {processor.py:183} INFO - Processing /opt/airflow/dags/spark_pipeline_dag.py took 0.141 seconds
[2026-09-04T16:03:41.702+0000] {processor.py:161} INFO - Started process (PID=57594) to work on /opt/airflow/dags/spark_pipeline_dag.py
[2026-09-04T16:03:41.703+0000] {processor.py:830} INFO - Processing file /opt/airflow/dags/spark_pipeline_dag.py for tasks to queue
[2026-09-04T16:03:41.704+0000] {logging_mixin.py:188} INFO - [2026-09-04T16:03:41.704+0000] {dagbag.py:538} INFO - Filling up the DagBag from /opt/airflow/dags/spark_pipeline_dag.py
[2026-09-04T16:03:41.730+0000] {processor.py:840} INFO - DAG(s) 'air_quality_pipeline' retrieved from /opt/airflow/dags/spark_pipeline_dag.py
[2026-09-04T16:03:41.752+0000] {logging_mixin.py:188} INFO - [2026-09-04T16:03:41.751+0000] {dag.py:3036} INFO - Sync 1 DAGs
[2026-09-04T16:03:41.776+0000] {logging_mixin.py:188} INFO - [2026-09-04T16:03:41.775+0000] {dag.py:3823} INFO - Setting next_dagrun for air_quality_pipeline to 2026-09-04 15:05:00+00:00, run_after=2026-09-04 16:05:00+00:00
[2026-09-04T16:03:41.796+0000] {processor.py:183} INFO - Processing /opt/airflow/dags/spark_pipeline_dag.py took 0.097 seconds
[2026-09-04T16:04:12.152+0000] {processor.py:161} INFO - Started process (PID=57604) to work on /opt/airflow/dags/spark_pipeline_dag.py
[2026-09-04T16:04:12.155+0000] {processor.py:830} INFO - Processing file /opt/airflow/dags/spark_pipeline_dag.py for tasks to queue
[2026-09-04T16:04:12.159+0000] {logging_mixin.py:188} INFO - [2026-09-04T16:04:12.159+0000] {dagbag.py:538} INFO - Filling up the DagBag from /opt/airflow/dags/spark_pipeline_dag.py
[2026-09-04T16:04:12.182+0000] {processor.py:840} INFO - DAG(s) 'air_quality_pipeline' retrieved from /opt/airflow/dags/spark_pipeline_dag.py
[2026-09-04T16:04:12.203+0000] {logging_mixin.py:188} INFO - [2026-09-04T16:04:12.203+0000] {dag.py:3036} INFO - Sync 1 DAGs
[2026-09-04T16:04:12.226+0000] {logging_mixin.py:188} INFO - [2026-09-04T16:04:12.226+0000] {dag.py:3823} INFO - Setting next_dagrun for air_quality_pipeline to 2026-09-04 15:05:00+00:00, run_after=2026-09-04 16:05:00+00:00
[2026-09-04T16:04:12.246+0000] {processor.py:183} INFO - Processing /opt/airflow/dags/spark_pipeline_dag.py took 0.098 seconds
[2026-09-04T16:04:42.621+0000] {processor.py:161} INFO - Started process (PID=57614) to work on /opt/airflow/dags/spark_pipeline_dag.py
[2026-09-04T16:04:42.622+0000] {processor.py:830} INFO - Processing file /opt/airflow/dags/spark_pipeline_dag.py for tasks to queue
[2026-09-04T16:04:42.623+0000] {logging_mixin.py:188} INFO - [2026-09-04T16:04:42.623+0000] {dagbag.py:538} INFO - Filling up the DagBag from /opt/airflow/dags/spark_pipeline_dag.py
[2026-09-04T16:04:42.649+0000] {processor.py:840} INFO - DAG(s) 'air_quality_pipeline' retrieved from /opt/airflow/dags/spark_pipeline_dag.py
[2026-09-04T16:04:42.674+0000] {logging_mixin.py:188} INFO - [2026-09-04T16:04:42.673+0000] {dag.py:3036} INFO - Sync 1 DAGs
[2026-09-04T16:04:42.694+0000] {logging_mixin.py:188} INFO - [2026-09-04T16:04:42.694+0000] {dag.py:3823} INFO - Setting next_dagrun for air_quality_pipeline to 2026-09-04 15:05:00+00:00, run_after=2026-09-04 16:05:00+00:00
[2026-09-04T16:04:42.713+0000] {processor.py:183} INFO - Processing /opt/airflow/dags/spark_pipeline_dag.py took 0.096 seconds
[2026-09-04T16:05:13.033+0000] {processor.py:161} INFO - Started process (PID=57626) to work on /opt/airflow/dags/spark_pipeline_dag.py
[2026-09-04T16:05:13.034+0000] {processor.py:830} INFO - Processing file /opt/airflow/dags/spark_pipeline_dag.py for tasks to queue
[2026-09-04T16:05:13.036+0000] {logging_mixin.py:188} INFO - [2026-09-04T16:05:13.036+0000] {dagbag.py:538} INFO - Filling up the DagBag from /opt/airflow/dags/spark_pipeline_dag.py
[2026-09-04T16:05:13.060+0000] {processor.py:840} INFO - DAG(s) 'air_quality_pipeline' retrieved from /opt/airflow/dags/spark_pipeline_dag.py
[2026-09-04T16:05:13.079+0000] {logging_mixin.py:188} INFO - [2026-09-04T16:05:13.079+0000] {dag.py:3036} INFO - Sync 1 DAGs
[2026-09-04T16:05:13.101+0000] {logging_mixin.py:188} INFO - [2026-09-04T16:05:13.100+0000] {dag.py:3823} INFO - Setting next_dagrun for air_quality_pipeline to 2026-09-04 16:05:00+00:00, run_after=2026-09-04 17:05:00+00:00
[2026-09-04T16:05:13.124+0000] {processor.py:183} INFO - Processing /opt/airflow/dags/spark_pipeline_dag.py took 0.093 seconds
[2026-09-04T16:05:43.496+0000] {processor.py:161} INFO - Started process (PID=57636) to work on /opt/airflow/dags/spark_pipeline_dag.py
[2026-09-04T16:05:43.497+0000] {processor.py:830} INFO - Processing file /opt/airflow/dags/spark_pipeline_dag.py for tasks to queue
[2026-09-04T16:05:43.498+0000] {logging_mixin.py:188} INFO - [2026-09-04T16:05:43.498+0000] {dagbag.py:538} INFO - Filling up the DagBag from /opt/airflow/dags/spark_pipeline_dag.py
[2026-09-04T16:05:43.527+0000] {processor.py:840} INFO - DAG(s) 'air_quality_pipeline' retrieved from /opt/airflow/dags/spark_pipeline_dag.py
[2026-09-04T16:05:43.562+0000] {logging_mixin.py:188} INFO - [2026-09-04T16:05:43.562+0000] {dag.py:3036} INFO - Sync 1 DAGs
[2026-09-04T16:05:43.592+0000] {logging_mixin.py:188} INFO - [2026-09-04T16:05:43.592+0000] {dag.py:3823} INFO - Setting next_dagrun for air_quality_pipeline to 2026-09-04 16:05:00+00:00, run_after=2026-09-04 17:05:00+00:00
[2026-09-04T16:05:43.616+0000] {processor.py:183} INFO - Processing /opt/airflow/dags/spark_pipeline_dag.py took 0.124 seconds
[2026-09-04T16:06:13.913+0000] {processor.py:161} INFO - Started process (PID=57646) to work on /opt/airflow/dags/spark_pipeline_dag.py
[2026-09-04T16:06:13.915+0000] {processor.py:830} INFO - Processing file /opt/airflow/dags/spark_pipeline_dag.py for tasks to queue
[2026-09-04T16:06:13.915+0000] {logging_mixin.py:188} INFO - [2026-09-04T16:06:13.915+0000] {dagbag.py:538} INFO - Filling up the DagBag from /opt/airflow/dags/spark_pipeline_dag.py
[2026-09-04T16:06:13.941+0000] {processor.py:840} INFO - DAG(s) 'air_quality_pipeline' retrieved from /opt/airflow/dags/spark_pipeline_dag.py
[2026-09-04T16:06:13.965+0000] {logging_mixin.py:188} INFO - [2026-09-04T16:06:13.965+0000] {dag.py:3036} INFO - Sync 1 DAGs
[2026-09-04T16:06:13.992+0000] {logging_mixin.py:188} INFO - [2026-09-04T16:06:13.991+0000] {dag.py:3823} INFO - Setting next_dagrun for air_quality_pipeline to 2026-09-04 16:05:00+00:00, run_after=2026-09-04 17:05:00+00:00
[2026-09-04T16:06:14.013+0000] {processor.py:183} INFO - Processing /opt/airflow/dags/spark_pipeline_dag.py took 0.102 seconds
[2026-09-04T16:06:44.290+0000] {processor.py:161} INFO - Started process (PID=57656) to work on /opt/airflow/dags/spark_pipeline_dag.py
[2026-09-04T16:06:44.291+0000] {processor.py:830} INFO - Processing file /opt/airflow/dags/spark_pipeline_dag.py for tasks to queue
[2026-09-04T16:06:44.292+0000] {logging_mixin.py:188} INFO - [2026-09-04T16:06:44.292+0000] {dagbag.py:538} INFO - Filling up the DagBag from /opt/airflow/dags/spark_pipeline_dag.py
[2026-09-04T16:06:44.317+0000] {processor.py:840} INFO - DAG(s) 'air_quality_pipeline' retrieved from /opt/airflow/dags/spark_pipeline_dag.py
[2026-09-04T16:06:44.338+0000] {logging_mixin.py:188} INFO - [2026-09-04T16:06:44.338+0000] {dag.py:3036} INFO - Sync 1 DAGs
[2026-09-04T16:06:44.359+0000] {logging_mixin.py:188} INFO - [2026-09-04T16:06:44.359+0000] {dag.py:3823} INFO - Setting next_dagrun for air_quality_pipeline to 2026-09-04 16:05:00+00:00, run_after=2026-09-04 17:05:00+00:00
[2026-09-04T16:06:44.379+0000] {processor.py:183} INFO - Processing /opt/airflow/dags/spark_pipeline_dag.py took 0.092 seconds
[2026-09-04T16:07:14.713+0000] {processor.py:161} INFO - Started process (PID=57666) to work on /opt/airflow/dags/spark_pipeline_dag.py
[2026-09-04T16:07:14.715+0000] {processor.py:830} INFO - Processing file /opt/airflow/dags/spark_pipeline_dag.py for tasks to queue
[2026-09-04T16:07:14.715+0000] {logging_mixin.py:188} INFO - [2026-09-04T16:07:14.715+0000] {dagbag.py:538} INFO - Filling up the DagBag from /opt/airflow/dags/spark_pipeline_dag.py
[2026-09-04T16:07:14.786+0000] {processor.py:840} INFO - DAG(s) 'air_quality_pipeline' retrieved from /opt/airflow/dags/spark_pipeline_dag.py
[2026-09-04T16:07:14.845+0000] {logging_mixin.py:188} INFO - [2026-09-04T16:07:14.844+0000] {dag.py:3036} INFO - Sync 1 DAGs
[2026-09-04T16:07:14.909+0000] {logging_mixin.py:188} INFO - [2026-09-04T16:07:14.909+0000] {dag.py:3823} INFO - Setting next_dagrun for air_quality_pipeline to 2026-09-04 16:05:00+00:00, run_after=2026-09-04 17:05:00+00:00
[2026-09-04T16:07:14.947+0000] {processor.py:183} INFO - Processing /opt/airflow/dags/spark_pipeline_dag.py took 0.237 seconds
[2026-09-04T16:07:45.256+0000] {processor.py:161} INFO - Started process (PID=57676) to work on /opt/airflow/dags/spark_pipeline_dag.py
[2026-09-04T16:07:45.258+0000] {processor.py:830} INFO - Processing file /opt/airflow/dags/spark_pipeline_dag.py for tasks to queue
[2026-09-04T16:07:45.259+0000] {logging_mixin.py:188} INFO - [2026-09-04T16:07:45.259+0000] {dagbag.py:538} INFO - Filling up the DagBag from /opt/airflow/dags/spark_pipeline_dag.py
[2026-09-04T16:07:45.281+0000] {processor.py:840} INFO - DAG(s) 'air_quality_pipeline' retrieved from /opt/airflow/dags/spark_pipeline_dag.py
[2026-09-04T16:07:45.303+0000] {logging_mixin.py:188} INFO - [2026-09-04T16:07:45.303+0000] {dag.py:3036} INFO - Sync 1 DAGs
[2026-09-04T16:07:45.326+0000] {logging_mixin.py:188} INFO - [2026-09-04T16:07:45.325+0000] {dag.py:3823} INFO - Setting next_dagrun for air_quality_pipeline to 2026-09-04 16:05:00+00:00, run_after=2026-09-04 17:05:00+00:00
[2026-09-04T16:07:45.349+0000] {processor.py:183} INFO - Processing /opt/airflow/dags/spark_pipeline_dag.py took 0.096 seconds
[2026-09-04T16:08:15.705+0000] {processor.py:161} INFO - Started process (PID=57686) to work on /opt/airflow/dags/spark_pipeline_dag.py
[2026-09-04T16:08:15.706+0000] {processor.py:830} INFO - Processing file /opt/airflow/dags/spark_pipeline_dag.py for tasks to queue
[2026-09-04T16:08:15.707+0000] {logging_mixin.py:188} INFO - [2026-09-04T16:08:15.706+0000] {dagbag.py:538} INFO - Filling up the DagBag from /opt/airflow/dags/spark_pipeline_dag.py
[2026-09-04T16:08:15.727+0000] {processor.py:840} INFO - DAG(s) 'air_quality_pipeline' retrieved from /opt/airflow/dags/spark_pipeline_dag.py
[2026-09-04T16:08:15.747+0000] {logging_mixin.py:188} INFO - [2026-09-04T16:08:15.747+0000] {dag.py:3036} INFO - Sync 1 DAGs
[2026-09-04T16:08:15.767+0000] {logging_mixin.py:188} INFO - [2026-09-04T16:08:15.767+0000] {dag.py:3823} INFO - Setting next_dagrun for air_quality_pipeline to 2026-09-04 16:05:00+00:00, run_after=2026-09-04 17:05:00+00:00
[2026-09-04T16:08:15.788+0000] {processor.py:183} INFO - Processing /opt/airflow/dags/spark_pipeline_dag.py took 0.086 seconds
[2026-09-04T16:08:46.166+0000] {processor.py:161} INFO - Started process (PID=57696) to work on /opt/airflow/dags/spark_pipeline_dag.py
[2026-09-04T16:08:46.167+0000] {processor.py:830} INFO - Processing file /opt/airflow/dags/spark_pipeline_dag.py for tasks to queue
[2026-09-04T16:08:46.169+0000] {logging_mixin.py:188} INFO - [2026-09-04T16:08:46.168+0000] {dagbag.py:538} INFO - Filling up the DagBag from /opt/airflow/dags/spark_pipeline_dag.py
[2026-09-04T16:08:46.204+0000] {processor.py:840} INFO - DAG(s) 'air_quality_pipeline' retrieved from /opt/airflow/dags/spark_pipeline_dag.py
[2026-09-04T16:08:46.244+0000] {logging_mixin.py:188} INFO - [2026-09-04T16:08:46.243+0000] {dag.py:3036} INFO - Sync 1 DAGs
[2026-09-04T16:08:46.285+0000] {logging_mixin.py:188} INFO - [2026-09-04T16:08:46.284+0000] {dag.py:3823} INFO - Setting next_dagrun for air_quality_pipeline to 2026-09-04 16:05:00+00:00, run_after=2026-09-04 17:05:00+00:00
[2026-09-04T16:08:46.320+0000] {processor.py:183} INFO - Processing /opt/airflow/dags/spark_pipeline_dag.py took 0.159 seconds
[2026-09-04T16:09:16.682+0000] {processor.py:161} INFO - Started process (PID=57706) to work on /opt/airflow/dags/spark_pipeline_dag.py
[2026-09-04T16:09:16.683+0000] {processor.py:830} INFO - Processing file /opt/airflow/dags/spark_pipeline_dag.py for tasks to queue
[2026-09-04T16:09:16.684+0000] {logging_mixin.py:188} INFO - [2026-09-04T16:09:16.684+0000] {dagbag.py:538} INFO - Filling up the DagBag from /opt/airflow/dags/spark_pipeline_dag.py
[2026-09-04T16:09:16.703+0000] {processor.py:840} INFO - DAG(s) 'air_quality_pipeline' retrieved from /opt/airflow/dags/spark_pipeline_dag.py
[2026-09-04T16:09:16.726+0000] {logging_mixin.py:188} INFO - [2026-09-04T16:09:16.726+0000] {dag.py:3036} INFO - Sync 1 DAGs
[2026-09-04T16:09:16.751+0000] {logging_mixin.py:188} INFO - [2026-09-04T16:09:16.751+0000] {dag.py:3823} INFO - Setting next_dagrun for air_quality_pipeline to 2026-09-04 16:05:00+00:00, run_after=2026-09-04 17:05:00+00:00
[2026-09-04T16:09:16.770+0000] {processor.py:183} INFO - Processing /opt/airflow/dags/spark_pipeline_dag.py took 0.090 seconds
[2026-09-04T16:09:47.120+0000] {processor.py:161} INFO - Started process (PID=57716) to work on /opt/airflow/dags/spark_pipeline_dag.py
[2026-09-04T16:09:47.121+0000] {processor.py:830} INFO - Processing file /opt/airflow/dags/spark_pipeline_dag.py for tasks to queue
[2026-09-04T16:09:47.122+0000] {logging_mixin.py:188} INFO - [2026-09-04T16:09:47.122+0000] {dagbag.py:538} INFO - Filling up the DagBag from /opt/airflow/dags/spark_pipeline_dag.py
[2026-09-04T16:09:47.142+0000] {processor.py:840} INFO - DAG(s) 'air_quality_pipeline' retrieved from /opt/airflow/dags/spark_pipeline_dag.py
[2026-09-04T16:09:47.162+0000] {logging_mixin.py:188} INFO - [2026-09-04T16:09:47.162+0000] {dag.py:3036} INFO - Sync 1 DAGs
[2026-09-04T16:09:47.184+0000] {logging_mixin.py:188} INFO - [2026-09-04T16:09:47.184+0000] {dag.py:3823} INFO - Setting next_dagrun for air_quality_pipeline to 2026-09-04 16:05:00+00:00, run_after=2026-09-04 17:05:00+00:00
[2026-09-04T16:09:47.204+0000] {processor.py:183} INFO - Processing /opt/airflow/dags/spark_pipeline_dag.py took 0.086 seconds
[2026-09-04T16:10:17.542+0000] {processor.py:161} INFO - Started process (PID=57726) to work on /opt/airflow/dags/spark_pipeline_dag.py
[2026-09-04T16:10:17.543+0000] {processor.py:830} INFO - Processing file /opt/airflow/dags/spark_pipeline_dag.py for tasks to queue
[2026-09-04T16:10:17.544+0000] {logging_mixin.py:188} INFO - [2026-09-04T16:10:17.544+0000] {dagbag.py:538} INFO - Filling up the DagBag from /opt/airflow/dags/spark_pipeline_dag.py
[2026-09-04T16:10:17.565+0000] {processor.py:840} INFO - DAG(s) 'air_quality_pipeline' retrieved from /opt/airflow/dags/spark_pipeline_dag.py
[2026-09-04T16:10:17.585+0000] {logging_mixin.py:188} INFO - [2026-09-04T16:10:17.584+0000] {dag.py:3036} INFO - Sync 1 DAGs
[2026-09-04T16:10:17.607+0000] {logging_mixin.py:188} INFO - [2026-09-04T16:10:17.607+0000] {dag.py:3823} INFO - Setting next_dagrun for air_quality_pipeline to 2026-09-04 16:05:00+00:00, run_after=2026-09-04 17:05:00+00:00
[2026-09-04T16:10:17.628+0000] {processor.py:183} INFO - Processing /opt/airflow/dags/spark_pipeline_dag.py took 0.089 seconds
[2026-09-04T16:10:48.007+0000] {processor.py:161} INFO - Started process (PID=57736) to work on /opt/airflow/dags/spark_pipeline_dag.py
[2026-09-04T16:10:48.009+0000] {processor.py:830} INFO - Processing file /opt/airflow/dags/spark_pipeline_dag.py for tasks to queue
[2026-09-04T16:10:48.010+0000] {logging_mixin.py:188} INFO - [2026-09-04T16:10:48.009+0000] {dagbag.py:538} INFO - Filling up the DagBag from /opt/airflow/dags/spark_pipeline_dag.py
[2026-09-04T16:10:48.029+0000] {processor.py:840} INFO - DAG(s) 'air_quality_pipeline' retrieved from /opt/airflow/dags/spark_pipeline_dag.py
[2026-09-04T16:10:48.048+0000] {logging_mixin.py:188} INFO - [2026-09-04T16:10:48.048+0000] {dag.py:3036} INFO - Sync 1 DAGs
[2026-09-04T16:10:48.070+0000] {logging_mixin.py:188} INFO - [2026-09-04T16:10:48.070+0000] {dag.py:3823} INFO - Setting next_dagrun for air_quality_pipeline to 2026-09-04 16:05:00+00:00, run_after=2026-09-04 17:05:00+00:00
[2026-09-04T16:10:48.090+0000] {processor.py:183} INFO - Processing /opt/airflow/dags/spark_pipeline_dag.py took 0.085 seconds
[2026-09-04T16:11:18.564+0000] {processor.py:161} INFO - Started process (PID=57746) to work on /opt/airflow/dags/spark_pipeline_dag.py
[2026-09-04T16:11:18.566+0000] {processor.py:830} INFO - Processing file /opt/airflow/dags/spark_pipeline_dag.py for tasks to queue
[2026-09-04T16:11:18.568+0000] {logging_mixin.py:188} INFO - [2026-09-04T16:11:18.567+0000] {dagbag.py:538} INFO - Filling up the DagBag from /opt/airflow/dags/spark_pipeline_dag.py
[2026-09-04T16:11:18.599+0000] {processor.py:840} INFO - DAG(s) 'air_quality_pipeline' retrieved from /opt/airflow/dags/spark_pipeline_dag.py
[2026-09-04T16:11:18.627+0000] {logging_mixin.py:188} INFO - [2026-09-04T16:11:18.626+0000] {dag.py:3036} INFO - Sync 1 DAGs
[2026-09-04T16:11:18.661+0000] {logging_mixin.py:188} INFO - [2026-09-04T16:11:18.661+0000] {dag.py:3823} INFO - Setting next_dagrun for air_quality_pipeline to 2026-09-04 16:05:00+00:00, run_after=2026-09-04 17:05:00+00:00
[2026-09-04T16:11:18.690+0000] {processor.py:183} INFO - Processing /opt/airflow/dags/spark_pipeline_dag.py took 0.130 seconds
[2026-09-04T16:11:49.014+0000] {processor.py:161} INFO - Started process (PID=57756) to work on /opt/airflow/dags/spark_pipeline_dag.py
[2026-09-04T16:11:49.015+0000] {processor.py:830} INFO - Processing file /opt/airflow/dags/spark_pipeline_dag.py for tasks to queue
[2026-09-04T16:11:49.016+0000] {logging_mixin.py:188} INFO - [2026-09-04T16:11:49.015+0000] {dagbag.py:538} INFO - Filling up the DagBag from /opt/airflow/dags/spark_pipeline_dag.py
[2026-09-04T16:11:49.036+0000] {processor.py:840} INFO - DAG(s) 'air_quality_pipeline' retrieved from /opt/airflow/dags/spark_pipeline_dag.py
[2026-09-04T16:11:49.058+0000] {logging_mixin.py:188} INFO - [2026-09-04T16:11:49.057+0000] {dag.py:3036} INFO - Sync 1 DAGs
[2026-09-04T16:11:49.080+0000] {logging_mixin.py:188} INFO - [2026-09-04T16:11:49.080+0000] {dag.py:3823} INFO - Setting next_dagrun for air_quality_pipeline to 2026-09-04 16:05:00+00:00, run_after=2026-09-04 17:05:00+00:00
[2026-09-04T16:11:49.099+0000] {processor.py:183} INFO - Processing /opt/airflow/dags/spark_pipeline_dag.py took 0.088 seconds
[2026-09-04T16:12:19.426+0000] {processor.py:161} INFO - Started process (PID=57766) to work on /opt/airflow/dags/spark_pipeline_dag.py
[2026-09-04T16:12:19.428+0000] {processor.py:830} INFO - Processing file /opt/airflow/dags/spark_pipeline_dag.py for tasks to queue
[2026-09-04T16:12:19.429+0000] {logging_mixin.py:188} INFO - [2026-09-04T16:12:19.429+0000] {dagbag.py:538} INFO - Filling up the DagBag from /opt/airflow/dags/spark_pipeline_dag.py
[2026-09-04T16:12:19.509+0000] {processor.py:840} INFO - DAG(s) 'air_quality_pipeline' retrieved from /opt/airflow/dags/spark_pipeline_dag.py
[2026-09-04T16:12:19.540+0000] {logging_mixin.py:188} INFO - [2026-09-04T16:12:19.540+0000] {dag.py:3036} INFO - Sync 1 DAGs
[2026-09-04T16:12:19.564+0000] {logging_mixin.py:188} INFO - [2026-09-04T16:12:19.564+0000] {dag.py:3823} INFO - Setting next_dagrun for air_quality_pipeline to 2026-09-04 16:05:00+00:00, run_after=2026-09-04 17:05:00+00:00
[2026-09-04T16:12:19.586+0000] {processor.py:183} INFO - Processing /opt/airflow/dags/spark_pipeline_dag.py took 0.163 seconds
[2026-09-04T16:12:49.931+0000] {processor.py:161} INFO - Started process (PID=57776) to work on /opt/airflow/dags/spark_pipeline_dag.py
[2026-09-04T16:12:49.932+0000] {processor.py:830} INFO - Processing file /opt/airflow/dags/spark_pipeline_dag.py for tasks to queue
[2026-09-04T16:12:49.933+0000] {logging_mixin.py:188} INFO - [2026-09-04T16:12:49.933+0000] {dagbag.py:538} INFO - Filling up the DagBag from /opt/airflow/dags/spark_pipeline_dag.py
[2026-09-04T16:12:49.956+0000] {processor.py:840} INFO - DAG(s) 'air_quality_pipeline' retrieved from /opt/airflow/dags/spark_pipeline_dag.py
[2026-09-04T16:12:49.978+0000] {logging_mixin.py:188} INFO - [2026-09-04T16:12:49.978+0000] {dag.py:3036} INFO - Sync 1 DAGs
[2026-09-04T16:12:50.003+0000] {logging_mixin.py:188} INFO - [2026-09-04T16:12:50.003+0000] {dag.py:3823} INFO - Setting next_dagrun for air_quality_pipeline to 2026-09-04 16:05:00+00:00, run_after=2026-09-04 17:05:00+00:00
[2026-09-04T16:12:50.026+0000] {processor.py:183} INFO - Processing /opt/airflow/dags/spark_pipeline_dag.py took 0.098 seconds
[2026-09-04T16:13:20.268+0000] {processor.py:161} INFO - Started process (PID=57786) to work on /opt/airflow/dags/spark_pipeline_dag.py
[2026-09-04T16:13:20.269+0000] {processor.py:830} INFO - Processing file /opt/airflow/dags/spark_pipeline_dag.py for tasks to queue
[2026-09-04T16:13:20.270+0000] {logging_mixin.py:188} INFO - [2026-09-04T16:13:20.270+0000] {dagbag.py:538} INFO - Filling up the DagBag from /opt/airflow/dags/spark_pipeline_dag.py
[2026-09-04T16:13:20.297+0000] {processor.py:840} INFO - DAG(s) 'air_quality_pipeline' retrieved from /opt/airflow/dags/spark_pipeline_dag.py
[2026-09-04T16:13:20.327+0000] {logging_mixin.py:188} INFO - [2026-09-04T16:13:20.327+0000] {dag.py:3036} INFO - Sync 1 DAGs
[2026-09-04T16:13:20.354+0000] {logging_mixin.py:188} INFO - [2026-09-04T16:13:20.353+0000] {dag.py:3823} INFO - Setting next_dagrun for air_quality_pipeline to 2026-09-04 16:05:00+00:00, run_after=2026-09-04 17:05:00+00:00
[2026-09-04T16:13:20.385+0000] {processor.py:183} INFO - Processing /opt/airflow/dags/spark_pipeline_dag.py took 0.119 seconds
[2026-09-04T16:13:50.761+0000] {processor.py:161} INFO - Started process (PID=57796) to work on /opt/airflow/dags/spark_pipeline_dag.py
[2026-09-04T16:13:50.763+0000] {processor.py:830} INFO - Processing file /opt/airflow/dags/spark_pipeline_dag.py for tasks to queue
[2026-09-04T16:13:50.764+0000] {logging_mixin.py:188} INFO - [2026-09-04T16:13:50.764+0000] {dagbag.py:538} INFO - Filling up the DagBag from /opt/airflow/dags/spark_pipeline_dag.py
[2026-09-04T16:13:50.799+0000] {processor.py:840} INFO - DAG(s) 'air_quality_pipeline' retrieved from /opt/airflow/dags/spark_pipeline_dag.py
[2026-09-04T16:13:50.833+0000] {logging_mixin.py:188} INFO - [2026-09-04T16:13:50.833+0000] {dag.py:3036} INFO - Sync 1 DAGs
[2026-09-04T16:13:50.874+0000] {logging_mixin.py:188} INFO - [2026-09-04T16:13:50.873+0000] {dag.py:3823} INFO - Setting next_dagrun for air_quality_pipeline to 2026-09-04 16:05:00+00:00, run_after=2026-09-04 17:05:00+00:00
[2026-09-04T16:13:50.913+0000] {processor.py:183} INFO - Processing /opt/airflow/dags/spark_pipeline_dag.py took 0.155 seconds
[2026-09-04T16:14:21.232+0000] {processor.py:161} INFO - Started process (PID=57806) to work on /opt/airflow/dags/spark_pipeline_dag.py
[2026-09-04T16:14:21.233+0000] {processor.py:830} INFO - Processing file /opt/airflow/dags/spark_pipeline_dag.py for tasks to queue
[2026-09-04T16:14:21.234+0000] {logging_mixin.py:188} INFO - [2026-09-04T16:14:21.234+0000] {dagbag.py:538} INFO - Filling up the DagBag from /opt/airflow/dags/spark_pipeline_dag.py
[2026-09-04T16:14:21.256+0000] {processor.py:840} INFO - DAG(s) 'air_quality_pipeline' retrieved from /opt/airflow/dags/spark_pipeline_dag.py
[2026-09-04T16:14:21.276+0000] {logging_mixin.py:188} INFO - [2026-09-04T16:14:21.276+0000] {dag.py:3036} INFO - Sync 1 DAGs
[2026-09-04T16:14:21.300+0000] {logging_mixin.py:188} INFO - [2026-09-04T16:14:21.300+0000] {dag.py:3823} INFO - Setting next_dagrun for air_quality_pipeline to 2026-09-04 16:05:00+00:00, run_after=2026-09-04 17:05:00+00:00
[2026-09-04T16:14:21.322+0000] {processor.py:183} INFO - Processing /opt/airflow/dags/spark_pipeline_dag.py took 0.093 seconds
[2026-09-04T16:14:51.652+0000] {processor.py:161} INFO - Started process (PID=57816) to work on /opt/airflow/dags/spark_pipeline_dag.py
[2026-09-04T16:14:51.653+0000] {processor.py:830} INFO - Processing file /opt/airflow/dags/spark_pipeline_dag.py for tasks to queue
[2026-09-04T16:14:51.655+0000] {logging_mixin.py:188} INFO - [2026-09-04T16:14:51.654+0000] {dagbag.py:538} INFO - Filling up the DagBag from /opt/airflow/dags/spark_pipeline_dag.py
[2026-09-04T16:14:51.675+0000] {processor.py:840} INFO - DAG(s) 'air_quality_pipeline' retrieved from /opt/airflow/dags/spark_pipeline_dag.py
[2026-09-04T16:14:51.697+0000] {logging_mixin.py:188} INFO - [2026-09-04T16:14:51.697+0000] {dag.py:3036} INFO - Sync 1 DAGs
[2026-09-04T16:14:51.723+0000] {logging_mixin.py:188} INFO - [2026-09-04T16:14:51.722+0000] {dag.py:3823} INFO - Setting next_dagrun for air_quality_pipeline to 2026-09-04 16:05:00+00:00, run_after=2026-09-04 17:05:00+00:00
[2026-09-04T16:14:51.742+0000] {processor.py:183} INFO - Processing /opt/airflow/dags/spark_pipeline_dag.py took 0.093 seconds
[2026-09-04T16:15:22.046+0000] {processor.py:161} INFO - Started process (PID=57826) to work on /opt/airflow/dags/spark_pipeline_dag.py
[2026-09-04T16:15:22.047+0000] {processor.py:830} INFO - Processing file /opt/airflow/dags/spark_pipeline_dag.py for tasks to queue
[2026-09-04T16:15:22.049+0000] {logging_mixin.py:188} INFO - [2026-09-04T16:15:22.048+0000] {dagbag.py:538} INFO - Filling up the DagBag from /opt/airflow/dags/spark_pipeline_dag.py
[2026-09-04T16:15:22.075+0000] {processor.py:840} INFO - DAG(s) 'air_quality_pipeline' retrieved from /opt/airflow/dags/spark_pipeline_dag.py
[2026-09-04T16:15:22.098+0000] {logging_mixin.py:188} INFO - [2026-09-04T16:15:22.098+0000] {dag.py:3036} INFO - Sync 1 DAGs
[2026-09-04T16:15:22.120+0000] {logging_mixin.py:188} INFO - [2026-09-04T16:15:22.120+0000] {dag.py:3823} INFO - Setting next_dagrun for air_quality_pipeline to 2026-09-04 16:05:00+00:00, run_after=2026-09-04 17:05:00+00:00
[2026-09-04T16:15:22.138+0000] {processor.py:183} INFO - Processing /opt/airflow/dags/spark_pipeline_dag.py took 0.096 seconds
[2026-09-04T16:15:52.601+0000] {processor.py:161} INFO - Started process (PID=57836) to work on /opt/airflow/dags/spark_pipeline_dag.py
[2026-09-04T16:15:52.603+0000] {processor.py:830} INFO - Processing file /opt/airflow/dags/spark_pipeline_dag.py for tasks to queue
[2026-09-04T16:15:52.605+0000] {logging_mixin.py:188} INFO - [2026-09-04T16:15:52.604+0000] {dagbag.py:538} INFO - Filling up the DagBag from /opt/airflow/dags/spark_pipeline_dag.py
[2026-09-04T16:15:52.634+0000] {processor.py:840} INFO - DAG(s) 'air_quality_pipeline' retrieved from /opt/airflow/dags/spark_pipeline_dag.py
[2026-09-04T16:15:52.655+0000] {logging_mixin.py:188} INFO - [2026-09-04T16:15:52.655+0000] {dag.py:3036} INFO - Sync 1 DAGs
[2026-09-04T16:15:52.676+0000] {logging_mixin.py:188} INFO - [2026-09-04T16:15:52.676+0000] {dag.py:3823} INFO - Setting next_dagrun for air_quality_pipeline to 2026-09-04 16:05:00+00:00, run_after=2026-09-04 17:05:00+00:00
[2026-09-04T16:15:52.695+0000] {processor.py:183} INFO - Processing /opt/airflow/dags/spark_pipeline_dag.py took 0.096 seconds
[2026-09-04T16:16:23.029+0000] {processor.py:161} INFO - Started process (PID=57846) to work on /opt/airflow/dags/spark_pipeline_dag.py
[2026-09-04T16:16:23.031+0000] {processor.py:830} INFO - Processing file /opt/airflow/dags/spark_pipeline_dag.py for tasks to queue
[2026-09-04T16:16:23.032+0000] {logging_mixin.py:188} INFO - [2026-09-04T16:16:23.032+0000] {dagbag.py:538} INFO - Filling up the DagBag from /opt/airflow/dags/spark_pipeline_dag.py
[2026-09-04T16:16:23.056+0000] {processor.py:840} INFO - DAG(s) 'air_quality_pipeline' retrieved from /opt/airflow/dags/spark_pipeline_dag.py
[2026-09-04T16:16:23.079+0000] {logging_mixin.py:188} INFO - [2026-09-04T16:16:23.079+0000] {dag.py:3036} INFO - Sync 1 DAGs
[2026-09-04T16:16:23.101+0000] {logging_mixin.py:188} INFO - [2026-09-04T16:16:23.101+0000] {dag.py:3823} INFO - Setting next_dagrun for air_quality_pipeline to 2026-09-04 16:05:00+00:00, run_after=2026-09-04 17:05:00+00:00
[2026-09-04T16:16:23.123+0000] {processor.py:183} INFO - Processing /opt/airflow/dags/spark_pipeline_dag.py took 0.097 seconds
[2026-09-04T16:16:53.489+0000] {processor.py:161} INFO - Started process (PID=57856) to work on /opt/airflow/dags/spark_pipeline_dag.py
[2026-09-04T16:16:53.490+0000] {processor.py:830} INFO - Processing file /opt/airflow/dags/spark_pipeline_dag.py for tasks to queue
[2026-09-04T16:16:53.491+0000] {logging_mixin.py:188} INFO - [2026-09-04T16:16:53.491+0000] {dagbag.py:538} INFO - Filling up the DagBag from /opt/airflow/dags/spark_pipeline_dag.py
[2026-09-04T16:16:53.512+0000] {processor.py:840} INFO - DAG(s) 'air_quality_pipeline' retrieved from /opt/airflow/dags/spark_pipeline_dag.py
[2026-09-04T16:16:53.531+0000] {logging_mixin.py:188} INFO - [2026-09-04T16:16:53.531+0000] {dag.py:3036} INFO - Sync 1 DAGs
[2026-09-04T16:16:53.553+0000] {logging_mixin.py:188} INFO - [2026-09-04T16:16:53.553+0000] {dag.py:3823} INFO - Setting next_dagrun for air_quality_pipeline to 2026-09-04 16:05:00+00:00, run_after=2026-09-04 17:05:00+00:00
[2026-09-04T16:16:53.572+0000] {processor.py:183} INFO - Processing /opt/airflow/dags/spark_pipeline_dag.py took 0.086 seconds
[2026-09-04T16:17:23.889+0000] {processor.py:161} INFO - Started process (PID=57866) to work on /opt/airflow/dags/spark_pipeline_dag.py
[2026-09-04T16:17:23.891+0000] {processor.py:830} INFO - Processing file /opt/airflow/dags/spark_pipeline_dag.py for tasks to queue
[2026-09-04T16:17:23.894+0000] {logging_mixin.py:188} INFO - [2026-09-04T16:17:23.893+0000] {dagbag.py:538} INFO - Filling up the DagBag from /opt/airflow/dags/spark_pipeline_dag.py
[2026-09-04T16:17:23.924+0000] {processor.py:840} INFO - DAG(s) 'air_quality_pipeline' retrieved from /opt/airflow/dags/spark_pipeline_dag.py
[2026-09-04T16:17:23.947+0000] {logging_mixin.py:188} INFO - [2026-09-04T16:17:23.947+0000] {dag.py:3036} INFO - Sync 1 DAGs
[2026-09-04T16:17:23.969+0000] {logging_mixin.py:188} INFO - [2026-09-04T16:17:23.969+0000] {dag.py:3823} INFO - Setting next_dagrun for air_quality_pipeline to 2026-09-04 16:05:00+00:00, run_after=2026-09-04 17:05:00+00:00
[2026-09-04T16:17:23.991+0000] {processor.py:183} INFO - Processing /opt/airflow/dags/spark_pipeline_dag.py took 0.106 seconds
[2026-09-04T16:17:54.345+0000] {processor.py:161} INFO - Started process (PID=57876) to work on /opt/airflow/dags/spark_pipeline_dag.py
[2026-09-04T16:17:54.347+0000] {processor.py:830} INFO - Processing file /opt/airflow/dags/spark_pipeline_dag.py for tasks to queue
[2026-09-04T16:17:54.348+0000] {logging_mixin.py:188} INFO - [2026-09-04T16:17:54.348+0000] {dagbag.py:538} INFO - Filling up the DagBag from /opt/airflow/dags/spark_pipeline_dag.py
[2026-09-04T16:17:54.374+0000] {processor.py:840} INFO - DAG(s) 'air_quality_pipeline' retrieved from /opt/airflow/dags/spark_pipeline_dag.py
[2026-09-04T16:17:54.393+0000] {logging_mixin.py:188} INFO - [2026-09-04T16:17:54.393+0000] {dag.py:3036} INFO - Sync 1 DAGs
[2026-09-04T16:17:54.414+0000] {logging_mixin.py:188} INFO - [2026-09-04T16:17:54.414+0000] {dag.py:3823} INFO - Setting next_dagrun for air_quality_pipeline to 2026-09-04 16:05:00+00:00, run_after=2026-09-04 17:05:00+00:00
[2026-09-04T16:17:54.434+0000] {processor.py:183} INFO - Processing /opt/airflow/dags/spark_pipeline_dag.py took 0.092 seconds
[2026-09-04T16:18:24.768+0000] {processor.py:161} INFO - Started process (PID=57886) to work on /opt/airflow/dags/spark_pipeline_dag.py
[2026-09-04T16:18:24.769+0000] {processor.py:830} INFO - Processing file /opt/airflow/dags/spark_pipeline_dag.py for tasks to queue
[2026-09-04T16:18:24.770+0000] {logging_mixin.py:188} INFO - [2026-09-04T16:18:24.770+0000] {dagbag.py:538} INFO - Filling up the DagBag from /opt/airflow/dags/spark_pipeline_dag.py
[2026-09-04T16:18:24.791+0000] {processor.py:840} INFO - DAG(s) 'air_quality_pipeline' retrieved from /opt/airflow/dags/spark_pipeline_dag.py
[2026-09-04T16:18:24.812+0000] {logging_mixin.py:188} INFO - [2026-09-04T16:18:24.812+0000] {dag.py:3036} INFO - Sync 1 DAGs
[2026-09-04T16:18:24.836+0000] {logging_mixin.py:188} INFO - [2026-09-04T16:18:24.835+0000] {dag.py:3823} INFO - Setting next_dagrun for air_quality_pipeline to 2026-09-04 16:05:00+00:00, run_after=2026-09-04 17:05:00+00:00
[2026-09-04T16:18:24.857+0000] {processor.py:183} INFO - Processing /opt/airflow/dags/spark_pipeline_dag.py took 0.092 seconds
[2026-09-04T16:18:55.275+0000] {processor.py:161} INFO - Started process (PID=57896) to work on /opt/airflow/dags/spark_pipeline_dag.py
[2026-09-04T16:18:55.277+0000] {processor.py:830} INFO - Processing file /opt/airflow/dags/spark_pipeline_dag.py for tasks to queue
[2026-09-04T16:18:55.278+0000] {logging_mixin.py:188} INFO - [2026-09-04T16:18:55.277+0000] {dagbag.py:538} INFO - Filling up the DagBag from /opt/airflow/dags/spark_pipeline_dag.py
[2026-09-04T16:18:55.300+0000] {processor.py:840} INFO - DAG(s) 'air_quality_pipeline' retrieved from /opt/airflow/dags/spark_pipeline_dag.py
[2026-09-04T16:18:55.319+0000] {logging_mixin.py:188} INFO - [2026-09-04T16:18:55.319+0000] {dag.py:3036} INFO - Sync 1 DAGs
[2026-09-04T16:18:55.339+0000] {logging_mixin.py:188} INFO - [2026-09-04T16:18:55.339+0000] {dag.py:3823} INFO - Setting next_dagrun for air_quality_pipeline to 2026-09-04 16:05:00+00:00, run_after=2026-09-04 17:05:00+00:00
[2026-09-04T16:18:55.357+0000] {processor.py:183} INFO - Processing /opt/airflow/dags/spark_pipeline_dag.py took 0.086 seconds
[2026-09-04T16:19:25.721+0000] {processor.py:161} INFO - Started process (PID=57906) to work on /opt/airflow/dags/spark_pipeline_dag.py
[2026-09-04T16:19:25.722+0000] {processor.py:830} INFO - Processing file /opt/airflow/dags/spark_pipeline_dag.py for tasks to queue
[2026-09-04T16:19:25.723+0000] {logging_mixin.py:188} INFO - [2026-09-04T16:19:25.723+0000] {dagbag.py:538} INFO - Filling up the DagBag from /opt/airflow/dags/spark_pipeline_dag.py
[2026-09-04T16:19:25.743+0000] {processor.py:840} INFO - DAG(s) 'air_quality_pipeline' retrieved from /opt/airflow/dags/spark_pipeline_dag.py
[2026-09-04T16:19:25.761+0000] {logging_mixin.py:188} INFO - [2026-09-04T16:19:25.761+0000] {dag.py:3036} INFO - Sync 1 DAGs
[2026-09-04T16:19:25.780+0000] {logging_mixin.py:188} INFO - [2026-09-04T16:19:25.780+0000] {dag.py:3823} INFO - Setting next_dagrun for air_quality_pipeline to 2026-09-04 16:05:00+00:00, run_after=2026-09-04 17:05:00+00:00
[2026-09-04T16:19:25.798+0000] {processor.py:183} INFO - Processing /opt/airflow/dags/spark_pipeline_dag.py took 0.079 seconds
[2026-09-04T16:19:56.140+0000] {processor.py:161} INFO - Started process (PID=57916) to work on /opt/airflow/dags/spark_pipeline_dag.py
[2026-09-04T16:19:56.141+0000] {processor.py:830} INFO - Processing file /opt/airflow/dags/spark_pipeline_dag.py for tasks to queue
[2026-09-04T16:19:56.143+0000] {logging_mixin.py:188} INFO - [2026-09-04T16:19:56.142+0000] {dagbag.py:538} INFO - Filling up the DagBag from /opt/airflow/dags/spark_pipeline_dag.py
[2026-09-04T16:19:56.169+0000] {processor.py:840} INFO - DAG(s) 'air_quality_pipeline' retrieved from /opt/airflow/dags/spark_pipeline_dag.py
[2026-09-04T16:19:56.190+0000] {logging_mixin.py:188} INFO - [2026-09-04T16:19:56.190+0000] {dag.py:3036} INFO - Sync 1 DAGs
[2026-09-04T16:19:56.215+0000] {logging_mixin.py:188} INFO - [2026-09-04T16:19:56.215+0000] {dag.py:3823} INFO - Setting next_dagrun for air_quality_pipeline to 2026-09-04 16:05:00+00:00, run_after=2026-09-04 17:05:00+00:00
[2026-09-04T16:19:56.234+0000] {processor.py:183} INFO - Processing /opt/airflow/dags/spark_pipeline_dag.py took 0.097 seconds
[2026-09-04T16:20:26.651+0000] {processor.py:161} INFO - Started process (PID=57926) to work on /opt/airflow/dags/spark_pipeline_dag.py
[2026-09-04T16:20:26.653+0000] {processor.py:830} INFO - Processing file /opt/airflow/dags/spark_pipeline_dag.py for tasks to queue
[2026-09-04T16:20:26.654+0000] {logging_mixin.py:188} INFO - [2026-09-04T16:20:26.654+0000] {dagbag.py:538} INFO - Filling up the DagBag from /opt/airflow/dags/spark_pipeline_dag.py
[2026-09-04T16:20:26.675+0000] {processor.py:840} INFO - DAG(s) 'air_quality_pipeline' retrieved from /opt/airflow/dags/spark_pipeline_dag.py
[2026-09-04T16:20:26.694+0000] {logging_mixin.py:188} INFO - [2026-09-04T16:20:26.694+0000] {dag.py:3036} INFO - Sync 1 DAGs
[2026-09-04T16:20:26.717+0000] {logging_mixin.py:188} INFO - [2026-09-04T16:20:26.717+0000] {dag.py:3823} INFO - Setting next_dagrun for air_quality_pipeline to 2026-09-04 16:05:00+00:00, run_after=2026-09-04 17:05:00+00:00
[2026-09-04T16:20:26.741+0000] {processor.py:183} INFO - Processing /opt/airflow/dags/spark_pipeline_dag.py took 0.094 seconds
[2026-09-04T16:20:57.116+0000] {processor.py:161} INFO - Started process (PID=57936) to work on /opt/airflow/dags/spark_pipeline_dag.py
[2026-09-04T16:20:57.117+0000] {processor.py:830} INFO - Processing file /opt/airflow/dags/spark_pipeline_dag.py for tasks to queue
[2026-09-04T16:20:57.118+0000] {logging_mixin.py:188} INFO - [2026-09-04T16:20:57.118+0000] {dagbag.py:538} INFO - Filling up the DagBag from /opt/airflow/dags/spark_pipeline_dag.py
[2026-09-04T16:20:57.142+0000] {processor.py:840} INFO - DAG(s) 'air_quality_pipeline' retrieved from /opt/airflow/dags/spark_pipeline_dag.py
[2026-09-04T16:20:57.164+0000] {logging_mixin.py:188} INFO - [2026-09-04T16:20:57.164+0000] {dag.py:3036} INFO - Sync 1 DAGs
[2026-09-04T16:20:57.185+0000] {logging_mixin.py:188} INFO - [2026-09-04T16:20:57.185+0000] {dag.py:3823} INFO - Setting next_dagrun for air_quality_pipeline to 2026-09-04 16:05:00+00:00, run_after=2026-09-04 17:05:00+00:00
[2026-09-04T16:20:57.206+0000] {processor.py:183} INFO - Processing /opt/airflow/dags/spark_pipeline_dag.py took 0.093 seconds
[2026-09-04T16:21:27.545+0000] {processor.py:161} INFO - Started process (PID=57946) to work on /opt/airflow/dags/spark_pipeline_dag.py
[2026-09-04T16:21:27.547+0000] {processor.py:830} INFO - Processing file /opt/airflow/dags/spark_pipeline_dag.py for tasks to queue
[2026-09-04T16:21:27.549+0000] {logging_mixin.py:188} INFO - [2026-09-04T16:21:27.548+0000] {dagbag.py:538} INFO - Filling up the DagBag from /opt/airflow/dags/spark_pipeline_dag.py
[2026-09-04T16:21:27.584+0000] {processor.py:840} INFO - DAG(s) 'air_quality_pipeline' retrieved from /opt/airflow/dags/spark_pipeline_dag.py
[2026-09-04T16:21:27.609+0000] {logging_mixin.py:188} INFO - [2026-09-04T16:21:27.609+0000] {dag.py:3036} INFO - Sync 1 DAGs
[2026-09-04T16:21:27.632+0000] {logging_mixin.py:188} INFO - [2026-09-04T16:21:27.632+0000] {dag.py:3823} INFO - Setting next_dagrun for air_quality_pipeline to 2026-09-04 16:05:00+00:00, run_after=2026-09-04 17:05:00+00:00
[2026-09-04T16:21:27.655+0000] {processor.py:183} INFO - Processing /opt/airflow/dags/spark_pipeline_dag.py took 0.113 seconds
[2026-09-04T16:21:58.009+0000] {processor.py:161} INFO - Started process (PID=57956) to work on /opt/airflow/dags/spark_pipeline_dag.py
[2026-09-04T16:21:58.010+0000] {processor.py:830} INFO - Processing file /opt/airflow/dags/spark_pipeline_dag.py for tasks to queue
[2026-09-04T16:21:58.011+0000] {logging_mixin.py:188} INFO - [2026-09-04T16:21:58.011+0000] {dagbag.py:538} INFO - Filling up the DagBag from /opt/airflow/dags/spark_pipeline_dag.py
[2026-09-04T16:21:58.031+0000] {processor.py:840} INFO - DAG(s) 'air_quality_pipeline' retrieved from /opt/airflow/dags/spark_pipeline_dag.py
[2026-09-04T16:21:58.050+0000] {logging_mixin.py:188} INFO - [2026-09-04T16:21:58.050+0000] {dag.py:3036} INFO - Sync 1 DAGs
[2026-09-04T16:21:58.071+0000] {logging_mixin.py:188} INFO - [2026-09-04T16:21:58.071+0000] {dag.py:3823} INFO - Setting next_dagrun for air_quality_pipeline to 2026-09-04 16:05:00+00:00, run_after=2026-09-04 17:05:00+00:00
[2026-09-04T16:21:58.088+0000] {processor.py:183} INFO - Processing /opt/airflow/dags/spark_pipeline_dag.py took 0.082 seconds
[2026-09-04T16:22:28.479+0000] {processor.py:161} INFO - Started process (PID=57966) to work on /opt/airflow/dags/spark_pipeline_dag.py
[2026-09-04T16:22:28.480+0000] {processor.py:830} INFO - Processing file /opt/airflow/dags/spark_pipeline_dag.py for tasks to queue
[2026-09-04T16:22:28.482+0000] {logging_mixin.py:188} INFO - [2026-09-04T16:22:28.481+0000] {dagbag.py:538} INFO - Filling up the DagBag from /opt/airflow/dags/spark_pipeline_dag.py
[2026-09-04T16:22:28.511+0000] {processor.py:840} INFO - DAG(s) 'air_quality_pipeline' retrieved from /opt/airflow/dags/spark_pipeline_dag.py
[2026-09-04T16:22:28.541+0000] {logging_mixin.py:188} INFO - [2026-09-04T16:22:28.540+0000] {dag.py:3036} INFO - Sync 1 DAGs
[2026-09-04T16:22:28.574+0000] {logging_mixin.py:188} INFO - [2026-09-04T16:22:28.574+0000] {dag.py:3823} INFO - Setting next_dagrun for air_quality_pipeline to 2026-09-04 16:05:00+00:00, run_after=2026-09-04 17:05:00+00:00
[2026-09-04T16:22:28.600+0000] {processor.py:183} INFO - Processing /opt/airflow/dags/spark_pipeline_dag.py took 0.123 seconds
[2026-09-04T16:22:58.860+0000] {processor.py:161} INFO - Started process (PID=57976) to work on /opt/airflow/dags/spark_pipeline_dag.py
[2026-09-04T16:22:58.861+0000] {processor.py:830} INFO - Processing file /opt/airflow/dags/spark_pipeline_dag.py for tasks to queue
[2026-09-04T16:22:58.862+0000] {logging_mixin.py:188} INFO - [2026-09-04T16:22:58.862+0000] {dagbag.py:538} INFO - Filling up the DagBag from /opt/airflow/dags/spark_pipeline_dag.py
[2026-09-04T16:22:58.885+0000] {processor.py:840} INFO - DAG(s) 'air_quality_pipeline' retrieved from /opt/airflow/dags/spark_pipeline_dag.py
[2026-09-04T16:22:58.907+0000] {logging_mixin.py:188} INFO - [2026-09-04T16:22:58.907+0000] {dag.py:3036} INFO - Sync 1 DAGs
[2026-09-04T16:22:58.935+0000] {logging_mixin.py:188} INFO - [2026-09-04T16:22:58.935+0000] {dag.py:3823} INFO - Setting next_dagrun for air_quality_pipeline to 2026-09-04 16:05:00+00:00, run_after=2026-09-04 17:05:00+00:00
[2026-09-04T16:22:58.958+0000] {processor.py:183} INFO - Processing /opt/airflow/dags/spark_pipeline_dag.py took 0.101 seconds
[2026-09-04T16:23:29.245+0000] {processor.py:161} INFO - Started process (PID=57986) to work on /opt/airflow/dags/spark_pipeline_dag.py
[2026-09-04T16:23:29.246+0000] {processor.py:830} INFO - Processing file /opt/airflow/dags/spark_pipeline_dag.py for tasks to queue
[2026-09-04T16:23:29.247+0000] {logging_mixin.py:188} INFO - [2026-09-04T16:23:29.247+0000] {dagbag.py:538} INFO - Filling up the DagBag from /opt/airflow/dags/spark_pipeline_dag.py
[2026-09-04T16:23:29.267+0000] {processor.py:840} INFO - DAG(s) 'air_quality_pipeline' retrieved from /opt/airflow/dags/spark_pipeline_dag.py
[2026-09-04T16:23:29.286+0000] {logging_mixin.py:188} INFO - [2026-09-04T16:23:29.286+0000] {dag.py:3036} INFO - Sync 1 DAGs
[2026-09-04T16:23:29.307+0000] {logging_mixin.py:188} INFO - [2026-09-04T16:23:29.307+0000] {dag.py:3823} INFO - Setting next_dagrun for air_quality_pipeline to 2026-09-04 16:05:00+00:00, run_after=2026-09-04 17:05:00+00:00
[2026-09-04T16:23:29.326+0000] {processor.py:183} INFO - Processing /opt/airflow/dags/spark_pipeline_dag.py took 0.084 seconds
[2026-09-04T16:23:59.691+0000] {processor.py:161} INFO - Started process (PID=57996) to work on /opt/airflow/dags/spark_pipeline_dag.py
[2026-09-04T16:23:59.694+0000] {processor.py:830} INFO - Processing file /opt/airflow/dags/spark_pipeline_dag.py for tasks to queue
[2026-09-04T16:23:59.695+0000] {logging_mixin.py:188} INFO - [2026-09-04T16:23:59.695+0000] {dagbag.py:538} INFO - Filling up the DagBag from /opt/airflow/dags/spark_pipeline_dag.py
[2026-09-04T16:23:59.718+0000] {processor.py:840} INFO - DAG(s) 'air_quality_pipeline' retrieved from /opt/airflow/dags/spark_pipeline_dag.py
[2026-09-04T16:23:59.736+0000] {logging_mixin.py:188} INFO - [2026-09-04T16:23:59.736+0000] {dag.py:3036} INFO - Sync 1 DAGs
[2026-09-04T16:23:59.759+0000] {logging_mixin.py:188} INFO - [2026-09-04T16:23:59.758+0000] {dag.py:3823} INFO - Setting next_dagrun for air_quality_pipeline to 2026-09-04 16:05:00+00:00, run_after=2026-09-04 17:05:00+00:00
[2026-09-04T16:23:59.777+0000] {processor.py:183} INFO - Processing /opt/airflow/dags/spark_pipeline_dag.py took 0.091 seconds
[2026-09-04T16:24:30.089+0000] {processor.py:161} INFO - Started process (PID=58006) to work on /opt/airflow/dags/spark_pipeline_dag.py
[2026-09-04T16:24:30.090+0000] {processor.py:830} INFO - Processing file /opt/airflow/dags/spark_pipeline_dag.py for tasks to queue
[2026-09-04T16:24:30.091+0000] {logging_mixin.py:188} INFO - [2026-09-04T16:24:30.091+0000] {dagbag.py:538} INFO - Filling up the DagBag from /opt/airflow/dags/spark_pipeline_dag.py
[2026-09-04T16:24:30.113+0000] {processor.py:840} INFO - DAG(s) 'air_quality_pipeline' retrieved from /opt/airflow/dags/spark_pipeline_dag.py
[2026-09-04T16:24:30.136+0000] {logging_mixin.py:188} INFO - [2026-09-04T16:24:30.136+0000] {dag.py:3036} INFO - Sync 1 DAGs
[2026-09-04T16:24:30.159+0000] {logging_mixin.py:188} INFO - [2026-09-04T16:24:30.158+0000] {dag.py:3823} INFO - Setting next_dagrun for air_quality_pipeline to 2026-09-04 16:05:00+00:00, run_after=2026-09-04 17:05:00+00:00
[2026-09-04T16:24:30.176+0000] {processor.py:183} INFO - Processing /opt/airflow/dags/spark_pipeline_dag.py took 0.090 seconds
[2026-09-04T16:25:00.541+0000] {processor.py:161} INFO - Started process (PID=58016) to work on /opt/airflow/dags/spark_pipeline_dag.py
[2026-09-04T16:25:00.542+0000] {processor.py:830} INFO - Processing file /opt/airflow/dags/spark_pipeline_dag.py for tasks to queue
[2026-09-04T16:25:00.543+0000] {logging_mixin.py:188} INFO - [2026-09-04T16:25:00.542+0000] {dagbag.py:538} INFO - Filling up the DagBag from /opt/airflow/dags/spark_pipeline_dag.py
[2026-09-04T16:25:00.564+0000] {processor.py:840} INFO - DAG(s) 'air_quality_pipeline' retrieved from /opt/airflow/dags/spark_pipeline_dag.py
[2026-09-04T16:25:00.583+0000] {logging_mixin.py:188} INFO - [2026-09-04T16:25:00.583+0000] {dag.py:3036} INFO - Sync 1 DAGs
[2026-09-04T16:25:00.604+0000] {logging_mixin.py:188} INFO - [2026-09-04T16:25:00.603+0000] {dag.py:3823} INFO - Setting next_dagrun for air_quality_pipeline to 2026-09-04 16:05:00+00:00, run_after=2026-09-04 17:05:00+00:00
[2026-09-04T16:25:00.623+0000] {processor.py:183} INFO - Processing /opt/airflow/dags/spark_pipeline_dag.py took 0.085 seconds
[2026-09-04T16:25:31.006+0000] {processor.py:161} INFO - Started process (PID=58026) to work on /opt/airflow/dags/spark_pipeline_dag.py
[2026-09-04T16:25:31.007+0000] {processor.py:830} INFO - Processing file /opt/airflow/dags/spark_pipeline_dag.py for tasks to queue
[2026-09-04T16:25:31.008+0000] {logging_mixin.py:188} INFO - [2026-09-04T16:25:31.008+0000] {dagbag.py:538} INFO - Filling up the DagBag from /opt/airflow/dags/spark_pipeline_dag.py
[2026-09-04T16:25:31.033+0000] {processor.py:840} INFO - DAG(s) 'air_quality_pipeline' retrieved from /opt/airflow/dags/spark_pipeline_dag.py
[2026-09-04T16:25:31.053+0000] {logging_mixin.py:188} INFO - [2026-09-04T16:25:31.053+0000] {dag.py:3036} INFO - Sync 1 DAGs
[2026-09-04T16:25:31.074+0000] {logging_mixin.py:188} INFO - [2026-09-04T16:25:31.074+0000] {dag.py:3823} INFO - Setting next_dagrun for air_quality_pipeline to 2026-09-04 16:05:00+00:00, run_after=2026-09-04 17:05:00+00:00
[2026-09-04T16:25:31.093+0000] {processor.py:183} INFO - Processing /opt/airflow/dags/spark_pipeline_dag.py took 0.090 seconds
[2026-09-04T16:26:01.494+0000] {processor.py:161} INFO - Started process (PID=58036) to work on /opt/airflow/dags/spark_pipeline_dag.py
[2026-09-04T16:26:01.496+0000] {processor.py:830} INFO - Processing file /opt/airflow/dags/spark_pipeline_dag.py for tasks to queue
[2026-09-04T16:26:01.497+0000] {logging_mixin.py:188} INFO - [2026-09-04T16:26:01.497+0000] {dagbag.py:538} INFO - Filling up the DagBag from /opt/airflow/dags/spark_pipeline_dag.py
[2026-09-04T16:26:01.522+0000] {processor.py:840} INFO - DAG(s) 'air_quality_pipeline' retrieved from /opt/airflow/dags/spark_pipeline_dag.py
[2026-09-04T16:26:01.546+0000] {logging_mixin.py:188} INFO - [2026-09-04T16:26:01.545+0000] {dag.py:3036} INFO - Sync 1 DAGs
[2026-09-04T16:26:01.569+0000] {logging_mixin.py:188} INFO - [2026-09-04T16:26:01.569+0000] {dag.py:3823} INFO - Setting next_dagrun for air_quality_pipeline to 2026-09-04 16:05:00+00:00, run_after=2026-09-04 17:05:00+00:00
[2026-09-04T16:26:01.590+0000] {processor.py:183} INFO - Processing /opt/airflow/dags/spark_pipeline_dag.py took 0.100 seconds
[2026-09-04T16:26:31.965+0000] {processor.py:161} INFO - Started process (PID=58046) to work on /opt/airflow/dags/spark_pipeline_dag.py
[2026-09-04T16:26:31.967+0000] {processor.py:830} INFO - Processing file /opt/airflow/dags/spark_pipeline_dag.py for tasks to queue
[2026-09-04T16:26:31.967+0000] {logging_mixin.py:188} INFO - [2026-09-04T16:26:31.967+0000] {dagbag.py:538} INFO - Filling up the DagBag from /opt/airflow/dags/spark_pipeline_dag.py
[2026-09-04T16:26:31.987+0000] {processor.py:840} INFO - DAG(s) 'air_quality_pipeline' retrieved from /opt/airflow/dags/spark_pipeline_dag.py
[2026-09-04T16:26:32.009+0000] {logging_mixin.py:188} INFO - [2026-09-04T16:26:32.009+0000] {dag.py:3036} INFO - Sync 1 DAGs
[2026-09-04T16:26:32.033+0000] {logging_mixin.py:188} INFO - [2026-09-04T16:26:32.033+0000] {dag.py:3823} INFO - Setting next_dagrun for air_quality_pipeline to 2026-09-04 16:05:00+00:00, run_after=2026-09-04 17:05:00+00:00
[2026-09-04T16:26:32.058+0000] {processor.py:183} INFO - Processing /opt/airflow/dags/spark_pipeline_dag.py took 0.095 seconds
[2026-09-04T16:27:02.426+0000] {processor.py:161} INFO - Started process (PID=58056) to work on /opt/airflow/dags/spark_pipeline_dag.py
[2026-09-04T16:27:02.427+0000] {processor.py:830} INFO - Processing file /opt/airflow/dags/spark_pipeline_dag.py for tasks to queue
[2026-09-04T16:27:02.429+0000] {logging_mixin.py:188} INFO - [2026-09-04T16:27:02.428+0000] {dagbag.py:538} INFO - Filling up the DagBag from /opt/airflow/dags/spark_pipeline_dag.py
[2026-09-04T16:27:02.450+0000] {processor.py:840} INFO - DAG(s) 'air_quality_pipeline' retrieved from /opt/airflow/dags/spark_pipeline_dag.py
[2026-09-04T16:27:02.470+0000] {logging_mixin.py:188} INFO - [2026-09-04T16:27:02.470+0000] {dag.py:3036} INFO - Sync 1 DAGs
[2026-09-04T16:27:02.491+0000] {logging_mixin.py:188} INFO - [2026-09-04T16:27:02.491+0000] {dag.py:3823} INFO - Setting next_dagrun for air_quality_pipeline to 2026-09-04 16:05:00+00:00, run_after=2026-09-04 17:05:00+00:00
[2026-09-04T16:27:02.509+0000] {processor.py:183} INFO - Processing /opt/airflow/dags/spark_pipeline_dag.py took 0.086 seconds
[2026-09-04T16:27:32.831+0000] {processor.py:161} INFO - Started process (PID=58066) to work on /opt/airflow/dags/spark_pipeline_dag.py
[2026-09-04T16:27:32.832+0000] {processor.py:830} INFO - Processing file /opt/airflow/dags/spark_pipeline_dag.py for tasks to queue
[2026-09-04T16:27:32.833+0000] {logging_mixin.py:188} INFO - [2026-09-04T16:27:32.833+0000] {dagbag.py:538} INFO - Filling up the DagBag from /opt/airflow/dags/spark_pipeline_dag.py
[2026-09-04T16:27:32.858+0000] {processor.py:840} INFO - DAG(s) 'air_quality_pipeline' retrieved from /opt/airflow/dags/spark_pipeline_dag.py
[2026-09-04T16:27:32.889+0000] {logging_mixin.py:188} INFO - [2026-09-04T16:27:32.889+0000] {dag.py:3036} INFO - Sync 1 DAGs
[2026-09-04T16:27:32.917+0000] {logging_mixin.py:188} INFO - [2026-09-04T16:27:32.916+0000] {dag.py:3823} INFO - Setting next_dagrun for air_quality_pipeline to 2026-09-04 16:05:00+00:00, run_after=2026-09-04 17:05:00+00:00
[2026-09-04T16:27:32.943+0000] {processor.py:183} INFO - Processing /opt/airflow/dags/spark_pipeline_dag.py took 0.115 seconds
[2026-09-04T16:28:03.279+0000] {processor.py:161} INFO - Started process (PID=58076) to work on /opt/airflow/dags/spark_pipeline_dag.py
[2026-09-04T16:28:03.280+0000] {processor.py:830} INFO - Processing file /opt/airflow/dags/spark_pipeline_dag.py for tasks to queue
[2026-09-04T16:28:03.281+0000] {logging_mixin.py:188} INFO - [2026-09-04T16:28:03.281+0000] {dagbag.py:538} INFO - Filling up the DagBag from /opt/airflow/dags/spark_pipeline_dag.py
[2026-09-04T16:28:03.304+0000] {processor.py:840} INFO - DAG(s) 'air_quality_pipeline' retrieved from /opt/airflow/dags/spark_pipeline_dag.py
[2026-09-04T16:28:03.322+0000] {logging_mixin.py:188} INFO - [2026-09-04T16:28:03.322+0000] {dag.py:3036} INFO - Sync 1 DAGs
[2026-09-04T16:28:03.344+0000] {logging_mixin.py:188} INFO - [2026-09-04T16:28:03.344+0000] {dag.py:3823} INFO - Setting next_dagrun for air_quality_pipeline to 2026-09-04 16:05:00+00:00, run_after=2026-09-04 17:05:00+00:00
[2026-09-04T16:28:03.365+0000] {processor.py:183} INFO - Processing /opt/airflow/dags/spark_pipeline_dag.py took 0.088 seconds
[2026-09-04T16:28:33.731+0000] {processor.py:161} INFO - Started process (PID=58086) to work on /opt/airflow/dags/spark_pipeline_dag.py
[2026-09-04T16:28:33.733+0000] {processor.py:830} INFO - Processing file /opt/airflow/dags/spark_pipeline_dag.py for tasks to queue
[2026-09-04T16:28:33.734+0000] {logging_mixin.py:188} INFO - [2026-09-04T16:28:33.734+0000] {dagbag.py:538} INFO - Filling up the DagBag from /opt/airflow/dags/spark_pipeline_dag.py
[2026-09-04T16:28:33.757+0000] {processor.py:840} INFO - DAG(s) 'air_quality_pipeline' retrieved from /opt/airflow/dags/spark_pipeline_dag.py
[2026-09-04T16:28:33.776+0000] {logging_mixin.py:188} INFO - [2026-09-04T16:28:33.776+0000] {dag.py:3036} INFO - Sync 1 DAGs
[2026-09-04T16:28:33.797+0000] {logging_mixin.py:188} INFO - [2026-09-04T16:28:33.796+0000] {dag.py:3823} INFO - Setting next_dagrun for air_quality_pipeline to 2026-09-04 16:05:00+00:00, run_after=2026-09-04 17:05:00+00:00
[2026-09-04T16:28:33.814+0000] {processor.py:183} INFO - Processing /opt/airflow/dags/spark_pipeline_dag.py took 0.086 seconds
[2026-09-04T16:29:04.153+0000] {processor.py:161} INFO - Started process (PID=58096) to work on /opt/airflow/dags/spark_pipeline_dag.py
[2026-09-04T16:29:04.154+0000] {processor.py:830} INFO - Processing file /opt/airflow/dags/spark_pipeline_dag.py for tasks to queue
[2026-09-04T16:29:04.156+0000] {logging_mixin.py:188} INFO - [2026-09-04T16:29:04.155+0000] {dagbag.py:538} INFO - Filling up the DagBag from /opt/airflow/dags/spark_pipeline_dag.py
[2026-09-04T16:29:04.179+0000] {processor.py:840} INFO - DAG(s) 'air_quality_pipeline' retrieved from /opt/airflow/dags/spark_pipeline_dag.py
[2026-09-04T16:29:04.202+0000] {logging_mixin.py:188} INFO - [2026-09-04T16:29:04.202+0000] {dag.py:3036} INFO - Sync 1 DAGs
[2026-09-04T16:29:04.224+0000] {logging_mixin.py:188} INFO - [2026-09-04T16:29:04.224+0000] {dag.py:3823} INFO - Setting next_dagrun for air_quality_pipeline to 2026-09-04 16:05:00+00:00, run_after=2026-09-04 17:05:00+00:00
[2026-09-04T16:29:04.244+0000] {processor.py:183} INFO - Processing /opt/airflow/dags/spark_pipeline_dag.py took 0.094 seconds
[2026-09-04T16:29:34.653+0000] {processor.py:161} INFO - Started process (PID=58106) to work on /opt/airflow/dags/spark_pipeline_dag.py
[2026-09-04T16:29:34.654+0000] {processor.py:830} INFO - Processing file /opt/airflow/dags/spark_pipeline_dag.py for tasks to queue
[2026-09-04T16:29:34.656+0000] {logging_mixin.py:188} INFO - [2026-09-04T16:29:34.655+0000] {dagbag.py:538} INFO - Filling up the DagBag from /opt/airflow/dags/spark_pipeline_dag.py
[2026-09-04T16:29:34.679+0000] {processor.py:840} INFO - DAG(s) 'air_quality_pipeline' retrieved from /opt/airflow/dags/spark_pipeline_dag.py
[2026-09-04T16:29:34.698+0000] {logging_mixin.py:188} INFO - [2026-09-04T16:29:34.698+0000] {dag.py:3036} INFO - Sync 1 DAGs
[2026-09-04T16:29:34.718+0000] {logging_mixin.py:188} INFO - [2026-09-04T16:29:34.718+0000] {dag.py:3823} INFO - Setting next_dagrun for air_quality_pipeline to 2026-09-04 16:05:00+00:00, run_after=2026-09-04 17:05:00+00:00
[2026-09-04T16:29:34.736+0000] {processor.py:183} INFO - Processing /opt/airflow/dags/spark_pipeline_dag.py took 0.085 seconds
[2026-09-04T16:30:05.164+0000] {processor.py:161} INFO - Started process (PID=58116) to work on /opt/airflow/dags/spark_pipeline_dag.py
[2026-09-04T16:30:05.165+0000] {processor.py:830} INFO - Processing file /opt/airflow/dags/spark_pipeline_dag.py for tasks to queue
[2026-09-04T16:30:05.166+0000] {logging_mixin.py:188} INFO - [2026-09-04T16:30:05.165+0000] {dagbag.py:538} INFO - Filling up the DagBag from /opt/airflow/dags/spark_pipeline_dag.py
[2026-09-04T16:30:05.185+0000] {processor.py:840} INFO - DAG(s) 'air_quality_pipeline' retrieved from /opt/airflow/dags/spark_pipeline_dag.py
[2026-09-04T16:30:05.204+0000] {logging_mixin.py:188} INFO - [2026-09-04T16:30:05.203+0000] {dag.py:3036} INFO - Sync 1 DAGs
[2026-09-04T16:30:05.221+0000] {logging_mixin.py:188} INFO - [2026-09-04T16:30:05.221+0000] {dag.py:3823} INFO - Setting next_dagrun for air_quality_pipeline to 2026-09-04 16:05:00+00:00, run_after=2026-09-04 17:05:00+00:00
[2026-09-04T16:30:05.241+0000] {processor.py:183} INFO - Processing /opt/airflow/dags/spark_pipeline_dag.py took 0.080 seconds
[2026-09-04T16:30:35.620+0000] {processor.py:161} INFO - Started process (PID=58126) to work on /opt/airflow/dags/spark_pipeline_dag.py
[2026-09-04T16:30:35.621+0000] {processor.py:830} INFO - Processing file /opt/airflow/dags/spark_pipeline_dag.py for tasks to queue
[2026-09-04T16:30:35.622+0000] {logging_mixin.py:188} INFO - [2026-09-04T16:30:35.622+0000] {dagbag.py:538} INFO - Filling up the DagBag from /opt/airflow/dags/spark_pipeline_dag.py
[2026-09-04T16:30:35.646+0000] {processor.py:840} INFO - DAG(s) 'air_quality_pipeline' retrieved from /opt/airflow/dags/spark_pipeline_dag.py
[2026-09-04T16:30:35.664+0000] {logging_mixin.py:188} INFO - [2026-09-04T16:30:35.664+0000] {dag.py:3036} INFO - Sync 1 DAGs
[2026-09-04T16:30:35.685+0000] {logging_mixin.py:188} INFO - [2026-09-04T16:30:35.685+0000] {dag.py:3823} INFO - Setting next_dagrun for air_quality_pipeline to 2026-09-04 16:05:00+00:00, run_after=2026-09-04 17:05:00+00:00
[2026-09-04T16:30:35.703+0000] {processor.py:183} INFO - Processing /opt/airflow/dags/spark_pipeline_dag.py took 0.086 seconds
[2026-09-04T16:31:06.083+0000] {processor.py:161} INFO - Started process (PID=58136) to work on /opt/airflow/dags/spark_pipeline_dag.py
[2026-09-04T16:31:06.084+0000] {processor.py:830} INFO - Processing file /opt/airflow/dags/spark_pipeline_dag.py for tasks to queue
[2026-09-04T16:31:06.085+0000] {logging_mixin.py:188} INFO - [2026-09-04T16:31:06.085+0000] {dagbag.py:538} INFO - Filling up the DagBag from /opt/airflow/dags/spark_pipeline_dag.py
[2026-09-04T16:31:06.107+0000] {processor.py:840} INFO - DAG(s) 'air_quality_pipeline' retrieved from /opt/airflow/dags/spark_pipeline_dag.py
[2026-09-04T16:31:06.126+0000] {logging_mixin.py:188} INFO - [2026-09-04T16:31:06.126+0000] {dag.py:3036} INFO - Sync 1 DAGs
[2026-09-04T16:31:06.148+0000] {logging_mixin.py:188} INFO - [2026-09-04T16:31:06.147+0000] {dag.py:3823} INFO - Setting next_dagrun for air_quality_pipeline to 2026-09-04 16:05:00+00:00, run_after=2026-09-04 17:05:00+00:00
[2026-09-04T16:31:06.170+0000] {processor.py:183} INFO - Processing /opt/airflow/dags/spark_pipeline_dag.py took 0.090 seconds
[2026-09-04T16:31:36.525+0000] {processor.py:161} INFO - Started process (PID=58146) to work on /opt/airflow/dags/spark_pipeline_dag.py
[2026-09-04T16:31:36.526+0000] {processor.py:830} INFO - Processing file /opt/airflow/dags/spark_pipeline_dag.py for tasks to queue
[2026-09-04T16:31:36.528+0000] {logging_mixin.py:188} INFO - [2026-09-04T16:31:36.527+0000] {dagbag.py:538} INFO - Filling up the DagBag from /opt/airflow/dags/spark_pipeline_dag.py
[2026-09-04T16:31:36.549+0000] {processor.py:840} INFO - DAG(s) 'air_quality_pipeline' retrieved from /opt/airflow/dags/spark_pipeline_dag.py
[2026-09-04T16:31:36.567+0000] {logging_mixin.py:188} INFO - [2026-09-04T16:31:36.567+0000] {dag.py:3036} INFO - Sync 1 DAGs
[2026-09-04T16:31:36.588+0000] {logging_mixin.py:188} INFO - [2026-09-04T16:31:36.588+0000] {dag.py:3823} INFO - Setting next_dagrun for air_quality_pipeline to 2026-09-04 16:05:00+00:00, run_after=2026-09-04 17:05:00+00:00
[2026-09-04T16:31:36.607+0000] {processor.py:183} INFO - Processing /opt/airflow/dags/spark_pipeline_dag.py took 0.085 seconds
[2026-09-04T16:32:06.943+0000] {processor.py:161} INFO - Started process (PID=58156) to work on /opt/airflow/dags/spark_pipeline_dag.py
[2026-09-04T16:32:06.944+0000] {processor.py:830} INFO - Processing file /opt/airflow/dags/spark_pipeline_dag.py for tasks to queue
[2026-09-04T16:32:06.946+0000] {logging_mixin.py:188} INFO - [2026-09-04T16:32:06.946+0000] {dagbag.py:538} INFO - Filling up the DagBag from /opt/airflow/dags/spark_pipeline_dag.py
[2026-09-04T16:32:06.973+0000] {processor.py:840} INFO - DAG(s) 'air_quality_pipeline' retrieved from /opt/airflow/dags/spark_pipeline_dag.py
[2026-09-04T16:32:06.996+0000] {logging_mixin.py:188} INFO - [2026-09-04T16:32:06.996+0000] {dag.py:3036} INFO - Sync 1 DAGs
[2026-09-04T16:32:07.021+0000] {logging_mixin.py:188} INFO - [2026-09-04T16:32:07.021+0000] {dag.py:3823} INFO - Setting next_dagrun for air_quality_pipeline to 2026-09-04 16:05:00+00:00, run_after=2026-09-04 17:05:00+00:00
[2026-09-04T16:32:07.044+0000] {processor.py:183} INFO - Processing /opt/airflow/dags/spark_pipeline_dag.py took 0.104 seconds
[2026-09-04T16:32:37.442+0000] {processor.py:161} INFO - Started process (PID=58166) to work on /opt/airflow/dags/spark_pipeline_dag.py
[2026-09-04T16:32:37.443+0000] {processor.py:830} INFO - Processing file /opt/airflow/dags/spark_pipeline_dag.py for tasks to queue
[2026-09-04T16:32:37.444+0000] {logging_mixin.py:188} INFO - [2026-09-04T16:32:37.443+0000] {dagbag.py:538} INFO - Filling up the DagBag from /opt/airflow/dags/spark_pipeline_dag.py
[2026-09-04T16:32:37.464+0000] {processor.py:840} INFO - DAG(s) 'air_quality_pipeline' retrieved from /opt/airflow/dags/spark_pipeline_dag.py
[2026-09-04T16:32:37.482+0000] {logging_mixin.py:188} INFO - [2026-09-04T16:32:37.482+0000] {dag.py:3036} INFO - Sync 1 DAGs
[2026-09-04T16:32:37.503+0000] {logging_mixin.py:188} INFO - [2026-09-04T16:32:37.502+0000] {dag.py:3823} INFO - Setting next_dagrun for air_quality_pipeline to 2026-09-04 16:05:00+00:00, run_after=2026-09-04 17:05:00+00:00
[2026-09-04T16:32:37.520+0000] {processor.py:183} INFO - Processing /opt/airflow/dags/spark_pipeline_dag.py took 0.081 seconds
[2026-09-04T16:33:07.925+0000] {processor.py:161} INFO - Started process (PID=58176) to work on /opt/airflow/dags/spark_pipeline_dag.py
[2026-09-04T16:33:07.926+0000] {processor.py:830} INFO - Processing file /opt/airflow/dags/spark_pipeline_dag.py for tasks to queue
[2026-09-04T16:33:07.927+0000] {logging_mixin.py:188} INFO - [2026-09-04T16:33:07.926+0000] {dagbag.py:538} INFO - Filling up the DagBag from /opt/airflow/dags/spark_pipeline_dag.py
[2026-09-04T16:33:07.946+0000] {processor.py:840} INFO - DAG(s) 'air_quality_pipeline' retrieved from /opt/airflow/dags/spark_pipeline_dag.py
[2026-09-04T16:33:07.966+0000] {logging_mixin.py:188} INFO - [2026-09-04T16:33:07.966+0000] {dag.py:3036} INFO - Sync 1 DAGs
[2026-09-04T16:33:07.986+0000] {logging_mixin.py:188} INFO - [2026-09-04T16:33:07.985+0000] {dag.py:3823} INFO - Setting next_dagrun for air_quality_pipeline to 2026-09-04 16:05:00+00:00, run_after=2026-09-04 17:05:00+00:00
[2026-09-04T16:33:08.008+0000] {processor.py:183} INFO - Processing /opt/airflow/dags/spark_pipeline_dag.py took 0.086 seconds
[2026-09-04T16:33:38.587+0000] {processor.py:161} INFO - Started process (PID=58186) to work on /opt/airflow/dags/spark_pipeline_dag.py
[2026-09-04T16:33:38.588+0000] {processor.py:830} INFO - Processing file /opt/airflow/dags/spark_pipeline_dag.py for tasks to queue
[2026-09-04T16:33:38.590+0000] {logging_mixin.py:188} INFO - [2026-09-04T16:33:38.589+0000] {dagbag.py:538} INFO - Filling up the DagBag from /opt/airflow/dags/spark_pipeline_dag.py
[2026-09-04T16:33:38.612+0000] {processor.py:840} INFO - DAG(s) 'air_quality_pipeline' retrieved from /opt/airflow/dags/spark_pipeline_dag.py
[2026-09-04T16:33:38.632+0000] {logging_mixin.py:188} INFO - [2026-09-04T16:33:38.631+0000] {dag.py:3036} INFO - Sync 1 DAGs
[2026-09-04T16:33:38.651+0000] {logging_mixin.py:188} INFO - [2026-09-04T16:33:38.651+0000] {dag.py:3823} INFO - Setting next_dagrun for air_quality_pipeline to 2026-09-04 16:05:00+00:00, run_after=2026-09-04 17:05:00+00:00
[2026-09-04T16:33:38.673+0000] {processor.py:183} INFO - Processing /opt/airflow/dags/spark_pipeline_dag.py took 0.088 seconds
[2026-09-04T16:34:09.036+0000] {processor.py:161} INFO - Started process (PID=58196) to work on /opt/airflow/dags/spark_pipeline_dag.py
[2026-09-04T16:34:09.038+0000] {processor.py:830} INFO - Processing file /opt/airflow/dags/spark_pipeline_dag.py for tasks to queue
[2026-09-04T16:34:09.039+0000] {logging_mixin.py:188} INFO - [2026-09-04T16:34:09.038+0000] {dagbag.py:538} INFO - Filling up the DagBag from /opt/airflow/dags/spark_pipeline_dag.py
[2026-09-04T16:34:09.063+0000] {processor.py:840} INFO - DAG(s) 'air_quality_pipeline' retrieved from /opt/airflow/dags/spark_pipeline_dag.py
[2026-09-04T16:34:09.086+0000] {logging_mixin.py:188} INFO - [2026-09-04T16:34:09.086+0000] {dag.py:3036} INFO - Sync 1 DAGs
[2026-09-04T16:34:09.109+0000] {logging_mixin.py:188} INFO - [2026-09-04T16:34:09.108+0000] {dag.py:3823} INFO - Setting next_dagrun for air_quality_pipeline to 2026-09-04 16:05:00+00:00, run_after=2026-09-04 17:05:00+00:00
[2026-09-04T16:34:09.128+0000] {processor.py:183} INFO - Processing /opt/airflow/dags/spark_pipeline_dag.py took 0.095 seconds
[2026-09-04T16:34:39.476+0000] {processor.py:161} INFO - Started process (PID=58206) to work on /opt/airflow/dags/spark_pipeline_dag.py
[2026-09-04T16:34:39.477+0000] {processor.py:830} INFO - Processing file /opt/airflow/dags/spark_pipeline_dag.py for tasks to queue
[2026-09-04T16:34:39.478+0000] {logging_mixin.py:188} INFO - [2026-09-04T16:34:39.478+0000] {dagbag.py:538} INFO - Filling up the DagBag from /opt/airflow/dags/spark_pipeline_dag.py
[2026-09-04T16:34:39.500+0000] {processor.py:840} INFO - DAG(s) 'air_quality_pipeline' retrieved from /opt/airflow/dags/spark_pipeline_dag.py
[2026-09-04T16:34:39.520+0000] {logging_mixin.py:188} INFO - [2026-09-04T16:34:39.519+0000] {dag.py:3036} INFO - Sync 1 DAGs
[2026-09-04T16:34:39.543+0000] {logging_mixin.py:188} INFO - [2026-09-04T16:34:39.543+0000] {dag.py:3823} INFO - Setting next_dagrun for air_quality_pipeline to 2026-09-04 16:05:00+00:00, run_after=2026-09-04 17:05:00+00:00
[2026-09-04T16:34:39.562+0000] {processor.py:183} INFO - Processing /opt/airflow/dags/spark_pipeline_dag.py took 0.089 seconds
[2026-09-04T16:35:09.884+0000] {processor.py:161} INFO - Started process (PID=58216) to work on /opt/airflow/dags/spark_pipeline_dag.py
[2026-09-04T16:35:09.885+0000] {processor.py:830} INFO - Processing file /opt/airflow/dags/spark_pipeline_dag.py for tasks to queue
[2026-09-04T16:35:09.886+0000] {logging_mixin.py:188} INFO - [2026-09-04T16:35:09.885+0000] {dagbag.py:538} INFO - Filling up the DagBag from /opt/airflow/dags/spark_pipeline_dag.py
[2026-09-04T16:35:09.909+0000] {processor.py:840} INFO - DAG(s) 'air_quality_pipeline' retrieved from /opt/airflow/dags/spark_pipeline_dag.py
[2026-09-04T16:35:09.929+0000] {logging_mixin.py:188} INFO - [2026-09-04T16:35:09.929+0000] {dag.py:3036} INFO - Sync 1 DAGs
[2026-09-04T16:35:09.950+0000] {logging_mixin.py:188} INFO - [2026-09-04T16:35:09.950+0000] {dag.py:3823} INFO - Setting next_dagrun for air_quality_pipeline to 2026-09-04 16:05:00+00:00, run_after=2026-09-04 17:05:00+00:00
[2026-09-04T16:35:09.971+0000] {processor.py:183} INFO - Processing /opt/airflow/dags/spark_pipeline_dag.py took 0.090 seconds
[2026-09-04T16:35:40.420+0000] {processor.py:161} INFO - Started process (PID=58226) to work on /opt/airflow/dags/spark_pipeline_dag.py
[2026-09-04T16:35:40.421+0000] {processor.py:830} INFO - Processing file /opt/airflow/dags/spark_pipeline_dag.py for tasks to queue
[2026-09-04T16:35:40.423+0000] {logging_mixin.py:188} INFO - [2026-09-04T16:35:40.422+0000] {dagbag.py:538} INFO - Filling up the DagBag from /opt/airflow/dags/spark_pipeline_dag.py
[2026-09-04T16:35:40.444+0000] {processor.py:840} INFO - DAG(s) 'air_quality_pipeline' retrieved from /opt/airflow/dags/spark_pipeline_dag.py
[2026-09-04T16:35:40.464+0000] {logging_mixin.py:188} INFO - [2026-09-04T16:35:40.464+0000] {dag.py:3036} INFO - Sync 1 DAGs
[2026-09-04T16:35:40.483+0000] {logging_mixin.py:188} INFO - [2026-09-04T16:35:40.483+0000] {dag.py:3823} INFO - Setting next_dagrun for air_quality_pipeline to 2026-09-04 16:05:00+00:00, run_after=2026-09-04 17:05:00+00:00
[2026-09-04T16:35:40.502+0000] {processor.py:183} INFO - Processing /opt/airflow/dags/spark_pipeline_dag.py took 0.084 seconds
[2026-09-04T16:36:10.860+0000] {processor.py:161} INFO - Started process (PID=58236) to work on /opt/airflow/dags/spark_pipeline_dag.py
[2026-09-04T16:36:10.862+0000] {processor.py:830} INFO - Processing file /opt/airflow/dags/spark_pipeline_dag.py for tasks to queue
[2026-09-04T16:36:10.864+0000] {logging_mixin.py:188} INFO - [2026-09-04T16:36:10.863+0000] {dagbag.py:538} INFO - Filling up the DagBag from /opt/airflow/dags/spark_pipeline_dag.py
[2026-09-04T16:36:10.889+0000] {processor.py:840} INFO - DAG(s) 'air_quality_pipeline' retrieved from /opt/airflow/dags/spark_pipeline_dag.py
[2026-09-04T16:36:10.911+0000] {logging_mixin.py:188} INFO - [2026-09-04T16:36:10.910+0000] {dag.py:3036} INFO - Sync 1 DAGs
[2026-09-04T16:36:10.934+0000] {logging_mixin.py:188} INFO - [2026-09-04T16:36:10.933+0000] {dag.py:3823} INFO - Setting next_dagrun for air_quality_pipeline to 2026-09-04 16:05:00+00:00, run_after=2026-09-04 17:05:00+00:00
[2026-09-04T16:36:10.955+0000] {processor.py:183} INFO - Processing /opt/airflow/dags/spark_pipeline_dag.py took 0.098 seconds
[2026-09-04T16:36:41.343+0000] {processor.py:161} INFO - Started process (PID=58246) to work on /opt/airflow/dags/spark_pipeline_dag.py
[2026-09-04T16:36:41.344+0000] {processor.py:830} INFO - Processing file /opt/airflow/dags/spark_pipeline_dag.py for tasks to queue
[2026-09-04T16:36:41.346+0000] {logging_mixin.py:188} INFO - [2026-09-04T16:36:41.345+0000] {dagbag.py:538} INFO - Filling up the DagBag from /opt/airflow/dags/spark_pipeline_dag.py
[2026-09-04T16:36:41.369+0000] {processor.py:840} INFO - DAG(s) 'air_quality_pipeline' retrieved from /opt/airflow/dags/spark_pipeline_dag.py
[2026-09-04T16:36:41.392+0000] {logging_mixin.py:188} INFO - [2026-09-04T16:36:41.392+0000] {dag.py:3036} INFO - Sync 1 DAGs
[2026-09-04T16:36:41.427+0000] {logging_mixin.py:188} INFO - [2026-09-04T16:36:41.427+0000] {dag.py:3823} INFO - Setting next_dagrun for air_quality_pipeline to 2026-09-04 16:05:00+00:00, run_after=2026-09-04 17:05:00+00:00
[2026-09-04T16:36:41.458+0000] {processor.py:183} INFO - Processing /opt/airflow/dags/spark_pipeline_dag.py took 0.117 seconds
[2026-09-04T16:37:11.764+0000] {processor.py:161} INFO - Started process (PID=58256) to work on /opt/airflow/dags/spark_pipeline_dag.py
[2026-09-04T16:37:11.765+0000] {processor.py:830} INFO - Processing file /opt/airflow/dags/spark_pipeline_dag.py for tasks to queue
[2026-09-04T16:37:11.766+0000] {logging_mixin.py:188} INFO - [2026-09-04T16:37:11.766+0000] {dagbag.py:538} INFO - Filling up the DagBag from /opt/airflow/dags/spark_pipeline_dag.py
[2026-09-04T16:37:11.786+0000] {processor.py:840} INFO - DAG(s) 'air_quality_pipeline' retrieved from /opt/airflow/dags/spark_pipeline_dag.py
[2026-09-04T16:37:11.805+0000] {logging_mixin.py:188} INFO - [2026-09-04T16:37:11.805+0000] {dag.py:3036} INFO - Sync 1 DAGs
[2026-09-04T16:37:11.824+0000] {logging_mixin.py:188} INFO - [2026-09-04T16:37:11.824+0000] {dag.py:3823} INFO - Setting next_dagrun for air_quality_pipeline to 2026-09-04 16:05:00+00:00, run_after=2026-09-04 17:05:00+00:00
[2026-09-04T16:37:11.841+0000] {processor.py:183} INFO - Processing /opt/airflow/dags/spark_pipeline_dag.py took 0.080 seconds
[2026-09-04T16:37:42.319+0000] {processor.py:161} INFO - Started process (PID=58266) to work on /opt/airflow/dags/spark_pipeline_dag.py
[2026-09-04T16:37:42.322+0000] {processor.py:830} INFO - Processing file /opt/airflow/dags/spark_pipeline_dag.py for tasks to queue
[2026-09-04T16:37:42.324+0000] {logging_mixin.py:188} INFO - [2026-09-04T16:37:42.323+0000] {dagbag.py:538} INFO - Filling up the DagBag from /opt/airflow/dags/spark_pipeline_dag.py
[2026-09-04T16:37:42.358+0000] {processor.py:840} INFO - DAG(s) 'air_quality_pipeline' retrieved from /opt/airflow/dags/spark_pipeline_dag.py
[2026-09-04T16:37:42.388+0000] {logging_mixin.py:188} INFO - [2026-09-04T16:37:42.388+0000] {dag.py:3036} INFO - Sync 1 DAGs
[2026-09-04T16:37:42.414+0000] {logging_mixin.py:188} INFO - [2026-09-04T16:37:42.414+0000] {dag.py:3823} INFO - Setting next_dagrun for air_quality_pipeline to 2026-09-04 16:05:00+00:00, run_after=2026-09-04 17:05:00+00:00
[2026-09-04T16:37:42.440+0000] {processor.py:183} INFO - Processing /opt/airflow/dags/spark_pipeline_dag.py took 0.127 seconds
[2026-09-04T16:38:12.809+0000] {processor.py:161} INFO - Started process (PID=58276) to work on /opt/airflow/dags/spark_pipeline_dag.py
[2026-09-04T16:38:12.812+0000] {processor.py:830} INFO - Processing file /opt/airflow/dags/spark_pipeline_dag.py for tasks to queue
[2026-09-04T16:38:12.814+0000] {logging_mixin.py:188} INFO - [2026-09-04T16:38:12.813+0000] {dagbag.py:538} INFO - Filling up the DagBag from /opt/airflow/dags/spark_pipeline_dag.py
[2026-09-04T16:38:12.852+0000] {processor.py:840} INFO - DAG(s) 'air_quality_pipeline' retrieved from /opt/airflow/dags/spark_pipeline_dag.py
[2026-09-04T16:38:12.878+0000] {logging_mixin.py:188} INFO - [2026-09-04T16:38:12.877+0000] {dag.py:3036} INFO - Sync 1 DAGs
[2026-09-04T16:38:12.911+0000] {logging_mixin.py:188} INFO - [2026-09-04T16:38:12.911+0000] {dag.py:3823} INFO - Setting next_dagrun for air_quality_pipeline to 2026-09-04 16:05:00+00:00, run_after=2026-09-04 17:05:00+00:00
[2026-09-04T16:38:12.947+0000] {processor.py:183} INFO - Processing /opt/airflow/dags/spark_pipeline_dag.py took 0.142 seconds
[2026-09-04T16:38:43.303+0000] {processor.py:161} INFO - Started process (PID=58286) to work on /opt/airflow/dags/spark_pipeline_dag.py
[2026-09-04T16:38:43.306+0000] {processor.py:830} INFO - Processing file /opt/airflow/dags/spark_pipeline_dag.py for tasks to queue
[2026-09-04T16:38:43.308+0000] {logging_mixin.py:188} INFO - [2026-09-04T16:38:43.307+0000] {dagbag.py:538} INFO - Filling up the DagBag from /opt/airflow/dags/spark_pipeline_dag.py
[2026-09-04T16:38:43.325+0000] {processor.py:840} INFO - DAG(s) 'air_quality_pipeline' retrieved from /opt/airflow/dags/spark_pipeline_dag.py
[2026-09-04T16:38:43.344+0000] {logging_mixin.py:188} INFO - [2026-09-04T16:38:43.344+0000] {dag.py:3036} INFO - Sync 1 DAGs
[2026-09-04T16:38:43.363+0000] {logging_mixin.py:188} INFO - [2026-09-04T16:38:43.363+0000] {dag.py:3823} INFO - Setting next_dagrun for air_quality_pipeline to 2026-09-04 16:05:00+00:00, run_after=2026-09-04 17:05:00+00:00
[2026-09-04T16:38:43.381+0000] {processor.py:183} INFO - Processing /opt/airflow/dags/spark_pipeline_dag.py took 0.080 seconds
[2026-09-04T16:39:13.711+0000] {processor.py:161} INFO - Started process (PID=58296) to work on /opt/airflow/dags/spark_pipeline_dag.py
[2026-09-04T16:39:13.713+0000] {processor.py:830} INFO - Processing file /opt/airflow/dags/spark_pipeline_dag.py for tasks to queue
[2026-09-04T16:39:13.713+0000] {logging_mixin.py:188} INFO - [2026-09-04T16:39:13.713+0000] {dagbag.py:538} INFO - Filling up the DagBag from /opt/airflow/dags/spark_pipeline_dag.py
[2026-09-04T16:39:13.734+0000] {processor.py:840} INFO - DAG(s) 'air_quality_pipeline' retrieved from /opt/airflow/dags/spark_pipeline_dag.py
[2026-09-04T16:39:13.753+0000] {logging_mixin.py:188} INFO - [2026-09-04T16:39:13.753+0000] {dag.py:3036} INFO - Sync 1 DAGs
[2026-09-04T16:39:13.773+0000] {logging_mixin.py:188} INFO - [2026-09-04T16:39:13.773+0000] {dag.py:3823} INFO - Setting next_dagrun for air_quality_pipeline to 2026-09-04 16:05:00+00:00, run_after=2026-09-04 17:05:00+00:00
[2026-09-04T16:39:13.793+0000] {processor.py:183} INFO - Processing /opt/airflow/dags/spark_pipeline_dag.py took 0.084 seconds
[2026-09-04T16:39:44.200+0000] {processor.py:161} INFO - Started process (PID=58306) to work on /opt/airflow/dags/spark_pipeline_dag.py
[2026-09-04T16:39:44.201+0000] {processor.py:830} INFO - Processing file /opt/airflow/dags/spark_pipeline_dag.py for tasks to queue
[2026-09-04T16:39:44.202+0000] {logging_mixin.py:188} INFO - [2026-09-04T16:39:44.202+0000] {dagbag.py:538} INFO - Filling up the DagBag from /opt/airflow/dags/spark_pipeline_dag.py
[2026-09-04T16:39:44.227+0000] {processor.py:840} INFO - DAG(s) 'air_quality_pipeline' retrieved from /opt/airflow/dags/spark_pipeline_dag.py
[2026-09-04T16:39:44.247+0000] {logging_mixin.py:188} INFO - [2026-09-04T16:39:44.247+0000] {dag.py:3036} INFO - Sync 1 DAGs
[2026-09-04T16:39:44.270+0000] {logging_mixin.py:188} INFO - [2026-09-04T16:39:44.270+0000] {dag.py:3823} INFO - Setting next_dagrun for air_quality_pipeline to 2026-09-04 16:05:00+00:00, run_after=2026-09-04 17:05:00+00:00
[2026-09-04T16:39:44.296+0000] {processor.py:183} INFO - Processing /opt/airflow/dags/spark_pipeline_dag.py took 0.099 seconds
[2026-09-04T16:40:14.638+0000] {processor.py:161} INFO - Started process (PID=58316) to work on /opt/airflow/dags/spark_pipeline_dag.py
[2026-09-04T16:40:14.640+0000] {processor.py:830} INFO - Processing file /opt/airflow/dags/spark_pipeline_dag.py for tasks to queue
[2026-09-04T16:40:14.642+0000] {logging_mixin.py:188} INFO - [2026-09-04T16:40:14.641+0000] {dagbag.py:538} INFO - Filling up the DagBag from /opt/airflow/dags/spark_pipeline_dag.py
[2026-09-04T16:40:14.666+0000] {processor.py:840} INFO - DAG(s) 'air_quality_pipeline' retrieved from /opt/airflow/dags/spark_pipeline_dag.py
[2026-09-04T16:40:14.689+0000] {logging_mixin.py:188} INFO - [2026-09-04T16:40:14.689+0000] {dag.py:3036} INFO - Sync 1 DAGs
[2026-09-04T16:40:14.716+0000] {logging_mixin.py:188} INFO - [2026-09-04T16:40:14.715+0000] {dag.py:3823} INFO - Setting next_dagrun for air_quality_pipeline to 2026-09-04 16:05:00+00:00, run_after=2026-09-04 17:05:00+00:00
[2026-09-04T16:40:14.740+0000] {processor.py:183} INFO - Processing /opt/airflow/dags/spark_pipeline_dag.py took 0.104 seconds
[2026-09-04T16:40:45.080+0000] {processor.py:161} INFO - Started process (PID=58326) to work on /opt/airflow/dags/spark_pipeline_dag.py
[2026-09-04T16:40:45.081+0000] {processor.py:830} INFO - Processing file /opt/airflow/dags/spark_pipeline_dag.py for tasks to queue
[2026-09-04T16:40:45.082+0000] {logging_mixin.py:188} INFO - [2026-09-04T16:40:45.082+0000] {dagbag.py:538} INFO - Filling up the DagBag from /opt/airflow/dags/spark_pipeline_dag.py
[2026-09-04T16:40:45.101+0000] {processor.py:840} INFO - DAG(s) 'air_quality_pipeline' retrieved from /opt/airflow/dags/spark_pipeline_dag.py
[2026-09-04T16:40:45.121+0000] {logging_mixin.py:188} INFO - [2026-09-04T16:40:45.120+0000] {dag.py:3036} INFO - Sync 1 DAGs
[2026-09-04T16:40:45.142+0000] {logging_mixin.py:188} INFO - [2026-09-04T16:40:45.141+0000] {dag.py:3823} INFO - Setting next_dagrun for air_quality_pipeline to 2026-09-04 16:05:00+00:00, run_after=2026-09-04 17:05:00+00:00
[2026-09-04T16:40:45.162+0000] {processor.py:183} INFO - Processing /opt/airflow/dags/spark_pipeline_dag.py took 0.084 seconds
[2026-09-04T16:41:15.460+0000] {processor.py:161} INFO - Started process (PID=58336) to work on /opt/airflow/dags/spark_pipeline_dag.py
[2026-09-04T16:41:15.461+0000] {processor.py:830} INFO - Processing file /opt/airflow/dags/spark_pipeline_dag.py for tasks to queue
[2026-09-04T16:41:15.463+0000] {logging_mixin.py:188} INFO - [2026-09-04T16:41:15.462+0000] {dagbag.py:538} INFO - Filling up the DagBag from /opt/airflow/dags/spark_pipeline_dag.py
[2026-09-04T16:41:15.485+0000] {processor.py:840} INFO - DAG(s) 'air_quality_pipeline' retrieved from /opt/airflow/dags/spark_pipeline_dag.py
[2026-09-04T16:41:15.506+0000] {logging_mixin.py:188} INFO - [2026-09-04T16:41:15.506+0000] {dag.py:3036} INFO - Sync 1 DAGs
[2026-09-04T16:41:15.527+0000] {logging_mixin.py:188} INFO - [2026-09-04T16:41:15.527+0000] {dag.py:3823} INFO - Setting next_dagrun for air_quality_pipeline to 2026-09-04 16:05:00+00:00, run_after=2026-09-04 17:05:00+00:00
[2026-09-04T16:41:15.547+0000] {processor.py:183} INFO - Processing /opt/airflow/dags/spark_pipeline_dag.py took 0.090 seconds
[2026-09-04T16:41:45.930+0000] {processor.py:161} INFO - Started process (PID=58346) to work on /opt/airflow/dags/spark_pipeline_dag.py
[2026-09-04T16:41:45.932+0000] {processor.py:830} INFO - Processing file /opt/airflow/dags/spark_pipeline_dag.py for tasks to queue
[2026-09-04T16:41:45.933+0000] {logging_mixin.py:188} INFO - [2026-09-04T16:41:45.933+0000] {dagbag.py:538} INFO - Filling up the DagBag from /opt/airflow/dags/spark_pipeline_dag.py
[2026-09-04T16:41:45.954+0000] {processor.py:840} INFO - DAG(s) 'air_quality_pipeline' retrieved from /opt/airflow/dags/spark_pipeline_dag.py
[2026-09-04T16:41:45.974+0000] {logging_mixin.py:188} INFO - [2026-09-04T16:41:45.973+0000] {dag.py:3036} INFO - Sync 1 DAGs
[2026-09-04T16:41:45.994+0000] {logging_mixin.py:188} INFO - [2026-09-04T16:41:45.994+0000] {dag.py:3823} INFO - Setting next_dagrun for air_quality_pipeline to 2026-09-04 16:05:00+00:00, run_after=2026-09-04 17:05:00+00:00
[2026-09-04T16:41:46.016+0000] {processor.py:183} INFO - Processing /opt/airflow/dags/spark_pipeline_dag.py took 0.089 seconds
[2026-09-04T16:42:16.391+0000] {processor.py:161} INFO - Started process (PID=58356) to work on /opt/airflow/dags/spark_pipeline_dag.py
[2026-09-04T16:42:16.392+0000] {processor.py:830} INFO - Processing file /opt/airflow/dags/spark_pipeline_dag.py for tasks to queue
[2026-09-04T16:42:16.393+0000] {logging_mixin.py:188} INFO - [2026-09-04T16:42:16.392+0000] {dagbag.py:538} INFO - Filling up the DagBag from /opt/airflow/dags/spark_pipeline_dag.py
[2026-09-04T16:42:16.415+0000] {processor.py:840} INFO - DAG(s) 'air_quality_pipeline' retrieved from /opt/airflow/dags/spark_pipeline_dag.py
[2026-09-04T16:42:16.435+0000] {logging_mixin.py:188} INFO - [2026-09-04T16:42:16.435+0000] {dag.py:3036} INFO - Sync 1 DAGs
[2026-09-04T16:42:16.456+0000] {logging_mixin.py:188} INFO - [2026-09-04T16:42:16.456+0000] {dag.py:3823} INFO - Setting next_dagrun for air_quality_pipeline to 2026-09-04 16:05:00+00:00, run_after=2026-09-04 17:05:00+00:00
[2026-09-04T16:42:16.475+0000] {processor.py:183} INFO - Processing /opt/airflow/dags/spark_pipeline_dag.py took 0.087 seconds
[2026-09-04T16:42:46.912+0000] {processor.py:161} INFO - Started process (PID=58366) to work on /opt/airflow/dags/spark_pipeline_dag.py
[2026-09-04T16:42:46.913+0000] {processor.py:830} INFO - Processing file /opt/airflow/dags/spark_pipeline_dag.py for tasks to queue
[2026-09-04T16:42:46.914+0000] {logging_mixin.py:188} INFO - [2026-09-04T16:42:46.914+0000] {dagbag.py:538} INFO - Filling up the DagBag from /opt/airflow/dags/spark_pipeline_dag.py
[2026-09-04T16:42:46.939+0000] {processor.py:840} INFO - DAG(s) 'air_quality_pipeline' retrieved from /opt/airflow/dags/spark_pipeline_dag.py
[2026-09-04T16:42:46.965+0000] {logging_mixin.py:188} INFO - [2026-09-04T16:42:46.965+0000] {dag.py:3036} INFO - Sync 1 DAGs
[2026-09-04T16:42:46.992+0000] {logging_mixin.py:188} INFO - [2026-09-04T16:42:46.992+0000] {dag.py:3823} INFO - Setting next_dagrun for air_quality_pipeline to 2026-09-04 16:05:00+00:00, run_after=2026-09-04 17:05:00+00:00
[2026-09-04T16:42:47.014+0000] {processor.py:183} INFO - Processing /opt/airflow/dags/spark_pipeline_dag.py took 0.105 seconds
[2026-09-04T16:43:17.314+0000] {processor.py:161} INFO - Started process (PID=58376) to work on /opt/airflow/dags/spark_pipeline_dag.py
[2026-09-04T16:43:17.315+0000] {processor.py:830} INFO - Processing file /opt/airflow/dags/spark_pipeline_dag.py for tasks to queue
[2026-09-04T16:43:17.317+0000] {logging_mixin.py:188} INFO - [2026-09-04T16:43:17.316+0000] {dagbag.py:538} INFO - Filling up the DagBag from /opt/airflow/dags/spark_pipeline_dag.py
[2026-09-04T16:43:17.339+0000] {processor.py:840} INFO - DAG(s) 'air_quality_pipeline' retrieved from /opt/airflow/dags/spark_pipeline_dag.py
[2026-09-04T16:43:17.360+0000] {logging_mixin.py:188} INFO - [2026-09-04T16:43:17.360+0000] {dag.py:3036} INFO - Sync 1 DAGs
[2026-09-04T16:43:17.380+0000] {logging_mixin.py:188} INFO - [2026-09-04T16:43:17.379+0000] {dag.py:3823} INFO - Setting next_dagrun for air_quality_pipeline to 2026-09-04 16:05:00+00:00, run_after=2026-09-04 17:05:00+00:00
[2026-09-04T16:43:17.398+0000] {processor.py:183} INFO - Processing /opt/airflow/dags/spark_pipeline_dag.py took 0.087 seconds
[2026-09-04T16:43:47.815+0000] {processor.py:161} INFO - Started process (PID=58386) to work on /opt/airflow/dags/spark_pipeline_dag.py
[2026-09-04T16:43:47.816+0000] {processor.py:830} INFO - Processing file /opt/airflow/dags/spark_pipeline_dag.py for tasks to queue
[2026-09-04T16:43:47.817+0000] {logging_mixin.py:188} INFO - [2026-09-04T16:43:47.817+0000] {dagbag.py:538} INFO - Filling up the DagBag from /opt/airflow/dags/spark_pipeline_dag.py
[2026-09-04T16:43:47.852+0000] {processor.py:840} INFO - DAG(s) 'air_quality_pipeline' retrieved from /opt/airflow/dags/spark_pipeline_dag.py
[2026-09-04T16:43:47.909+0000] {logging_mixin.py:188} INFO - [2026-09-04T16:43:47.909+0000] {dag.py:3036} INFO - Sync 1 DAGs
[2026-09-04T16:43:47.937+0000] {logging_mixin.py:188} INFO - [2026-09-04T16:43:47.937+0000] {dag.py:3823} INFO - Setting next_dagrun for air_quality_pipeline to 2026-09-04 16:05:00+00:00, run_after=2026-09-04 17:05:00+00:00
[2026-09-04T16:43:47.966+0000] {processor.py:183} INFO - Processing /opt/airflow/dags/spark_pipeline_dag.py took 0.154 seconds
[2026-09-04T16:44:18.311+0000] {processor.py:161} INFO - Started process (PID=58396) to work on /opt/airflow/dags/spark_pipeline_dag.py
[2026-09-04T16:44:18.313+0000] {processor.py:830} INFO - Processing file /opt/airflow/dags/spark_pipeline_dag.py for tasks to queue
[2026-09-04T16:44:18.314+0000] {logging_mixin.py:188} INFO - [2026-09-04T16:44:18.313+0000] {dagbag.py:538} INFO - Filling up the DagBag from /opt/airflow/dags/spark_pipeline_dag.py
[2026-09-04T16:44:18.337+0000] {processor.py:840} INFO - DAG(s) 'air_quality_pipeline' retrieved from /opt/airflow/dags/spark_pipeline_dag.py
[2026-09-04T16:44:18.359+0000] {logging_mixin.py:188} INFO - [2026-09-04T16:44:18.359+0000] {dag.py:3036} INFO - Sync 1 DAGs
[2026-09-04T16:44:18.381+0000] {logging_mixin.py:188} INFO - [2026-09-04T16:44:18.381+0000] {dag.py:3823} INFO - Setting next_dagrun for air_quality_pipeline to 2026-09-04 16:05:00+00:00, run_after=2026-09-04 17:05:00+00:00
[2026-09-04T16:44:18.400+0000] {processor.py:183} INFO - Processing /opt/airflow/dags/spark_pipeline_dag.py took 0.092 seconds
[2026-09-04T16:44:48.715+0000] {processor.py:161} INFO - Started process (PID=58406) to work on /opt/airflow/dags/spark_pipeline_dag.py
[2026-09-04T16:44:48.716+0000] {processor.py:830} INFO - Processing file /opt/airflow/dags/spark_pipeline_dag.py for tasks to queue
[2026-09-04T16:44:48.717+0000] {logging_mixin.py:188} INFO - [2026-09-04T16:44:48.716+0000] {dagbag.py:538} INFO - Filling up the DagBag from /opt/airflow/dags/spark_pipeline_dag.py
[2026-09-04T16:44:48.736+0000] {processor.py:840} INFO - DAG(s) 'air_quality_pipeline' retrieved from /opt/airflow/dags/spark_pipeline_dag.py
[2026-09-04T16:44:48.754+0000] {logging_mixin.py:188} INFO - [2026-09-04T16:44:48.753+0000] {dag.py:3036} INFO - Sync 1 DAGs
[2026-09-04T16:44:48.774+0000] {logging_mixin.py:188} INFO - [2026-09-04T16:44:48.773+0000] {dag.py:3823} INFO - Setting next_dagrun for air_quality_pipeline to 2026-09-04 16:05:00+00:00, run_after=2026-09-04 17:05:00+00:00
[2026-09-04T16:44:48.791+0000] {processor.py:183} INFO - Processing /opt/airflow/dags/spark_pipeline_dag.py took 0.079 seconds
[2026-09-04T16:45:19.101+0000] {processor.py:161} INFO - Started process (PID=58416) to work on /opt/airflow/dags/spark_pipeline_dag.py
[2026-09-04T16:45:19.102+0000] {processor.py:830} INFO - Processing file /opt/airflow/dags/spark_pipeline_dag.py for tasks to queue
[2026-09-04T16:45:19.103+0000] {logging_mixin.py:188} INFO - [2026-09-04T16:45:19.103+0000] {dagbag.py:538} INFO - Filling up the DagBag from /opt/airflow/dags/spark_pipeline_dag.py
[2026-09-04T16:45:19.130+0000] {processor.py:840} INFO - DAG(s) 'air_quality_pipeline' retrieved from /opt/airflow/dags/spark_pipeline_dag.py
[2026-09-04T16:45:19.154+0000] {logging_mixin.py:188} INFO - [2026-09-04T16:45:19.153+0000] {dag.py:3036} INFO - Sync 1 DAGs
[2026-09-04T16:45:19.181+0000] {logging_mixin.py:188} INFO - [2026-09-04T16:45:19.181+0000] {dag.py:3823} INFO - Setting next_dagrun for air_quality_pipeline to 2026-09-04 16:05:00+00:00, run_after=2026-09-04 17:05:00+00:00
[2026-09-04T16:45:19.206+0000] {processor.py:183} INFO - Processing /opt/airflow/dags/spark_pipeline_dag.py took 0.108 seconds
[2026-09-04T16:45:49.551+0000] {processor.py:161} INFO - Started process (PID=58426) to work on /opt/airflow/dags/spark_pipeline_dag.py
[2026-09-04T16:45:49.552+0000] {processor.py:830} INFO - Processing file /opt/airflow/dags/spark_pipeline_dag.py for tasks to queue
[2026-09-04T16:45:49.554+0000] {logging_mixin.py:188} INFO - [2026-09-04T16:45:49.553+0000] {dagbag.py:538} INFO - Filling up the DagBag from /opt/airflow/dags/spark_pipeline_dag.py
[2026-09-04T16:45:49.579+0000] {processor.py:840} INFO - DAG(s) 'air_quality_pipeline' retrieved from /opt/airflow/dags/spark_pipeline_dag.py
[2026-09-04T16:45:49.600+0000] {logging_mixin.py:188} INFO - [2026-09-04T16:45:49.600+0000] {dag.py:3036} INFO - Sync 1 DAGs
[2026-09-04T16:45:49.621+0000] {logging_mixin.py:188} INFO - [2026-09-04T16:45:49.621+0000] {dag.py:3823} INFO - Setting next_dagrun for air_quality_pipeline to 2026-09-04 16:05:00+00:00, run_after=2026-09-04 17:05:00+00:00
[2026-09-04T16:45:49.642+0000] {processor.py:183} INFO - Processing /opt/airflow/dags/spark_pipeline_dag.py took 0.094 seconds
[2026-09-04T16:46:19.989+0000] {processor.py:161} INFO - Started process (PID=58436) to work on /opt/airflow/dags/spark_pipeline_dag.py
[2026-09-04T16:46:19.991+0000] {processor.py:830} INFO - Processing file /opt/airflow/dags/spark_pipeline_dag.py for tasks to queue
[2026-09-04T16:46:19.992+0000] {logging_mixin.py:188} INFO - [2026-09-04T16:46:19.992+0000] {dagbag.py:538} INFO - Filling up the DagBag from /opt/airflow/dags/spark_pipeline_dag.py
[2026-09-04T16:46:20.014+0000] {processor.py:840} INFO - DAG(s) 'air_quality_pipeline' retrieved from /opt/airflow/dags/spark_pipeline_dag.py
[2026-09-04T16:46:20.036+0000] {logging_mixin.py:188} INFO - [2026-09-04T16:46:20.035+0000] {dag.py:3036} INFO - Sync 1 DAGs
[2026-09-04T16:46:20.059+0000] {logging_mixin.py:188} INFO - [2026-09-04T16:46:20.059+0000] {dag.py:3823} INFO - Setting next_dagrun for air_quality_pipeline to 2026-09-04 16:05:00+00:00, run_after=2026-09-04 17:05:00+00:00
[2026-09-04T16:46:20.080+0000] {processor.py:183} INFO - Processing /opt/airflow/dags/spark_pipeline_dag.py took 0.093 seconds
[2026-09-04T16:46:50.407+0000] {processor.py:161} INFO - Started process (PID=58446) to work on /opt/airflow/dags/spark_pipeline_dag.py
[2026-09-04T16:46:50.408+0000] {processor.py:830} INFO - Processing file /opt/airflow/dags/spark_pipeline_dag.py for tasks to queue
[2026-09-04T16:46:50.409+0000] {logging_mixin.py:188} INFO - [2026-09-04T16:46:50.408+0000] {dagbag.py:538} INFO - Filling up the DagBag from /opt/airflow/dags/spark_pipeline_dag.py
[2026-09-04T16:46:50.429+0000] {processor.py:840} INFO - DAG(s) 'air_quality_pipeline' retrieved from /opt/airflow/dags/spark_pipeline_dag.py
[2026-09-04T16:46:50.454+0000] {logging_mixin.py:188} INFO - [2026-09-04T16:46:50.454+0000] {dag.py:3036} INFO - Sync 1 DAGs
[2026-09-04T16:46:50.482+0000] {logging_mixin.py:188} INFO - [2026-09-04T16:46:50.482+0000] {dag.py:3823} INFO - Setting next_dagrun for air_quality_pipeline to 2026-09-04 16:05:00+00:00, run_after=2026-09-04 17:05:00+00:00
[2026-09-04T16:46:50.504+0000] {processor.py:183} INFO - Processing /opt/airflow/dags/spark_pipeline_dag.py took 0.100 seconds
[2026-09-04T16:47:20.819+0000] {processor.py:161} INFO - Started process (PID=58456) to work on /opt/airflow/dags/spark_pipeline_dag.py
[2026-09-04T16:47:20.820+0000] {processor.py:830} INFO - Processing file /opt/airflow/dags/spark_pipeline_dag.py for tasks to queue
[2026-09-04T16:47:20.821+0000] {logging_mixin.py:188} INFO - [2026-09-04T16:47:20.820+0000] {dagbag.py:538} INFO - Filling up the DagBag from /opt/airflow/dags/spark_pipeline_dag.py
[2026-09-04T16:47:20.841+0000] {processor.py:840} INFO - DAG(s) 'air_quality_pipeline' retrieved from /opt/airflow/dags/spark_pipeline_dag.py
[2026-09-04T16:47:20.861+0000] {logging_mixin.py:188} INFO - [2026-09-04T16:47:20.861+0000] {dag.py:3036} INFO - Sync 1 DAGs
[2026-09-04T16:47:20.883+0000] {logging_mixin.py:188} INFO - [2026-09-04T16:47:20.882+0000] {dag.py:3823} INFO - Setting next_dagrun for air_quality_pipeline to 2026-09-04 16:05:00+00:00, run_after=2026-09-04 17:05:00+00:00
[2026-09-04T16:47:20.902+0000] {processor.py:183} INFO - Processing /opt/airflow/dags/spark_pipeline_dag.py took 0.086 seconds
[2026-09-04T16:47:51.200+0000] {processor.py:161} INFO - Started process (PID=58466) to work on /opt/airflow/dags/spark_pipeline_dag.py
[2026-09-04T16:47:51.201+0000] {processor.py:830} INFO - Processing file /opt/airflow/dags/spark_pipeline_dag.py for tasks to queue
[2026-09-04T16:47:51.202+0000] {logging_mixin.py:188} INFO - [2026-09-04T16:47:51.202+0000] {dagbag.py:538} INFO - Filling up the DagBag from /opt/airflow/dags/spark_pipeline_dag.py
[2026-09-04T16:47:51.231+0000] {processor.py:840} INFO - DAG(s) 'air_quality_pipeline' retrieved from /opt/airflow/dags/spark_pipeline_dag.py
[2026-09-04T16:47:51.256+0000] {logging_mixin.py:188} INFO - [2026-09-04T16:47:51.256+0000] {dag.py:3036} INFO - Sync 1 DAGs
[2026-09-04T16:47:51.278+0000] {logging_mixin.py:188} INFO - [2026-09-04T16:47:51.278+0000] {dag.py:3823} INFO - Setting next_dagrun for air_quality_pipeline to 2026-09-04 16:05:00+00:00, run_after=2026-09-04 17:05:00+00:00
[2026-09-04T16:47:51.301+0000] {processor.py:183} INFO - Processing /opt/airflow/dags/spark_pipeline_dag.py took 0.106 seconds
[2026-09-04T16:48:21.627+0000] {processor.py:161} INFO - Started process (PID=58476) to work on /opt/airflow/dags/spark_pipeline_dag.py
[2026-09-04T16:48:21.629+0000] {processor.py:830} INFO - Processing file /opt/airflow/dags/spark_pipeline_dag.py for tasks to queue
[2026-09-04T16:48:21.630+0000] {logging_mixin.py:188} INFO - [2026-09-04T16:48:21.630+0000] {dagbag.py:538} INFO - Filling up the DagBag from /opt/airflow/dags/spark_pipeline_dag.py
[2026-09-04T16:48:21.651+0000] {processor.py:840} INFO - DAG(s) 'air_quality_pipeline' retrieved from /opt/airflow/dags/spark_pipeline_dag.py
[2026-09-04T16:48:21.670+0000] {logging_mixin.py:188} INFO - [2026-09-04T16:48:21.669+0000] {dag.py:3036} INFO - Sync 1 DAGs
[2026-09-04T16:48:21.691+0000] {logging_mixin.py:188} INFO - [2026-09-04T16:48:21.691+0000] {dag.py:3823} INFO - Setting next_dagrun for air_quality_pipeline to 2026-09-04 16:05:00+00:00, run_after=2026-09-04 17:05:00+00:00
[2026-09-04T16:48:21.709+0000] {processor.py:183} INFO - Processing /opt/airflow/dags/spark_pipeline_dag.py took 0.085 seconds
[2026-09-04T16:48:52.146+0000] {processor.py:161} INFO - Started process (PID=58486) to work on /opt/airflow/dags/spark_pipeline_dag.py
[2026-09-04T16:48:52.147+0000] {processor.py:830} INFO - Processing file /opt/airflow/dags/spark_pipeline_dag.py for tasks to queue
[2026-09-04T16:48:52.148+0000] {logging_mixin.py:188} INFO - [2026-09-04T16:48:52.148+0000] {dagbag.py:538} INFO - Filling up the DagBag from /opt/airflow/dags/spark_pipeline_dag.py
[2026-09-04T16:48:52.172+0000] {processor.py:840} INFO - DAG(s) 'air_quality_pipeline' retrieved from /opt/airflow/dags/spark_pipeline_dag.py
[2026-09-04T16:48:52.192+0000] {logging_mixin.py:188} INFO - [2026-09-04T16:48:52.192+0000] {dag.py:3036} INFO - Sync 1 DAGs
[2026-09-04T16:48:52.213+0000] {logging_mixin.py:188} INFO - [2026-09-04T16:48:52.212+0000] {dag.py:3823} INFO - Setting next_dagrun for air_quality_pipeline to 2026-09-04 16:05:00+00:00, run_after=2026-09-04 17:05:00+00:00
[2026-09-04T16:48:52.231+0000] {processor.py:183} INFO - Processing /opt/airflow/dags/spark_pipeline_dag.py took 0.088 seconds
[2026-09-04T16:49:22.616+0000] {processor.py:161} INFO - Started process (PID=58496) to work on /opt/airflow/dags/spark_pipeline_dag.py
[2026-09-04T16:49:22.617+0000] {processor.py:830} INFO - Processing file /opt/airflow/dags/spark_pipeline_dag.py for tasks to queue
[2026-09-04T16:49:22.618+0000] {logging_mixin.py:188} INFO - [2026-09-04T16:49:22.617+0000] {dagbag.py:538} INFO - Filling up the DagBag from /opt/airflow/dags/spark_pipeline_dag.py
[2026-09-04T16:49:22.641+0000] {processor.py:840} INFO - DAG(s) 'air_quality_pipeline' retrieved from /opt/airflow/dags/spark_pipeline_dag.py
[2026-09-04T16:49:22.666+0000] {logging_mixin.py:188} INFO - [2026-09-04T16:49:22.666+0000] {dag.py:3036} INFO - Sync 1 DAGs
[2026-09-04T16:49:22.689+0000] {logging_mixin.py:188} INFO - [2026-09-04T16:49:22.689+0000] {dag.py:3823} INFO - Setting next_dagrun for air_quality_pipeline to 2026-09-04 16:05:00+00:00, run_after=2026-09-04 17:05:00+00:00
[2026-09-04T16:49:22.708+0000] {processor.py:183} INFO - Processing /opt/airflow/dags/spark_pipeline_dag.py took 0.096 seconds
[2026-09-04T16:49:53.147+0000] {processor.py:161} INFO - Started process (PID=58506) to work on /opt/airflow/dags/spark_pipeline_dag.py
[2026-09-04T16:49:53.148+0000] {processor.py:830} INFO - Processing file /opt/airflow/dags/spark_pipeline_dag.py for tasks to queue
[2026-09-04T16:49:53.149+0000] {logging_mixin.py:188} INFO - [2026-09-04T16:49:53.149+0000] {dagbag.py:538} INFO - Filling up the DagBag from /opt/airflow/dags/spark_pipeline_dag.py
[2026-09-04T16:49:53.169+0000] {processor.py:840} INFO - DAG(s) 'air_quality_pipeline' retrieved from /opt/airflow/dags/spark_pipeline_dag.py
[2026-09-04T16:49:53.187+0000] {logging_mixin.py:188} INFO - [2026-09-04T16:49:53.186+0000] {dag.py:3036} INFO - Sync 1 DAGs
[2026-09-04T16:49:53.208+0000] {logging_mixin.py:188} INFO - [2026-09-04T16:49:53.207+0000] {dag.py:3823} INFO - Setting next_dagrun for air_quality_pipeline to 2026-09-04 16:05:00+00:00, run_after=2026-09-04 17:05:00+00:00
[2026-09-04T16:49:53.228+0000] {processor.py:183} INFO - Processing /opt/airflow/dags/spark_pipeline_dag.py took 0.084 seconds
[2026-09-04T16:50:23.662+0000] {processor.py:161} INFO - Started process (PID=58516) to work on /opt/airflow/dags/spark_pipeline_dag.py
[2026-09-04T16:50:23.663+0000] {processor.py:830} INFO - Processing file /opt/airflow/dags/spark_pipeline_dag.py for tasks to queue
[2026-09-04T16:50:23.664+0000] {logging_mixin.py:188} INFO - [2026-09-04T16:50:23.664+0000] {dagbag.py:538} INFO - Filling up the DagBag from /opt/airflow/dags/spark_pipeline_dag.py
[2026-09-04T16:50:23.688+0000] {processor.py:840} INFO - DAG(s) 'air_quality_pipeline' retrieved from /opt/airflow/dags/spark_pipeline_dag.py
[2026-09-04T16:50:23.710+0000] {logging_mixin.py:188} INFO - [2026-09-04T16:50:23.709+0000] {dag.py:3036} INFO - Sync 1 DAGs
[2026-09-04T16:50:23.733+0000] {logging_mixin.py:188} INFO - [2026-09-04T16:50:23.733+0000] {dag.py:3823} INFO - Setting next_dagrun for air_quality_pipeline to 2026-09-04 16:05:00+00:00, run_after=2026-09-04 17:05:00+00:00
[2026-09-04T16:50:23.754+0000] {processor.py:183} INFO - Processing /opt/airflow/dags/spark_pipeline_dag.py took 0.095 seconds
[2026-09-04T16:50:54.230+0000] {processor.py:161} INFO - Started process (PID=58526) to work on /opt/airflow/dags/spark_pipeline_dag.py
[2026-09-04T16:50:54.231+0000] {processor.py:830} INFO - Processing file /opt/airflow/dags/spark_pipeline_dag.py for tasks to queue
[2026-09-04T16:50:54.232+0000] {logging_mixin.py:188} INFO - [2026-09-04T16:50:54.232+0000] {dagbag.py:538} INFO - Filling up the DagBag from /opt/airflow/dags/spark_pipeline_dag.py
[2026-09-04T16:50:54.255+0000] {processor.py:840} INFO - DAG(s) 'air_quality_pipeline' retrieved from /opt/airflow/dags/spark_pipeline_dag.py
[2026-09-04T16:50:54.275+0000] {logging_mixin.py:188} INFO - [2026-09-04T16:50:54.275+0000] {dag.py:3036} INFO - Sync 1 DAGs
[2026-09-04T16:50:54.297+0000] {logging_mixin.py:188} INFO - [2026-09-04T16:50:54.296+0000] {dag.py:3823} INFO - Setting next_dagrun for air_quality_pipeline to 2026-09-04 16:05:00+00:00, run_after=2026-09-04 17:05:00+00:00
[2026-09-04T16:50:54.317+0000] {processor.py:183} INFO - Processing /opt/airflow/dags/spark_pipeline_dag.py took 0.090 seconds
[2026-09-04T16:51:24.786+0000] {processor.py:161} INFO - Started process (PID=58536) to work on /opt/airflow/dags/spark_pipeline_dag.py
[2026-09-04T16:51:24.787+0000] {processor.py:830} INFO - Processing file /opt/airflow/dags/spark_pipeline_dag.py for tasks to queue
[2026-09-04T16:51:24.789+0000] {logging_mixin.py:188} INFO - [2026-09-04T16:51:24.788+0000] {dagbag.py:538} INFO - Filling up the DagBag from /opt/airflow/dags/spark_pipeline_dag.py
[2026-09-04T16:51:24.813+0000] {processor.py:840} INFO - DAG(s) 'air_quality_pipeline' retrieved from /opt/airflow/dags/spark_pipeline_dag.py
[2026-09-04T16:51:24.832+0000] {logging_mixin.py:188} INFO - [2026-09-04T16:51:24.831+0000] {dag.py:3036} INFO - Sync 1 DAGs
[2026-09-04T16:51:24.851+0000] {logging_mixin.py:188} INFO - [2026-09-04T16:51:24.851+0000] {dag.py:3823} INFO - Setting next_dagrun for air_quality_pipeline to 2026-09-04 16:05:00+00:00, run_after=2026-09-04 17:05:00+00:00
[2026-09-04T16:51:24.870+0000] {processor.py:183} INFO - Processing /opt/airflow/dags/spark_pipeline_dag.py took 0.088 seconds
[2026-09-04T16:51:55.216+0000] {processor.py:161} INFO - Started process (PID=58546) to work on /opt/airflow/dags/spark_pipeline_dag.py
[2026-09-04T16:51:55.218+0000] {processor.py:830} INFO - Processing file /opt/airflow/dags/spark_pipeline_dag.py for tasks to queue
[2026-09-04T16:51:55.219+0000] {logging_mixin.py:188} INFO - [2026-09-04T16:51:55.218+0000] {dagbag.py:538} INFO - Filling up the DagBag from /opt/airflow/dags/spark_pipeline_dag.py
[2026-09-04T16:51:55.243+0000] {processor.py:840} INFO - DAG(s) 'air_quality_pipeline' retrieved from /opt/airflow/dags/spark_pipeline_dag.py
[2026-09-04T16:51:55.264+0000] {logging_mixin.py:188} INFO - [2026-09-04T16:51:55.264+0000] {dag.py:3036} INFO - Sync 1 DAGs
[2026-09-04T16:51:55.289+0000] {logging_mixin.py:188} INFO - [2026-09-04T16:51:55.289+0000] {dag.py:3823} INFO - Setting next_dagrun for air_quality_pipeline to 2026-09-04 16:05:00+00:00, run_after=2026-09-04 17:05:00+00:00
[2026-09-04T16:51:55.317+0000] {processor.py:183} INFO - Processing /opt/airflow/dags/spark_pipeline_dag.py took 0.104 seconds
[2026-09-04T16:52:25.737+0000] {processor.py:161} INFO - Started process (PID=58556) to work on /opt/airflow/dags/spark_pipeline_dag.py
[2026-09-04T16:52:25.738+0000] {processor.py:830} INFO - Processing file /opt/airflow/dags/spark_pipeline_dag.py for tasks to queue
[2026-09-04T16:52:25.739+0000] {logging_mixin.py:188} INFO - [2026-09-04T16:52:25.738+0000] {dagbag.py:538} INFO - Filling up the DagBag from /opt/airflow/dags/spark_pipeline_dag.py
[2026-09-04T16:52:25.764+0000] {processor.py:840} INFO - DAG(s) 'air_quality_pipeline' retrieved from /opt/airflow/dags/spark_pipeline_dag.py
[2026-09-04T16:52:25.783+0000] {logging_mixin.py:188} INFO - [2026-09-04T16:52:25.783+0000] {dag.py:3036} INFO - Sync 1 DAGs
[2026-09-04T16:52:25.804+0000] {logging_mixin.py:188} INFO - [2026-09-04T16:52:25.804+0000] {dag.py:3823} INFO - Setting next_dagrun for air_quality_pipeline to 2026-09-04 16:05:00+00:00, run_after=2026-09-04 17:05:00+00:00
[2026-09-04T16:52:25.825+0000] {processor.py:183} INFO - Processing /opt/airflow/dags/spark_pipeline_dag.py took 0.091 seconds
[2026-09-04T16:52:56.307+0000] {processor.py:161} INFO - Started process (PID=58566) to work on /opt/airflow/dags/spark_pipeline_dag.py
[2026-09-04T16:52:56.308+0000] {processor.py:830} INFO - Processing file /opt/airflow/dags/spark_pipeline_dag.py for tasks to queue
[2026-09-04T16:52:56.309+0000] {logging_mixin.py:188} INFO - [2026-09-04T16:52:56.309+0000] {dagbag.py:538} INFO - Filling up the DagBag from /opt/airflow/dags/spark_pipeline_dag.py
[2026-09-04T16:52:56.334+0000] {processor.py:840} INFO - DAG(s) 'air_quality_pipeline' retrieved from /opt/airflow/dags/spark_pipeline_dag.py
[2026-09-04T16:52:56.355+0000] {logging_mixin.py:188} INFO - [2026-09-04T16:52:56.354+0000] {dag.py:3036} INFO - Sync 1 DAGs
[2026-09-04T16:52:56.377+0000] {logging_mixin.py:188} INFO - [2026-09-04T16:52:56.377+0000] {dag.py:3823} INFO - Setting next_dagrun for air_quality_pipeline to 2026-09-04 16:05:00+00:00, run_after=2026-09-04 17:05:00+00:00
[2026-09-04T16:52:56.399+0000] {processor.py:183} INFO - Processing /opt/airflow/dags/spark_pipeline_dag.py took 0.094 seconds
[2026-09-04T16:53:26.814+0000] {processor.py:161} INFO - Started process (PID=58576) to work on /opt/airflow/dags/spark_pipeline_dag.py
[2026-09-04T16:53:26.816+0000] {processor.py:830} INFO - Processing file /opt/airflow/dags/spark_pipeline_dag.py for tasks to queue
[2026-09-04T16:53:26.817+0000] {logging_mixin.py:188} INFO - [2026-09-04T16:53:26.816+0000] {dagbag.py:538} INFO - Filling up the DagBag from /opt/airflow/dags/spark_pipeline_dag.py
[2026-09-04T16:53:26.838+0000] {processor.py:840} INFO - DAG(s) 'air_quality_pipeline' retrieved from /opt/airflow/dags/spark_pipeline_dag.py
[2026-09-04T16:53:26.862+0000] {logging_mixin.py:188} INFO - [2026-09-04T16:53:26.861+0000] {dag.py:3036} INFO - Sync 1 DAGs
[2026-09-04T16:53:26.881+0000] {logging_mixin.py:188} INFO - [2026-09-04T16:53:26.881+0000] {dag.py:3823} INFO - Setting next_dagrun for air_quality_pipeline to 2026-09-04 16:05:00+00:00, run_after=2026-09-04 17:05:00+00:00
[2026-09-04T16:53:26.898+0000] {processor.py:183} INFO - Processing /opt/airflow/dags/spark_pipeline_dag.py took 0.087 seconds
[2026-09-04T16:53:57.510+0000] {processor.py:161} INFO - Started process (PID=58586) to work on /opt/airflow/dags/spark_pipeline_dag.py
[2026-09-04T16:53:57.511+0000] {processor.py:830} INFO - Processing file /opt/airflow/dags/spark_pipeline_dag.py for tasks to queue
[2026-09-04T16:53:57.512+0000] {logging_mixin.py:188} INFO - [2026-09-04T16:53:57.511+0000] {dagbag.py:538} INFO - Filling up the DagBag from /opt/airflow/dags/spark_pipeline_dag.py
[2026-09-04T16:53:57.534+0000] {processor.py:840} INFO - DAG(s) 'air_quality_pipeline' retrieved from /opt/airflow/dags/spark_pipeline_dag.py
[2026-09-04T16:53:57.553+0000] {logging_mixin.py:188} INFO - [2026-09-04T16:53:57.553+0000] {dag.py:3036} INFO - Sync 1 DAGs
[2026-09-04T16:53:57.573+0000] {logging_mixin.py:188} INFO - [2026-09-04T16:53:57.572+0000] {dag.py:3823} INFO - Setting next_dagrun for air_quality_pipeline to 2026-09-04 16:05:00+00:00, run_after=2026-09-04 17:05:00+00:00
[2026-09-04T16:53:57.594+0000] {processor.py:183} INFO - Processing /opt/airflow/dags/spark_pipeline_dag.py took 0.087 seconds
[2026-09-04T16:54:28.227+0000] {processor.py:161} INFO - Started process (PID=58596) to work on /opt/airflow/dags/spark_pipeline_dag.py
[2026-09-04T16:54:28.229+0000] {processor.py:830} INFO - Processing file /opt/airflow/dags/spark_pipeline_dag.py for tasks to queue
[2026-09-04T16:54:28.231+0000] {logging_mixin.py:188} INFO - [2026-09-04T16:54:28.231+0000] {dagbag.py:538} INFO - Filling up the DagBag from /opt/airflow/dags/spark_pipeline_dag.py
[2026-09-04T16:54:28.251+0000] {processor.py:840} INFO - DAG(s) 'air_quality_pipeline' retrieved from /opt/airflow/dags/spark_pipeline_dag.py
[2026-09-04T16:54:28.270+0000] {logging_mixin.py:188} INFO - [2026-09-04T16:54:28.270+0000] {dag.py:3036} INFO - Sync 1 DAGs
[2026-09-04T16:54:28.289+0000] {logging_mixin.py:188} INFO - [2026-09-04T16:54:28.289+0000] {dag.py:3823} INFO - Setting next_dagrun for air_quality_pipeline to 2026-09-04 16:05:00+00:00, run_after=2026-09-04 17:05:00+00:00
[2026-09-04T16:54:28.308+0000] {processor.py:183} INFO - Processing /opt/airflow/dags/spark_pipeline_dag.py took 0.083 seconds
[2026-09-04T16:54:58.639+0000] {processor.py:161} INFO - Started process (PID=58606) to work on /opt/airflow/dags/spark_pipeline_dag.py
[2026-09-04T16:54:58.640+0000] {processor.py:830} INFO - Processing file /opt/airflow/dags/spark_pipeline_dag.py for tasks to queue
[2026-09-04T16:54:58.641+0000] {logging_mixin.py:188} INFO - [2026-09-04T16:54:58.641+0000] {dagbag.py:538} INFO - Filling up the DagBag from /opt/airflow/dags/spark_pipeline_dag.py
[2026-09-04T16:54:58.664+0000] {processor.py:840} INFO - DAG(s) 'air_quality_pipeline' retrieved from /opt/airflow/dags/spark_pipeline_dag.py
[2026-09-04T16:54:58.683+0000] {logging_mixin.py:188} INFO - [2026-09-04T16:54:58.682+0000] {dag.py:3036} INFO - Sync 1 DAGs
[2026-09-04T16:54:58.702+0000] {logging_mixin.py:188} INFO - [2026-09-04T16:54:58.701+0000] {dag.py:3823} INFO - Setting next_dagrun for air_quality_pipeline to 2026-09-04 16:05:00+00:00, run_after=2026-09-04 17:05:00+00:00
[2026-09-04T16:54:58.720+0000] {processor.py:183} INFO - Processing /opt/airflow/dags/spark_pipeline_dag.py took 0.084 seconds
[2026-09-04T16:55:29.080+0000] {processor.py:161} INFO - Started process (PID=58616) to work on /opt/airflow/dags/spark_pipeline_dag.py
[2026-09-04T16:55:29.081+0000] {processor.py:830} INFO - Processing file /opt/airflow/dags/spark_pipeline_dag.py for tasks to queue
[2026-09-04T16:55:29.082+0000] {logging_mixin.py:188} INFO - [2026-09-04T16:55:29.081+0000] {dagbag.py:538} INFO - Filling up the DagBag from /opt/airflow/dags/spark_pipeline_dag.py
[2026-09-04T16:55:29.103+0000] {processor.py:840} INFO - DAG(s) 'air_quality_pipeline' retrieved from /opt/airflow/dags/spark_pipeline_dag.py
[2026-09-04T16:55:29.122+0000] {logging_mixin.py:188} INFO - [2026-09-04T16:55:29.122+0000] {dag.py:3036} INFO - Sync 1 DAGs
[2026-09-04T16:55:29.142+0000] {logging_mixin.py:188} INFO - [2026-09-04T16:55:29.142+0000] {dag.py:3823} INFO - Setting next_dagrun for air_quality_pipeline to 2026-09-04 16:05:00+00:00, run_after=2026-09-04 17:05:00+00:00
[2026-09-04T16:55:29.160+0000] {processor.py:183} INFO - Processing /opt/airflow/dags/spark_pipeline_dag.py took 0.083 seconds
[2026-09-04T16:55:59.590+0000] {processor.py:161} INFO - Started process (PID=58626) to work on /opt/airflow/dags/spark_pipeline_dag.py
[2026-09-04T16:55:59.591+0000] {processor.py:830} INFO - Processing file /opt/airflow/dags/spark_pipeline_dag.py for tasks to queue
[2026-09-04T16:55:59.593+0000] {logging_mixin.py:188} INFO - [2026-09-04T16:55:59.592+0000] {dagbag.py:538} INFO - Filling up the DagBag from /opt/airflow/dags/spark_pipeline_dag.py
[2026-09-04T16:55:59.621+0000] {processor.py:840} INFO - DAG(s) 'air_quality_pipeline' retrieved from /opt/airflow/dags/spark_pipeline_dag.py
[2026-09-04T16:55:59.649+0000] {logging_mixin.py:188} INFO - [2026-09-04T16:55:59.649+0000] {dag.py:3036} INFO - Sync 1 DAGs
[2026-09-04T16:55:59.672+0000] {logging_mixin.py:188} INFO - [2026-09-04T16:55:59.672+0000] {dag.py:3823} INFO - Setting next_dagrun for air_quality_pipeline to 2026-09-04 16:05:00+00:00, run_after=2026-09-04 17:05:00+00:00
[2026-09-04T16:55:59.694+0000] {processor.py:183} INFO - Processing /opt/airflow/dags/spark_pipeline_dag.py took 0.107 seconds
[2026-09-04T16:56:30.119+0000] {processor.py:161} INFO - Started process (PID=58636) to work on /opt/airflow/dags/spark_pipeline_dag.py
[2026-09-04T16:56:30.120+0000] {processor.py:830} INFO - Processing file /opt/airflow/dags/spark_pipeline_dag.py for tasks to queue
[2026-09-04T16:56:30.122+0000] {logging_mixin.py:188} INFO - [2026-09-04T16:56:30.121+0000] {dagbag.py:538} INFO - Filling up the DagBag from /opt/airflow/dags/spark_pipeline_dag.py
[2026-09-04T16:56:30.143+0000] {processor.py:840} INFO - DAG(s) 'air_quality_pipeline' retrieved from /opt/airflow/dags/spark_pipeline_dag.py
[2026-09-04T16:56:30.165+0000] {logging_mixin.py:188} INFO - [2026-09-04T16:56:30.165+0000] {dag.py:3036} INFO - Sync 1 DAGs
[2026-09-04T16:56:30.195+0000] {logging_mixin.py:188} INFO - [2026-09-04T16:56:30.194+0000] {dag.py:3823} INFO - Setting next_dagrun for air_quality_pipeline to 2026-09-04 16:05:00+00:00, run_after=2026-09-04 17:05:00+00:00
[2026-09-04T16:56:30.218+0000] {processor.py:183} INFO - Processing /opt/airflow/dags/spark_pipeline_dag.py took 0.102 seconds
[2026-09-04T16:57:00.650+0000] {processor.py:161} INFO - Started process (PID=58646) to work on /opt/airflow/dags/spark_pipeline_dag.py
[2026-09-04T16:57:00.652+0000] {processor.py:830} INFO - Processing file /opt/airflow/dags/spark_pipeline_dag.py for tasks to queue
[2026-09-04T16:57:00.653+0000] {logging_mixin.py:188} INFO - [2026-09-04T16:57:00.653+0000] {dagbag.py:538} INFO - Filling up the DagBag from /opt/airflow/dags/spark_pipeline_dag.py
[2026-09-04T16:57:00.673+0000] {processor.py:840} INFO - DAG(s) 'air_quality_pipeline' retrieved from /opt/airflow/dags/spark_pipeline_dag.py
[2026-09-04T16:57:00.693+0000] {logging_mixin.py:188} INFO - [2026-09-04T16:57:00.693+0000] {dag.py:3036} INFO - Sync 1 DAGs
[2026-09-04T16:57:00.714+0000] {logging_mixin.py:188} INFO - [2026-09-04T16:57:00.714+0000] {dag.py:3823} INFO - Setting next_dagrun for air_quality_pipeline to 2026-09-04 16:05:00+00:00, run_after=2026-09-04 17:05:00+00:00
[2026-09-04T16:57:00.736+0000] {processor.py:183} INFO - Processing /opt/airflow/dags/spark_pipeline_dag.py took 0.088 seconds
[2026-09-04T16:57:31.082+0000] {processor.py:161} INFO - Started process (PID=58656) to work on /opt/airflow/dags/spark_pipeline_dag.py
[2026-09-04T16:57:31.083+0000] {processor.py:830} INFO - Processing file /opt/airflow/dags/spark_pipeline_dag.py for tasks to queue
[2026-09-04T16:57:31.084+0000] {logging_mixin.py:188} INFO - [2026-09-04T16:57:31.084+0000] {dagbag.py:538} INFO - Filling up the DagBag from /opt/airflow/dags/spark_pipeline_dag.py
[2026-09-04T16:57:31.108+0000] {processor.py:840} INFO - DAG(s) 'air_quality_pipeline' retrieved from /opt/airflow/dags/spark_pipeline_dag.py
[2026-09-04T16:57:31.132+0000] {logging_mixin.py:188} INFO - [2026-09-04T16:57:31.132+0000] {dag.py:3036} INFO - Sync 1 DAGs
[2026-09-04T16:57:31.155+0000] {logging_mixin.py:188} INFO - [2026-09-04T16:57:31.155+0000] {dag.py:3823} INFO - Setting next_dagrun for air_quality_pipeline to 2026-09-04 16:05:00+00:00, run_after=2026-09-04 17:05:00+00:00
[2026-09-04T16:57:31.180+0000] {processor.py:183} INFO - Processing /opt/airflow/dags/spark_pipeline_dag.py took 0.100 seconds
[2026-09-04T16:58:01.623+0000] {processor.py:161} INFO - Started process (PID=58666) to work on /opt/airflow/dags/spark_pipeline_dag.py
[2026-09-04T16:58:01.625+0000] {processor.py:830} INFO - Processing file /opt/airflow/dags/spark_pipeline_dag.py for tasks to queue
[2026-09-04T16:58:01.626+0000] {logging_mixin.py:188} INFO - [2026-09-04T16:58:01.626+0000] {dagbag.py:538} INFO - Filling up the DagBag from /opt/airflow/dags/spark_pipeline_dag.py
[2026-09-04T16:58:01.646+0000] {processor.py:840} INFO - DAG(s) 'air_quality_pipeline' retrieved from /opt/airflow/dags/spark_pipeline_dag.py
[2026-09-04T16:58:01.665+0000] {logging_mixin.py:188} INFO - [2026-09-04T16:58:01.665+0000] {dag.py:3036} INFO - Sync 1 DAGs
[2026-09-04T16:58:01.684+0000] {logging_mixin.py:188} INFO - [2026-09-04T16:58:01.684+0000] {dag.py:3823} INFO - Setting next_dagrun for air_quality_pipeline to 2026-09-04 16:05:00+00:00, run_after=2026-09-04 17:05:00+00:00
[2026-09-04T16:58:01.706+0000] {processor.py:183} INFO - Processing /opt/airflow/dags/spark_pipeline_dag.py took 0.086 seconds
[2026-09-04T16:58:32.099+0000] {processor.py:161} INFO - Started process (PID=58676) to work on /opt/airflow/dags/spark_pipeline_dag.py
[2026-09-04T16:58:32.100+0000] {processor.py:830} INFO - Processing file /opt/airflow/dags/spark_pipeline_dag.py for tasks to queue
[2026-09-04T16:58:32.101+0000] {logging_mixin.py:188} INFO - [2026-09-04T16:58:32.101+0000] {dagbag.py:538} INFO - Filling up the DagBag from /opt/airflow/dags/spark_pipeline_dag.py
[2026-09-04T16:58:32.127+0000] {processor.py:840} INFO - DAG(s) 'air_quality_pipeline' retrieved from /opt/airflow/dags/spark_pipeline_dag.py
[2026-09-04T16:58:32.150+0000] {logging_mixin.py:188} INFO - [2026-09-04T16:58:32.150+0000] {dag.py:3036} INFO - Sync 1 DAGs
[2026-09-04T16:58:32.173+0000] {logging_mixin.py:188} INFO - [2026-09-04T16:58:32.173+0000] {dag.py:3823} INFO - Setting next_dagrun for air_quality_pipeline to 2026-09-04 16:05:00+00:00, run_after=2026-09-04 17:05:00+00:00
[2026-09-04T16:58:32.198+0000] {processor.py:183} INFO - Processing /opt/airflow/dags/spark_pipeline_dag.py took 0.102 seconds
[2026-09-04T16:59:02.536+0000] {processor.py:161} INFO - Started process (PID=58686) to work on /opt/airflow/dags/spark_pipeline_dag.py
[2026-09-04T16:59:02.537+0000] {processor.py:830} INFO - Processing file /opt/airflow/dags/spark_pipeline_dag.py for tasks to queue
[2026-09-04T16:59:02.539+0000] {logging_mixin.py:188} INFO - [2026-09-04T16:59:02.539+0000] {dagbag.py:538} INFO - Filling up the DagBag from /opt/airflow/dags/spark_pipeline_dag.py
[2026-09-04T16:59:02.560+0000] {processor.py:840} INFO - DAG(s) 'air_quality_pipeline' retrieved from /opt/airflow/dags/spark_pipeline_dag.py
[2026-09-04T16:59:02.578+0000] {logging_mixin.py:188} INFO - [2026-09-04T16:59:02.577+0000] {dag.py:3036} INFO - Sync 1 DAGs
[2026-09-04T16:59:02.598+0000] {logging_mixin.py:188} INFO - [2026-09-04T16:59:02.598+0000] {dag.py:3823} INFO - Setting next_dagrun for air_quality_pipeline to 2026-09-04 16:05:00+00:00, run_after=2026-09-04 17:05:00+00:00
[2026-09-04T16:59:02.617+0000] {processor.py:183} INFO - Processing /opt/airflow/dags/spark_pipeline_dag.py took 0.084 seconds
[2026-09-04T16:59:32.967+0000] {processor.py:161} INFO - Started process (PID=58696) to work on /opt/airflow/dags/spark_pipeline_dag.py
[2026-09-04T16:59:32.968+0000] {processor.py:830} INFO - Processing file /opt/airflow/dags/spark_pipeline_dag.py for tasks to queue
[2026-09-04T16:59:32.970+0000] {logging_mixin.py:188} INFO - [2026-09-04T16:59:32.969+0000] {dagbag.py:538} INFO - Filling up the DagBag from /opt/airflow/dags/spark_pipeline_dag.py
[2026-09-04T16:59:33.000+0000] {processor.py:840} INFO - DAG(s) 'air_quality_pipeline' retrieved from /opt/airflow/dags/spark_pipeline_dag.py
[2026-09-04T16:59:33.022+0000] {logging_mixin.py:188} INFO - [2026-09-04T16:59:33.022+0000] {dag.py:3036} INFO - Sync 1 DAGs
[2026-09-04T16:59:33.045+0000] {logging_mixin.py:188} INFO - [2026-09-04T16:59:33.045+0000] {dag.py:3823} INFO - Setting next_dagrun for air_quality_pipeline to 2026-09-04 16:05:00+00:00, run_after=2026-09-04 17:05:00+00:00
[2026-09-04T16:59:33.068+0000] {processor.py:183} INFO - Processing /opt/airflow/dags/spark_pipeline_dag.py took 0.104 seconds
[2026-09-04T17:00:03.393+0000] {processor.py:161} INFO - Started process (PID=58708) to work on /opt/airflow/dags/spark_pipeline_dag.py
[2026-09-04T17:00:03.394+0000] {processor.py:830} INFO - Processing file /opt/airflow/dags/spark_pipeline_dag.py for tasks to queue
[2026-09-04T17:00:03.396+0000] {logging_mixin.py:188} INFO - [2026-09-04T17:00:03.395+0000] {dagbag.py:538} INFO - Filling up the DagBag from /opt/airflow/dags/spark_pipeline_dag.py
[2026-09-04T17:00:03.418+0000] {processor.py:840} INFO - DAG(s) 'air_quality_pipeline' retrieved from /opt/airflow/dags/spark_pipeline_dag.py
[2026-09-04T17:00:03.441+0000] {logging_mixin.py:188} INFO - [2026-09-04T17:00:03.441+0000] {dag.py:3036} INFO - Sync 1 DAGs
[2026-09-04T17:00:03.483+0000] {logging_mixin.py:188} INFO - [2026-09-04T17:00:03.483+0000] {dag.py:3823} INFO - Setting next_dagrun for air_quality_pipeline to 2026-09-04 16:05:00+00:00, run_after=2026-09-04 17:05:00+00:00
[2026-09-04T17:00:03.511+0000] {processor.py:183} INFO - Processing /opt/airflow/dags/spark_pipeline_dag.py took 0.122 seconds
[2026-09-04T17:00:33.855+0000] {processor.py:161} INFO - Started process (PID=58718) to work on /opt/airflow/dags/spark_pipeline_dag.py
[2026-09-04T17:00:33.857+0000] {processor.py:830} INFO - Processing file /opt/airflow/dags/spark_pipeline_dag.py for tasks to queue
[2026-09-04T17:00:33.858+0000] {logging_mixin.py:188} INFO - [2026-09-04T17:00:33.857+0000] {dagbag.py:538} INFO - Filling up the DagBag from /opt/airflow/dags/spark_pipeline_dag.py
[2026-09-04T17:00:33.882+0000] {processor.py:840} INFO - DAG(s) 'air_quality_pipeline' retrieved from /opt/airflow/dags/spark_pipeline_dag.py
[2026-09-04T17:00:33.903+0000] {logging_mixin.py:188} INFO - [2026-09-04T17:00:33.903+0000] {dag.py:3036} INFO - Sync 1 DAGs
[2026-09-04T17:00:33.928+0000] {logging_mixin.py:188} INFO - [2026-09-04T17:00:33.927+0000] {dag.py:3823} INFO - Setting next_dagrun for air_quality_pipeline to 2026-09-04 16:05:00+00:00, run_after=2026-09-04 17:05:00+00:00
[2026-09-04T17:00:33.950+0000] {processor.py:183} INFO - Processing /opt/airflow/dags/spark_pipeline_dag.py took 0.098 seconds
[2026-09-04T17:01:04.371+0000] {processor.py:161} INFO - Started process (PID=58728) to work on /opt/airflow/dags/spark_pipeline_dag.py
[2026-09-04T17:01:04.372+0000] {processor.py:830} INFO - Processing file /opt/airflow/dags/spark_pipeline_dag.py for tasks to queue
[2026-09-04T17:01:04.373+0000] {logging_mixin.py:188} INFO - [2026-09-04T17:01:04.373+0000] {dagbag.py:538} INFO - Filling up the DagBag from /opt/airflow/dags/spark_pipeline_dag.py
[2026-09-04T17:01:04.395+0000] {processor.py:840} INFO - DAG(s) 'air_quality_pipeline' retrieved from /opt/airflow/dags/spark_pipeline_dag.py
[2026-09-04T17:01:04.416+0000] {logging_mixin.py:188} INFO - [2026-09-04T17:01:04.416+0000] {dag.py:3036} INFO - Sync 1 DAGs
[2026-09-04T17:01:04.437+0000] {logging_mixin.py:188} INFO - [2026-09-04T17:01:04.437+0000] {dag.py:3823} INFO - Setting next_dagrun for air_quality_pipeline to 2026-09-04 16:05:00+00:00, run_after=2026-09-04 17:05:00+00:00
[2026-09-04T17:01:04.457+0000] {processor.py:183} INFO - Processing /opt/airflow/dags/spark_pipeline_dag.py took 0.089 seconds
[2026-09-04T17:01:34.949+0000] {processor.py:161} INFO - Started process (PID=58738) to work on /opt/airflow/dags/spark_pipeline_dag.py
[2026-09-04T17:01:34.950+0000] {processor.py:830} INFO - Processing file /opt/airflow/dags/spark_pipeline_dag.py for tasks to queue
[2026-09-04T17:01:34.951+0000] {logging_mixin.py:188} INFO - [2026-09-04T17:01:34.951+0000] {dagbag.py:538} INFO - Filling up the DagBag from /opt/airflow/dags/spark_pipeline_dag.py
[2026-09-04T17:01:34.976+0000] {processor.py:840} INFO - DAG(s) 'air_quality_pipeline' retrieved from /opt/airflow/dags/spark_pipeline_dag.py
[2026-09-04T17:01:35.002+0000] {logging_mixin.py:188} INFO - [2026-09-04T17:01:35.001+0000] {dag.py:3036} INFO - Sync 1 DAGs
[2026-09-04T17:01:35.021+0000] {logging_mixin.py:188} INFO - [2026-09-04T17:01:35.021+0000] {dag.py:3823} INFO - Setting next_dagrun for air_quality_pipeline to 2026-09-04 16:05:00+00:00, run_after=2026-09-04 17:05:00+00:00
[2026-09-04T17:01:35.041+0000] {processor.py:183} INFO - Processing /opt/airflow/dags/spark_pipeline_dag.py took 0.095 seconds
[2026-09-04T17:02:05.451+0000] {processor.py:161} INFO - Started process (PID=58748) to work on /opt/airflow/dags/spark_pipeline_dag.py
[2026-09-04T17:02:05.452+0000] {processor.py:830} INFO - Processing file /opt/airflow/dags/spark_pipeline_dag.py for tasks to queue
[2026-09-04T17:02:05.454+0000] {logging_mixin.py:188} INFO - [2026-09-04T17:02:05.454+0000] {dagbag.py:538} INFO - Filling up the DagBag from /opt/airflow/dags/spark_pipeline_dag.py
[2026-09-04T17:02:05.475+0000] {processor.py:840} INFO - DAG(s) 'air_quality_pipeline' retrieved from /opt/airflow/dags/spark_pipeline_dag.py
[2026-09-04T17:02:05.497+0000] {logging_mixin.py:188} INFO - [2026-09-04T17:02:05.497+0000] {dag.py:3036} INFO - Sync 1 DAGs
[2026-09-04T17:02:05.516+0000] {logging_mixin.py:188} INFO - [2026-09-04T17:02:05.516+0000] {dag.py:3823} INFO - Setting next_dagrun for air_quality_pipeline to 2026-09-04 16:05:00+00:00, run_after=2026-09-04 17:05:00+00:00
[2026-09-04T17:02:05.536+0000] {processor.py:183} INFO - Processing /opt/airflow/dags/spark_pipeline_dag.py took 0.088 seconds
[2026-09-04T17:02:35.958+0000] {processor.py:161} INFO - Started process (PID=58758) to work on /opt/airflow/dags/spark_pipeline_dag.py
[2026-09-04T17:02:35.959+0000] {processor.py:830} INFO - Processing file /opt/airflow/dags/spark_pipeline_dag.py for tasks to queue
[2026-09-04T17:02:35.960+0000] {logging_mixin.py:188} INFO - [2026-09-04T17:02:35.960+0000] {dagbag.py:538} INFO - Filling up the DagBag from /opt/airflow/dags/spark_pipeline_dag.py
[2026-09-04T17:02:35.980+0000] {processor.py:840} INFO - DAG(s) 'air_quality_pipeline' retrieved from /opt/airflow/dags/spark_pipeline_dag.py
[2026-09-04T17:02:36.001+0000] {logging_mixin.py:188} INFO - [2026-09-04T17:02:36.001+0000] {dag.py:3036} INFO - Sync 1 DAGs
[2026-09-04T17:02:36.022+0000] {logging_mixin.py:188} INFO - [2026-09-04T17:02:36.021+0000] {dag.py:3823} INFO - Setting next_dagrun for air_quality_pipeline to 2026-09-04 16:05:00+00:00, run_after=2026-09-04 17:05:00+00:00
[2026-09-04T17:02:36.042+0000] {processor.py:183} INFO - Processing /opt/airflow/dags/spark_pipeline_dag.py took 0.087 seconds
[2026-09-04T17:03:06.414+0000] {processor.py:161} INFO - Started process (PID=58768) to work on /opt/airflow/dags/spark_pipeline_dag.py
[2026-09-04T17:03:06.416+0000] {processor.py:830} INFO - Processing file /opt/airflow/dags/spark_pipeline_dag.py for tasks to queue
[2026-09-04T17:03:06.416+0000] {logging_mixin.py:188} INFO - [2026-09-04T17:03:06.416+0000] {dagbag.py:538} INFO - Filling up the DagBag from /opt/airflow/dags/spark_pipeline_dag.py
[2026-09-04T17:03:06.436+0000] {processor.py:840} INFO - DAG(s) 'air_quality_pipeline' retrieved from /opt/airflow/dags/spark_pipeline_dag.py
[2026-09-04T17:03:06.453+0000] {logging_mixin.py:188} INFO - [2026-09-04T17:03:06.453+0000] {dag.py:3036} INFO - Sync 1 DAGs
[2026-09-04T17:03:06.473+0000] {logging_mixin.py:188} INFO - [2026-09-04T17:03:06.473+0000] {dag.py:3823} INFO - Setting next_dagrun for air_quality_pipeline to 2026-09-04 16:05:00+00:00, run_after=2026-09-04 17:05:00+00:00
[2026-09-04T17:03:06.492+0000] {processor.py:183} INFO - Processing /opt/airflow/dags/spark_pipeline_dag.py took 0.080 seconds
[2026-09-04T17:03:36.971+0000] {processor.py:161} INFO - Started process (PID=58778) to work on /opt/airflow/dags/spark_pipeline_dag.py
[2026-09-04T17:03:36.972+0000] {processor.py:830} INFO - Processing file /opt/airflow/dags/spark_pipeline_dag.py for tasks to queue
[2026-09-04T17:03:36.973+0000] {logging_mixin.py:188} INFO - [2026-09-04T17:03:36.973+0000] {dagbag.py:538} INFO - Filling up the DagBag from /opt/airflow/dags/spark_pipeline_dag.py
[2026-09-04T17:03:37.000+0000] {processor.py:840} INFO - DAG(s) 'air_quality_pipeline' retrieved from /opt/airflow/dags/spark_pipeline_dag.py
[2026-09-04T17:03:37.020+0000] {logging_mixin.py:188} INFO - [2026-09-04T17:03:37.020+0000] {dag.py:3036} INFO - Sync 1 DAGs
[2026-09-04T17:03:37.040+0000] {logging_mixin.py:188} INFO - [2026-09-04T17:03:37.040+0000] {dag.py:3823} INFO - Setting next_dagrun for air_quality_pipeline to 2026-09-04 16:05:00+00:00, run_after=2026-09-04 17:05:00+00:00
[2026-09-04T17:03:37.058+0000] {processor.py:183} INFO - Processing /opt/airflow/dags/spark_pipeline_dag.py took 0.090 seconds
[2026-09-04T17:04:07.488+0000] {processor.py:161} INFO - Started process (PID=58788) to work on /opt/airflow/dags/spark_pipeline_dag.py
[2026-09-04T17:04:07.489+0000] {processor.py:830} INFO - Processing file /opt/airflow/dags/spark_pipeline_dag.py for tasks to queue
[2026-09-04T17:04:07.490+0000] {logging_mixin.py:188} INFO - [2026-09-04T17:04:07.490+0000] {dagbag.py:538} INFO - Filling up the DagBag from /opt/airflow/dags/spark_pipeline_dag.py
[2026-09-04T17:04:07.510+0000] {processor.py:840} INFO - DAG(s) 'air_quality_pipeline' retrieved from /opt/airflow/dags/spark_pipeline_dag.py
[2026-09-04T17:04:07.528+0000] {logging_mixin.py:188} INFO - [2026-09-04T17:04:07.528+0000] {dag.py:3036} INFO - Sync 1 DAGs
[2026-09-04T17:04:07.548+0000] {logging_mixin.py:188} INFO - [2026-09-04T17:04:07.548+0000] {dag.py:3823} INFO - Setting next_dagrun for air_quality_pipeline to 2026-09-04 16:05:00+00:00, run_after=2026-09-04 17:05:00+00:00
[2026-09-04T17:04:07.566+0000] {processor.py:183} INFO - Processing /opt/airflow/dags/spark_pipeline_dag.py took 0.080 seconds
[2026-09-04T17:04:37.909+0000] {processor.py:161} INFO - Started process (PID=58798) to work on /opt/airflow/dags/spark_pipeline_dag.py
[2026-09-04T17:04:37.910+0000] {processor.py:830} INFO - Processing file /opt/airflow/dags/spark_pipeline_dag.py for tasks to queue
[2026-09-04T17:04:37.911+0000] {logging_mixin.py:188} INFO - [2026-09-04T17:04:37.911+0000] {dagbag.py:538} INFO - Filling up the DagBag from /opt/airflow/dags/spark_pipeline_dag.py
[2026-09-04T17:04:37.933+0000] {processor.py:840} INFO - DAG(s) 'air_quality_pipeline' retrieved from /opt/airflow/dags/spark_pipeline_dag.py
[2026-09-04T17:04:37.957+0000] {logging_mixin.py:188} INFO - [2026-09-04T17:04:37.957+0000] {dag.py:3036} INFO - Sync 1 DAGs
[2026-09-04T17:04:37.978+0000] {logging_mixin.py:188} INFO - [2026-09-04T17:04:37.978+0000] {dag.py:3823} INFO - Setting next_dagrun for air_quality_pipeline to 2026-09-04 16:05:00+00:00, run_after=2026-09-04 17:05:00+00:00
[2026-09-04T17:04:37.996+0000] {processor.py:183} INFO - Processing /opt/airflow/dags/spark_pipeline_dag.py took 0.090 seconds
[2026-09-04T17:05:08.417+0000] {processor.py:161} INFO - Started process (PID=58810) to work on /opt/airflow/dags/spark_pipeline_dag.py
[2026-09-04T17:05:08.419+0000] {processor.py:830} INFO - Processing file /opt/airflow/dags/spark_pipeline_dag.py for tasks to queue
[2026-09-04T17:05:08.420+0000] {logging_mixin.py:188} INFO - [2026-09-04T17:05:08.420+0000] {dagbag.py:538} INFO - Filling up the DagBag from /opt/airflow/dags/spark_pipeline_dag.py
[2026-09-04T17:05:08.442+0000] {processor.py:840} INFO - DAG(s) 'air_quality_pipeline' retrieved from /opt/airflow/dags/spark_pipeline_dag.py
[2026-09-04T17:05:08.467+0000] {logging_mixin.py:188} INFO - [2026-09-04T17:05:08.466+0000] {dag.py:3036} INFO - Sync 1 DAGs
[2026-09-04T17:05:08.496+0000] {logging_mixin.py:188} INFO - [2026-09-04T17:05:08.496+0000] {dag.py:3823} INFO - Setting next_dagrun for air_quality_pipeline to 2026-09-04 17:05:00+00:00, run_after=2026-09-04 18:05:00+00:00
[2026-09-04T17:05:08.514+0000] {processor.py:183} INFO - Processing /opt/airflow/dags/spark_pipeline_dag.py took 0.099 seconds
[2026-09-04T17:05:38.979+0000] {processor.py:161} INFO - Started process (PID=58820) to work on /opt/airflow/dags/spark_pipeline_dag.py
[2026-09-04T17:05:38.980+0000] {processor.py:830} INFO - Processing file /opt/airflow/dags/spark_pipeline_dag.py for tasks to queue
[2026-09-04T17:05:38.981+0000] {logging_mixin.py:188} INFO - [2026-09-04T17:05:38.981+0000] {dagbag.py:538} INFO - Filling up the DagBag from /opt/airflow/dags/spark_pipeline_dag.py
[2026-09-04T17:05:39.002+0000] {processor.py:840} INFO - DAG(s) 'air_quality_pipeline' retrieved from /opt/airflow/dags/spark_pipeline_dag.py
[2026-09-04T17:05:39.023+0000] {logging_mixin.py:188} INFO - [2026-09-04T17:05:39.022+0000] {dag.py:3036} INFO - Sync 1 DAGs
[2026-09-04T17:05:39.043+0000] {logging_mixin.py:188} INFO - [2026-09-04T17:05:39.042+0000] {dag.py:3823} INFO - Setting next_dagrun for air_quality_pipeline to 2026-09-04 17:05:00+00:00, run_after=2026-09-04 18:05:00+00:00
[2026-09-04T17:05:39.062+0000] {processor.py:183} INFO - Processing /opt/airflow/dags/spark_pipeline_dag.py took 0.086 seconds
[2026-09-04T17:06:09.588+0000] {processor.py:161} INFO - Started process (PID=58830) to work on /opt/airflow/dags/spark_pipeline_dag.py
[2026-09-04T17:06:09.589+0000] {processor.py:830} INFO - Processing file /opt/airflow/dags/spark_pipeline_dag.py for tasks to queue
[2026-09-04T17:06:09.590+0000] {logging_mixin.py:188} INFO - [2026-09-04T17:06:09.589+0000] {dagbag.py:538} INFO - Filling up the DagBag from /opt/airflow/dags/spark_pipeline_dag.py
[2026-09-04T17:06:09.617+0000] {processor.py:840} INFO - DAG(s) 'air_quality_pipeline' retrieved from /opt/airflow/dags/spark_pipeline_dag.py
[2026-09-04T17:06:09.646+0000] {logging_mixin.py:188} INFO - [2026-09-04T17:06:09.646+0000] {dag.py:3036} INFO - Sync 1 DAGs
[2026-09-04T17:06:09.667+0000] {logging_mixin.py:188} INFO - [2026-09-04T17:06:09.667+0000] {dag.py:3823} INFO - Setting next_dagrun for air_quality_pipeline to 2026-09-04 17:05:00+00:00, run_after=2026-09-04 18:05:00+00:00
[2026-09-04T17:06:09.684+0000] {processor.py:183} INFO - Processing /opt/airflow/dags/spark_pipeline_dag.py took 0.099 seconds
[2026-09-04T17:06:40.129+0000] {processor.py:161} INFO - Started process (PID=58840) to work on /opt/airflow/dags/spark_pipeline_dag.py
[2026-09-04T17:06:40.130+0000] {processor.py:830} INFO - Processing file /opt/airflow/dags/spark_pipeline_dag.py for tasks to queue
[2026-09-04T17:06:40.130+0000] {logging_mixin.py:188} INFO - [2026-09-04T17:06:40.130+0000] {dagbag.py:538} INFO - Filling up the DagBag from /opt/airflow/dags/spark_pipeline_dag.py
[2026-09-04T17:06:40.242+0000] {processor.py:840} INFO - DAG(s) 'air_quality_pipeline' retrieved from /opt/airflow/dags/spark_pipeline_dag.py
[2026-09-04T17:06:40.268+0000] {logging_mixin.py:188} INFO - [2026-09-04T17:06:40.268+0000] {dag.py:3036} INFO - Sync 1 DAGs
[2026-09-04T17:06:40.292+0000] {logging_mixin.py:188} INFO - [2026-09-04T17:06:40.291+0000] {dag.py:3823} INFO - Setting next_dagrun for air_quality_pipeline to 2026-09-04 17:05:00+00:00, run_after=2026-09-04 18:05:00+00:00
[2026-09-04T17:06:40.312+0000] {processor.py:183} INFO - Processing /opt/airflow/dags/spark_pipeline_dag.py took 0.186 seconds
[2026-09-04T17:07:10.673+0000] {processor.py:161} INFO - Started process (PID=58850) to work on /opt/airflow/dags/spark_pipeline_dag.py
[2026-09-04T17:07:10.674+0000] {processor.py:830} INFO - Processing file /opt/airflow/dags/spark_pipeline_dag.py for tasks to queue
[2026-09-04T17:07:10.675+0000] {logging_mixin.py:188} INFO - [2026-09-04T17:07:10.675+0000] {dagbag.py:538} INFO - Filling up the DagBag from /opt/airflow/dags/spark_pipeline_dag.py
[2026-09-04T17:07:10.694+0000] {processor.py:840} INFO - DAG(s) 'air_quality_pipeline' retrieved from /opt/airflow/dags/spark_pipeline_dag.py
[2026-09-04T17:07:10.722+0000] {logging_mixin.py:188} INFO - [2026-09-04T17:07:10.722+0000] {dag.py:3036} INFO - Sync 1 DAGs
[2026-09-04T17:07:10.744+0000] {logging_mixin.py:188} INFO - [2026-09-04T17:07:10.744+0000] {dag.py:3823} INFO - Setting next_dagrun for air_quality_pipeline to 2026-09-04 17:05:00+00:00, run_after=2026-09-04 18:05:00+00:00
[2026-09-04T17:07:10.765+0000] {processor.py:183} INFO - Processing /opt/airflow/dags/spark_pipeline_dag.py took 0.094 seconds
[2026-09-04T17:07:41.187+0000] {processor.py:161} INFO - Started process (PID=58860) to work on /opt/airflow/dags/spark_pipeline_dag.py
[2026-09-04T17:07:41.188+0000] {processor.py:830} INFO - Processing file /opt/airflow/dags/spark_pipeline_dag.py for tasks to queue
[2026-09-04T17:07:41.190+0000] {logging_mixin.py:188} INFO - [2026-09-04T17:07:41.189+0000] {dagbag.py:538} INFO - Filling up the DagBag from /opt/airflow/dags/spark_pipeline_dag.py
[2026-09-04T17:07:41.213+0000] {processor.py:840} INFO - DAG(s) 'air_quality_pipeline' retrieved from /opt/airflow/dags/spark_pipeline_dag.py
[2026-09-04T17:07:41.242+0000] {logging_mixin.py:188} INFO - [2026-09-04T17:07:41.242+0000] {dag.py:3036} INFO - Sync 1 DAGs
[2026-09-04T17:07:41.262+0000] {logging_mixin.py:188} INFO - [2026-09-04T17:07:41.261+0000] {dag.py:3823} INFO - Setting next_dagrun for air_quality_pipeline to 2026-09-04 17:05:00+00:00, run_after=2026-09-04 18:05:00+00:00
[2026-09-04T17:07:41.279+0000] {processor.py:183} INFO - Processing /opt/airflow/dags/spark_pipeline_dag.py took 0.095 seconds
[2026-09-04T17:08:11.710+0000] {processor.py:161} INFO - Started process (PID=58870) to work on /opt/airflow/dags/spark_pipeline_dag.py
[2026-09-04T17:08:11.711+0000] {processor.py:830} INFO - Processing file /opt/airflow/dags/spark_pipeline_dag.py for tasks to queue
[2026-09-04T17:08:11.712+0000] {logging_mixin.py:188} INFO - [2026-09-04T17:08:11.712+0000] {dagbag.py:538} INFO - Filling up the DagBag from /opt/airflow/dags/spark_pipeline_dag.py
[2026-09-04T17:08:11.738+0000] {processor.py:840} INFO - DAG(s) 'air_quality_pipeline' retrieved from /opt/airflow/dags/spark_pipeline_dag.py
[2026-09-04T17:08:11.765+0000] {logging_mixin.py:188} INFO - [2026-09-04T17:08:11.764+0000] {dag.py:3036} INFO - Sync 1 DAGs
[2026-09-04T17:08:11.795+0000] {logging_mixin.py:188} INFO - [2026-09-04T17:08:11.794+0000] {dag.py:3823} INFO - Setting next_dagrun for air_quality_pipeline to 2026-09-04 17:05:00+00:00, run_after=2026-09-04 18:05:00+00:00
[2026-09-04T17:08:11.820+0000] {processor.py:183} INFO - Processing /opt/airflow/dags/spark_pipeline_dag.py took 0.113 seconds
[2026-09-04T17:08:42.197+0000] {processor.py:161} INFO - Started process (PID=58880) to work on /opt/airflow/dags/spark_pipeline_dag.py
[2026-09-04T17:08:42.198+0000] {processor.py:830} INFO - Processing file /opt/airflow/dags/spark_pipeline_dag.py for tasks to queue
[2026-09-04T17:08:42.199+0000] {logging_mixin.py:188} INFO - [2026-09-04T17:08:42.199+0000] {dagbag.py:538} INFO - Filling up the DagBag from /opt/airflow/dags/spark_pipeline_dag.py
[2026-09-04T17:08:42.222+0000] {processor.py:840} INFO - DAG(s) 'air_quality_pipeline' retrieved from /opt/airflow/dags/spark_pipeline_dag.py
[2026-09-04T17:08:42.248+0000] {logging_mixin.py:188} INFO - [2026-09-04T17:08:42.248+0000] {dag.py:3036} INFO - Sync 1 DAGs
[2026-09-04T17:08:42.274+0000] {logging_mixin.py:188} INFO - [2026-09-04T17:08:42.274+0000] {dag.py:3823} INFO - Setting next_dagrun for air_quality_pipeline to 2026-09-04 17:05:00+00:00, run_after=2026-09-04 18:05:00+00:00
[2026-09-04T17:08:42.299+0000] {processor.py:183} INFO - Processing /opt/airflow/dags/spark_pipeline_dag.py took 0.105 seconds
[2026-09-04T17:09:12.713+0000] {processor.py:161} INFO - Started process (PID=58890) to work on /opt/airflow/dags/spark_pipeline_dag.py
[2026-09-04T17:09:12.714+0000] {processor.py:830} INFO - Processing file /opt/airflow/dags/spark_pipeline_dag.py for tasks to queue
[2026-09-04T17:09:12.715+0000] {logging_mixin.py:188} INFO - [2026-09-04T17:09:12.714+0000] {dagbag.py:538} INFO - Filling up the DagBag from /opt/airflow/dags/spark_pipeline_dag.py
[2026-09-04T17:09:12.736+0000] {processor.py:840} INFO - DAG(s) 'air_quality_pipeline' retrieved from /opt/airflow/dags/spark_pipeline_dag.py
[2026-09-04T17:09:12.756+0000] {logging_mixin.py:188} INFO - [2026-09-04T17:09:12.756+0000] {dag.py:3036} INFO - Sync 1 DAGs
[2026-09-04T17:09:12.776+0000] {logging_mixin.py:188} INFO - [2026-09-04T17:09:12.776+0000] {dag.py:3823} INFO - Setting next_dagrun for air_quality_pipeline to 2026-09-04 17:05:00+00:00, run_after=2026-09-04 18:05:00+00:00
[2026-09-04T17:09:12.797+0000] {processor.py:183} INFO - Processing /opt/airflow/dags/spark_pipeline_dag.py took 0.087 seconds
[2026-09-04T17:09:43.379+0000] {processor.py:161} INFO - Started process (PID=58900) to work on /opt/airflow/dags/spark_pipeline_dag.py
[2026-09-04T17:09:43.380+0000] {processor.py:830} INFO - Processing file /opt/airflow/dags/spark_pipeline_dag.py for tasks to queue
[2026-09-04T17:09:43.382+0000] {logging_mixin.py:188} INFO - [2026-09-04T17:09:43.381+0000] {dagbag.py:538} INFO - Filling up the DagBag from /opt/airflow/dags/spark_pipeline_dag.py
[2026-09-04T17:09:43.407+0000] {processor.py:840} INFO - DAG(s) 'air_quality_pipeline' retrieved from /opt/airflow/dags/spark_pipeline_dag.py
[2026-09-04T17:09:43.427+0000] {logging_mixin.py:188} INFO - [2026-09-04T17:09:43.427+0000] {dag.py:3036} INFO - Sync 1 DAGs
[2026-09-04T17:09:43.446+0000] {logging_mixin.py:188} INFO - [2026-09-04T17:09:43.446+0000] {dag.py:3823} INFO - Setting next_dagrun for air_quality_pipeline to 2026-09-04 17:05:00+00:00, run_after=2026-09-04 18:05:00+00:00
[2026-09-04T17:09:43.464+0000] {processor.py:183} INFO - Processing /opt/airflow/dags/spark_pipeline_dag.py took 0.090 seconds
[2026-09-04T17:10:13.830+0000] {processor.py:161} INFO - Started process (PID=58910) to work on /opt/airflow/dags/spark_pipeline_dag.py
[2026-09-04T17:10:13.831+0000] {processor.py:830} INFO - Processing file /opt/airflow/dags/spark_pipeline_dag.py for tasks to queue
[2026-09-04T17:10:13.832+0000] {logging_mixin.py:188} INFO - [2026-09-04T17:10:13.831+0000] {dagbag.py:538} INFO - Filling up the DagBag from /opt/airflow/dags/spark_pipeline_dag.py
[2026-09-04T17:10:13.853+0000] {processor.py:840} INFO - DAG(s) 'air_quality_pipeline' retrieved from /opt/airflow/dags/spark_pipeline_dag.py
[2026-09-04T17:10:13.871+0000] {logging_mixin.py:188} INFO - [2026-09-04T17:10:13.871+0000] {dag.py:3036} INFO - Sync 1 DAGs
[2026-09-04T17:10:13.889+0000] {logging_mixin.py:188} INFO - [2026-09-04T17:10:13.889+0000] {dag.py:3823} INFO - Setting next_dagrun for air_quality_pipeline to 2026-09-04 17:05:00+00:00, run_after=2026-09-04 18:05:00+00:00
[2026-09-04T17:10:13.906+0000] {processor.py:183} INFO - Processing /opt/airflow/dags/spark_pipeline_dag.py took 0.079 seconds
[2026-09-04T17:10:44.335+0000] {processor.py:161} INFO - Started process (PID=58920) to work on /opt/airflow/dags/spark_pipeline_dag.py
[2026-09-04T17:10:44.336+0000] {processor.py:830} INFO - Processing file /opt/airflow/dags/spark_pipeline_dag.py for tasks to queue
[2026-09-04T17:10:44.337+0000] {logging_mixin.py:188} INFO - [2026-09-04T17:10:44.337+0000] {dagbag.py:538} INFO - Filling up the DagBag from /opt/airflow/dags/spark_pipeline_dag.py
[2026-09-04T17:10:44.361+0000] {processor.py:840} INFO - DAG(s) 'air_quality_pipeline' retrieved from /opt/airflow/dags/spark_pipeline_dag.py
[2026-09-04T17:10:44.380+0000] {logging_mixin.py:188} INFO - [2026-09-04T17:10:44.380+0000] {dag.py:3036} INFO - Sync 1 DAGs
[2026-09-04T17:10:44.401+0000] {logging_mixin.py:188} INFO - [2026-09-04T17:10:44.401+0000] {dag.py:3823} INFO - Setting next_dagrun for air_quality_pipeline to 2026-09-04 17:05:00+00:00, run_after=2026-09-04 18:05:00+00:00
[2026-09-04T17:10:44.420+0000] {processor.py:183} INFO - Processing /opt/airflow/dags/spark_pipeline_dag.py took 0.087 seconds
[2026-09-04T17:11:14.744+0000] {processor.py:161} INFO - Started process (PID=58930) to work on /opt/airflow/dags/spark_pipeline_dag.py
[2026-09-04T17:11:14.746+0000] {processor.py:830} INFO - Processing file /opt/airflow/dags/spark_pipeline_dag.py for tasks to queue
[2026-09-04T17:11:14.747+0000] {logging_mixin.py:188} INFO - [2026-09-04T17:11:14.746+0000] {dagbag.py:538} INFO - Filling up the DagBag from /opt/airflow/dags/spark_pipeline_dag.py
[2026-09-04T17:11:14.764+0000] {processor.py:840} INFO - DAG(s) 'air_quality_pipeline' retrieved from /opt/airflow/dags/spark_pipeline_dag.py
[2026-09-04T17:11:14.783+0000] {logging_mixin.py:188} INFO - [2026-09-04T17:11:14.783+0000] {dag.py:3036} INFO - Sync 1 DAGs
[2026-09-04T17:11:14.801+0000] {logging_mixin.py:188} INFO - [2026-09-04T17:11:14.801+0000] {dag.py:3823} INFO - Setting next_dagrun for air_quality_pipeline to 2026-09-04 17:05:00+00:00, run_after=2026-09-04 18:05:00+00:00
[2026-09-04T17:11:14.818+0000] {processor.py:183} INFO - Processing /opt/airflow/dags/spark_pipeline_dag.py took 0.076 seconds
[2026-09-04T17:11:45.329+0000] {processor.py:161} INFO - Started process (PID=58940) to work on /opt/airflow/dags/spark_pipeline_dag.py
[2026-09-04T17:11:45.329+0000] {processor.py:830} INFO - Processing file /opt/airflow/dags/spark_pipeline_dag.py for tasks to queue
[2026-09-04T17:11:45.330+0000] {logging_mixin.py:188} INFO - [2026-09-04T17:11:45.330+0000] {dagbag.py:538} INFO - Filling up the DagBag from /opt/airflow/dags/spark_pipeline_dag.py
[2026-09-04T17:11:45.349+0000] {processor.py:840} INFO - DAG(s) 'air_quality_pipeline' retrieved from /opt/airflow/dags/spark_pipeline_dag.py
[2026-09-04T17:11:45.368+0000] {logging_mixin.py:188} INFO - [2026-09-04T17:11:45.368+0000] {dag.py:3036} INFO - Sync 1 DAGs
[2026-09-04T17:11:45.389+0000] {logging_mixin.py:188} INFO - [2026-09-04T17:11:45.389+0000] {dag.py:3823} INFO - Setting next_dagrun for air_quality_pipeline to 2026-09-04 17:05:00+00:00, run_after=2026-09-04 18:05:00+00:00
[2026-09-04T17:11:45.405+0000] {processor.py:183} INFO - Processing /opt/airflow/dags/spark_pipeline_dag.py took 0.079 seconds
[2026-09-04T17:12:15.744+0000] {processor.py:161} INFO - Started process (PID=58950) to work on /opt/airflow/dags/spark_pipeline_dag.py
[2026-09-04T17:12:15.746+0000] {processor.py:830} INFO - Processing file /opt/airflow/dags/spark_pipeline_dag.py for tasks to queue
[2026-09-04T17:12:15.749+0000] {logging_mixin.py:188} INFO - [2026-09-04T17:12:15.748+0000] {dagbag.py:538} INFO - Filling up the DagBag from /opt/airflow/dags/spark_pipeline_dag.py
[2026-09-04T17:12:15.783+0000] {processor.py:840} INFO - DAG(s) 'air_quality_pipeline' retrieved from /opt/airflow/dags/spark_pipeline_dag.py
[2026-09-04T17:12:15.806+0000] {logging_mixin.py:188} INFO - [2026-09-04T17:12:15.806+0000] {dag.py:3036} INFO - Sync 1 DAGs
[2026-09-04T17:12:15.828+0000] {logging_mixin.py:188} INFO - [2026-09-04T17:12:15.828+0000] {dag.py:3823} INFO - Setting next_dagrun for air_quality_pipeline to 2026-09-04 17:05:00+00:00, run_after=2026-09-04 18:05:00+00:00
[2026-09-04T17:12:15.848+0000] {processor.py:183} INFO - Processing /opt/airflow/dags/spark_pipeline_dag.py took 0.106 seconds
[2026-09-04T17:12:46.356+0000] {processor.py:161} INFO - Started process (PID=58960) to work on /opt/airflow/dags/spark_pipeline_dag.py
[2026-09-04T17:12:46.358+0000] {processor.py:830} INFO - Processing file /opt/airflow/dags/spark_pipeline_dag.py for tasks to queue
[2026-09-04T17:12:46.358+0000] {logging_mixin.py:188} INFO - [2026-09-04T17:12:46.358+0000] {dagbag.py:538} INFO - Filling up the DagBag from /opt/airflow/dags/spark_pipeline_dag.py
[2026-09-04T17:12:46.377+0000] {processor.py:840} INFO - DAG(s) 'air_quality_pipeline' retrieved from /opt/airflow/dags/spark_pipeline_dag.py
[2026-09-04T17:12:46.394+0000] {logging_mixin.py:188} INFO - [2026-09-04T17:12:46.394+0000] {dag.py:3036} INFO - Sync 1 DAGs
[2026-09-04T17:12:46.416+0000] {logging_mixin.py:188} INFO - [2026-09-04T17:12:46.416+0000] {dag.py:3823} INFO - Setting next_dagrun for air_quality_pipeline to 2026-09-04 17:05:00+00:00, run_after=2026-09-04 18:05:00+00:00
[2026-09-04T17:12:46.436+0000] {processor.py:183} INFO - Processing /opt/airflow/dags/spark_pipeline_dag.py took 0.082 seconds
[2026-09-04T17:13:16.784+0000] {processor.py:161} INFO - Started process (PID=58970) to work on /opt/airflow/dags/spark_pipeline_dag.py
[2026-09-04T17:13:16.785+0000] {processor.py:830} INFO - Processing file /opt/airflow/dags/spark_pipeline_dag.py for tasks to queue
[2026-09-04T17:13:16.786+0000] {logging_mixin.py:188} INFO - [2026-09-04T17:13:16.786+0000] {dagbag.py:538} INFO - Filling up the DagBag from /opt/airflow/dags/spark_pipeline_dag.py
[2026-09-04T17:13:16.811+0000] {processor.py:840} INFO - DAG(s) 'air_quality_pipeline' retrieved from /opt/airflow/dags/spark_pipeline_dag.py
[2026-09-04T17:13:16.829+0000] {logging_mixin.py:188} INFO - [2026-09-04T17:13:16.829+0000] {dag.py:3036} INFO - Sync 1 DAGs
[2026-09-04T17:13:16.848+0000] {logging_mixin.py:188} INFO - [2026-09-04T17:13:16.848+0000] {dag.py:3823} INFO - Setting next_dagrun for air_quality_pipeline to 2026-09-04 17:05:00+00:00, run_after=2026-09-04 18:05:00+00:00
[2026-09-04T17:13:16.867+0000] {processor.py:183} INFO - Processing /opt/airflow/dags/spark_pipeline_dag.py took 0.085 seconds
[2026-09-04T17:13:47.277+0000] {processor.py:161} INFO - Started process (PID=58980) to work on /opt/airflow/dags/spark_pipeline_dag.py
[2026-09-04T17:13:47.278+0000] {processor.py:830} INFO - Processing file /opt/airflow/dags/spark_pipeline_dag.py for tasks to queue
[2026-09-04T17:13:47.279+0000] {logging_mixin.py:188} INFO - [2026-09-04T17:13:47.278+0000] {dagbag.py:538} INFO - Filling up the DagBag from /opt/airflow/dags/spark_pipeline_dag.py
[2026-09-04T17:13:47.304+0000] {processor.py:840} INFO - DAG(s) 'air_quality_pipeline' retrieved from /opt/airflow/dags/spark_pipeline_dag.py
[2026-09-04T17:13:47.322+0000] {logging_mixin.py:188} INFO - [2026-09-04T17:13:47.322+0000] {dag.py:3036} INFO - Sync 1 DAGs
[2026-09-04T17:13:47.341+0000] {logging_mixin.py:188} INFO - [2026-09-04T17:13:47.341+0000] {dag.py:3823} INFO - Setting next_dagrun for air_quality_pipeline to 2026-09-04 17:05:00+00:00, run_after=2026-09-04 18:05:00+00:00
[2026-09-04T17:13:47.361+0000] {processor.py:183} INFO - Processing /opt/airflow/dags/spark_pipeline_dag.py took 0.087 seconds
[2026-09-04T17:14:17.825+0000] {processor.py:161} INFO - Started process (PID=58990) to work on /opt/airflow/dags/spark_pipeline_dag.py
[2026-09-04T17:14:17.826+0000] {processor.py:830} INFO - Processing file /opt/airflow/dags/spark_pipeline_dag.py for tasks to queue
[2026-09-04T17:14:17.827+0000] {logging_mixin.py:188} INFO - [2026-09-04T17:14:17.827+0000] {dagbag.py:538} INFO - Filling up the DagBag from /opt/airflow/dags/spark_pipeline_dag.py
[2026-09-04T17:14:17.846+0000] {processor.py:840} INFO - DAG(s) 'air_quality_pipeline' retrieved from /opt/airflow/dags/spark_pipeline_dag.py
[2026-09-04T17:14:17.865+0000] {logging_mixin.py:188} INFO - [2026-09-04T17:14:17.865+0000] {dag.py:3036} INFO - Sync 1 DAGs
[2026-09-04T17:14:17.886+0000] {logging_mixin.py:188} INFO - [2026-09-04T17:14:17.886+0000] {dag.py:3823} INFO - Setting next_dagrun for air_quality_pipeline to 2026-09-04 17:05:00+00:00, run_after=2026-09-04 18:05:00+00:00
[2026-09-04T17:14:17.905+0000] {processor.py:183} INFO - Processing /opt/airflow/dags/spark_pipeline_dag.py took 0.082 seconds
[2026-09-04T17:14:48.299+0000] {processor.py:161} INFO - Started process (PID=59000) to work on /opt/airflow/dags/spark_pipeline_dag.py
[2026-09-04T17:14:48.300+0000] {processor.py:830} INFO - Processing file /opt/airflow/dags/spark_pipeline_dag.py for tasks to queue
[2026-09-04T17:14:48.302+0000] {logging_mixin.py:188} INFO - [2026-09-04T17:14:48.301+0000] {dagbag.py:538} INFO - Filling up the DagBag from /opt/airflow/dags/spark_pipeline_dag.py
[2026-09-04T17:14:48.328+0000] {processor.py:840} INFO - DAG(s) 'air_quality_pipeline' retrieved from /opt/airflow/dags/spark_pipeline_dag.py
[2026-09-04T17:14:48.355+0000] {logging_mixin.py:188} INFO - [2026-09-04T17:14:48.354+0000] {dag.py:3036} INFO - Sync 1 DAGs
[2026-09-04T17:14:48.377+0000] {logging_mixin.py:188} INFO - [2026-09-04T17:14:48.377+0000] {dag.py:3823} INFO - Setting next_dagrun for air_quality_pipeline to 2026-09-04 17:05:00+00:00, run_after=2026-09-04 18:05:00+00:00
[2026-09-04T17:14:48.398+0000] {processor.py:183} INFO - Processing /opt/airflow/dags/spark_pipeline_dag.py took 0.102 seconds
[2026-09-04T17:15:18.843+0000] {processor.py:161} INFO - Started process (PID=59010) to work on /opt/airflow/dags/spark_pipeline_dag.py
[2026-09-04T17:15:18.844+0000] {processor.py:830} INFO - Processing file /opt/airflow/dags/spark_pipeline_dag.py for tasks to queue
[2026-09-04T17:15:18.845+0000] {logging_mixin.py:188} INFO - [2026-09-04T17:15:18.844+0000] {dagbag.py:538} INFO - Filling up the DagBag from /opt/airflow/dags/spark_pipeline_dag.py
[2026-09-04T17:15:18.865+0000] {processor.py:840} INFO - DAG(s) 'air_quality_pipeline' retrieved from /opt/airflow/dags/spark_pipeline_dag.py
[2026-09-04T17:15:18.885+0000] {logging_mixin.py:188} INFO - [2026-09-04T17:15:18.884+0000] {dag.py:3036} INFO - Sync 1 DAGs
[2026-09-04T17:15:18.906+0000] {logging_mixin.py:188} INFO - [2026-09-04T17:15:18.906+0000] {dag.py:3823} INFO - Setting next_dagrun for air_quality_pipeline to 2026-09-04 17:05:00+00:00, run_after=2026-09-04 18:05:00+00:00
[2026-09-04T17:15:18.924+0000] {processor.py:183} INFO - Processing /opt/airflow/dags/spark_pipeline_dag.py took 0.084 seconds
[2026-09-04T17:15:49.429+0000] {processor.py:161} INFO - Started process (PID=59020) to work on /opt/airflow/dags/spark_pipeline_dag.py
[2026-09-04T17:15:49.430+0000] {processor.py:830} INFO - Processing file /opt/airflow/dags/spark_pipeline_dag.py for tasks to queue
[2026-09-04T17:15:49.431+0000] {logging_mixin.py:188} INFO - [2026-09-04T17:15:49.431+0000] {dagbag.py:538} INFO - Filling up the DagBag from /opt/airflow/dags/spark_pipeline_dag.py
[2026-09-04T17:15:49.453+0000] {processor.py:840} INFO - DAG(s) 'air_quality_pipeline' retrieved from /opt/airflow/dags/spark_pipeline_dag.py
[2026-09-04T17:15:49.472+0000] {logging_mixin.py:188} INFO - [2026-09-04T17:15:49.472+0000] {dag.py:3036} INFO - Sync 1 DAGs
[2026-09-04T17:15:49.492+0000] {logging_mixin.py:188} INFO - [2026-09-04T17:15:49.492+0000] {dag.py:3823} INFO - Setting next_dagrun for air_quality_pipeline to 2026-09-04 17:05:00+00:00, run_after=2026-09-04 18:05:00+00:00
[2026-09-04T17:15:49.513+0000] {processor.py:183} INFO - Processing /opt/airflow/dags/spark_pipeline_dag.py took 0.087 seconds
[2026-09-04T17:16:19.987+0000] {processor.py:161} INFO - Started process (PID=59030) to work on /opt/airflow/dags/spark_pipeline_dag.py
[2026-09-04T17:16:19.988+0000] {processor.py:830} INFO - Processing file /opt/airflow/dags/spark_pipeline_dag.py for tasks to queue
[2026-09-04T17:16:19.990+0000] {logging_mixin.py:188} INFO - [2026-09-04T17:16:19.989+0000] {dagbag.py:538} INFO - Filling up the DagBag from /opt/airflow/dags/spark_pipeline_dag.py
[2026-09-04T17:16:20.015+0000] {processor.py:840} INFO - DAG(s) 'air_quality_pipeline' retrieved from /opt/airflow/dags/spark_pipeline_dag.py
[2026-09-04T17:16:20.035+0000] {logging_mixin.py:188} INFO - [2026-09-04T17:16:20.034+0000] {dag.py:3036} INFO - Sync 1 DAGs
[2026-09-04T17:16:20.055+0000] {logging_mixin.py:188} INFO - [2026-09-04T17:16:20.055+0000] {dag.py:3823} INFO - Setting next_dagrun for air_quality_pipeline to 2026-09-04 17:05:00+00:00, run_after=2026-09-04 18:05:00+00:00
[2026-09-04T17:16:20.072+0000] {processor.py:183} INFO - Processing /opt/airflow/dags/spark_pipeline_dag.py took 0.088 seconds
[2026-09-04T17:16:50.618+0000] {processor.py:161} INFO - Started process (PID=59040) to work on /opt/airflow/dags/spark_pipeline_dag.py
[2026-09-04T17:16:50.620+0000] {processor.py:830} INFO - Processing file /opt/airflow/dags/spark_pipeline_dag.py for tasks to queue
[2026-09-04T17:16:50.621+0000] {logging_mixin.py:188} INFO - [2026-09-04T17:16:50.621+0000] {dagbag.py:538} INFO - Filling up the DagBag from /opt/airflow/dags/spark_pipeline_dag.py
[2026-09-04T17:16:50.644+0000] {processor.py:840} INFO - DAG(s) 'air_quality_pipeline' retrieved from /opt/airflow/dags/spark_pipeline_dag.py
[2026-09-04T17:16:50.666+0000] {logging_mixin.py:188} INFO - [2026-09-04T17:16:50.666+0000] {dag.py:3036} INFO - Sync 1 DAGs
[2026-09-04T17:16:50.687+0000] {logging_mixin.py:188} INFO - [2026-09-04T17:16:50.687+0000] {dag.py:3823} INFO - Setting next_dagrun for air_quality_pipeline to 2026-09-04 17:05:00+00:00, run_after=2026-09-04 18:05:00+00:00
[2026-09-04T17:16:50.708+0000] {processor.py:183} INFO - Processing /opt/airflow/dags/spark_pipeline_dag.py took 0.093 seconds
[2026-09-04T17:17:21.201+0000] {processor.py:161} INFO - Started process (PID=59050) to work on /opt/airflow/dags/spark_pipeline_dag.py
[2026-09-04T17:17:21.203+0000] {processor.py:830} INFO - Processing file /opt/airflow/dags/spark_pipeline_dag.py for tasks to queue
[2026-09-04T17:17:21.205+0000] {logging_mixin.py:188} INFO - [2026-09-04T17:17:21.204+0000] {dagbag.py:538} INFO - Filling up the DagBag from /opt/airflow/dags/spark_pipeline_dag.py
[2026-09-04T17:17:21.228+0000] {processor.py:840} INFO - DAG(s) 'air_quality_pipeline' retrieved from /opt/airflow/dags/spark_pipeline_dag.py
[2026-09-04T17:17:21.247+0000] {logging_mixin.py:188} INFO - [2026-09-04T17:17:21.247+0000] {dag.py:3036} INFO - Sync 1 DAGs
[2026-09-04T17:17:21.269+0000] {logging_mixin.py:188} INFO - [2026-09-04T17:17:21.269+0000] {dag.py:3823} INFO - Setting next_dagrun for air_quality_pipeline to 2026-09-04 17:05:00+00:00, run_after=2026-09-04 18:05:00+00:00
[2026-09-04T17:17:21.287+0000] {processor.py:183} INFO - Processing /opt/airflow/dags/spark_pipeline_dag.py took 0.089 seconds
[2026-09-04T17:17:51.727+0000] {processor.py:161} INFO - Started process (PID=59060) to work on /opt/airflow/dags/spark_pipeline_dag.py
[2026-09-04T17:17:51.729+0000] {processor.py:830} INFO - Processing file /opt/airflow/dags/spark_pipeline_dag.py for tasks to queue
[2026-09-04T17:17:51.730+0000] {logging_mixin.py:188} INFO - [2026-09-04T17:17:51.730+0000] {dagbag.py:538} INFO - Filling up the DagBag from /opt/airflow/dags/spark_pipeline_dag.py
[2026-09-04T17:17:51.752+0000] {processor.py:840} INFO - DAG(s) 'air_quality_pipeline' retrieved from /opt/airflow/dags/spark_pipeline_dag.py
[2026-09-04T17:17:51.770+0000] {logging_mixin.py:188} INFO - [2026-09-04T17:17:51.770+0000] {dag.py:3036} INFO - Sync 1 DAGs
[2026-09-04T17:17:51.789+0000] {logging_mixin.py:188} INFO - [2026-09-04T17:17:51.789+0000] {dag.py:3823} INFO - Setting next_dagrun for air_quality_pipeline to 2026-09-04 17:05:00+00:00, run_after=2026-09-04 18:05:00+00:00
[2026-09-04T17:17:51.812+0000] {processor.py:183} INFO - Processing /opt/airflow/dags/spark_pipeline_dag.py took 0.088 seconds
[2026-09-04T17:18:22.290+0000] {processor.py:161} INFO - Started process (PID=59070) to work on /opt/airflow/dags/spark_pipeline_dag.py
[2026-09-04T17:18:22.291+0000] {processor.py:830} INFO - Processing file /opt/airflow/dags/spark_pipeline_dag.py for tasks to queue
[2026-09-04T17:18:22.292+0000] {logging_mixin.py:188} INFO - [2026-09-04T17:18:22.292+0000] {dagbag.py:538} INFO - Filling up the DagBag from /opt/airflow/dags/spark_pipeline_dag.py
[2026-09-04T17:18:22.315+0000] {processor.py:840} INFO - DAG(s) 'air_quality_pipeline' retrieved from /opt/airflow/dags/spark_pipeline_dag.py
[2026-09-04T17:18:22.339+0000] {logging_mixin.py:188} INFO - [2026-09-04T17:18:22.339+0000] {dag.py:3036} INFO - Sync 1 DAGs
[2026-09-04T17:18:22.360+0000] {logging_mixin.py:188} INFO - [2026-09-04T17:18:22.360+0000] {dag.py:3823} INFO - Setting next_dagrun for air_quality_pipeline to 2026-09-04 17:05:00+00:00, run_after=2026-09-04 18:05:00+00:00
[2026-09-04T17:18:22.382+0000] {processor.py:183} INFO - Processing /opt/airflow/dags/spark_pipeline_dag.py took 0.095 seconds
[2026-09-04T17:18:52.877+0000] {processor.py:161} INFO - Started process (PID=59080) to work on /opt/airflow/dags/spark_pipeline_dag.py
[2026-09-04T17:18:52.878+0000] {processor.py:830} INFO - Processing file /opt/airflow/dags/spark_pipeline_dag.py for tasks to queue
[2026-09-04T17:18:52.879+0000] {logging_mixin.py:188} INFO - [2026-09-04T17:18:52.879+0000] {dagbag.py:538} INFO - Filling up the DagBag from /opt/airflow/dags/spark_pipeline_dag.py
[2026-09-04T17:18:52.900+0000] {processor.py:840} INFO - DAG(s) 'air_quality_pipeline' retrieved from /opt/airflow/dags/spark_pipeline_dag.py
[2026-09-04T17:18:52.922+0000] {logging_mixin.py:188} INFO - [2026-09-04T17:18:52.921+0000] {dag.py:3036} INFO - Sync 1 DAGs
[2026-09-04T17:18:52.945+0000] {logging_mixin.py:188} INFO - [2026-09-04T17:18:52.945+0000] {dag.py:3823} INFO - Setting next_dagrun for air_quality_pipeline to 2026-09-04 17:05:00+00:00, run_after=2026-09-04 18:05:00+00:00
[2026-09-04T17:18:52.964+0000] {processor.py:183} INFO - Processing /opt/airflow/dags/spark_pipeline_dag.py took 0.089 seconds
[2026-09-04T17:19:23.379+0000] {processor.py:161} INFO - Started process (PID=59090) to work on /opt/airflow/dags/spark_pipeline_dag.py
[2026-09-04T17:19:23.382+0000] {processor.py:830} INFO - Processing file /opt/airflow/dags/spark_pipeline_dag.py for tasks to queue
[2026-09-04T17:19:23.384+0000] {logging_mixin.py:188} INFO - [2026-09-04T17:19:23.384+0000] {dagbag.py:538} INFO - Filling up the DagBag from /opt/airflow/dags/spark_pipeline_dag.py
[2026-09-04T17:19:23.400+0000] {processor.py:840} INFO - DAG(s) 'air_quality_pipeline' retrieved from /opt/airflow/dags/spark_pipeline_dag.py
[2026-09-04T17:19:23.418+0000] {logging_mixin.py:188} INFO - [2026-09-04T17:19:23.418+0000] {dag.py:3036} INFO - Sync 1 DAGs
[2026-09-04T17:19:23.437+0000] {logging_mixin.py:188} INFO - [2026-09-04T17:19:23.437+0000] {dag.py:3823} INFO - Setting next_dagrun for air_quality_pipeline to 2026-09-04 17:05:00+00:00, run_after=2026-09-04 18:05:00+00:00
[2026-09-04T17:19:23.458+0000] {processor.py:183} INFO - Processing /opt/airflow/dags/spark_pipeline_dag.py took 0.081 seconds
[2026-09-04T17:19:53.892+0000] {processor.py:161} INFO - Started process (PID=59100) to work on /opt/airflow/dags/spark_pipeline_dag.py
[2026-09-04T17:19:53.894+0000] {processor.py:830} INFO - Processing file /opt/airflow/dags/spark_pipeline_dag.py for tasks to queue
[2026-09-04T17:19:53.895+0000] {logging_mixin.py:188} INFO - [2026-09-04T17:19:53.895+0000] {dagbag.py:538} INFO - Filling up the DagBag from /opt/airflow/dags/spark_pipeline_dag.py
[2026-09-04T17:19:53.912+0000] {processor.py:840} INFO - DAG(s) 'air_quality_pipeline' retrieved from /opt/airflow/dags/spark_pipeline_dag.py
[2026-09-04T17:19:53.929+0000] {logging_mixin.py:188} INFO - [2026-09-04T17:19:53.929+0000] {dag.py:3036} INFO - Sync 1 DAGs
[2026-09-04T17:19:53.949+0000] {logging_mixin.py:188} INFO - [2026-09-04T17:19:53.949+0000] {dag.py:3823} INFO - Setting next_dagrun for air_quality_pipeline to 2026-09-04 17:05:00+00:00, run_after=2026-09-04 18:05:00+00:00
[2026-09-04T17:19:53.967+0000] {processor.py:183} INFO - Processing /opt/airflow/dags/spark_pipeline_dag.py took 0.077 seconds
[2026-09-04T17:20:24.361+0000] {processor.py:161} INFO - Started process (PID=59110) to work on /opt/airflow/dags/spark_pipeline_dag.py
[2026-09-04T17:20:24.363+0000] {processor.py:830} INFO - Processing file /opt/airflow/dags/spark_pipeline_dag.py for tasks to queue
[2026-09-04T17:20:24.365+0000] {logging_mixin.py:188} INFO - [2026-09-04T17:20:24.364+0000] {dagbag.py:538} INFO - Filling up the DagBag from /opt/airflow/dags/spark_pipeline_dag.py
[2026-09-04T17:20:24.391+0000] {processor.py:840} INFO - DAG(s) 'air_quality_pipeline' retrieved from /opt/airflow/dags/spark_pipeline_dag.py
[2026-09-04T17:20:24.410+0000] {logging_mixin.py:188} INFO - [2026-09-04T17:20:24.410+0000] {dag.py:3036} INFO - Sync 1 DAGs
[2026-09-04T17:20:24.431+0000] {logging_mixin.py:188} INFO - [2026-09-04T17:20:24.431+0000] {dag.py:3823} INFO - Setting next_dagrun for air_quality_pipeline to 2026-09-04 17:05:00+00:00, run_after=2026-09-04 18:05:00+00:00
[2026-09-04T17:20:24.449+0000] {processor.py:183} INFO - Processing /opt/airflow/dags/spark_pipeline_dag.py took 0.091 seconds
[2026-09-04T17:20:54.918+0000] {processor.py:161} INFO - Started process (PID=59120) to work on /opt/airflow/dags/spark_pipeline_dag.py
[2026-09-04T17:20:54.919+0000] {processor.py:830} INFO - Processing file /opt/airflow/dags/spark_pipeline_dag.py for tasks to queue
[2026-09-04T17:20:54.920+0000] {logging_mixin.py:188} INFO - [2026-09-04T17:20:54.920+0000] {dagbag.py:538} INFO - Filling up the DagBag from /opt/airflow/dags/spark_pipeline_dag.py
[2026-09-04T17:20:54.943+0000] {processor.py:840} INFO - DAG(s) 'air_quality_pipeline' retrieved from /opt/airflow/dags/spark_pipeline_dag.py
[2026-09-04T17:20:54.963+0000] {logging_mixin.py:188} INFO - [2026-09-04T17:20:54.963+0000] {dag.py:3036} INFO - Sync 1 DAGs
[2026-09-04T17:20:54.984+0000] {logging_mixin.py:188} INFO - [2026-09-04T17:20:54.984+0000] {dag.py:3823} INFO - Setting next_dagrun for air_quality_pipeline to 2026-09-04 17:05:00+00:00, run_after=2026-09-04 18:05:00+00:00
[2026-09-04T17:20:55.004+0000] {processor.py:183} INFO - Processing /opt/airflow/dags/spark_pipeline_dag.py took 0.089 seconds
[2026-09-04T17:21:25.460+0000] {processor.py:161} INFO - Started process (PID=59130) to work on /opt/airflow/dags/spark_pipeline_dag.py
[2026-09-04T17:21:25.461+0000] {processor.py:830} INFO - Processing file /opt/airflow/dags/spark_pipeline_dag.py for tasks to queue
[2026-09-04T17:21:25.462+0000] {logging_mixin.py:188} INFO - [2026-09-04T17:21:25.462+0000] {dagbag.py:538} INFO - Filling up the DagBag from /opt/airflow/dags/spark_pipeline_dag.py
[2026-09-04T17:21:25.479+0000] {processor.py:840} INFO - DAG(s) 'air_quality_pipeline' retrieved from /opt/airflow/dags/spark_pipeline_dag.py
[2026-09-04T17:21:25.497+0000] {logging_mixin.py:188} INFO - [2026-09-04T17:21:25.497+0000] {dag.py:3036} INFO - Sync 1 DAGs
[2026-09-04T17:21:25.523+0000] {logging_mixin.py:188} INFO - [2026-09-04T17:21:25.523+0000] {dag.py:3823} INFO - Setting next_dagrun for air_quality_pipeline to 2026-09-04 17:05:00+00:00, run_after=2026-09-04 18:05:00+00:00
[2026-09-04T17:21:25.540+0000] {processor.py:183} INFO - Processing /opt/airflow/dags/spark_pipeline_dag.py took 0.083 seconds
[2026-09-04T17:21:55.944+0000] {processor.py:161} INFO - Started process (PID=59140) to work on /opt/airflow/dags/spark_pipeline_dag.py
[2026-09-04T17:21:55.947+0000] {processor.py:830} INFO - Processing file /opt/airflow/dags/spark_pipeline_dag.py for tasks to queue
[2026-09-04T17:21:55.948+0000] {logging_mixin.py:188} INFO - [2026-09-04T17:21:55.948+0000] {dagbag.py:538} INFO - Filling up the DagBag from /opt/airflow/dags/spark_pipeline_dag.py
[2026-09-04T17:21:55.969+0000] {processor.py:840} INFO - DAG(s) 'air_quality_pipeline' retrieved from /opt/airflow/dags/spark_pipeline_dag.py
[2026-09-04T17:21:55.986+0000] {logging_mixin.py:188} INFO - [2026-09-04T17:21:55.985+0000] {dag.py:3036} INFO - Sync 1 DAGs
[2026-09-04T17:21:56.005+0000] {logging_mixin.py:188} INFO - [2026-09-04T17:21:56.004+0000] {dag.py:3823} INFO - Setting next_dagrun for air_quality_pipeline to 2026-09-04 17:05:00+00:00, run_after=2026-09-04 18:05:00+00:00
[2026-09-04T17:21:56.025+0000] {processor.py:183} INFO - Processing /opt/airflow/dags/spark_pipeline_dag.py took 0.084 seconds
[2026-09-04T17:22:26.359+0000] {processor.py:161} INFO - Started process (PID=59150) to work on /opt/airflow/dags/spark_pipeline_dag.py
[2026-09-04T17:22:26.360+0000] {processor.py:830} INFO - Processing file /opt/airflow/dags/spark_pipeline_dag.py for tasks to queue
[2026-09-04T17:22:26.361+0000] {logging_mixin.py:188} INFO - [2026-09-04T17:22:26.360+0000] {dagbag.py:538} INFO - Filling up the DagBag from /opt/airflow/dags/spark_pipeline_dag.py
[2026-09-04T17:22:26.381+0000] {processor.py:840} INFO - DAG(s) 'air_quality_pipeline' retrieved from /opt/airflow/dags/spark_pipeline_dag.py
[2026-09-04T17:22:26.399+0000] {logging_mixin.py:188} INFO - [2026-09-04T17:22:26.399+0000] {dag.py:3036} INFO - Sync 1 DAGs
[2026-09-04T17:22:26.419+0000] {logging_mixin.py:188} INFO - [2026-09-04T17:22:26.419+0000] {dag.py:3823} INFO - Setting next_dagrun for air_quality_pipeline to 2026-09-04 17:05:00+00:00, run_after=2026-09-04 18:05:00+00:00
[2026-09-04T17:22:26.437+0000] {processor.py:183} INFO - Processing /opt/airflow/dags/spark_pipeline_dag.py took 0.081 seconds
[2026-09-04T17:22:56.761+0000] {processor.py:161} INFO - Started process (PID=59160) to work on /opt/airflow/dags/spark_pipeline_dag.py
[2026-09-04T17:22:56.762+0000] {processor.py:830} INFO - Processing file /opt/airflow/dags/spark_pipeline_dag.py for tasks to queue
[2026-09-04T17:22:56.763+0000] {logging_mixin.py:188} INFO - [2026-09-04T17:22:56.763+0000] {dagbag.py:538} INFO - Filling up the DagBag from /opt/airflow/dags/spark_pipeline_dag.py
[2026-09-04T17:22:56.787+0000] {processor.py:840} INFO - DAG(s) 'air_quality_pipeline' retrieved from /opt/airflow/dags/spark_pipeline_dag.py
[2026-09-04T17:22:56.806+0000] {logging_mixin.py:188} INFO - [2026-09-04T17:22:56.805+0000] {dag.py:3036} INFO - Sync 1 DAGs
[2026-09-04T17:22:56.826+0000] {logging_mixin.py:188} INFO - [2026-09-04T17:22:56.826+0000] {dag.py:3823} INFO - Setting next_dagrun for air_quality_pipeline to 2026-09-04 17:05:00+00:00, run_after=2026-09-04 18:05:00+00:00
[2026-09-04T17:22:56.849+0000] {processor.py:183} INFO - Processing /opt/airflow/dags/spark_pipeline_dag.py took 0.090 seconds
[2026-09-04T17:23:27.293+0000] {processor.py:161} INFO - Started process (PID=59170) to work on /opt/airflow/dags/spark_pipeline_dag.py
[2026-09-04T17:23:27.294+0000] {processor.py:830} INFO - Processing file /opt/airflow/dags/spark_pipeline_dag.py for tasks to queue
[2026-09-04T17:23:27.295+0000] {logging_mixin.py:188} INFO - [2026-09-04T17:23:27.294+0000] {dagbag.py:538} INFO - Filling up the DagBag from /opt/airflow/dags/spark_pipeline_dag.py
[2026-09-04T17:23:27.316+0000] {processor.py:840} INFO - DAG(s) 'air_quality_pipeline' retrieved from /opt/airflow/dags/spark_pipeline_dag.py
[2026-09-04T17:23:27.338+0000] {logging_mixin.py:188} INFO - [2026-09-04T17:23:27.337+0000] {dag.py:3036} INFO - Sync 1 DAGs
[2026-09-04T17:23:27.361+0000] {logging_mixin.py:188} INFO - [2026-09-04T17:23:27.361+0000] {dag.py:3823} INFO - Setting next_dagrun for air_quality_pipeline to 2026-09-04 17:05:00+00:00, run_after=2026-09-04 18:05:00+00:00
[2026-09-04T17:23:27.384+0000] {processor.py:183} INFO - Processing /opt/airflow/dags/spark_pipeline_dag.py took 0.093 seconds
[2026-09-04T17:23:57.890+0000] {processor.py:161} INFO - Started process (PID=59180) to work on /opt/airflow/dags/spark_pipeline_dag.py
[2026-09-04T17:23:57.891+0000] {processor.py:830} INFO - Processing file /opt/airflow/dags/spark_pipeline_dag.py for tasks to queue
[2026-09-04T17:23:57.892+0000] {logging_mixin.py:188} INFO - [2026-09-04T17:23:57.892+0000] {dagbag.py:538} INFO - Filling up the DagBag from /opt/airflow/dags/spark_pipeline_dag.py
[2026-09-04T17:23:57.915+0000] {processor.py:840} INFO - DAG(s) 'air_quality_pipeline' retrieved from /opt/airflow/dags/spark_pipeline_dag.py
[2026-09-04T17:23:57.933+0000] {logging_mixin.py:188} INFO - [2026-09-04T17:23:57.933+0000] {dag.py:3036} INFO - Sync 1 DAGs
[2026-09-04T17:23:57.954+0000] {logging_mixin.py:188} INFO - [2026-09-04T17:23:57.953+0000] {dag.py:3823} INFO - Setting next_dagrun for air_quality_pipeline to 2026-09-04 17:05:00+00:00, run_after=2026-09-04 18:05:00+00:00
[2026-09-04T17:23:57.970+0000] {processor.py:183} INFO - Processing /opt/airflow/dags/spark_pipeline_dag.py took 0.083 seconds
[2026-09-04T17:24:28.275+0000] {processor.py:161} INFO - Started process (PID=59190) to work on /opt/airflow/dags/spark_pipeline_dag.py
[2026-09-04T17:24:28.276+0000] {processor.py:830} INFO - Processing file /opt/airflow/dags/spark_pipeline_dag.py for tasks to queue
[2026-09-04T17:24:28.277+0000] {logging_mixin.py:188} INFO - [2026-09-04T17:24:28.277+0000] {dagbag.py:538} INFO - Filling up the DagBag from /opt/airflow/dags/spark_pipeline_dag.py
[2026-09-04T17:24:28.303+0000] {processor.py:840} INFO - DAG(s) 'air_quality_pipeline' retrieved from /opt/airflow/dags/spark_pipeline_dag.py
[2026-09-04T17:24:28.326+0000] {logging_mixin.py:188} INFO - [2026-09-04T17:24:28.326+0000] {dag.py:3036} INFO - Sync 1 DAGs
[2026-09-04T17:24:28.354+0000] {logging_mixin.py:188} INFO - [2026-09-04T17:24:28.353+0000] {dag.py:3823} INFO - Setting next_dagrun for air_quality_pipeline to 2026-09-04 17:05:00+00:00, run_after=2026-09-04 18:05:00+00:00
[2026-09-04T17:24:28.383+0000] {processor.py:183} INFO - Processing /opt/airflow/dags/spark_pipeline_dag.py took 0.111 seconds
[2026-09-04T17:24:58.698+0000] {processor.py:161} INFO - Started process (PID=59200) to work on /opt/airflow/dags/spark_pipeline_dag.py
[2026-09-04T17:24:58.701+0000] {processor.py:830} INFO - Processing file /opt/airflow/dags/spark_pipeline_dag.py for tasks to queue
[2026-09-04T17:24:58.702+0000] {logging_mixin.py:188} INFO - [2026-09-04T17:24:58.701+0000] {dagbag.py:538} INFO - Filling up the DagBag from /opt/airflow/dags/spark_pipeline_dag.py
[2026-09-04T17:24:58.717+0000] {processor.py:840} INFO - DAG(s) 'air_quality_pipeline' retrieved from /opt/airflow/dags/spark_pipeline_dag.py
[2026-09-04T17:24:58.838+0000] {logging_mixin.py:188} INFO - [2026-09-04T17:24:58.837+0000] {dag.py:3036} INFO - Sync 1 DAGs
[2026-09-04T17:24:58.873+0000] {logging_mixin.py:188} INFO - [2026-09-04T17:24:58.873+0000] {dag.py:3823} INFO - Setting next_dagrun for air_quality_pipeline to 2026-09-04 17:05:00+00:00, run_after=2026-09-04 18:05:00+00:00
[2026-09-04T17:24:58.900+0000] {processor.py:183} INFO - Processing /opt/airflow/dags/spark_pipeline_dag.py took 0.206 seconds
[2026-09-04T17:25:29.353+0000] {processor.py:161} INFO - Started process (PID=59210) to work on /opt/airflow/dags/spark_pipeline_dag.py
[2026-09-04T17:25:29.354+0000] {processor.py:830} INFO - Processing file /opt/airflow/dags/spark_pipeline_dag.py for tasks to queue
[2026-09-04T17:25:29.355+0000] {logging_mixin.py:188} INFO - [2026-09-04T17:25:29.355+0000] {dagbag.py:538} INFO - Filling up the DagBag from /opt/airflow/dags/spark_pipeline_dag.py
[2026-09-04T17:25:29.373+0000] {processor.py:840} INFO - DAG(s) 'air_quality_pipeline' retrieved from /opt/airflow/dags/spark_pipeline_dag.py
[2026-09-04T17:25:29.392+0000] {logging_mixin.py:188} INFO - [2026-09-04T17:25:29.392+0000] {dag.py:3036} INFO - Sync 1 DAGs
[2026-09-04T17:25:29.412+0000] {logging_mixin.py:188} INFO - [2026-09-04T17:25:29.412+0000] {dag.py:3823} INFO - Setting next_dagrun for air_quality_pipeline to 2026-09-04 17:05:00+00:00, run_after=2026-09-04 18:05:00+00:00
[2026-09-04T17:25:29.430+0000] {processor.py:183} INFO - Processing /opt/airflow/dags/spark_pipeline_dag.py took 0.079 seconds
[2026-09-04T17:25:59.858+0000] {processor.py:161} INFO - Started process (PID=59220) to work on /opt/airflow/dags/spark_pipeline_dag.py
[2026-09-04T17:25:59.859+0000] {processor.py:830} INFO - Processing file /opt/airflow/dags/spark_pipeline_dag.py for tasks to queue
[2026-09-04T17:25:59.860+0000] {logging_mixin.py:188} INFO - [2026-09-04T17:25:59.860+0000] {dagbag.py:538} INFO - Filling up the DagBag from /opt/airflow/dags/spark_pipeline_dag.py
[2026-09-04T17:25:59.876+0000] {processor.py:840} INFO - DAG(s) 'air_quality_pipeline' retrieved from /opt/airflow/dags/spark_pipeline_dag.py
[2026-09-04T17:25:59.894+0000] {logging_mixin.py:188} INFO - [2026-09-04T17:25:59.894+0000] {dag.py:3036} INFO - Sync 1 DAGs
[2026-09-04T17:25:59.913+0000] {logging_mixin.py:188} INFO - [2026-09-04T17:25:59.913+0000] {dag.py:3823} INFO - Setting next_dagrun for air_quality_pipeline to 2026-09-04 17:05:00+00:00, run_after=2026-09-04 18:05:00+00:00
[2026-09-04T17:25:59.932+0000] {processor.py:183} INFO - Processing /opt/airflow/dags/spark_pipeline_dag.py took 0.076 seconds
[2026-09-04T17:26:30.276+0000] {processor.py:161} INFO - Started process (PID=59230) to work on /opt/airflow/dags/spark_pipeline_dag.py
[2026-09-04T17:26:30.278+0000] {processor.py:830} INFO - Processing file /opt/airflow/dags/spark_pipeline_dag.py for tasks to queue
[2026-09-04T17:26:30.279+0000] {logging_mixin.py:188} INFO - [2026-09-04T17:26:30.278+0000] {dagbag.py:538} INFO - Filling up the DagBag from /opt/airflow/dags/spark_pipeline_dag.py
[2026-09-04T17:26:30.297+0000] {processor.py:840} INFO - DAG(s) 'air_quality_pipeline' retrieved from /opt/airflow/dags/spark_pipeline_dag.py
[2026-09-04T17:26:30.315+0000] {logging_mixin.py:188} INFO - [2026-09-04T17:26:30.315+0000] {dag.py:3036} INFO - Sync 1 DAGs
[2026-09-04T17:26:30.332+0000] {logging_mixin.py:188} INFO - [2026-09-04T17:26:30.332+0000] {dag.py:3823} INFO - Setting next_dagrun for air_quality_pipeline to 2026-09-04 17:05:00+00:00, run_after=2026-09-04 18:05:00+00:00
[2026-09-04T17:26:30.351+0000] {processor.py:183} INFO - Processing /opt/airflow/dags/spark_pipeline_dag.py took 0.077 seconds
[2026-09-04T17:27:00.826+0000] {processor.py:161} INFO - Started process (PID=59240) to work on /opt/airflow/dags/spark_pipeline_dag.py
[2026-09-04T17:27:00.827+0000] {processor.py:830} INFO - Processing file /opt/airflow/dags/spark_pipeline_dag.py for tasks to queue
[2026-09-04T17:27:00.828+0000] {logging_mixin.py:188} INFO - [2026-09-04T17:27:00.828+0000] {dagbag.py:538} INFO - Filling up the DagBag from /opt/airflow/dags/spark_pipeline_dag.py
[2026-09-04T17:27:00.850+0000] {processor.py:840} INFO - DAG(s) 'air_quality_pipeline' retrieved from /opt/airflow/dags/spark_pipeline_dag.py
[2026-09-04T17:27:00.869+0000] {logging_mixin.py:188} INFO - [2026-09-04T17:27:00.869+0000] {dag.py:3036} INFO - Sync 1 DAGs
[2026-09-04T17:27:00.890+0000] {logging_mixin.py:188} INFO - [2026-09-04T17:27:00.890+0000] {dag.py:3823} INFO - Setting next_dagrun for air_quality_pipeline to 2026-09-04 17:05:00+00:00, run_after=2026-09-04 18:05:00+00:00
[2026-09-04T17:27:00.909+0000] {processor.py:183} INFO - Processing /opt/airflow/dags/spark_pipeline_dag.py took 0.086 seconds
[2026-09-04T17:27:31.511+0000] {processor.py:161} INFO - Started process (PID=59250) to work on /opt/airflow/dags/spark_pipeline_dag.py
[2026-09-04T17:27:31.513+0000] {processor.py:830} INFO - Processing file /opt/airflow/dags/spark_pipeline_dag.py for tasks to queue
[2026-09-04T17:27:31.514+0000] {logging_mixin.py:188} INFO - [2026-09-04T17:27:31.514+0000] {dagbag.py:538} INFO - Filling up the DagBag from /opt/airflow/dags/spark_pipeline_dag.py
[2026-09-04T17:27:31.542+0000] {processor.py:840} INFO - DAG(s) 'air_quality_pipeline' retrieved from /opt/airflow/dags/spark_pipeline_dag.py
[2026-09-04T17:27:31.565+0000] {logging_mixin.py:188} INFO - [2026-09-04T17:27:31.565+0000] {dag.py:3036} INFO - Sync 1 DAGs
[2026-09-04T17:27:31.586+0000] {logging_mixin.py:188} INFO - [2026-09-04T17:27:31.586+0000] {dag.py:3823} INFO - Setting next_dagrun for air_quality_pipeline to 2026-09-04 17:05:00+00:00, run_after=2026-09-04 18:05:00+00:00
[2026-09-04T17:27:31.607+0000] {processor.py:183} INFO - Processing /opt/airflow/dags/spark_pipeline_dag.py took 0.099 seconds
[2026-09-04T17:28:02.006+0000] {processor.py:161} INFO - Started process (PID=59260) to work on /opt/airflow/dags/spark_pipeline_dag.py
[2026-09-04T17:28:02.007+0000] {processor.py:830} INFO - Processing file /opt/airflow/dags/spark_pipeline_dag.py for tasks to queue
[2026-09-04T17:28:02.008+0000] {logging_mixin.py:188} INFO - [2026-09-04T17:28:02.008+0000] {dagbag.py:538} INFO - Filling up the DagBag from /opt/airflow/dags/spark_pipeline_dag.py
[2026-09-04T17:28:02.025+0000] {processor.py:840} INFO - DAG(s) 'air_quality_pipeline' retrieved from /opt/airflow/dags/spark_pipeline_dag.py
[2026-09-04T17:28:02.043+0000] {logging_mixin.py:188} INFO - [2026-09-04T17:28:02.043+0000] {dag.py:3036} INFO - Sync 1 DAGs
[2026-09-04T17:28:02.062+0000] {logging_mixin.py:188} INFO - [2026-09-04T17:28:02.062+0000] {dag.py:3823} INFO - Setting next_dagrun for air_quality_pipeline to 2026-09-04 17:05:00+00:00, run_after=2026-09-04 18:05:00+00:00
[2026-09-04T17:28:02.081+0000] {processor.py:183} INFO - Processing /opt/airflow/dags/spark_pipeline_dag.py took 0.078 seconds
[2026-09-04T17:28:32.465+0000] {processor.py:161} INFO - Started process (PID=59270) to work on /opt/airflow/dags/spark_pipeline_dag.py
[2026-09-04T17:28:32.466+0000] {processor.py:830} INFO - Processing file /opt/airflow/dags/spark_pipeline_dag.py for tasks to queue
[2026-09-04T17:28:32.467+0000] {logging_mixin.py:188} INFO - [2026-09-04T17:28:32.467+0000] {dagbag.py:538} INFO - Filling up the DagBag from /opt/airflow/dags/spark_pipeline_dag.py
[2026-09-04T17:28:32.488+0000] {processor.py:840} INFO - DAG(s) 'air_quality_pipeline' retrieved from /opt/airflow/dags/spark_pipeline_dag.py
[2026-09-04T17:28:32.506+0000] {logging_mixin.py:188} INFO - [2026-09-04T17:28:32.506+0000] {dag.py:3036} INFO - Sync 1 DAGs
[2026-09-04T17:28:32.524+0000] {logging_mixin.py:188} INFO - [2026-09-04T17:28:32.523+0000] {dag.py:3823} INFO - Setting next_dagrun for air_quality_pipeline to 2026-09-04 17:05:00+00:00, run_after=2026-09-04 18:05:00+00:00
[2026-09-04T17:28:32.542+0000] {processor.py:183} INFO - Processing /opt/airflow/dags/spark_pipeline_dag.py took 0.079 seconds
[2026-09-04T17:29:02.959+0000] {processor.py:161} INFO - Started process (PID=59280) to work on /opt/airflow/dags/spark_pipeline_dag.py
[2026-09-04T17:29:02.961+0000] {processor.py:830} INFO - Processing file /opt/airflow/dags/spark_pipeline_dag.py for tasks to queue
[2026-09-04T17:29:02.962+0000] {logging_mixin.py:188} INFO - [2026-09-04T17:29:02.961+0000] {dagbag.py:538} INFO - Filling up the DagBag from /opt/airflow/dags/spark_pipeline_dag.py
[2026-09-04T17:29:02.986+0000] {processor.py:840} INFO - DAG(s) 'air_quality_pipeline' retrieved from /opt/airflow/dags/spark_pipeline_dag.py
[2026-09-04T17:29:03.004+0000] {logging_mixin.py:188} INFO - [2026-09-04T17:29:03.004+0000] {dag.py:3036} INFO - Sync 1 DAGs
[2026-09-04T17:29:03.022+0000] {logging_mixin.py:188} INFO - [2026-09-04T17:29:03.022+0000] {dag.py:3823} INFO - Setting next_dagrun for air_quality_pipeline to 2026-09-04 17:05:00+00:00, run_after=2026-09-04 18:05:00+00:00
[2026-09-04T17:29:03.039+0000] {processor.py:183} INFO - Processing /opt/airflow/dags/spark_pipeline_dag.py took 0.084 seconds
[2026-09-04T17:29:33.561+0000] {processor.py:161} INFO - Started process (PID=59290) to work on /opt/airflow/dags/spark_pipeline_dag.py
[2026-09-04T17:29:33.563+0000] {processor.py:830} INFO - Processing file /opt/airflow/dags/spark_pipeline_dag.py for tasks to queue
[2026-09-04T17:29:33.564+0000] {logging_mixin.py:188} INFO - [2026-09-04T17:29:33.563+0000] {dagbag.py:538} INFO - Filling up the DagBag from /opt/airflow/dags/spark_pipeline_dag.py
[2026-09-04T17:29:33.589+0000] {processor.py:840} INFO - DAG(s) 'air_quality_pipeline' retrieved from /opt/airflow/dags/spark_pipeline_dag.py
[2026-09-04T17:29:33.608+0000] {logging_mixin.py:188} INFO - [2026-09-04T17:29:33.608+0000] {dag.py:3036} INFO - Sync 1 DAGs
[2026-09-04T17:29:33.628+0000] {logging_mixin.py:188} INFO - [2026-09-04T17:29:33.628+0000] {dag.py:3823} INFO - Setting next_dagrun for air_quality_pipeline to 2026-09-04 17:05:00+00:00, run_after=2026-09-04 18:05:00+00:00
[2026-09-04T17:29:33.646+0000] {processor.py:183} INFO - Processing /opt/airflow/dags/spark_pipeline_dag.py took 0.088 seconds
[2026-09-04T17:30:04.262+0000] {processor.py:161} INFO - Started process (PID=59300) to work on /opt/airflow/dags/spark_pipeline_dag.py
[2026-09-04T17:30:04.263+0000] {processor.py:830} INFO - Processing file /opt/airflow/dags/spark_pipeline_dag.py for tasks to queue
[2026-09-04T17:30:04.264+0000] {logging_mixin.py:188} INFO - [2026-09-04T17:30:04.264+0000] {dagbag.py:538} INFO - Filling up the DagBag from /opt/airflow/dags/spark_pipeline_dag.py
[2026-09-04T17:30:04.284+0000] {processor.py:840} INFO - DAG(s) 'air_quality_pipeline' retrieved from /opt/airflow/dags/spark_pipeline_dag.py
[2026-09-04T17:30:04.303+0000] {logging_mixin.py:188} INFO - [2026-09-04T17:30:04.303+0000] {dag.py:3036} INFO - Sync 1 DAGs
[2026-09-04T17:30:04.322+0000] {logging_mixin.py:188} INFO - [2026-09-04T17:30:04.322+0000] {dag.py:3823} INFO - Setting next_dagrun for air_quality_pipeline to 2026-09-04 17:05:00+00:00, run_after=2026-09-04 18:05:00+00:00
[2026-09-04T17:30:04.339+0000] {processor.py:183} INFO - Processing /opt/airflow/dags/spark_pipeline_dag.py took 0.084 seconds
[2026-09-04T17:30:34.748+0000] {processor.py:161} INFO - Started process (PID=59310) to work on /opt/airflow/dags/spark_pipeline_dag.py
[2026-09-04T17:30:34.749+0000] {processor.py:830} INFO - Processing file /opt/airflow/dags/spark_pipeline_dag.py for tasks to queue
[2026-09-04T17:30:34.750+0000] {logging_mixin.py:188} INFO - [2026-09-04T17:30:34.750+0000] {dagbag.py:538} INFO - Filling up the DagBag from /opt/airflow/dags/spark_pipeline_dag.py
[2026-09-04T17:30:34.771+0000] {processor.py:840} INFO - DAG(s) 'air_quality_pipeline' retrieved from /opt/airflow/dags/spark_pipeline_dag.py
[2026-09-04T17:30:34.789+0000] {logging_mixin.py:188} INFO - [2026-09-04T17:30:34.789+0000] {dag.py:3036} INFO - Sync 1 DAGs
[2026-09-04T17:30:34.807+0000] {logging_mixin.py:188} INFO - [2026-09-04T17:30:34.807+0000] {dag.py:3823} INFO - Setting next_dagrun for air_quality_pipeline to 2026-09-04 17:05:00+00:00, run_after=2026-09-04 18:05:00+00:00
[2026-09-04T17:30:34.824+0000] {processor.py:183} INFO - Processing /opt/airflow/dags/spark_pipeline_dag.py took 0.079 seconds
[2026-09-04T17:31:05.222+0000] {processor.py:161} INFO - Started process (PID=59320) to work on /opt/airflow/dags/spark_pipeline_dag.py
[2026-09-04T17:31:05.224+0000] {processor.py:830} INFO - Processing file /opt/airflow/dags/spark_pipeline_dag.py for tasks to queue
[2026-09-04T17:31:05.225+0000] {logging_mixin.py:188} INFO - [2026-09-04T17:31:05.225+0000] {dagbag.py:538} INFO - Filling up the DagBag from /opt/airflow/dags/spark_pipeline_dag.py
[2026-09-04T17:31:05.246+0000] {processor.py:840} INFO - DAG(s) 'air_quality_pipeline' retrieved from /opt/airflow/dags/spark_pipeline_dag.py
[2026-09-04T17:31:05.267+0000] {logging_mixin.py:188} INFO - [2026-09-04T17:31:05.267+0000] {dag.py:3036} INFO - Sync 1 DAGs
[2026-09-04T17:31:05.289+0000] {logging_mixin.py:188} INFO - [2026-09-04T17:31:05.289+0000] {dag.py:3823} INFO - Setting next_dagrun for air_quality_pipeline to 2026-09-04 17:05:00+00:00, run_after=2026-09-04 18:05:00+00:00
[2026-09-04T17:31:05.309+0000] {processor.py:183} INFO - Processing /opt/airflow/dags/spark_pipeline_dag.py took 0.090 seconds
[2026-09-04T17:31:35.729+0000] {processor.py:161} INFO - Started process (PID=59330) to work on /opt/airflow/dags/spark_pipeline_dag.py
[2026-09-04T17:31:35.730+0000] {processor.py:830} INFO - Processing file /opt/airflow/dags/spark_pipeline_dag.py for tasks to queue
[2026-09-04T17:31:35.731+0000] {logging_mixin.py:188} INFO - [2026-09-04T17:31:35.730+0000] {dagbag.py:538} INFO - Filling up the DagBag from /opt/airflow/dags/spark_pipeline_dag.py
[2026-09-04T17:31:35.751+0000] {processor.py:840} INFO - DAG(s) 'air_quality_pipeline' retrieved from /opt/airflow/dags/spark_pipeline_dag.py
[2026-09-04T17:31:35.770+0000] {logging_mixin.py:188} INFO - [2026-09-04T17:31:35.770+0000] {dag.py:3036} INFO - Sync 1 DAGs
[2026-09-04T17:31:35.789+0000] {logging_mixin.py:188} INFO - [2026-09-04T17:31:35.789+0000] {dag.py:3823} INFO - Setting next_dagrun for air_quality_pipeline to 2026-09-04 17:05:00+00:00, run_after=2026-09-04 18:05:00+00:00
[2026-09-04T17:31:35.806+0000] {processor.py:183} INFO - Processing /opt/airflow/dags/spark_pipeline_dag.py took 0.080 seconds
[2026-09-04T17:32:06.281+0000] {processor.py:161} INFO - Started process (PID=59340) to work on /opt/airflow/dags/spark_pipeline_dag.py
[2026-09-04T17:32:06.282+0000] {processor.py:830} INFO - Processing file /opt/airflow/dags/spark_pipeline_dag.py for tasks to queue
[2026-09-04T17:32:06.283+0000] {logging_mixin.py:188} INFO - [2026-09-04T17:32:06.283+0000] {dagbag.py:538} INFO - Filling up the DagBag from /opt/airflow/dags/spark_pipeline_dag.py
[2026-09-04T17:32:06.301+0000] {processor.py:840} INFO - DAG(s) 'air_quality_pipeline' retrieved from /opt/airflow/dags/spark_pipeline_dag.py
[2026-09-04T17:32:06.318+0000] {logging_mixin.py:188} INFO - [2026-09-04T17:32:06.318+0000] {dag.py:3036} INFO - Sync 1 DAGs
[2026-09-04T17:32:06.337+0000] {logging_mixin.py:188} INFO - [2026-09-04T17:32:06.337+0000] {dag.py:3823} INFO - Setting next_dagrun for air_quality_pipeline to 2026-09-04 17:05:00+00:00, run_after=2026-09-04 18:05:00+00:00
[2026-09-04T17:32:06.352+0000] {processor.py:183} INFO - Processing /opt/airflow/dags/spark_pipeline_dag.py took 0.073 seconds
[2026-09-04T17:32:36.760+0000] {processor.py:161} INFO - Started process (PID=59350) to work on /opt/airflow/dags/spark_pipeline_dag.py
[2026-09-04T17:32:36.761+0000] {processor.py:830} INFO - Processing file /opt/airflow/dags/spark_pipeline_dag.py for tasks to queue
[2026-09-04T17:32:36.762+0000] {logging_mixin.py:188} INFO - [2026-09-04T17:32:36.762+0000] {dagbag.py:538} INFO - Filling up the DagBag from /opt/airflow/dags/spark_pipeline_dag.py
[2026-09-04T17:32:36.781+0000] {processor.py:840} INFO - DAG(s) 'air_quality_pipeline' retrieved from /opt/airflow/dags/spark_pipeline_dag.py
[2026-09-04T17:32:36.801+0000] {logging_mixin.py:188} INFO - [2026-09-04T17:32:36.800+0000] {dag.py:3036} INFO - Sync 1 DAGs
[2026-09-04T17:32:36.822+0000] {logging_mixin.py:188} INFO - [2026-09-04T17:32:36.822+0000] {dag.py:3823} INFO - Setting next_dagrun for air_quality_pipeline to 2026-09-04 17:05:00+00:00, run_after=2026-09-04 18:05:00+00:00
[2026-09-04T17:32:36.843+0000] {processor.py:183} INFO - Processing /opt/airflow/dags/spark_pipeline_dag.py took 0.086 seconds
[2026-09-04T17:33:07.175+0000] {processor.py:161} INFO - Started process (PID=59360) to work on /opt/airflow/dags/spark_pipeline_dag.py
[2026-09-04T17:33:07.177+0000] {processor.py:830} INFO - Processing file /opt/airflow/dags/spark_pipeline_dag.py for tasks to queue
[2026-09-04T17:33:07.177+0000] {logging_mixin.py:188} INFO - [2026-09-04T17:33:07.177+0000] {dagbag.py:538} INFO - Filling up the DagBag from /opt/airflow/dags/spark_pipeline_dag.py
[2026-09-04T17:33:07.199+0000] {processor.py:840} INFO - DAG(s) 'air_quality_pipeline' retrieved from /opt/airflow/dags/spark_pipeline_dag.py
[2026-09-04T17:33:07.223+0000] {logging_mixin.py:188} INFO - [2026-09-04T17:33:07.223+0000] {dag.py:3036} INFO - Sync 1 DAGs
[2026-09-04T17:33:07.248+0000] {logging_mixin.py:188} INFO - [2026-09-04T17:33:07.248+0000] {dag.py:3823} INFO - Setting next_dagrun for air_quality_pipeline to 2026-09-04 17:05:00+00:00, run_after=2026-09-04 18:05:00+00:00
[2026-09-04T17:33:07.270+0000] {processor.py:183} INFO - Processing /opt/airflow/dags/spark_pipeline_dag.py took 0.098 seconds
[2026-09-04T17:33:37.708+0000] {processor.py:161} INFO - Started process (PID=59370) to work on /opt/airflow/dags/spark_pipeline_dag.py
[2026-09-04T17:33:37.710+0000] {processor.py:830} INFO - Processing file /opt/airflow/dags/spark_pipeline_dag.py for tasks to queue
[2026-09-04T17:33:37.711+0000] {logging_mixin.py:188} INFO - [2026-09-04T17:33:37.711+0000] {dagbag.py:538} INFO - Filling up the DagBag from /opt/airflow/dags/spark_pipeline_dag.py
[2026-09-04T17:33:37.730+0000] {processor.py:840} INFO - DAG(s) 'air_quality_pipeline' retrieved from /opt/airflow/dags/spark_pipeline_dag.py
[2026-09-04T17:33:37.754+0000] {logging_mixin.py:188} INFO - [2026-09-04T17:33:37.753+0000] {dag.py:3036} INFO - Sync 1 DAGs
[2026-09-04T17:33:37.774+0000] {logging_mixin.py:188} INFO - [2026-09-04T17:33:37.774+0000] {dag.py:3823} INFO - Setting next_dagrun for air_quality_pipeline to 2026-09-04 17:05:00+00:00, run_after=2026-09-04 18:05:00+00:00
[2026-09-04T17:33:37.797+0000] {processor.py:183} INFO - Processing /opt/airflow/dags/spark_pipeline_dag.py took 0.091 seconds
[2026-09-04T17:34:08.238+0000] {processor.py:161} INFO - Started process (PID=59380) to work on /opt/airflow/dags/spark_pipeline_dag.py
[2026-09-04T17:34:08.240+0000] {processor.py:830} INFO - Processing file /opt/airflow/dags/spark_pipeline_dag.py for tasks to queue
[2026-09-04T17:34:08.241+0000] {logging_mixin.py:188} INFO - [2026-09-04T17:34:08.240+0000] {dagbag.py:538} INFO - Filling up the DagBag from /opt/airflow/dags/spark_pipeline_dag.py
[2026-09-04T17:34:08.263+0000] {processor.py:840} INFO - DAG(s) 'air_quality_pipeline' retrieved from /opt/airflow/dags/spark_pipeline_dag.py
[2026-09-04T17:34:08.281+0000] {logging_mixin.py:188} INFO - [2026-09-04T17:34:08.281+0000] {dag.py:3036} INFO - Sync 1 DAGs
[2026-09-04T17:34:08.298+0000] {logging_mixin.py:188} INFO - [2026-09-04T17:34:08.298+0000] {dag.py:3823} INFO - Setting next_dagrun for air_quality_pipeline to 2026-09-04 17:05:00+00:00, run_after=2026-09-04 18:05:00+00:00
[2026-09-04T17:34:08.315+0000] {processor.py:183} INFO - Processing /opt/airflow/dags/spark_pipeline_dag.py took 0.080 seconds
[2026-09-04T17:34:38.732+0000] {processor.py:161} INFO - Started process (PID=59390) to work on /opt/airflow/dags/spark_pipeline_dag.py
[2026-09-04T17:34:38.733+0000] {processor.py:830} INFO - Processing file /opt/airflow/dags/spark_pipeline_dag.py for tasks to queue
[2026-09-04T17:34:38.735+0000] {logging_mixin.py:188} INFO - [2026-09-04T17:34:38.734+0000] {dagbag.py:538} INFO - Filling up the DagBag from /opt/airflow/dags/spark_pipeline_dag.py
[2026-09-04T17:34:38.762+0000] {processor.py:840} INFO - DAG(s) 'air_quality_pipeline' retrieved from /opt/airflow/dags/spark_pipeline_dag.py
[2026-09-04T17:34:38.788+0000] {logging_mixin.py:188} INFO - [2026-09-04T17:34:38.787+0000] {dag.py:3036} INFO - Sync 1 DAGs
[2026-09-04T17:34:38.810+0000] {logging_mixin.py:188} INFO - [2026-09-04T17:34:38.810+0000] {dag.py:3823} INFO - Setting next_dagrun for air_quality_pipeline to 2026-09-04 17:05:00+00:00, run_after=2026-09-04 18:05:00+00:00
[2026-09-04T17:34:38.831+0000] {processor.py:183} INFO - Processing /opt/airflow/dags/spark_pipeline_dag.py took 0.102 seconds
[2026-09-04T17:35:09.400+0000] {processor.py:161} INFO - Started process (PID=59400) to work on /opt/airflow/dags/spark_pipeline_dag.py
[2026-09-04T17:35:09.402+0000] {processor.py:830} INFO - Processing file /opt/airflow/dags/spark_pipeline_dag.py for tasks to queue
[2026-09-04T17:35:09.404+0000] {logging_mixin.py:188} INFO - [2026-09-04T17:35:09.404+0000] {dagbag.py:538} INFO - Filling up the DagBag from /opt/airflow/dags/spark_pipeline_dag.py
[2026-09-04T17:35:09.423+0000] {processor.py:840} INFO - DAG(s) 'air_quality_pipeline' retrieved from /opt/airflow/dags/spark_pipeline_dag.py
[2026-09-04T17:35:09.441+0000] {logging_mixin.py:188} INFO - [2026-09-04T17:35:09.441+0000] {dag.py:3036} INFO - Sync 1 DAGs
[2026-09-04T17:35:09.460+0000] {logging_mixin.py:188} INFO - [2026-09-04T17:35:09.459+0000] {dag.py:3823} INFO - Setting next_dagrun for air_quality_pipeline to 2026-09-04 17:05:00+00:00, run_after=2026-09-04 18:05:00+00:00
[2026-09-04T17:35:09.477+0000] {processor.py:183} INFO - Processing /opt/airflow/dags/spark_pipeline_dag.py took 0.080 seconds
[2026-09-04T17:35:39.912+0000] {processor.py:161} INFO - Started process (PID=59410) to work on /opt/airflow/dags/spark_pipeline_dag.py
[2026-09-04T17:35:39.913+0000] {processor.py:830} INFO - Processing file /opt/airflow/dags/spark_pipeline_dag.py for tasks to queue
[2026-09-04T17:35:39.914+0000] {logging_mixin.py:188} INFO - [2026-09-04T17:35:39.914+0000] {dagbag.py:538} INFO - Filling up the DagBag from /opt/airflow/dags/spark_pipeline_dag.py
[2026-09-04T17:35:39.935+0000] {processor.py:840} INFO - DAG(s) 'air_quality_pipeline' retrieved from /opt/airflow/dags/spark_pipeline_dag.py
[2026-09-04T17:35:39.954+0000] {logging_mixin.py:188} INFO - [2026-09-04T17:35:39.954+0000] {dag.py:3036} INFO - Sync 1 DAGs
[2026-09-04T17:35:39.975+0000] {logging_mixin.py:188} INFO - [2026-09-04T17:35:39.975+0000] {dag.py:3823} INFO - Setting next_dagrun for air_quality_pipeline to 2026-09-04 17:05:00+00:00, run_after=2026-09-04 18:05:00+00:00
[2026-09-04T17:35:39.996+0000] {processor.py:183} INFO - Processing /opt/airflow/dags/spark_pipeline_dag.py took 0.086 seconds
[2026-09-04T17:36:10.566+0000] {processor.py:161} INFO - Started process (PID=59420) to work on /opt/airflow/dags/spark_pipeline_dag.py
[2026-09-04T17:36:10.568+0000] {processor.py:830} INFO - Processing file /opt/airflow/dags/spark_pipeline_dag.py for tasks to queue
[2026-09-04T17:36:10.569+0000] {logging_mixin.py:188} INFO - [2026-09-04T17:36:10.569+0000] {dagbag.py:538} INFO - Filling up the DagBag from /opt/airflow/dags/spark_pipeline_dag.py
[2026-09-04T17:36:10.597+0000] {processor.py:840} INFO - DAG(s) 'air_quality_pipeline' retrieved from /opt/airflow/dags/spark_pipeline_dag.py
[2026-09-04T17:36:10.628+0000] {logging_mixin.py:188} INFO - [2026-09-04T17:36:10.628+0000] {dag.py:3036} INFO - Sync 1 DAGs
[2026-09-04T17:36:10.650+0000] {logging_mixin.py:188} INFO - [2026-09-04T17:36:10.650+0000] {dag.py:3823} INFO - Setting next_dagrun for air_quality_pipeline to 2026-09-04 17:05:00+00:00, run_after=2026-09-04 18:05:00+00:00
[2026-09-04T17:36:10.673+0000] {processor.py:183} INFO - Processing /opt/airflow/dags/spark_pipeline_dag.py took 0.113 seconds
[2026-09-04T17:36:41.131+0000] {processor.py:161} INFO - Started process (PID=59430) to work on /opt/airflow/dags/spark_pipeline_dag.py
[2026-09-04T17:36:41.132+0000] {processor.py:830} INFO - Processing file /opt/airflow/dags/spark_pipeline_dag.py for tasks to queue
[2026-09-04T17:36:41.133+0000] {logging_mixin.py:188} INFO - [2026-09-04T17:36:41.133+0000] {dagbag.py:538} INFO - Filling up the DagBag from /opt/airflow/dags/spark_pipeline_dag.py
[2026-09-04T17:36:41.154+0000] {processor.py:840} INFO - DAG(s) 'air_quality_pipeline' retrieved from /opt/airflow/dags/spark_pipeline_dag.py
[2026-09-04T17:36:41.179+0000] {logging_mixin.py:188} INFO - [2026-09-04T17:36:41.179+0000] {dag.py:3036} INFO - Sync 1 DAGs
[2026-09-04T17:36:41.200+0000] {logging_mixin.py:188} INFO - [2026-09-04T17:36:41.200+0000] {dag.py:3823} INFO - Setting next_dagrun for air_quality_pipeline to 2026-09-04 17:05:00+00:00, run_after=2026-09-04 18:05:00+00:00
[2026-09-04T17:36:41.220+0000] {processor.py:183} INFO - Processing /opt/airflow/dags/spark_pipeline_dag.py took 0.091 seconds
[2026-09-04T17:37:11.630+0000] {processor.py:161} INFO - Started process (PID=59440) to work on /opt/airflow/dags/spark_pipeline_dag.py
[2026-09-04T17:37:11.631+0000] {processor.py:830} INFO - Processing file /opt/airflow/dags/spark_pipeline_dag.py for tasks to queue
[2026-09-04T17:37:11.632+0000] {logging_mixin.py:188} INFO - [2026-09-04T17:37:11.632+0000] {dagbag.py:538} INFO - Filling up the DagBag from /opt/airflow/dags/spark_pipeline_dag.py
[2026-09-04T17:37:11.653+0000] {processor.py:840} INFO - DAG(s) 'air_quality_pipeline' retrieved from /opt/airflow/dags/spark_pipeline_dag.py
[2026-09-04T17:37:11.672+0000] {logging_mixin.py:188} INFO - [2026-09-04T17:37:11.672+0000] {dag.py:3036} INFO - Sync 1 DAGs
[2026-09-04T17:37:11.691+0000] {logging_mixin.py:188} INFO - [2026-09-04T17:37:11.691+0000] {dag.py:3823} INFO - Setting next_dagrun for air_quality_pipeline to 2026-09-04 17:05:00+00:00, run_after=2026-09-04 18:05:00+00:00
[2026-09-04T17:37:11.707+0000] {processor.py:183} INFO - Processing /opt/airflow/dags/spark_pipeline_dag.py took 0.079 seconds
[2026-09-04T17:37:42.155+0000] {processor.py:161} INFO - Started process (PID=59450) to work on /opt/airflow/dags/spark_pipeline_dag.py
[2026-09-04T17:37:42.156+0000] {processor.py:830} INFO - Processing file /opt/airflow/dags/spark_pipeline_dag.py for tasks to queue
[2026-09-04T17:37:42.157+0000] {logging_mixin.py:188} INFO - [2026-09-04T17:37:42.157+0000] {dagbag.py:538} INFO - Filling up the DagBag from /opt/airflow/dags/spark_pipeline_dag.py
[2026-09-04T17:37:42.176+0000] {processor.py:840} INFO - DAG(s) 'air_quality_pipeline' retrieved from /opt/airflow/dags/spark_pipeline_dag.py
[2026-09-04T17:37:42.194+0000] {logging_mixin.py:188} INFO - [2026-09-04T17:37:42.193+0000] {dag.py:3036} INFO - Sync 1 DAGs
[2026-09-04T17:37:42.215+0000] {logging_mixin.py:188} INFO - [2026-09-04T17:37:42.215+0000] {dag.py:3823} INFO - Setting next_dagrun for air_quality_pipeline to 2026-09-04 17:05:00+00:00, run_after=2026-09-04 18:05:00+00:00
[2026-09-04T17:37:42.238+0000] {processor.py:183} INFO - Processing /opt/airflow/dags/spark_pipeline_dag.py took 0.085 seconds
[2026-09-04T17:38:12.769+0000] {processor.py:161} INFO - Started process (PID=59460) to work on /opt/airflow/dags/spark_pipeline_dag.py
[2026-09-04T17:38:12.771+0000] {processor.py:830} INFO - Processing file /opt/airflow/dags/spark_pipeline_dag.py for tasks to queue
[2026-09-04T17:38:12.772+0000] {logging_mixin.py:188} INFO - [2026-09-04T17:38:12.772+0000] {dagbag.py:538} INFO - Filling up the DagBag from /opt/airflow/dags/spark_pipeline_dag.py
[2026-09-04T17:38:12.796+0000] {processor.py:840} INFO - DAG(s) 'air_quality_pipeline' retrieved from /opt/airflow/dags/spark_pipeline_dag.py
[2026-09-04T17:38:12.816+0000] {logging_mixin.py:188} INFO - [2026-09-04T17:38:12.816+0000] {dag.py:3036} INFO - Sync 1 DAGs
[2026-09-04T17:38:12.837+0000] {logging_mixin.py:188} INFO - [2026-09-04T17:38:12.837+0000] {dag.py:3823} INFO - Setting next_dagrun for air_quality_pipeline to 2026-09-04 17:05:00+00:00, run_after=2026-09-04 18:05:00+00:00
[2026-09-04T17:38:12.858+0000] {processor.py:183} INFO - Processing /opt/airflow/dags/spark_pipeline_dag.py took 0.092 seconds
[2026-09-04T17:38:43.379+0000] {processor.py:161} INFO - Started process (PID=59470) to work on /opt/airflow/dags/spark_pipeline_dag.py
[2026-09-04T17:38:43.380+0000] {processor.py:830} INFO - Processing file /opt/airflow/dags/spark_pipeline_dag.py for tasks to queue
[2026-09-04T17:38:43.382+0000] {logging_mixin.py:188} INFO - [2026-09-04T17:38:43.382+0000] {dagbag.py:538} INFO - Filling up the DagBag from /opt/airflow/dags/spark_pipeline_dag.py
[2026-09-04T17:38:43.405+0000] {processor.py:840} INFO - DAG(s) 'air_quality_pipeline' retrieved from /opt/airflow/dags/spark_pipeline_dag.py
[2026-09-04T17:38:43.427+0000] {logging_mixin.py:188} INFO - [2026-09-04T17:38:43.427+0000] {dag.py:3036} INFO - Sync 1 DAGs
[2026-09-04T17:38:43.450+0000] {logging_mixin.py:188} INFO - [2026-09-04T17:38:43.450+0000] {dag.py:3823} INFO - Setting next_dagrun for air_quality_pipeline to 2026-09-04 17:05:00+00:00, run_after=2026-09-04 18:05:00+00:00
[2026-09-04T17:38:43.471+0000] {processor.py:183} INFO - Processing /opt/airflow/dags/spark_pipeline_dag.py took 0.095 seconds
[2026-09-04T17:39:13.829+0000] {processor.py:161} INFO - Started process (PID=59480) to work on /opt/airflow/dags/spark_pipeline_dag.py
[2026-09-04T17:39:13.830+0000] {processor.py:830} INFO - Processing file /opt/airflow/dags/spark_pipeline_dag.py for tasks to queue
[2026-09-04T17:39:13.832+0000] {logging_mixin.py:188} INFO - [2026-09-04T17:39:13.831+0000] {dagbag.py:538} INFO - Filling up the DagBag from /opt/airflow/dags/spark_pipeline_dag.py
[2026-09-04T17:39:13.850+0000] {processor.py:840} INFO - DAG(s) 'air_quality_pipeline' retrieved from /opt/airflow/dags/spark_pipeline_dag.py
[2026-09-04T17:39:13.869+0000] {logging_mixin.py:188} INFO - [2026-09-04T17:39:13.869+0000] {dag.py:3036} INFO - Sync 1 DAGs
[2026-09-04T17:39:13.892+0000] {logging_mixin.py:188} INFO - [2026-09-04T17:39:13.892+0000] {dag.py:3823} INFO - Setting next_dagrun for air_quality_pipeline to 2026-09-04 17:05:00+00:00, run_after=2026-09-04 18:05:00+00:00
[2026-09-04T17:39:13.916+0000] {processor.py:183} INFO - Processing /opt/airflow/dags/spark_pipeline_dag.py took 0.089 seconds
[2026-09-04T17:39:44.310+0000] {processor.py:161} INFO - Started process (PID=59490) to work on /opt/airflow/dags/spark_pipeline_dag.py
[2026-09-04T17:39:44.312+0000] {processor.py:830} INFO - Processing file /opt/airflow/dags/spark_pipeline_dag.py for tasks to queue
[2026-09-04T17:39:44.313+0000] {logging_mixin.py:188} INFO - [2026-09-04T17:39:44.312+0000] {dagbag.py:538} INFO - Filling up the DagBag from /opt/airflow/dags/spark_pipeline_dag.py
[2026-09-04T17:39:44.334+0000] {processor.py:840} INFO - DAG(s) 'air_quality_pipeline' retrieved from /opt/airflow/dags/spark_pipeline_dag.py
[2026-09-04T17:39:44.352+0000] {logging_mixin.py:188} INFO - [2026-09-04T17:39:44.352+0000] {dag.py:3036} INFO - Sync 1 DAGs
[2026-09-04T17:39:44.374+0000] {logging_mixin.py:188} INFO - [2026-09-04T17:39:44.374+0000] {dag.py:3823} INFO - Setting next_dagrun for air_quality_pipeline to 2026-09-04 17:05:00+00:00, run_after=2026-09-04 18:05:00+00:00
[2026-09-04T17:39:44.391+0000] {processor.py:183} INFO - Processing /opt/airflow/dags/spark_pipeline_dag.py took 0.084 seconds
[2026-09-04T17:40:14.756+0000] {processor.py:161} INFO - Started process (PID=59500) to work on /opt/airflow/dags/spark_pipeline_dag.py
[2026-09-04T17:40:14.757+0000] {processor.py:830} INFO - Processing file /opt/airflow/dags/spark_pipeline_dag.py for tasks to queue
[2026-09-04T17:40:14.758+0000] {logging_mixin.py:188} INFO - [2026-09-04T17:40:14.758+0000] {dagbag.py:538} INFO - Filling up the DagBag from /opt/airflow/dags/spark_pipeline_dag.py
[2026-09-04T17:40:14.780+0000] {processor.py:840} INFO - DAG(s) 'air_quality_pipeline' retrieved from /opt/airflow/dags/spark_pipeline_dag.py
[2026-09-04T17:40:14.803+0000] {logging_mixin.py:188} INFO - [2026-09-04T17:40:14.803+0000] {dag.py:3036} INFO - Sync 1 DAGs
[2026-09-04T17:40:14.823+0000] {logging_mixin.py:188} INFO - [2026-09-04T17:40:14.823+0000] {dag.py:3823} INFO - Setting next_dagrun for air_quality_pipeline to 2026-09-04 17:05:00+00:00, run_after=2026-09-04 18:05:00+00:00
[2026-09-04T17:40:14.842+0000] {processor.py:183} INFO - Processing /opt/airflow/dags/spark_pipeline_dag.py took 0.089 seconds
[2026-09-04T17:40:45.166+0000] {processor.py:161} INFO - Started process (PID=59510) to work on /opt/airflow/dags/spark_pipeline_dag.py
[2026-09-04T17:40:45.167+0000] {processor.py:830} INFO - Processing file /opt/airflow/dags/spark_pipeline_dag.py for tasks to queue
[2026-09-04T17:40:45.170+0000] {logging_mixin.py:188} INFO - [2026-09-04T17:40:45.170+0000] {dagbag.py:538} INFO - Filling up the DagBag from /opt/airflow/dags/spark_pipeline_dag.py
[2026-09-04T17:40:45.194+0000] {processor.py:840} INFO - DAG(s) 'air_quality_pipeline' retrieved from /opt/airflow/dags/spark_pipeline_dag.py
[2026-09-04T17:40:45.217+0000] {logging_mixin.py:188} INFO - [2026-09-04T17:40:45.217+0000] {dag.py:3036} INFO - Sync 1 DAGs
[2026-09-04T17:40:45.241+0000] {logging_mixin.py:188} INFO - [2026-09-04T17:40:45.241+0000] {dag.py:3823} INFO - Setting next_dagrun for air_quality_pipeline to 2026-09-04 17:05:00+00:00, run_after=2026-09-04 18:05:00+00:00
[2026-09-04T17:40:45.262+0000] {processor.py:183} INFO - Processing /opt/airflow/dags/spark_pipeline_dag.py took 0.099 seconds
[2026-09-04T17:41:15.735+0000] {processor.py:161} INFO - Started process (PID=59520) to work on /opt/airflow/dags/spark_pipeline_dag.py
[2026-09-04T17:41:15.736+0000] {processor.py:830} INFO - Processing file /opt/airflow/dags/spark_pipeline_dag.py for tasks to queue
[2026-09-04T17:41:15.737+0000] {logging_mixin.py:188} INFO - [2026-09-04T17:41:15.737+0000] {dagbag.py:538} INFO - Filling up the DagBag from /opt/airflow/dags/spark_pipeline_dag.py
[2026-09-04T17:41:15.761+0000] {processor.py:840} INFO - DAG(s) 'air_quality_pipeline' retrieved from /opt/airflow/dags/spark_pipeline_dag.py
[2026-09-04T17:41:15.788+0000] {logging_mixin.py:188} INFO - [2026-09-04T17:41:15.787+0000] {dag.py:3036} INFO - Sync 1 DAGs
[2026-09-04T17:41:15.815+0000] {logging_mixin.py:188} INFO - [2026-09-04T17:41:15.815+0000] {dag.py:3823} INFO - Setting next_dagrun for air_quality_pipeline to 2026-09-04 17:05:00+00:00, run_after=2026-09-04 18:05:00+00:00
[2026-09-04T17:41:15.836+0000] {processor.py:183} INFO - Processing /opt/airflow/dags/spark_pipeline_dag.py took 0.104 seconds
[2026-09-04T17:41:46.413+0000] {processor.py:161} INFO - Started process (PID=59530) to work on /opt/airflow/dags/spark_pipeline_dag.py
[2026-09-04T17:41:46.414+0000] {processor.py:830} INFO - Processing file /opt/airflow/dags/spark_pipeline_dag.py for tasks to queue
[2026-09-04T17:41:46.415+0000] {logging_mixin.py:188} INFO - [2026-09-04T17:41:46.415+0000] {dagbag.py:538} INFO - Filling up the DagBag from /opt/airflow/dags/spark_pipeline_dag.py
[2026-09-04T17:41:46.436+0000] {processor.py:840} INFO - DAG(s) 'air_quality_pipeline' retrieved from /opt/airflow/dags/spark_pipeline_dag.py
[2026-09-04T17:41:46.456+0000] {logging_mixin.py:188} INFO - [2026-09-04T17:41:46.456+0000] {dag.py:3036} INFO - Sync 1 DAGs
[2026-09-04T17:41:46.476+0000] {logging_mixin.py:188} INFO - [2026-09-04T17:41:46.476+0000] {dag.py:3823} INFO - Setting next_dagrun for air_quality_pipeline to 2026-09-04 17:05:00+00:00, run_after=2026-09-04 18:05:00+00:00
[2026-09-04T17:41:46.494+0000] {processor.py:183} INFO - Processing /opt/airflow/dags/spark_pipeline_dag.py took 0.084 seconds
[2026-09-04T17:42:16.954+0000] {processor.py:161} INFO - Started process (PID=59540) to work on /opt/airflow/dags/spark_pipeline_dag.py
[2026-09-04T17:42:16.956+0000] {processor.py:830} INFO - Processing file /opt/airflow/dags/spark_pipeline_dag.py for tasks to queue
[2026-09-04T17:42:16.956+0000] {logging_mixin.py:188} INFO - [2026-09-04T17:42:16.956+0000] {dagbag.py:538} INFO - Filling up the DagBag from /opt/airflow/dags/spark_pipeline_dag.py
[2026-09-04T17:42:16.975+0000] {processor.py:840} INFO - DAG(s) 'air_quality_pipeline' retrieved from /opt/airflow/dags/spark_pipeline_dag.py
[2026-09-04T17:42:16.994+0000] {logging_mixin.py:188} INFO - [2026-09-04T17:42:16.994+0000] {dag.py:3036} INFO - Sync 1 DAGs
[2026-09-04T17:42:17.013+0000] {logging_mixin.py:188} INFO - [2026-09-04T17:42:17.013+0000] {dag.py:3823} INFO - Setting next_dagrun for air_quality_pipeline to 2026-09-04 17:05:00+00:00, run_after=2026-09-04 18:05:00+00:00
[2026-09-04T17:42:17.033+0000] {processor.py:183} INFO - Processing /opt/airflow/dags/spark_pipeline_dag.py took 0.081 seconds
[2026-09-04T17:42:47.452+0000] {processor.py:161} INFO - Started process (PID=59550) to work on /opt/airflow/dags/spark_pipeline_dag.py
[2026-09-04T17:42:47.453+0000] {processor.py:830} INFO - Processing file /opt/airflow/dags/spark_pipeline_dag.py for tasks to queue
[2026-09-04T17:42:47.454+0000] {logging_mixin.py:188} INFO - [2026-09-04T17:42:47.454+0000] {dagbag.py:538} INFO - Filling up the DagBag from /opt/airflow/dags/spark_pipeline_dag.py
[2026-09-04T17:42:47.476+0000] {processor.py:840} INFO - DAG(s) 'air_quality_pipeline' retrieved from /opt/airflow/dags/spark_pipeline_dag.py
[2026-09-04T17:42:47.496+0000] {logging_mixin.py:188} INFO - [2026-09-04T17:42:47.496+0000] {dag.py:3036} INFO - Sync 1 DAGs
[2026-09-04T17:42:47.517+0000] {logging_mixin.py:188} INFO - [2026-09-04T17:42:47.517+0000] {dag.py:3823} INFO - Setting next_dagrun for air_quality_pipeline to 2026-09-04 17:05:00+00:00, run_after=2026-09-04 18:05:00+00:00
[2026-09-04T17:42:47.537+0000] {processor.py:183} INFO - Processing /opt/airflow/dags/spark_pipeline_dag.py took 0.088 seconds
[2026-09-04T17:43:17.983+0000] {processor.py:161} INFO - Started process (PID=59560) to work on /opt/airflow/dags/spark_pipeline_dag.py
[2026-09-04T17:43:17.986+0000] {processor.py:830} INFO - Processing file /opt/airflow/dags/spark_pipeline_dag.py for tasks to queue
[2026-09-04T17:43:17.988+0000] {logging_mixin.py:188} INFO - [2026-09-04T17:43:17.987+0000] {dagbag.py:538} INFO - Filling up the DagBag from /opt/airflow/dags/spark_pipeline_dag.py
[2026-09-04T17:43:18.005+0000] {processor.py:840} INFO - DAG(s) 'air_quality_pipeline' retrieved from /opt/airflow/dags/spark_pipeline_dag.py
[2026-09-04T17:43:18.024+0000] {logging_mixin.py:188} INFO - [2026-09-04T17:43:18.024+0000] {dag.py:3036} INFO - Sync 1 DAGs
[2026-09-04T17:43:18.046+0000] {logging_mixin.py:188} INFO - [2026-09-04T17:43:18.046+0000] {dag.py:3823} INFO - Setting next_dagrun for air_quality_pipeline to 2026-09-04 17:05:00+00:00, run_after=2026-09-04 18:05:00+00:00
[2026-09-04T17:43:18.064+0000] {processor.py:183} INFO - Processing /opt/airflow/dags/spark_pipeline_dag.py took 0.083 seconds
[2026-09-04T17:43:48.673+0000] {processor.py:161} INFO - Started process (PID=59570) to work on /opt/airflow/dags/spark_pipeline_dag.py
[2026-09-04T17:43:48.674+0000] {processor.py:830} INFO - Processing file /opt/airflow/dags/spark_pipeline_dag.py for tasks to queue
[2026-09-04T17:43:48.675+0000] {logging_mixin.py:188} INFO - [2026-09-04T17:43:48.674+0000] {dagbag.py:538} INFO - Filling up the DagBag from /opt/airflow/dags/spark_pipeline_dag.py
[2026-09-04T17:43:48.693+0000] {processor.py:840} INFO - DAG(s) 'air_quality_pipeline' retrieved from /opt/airflow/dags/spark_pipeline_dag.py
[2026-09-04T17:43:48.712+0000] {logging_mixin.py:188} INFO - [2026-09-04T17:43:48.712+0000] {dag.py:3036} INFO - Sync 1 DAGs
[2026-09-04T17:43:48.733+0000] {logging_mixin.py:188} INFO - [2026-09-04T17:43:48.732+0000] {dag.py:3823} INFO - Setting next_dagrun for air_quality_pipeline to 2026-09-04 17:05:00+00:00, run_after=2026-09-04 18:05:00+00:00
[2026-09-04T17:43:48.749+0000] {processor.py:183} INFO - Processing /opt/airflow/dags/spark_pipeline_dag.py took 0.080 seconds
[2026-09-04T17:44:19.200+0000] {processor.py:161} INFO - Started process (PID=59580) to work on /opt/airflow/dags/spark_pipeline_dag.py
[2026-09-04T17:44:19.200+0000] {processor.py:830} INFO - Processing file /opt/airflow/dags/spark_pipeline_dag.py for tasks to queue
[2026-09-04T17:44:19.201+0000] {logging_mixin.py:188} INFO - [2026-09-04T17:44:19.201+0000] {dagbag.py:538} INFO - Filling up the DagBag from /opt/airflow/dags/spark_pipeline_dag.py
[2026-09-04T17:44:19.219+0000] {processor.py:840} INFO - DAG(s) 'air_quality_pipeline' retrieved from /opt/airflow/dags/spark_pipeline_dag.py
[2026-09-04T17:44:19.237+0000] {logging_mixin.py:188} INFO - [2026-09-04T17:44:19.237+0000] {dag.py:3036} INFO - Sync 1 DAGs
[2026-09-04T17:44:19.257+0000] {logging_mixin.py:188} INFO - [2026-09-04T17:44:19.257+0000] {dag.py:3823} INFO - Setting next_dagrun for air_quality_pipeline to 2026-09-04 17:05:00+00:00, run_after=2026-09-04 18:05:00+00:00
[2026-09-04T17:44:19.277+0000] {processor.py:183} INFO - Processing /opt/airflow/dags/spark_pipeline_dag.py took 0.079 seconds
[2026-09-04T17:44:49.790+0000] {processor.py:161} INFO - Started process (PID=59590) to work on /opt/airflow/dags/spark_pipeline_dag.py
[2026-09-04T17:44:49.805+0000] {processor.py:830} INFO - Processing file /opt/airflow/dags/spark_pipeline_dag.py for tasks to queue
[2026-09-04T17:44:49.806+0000] {logging_mixin.py:188} INFO - [2026-09-04T17:44:49.806+0000] {dagbag.py:538} INFO - Filling up the DagBag from /opt/airflow/dags/spark_pipeline_dag.py
[2026-09-04T17:44:49.854+0000] {processor.py:840} INFO - DAG(s) 'air_quality_pipeline' retrieved from /opt/airflow/dags/spark_pipeline_dag.py
[2026-09-04T17:44:49.877+0000] {logging_mixin.py:188} INFO - [2026-09-04T17:44:49.876+0000] {dag.py:3036} INFO - Sync 1 DAGs
[2026-09-04T17:44:49.900+0000] {logging_mixin.py:188} INFO - [2026-09-04T17:44:49.900+0000] {dag.py:3823} INFO - Setting next_dagrun for air_quality_pipeline to 2026-09-04 17:05:00+00:00, run_after=2026-09-04 18:05:00+00:00
[2026-09-04T17:44:49.924+0000] {processor.py:183} INFO - Processing /opt/airflow/dags/spark_pipeline_dag.py took 0.136 seconds
[2026-09-04T17:45:20.388+0000] {processor.py:161} INFO - Started process (PID=59600) to work on /opt/airflow/dags/spark_pipeline_dag.py
[2026-09-04T17:45:20.389+0000] {processor.py:830} INFO - Processing file /opt/airflow/dags/spark_pipeline_dag.py for tasks to queue
[2026-09-04T17:45:20.390+0000] {logging_mixin.py:188} INFO - [2026-09-04T17:45:20.389+0000] {dagbag.py:538} INFO - Filling up the DagBag from /opt/airflow/dags/spark_pipeline_dag.py
[2026-09-04T17:45:20.408+0000] {processor.py:840} INFO - DAG(s) 'air_quality_pipeline' retrieved from /opt/airflow/dags/spark_pipeline_dag.py
[2026-09-04T17:45:20.426+0000] {logging_mixin.py:188} INFO - [2026-09-04T17:45:20.426+0000] {dag.py:3036} INFO - Sync 1 DAGs
[2026-09-04T17:45:20.447+0000] {logging_mixin.py:188} INFO - [2026-09-04T17:45:20.446+0000] {dag.py:3823} INFO - Setting next_dagrun for air_quality_pipeline to 2026-09-04 17:05:00+00:00, run_after=2026-09-04 18:05:00+00:00
[2026-09-04T17:45:20.464+0000] {processor.py:183} INFO - Processing /opt/airflow/dags/spark_pipeline_dag.py took 0.079 seconds
[2026-09-04T17:45:50.853+0000] {processor.py:161} INFO - Started process (PID=59610) to work on /opt/airflow/dags/spark_pipeline_dag.py
[2026-09-04T17:45:50.855+0000] {processor.py:830} INFO - Processing file /opt/airflow/dags/spark_pipeline_dag.py for tasks to queue
[2026-09-04T17:45:50.857+0000] {logging_mixin.py:188} INFO - [2026-09-04T17:45:50.856+0000] {dagbag.py:538} INFO - Filling up the DagBag from /opt/airflow/dags/spark_pipeline_dag.py
[2026-09-04T17:45:50.898+0000] {processor.py:840} INFO - DAG(s) 'air_quality_pipeline' retrieved from /opt/airflow/dags/spark_pipeline_dag.py
[2026-09-04T17:45:50.915+0000] {logging_mixin.py:188} INFO - [2026-09-04T17:45:50.915+0000] {dag.py:3036} INFO - Sync 1 DAGs
[2026-09-04T17:45:50.936+0000] {logging_mixin.py:188} INFO - [2026-09-04T17:45:50.935+0000] {dag.py:3823} INFO - Setting next_dagrun for air_quality_pipeline to 2026-09-04 17:05:00+00:00, run_after=2026-09-04 18:05:00+00:00
[2026-09-04T17:45:50.955+0000] {processor.py:183} INFO - Processing /opt/airflow/dags/spark_pipeline_dag.py took 0.104 seconds
[2026-09-04T17:46:21.479+0000] {processor.py:161} INFO - Started process (PID=59620) to work on /opt/airflow/dags/spark_pipeline_dag.py
[2026-09-04T17:46:21.480+0000] {processor.py:830} INFO - Processing file /opt/airflow/dags/spark_pipeline_dag.py for tasks to queue
[2026-09-04T17:46:21.481+0000] {logging_mixin.py:188} INFO - [2026-09-04T17:46:21.481+0000] {dagbag.py:538} INFO - Filling up the DagBag from /opt/airflow/dags/spark_pipeline_dag.py
[2026-09-04T17:46:21.507+0000] {processor.py:840} INFO - DAG(s) 'air_quality_pipeline' retrieved from /opt/airflow/dags/spark_pipeline_dag.py
[2026-09-04T17:46:21.529+0000] {logging_mixin.py:188} INFO - [2026-09-04T17:46:21.529+0000] {dag.py:3036} INFO - Sync 1 DAGs
[2026-09-04T17:46:21.551+0000] {logging_mixin.py:188} INFO - [2026-09-04T17:46:21.551+0000] {dag.py:3823} INFO - Setting next_dagrun for air_quality_pipeline to 2026-09-04 17:05:00+00:00, run_after=2026-09-04 18:05:00+00:00
[2026-09-04T17:46:21.574+0000] {processor.py:183} INFO - Processing /opt/airflow/dags/spark_pipeline_dag.py took 0.098 seconds
[2026-09-04T17:46:52.063+0000] {processor.py:161} INFO - Started process (PID=59630) to work on /opt/airflow/dags/spark_pipeline_dag.py
[2026-09-04T17:46:52.064+0000] {processor.py:830} INFO - Processing file /opt/airflow/dags/spark_pipeline_dag.py for tasks to queue
[2026-09-04T17:46:52.066+0000] {logging_mixin.py:188} INFO - [2026-09-04T17:46:52.065+0000] {dagbag.py:538} INFO - Filling up the DagBag from /opt/airflow/dags/spark_pipeline_dag.py
[2026-09-04T17:46:52.091+0000] {processor.py:840} INFO - DAG(s) 'air_quality_pipeline' retrieved from /opt/airflow/dags/spark_pipeline_dag.py
[2026-09-04T17:46:52.113+0000] {logging_mixin.py:188} INFO - [2026-09-04T17:46:52.113+0000] {dag.py:3036} INFO - Sync 1 DAGs
[2026-09-04T17:46:52.133+0000] {logging_mixin.py:188} INFO - [2026-09-04T17:46:52.133+0000] {dag.py:3823} INFO - Setting next_dagrun for air_quality_pipeline to 2026-09-04 17:05:00+00:00, run_after=2026-09-04 18:05:00+00:00
[2026-09-04T17:46:52.153+0000] {processor.py:183} INFO - Processing /opt/airflow/dags/spark_pipeline_dag.py took 0.093 seconds
[2026-09-04T17:47:22.639+0000] {processor.py:161} INFO - Started process (PID=59640) to work on /opt/airflow/dags/spark_pipeline_dag.py
[2026-09-04T17:47:22.641+0000] {processor.py:830} INFO - Processing file /opt/airflow/dags/spark_pipeline_dag.py for tasks to queue
[2026-09-04T17:47:22.642+0000] {logging_mixin.py:188} INFO - [2026-09-04T17:47:22.642+0000] {dagbag.py:538} INFO - Filling up the DagBag from /opt/airflow/dags/spark_pipeline_dag.py
[2026-09-04T17:47:22.675+0000] {processor.py:840} INFO - DAG(s) 'air_quality_pipeline' retrieved from /opt/airflow/dags/spark_pipeline_dag.py
[2026-09-04T17:47:22.701+0000] {logging_mixin.py:188} INFO - [2026-09-04T17:47:22.701+0000] {dag.py:3036} INFO - Sync 1 DAGs
[2026-09-04T17:47:22.726+0000] {logging_mixin.py:188} INFO - [2026-09-04T17:47:22.725+0000] {dag.py:3823} INFO - Setting next_dagrun for air_quality_pipeline to 2026-09-04 17:05:00+00:00, run_after=2026-09-04 18:05:00+00:00
[2026-09-04T17:47:22.746+0000] {processor.py:183} INFO - Processing /opt/airflow/dags/spark_pipeline_dag.py took 0.109 seconds
[2026-09-04T17:47:53.176+0000] {processor.py:161} INFO - Started process (PID=59650) to work on /opt/airflow/dags/spark_pipeline_dag.py
[2026-09-04T17:47:53.177+0000] {processor.py:830} INFO - Processing file /opt/airflow/dags/spark_pipeline_dag.py for tasks to queue
[2026-09-04T17:47:53.178+0000] {logging_mixin.py:188} INFO - [2026-09-04T17:47:53.178+0000] {dagbag.py:538} INFO - Filling up the DagBag from /opt/airflow/dags/spark_pipeline_dag.py
[2026-09-04T17:47:53.199+0000] {processor.py:840} INFO - DAG(s) 'air_quality_pipeline' retrieved from /opt/airflow/dags/spark_pipeline_dag.py
[2026-09-04T17:47:53.216+0000] {logging_mixin.py:188} INFO - [2026-09-04T17:47:53.216+0000] {dag.py:3036} INFO - Sync 1 DAGs
[2026-09-04T17:47:53.236+0000] {logging_mixin.py:188} INFO - [2026-09-04T17:47:53.236+0000] {dag.py:3823} INFO - Setting next_dagrun for air_quality_pipeline to 2026-09-04 17:05:00+00:00, run_after=2026-09-04 18:05:00+00:00
[2026-09-04T17:47:53.255+0000] {processor.py:183} INFO - Processing /opt/airflow/dags/spark_pipeline_dag.py took 0.081 seconds
[2026-09-04T17:48:23.616+0000] {processor.py:161} INFO - Started process (PID=59660) to work on /opt/airflow/dags/spark_pipeline_dag.py
[2026-09-04T17:48:23.617+0000] {processor.py:830} INFO - Processing file /opt/airflow/dags/spark_pipeline_dag.py for tasks to queue
[2026-09-04T17:48:23.618+0000] {logging_mixin.py:188} INFO - [2026-09-04T17:48:23.617+0000] {dagbag.py:538} INFO - Filling up the DagBag from /opt/airflow/dags/spark_pipeline_dag.py
[2026-09-04T17:48:23.640+0000] {processor.py:840} INFO - DAG(s) 'air_quality_pipeline' retrieved from /opt/airflow/dags/spark_pipeline_dag.py
[2026-09-04T17:48:23.658+0000] {logging_mixin.py:188} INFO - [2026-09-04T17:48:23.658+0000] {dag.py:3036} INFO - Sync 1 DAGs
[2026-09-04T17:48:23.679+0000] {logging_mixin.py:188} INFO - [2026-09-04T17:48:23.678+0000] {dag.py:3823} INFO - Setting next_dagrun for air_quality_pipeline to 2026-09-04 17:05:00+00:00, run_after=2026-09-04 18:05:00+00:00
[2026-09-04T17:48:23.696+0000] {processor.py:183} INFO - Processing /opt/airflow/dags/spark_pipeline_dag.py took 0.083 seconds
[2026-09-04T17:48:54.099+0000] {processor.py:161} INFO - Started process (PID=59670) to work on /opt/airflow/dags/spark_pipeline_dag.py
[2026-09-04T17:48:54.100+0000] {processor.py:830} INFO - Processing file /opt/airflow/dags/spark_pipeline_dag.py for tasks to queue
[2026-09-04T17:48:54.101+0000] {logging_mixin.py:188} INFO - [2026-09-04T17:48:54.101+0000] {dagbag.py:538} INFO - Filling up the DagBag from /opt/airflow/dags/spark_pipeline_dag.py
[2026-09-04T17:48:54.122+0000] {processor.py:840} INFO - DAG(s) 'air_quality_pipeline' retrieved from /opt/airflow/dags/spark_pipeline_dag.py
[2026-09-04T17:48:54.140+0000] {logging_mixin.py:188} INFO - [2026-09-04T17:48:54.140+0000] {dag.py:3036} INFO - Sync 1 DAGs
[2026-09-04T17:48:54.161+0000] {logging_mixin.py:188} INFO - [2026-09-04T17:48:54.161+0000] {dag.py:3823} INFO - Setting next_dagrun for air_quality_pipeline to 2026-09-04 17:05:00+00:00, run_after=2026-09-04 18:05:00+00:00
[2026-09-04T17:48:54.181+0000] {processor.py:183} INFO - Processing /opt/airflow/dags/spark_pipeline_dag.py took 0.084 seconds
[2026-09-04T17:49:24.704+0000] {processor.py:161} INFO - Started process (PID=59680) to work on /opt/airflow/dags/spark_pipeline_dag.py
[2026-09-04T17:49:24.705+0000] {processor.py:830} INFO - Processing file /opt/airflow/dags/spark_pipeline_dag.py for tasks to queue
[2026-09-04T17:49:24.706+0000] {logging_mixin.py:188} INFO - [2026-09-04T17:49:24.706+0000] {dagbag.py:538} INFO - Filling up the DagBag from /opt/airflow/dags/spark_pipeline_dag.py
[2026-09-04T17:49:24.727+0000] {processor.py:840} INFO - DAG(s) 'air_quality_pipeline' retrieved from /opt/airflow/dags/spark_pipeline_dag.py
[2026-09-04T17:49:24.747+0000] {logging_mixin.py:188} INFO - [2026-09-04T17:49:24.746+0000] {dag.py:3036} INFO - Sync 1 DAGs
[2026-09-04T17:49:24.768+0000] {logging_mixin.py:188} INFO - [2026-09-04T17:49:24.768+0000] {dag.py:3823} INFO - Setting next_dagrun for air_quality_pipeline to 2026-09-04 17:05:00+00:00, run_after=2026-09-04 18:05:00+00:00
[2026-09-04T17:49:24.786+0000] {processor.py:183} INFO - Processing /opt/airflow/dags/spark_pipeline_dag.py took 0.084 seconds
[2026-09-04T17:49:55.230+0000] {processor.py:161} INFO - Started process (PID=59690) to work on /opt/airflow/dags/spark_pipeline_dag.py
[2026-09-04T17:49:55.232+0000] {processor.py:830} INFO - Processing file /opt/airflow/dags/spark_pipeline_dag.py for tasks to queue
[2026-09-04T17:49:55.233+0000] {logging_mixin.py:188} INFO - [2026-09-04T17:49:55.232+0000] {dagbag.py:538} INFO - Filling up the DagBag from /opt/airflow/dags/spark_pipeline_dag.py
[2026-09-04T17:49:55.254+0000] {processor.py:840} INFO - DAG(s) 'air_quality_pipeline' retrieved from /opt/airflow/dags/spark_pipeline_dag.py
[2026-09-04T17:49:55.277+0000] {logging_mixin.py:188} INFO - [2026-09-04T17:49:55.277+0000] {dag.py:3036} INFO - Sync 1 DAGs
[2026-09-04T17:49:55.298+0000] {logging_mixin.py:188} INFO - [2026-09-04T17:49:55.298+0000] {dag.py:3823} INFO - Setting next_dagrun for air_quality_pipeline to 2026-09-04 17:05:00+00:00, run_after=2026-09-04 18:05:00+00:00
[2026-09-04T17:49:55.314+0000] {processor.py:183} INFO - Processing /opt/airflow/dags/spark_pipeline_dag.py took 0.087 seconds
[2026-09-04T17:50:25.636+0000] {processor.py:161} INFO - Started process (PID=59700) to work on /opt/airflow/dags/spark_pipeline_dag.py
[2026-09-04T17:50:25.638+0000] {processor.py:830} INFO - Processing file /opt/airflow/dags/spark_pipeline_dag.py for tasks to queue
[2026-09-04T17:50:25.639+0000] {logging_mixin.py:188} INFO - [2026-09-04T17:50:25.639+0000] {dagbag.py:538} INFO - Filling up the DagBag from /opt/airflow/dags/spark_pipeline_dag.py
[2026-09-04T17:50:25.661+0000] {processor.py:840} INFO - DAG(s) 'air_quality_pipeline' retrieved from /opt/airflow/dags/spark_pipeline_dag.py
[2026-09-04T17:50:25.680+0000] {logging_mixin.py:188} INFO - [2026-09-04T17:50:25.680+0000] {dag.py:3036} INFO - Sync 1 DAGs
[2026-09-04T17:50:25.699+0000] {logging_mixin.py:188} INFO - [2026-09-04T17:50:25.699+0000] {dag.py:3823} INFO - Setting next_dagrun for air_quality_pipeline to 2026-09-04 17:05:00+00:00, run_after=2026-09-04 18:05:00+00:00
[2026-09-04T17:50:25.719+0000] {processor.py:183} INFO - Processing /opt/airflow/dags/spark_pipeline_dag.py took 0.087 seconds
[2026-09-04T17:50:56.136+0000] {processor.py:161} INFO - Started process (PID=59710) to work on /opt/airflow/dags/spark_pipeline_dag.py
[2026-09-04T17:50:56.137+0000] {processor.py:830} INFO - Processing file /opt/airflow/dags/spark_pipeline_dag.py for tasks to queue
[2026-09-04T17:50:56.139+0000] {logging_mixin.py:188} INFO - [2026-09-04T17:50:56.138+0000] {dagbag.py:538} INFO - Filling up the DagBag from /opt/airflow/dags/spark_pipeline_dag.py
[2026-09-04T17:50:56.159+0000] {processor.py:840} INFO - DAG(s) 'air_quality_pipeline' retrieved from /opt/airflow/dags/spark_pipeline_dag.py
[2026-09-04T17:50:56.177+0000] {logging_mixin.py:188} INFO - [2026-09-04T17:50:56.177+0000] {dag.py:3036} INFO - Sync 1 DAGs
[2026-09-04T17:50:56.198+0000] {logging_mixin.py:188} INFO - [2026-09-04T17:50:56.198+0000] {dag.py:3823} INFO - Setting next_dagrun for air_quality_pipeline to 2026-09-04 17:05:00+00:00, run_after=2026-09-04 18:05:00+00:00
[2026-09-04T17:50:56.299+0000] {processor.py:183} INFO - Processing /opt/airflow/dags/spark_pipeline_dag.py took 0.165 seconds
[2026-09-04T17:51:26.746+0000] {processor.py:161} INFO - Started process (PID=59720) to work on /opt/airflow/dags/spark_pipeline_dag.py
[2026-09-04T17:51:26.747+0000] {processor.py:830} INFO - Processing file /opt/airflow/dags/spark_pipeline_dag.py for tasks to queue
[2026-09-04T17:51:26.748+0000] {logging_mixin.py:188} INFO - [2026-09-04T17:51:26.748+0000] {dagbag.py:538} INFO - Filling up the DagBag from /opt/airflow/dags/spark_pipeline_dag.py
[2026-09-04T17:51:26.772+0000] {processor.py:840} INFO - DAG(s) 'air_quality_pipeline' retrieved from /opt/airflow/dags/spark_pipeline_dag.py
[2026-09-04T17:51:26.789+0000] {logging_mixin.py:188} INFO - [2026-09-04T17:51:26.788+0000] {dag.py:3036} INFO - Sync 1 DAGs
[2026-09-04T17:51:26.805+0000] {logging_mixin.py:188} INFO - [2026-09-04T17:51:26.805+0000] {dag.py:3823} INFO - Setting next_dagrun for air_quality_pipeline to 2026-09-04 17:05:00+00:00, run_after=2026-09-04 18:05:00+00:00
[2026-09-04T17:51:26.822+0000] {processor.py:183} INFO - Processing /opt/airflow/dags/spark_pipeline_dag.py took 0.082 seconds
[2026-09-04T17:51:57.203+0000] {processor.py:161} INFO - Started process (PID=59730) to work on /opt/airflow/dags/spark_pipeline_dag.py
[2026-09-04T17:51:57.204+0000] {processor.py:830} INFO - Processing file /opt/airflow/dags/spark_pipeline_dag.py for tasks to queue
[2026-09-04T17:51:57.205+0000] {logging_mixin.py:188} INFO - [2026-09-04T17:51:57.205+0000] {dagbag.py:538} INFO - Filling up the DagBag from /opt/airflow/dags/spark_pipeline_dag.py
[2026-09-04T17:51:57.224+0000] {processor.py:840} INFO - DAG(s) 'air_quality_pipeline' retrieved from /opt/airflow/dags/spark_pipeline_dag.py
[2026-09-04T17:51:57.243+0000] {logging_mixin.py:188} INFO - [2026-09-04T17:51:57.243+0000] {dag.py:3036} INFO - Sync 1 DAGs
[2026-09-04T17:51:57.260+0000] {logging_mixin.py:188} INFO - [2026-09-04T17:51:57.260+0000] {dag.py:3823} INFO - Setting next_dagrun for air_quality_pipeline to 2026-09-04 17:05:00+00:00, run_after=2026-09-04 18:05:00+00:00
[2026-09-04T17:51:57.278+0000] {processor.py:183} INFO - Processing /opt/airflow/dags/spark_pipeline_dag.py took 0.079 seconds
[2026-09-04T17:52:27.700+0000] {processor.py:161} INFO - Started process (PID=59740) to work on /opt/airflow/dags/spark_pipeline_dag.py
[2026-09-04T17:52:27.702+0000] {processor.py:830} INFO - Processing file /opt/airflow/dags/spark_pipeline_dag.py for tasks to queue
[2026-09-04T17:52:27.702+0000] {logging_mixin.py:188} INFO - [2026-09-04T17:52:27.702+0000] {dagbag.py:538} INFO - Filling up the DagBag from /opt/airflow/dags/spark_pipeline_dag.py
[2026-09-04T17:52:27.723+0000] {processor.py:840} INFO - DAG(s) 'air_quality_pipeline' retrieved from /opt/airflow/dags/spark_pipeline_dag.py
[2026-09-04T17:52:27.743+0000] {logging_mixin.py:188} INFO - [2026-09-04T17:52:27.743+0000] {dag.py:3036} INFO - Sync 1 DAGs
[2026-09-04T17:52:27.763+0000] {logging_mixin.py:188} INFO - [2026-09-04T17:52:27.763+0000] {dag.py:3823} INFO - Setting next_dagrun for air_quality_pipeline to 2026-09-04 17:05:00+00:00, run_after=2026-09-04 18:05:00+00:00
[2026-09-04T17:52:27.780+0000] {processor.py:183} INFO - Processing /opt/airflow/dags/spark_pipeline_dag.py took 0.082 seconds
[2026-09-04T17:52:58.236+0000] {processor.py:161} INFO - Started process (PID=59750) to work on /opt/airflow/dags/spark_pipeline_dag.py
[2026-09-04T17:52:58.237+0000] {processor.py:830} INFO - Processing file /opt/airflow/dags/spark_pipeline_dag.py for tasks to queue
[2026-09-04T17:52:58.238+0000] {logging_mixin.py:188} INFO - [2026-09-04T17:52:58.238+0000] {dagbag.py:538} INFO - Filling up the DagBag from /opt/airflow/dags/spark_pipeline_dag.py
[2026-09-04T17:52:58.262+0000] {processor.py:840} INFO - DAG(s) 'air_quality_pipeline' retrieved from /opt/airflow/dags/spark_pipeline_dag.py
[2026-09-04T17:52:58.289+0000] {logging_mixin.py:188} INFO - [2026-09-04T17:52:58.289+0000] {dag.py:3036} INFO - Sync 1 DAGs
[2026-09-04T17:52:58.316+0000] {logging_mixin.py:188} INFO - [2026-09-04T17:52:58.316+0000] {dag.py:3823} INFO - Setting next_dagrun for air_quality_pipeline to 2026-09-04 17:05:00+00:00, run_after=2026-09-04 18:05:00+00:00
[2026-09-04T17:52:58.346+0000] {processor.py:183} INFO - Processing /opt/airflow/dags/spark_pipeline_dag.py took 0.112 seconds
[2026-09-04T17:53:28.643+0000] {processor.py:161} INFO - Started process (PID=59760) to work on /opt/airflow/dags/spark_pipeline_dag.py
[2026-09-04T17:53:28.644+0000] {processor.py:830} INFO - Processing file /opt/airflow/dags/spark_pipeline_dag.py for tasks to queue
[2026-09-04T17:53:28.645+0000] {logging_mixin.py:188} INFO - [2026-09-04T17:53:28.645+0000] {dagbag.py:538} INFO - Filling up the DagBag from /opt/airflow/dags/spark_pipeline_dag.py
[2026-09-04T17:53:28.667+0000] {processor.py:840} INFO - DAG(s) 'air_quality_pipeline' retrieved from /opt/airflow/dags/spark_pipeline_dag.py
[2026-09-04T17:53:28.687+0000] {logging_mixin.py:188} INFO - [2026-09-04T17:53:28.687+0000] {dag.py:3036} INFO - Sync 1 DAGs
[2026-09-04T17:53:28.710+0000] {logging_mixin.py:188} INFO - [2026-09-04T17:53:28.710+0000] {dag.py:3823} INFO - Setting next_dagrun for air_quality_pipeline to 2026-09-04 17:05:00+00:00, run_after=2026-09-04 18:05:00+00:00
[2026-09-04T17:53:28.732+0000] {processor.py:183} INFO - Processing /opt/airflow/dags/spark_pipeline_dag.py took 0.092 seconds
[2026-09-04T17:53:59.098+0000] {processor.py:161} INFO - Started process (PID=59770) to work on /opt/airflow/dags/spark_pipeline_dag.py
[2026-09-04T17:53:59.099+0000] {processor.py:830} INFO - Processing file /opt/airflow/dags/spark_pipeline_dag.py for tasks to queue
[2026-09-04T17:53:59.101+0000] {logging_mixin.py:188} INFO - [2026-09-04T17:53:59.100+0000] {dagbag.py:538} INFO - Filling up the DagBag from /opt/airflow/dags/spark_pipeline_dag.py
[2026-09-04T17:53:59.129+0000] {processor.py:840} INFO - DAG(s) 'air_quality_pipeline' retrieved from /opt/airflow/dags/spark_pipeline_dag.py
[2026-09-04T17:53:59.150+0000] {logging_mixin.py:188} INFO - [2026-09-04T17:53:59.150+0000] {dag.py:3036} INFO - Sync 1 DAGs
[2026-09-04T17:53:59.173+0000] {logging_mixin.py:188} INFO - [2026-09-04T17:53:59.173+0000] {dag.py:3823} INFO - Setting next_dagrun for air_quality_pipeline to 2026-09-04 17:05:00+00:00, run_after=2026-09-04 18:05:00+00:00
[2026-09-04T17:53:59.194+0000] {processor.py:183} INFO - Processing /opt/airflow/dags/spark_pipeline_dag.py took 0.099 seconds
[2026-09-04T17:54:29.597+0000] {processor.py:161} INFO - Started process (PID=59780) to work on /opt/airflow/dags/spark_pipeline_dag.py
[2026-09-04T17:54:29.598+0000] {processor.py:830} INFO - Processing file /opt/airflow/dags/spark_pipeline_dag.py for tasks to queue
[2026-09-04T17:54:29.599+0000] {logging_mixin.py:188} INFO - [2026-09-04T17:54:29.599+0000] {dagbag.py:538} INFO - Filling up the DagBag from /opt/airflow/dags/spark_pipeline_dag.py
[2026-09-04T17:54:29.620+0000] {processor.py:840} INFO - DAG(s) 'air_quality_pipeline' retrieved from /opt/airflow/dags/spark_pipeline_dag.py
[2026-09-04T17:54:29.641+0000] {logging_mixin.py:188} INFO - [2026-09-04T17:54:29.641+0000] {dag.py:3036} INFO - Sync 1 DAGs
[2026-09-04T17:54:29.662+0000] {logging_mixin.py:188} INFO - [2026-09-04T17:54:29.662+0000] {dag.py:3823} INFO - Setting next_dagrun for air_quality_pipeline to 2026-09-04 17:05:00+00:00, run_after=2026-09-04 18:05:00+00:00
[2026-09-04T17:54:29.682+0000] {processor.py:183} INFO - Processing /opt/airflow/dags/spark_pipeline_dag.py took 0.087 seconds
[2026-09-04T17:55:00.124+0000] {processor.py:161} INFO - Started process (PID=59790) to work on /opt/airflow/dags/spark_pipeline_dag.py
[2026-09-04T17:55:00.124+0000] {processor.py:830} INFO - Processing file /opt/airflow/dags/spark_pipeline_dag.py for tasks to queue
[2026-09-04T17:55:00.125+0000] {logging_mixin.py:188} INFO - [2026-09-04T17:55:00.125+0000] {dagbag.py:538} INFO - Filling up the DagBag from /opt/airflow/dags/spark_pipeline_dag.py
[2026-09-04T17:55:00.146+0000] {processor.py:840} INFO - DAG(s) 'air_quality_pipeline' retrieved from /opt/airflow/dags/spark_pipeline_dag.py
[2026-09-04T17:55:00.166+0000] {logging_mixin.py:188} INFO - [2026-09-04T17:55:00.166+0000] {dag.py:3036} INFO - Sync 1 DAGs
[2026-09-04T17:55:00.185+0000] {logging_mixin.py:188} INFO - [2026-09-04T17:55:00.185+0000] {dag.py:3823} INFO - Setting next_dagrun for air_quality_pipeline to 2026-09-04 17:05:00+00:00, run_after=2026-09-04 18:05:00+00:00
[2026-09-04T17:55:00.204+0000] {processor.py:183} INFO - Processing /opt/airflow/dags/spark_pipeline_dag.py took 0.084 seconds
[2026-09-04T17:55:30.532+0000] {processor.py:161} INFO - Started process (PID=59800) to work on /opt/airflow/dags/spark_pipeline_dag.py
[2026-09-04T17:55:30.533+0000] {processor.py:830} INFO - Processing file /opt/airflow/dags/spark_pipeline_dag.py for tasks to queue
[2026-09-04T17:55:30.534+0000] {logging_mixin.py:188} INFO - [2026-09-04T17:55:30.534+0000] {dagbag.py:538} INFO - Filling up the DagBag from /opt/airflow/dags/spark_pipeline_dag.py
[2026-09-04T17:55:30.557+0000] {processor.py:840} INFO - DAG(s) 'air_quality_pipeline' retrieved from /opt/airflow/dags/spark_pipeline_dag.py
[2026-09-04T17:55:30.578+0000] {logging_mixin.py:188} INFO - [2026-09-04T17:55:30.578+0000] {dag.py:3036} INFO - Sync 1 DAGs
[2026-09-04T17:55:30.600+0000] {logging_mixin.py:188} INFO - [2026-09-04T17:55:30.600+0000] {dag.py:3823} INFO - Setting next_dagrun for air_quality_pipeline to 2026-09-04 17:05:00+00:00, run_after=2026-09-04 18:05:00+00:00
[2026-09-04T17:55:30.618+0000] {processor.py:183} INFO - Processing /opt/airflow/dags/spark_pipeline_dag.py took 0.089 seconds
[2026-09-04T17:56:00.936+0000] {processor.py:161} INFO - Started process (PID=59810) to work on /opt/airflow/dags/spark_pipeline_dag.py
[2026-09-04T17:56:00.937+0000] {processor.py:830} INFO - Processing file /opt/airflow/dags/spark_pipeline_dag.py for tasks to queue
[2026-09-04T17:56:00.938+0000] {logging_mixin.py:188} INFO - [2026-09-04T17:56:00.938+0000] {dagbag.py:538} INFO - Filling up the DagBag from /opt/airflow/dags/spark_pipeline_dag.py
[2026-09-04T17:56:00.963+0000] {processor.py:840} INFO - DAG(s) 'air_quality_pipeline' retrieved from /opt/airflow/dags/spark_pipeline_dag.py
[2026-09-04T17:56:00.984+0000] {logging_mixin.py:188} INFO - [2026-09-04T17:56:00.984+0000] {dag.py:3036} INFO - Sync 1 DAGs
[2026-09-04T17:56:01.005+0000] {logging_mixin.py:188} INFO - [2026-09-04T17:56:01.005+0000] {dag.py:3823} INFO - Setting next_dagrun for air_quality_pipeline to 2026-09-04 17:05:00+00:00, run_after=2026-09-04 18:05:00+00:00
[2026-09-04T17:56:01.023+0000] {processor.py:183} INFO - Processing /opt/airflow/dags/spark_pipeline_dag.py took 0.090 seconds
[2026-09-04T17:56:31.348+0000] {processor.py:161} INFO - Started process (PID=59820) to work on /opt/airflow/dags/spark_pipeline_dag.py
[2026-09-04T17:56:31.349+0000] {processor.py:830} INFO - Processing file /opt/airflow/dags/spark_pipeline_dag.py for tasks to queue
[2026-09-04T17:56:31.350+0000] {logging_mixin.py:188} INFO - [2026-09-04T17:56:31.350+0000] {dagbag.py:538} INFO - Filling up the DagBag from /opt/airflow/dags/spark_pipeline_dag.py
[2026-09-04T17:56:31.373+0000] {processor.py:840} INFO - DAG(s) 'air_quality_pipeline' retrieved from /opt/airflow/dags/spark_pipeline_dag.py
[2026-09-04T17:56:31.400+0000] {logging_mixin.py:188} INFO - [2026-09-04T17:56:31.400+0000] {dag.py:3036} INFO - Sync 1 DAGs
[2026-09-04T17:56:31.420+0000] {logging_mixin.py:188} INFO - [2026-09-04T17:56:31.420+0000] {dag.py:3823} INFO - Setting next_dagrun for air_quality_pipeline to 2026-09-04 17:05:00+00:00, run_after=2026-09-04 18:05:00+00:00
[2026-09-04T17:56:31.442+0000] {processor.py:183} INFO - Processing /opt/airflow/dags/spark_pipeline_dag.py took 0.098 seconds
[2026-09-04T17:57:01.760+0000] {processor.py:161} INFO - Started process (PID=59830) to work on /opt/airflow/dags/spark_pipeline_dag.py
[2026-09-04T17:57:01.761+0000] {processor.py:830} INFO - Processing file /opt/airflow/dags/spark_pipeline_dag.py for tasks to queue
[2026-09-04T17:57:01.762+0000] {logging_mixin.py:188} INFO - [2026-09-04T17:57:01.762+0000] {dagbag.py:538} INFO - Filling up the DagBag from /opt/airflow/dags/spark_pipeline_dag.py
[2026-09-04T17:57:01.784+0000] {processor.py:840} INFO - DAG(s) 'air_quality_pipeline' retrieved from /opt/airflow/dags/spark_pipeline_dag.py
[2026-09-04T17:57:01.806+0000] {logging_mixin.py:188} INFO - [2026-09-04T17:57:01.806+0000] {dag.py:3036} INFO - Sync 1 DAGs
[2026-09-04T17:57:01.827+0000] {logging_mixin.py:188} INFO - [2026-09-04T17:57:01.827+0000] {dag.py:3823} INFO - Setting next_dagrun for air_quality_pipeline to 2026-09-04 17:05:00+00:00, run_after=2026-09-04 18:05:00+00:00
[2026-09-04T17:57:01.849+0000] {processor.py:183} INFO - Processing /opt/airflow/dags/spark_pipeline_dag.py took 0.092 seconds
[2026-09-04T17:57:32.256+0000] {processor.py:161} INFO - Started process (PID=59840) to work on /opt/airflow/dags/spark_pipeline_dag.py
[2026-09-04T17:57:32.258+0000] {processor.py:830} INFO - Processing file /opt/airflow/dags/spark_pipeline_dag.py for tasks to queue
[2026-09-04T17:57:32.259+0000] {logging_mixin.py:188} INFO - [2026-09-04T17:57:32.259+0000] {dagbag.py:538} INFO - Filling up the DagBag from /opt/airflow/dags/spark_pipeline_dag.py
[2026-09-04T17:57:32.287+0000] {processor.py:840} INFO - DAG(s) 'air_quality_pipeline' retrieved from /opt/airflow/dags/spark_pipeline_dag.py
[2026-09-04T17:57:32.311+0000] {logging_mixin.py:188} INFO - [2026-09-04T17:57:32.311+0000] {dag.py:3036} INFO - Sync 1 DAGs
[2026-09-04T17:57:32.333+0000] {logging_mixin.py:188} INFO - [2026-09-04T17:57:32.333+0000] {dag.py:3823} INFO - Setting next_dagrun for air_quality_pipeline to 2026-09-04 17:05:00+00:00, run_after=2026-09-04 18:05:00+00:00
[2026-09-04T17:57:32.354+0000] {processor.py:183} INFO - Processing /opt/airflow/dags/spark_pipeline_dag.py took 0.101 seconds
[2026-09-04T17:58:02.752+0000] {processor.py:161} INFO - Started process (PID=59850) to work on /opt/airflow/dags/spark_pipeline_dag.py
[2026-09-04T17:58:02.753+0000] {processor.py:830} INFO - Processing file /opt/airflow/dags/spark_pipeline_dag.py for tasks to queue
[2026-09-04T17:58:02.755+0000] {logging_mixin.py:188} INFO - [2026-09-04T17:58:02.754+0000] {dagbag.py:538} INFO - Filling up the DagBag from /opt/airflow/dags/spark_pipeline_dag.py
[2026-09-04T17:58:02.777+0000] {processor.py:840} INFO - DAG(s) 'air_quality_pipeline' retrieved from /opt/airflow/dags/spark_pipeline_dag.py
[2026-09-04T17:58:02.801+0000] {logging_mixin.py:188} INFO - [2026-09-04T17:58:02.801+0000] {dag.py:3036} INFO - Sync 1 DAGs
[2026-09-04T17:58:02.825+0000] {logging_mixin.py:188} INFO - [2026-09-04T17:58:02.824+0000] {dag.py:3823} INFO - Setting next_dagrun for air_quality_pipeline to 2026-09-04 17:05:00+00:00, run_after=2026-09-04 18:05:00+00:00
[2026-09-04T17:58:02.847+0000] {processor.py:183} INFO - Processing /opt/airflow/dags/spark_pipeline_dag.py took 0.098 seconds
[2026-09-04T17:58:33.201+0000] {processor.py:161} INFO - Started process (PID=59860) to work on /opt/airflow/dags/spark_pipeline_dag.py
[2026-09-04T17:58:33.202+0000] {processor.py:830} INFO - Processing file /opt/airflow/dags/spark_pipeline_dag.py for tasks to queue
[2026-09-04T17:58:33.203+0000] {logging_mixin.py:188} INFO - [2026-09-04T17:58:33.203+0000] {dagbag.py:538} INFO - Filling up the DagBag from /opt/airflow/dags/spark_pipeline_dag.py
[2026-09-04T17:58:33.226+0000] {processor.py:840} INFO - DAG(s) 'air_quality_pipeline' retrieved from /opt/airflow/dags/spark_pipeline_dag.py
[2026-09-04T17:58:33.249+0000] {logging_mixin.py:188} INFO - [2026-09-04T17:58:33.249+0000] {dag.py:3036} INFO - Sync 1 DAGs
[2026-09-04T17:58:33.271+0000] {logging_mixin.py:188} INFO - [2026-09-04T17:58:33.271+0000] {dag.py:3823} INFO - Setting next_dagrun for air_quality_pipeline to 2026-09-04 17:05:00+00:00, run_after=2026-09-04 18:05:00+00:00
[2026-09-04T17:58:33.290+0000] {processor.py:183} INFO - Processing /opt/airflow/dags/spark_pipeline_dag.py took 0.092 seconds
[2026-09-04T17:59:03.817+0000] {processor.py:161} INFO - Started process (PID=59870) to work on /opt/airflow/dags/spark_pipeline_dag.py
[2026-09-04T17:59:03.818+0000] {processor.py:830} INFO - Processing file /opt/airflow/dags/spark_pipeline_dag.py for tasks to queue
[2026-09-04T17:59:03.819+0000] {logging_mixin.py:188} INFO - [2026-09-04T17:59:03.819+0000] {dagbag.py:538} INFO - Filling up the DagBag from /opt/airflow/dags/spark_pipeline_dag.py
[2026-09-04T17:59:03.845+0000] {processor.py:840} INFO - DAG(s) 'air_quality_pipeline' retrieved from /opt/airflow/dags/spark_pipeline_dag.py
[2026-09-04T17:59:03.864+0000] {logging_mixin.py:188} INFO - [2026-09-04T17:59:03.864+0000] {dag.py:3036} INFO - Sync 1 DAGs
[2026-09-04T17:59:03.886+0000] {logging_mixin.py:188} INFO - [2026-09-04T17:59:03.886+0000] {dag.py:3823} INFO - Setting next_dagrun for air_quality_pipeline to 2026-09-04 17:05:00+00:00, run_after=2026-09-04 18:05:00+00:00
[2026-09-04T17:59:03.909+0000] {processor.py:183} INFO - Processing /opt/airflow/dags/spark_pipeline_dag.py took 0.095 seconds
[2026-09-04T17:59:34.225+0000] {processor.py:161} INFO - Started process (PID=59880) to work on /opt/airflow/dags/spark_pipeline_dag.py
[2026-09-04T17:59:34.226+0000] {processor.py:830} INFO - Processing file /opt/airflow/dags/spark_pipeline_dag.py for tasks to queue
[2026-09-04T17:59:34.227+0000] {logging_mixin.py:188} INFO - [2026-09-04T17:59:34.226+0000] {dagbag.py:538} INFO - Filling up the DagBag from /opt/airflow/dags/spark_pipeline_dag.py
[2026-09-04T17:59:34.248+0000] {processor.py:840} INFO - DAG(s) 'air_quality_pipeline' retrieved from /opt/airflow/dags/spark_pipeline_dag.py
[2026-09-04T17:59:34.270+0000] {logging_mixin.py:188} INFO - [2026-09-04T17:59:34.270+0000] {dag.py:3036} INFO - Sync 1 DAGs
[2026-09-04T17:59:34.295+0000] {logging_mixin.py:188} INFO - [2026-09-04T17:59:34.294+0000] {dag.py:3823} INFO - Setting next_dagrun for air_quality_pipeline to 2026-09-04 17:05:00+00:00, run_after=2026-09-04 18:05:00+00:00
[2026-09-04T17:59:34.318+0000] {processor.py:183} INFO - Processing /opt/airflow/dags/spark_pipeline_dag.py took 0.096 seconds
[2026-09-04T18:00:04.669+0000] {processor.py:161} INFO - Started process (PID=59892) to work on /opt/airflow/dags/spark_pipeline_dag.py
[2026-09-04T18:00:04.670+0000] {processor.py:830} INFO - Processing file /opt/airflow/dags/spark_pipeline_dag.py for tasks to queue
[2026-09-04T18:00:04.671+0000] {logging_mixin.py:188} INFO - [2026-09-04T18:00:04.671+0000] {dagbag.py:538} INFO - Filling up the DagBag from /opt/airflow/dags/spark_pipeline_dag.py
[2026-09-04T18:00:04.698+0000] {processor.py:840} INFO - DAG(s) 'air_quality_pipeline' retrieved from /opt/airflow/dags/spark_pipeline_dag.py
[2026-09-04T18:00:04.722+0000] {logging_mixin.py:188} INFO - [2026-09-04T18:00:04.722+0000] {dag.py:3036} INFO - Sync 1 DAGs
[2026-09-04T18:00:04.747+0000] {logging_mixin.py:188} INFO - [2026-09-04T18:00:04.746+0000] {dag.py:3823} INFO - Setting next_dagrun for air_quality_pipeline to 2026-09-04 17:05:00+00:00, run_after=2026-09-04 18:05:00+00:00
[2026-09-04T18:00:04.768+0000] {processor.py:183} INFO - Processing /opt/airflow/dags/spark_pipeline_dag.py took 0.103 seconds
[2026-09-04T18:00:35.130+0000] {processor.py:161} INFO - Started process (PID=59902) to work on /opt/airflow/dags/spark_pipeline_dag.py
[2026-09-04T18:00:35.131+0000] {processor.py:830} INFO - Processing file /opt/airflow/dags/spark_pipeline_dag.py for tasks to queue
[2026-09-04T18:00:35.132+0000] {logging_mixin.py:188} INFO - [2026-09-04T18:00:35.132+0000] {dagbag.py:538} INFO - Filling up the DagBag from /opt/airflow/dags/spark_pipeline_dag.py
[2026-09-04T18:00:35.152+0000] {processor.py:840} INFO - DAG(s) 'air_quality_pipeline' retrieved from /opt/airflow/dags/spark_pipeline_dag.py
[2026-09-04T18:00:35.172+0000] {logging_mixin.py:188} INFO - [2026-09-04T18:00:35.172+0000] {dag.py:3036} INFO - Sync 1 DAGs
[2026-09-04T18:00:35.192+0000] {logging_mixin.py:188} INFO - [2026-09-04T18:00:35.192+0000] {dag.py:3823} INFO - Setting next_dagrun for air_quality_pipeline to 2026-09-04 17:05:00+00:00, run_after=2026-09-04 18:05:00+00:00
[2026-09-04T18:00:35.213+0000] {processor.py:183} INFO - Processing /opt/airflow/dags/spark_pipeline_dag.py took 0.086 seconds
[2026-09-04T18:01:05.641+0000] {processor.py:161} INFO - Started process (PID=59912) to work on /opt/airflow/dags/spark_pipeline_dag.py
[2026-09-04T18:01:05.643+0000] {processor.py:830} INFO - Processing file /opt/airflow/dags/spark_pipeline_dag.py for tasks to queue
[2026-09-04T18:01:05.644+0000] {logging_mixin.py:188} INFO - [2026-09-04T18:01:05.644+0000] {dagbag.py:538} INFO - Filling up the DagBag from /opt/airflow/dags/spark_pipeline_dag.py
[2026-09-04T18:01:05.669+0000] {processor.py:840} INFO - DAG(s) 'air_quality_pipeline' retrieved from /opt/airflow/dags/spark_pipeline_dag.py
[2026-09-04T18:01:05.691+0000] {logging_mixin.py:188} INFO - [2026-09-04T18:01:05.691+0000] {dag.py:3036} INFO - Sync 1 DAGs
[2026-09-04T18:01:05.713+0000] {logging_mixin.py:188} INFO - [2026-09-04T18:01:05.713+0000] {dag.py:3823} INFO - Setting next_dagrun for air_quality_pipeline to 2026-09-04 17:05:00+00:00, run_after=2026-09-04 18:05:00+00:00
[2026-09-04T18:01:05.731+0000] {processor.py:183} INFO - Processing /opt/airflow/dags/spark_pipeline_dag.py took 0.093 seconds
[2026-09-04T18:01:36.105+0000] {processor.py:161} INFO - Started process (PID=59922) to work on /opt/airflow/dags/spark_pipeline_dag.py
[2026-09-04T18:01:36.106+0000] {processor.py:830} INFO - Processing file /opt/airflow/dags/spark_pipeline_dag.py for tasks to queue
[2026-09-04T18:01:36.107+0000] {logging_mixin.py:188} INFO - [2026-09-04T18:01:36.106+0000] {dagbag.py:538} INFO - Filling up the DagBag from /opt/airflow/dags/spark_pipeline_dag.py
[2026-09-04T18:01:36.130+0000] {processor.py:840} INFO - DAG(s) 'air_quality_pipeline' retrieved from /opt/airflow/dags/spark_pipeline_dag.py
[2026-09-04T18:01:36.154+0000] {logging_mixin.py:188} INFO - [2026-09-04T18:01:36.154+0000] {dag.py:3036} INFO - Sync 1 DAGs
[2026-09-04T18:01:36.177+0000] {logging_mixin.py:188} INFO - [2026-09-04T18:01:36.176+0000] {dag.py:3823} INFO - Setting next_dagrun for air_quality_pipeline to 2026-09-04 17:05:00+00:00, run_after=2026-09-04 18:05:00+00:00
[2026-09-04T18:01:36.201+0000] {processor.py:183} INFO - Processing /opt/airflow/dags/spark_pipeline_dag.py took 0.099 seconds
[2026-09-04T18:02:06.600+0000] {processor.py:161} INFO - Started process (PID=59932) to work on /opt/airflow/dags/spark_pipeline_dag.py
[2026-09-04T18:02:06.601+0000] {processor.py:830} INFO - Processing file /opt/airflow/dags/spark_pipeline_dag.py for tasks to queue
[2026-09-04T18:02:06.602+0000] {logging_mixin.py:188} INFO - [2026-09-04T18:02:06.602+0000] {dagbag.py:538} INFO - Filling up the DagBag from /opt/airflow/dags/spark_pipeline_dag.py
[2026-09-04T18:02:06.626+0000] {processor.py:840} INFO - DAG(s) 'air_quality_pipeline' retrieved from /opt/airflow/dags/spark_pipeline_dag.py
[2026-09-04T18:02:06.648+0000] {logging_mixin.py:188} INFO - [2026-09-04T18:02:06.648+0000] {dag.py:3036} INFO - Sync 1 DAGs
[2026-09-04T18:02:06.670+0000] {logging_mixin.py:188} INFO - [2026-09-04T18:02:06.670+0000] {dag.py:3823} INFO - Setting next_dagrun for air_quality_pipeline to 2026-09-04 17:05:00+00:00, run_after=2026-09-04 18:05:00+00:00
[2026-09-04T18:02:06.692+0000] {processor.py:183} INFO - Processing /opt/airflow/dags/spark_pipeline_dag.py took 0.094 seconds
[2026-09-04T18:02:37.107+0000] {processor.py:161} INFO - Started process (PID=59942) to work on /opt/airflow/dags/spark_pipeline_dag.py
[2026-09-04T18:02:37.108+0000] {processor.py:830} INFO - Processing file /opt/airflow/dags/spark_pipeline_dag.py for tasks to queue
[2026-09-04T18:02:37.109+0000] {logging_mixin.py:188} INFO - [2026-09-04T18:02:37.109+0000] {dagbag.py:538} INFO - Filling up the DagBag from /opt/airflow/dags/spark_pipeline_dag.py
[2026-09-04T18:02:37.131+0000] {processor.py:840} INFO - DAG(s) 'air_quality_pipeline' retrieved from /opt/airflow/dags/spark_pipeline_dag.py
[2026-09-04T18:02:37.149+0000] {logging_mixin.py:188} INFO - [2026-09-04T18:02:37.149+0000] {dag.py:3036} INFO - Sync 1 DAGs
[2026-09-04T18:02:37.170+0000] {logging_mixin.py:188} INFO - [2026-09-04T18:02:37.170+0000] {dag.py:3823} INFO - Setting next_dagrun for air_quality_pipeline to 2026-09-04 17:05:00+00:00, run_after=2026-09-04 18:05:00+00:00
[2026-09-04T18:02:37.189+0000] {processor.py:183} INFO - Processing /opt/airflow/dags/spark_pipeline_dag.py took 0.085 seconds
[2026-09-04T18:03:07.533+0000] {processor.py:161} INFO - Started process (PID=59952) to work on /opt/airflow/dags/spark_pipeline_dag.py
[2026-09-04T18:03:07.534+0000] {processor.py:830} INFO - Processing file /opt/airflow/dags/spark_pipeline_dag.py for tasks to queue
[2026-09-04T18:03:07.536+0000] {logging_mixin.py:188} INFO - [2026-09-04T18:03:07.536+0000] {dagbag.py:538} INFO - Filling up the DagBag from /opt/airflow/dags/spark_pipeline_dag.py
[2026-09-04T18:03:07.557+0000] {processor.py:840} INFO - DAG(s) 'air_quality_pipeline' retrieved from /opt/airflow/dags/spark_pipeline_dag.py
[2026-09-04T18:03:07.578+0000] {logging_mixin.py:188} INFO - [2026-09-04T18:03:07.578+0000] {dag.py:3036} INFO - Sync 1 DAGs
[2026-09-04T18:03:07.600+0000] {logging_mixin.py:188} INFO - [2026-09-04T18:03:07.599+0000] {dag.py:3823} INFO - Setting next_dagrun for air_quality_pipeline to 2026-09-04 17:05:00+00:00, run_after=2026-09-04 18:05:00+00:00
[2026-09-04T18:03:07.624+0000] {processor.py:183} INFO - Processing /opt/airflow/dags/spark_pipeline_dag.py took 0.094 seconds
[2026-09-04T18:03:38.029+0000] {processor.py:161} INFO - Started process (PID=59962) to work on /opt/airflow/dags/spark_pipeline_dag.py
[2026-09-04T18:03:38.030+0000] {processor.py:830} INFO - Processing file /opt/airflow/dags/spark_pipeline_dag.py for tasks to queue
[2026-09-04T18:03:38.030+0000] {logging_mixin.py:188} INFO - [2026-09-04T18:03:38.030+0000] {dagbag.py:538} INFO - Filling up the DagBag from /opt/airflow/dags/spark_pipeline_dag.py
[2026-09-04T18:03:38.051+0000] {processor.py:840} INFO - DAG(s) 'air_quality_pipeline' retrieved from /opt/airflow/dags/spark_pipeline_dag.py
[2026-09-04T18:03:38.070+0000] {logging_mixin.py:188} INFO - [2026-09-04T18:03:38.070+0000] {dag.py:3036} INFO - Sync 1 DAGs
[2026-09-04T18:03:38.089+0000] {logging_mixin.py:188} INFO - [2026-09-04T18:03:38.089+0000] {dag.py:3823} INFO - Setting next_dagrun for air_quality_pipeline to 2026-09-04 17:05:00+00:00, run_after=2026-09-04 18:05:00+00:00
[2026-09-04T18:03:38.110+0000] {processor.py:183} INFO - Processing /opt/airflow/dags/spark_pipeline_dag.py took 0.085 seconds
[2026-09-04T18:04:08.503+0000] {processor.py:161} INFO - Started process (PID=59972) to work on /opt/airflow/dags/spark_pipeline_dag.py
[2026-09-04T18:04:08.504+0000] {processor.py:830} INFO - Processing file /opt/airflow/dags/spark_pipeline_dag.py for tasks to queue
[2026-09-04T18:04:08.505+0000] {logging_mixin.py:188} INFO - [2026-09-04T18:04:08.505+0000] {dagbag.py:538} INFO - Filling up the DagBag from /opt/airflow/dags/spark_pipeline_dag.py
[2026-09-04T18:04:08.525+0000] {processor.py:840} INFO - DAG(s) 'air_quality_pipeline' retrieved from /opt/airflow/dags/spark_pipeline_dag.py
[2026-09-04T18:04:08.545+0000] {logging_mixin.py:188} INFO - [2026-09-04T18:04:08.545+0000] {dag.py:3036} INFO - Sync 1 DAGs
[2026-09-04T18:04:08.567+0000] {logging_mixin.py:188} INFO - [2026-09-04T18:04:08.567+0000] {dag.py:3823} INFO - Setting next_dagrun for air_quality_pipeline to 2026-09-04 17:05:00+00:00, run_after=2026-09-04 18:05:00+00:00
[2026-09-04T18:04:08.586+0000] {processor.py:183} INFO - Processing /opt/airflow/dags/spark_pipeline_dag.py took 0.085 seconds
[2026-09-04T18:04:38.887+0000] {processor.py:161} INFO - Started process (PID=59982) to work on /opt/airflow/dags/spark_pipeline_dag.py
[2026-09-04T18:04:38.890+0000] {processor.py:830} INFO - Processing file /opt/airflow/dags/spark_pipeline_dag.py for tasks to queue
[2026-09-04T18:04:38.891+0000] {logging_mixin.py:188} INFO - [2026-09-04T18:04:38.891+0000] {dagbag.py:538} INFO - Filling up the DagBag from /opt/airflow/dags/spark_pipeline_dag.py
[2026-09-04T18:04:38.914+0000] {processor.py:840} INFO - DAG(s) 'air_quality_pipeline' retrieved from /opt/airflow/dags/spark_pipeline_dag.py
[2026-09-04T18:04:38.954+0000] {logging_mixin.py:188} INFO - [2026-09-04T18:04:38.953+0000] {dag.py:3036} INFO - Sync 1 DAGs
[2026-09-04T18:04:38.976+0000] {logging_mixin.py:188} INFO - [2026-09-04T18:04:38.976+0000] {dag.py:3823} INFO - Setting next_dagrun for air_quality_pipeline to 2026-09-04 17:05:00+00:00, run_after=2026-09-04 18:05:00+00:00
[2026-09-04T18:04:38.998+0000] {processor.py:183} INFO - Processing /opt/airflow/dags/spark_pipeline_dag.py took 0.114 seconds
[2026-09-04T18:05:09.351+0000] {processor.py:161} INFO - Started process (PID=59994) to work on /opt/airflow/dags/spark_pipeline_dag.py
[2026-09-04T18:05:09.352+0000] {processor.py:830} INFO - Processing file /opt/airflow/dags/spark_pipeline_dag.py for tasks to queue
[2026-09-04T18:05:09.354+0000] {logging_mixin.py:188} INFO - [2026-09-04T18:05:09.353+0000] {dagbag.py:538} INFO - Filling up the DagBag from /opt/airflow/dags/spark_pipeline_dag.py
[2026-09-04T18:05:09.381+0000] {processor.py:840} INFO - DAG(s) 'air_quality_pipeline' retrieved from /opt/airflow/dags/spark_pipeline_dag.py
[2026-09-04T18:05:09.406+0000] {logging_mixin.py:188} INFO - [2026-09-04T18:05:09.406+0000] {dag.py:3036} INFO - Sync 1 DAGs
[2026-09-04T18:05:09.432+0000] {logging_mixin.py:188} INFO - [2026-09-04T18:05:09.432+0000] {dag.py:3823} INFO - Setting next_dagrun for air_quality_pipeline to 2026-09-04 18:05:00+00:00, run_after=2026-09-04 19:05:00+00:00
[2026-09-04T18:05:09.454+0000] {processor.py:183} INFO - Processing /opt/airflow/dags/spark_pipeline_dag.py took 0.107 seconds
[2026-09-04T18:05:39.870+0000] {processor.py:161} INFO - Started process (PID=60004) to work on /opt/airflow/dags/spark_pipeline_dag.py
[2026-09-04T18:05:39.871+0000] {processor.py:830} INFO - Processing file /opt/airflow/dags/spark_pipeline_dag.py for tasks to queue
[2026-09-04T18:05:39.872+0000] {logging_mixin.py:188} INFO - [2026-09-04T18:05:39.872+0000] {dagbag.py:538} INFO - Filling up the DagBag from /opt/airflow/dags/spark_pipeline_dag.py
[2026-09-04T18:05:39.891+0000] {processor.py:840} INFO - DAG(s) 'air_quality_pipeline' retrieved from /opt/airflow/dags/spark_pipeline_dag.py
[2026-09-04T18:05:39.913+0000] {logging_mixin.py:188} INFO - [2026-09-04T18:05:39.913+0000] {dag.py:3036} INFO - Sync 1 DAGs
[2026-09-04T18:05:39.934+0000] {logging_mixin.py:188} INFO - [2026-09-04T18:05:39.934+0000] {dag.py:3823} INFO - Setting next_dagrun for air_quality_pipeline to 2026-09-04 18:05:00+00:00, run_after=2026-09-04 19:05:00+00:00
[2026-09-04T18:05:39.954+0000] {processor.py:183} INFO - Processing /opt/airflow/dags/spark_pipeline_dag.py took 0.086 seconds
[2026-09-04T18:06:10.282+0000] {processor.py:161} INFO - Started process (PID=60014) to work on /opt/airflow/dags/spark_pipeline_dag.py
[2026-09-04T18:06:10.284+0000] {processor.py:830} INFO - Processing file /opt/airflow/dags/spark_pipeline_dag.py for tasks to queue
[2026-09-04T18:06:10.285+0000] {logging_mixin.py:188} INFO - [2026-09-04T18:06:10.284+0000] {dagbag.py:538} INFO - Filling up the DagBag from /opt/airflow/dags/spark_pipeline_dag.py
[2026-09-04T18:06:10.306+0000] {processor.py:840} INFO - DAG(s) 'air_quality_pipeline' retrieved from /opt/airflow/dags/spark_pipeline_dag.py
[2026-09-04T18:06:10.327+0000] {logging_mixin.py:188} INFO - [2026-09-04T18:06:10.327+0000] {dag.py:3036} INFO - Sync 1 DAGs
[2026-09-04T18:06:10.348+0000] {logging_mixin.py:188} INFO - [2026-09-04T18:06:10.348+0000] {dag.py:3823} INFO - Setting next_dagrun for air_quality_pipeline to 2026-09-04 18:05:00+00:00, run_after=2026-09-04 19:05:00+00:00
[2026-09-04T18:06:10.368+0000] {processor.py:183} INFO - Processing /opt/airflow/dags/spark_pipeline_dag.py took 0.089 seconds
[2026-09-04T18:06:40.731+0000] {processor.py:161} INFO - Started process (PID=60024) to work on /opt/airflow/dags/spark_pipeline_dag.py
[2026-09-04T18:06:40.732+0000] {processor.py:830} INFO - Processing file /opt/airflow/dags/spark_pipeline_dag.py for tasks to queue
[2026-09-04T18:06:40.733+0000] {logging_mixin.py:188} INFO - [2026-09-04T18:06:40.733+0000] {dagbag.py:538} INFO - Filling up the DagBag from /opt/airflow/dags/spark_pipeline_dag.py
[2026-09-04T18:06:40.753+0000] {processor.py:840} INFO - DAG(s) 'air_quality_pipeline' retrieved from /opt/airflow/dags/spark_pipeline_dag.py
[2026-09-04T18:06:40.775+0000] {logging_mixin.py:188} INFO - [2026-09-04T18:06:40.775+0000] {dag.py:3036} INFO - Sync 1 DAGs
[2026-09-04T18:06:40.796+0000] {logging_mixin.py:188} INFO - [2026-09-04T18:06:40.795+0000] {dag.py:3823} INFO - Setting next_dagrun for air_quality_pipeline to 2026-09-04 18:05:00+00:00, run_after=2026-09-04 19:05:00+00:00
[2026-09-04T18:06:40.815+0000] {processor.py:183} INFO - Processing /opt/airflow/dags/spark_pipeline_dag.py took 0.087 seconds
[2026-09-04T18:07:11.132+0000] {processor.py:161} INFO - Started process (PID=60034) to work on /opt/airflow/dags/spark_pipeline_dag.py
[2026-09-04T18:07:11.133+0000] {processor.py:830} INFO - Processing file /opt/airflow/dags/spark_pipeline_dag.py for tasks to queue
[2026-09-04T18:07:11.134+0000] {logging_mixin.py:188} INFO - [2026-09-04T18:07:11.134+0000] {dagbag.py:538} INFO - Filling up the DagBag from /opt/airflow/dags/spark_pipeline_dag.py
[2026-09-04T18:07:11.157+0000] {processor.py:840} INFO - DAG(s) 'air_quality_pipeline' retrieved from /opt/airflow/dags/spark_pipeline_dag.py
[2026-09-04T18:07:11.179+0000] {logging_mixin.py:188} INFO - [2026-09-04T18:07:11.178+0000] {dag.py:3036} INFO - Sync 1 DAGs
[2026-09-04T18:07:11.203+0000] {logging_mixin.py:188} INFO - [2026-09-04T18:07:11.202+0000] {dag.py:3823} INFO - Setting next_dagrun for air_quality_pipeline to 2026-09-04 18:05:00+00:00, run_after=2026-09-04 19:05:00+00:00
[2026-09-04T18:07:11.228+0000] {processor.py:183} INFO - Processing /opt/airflow/dags/spark_pipeline_dag.py took 0.099 seconds
[2026-09-04T18:07:41.635+0000] {processor.py:161} INFO - Started process (PID=60044) to work on /opt/airflow/dags/spark_pipeline_dag.py
[2026-09-04T18:07:41.636+0000] {processor.py:830} INFO - Processing file /opt/airflow/dags/spark_pipeline_dag.py for tasks to queue
[2026-09-04T18:07:41.637+0000] {logging_mixin.py:188} INFO - [2026-09-04T18:07:41.637+0000] {dagbag.py:538} INFO - Filling up the DagBag from /opt/airflow/dags/spark_pipeline_dag.py
[2026-09-04T18:07:41.661+0000] {processor.py:840} INFO - DAG(s) 'air_quality_pipeline' retrieved from /opt/airflow/dags/spark_pipeline_dag.py
[2026-09-04T18:07:41.686+0000] {logging_mixin.py:188} INFO - [2026-09-04T18:07:41.686+0000] {dag.py:3036} INFO - Sync 1 DAGs
[2026-09-04T18:07:41.706+0000] {logging_mixin.py:188} INFO - [2026-09-04T18:07:41.706+0000] {dag.py:3823} INFO - Setting next_dagrun for air_quality_pipeline to 2026-09-04 18:05:00+00:00, run_after=2026-09-04 19:05:00+00:00
[2026-09-04T18:07:41.729+0000] {processor.py:183} INFO - Processing /opt/airflow/dags/spark_pipeline_dag.py took 0.097 seconds
[2026-09-04T18:08:12.114+0000] {processor.py:161} INFO - Started process (PID=60054) to work on /opt/airflow/dags/spark_pipeline_dag.py
[2026-09-04T18:08:12.115+0000] {processor.py:830} INFO - Processing file /opt/airflow/dags/spark_pipeline_dag.py for tasks to queue
[2026-09-04T18:08:12.116+0000] {logging_mixin.py:188} INFO - [2026-09-04T18:08:12.116+0000] {dagbag.py:538} INFO - Filling up the DagBag from /opt/airflow/dags/spark_pipeline_dag.py
[2026-09-04T18:08:12.139+0000] {processor.py:840} INFO - DAG(s) 'air_quality_pipeline' retrieved from /opt/airflow/dags/spark_pipeline_dag.py
[2026-09-04T18:08:12.159+0000] {logging_mixin.py:188} INFO - [2026-09-04T18:08:12.159+0000] {dag.py:3036} INFO - Sync 1 DAGs
[2026-09-04T18:08:12.183+0000] {logging_mixin.py:188} INFO - [2026-09-04T18:08:12.182+0000] {dag.py:3823} INFO - Setting next_dagrun for air_quality_pipeline to 2026-09-04 18:05:00+00:00, run_after=2026-09-04 19:05:00+00:00
[2026-09-04T18:08:12.206+0000] {processor.py:183} INFO - Processing /opt/airflow/dags/spark_pipeline_dag.py took 0.094 seconds
[2026-09-04T18:08:42.630+0000] {processor.py:161} INFO - Started process (PID=60064) to work on /opt/airflow/dags/spark_pipeline_dag.py
[2026-09-04T18:08:42.631+0000] {processor.py:830} INFO - Processing file /opt/airflow/dags/spark_pipeline_dag.py for tasks to queue
[2026-09-04T18:08:42.632+0000] {logging_mixin.py:188} INFO - [2026-09-04T18:08:42.632+0000] {dagbag.py:538} INFO - Filling up the DagBag from /opt/airflow/dags/spark_pipeline_dag.py
[2026-09-04T18:08:42.651+0000] {processor.py:840} INFO - DAG(s) 'air_quality_pipeline' retrieved from /opt/airflow/dags/spark_pipeline_dag.py
[2026-09-04T18:08:42.675+0000] {logging_mixin.py:188} INFO - [2026-09-04T18:08:42.674+0000] {dag.py:3036} INFO - Sync 1 DAGs
[2026-09-04T18:08:42.694+0000] {logging_mixin.py:188} INFO - [2026-09-04T18:08:42.694+0000] {dag.py:3823} INFO - Setting next_dagrun for air_quality_pipeline to 2026-09-04 18:05:00+00:00, run_after=2026-09-04 19:05:00+00:00
[2026-09-04T18:08:42.713+0000] {processor.py:183} INFO - Processing /opt/airflow/dags/spark_pipeline_dag.py took 0.085 seconds
[2026-09-04T18:09:13.027+0000] {processor.py:161} INFO - Started process (PID=60074) to work on /opt/airflow/dags/spark_pipeline_dag.py
[2026-09-04T18:09:13.028+0000] {processor.py:830} INFO - Processing file /opt/airflow/dags/spark_pipeline_dag.py for tasks to queue
[2026-09-04T18:09:13.029+0000] {logging_mixin.py:188} INFO - [2026-09-04T18:09:13.029+0000] {dagbag.py:538} INFO - Filling up the DagBag from /opt/airflow/dags/spark_pipeline_dag.py
[2026-09-04T18:09:13.048+0000] {processor.py:840} INFO - DAG(s) 'air_quality_pipeline' retrieved from /opt/airflow/dags/spark_pipeline_dag.py
[2026-09-04T18:09:13.071+0000] {logging_mixin.py:188} INFO - [2026-09-04T18:09:13.070+0000] {dag.py:3036} INFO - Sync 1 DAGs
[2026-09-04T18:09:13.094+0000] {logging_mixin.py:188} INFO - [2026-09-04T18:09:13.094+0000] {dag.py:3823} INFO - Setting next_dagrun for air_quality_pipeline to 2026-09-04 18:05:00+00:00, run_after=2026-09-04 19:05:00+00:00
[2026-09-04T18:09:13.117+0000] {processor.py:183} INFO - Processing /opt/airflow/dags/spark_pipeline_dag.py took 0.092 seconds
[2026-09-04T18:09:43.460+0000] {processor.py:161} INFO - Started process (PID=60084) to work on /opt/airflow/dags/spark_pipeline_dag.py
[2026-09-04T18:09:43.460+0000] {processor.py:830} INFO - Processing file /opt/airflow/dags/spark_pipeline_dag.py for tasks to queue
[2026-09-04T18:09:43.461+0000] {logging_mixin.py:188} INFO - [2026-09-04T18:09:43.461+0000] {dagbag.py:538} INFO - Filling up the DagBag from /opt/airflow/dags/spark_pipeline_dag.py
[2026-09-04T18:09:43.482+0000] {processor.py:840} INFO - DAG(s) 'air_quality_pipeline' retrieved from /opt/airflow/dags/spark_pipeline_dag.py
[2026-09-04T18:09:43.505+0000] {logging_mixin.py:188} INFO - [2026-09-04T18:09:43.505+0000] {dag.py:3036} INFO - Sync 1 DAGs
[2026-09-04T18:09:43.528+0000] {logging_mixin.py:188} INFO - [2026-09-04T18:09:43.528+0000] {dag.py:3823} INFO - Setting next_dagrun for air_quality_pipeline to 2026-09-04 18:05:00+00:00, run_after=2026-09-04 19:05:00+00:00
[2026-09-04T18:09:43.550+0000] {processor.py:183} INFO - Processing /opt/airflow/dags/spark_pipeline_dag.py took 0.093 seconds
[2026-09-04T18:10:13.956+0000] {processor.py:161} INFO - Started process (PID=60094) to work on /opt/airflow/dags/spark_pipeline_dag.py
[2026-09-04T18:10:13.958+0000] {processor.py:830} INFO - Processing file /opt/airflow/dags/spark_pipeline_dag.py for tasks to queue
[2026-09-04T18:10:13.959+0000] {logging_mixin.py:188} INFO - [2026-09-04T18:10:13.959+0000] {dagbag.py:538} INFO - Filling up the DagBag from /opt/airflow/dags/spark_pipeline_dag.py
[2026-09-04T18:10:13.982+0000] {processor.py:840} INFO - DAG(s) 'air_quality_pipeline' retrieved from /opt/airflow/dags/spark_pipeline_dag.py
[2026-09-04T18:10:14.004+0000] {logging_mixin.py:188} INFO - [2026-09-04T18:10:14.004+0000] {dag.py:3036} INFO - Sync 1 DAGs
[2026-09-04T18:10:14.025+0000] {logging_mixin.py:188} INFO - [2026-09-04T18:10:14.025+0000] {dag.py:3823} INFO - Setting next_dagrun for air_quality_pipeline to 2026-09-04 18:05:00+00:00, run_after=2026-09-04 19:05:00+00:00
[2026-09-04T18:10:14.045+0000] {processor.py:183} INFO - Processing /opt/airflow/dags/spark_pipeline_dag.py took 0.092 seconds
[2026-09-04T18:10:44.387+0000] {processor.py:161} INFO - Started process (PID=60104) to work on /opt/airflow/dags/spark_pipeline_dag.py
[2026-09-04T18:10:44.387+0000] {processor.py:830} INFO - Processing file /opt/airflow/dags/spark_pipeline_dag.py for tasks to queue
[2026-09-04T18:10:44.389+0000] {logging_mixin.py:188} INFO - [2026-09-04T18:10:44.389+0000] {dagbag.py:538} INFO - Filling up the DagBag from /opt/airflow/dags/spark_pipeline_dag.py
[2026-09-04T18:10:44.412+0000] {processor.py:840} INFO - DAG(s) 'air_quality_pipeline' retrieved from /opt/airflow/dags/spark_pipeline_dag.py
[2026-09-04T18:10:44.433+0000] {logging_mixin.py:188} INFO - [2026-09-04T18:10:44.433+0000] {dag.py:3036} INFO - Sync 1 DAGs
[2026-09-04T18:10:44.456+0000] {logging_mixin.py:188} INFO - [2026-09-04T18:10:44.456+0000] {dag.py:3823} INFO - Setting next_dagrun for air_quality_pipeline to 2026-09-04 18:05:00+00:00, run_after=2026-09-04 19:05:00+00:00
[2026-09-04T18:10:44.474+0000] {processor.py:183} INFO - Processing /opt/airflow/dags/spark_pipeline_dag.py took 0.090 seconds
[2026-09-04T18:11:14.813+0000] {processor.py:161} INFO - Started process (PID=60114) to work on /opt/airflow/dags/spark_pipeline_dag.py
[2026-09-04T18:11:14.815+0000] {processor.py:830} INFO - Processing file /opt/airflow/dags/spark_pipeline_dag.py for tasks to queue
[2026-09-04T18:11:14.816+0000] {logging_mixin.py:188} INFO - [2026-09-04T18:11:14.816+0000] {dagbag.py:538} INFO - Filling up the DagBag from /opt/airflow/dags/spark_pipeline_dag.py
[2026-09-04T18:11:14.855+0000] {processor.py:840} INFO - DAG(s) 'air_quality_pipeline' retrieved from /opt/airflow/dags/spark_pipeline_dag.py
[2026-09-04T18:11:14.875+0000] {logging_mixin.py:188} INFO - [2026-09-04T18:11:14.875+0000] {dag.py:3036} INFO - Sync 1 DAGs
[2026-09-04T18:11:14.896+0000] {logging_mixin.py:188} INFO - [2026-09-04T18:11:14.895+0000] {dag.py:3823} INFO - Setting next_dagrun for air_quality_pipeline to 2026-09-04 18:05:00+00:00, run_after=2026-09-04 19:05:00+00:00
[2026-09-04T18:11:14.912+0000] {processor.py:183} INFO - Processing /opt/airflow/dags/spark_pipeline_dag.py took 0.103 seconds
[2026-09-04T18:11:45.239+0000] {processor.py:161} INFO - Started process (PID=60124) to work on /opt/airflow/dags/spark_pipeline_dag.py
[2026-09-04T18:11:45.239+0000] {processor.py:830} INFO - Processing file /opt/airflow/dags/spark_pipeline_dag.py for tasks to queue
[2026-09-04T18:11:45.240+0000] {logging_mixin.py:188} INFO - [2026-09-04T18:11:45.240+0000] {dagbag.py:538} INFO - Filling up the DagBag from /opt/airflow/dags/spark_pipeline_dag.py
[2026-09-04T18:11:45.260+0000] {processor.py:840} INFO - DAG(s) 'air_quality_pipeline' retrieved from /opt/airflow/dags/spark_pipeline_dag.py
[2026-09-04T18:11:45.279+0000] {logging_mixin.py:188} INFO - [2026-09-04T18:11:45.278+0000] {dag.py:3036} INFO - Sync 1 DAGs
[2026-09-04T18:11:45.300+0000] {logging_mixin.py:188} INFO - [2026-09-04T18:11:45.299+0000] {dag.py:3823} INFO - Setting next_dagrun for air_quality_pipeline to 2026-09-04 18:05:00+00:00, run_after=2026-09-04 19:05:00+00:00
[2026-09-04T18:11:45.320+0000] {processor.py:183} INFO - Processing /opt/airflow/dags/spark_pipeline_dag.py took 0.085 seconds
[2026-09-04T18:12:15.706+0000] {processor.py:161} INFO - Started process (PID=60134) to work on /opt/airflow/dags/spark_pipeline_dag.py
[2026-09-04T18:12:15.707+0000] {processor.py:830} INFO - Processing file /opt/airflow/dags/spark_pipeline_dag.py for tasks to queue
[2026-09-04T18:12:15.708+0000] {logging_mixin.py:188} INFO - [2026-09-04T18:12:15.708+0000] {dagbag.py:538} INFO - Filling up the DagBag from /opt/airflow/dags/spark_pipeline_dag.py
[2026-09-04T18:12:15.730+0000] {processor.py:840} INFO - DAG(s) 'air_quality_pipeline' retrieved from /opt/airflow/dags/spark_pipeline_dag.py
[2026-09-04T18:12:15.750+0000] {logging_mixin.py:188} INFO - [2026-09-04T18:12:15.749+0000] {dag.py:3036} INFO - Sync 1 DAGs
[2026-09-04T18:12:15.771+0000] {logging_mixin.py:188} INFO - [2026-09-04T18:12:15.771+0000] {dag.py:3823} INFO - Setting next_dagrun for air_quality_pipeline to 2026-09-04 18:05:00+00:00, run_after=2026-09-04 19:05:00+00:00
[2026-09-04T18:12:15.793+0000] {processor.py:183} INFO - Processing /opt/airflow/dags/spark_pipeline_dag.py took 0.089 seconds
[2026-09-04T18:12:46.268+0000] {processor.py:161} INFO - Started process (PID=60144) to work on /opt/airflow/dags/spark_pipeline_dag.py
[2026-09-04T18:12:46.270+0000] {processor.py:830} INFO - Processing file /opt/airflow/dags/spark_pipeline_dag.py for tasks to queue
[2026-09-04T18:12:46.271+0000] {logging_mixin.py:188} INFO - [2026-09-04T18:12:46.271+0000] {dagbag.py:538} INFO - Filling up the DagBag from /opt/airflow/dags/spark_pipeline_dag.py
[2026-09-04T18:12:46.293+0000] {processor.py:840} INFO - DAG(s) 'air_quality_pipeline' retrieved from /opt/airflow/dags/spark_pipeline_dag.py
[2026-09-04T18:12:46.312+0000] {logging_mixin.py:188} INFO - [2026-09-04T18:12:46.311+0000] {dag.py:3036} INFO - Sync 1 DAGs
[2026-09-04T18:12:46.330+0000] {logging_mixin.py:188} INFO - [2026-09-04T18:12:46.330+0000] {dag.py:3823} INFO - Setting next_dagrun for air_quality_pipeline to 2026-09-04 18:05:00+00:00, run_after=2026-09-04 19:05:00+00:00
[2026-09-04T18:12:46.348+0000] {processor.py:183} INFO - Processing /opt/airflow/dags/spark_pipeline_dag.py took 0.084 seconds
[2026-09-04T18:13:16.828+0000] {processor.py:161} INFO - Started process (PID=60154) to work on /opt/airflow/dags/spark_pipeline_dag.py
[2026-09-04T18:13:16.831+0000] {processor.py:830} INFO - Processing file /opt/airflow/dags/spark_pipeline_dag.py for tasks to queue
[2026-09-04T18:13:16.835+0000] {logging_mixin.py:188} INFO - [2026-09-04T18:13:16.835+0000] {dagbag.py:538} INFO - Filling up the DagBag from /opt/airflow/dags/spark_pipeline_dag.py
[2026-09-04T18:13:16.859+0000] {processor.py:840} INFO - DAG(s) 'air_quality_pipeline' retrieved from /opt/airflow/dags/spark_pipeline_dag.py
[2026-09-04T18:13:16.879+0000] {logging_mixin.py:188} INFO - [2026-09-04T18:13:16.879+0000] {dag.py:3036} INFO - Sync 1 DAGs
[2026-09-04T18:13:16.898+0000] {logging_mixin.py:188} INFO - [2026-09-04T18:13:16.898+0000] {dag.py:3823} INFO - Setting next_dagrun for air_quality_pipeline to 2026-09-04 18:05:00+00:00, run_after=2026-09-04 19:05:00+00:00
[2026-09-04T18:13:16.921+0000] {processor.py:183} INFO - Processing /opt/airflow/dags/spark_pipeline_dag.py took 0.096 seconds
[2026-09-04T18:13:47.379+0000] {processor.py:161} INFO - Started process (PID=60164) to work on /opt/airflow/dags/spark_pipeline_dag.py
[2026-09-04T18:13:47.380+0000] {processor.py:830} INFO - Processing file /opt/airflow/dags/spark_pipeline_dag.py for tasks to queue
[2026-09-04T18:13:47.386+0000] {logging_mixin.py:188} INFO - [2026-09-04T18:13:47.386+0000] {dagbag.py:538} INFO - Filling up the DagBag from /opt/airflow/dags/spark_pipeline_dag.py
[2026-09-04T18:13:47.434+0000] {processor.py:840} INFO - DAG(s) 'air_quality_pipeline' retrieved from /opt/airflow/dags/spark_pipeline_dag.py
[2026-09-04T18:13:47.455+0000] {logging_mixin.py:188} INFO - [2026-09-04T18:13:47.455+0000] {dag.py:3036} INFO - Sync 1 DAGs
[2026-09-04T18:13:47.477+0000] {logging_mixin.py:188} INFO - [2026-09-04T18:13:47.476+0000] {dag.py:3823} INFO - Setting next_dagrun for air_quality_pipeline to 2026-09-04 18:05:00+00:00, run_after=2026-09-04 19:05:00+00:00
[2026-09-04T18:13:47.495+0000] {processor.py:183} INFO - Processing /opt/airflow/dags/spark_pipeline_dag.py took 0.120 seconds
[2026-09-04T18:14:17.890+0000] {processor.py:161} INFO - Started process (PID=60174) to work on /opt/airflow/dags/spark_pipeline_dag.py
[2026-09-04T18:14:17.892+0000] {processor.py:830} INFO - Processing file /opt/airflow/dags/spark_pipeline_dag.py for tasks to queue
[2026-09-04T18:14:17.893+0000] {logging_mixin.py:188} INFO - [2026-09-04T18:14:17.893+0000] {dagbag.py:538} INFO - Filling up the DagBag from /opt/airflow/dags/spark_pipeline_dag.py
[2026-09-04T18:14:17.914+0000] {processor.py:840} INFO - DAG(s) 'air_quality_pipeline' retrieved from /opt/airflow/dags/spark_pipeline_dag.py
[2026-09-04T18:14:17.933+0000] {logging_mixin.py:188} INFO - [2026-09-04T18:14:17.933+0000] {dag.py:3036} INFO - Sync 1 DAGs
[2026-09-04T18:14:17.953+0000] {logging_mixin.py:188} INFO - [2026-09-04T18:14:17.953+0000] {dag.py:3823} INFO - Setting next_dagrun for air_quality_pipeline to 2026-09-04 18:05:00+00:00, run_after=2026-09-04 19:05:00+00:00
[2026-09-04T18:14:17.970+0000] {processor.py:183} INFO - Processing /opt/airflow/dags/spark_pipeline_dag.py took 0.083 seconds
[2026-09-04T18:14:48.321+0000] {processor.py:161} INFO - Started process (PID=60184) to work on /opt/airflow/dags/spark_pipeline_dag.py
[2026-09-04T18:14:48.322+0000] {processor.py:830} INFO - Processing file /opt/airflow/dags/spark_pipeline_dag.py for tasks to queue
[2026-09-04T18:14:48.323+0000] {logging_mixin.py:188} INFO - [2026-09-04T18:14:48.323+0000] {dagbag.py:538} INFO - Filling up the DagBag from /opt/airflow/dags/spark_pipeline_dag.py
[2026-09-04T18:14:48.344+0000] {processor.py:840} INFO - DAG(s) 'air_quality_pipeline' retrieved from /opt/airflow/dags/spark_pipeline_dag.py
[2026-09-04T18:14:48.369+0000] {logging_mixin.py:188} INFO - [2026-09-04T18:14:48.369+0000] {dag.py:3036} INFO - Sync 1 DAGs
[2026-09-04T18:14:48.391+0000] {logging_mixin.py:188} INFO - [2026-09-04T18:14:48.391+0000] {dag.py:3823} INFO - Setting next_dagrun for air_quality_pipeline to 2026-09-04 18:05:00+00:00, run_after=2026-09-04 19:05:00+00:00
[2026-09-04T18:14:48.415+0000] {processor.py:183} INFO - Processing /opt/airflow/dags/spark_pipeline_dag.py took 0.096 seconds
[2026-09-04T18:15:18.802+0000] {processor.py:161} INFO - Started process (PID=60194) to work on /opt/airflow/dags/spark_pipeline_dag.py
[2026-09-04T18:15:18.803+0000] {processor.py:830} INFO - Processing file /opt/airflow/dags/spark_pipeline_dag.py for tasks to queue
[2026-09-04T18:15:18.803+0000] {logging_mixin.py:188} INFO - [2026-09-04T18:15:18.803+0000] {dagbag.py:538} INFO - Filling up the DagBag from /opt/airflow/dags/spark_pipeline_dag.py
[2026-09-04T18:15:18.831+0000] {processor.py:840} INFO - DAG(s) 'air_quality_pipeline' retrieved from /opt/airflow/dags/spark_pipeline_dag.py
[2026-09-04T18:15:18.852+0000] {logging_mixin.py:188} INFO - [2026-09-04T18:15:18.851+0000] {dag.py:3036} INFO - Sync 1 DAGs
[2026-09-04T18:15:18.873+0000] {logging_mixin.py:188} INFO - [2026-09-04T18:15:18.873+0000] {dag.py:3823} INFO - Setting next_dagrun for air_quality_pipeline to 2026-09-04 18:05:00+00:00, run_after=2026-09-04 19:05:00+00:00
[2026-09-04T18:15:18.894+0000] {processor.py:183} INFO - Processing /opt/airflow/dags/spark_pipeline_dag.py took 0.095 seconds
[2026-09-04T18:15:49.403+0000] {processor.py:161} INFO - Started process (PID=60204) to work on /opt/airflow/dags/spark_pipeline_dag.py
[2026-09-04T18:15:49.405+0000] {processor.py:830} INFO - Processing file /opt/airflow/dags/spark_pipeline_dag.py for tasks to queue
[2026-09-04T18:15:49.405+0000] {logging_mixin.py:188} INFO - [2026-09-04T18:15:49.405+0000] {dagbag.py:538} INFO - Filling up the DagBag from /opt/airflow/dags/spark_pipeline_dag.py
[2026-09-04T18:15:49.427+0000] {processor.py:840} INFO - DAG(s) 'air_quality_pipeline' retrieved from /opt/airflow/dags/spark_pipeline_dag.py
[2026-09-04T18:15:49.448+0000] {logging_mixin.py:188} INFO - [2026-09-04T18:15:49.448+0000] {dag.py:3036} INFO - Sync 1 DAGs
[2026-09-04T18:15:49.470+0000] {logging_mixin.py:188} INFO - [2026-09-04T18:15:49.470+0000] {dag.py:3823} INFO - Setting next_dagrun for air_quality_pipeline to 2026-09-04 18:05:00+00:00, run_after=2026-09-04 19:05:00+00:00
[2026-09-04T18:15:49.494+0000] {processor.py:183} INFO - Processing /opt/airflow/dags/spark_pipeline_dag.py took 0.094 seconds
[2026-09-04T18:16:19.811+0000] {processor.py:161} INFO - Started process (PID=60214) to work on /opt/airflow/dags/spark_pipeline_dag.py
[2026-09-04T18:16:19.813+0000] {processor.py:830} INFO - Processing file /opt/airflow/dags/spark_pipeline_dag.py for tasks to queue
[2026-09-04T18:16:19.814+0000] {logging_mixin.py:188} INFO - [2026-09-04T18:16:19.814+0000] {dagbag.py:538} INFO - Filling up the DagBag from /opt/airflow/dags/spark_pipeline_dag.py
[2026-09-04T18:16:19.839+0000] {processor.py:840} INFO - DAG(s) 'air_quality_pipeline' retrieved from /opt/airflow/dags/spark_pipeline_dag.py
[2026-09-04T18:16:19.859+0000] {logging_mixin.py:188} INFO - [2026-09-04T18:16:19.859+0000] {dag.py:3036} INFO - Sync 1 DAGs
[2026-09-04T18:16:19.884+0000] {logging_mixin.py:188} INFO - [2026-09-04T18:16:19.884+0000] {dag.py:3823} INFO - Setting next_dagrun for air_quality_pipeline to 2026-09-04 18:05:00+00:00, run_after=2026-09-04 19:05:00+00:00
[2026-09-04T18:16:19.915+0000] {processor.py:183} INFO - Processing /opt/airflow/dags/spark_pipeline_dag.py took 0.106 seconds
[2026-09-04T18:16:50.206+0000] {processor.py:161} INFO - Started process (PID=60224) to work on /opt/airflow/dags/spark_pipeline_dag.py
[2026-09-04T18:16:50.207+0000] {processor.py:830} INFO - Processing file /opt/airflow/dags/spark_pipeline_dag.py for tasks to queue
[2026-09-04T18:16:50.208+0000] {logging_mixin.py:188} INFO - [2026-09-04T18:16:50.208+0000] {dagbag.py:538} INFO - Filling up the DagBag from /opt/airflow/dags/spark_pipeline_dag.py
[2026-09-04T18:16:50.235+0000] {processor.py:840} INFO - DAG(s) 'air_quality_pipeline' retrieved from /opt/airflow/dags/spark_pipeline_dag.py
[2026-09-04T18:16:50.260+0000] {logging_mixin.py:188} INFO - [2026-09-04T18:16:50.260+0000] {dag.py:3036} INFO - Sync 1 DAGs
[2026-09-04T18:16:50.284+0000] {logging_mixin.py:188} INFO - [2026-09-04T18:16:50.284+0000] {dag.py:3823} INFO - Setting next_dagrun for air_quality_pipeline to 2026-09-04 18:05:00+00:00, run_after=2026-09-04 19:05:00+00:00
[2026-09-04T18:16:50.310+0000] {processor.py:183} INFO - Processing /opt/airflow/dags/spark_pipeline_dag.py took 0.107 seconds
[2026-09-04T18:17:20.608+0000] {processor.py:161} INFO - Started process (PID=60234) to work on /opt/airflow/dags/spark_pipeline_dag.py
[2026-09-04T18:17:20.610+0000] {processor.py:830} INFO - Processing file /opt/airflow/dags/spark_pipeline_dag.py for tasks to queue
[2026-09-04T18:17:20.610+0000] {logging_mixin.py:188} INFO - [2026-09-04T18:17:20.610+0000] {dagbag.py:538} INFO - Filling up the DagBag from /opt/airflow/dags/spark_pipeline_dag.py
[2026-09-04T18:17:20.636+0000] {processor.py:840} INFO - DAG(s) 'air_quality_pipeline' retrieved from /opt/airflow/dags/spark_pipeline_dag.py
[2026-09-04T18:17:20.665+0000] {logging_mixin.py:188} INFO - [2026-09-04T18:17:20.664+0000] {dag.py:3036} INFO - Sync 1 DAGs
[2026-09-04T18:17:20.692+0000] {logging_mixin.py:188} INFO - [2026-09-04T18:17:20.692+0000] {dag.py:3823} INFO - Setting next_dagrun for air_quality_pipeline to 2026-09-04 18:05:00+00:00, run_after=2026-09-04 19:05:00+00:00
[2026-09-04T18:17:20.715+0000] {processor.py:183} INFO - Processing /opt/airflow/dags/spark_pipeline_dag.py took 0.110 seconds
[2026-09-04T18:17:50.993+0000] {processor.py:161} INFO - Started process (PID=60244) to work on /opt/airflow/dags/spark_pipeline_dag.py
[2026-09-04T18:17:50.995+0000] {processor.py:830} INFO - Processing file /opt/airflow/dags/spark_pipeline_dag.py for tasks to queue
[2026-09-04T18:17:50.996+0000] {logging_mixin.py:188} INFO - [2026-09-04T18:17:50.996+0000] {dagbag.py:538} INFO - Filling up the DagBag from /opt/airflow/dags/spark_pipeline_dag.py
[2026-09-04T18:17:51.021+0000] {processor.py:840} INFO - DAG(s) 'air_quality_pipeline' retrieved from /opt/airflow/dags/spark_pipeline_dag.py
[2026-09-04T18:17:51.049+0000] {logging_mixin.py:188} INFO - [2026-09-04T18:17:51.049+0000] {dag.py:3036} INFO - Sync 1 DAGs
[2026-09-04T18:17:51.080+0000] {logging_mixin.py:188} INFO - [2026-09-04T18:17:51.080+0000] {dag.py:3823} INFO - Setting next_dagrun for air_quality_pipeline to 2026-09-04 18:05:00+00:00, run_after=2026-09-04 19:05:00+00:00
[2026-09-04T18:17:51.106+0000] {processor.py:183} INFO - Processing /opt/airflow/dags/spark_pipeline_dag.py took 0.116 seconds
[2026-09-04T18:18:21.393+0000] {processor.py:161} INFO - Started process (PID=60254) to work on /opt/airflow/dags/spark_pipeline_dag.py
[2026-09-04T18:18:21.396+0000] {processor.py:830} INFO - Processing file /opt/airflow/dags/spark_pipeline_dag.py for tasks to queue
[2026-09-04T18:18:21.398+0000] {logging_mixin.py:188} INFO - [2026-09-04T18:18:21.397+0000] {dagbag.py:538} INFO - Filling up the DagBag from /opt/airflow/dags/spark_pipeline_dag.py
[2026-09-04T18:18:21.428+0000] {processor.py:840} INFO - DAG(s) 'air_quality_pipeline' retrieved from /opt/airflow/dags/spark_pipeline_dag.py
[2026-09-04T18:18:21.448+0000] {logging_mixin.py:188} INFO - [2026-09-04T18:18:21.447+0000] {dag.py:3036} INFO - Sync 1 DAGs
[2026-09-04T18:18:21.469+0000] {logging_mixin.py:188} INFO - [2026-09-04T18:18:21.469+0000] {dag.py:3823} INFO - Setting next_dagrun for air_quality_pipeline to 2026-09-04 18:05:00+00:00, run_after=2026-09-04 19:05:00+00:00
[2026-09-04T18:18:21.488+0000] {processor.py:183} INFO - Processing /opt/airflow/dags/spark_pipeline_dag.py took 0.098 seconds
[2026-09-04T18:18:51.999+0000] {processor.py:161} INFO - Started process (PID=60264) to work on /opt/airflow/dags/spark_pipeline_dag.py
[2026-09-04T18:18:52.000+0000] {processor.py:830} INFO - Processing file /opt/airflow/dags/spark_pipeline_dag.py for tasks to queue
[2026-09-04T18:18:52.001+0000] {logging_mixin.py:188} INFO - [2026-09-04T18:18:52.001+0000] {dagbag.py:538} INFO - Filling up the DagBag from /opt/airflow/dags/spark_pipeline_dag.py
[2026-09-04T18:18:52.028+0000] {processor.py:840} INFO - DAG(s) 'air_quality_pipeline' retrieved from /opt/airflow/dags/spark_pipeline_dag.py
[2026-09-04T18:18:52.049+0000] {logging_mixin.py:188} INFO - [2026-09-04T18:18:52.049+0000] {dag.py:3036} INFO - Sync 1 DAGs
[2026-09-04T18:18:52.074+0000] {logging_mixin.py:188} INFO - [2026-09-04T18:18:52.073+0000] {dag.py:3823} INFO - Setting next_dagrun for air_quality_pipeline to 2026-09-04 18:05:00+00:00, run_after=2026-09-04 19:05:00+00:00
[2026-09-04T18:18:52.099+0000] {processor.py:183} INFO - Processing /opt/airflow/dags/spark_pipeline_dag.py took 0.103 seconds
[2026-09-04T18:19:22.524+0000] {processor.py:161} INFO - Started process (PID=60274) to work on /opt/airflow/dags/spark_pipeline_dag.py
[2026-09-04T18:19:22.526+0000] {processor.py:830} INFO - Processing file /opt/airflow/dags/spark_pipeline_dag.py for tasks to queue
[2026-09-04T18:19:22.527+0000] {logging_mixin.py:188} INFO - [2026-09-04T18:19:22.527+0000] {dagbag.py:538} INFO - Filling up the DagBag from /opt/airflow/dags/spark_pipeline_dag.py
[2026-09-04T18:19:22.546+0000] {processor.py:840} INFO - DAG(s) 'air_quality_pipeline' retrieved from /opt/airflow/dags/spark_pipeline_dag.py
[2026-09-04T18:19:22.566+0000] {logging_mixin.py:188} INFO - [2026-09-04T18:19:22.566+0000] {dag.py:3036} INFO - Sync 1 DAGs
[2026-09-04T18:19:22.585+0000] {logging_mixin.py:188} INFO - [2026-09-04T18:19:22.585+0000] {dag.py:3823} INFO - Setting next_dagrun for air_quality_pipeline to 2026-09-04 18:05:00+00:00, run_after=2026-09-04 19:05:00+00:00
[2026-09-04T18:19:22.602+0000] {processor.py:183} INFO - Processing /opt/airflow/dags/spark_pipeline_dag.py took 0.080 seconds
[2026-09-04T18:19:53.248+0000] {processor.py:161} INFO - Started process (PID=60284) to work on /opt/airflow/dags/spark_pipeline_dag.py
[2026-09-04T18:19:53.249+0000] {processor.py:830} INFO - Processing file /opt/airflow/dags/spark_pipeline_dag.py for tasks to queue
[2026-09-04T18:19:53.251+0000] {logging_mixin.py:188} INFO - [2026-09-04T18:19:53.250+0000] {dagbag.py:538} INFO - Filling up the DagBag from /opt/airflow/dags/spark_pipeline_dag.py
[2026-09-04T18:19:53.270+0000] {processor.py:840} INFO - DAG(s) 'air_quality_pipeline' retrieved from /opt/airflow/dags/spark_pipeline_dag.py
[2026-09-04T18:19:53.289+0000] {logging_mixin.py:188} INFO - [2026-09-04T18:19:53.289+0000] {dag.py:3036} INFO - Sync 1 DAGs
[2026-09-04T18:19:53.308+0000] {logging_mixin.py:188} INFO - [2026-09-04T18:19:53.308+0000] {dag.py:3823} INFO - Setting next_dagrun for air_quality_pipeline to 2026-09-04 18:05:00+00:00, run_after=2026-09-04 19:05:00+00:00
[2026-09-04T18:19:53.326+0000] {processor.py:183} INFO - Processing /opt/airflow/dags/spark_pipeline_dag.py took 0.081 seconds
[2026-09-04T18:20:23.676+0000] {processor.py:161} INFO - Started process (PID=60294) to work on /opt/airflow/dags/spark_pipeline_dag.py
[2026-09-04T18:20:23.678+0000] {processor.py:830} INFO - Processing file /opt/airflow/dags/spark_pipeline_dag.py for tasks to queue
[2026-09-04T18:20:23.679+0000] {logging_mixin.py:188} INFO - [2026-09-04T18:20:23.679+0000] {dagbag.py:538} INFO - Filling up the DagBag from /opt/airflow/dags/spark_pipeline_dag.py
[2026-09-04T18:20:23.706+0000] {processor.py:840} INFO - DAG(s) 'air_quality_pipeline' retrieved from /opt/airflow/dags/spark_pipeline_dag.py
[2026-09-04T18:20:23.738+0000] {logging_mixin.py:188} INFO - [2026-09-04T18:20:23.737+0000] {dag.py:3036} INFO - Sync 1 DAGs
[2026-09-04T18:20:23.769+0000] {logging_mixin.py:188} INFO - [2026-09-04T18:20:23.768+0000] {dag.py:3823} INFO - Setting next_dagrun for air_quality_pipeline to 2026-09-04 18:05:00+00:00, run_after=2026-09-04 19:05:00+00:00
[2026-09-04T18:20:23.793+0000] {processor.py:183} INFO - Processing /opt/airflow/dags/spark_pipeline_dag.py took 0.120 seconds
[2026-09-04T18:20:54.205+0000] {processor.py:161} INFO - Started process (PID=60304) to work on /opt/airflow/dags/spark_pipeline_dag.py
[2026-09-04T18:20:54.207+0000] {processor.py:830} INFO - Processing file /opt/airflow/dags/spark_pipeline_dag.py for tasks to queue
[2026-09-04T18:20:54.208+0000] {logging_mixin.py:188} INFO - [2026-09-04T18:20:54.207+0000] {dagbag.py:538} INFO - Filling up the DagBag from /opt/airflow/dags/spark_pipeline_dag.py
[2026-09-04T18:20:54.227+0000] {processor.py:840} INFO - DAG(s) 'air_quality_pipeline' retrieved from /opt/airflow/dags/spark_pipeline_dag.py
[2026-09-04T18:20:54.248+0000] {logging_mixin.py:188} INFO - [2026-09-04T18:20:54.248+0000] {dag.py:3036} INFO - Sync 1 DAGs
[2026-09-04T18:20:54.270+0000] {logging_mixin.py:188} INFO - [2026-09-04T18:20:54.270+0000] {dag.py:3823} INFO - Setting next_dagrun for air_quality_pipeline to 2026-09-04 18:05:00+00:00, run_after=2026-09-04 19:05:00+00:00
[2026-09-04T18:20:54.290+0000] {processor.py:183} INFO - Processing /opt/airflow/dags/spark_pipeline_dag.py took 0.087 seconds
[2026-09-04T18:21:24.660+0000] {processor.py:161} INFO - Started process (PID=60314) to work on /opt/airflow/dags/spark_pipeline_dag.py
[2026-09-04T18:21:24.661+0000] {processor.py:830} INFO - Processing file /opt/airflow/dags/spark_pipeline_dag.py for tasks to queue
[2026-09-04T18:21:24.662+0000] {logging_mixin.py:188} INFO - [2026-09-04T18:21:24.662+0000] {dagbag.py:538} INFO - Filling up the DagBag from /opt/airflow/dags/spark_pipeline_dag.py
[2026-09-04T18:21:24.685+0000] {processor.py:840} INFO - DAG(s) 'air_quality_pipeline' retrieved from /opt/airflow/dags/spark_pipeline_dag.py
[2026-09-04T18:21:24.703+0000] {logging_mixin.py:188} INFO - [2026-09-04T18:21:24.703+0000] {dag.py:3036} INFO - Sync 1 DAGs
[2026-09-04T18:21:24.723+0000] {logging_mixin.py:188} INFO - [2026-09-04T18:21:24.723+0000] {dag.py:3823} INFO - Setting next_dagrun for air_quality_pipeline to 2026-09-04 18:05:00+00:00, run_after=2026-09-04 19:05:00+00:00
[2026-09-04T18:21:24.741+0000] {processor.py:183} INFO - Processing /opt/airflow/dags/spark_pipeline_dag.py took 0.083 seconds
[2026-09-04T18:21:55.051+0000] {processor.py:161} INFO - Started process (PID=60324) to work on /opt/airflow/dags/spark_pipeline_dag.py
[2026-09-04T18:21:55.052+0000] {processor.py:830} INFO - Processing file /opt/airflow/dags/spark_pipeline_dag.py for tasks to queue
[2026-09-04T18:21:55.053+0000] {logging_mixin.py:188} INFO - [2026-09-04T18:21:55.053+0000] {dagbag.py:538} INFO - Filling up the DagBag from /opt/airflow/dags/spark_pipeline_dag.py
[2026-09-04T18:21:55.079+0000] {processor.py:840} INFO - DAG(s) 'air_quality_pipeline' retrieved from /opt/airflow/dags/spark_pipeline_dag.py
[2026-09-04T18:21:55.100+0000] {logging_mixin.py:188} INFO - [2026-09-04T18:21:55.099+0000] {dag.py:3036} INFO - Sync 1 DAGs
[2026-09-04T18:21:55.122+0000] {logging_mixin.py:188} INFO - [2026-09-04T18:21:55.122+0000] {dag.py:3823} INFO - Setting next_dagrun for air_quality_pipeline to 2026-09-04 18:05:00+00:00, run_after=2026-09-04 19:05:00+00:00
[2026-09-04T18:21:55.142+0000] {processor.py:183} INFO - Processing /opt/airflow/dags/spark_pipeline_dag.py took 0.094 seconds
[2026-09-04T18:22:25.530+0000] {processor.py:161} INFO - Started process (PID=60334) to work on /opt/airflow/dags/spark_pipeline_dag.py
[2026-09-04T18:22:25.531+0000] {processor.py:830} INFO - Processing file /opt/airflow/dags/spark_pipeline_dag.py for tasks to queue
[2026-09-04T18:22:25.532+0000] {logging_mixin.py:188} INFO - [2026-09-04T18:22:25.532+0000] {dagbag.py:538} INFO - Filling up the DagBag from /opt/airflow/dags/spark_pipeline_dag.py
[2026-09-04T18:22:25.556+0000] {processor.py:840} INFO - DAG(s) 'air_quality_pipeline' retrieved from /opt/airflow/dags/spark_pipeline_dag.py
[2026-09-04T18:22:25.574+0000] {logging_mixin.py:188} INFO - [2026-09-04T18:22:25.574+0000] {dag.py:3036} INFO - Sync 1 DAGs
[2026-09-04T18:22:25.593+0000] {logging_mixin.py:188} INFO - [2026-09-04T18:22:25.593+0000] {dag.py:3823} INFO - Setting next_dagrun for air_quality_pipeline to 2026-09-04 18:05:00+00:00, run_after=2026-09-04 19:05:00+00:00
[2026-09-04T18:22:25.608+0000] {processor.py:183} INFO - Processing /opt/airflow/dags/spark_pipeline_dag.py took 0.081 seconds
[2026-09-04T18:22:56.035+0000] {processor.py:161} INFO - Started process (PID=60344) to work on /opt/airflow/dags/spark_pipeline_dag.py
[2026-09-04T18:22:56.036+0000] {processor.py:830} INFO - Processing file /opt/airflow/dags/spark_pipeline_dag.py for tasks to queue
[2026-09-04T18:22:56.037+0000] {logging_mixin.py:188} INFO - [2026-09-04T18:22:56.036+0000] {dagbag.py:538} INFO - Filling up the DagBag from /opt/airflow/dags/spark_pipeline_dag.py
[2026-09-04T18:22:56.059+0000] {processor.py:840} INFO - DAG(s) 'air_quality_pipeline' retrieved from /opt/airflow/dags/spark_pipeline_dag.py
[2026-09-04T18:22:56.079+0000] {logging_mixin.py:188} INFO - [2026-09-04T18:22:56.078+0000] {dag.py:3036} INFO - Sync 1 DAGs
[2026-09-04T18:22:56.098+0000] {logging_mixin.py:188} INFO - [2026-09-04T18:22:56.098+0000] {dag.py:3823} INFO - Setting next_dagrun for air_quality_pipeline to 2026-09-04 18:05:00+00:00, run_after=2026-09-04 19:05:00+00:00
[2026-09-04T18:22:56.118+0000] {processor.py:183} INFO - Processing /opt/airflow/dags/spark_pipeline_dag.py took 0.086 seconds
[2026-09-04T18:23:26.584+0000] {processor.py:161} INFO - Started process (PID=60354) to work on /opt/airflow/dags/spark_pipeline_dag.py
[2026-09-04T18:23:26.585+0000] {processor.py:830} INFO - Processing file /opt/airflow/dags/spark_pipeline_dag.py for tasks to queue
[2026-09-04T18:23:26.587+0000] {logging_mixin.py:188} INFO - [2026-09-04T18:23:26.586+0000] {dagbag.py:538} INFO - Filling up the DagBag from /opt/airflow/dags/spark_pipeline_dag.py
[2026-09-04T18:23:26.609+0000] {processor.py:840} INFO - DAG(s) 'air_quality_pipeline' retrieved from /opt/airflow/dags/spark_pipeline_dag.py
[2026-09-04T18:23:26.629+0000] {logging_mixin.py:188} INFO - [2026-09-04T18:23:26.628+0000] {dag.py:3036} INFO - Sync 1 DAGs
[2026-09-04T18:23:26.650+0000] {logging_mixin.py:188} INFO - [2026-09-04T18:23:26.650+0000] {dag.py:3823} INFO - Setting next_dagrun for air_quality_pipeline to 2026-09-04 18:05:00+00:00, run_after=2026-09-04 19:05:00+00:00
[2026-09-04T18:23:26.671+0000] {processor.py:183} INFO - Processing /opt/airflow/dags/spark_pipeline_dag.py took 0.090 seconds
[2026-09-04T18:23:57.239+0000] {processor.py:161} INFO - Started process (PID=60364) to work on /opt/airflow/dags/spark_pipeline_dag.py
[2026-09-04T18:23:57.243+0000] {processor.py:830} INFO - Processing file /opt/airflow/dags/spark_pipeline_dag.py for tasks to queue
[2026-09-04T18:23:57.246+0000] {logging_mixin.py:188} INFO - [2026-09-04T18:23:57.245+0000] {dagbag.py:538} INFO - Filling up the DagBag from /opt/airflow/dags/spark_pipeline_dag.py
[2026-09-04T18:23:57.272+0000] {processor.py:840} INFO - DAG(s) 'air_quality_pipeline' retrieved from /opt/airflow/dags/spark_pipeline_dag.py
[2026-09-04T18:23:57.292+0000] {logging_mixin.py:188} INFO - [2026-09-04T18:23:57.292+0000] {dag.py:3036} INFO - Sync 1 DAGs
[2026-09-04T18:23:57.313+0000] {logging_mixin.py:188} INFO - [2026-09-04T18:23:57.313+0000] {dag.py:3823} INFO - Setting next_dagrun for air_quality_pipeline to 2026-09-04 18:05:00+00:00, run_after=2026-09-04 19:05:00+00:00
[2026-09-04T18:23:57.330+0000] {processor.py:183} INFO - Processing /opt/airflow/dags/spark_pipeline_dag.py took 0.093 seconds
[2026-09-04T18:24:27.820+0000] {processor.py:161} INFO - Started process (PID=60374) to work on /opt/airflow/dags/spark_pipeline_dag.py
[2026-09-04T18:24:27.822+0000] {processor.py:830} INFO - Processing file /opt/airflow/dags/spark_pipeline_dag.py for tasks to queue
[2026-09-04T18:24:27.823+0000] {logging_mixin.py:188} INFO - [2026-09-04T18:24:27.823+0000] {dagbag.py:538} INFO - Filling up the DagBag from /opt/airflow/dags/spark_pipeline_dag.py
[2026-09-04T18:24:27.844+0000] {processor.py:840} INFO - DAG(s) 'air_quality_pipeline' retrieved from /opt/airflow/dags/spark_pipeline_dag.py
[2026-09-04T18:24:27.864+0000] {logging_mixin.py:188} INFO - [2026-09-04T18:24:27.864+0000] {dag.py:3036} INFO - Sync 1 DAGs
[2026-09-04T18:24:27.883+0000] {logging_mixin.py:188} INFO - [2026-09-04T18:24:27.883+0000] {dag.py:3823} INFO - Setting next_dagrun for air_quality_pipeline to 2026-09-04 18:05:00+00:00, run_after=2026-09-04 19:05:00+00:00
[2026-09-04T18:24:27.902+0000] {processor.py:183} INFO - Processing /opt/airflow/dags/spark_pipeline_dag.py took 0.084 seconds
[2026-09-04T18:24:58.408+0000] {processor.py:161} INFO - Started process (PID=60384) to work on /opt/airflow/dags/spark_pipeline_dag.py
[2026-09-04T18:24:58.409+0000] {processor.py:830} INFO - Processing file /opt/airflow/dags/spark_pipeline_dag.py for tasks to queue
[2026-09-04T18:24:58.410+0000] {logging_mixin.py:188} INFO - [2026-09-04T18:24:58.410+0000] {dagbag.py:538} INFO - Filling up the DagBag from /opt/airflow/dags/spark_pipeline_dag.py
[2026-09-04T18:24:58.432+0000] {processor.py:840} INFO - DAG(s) 'air_quality_pipeline' retrieved from /opt/airflow/dags/spark_pipeline_dag.py
[2026-09-04T18:24:58.451+0000] {logging_mixin.py:188} INFO - [2026-09-04T18:24:58.451+0000] {dag.py:3036} INFO - Sync 1 DAGs
[2026-09-04T18:24:58.471+0000] {logging_mixin.py:188} INFO - [2026-09-04T18:24:58.470+0000] {dag.py:3823} INFO - Setting next_dagrun for air_quality_pipeline to 2026-09-04 18:05:00+00:00, run_after=2026-09-04 19:05:00+00:00
[2026-09-04T18:24:58.491+0000] {processor.py:183} INFO - Processing /opt/airflow/dags/spark_pipeline_dag.py took 0.086 seconds
[2026-09-04T18:25:28.875+0000] {processor.py:161} INFO - Started process (PID=60394) to work on /opt/airflow/dags/spark_pipeline_dag.py
[2026-09-04T18:25:28.876+0000] {processor.py:830} INFO - Processing file /opt/airflow/dags/spark_pipeline_dag.py for tasks to queue
[2026-09-04T18:25:28.876+0000] {logging_mixin.py:188} INFO - [2026-09-04T18:25:28.876+0000] {dagbag.py:538} INFO - Filling up the DagBag from /opt/airflow/dags/spark_pipeline_dag.py
[2026-09-04T18:25:28.895+0000] {processor.py:840} INFO - DAG(s) 'air_quality_pipeline' retrieved from /opt/airflow/dags/spark_pipeline_dag.py
[2026-09-04T18:25:28.914+0000] {logging_mixin.py:188} INFO - [2026-09-04T18:25:28.913+0000] {dag.py:3036} INFO - Sync 1 DAGs
[2026-09-04T18:25:28.938+0000] {logging_mixin.py:188} INFO - [2026-09-04T18:25:28.938+0000] {dag.py:3823} INFO - Setting next_dagrun for air_quality_pipeline to 2026-09-04 18:05:00+00:00, run_after=2026-09-04 19:05:00+00:00
[2026-09-04T18:25:28.962+0000] {processor.py:183} INFO - Processing /opt/airflow/dags/spark_pipeline_dag.py took 0.089 seconds
[2026-09-04T18:25:59.319+0000] {processor.py:161} INFO - Started process (PID=60404) to work on /opt/airflow/dags/spark_pipeline_dag.py
[2026-09-04T18:25:59.322+0000] {processor.py:830} INFO - Processing file /opt/airflow/dags/spark_pipeline_dag.py for tasks to queue
[2026-09-04T18:25:59.323+0000] {logging_mixin.py:188} INFO - [2026-09-04T18:25:59.322+0000] {dagbag.py:538} INFO - Filling up the DagBag from /opt/airflow/dags/spark_pipeline_dag.py
[2026-09-04T18:25:59.339+0000] {processor.py:840} INFO - DAG(s) 'air_quality_pipeline' retrieved from /opt/airflow/dags/spark_pipeline_dag.py
[2026-09-04T18:25:59.357+0000] {logging_mixin.py:188} INFO - [2026-09-04T18:25:59.356+0000] {dag.py:3036} INFO - Sync 1 DAGs
[2026-09-04T18:25:59.376+0000] {logging_mixin.py:188} INFO - [2026-09-04T18:25:59.376+0000] {dag.py:3823} INFO - Setting next_dagrun for air_quality_pipeline to 2026-09-04 18:05:00+00:00, run_after=2026-09-04 19:05:00+00:00
[2026-09-04T18:25:59.392+0000] {processor.py:183} INFO - Processing /opt/airflow/dags/spark_pipeline_dag.py took 0.075 seconds
[2026-09-04T18:26:29.792+0000] {processor.py:161} INFO - Started process (PID=60414) to work on /opt/airflow/dags/spark_pipeline_dag.py
[2026-09-04T18:26:29.793+0000] {processor.py:830} INFO - Processing file /opt/airflow/dags/spark_pipeline_dag.py for tasks to queue
[2026-09-04T18:26:29.794+0000] {logging_mixin.py:188} INFO - [2026-09-04T18:26:29.794+0000] {dagbag.py:538} INFO - Filling up the DagBag from /opt/airflow/dags/spark_pipeline_dag.py
[2026-09-04T18:26:29.816+0000] {processor.py:840} INFO - DAG(s) 'air_quality_pipeline' retrieved from /opt/airflow/dags/spark_pipeline_dag.py
[2026-09-04T18:26:29.837+0000] {logging_mixin.py:188} INFO - [2026-09-04T18:26:29.837+0000] {dag.py:3036} INFO - Sync 1 DAGs
[2026-09-04T18:26:29.858+0000] {logging_mixin.py:188} INFO - [2026-09-04T18:26:29.858+0000] {dag.py:3823} INFO - Setting next_dagrun for air_quality_pipeline to 2026-09-04 18:05:00+00:00, run_after=2026-09-04 19:05:00+00:00
[2026-09-04T18:26:29.876+0000] {processor.py:183} INFO - Processing /opt/airflow/dags/spark_pipeline_dag.py took 0.087 seconds
[2026-09-04T18:27:00.198+0000] {processor.py:161} INFO - Started process (PID=60424) to work on /opt/airflow/dags/spark_pipeline_dag.py
[2026-09-04T18:27:00.199+0000] {processor.py:830} INFO - Processing file /opt/airflow/dags/spark_pipeline_dag.py for tasks to queue
[2026-09-04T18:27:00.200+0000] {logging_mixin.py:188} INFO - [2026-09-04T18:27:00.199+0000] {dagbag.py:538} INFO - Filling up the DagBag from /opt/airflow/dags/spark_pipeline_dag.py
[2026-09-04T18:27:00.219+0000] {processor.py:840} INFO - DAG(s) 'air_quality_pipeline' retrieved from /opt/airflow/dags/spark_pipeline_dag.py
[2026-09-04T18:27:00.236+0000] {logging_mixin.py:188} INFO - [2026-09-04T18:27:00.236+0000] {dag.py:3036} INFO - Sync 1 DAGs
[2026-09-04T18:27:00.255+0000] {logging_mixin.py:188} INFO - [2026-09-04T18:27:00.255+0000] {dag.py:3823} INFO - Setting next_dagrun for air_quality_pipeline to 2026-09-04 18:05:00+00:00, run_after=2026-09-04 19:05:00+00:00
[2026-09-04T18:27:00.273+0000] {processor.py:183} INFO - Processing /opt/airflow/dags/spark_pipeline_dag.py took 0.081 seconds
[2026-09-04T18:27:30.626+0000] {processor.py:161} INFO - Started process (PID=60434) to work on /opt/airflow/dags/spark_pipeline_dag.py
[2026-09-04T18:27:30.628+0000] {processor.py:830} INFO - Processing file /opt/airflow/dags/spark_pipeline_dag.py for tasks to queue
[2026-09-04T18:27:30.630+0000] {logging_mixin.py:188} INFO - [2026-09-04T18:27:30.630+0000] {dagbag.py:538} INFO - Filling up the DagBag from /opt/airflow/dags/spark_pipeline_dag.py
[2026-09-04T18:27:30.649+0000] {processor.py:840} INFO - DAG(s) 'air_quality_pipeline' retrieved from /opt/airflow/dags/spark_pipeline_dag.py
[2026-09-04T18:27:30.667+0000] {logging_mixin.py:188} INFO - [2026-09-04T18:27:30.666+0000] {dag.py:3036} INFO - Sync 1 DAGs
[2026-09-04T18:27:30.684+0000] {logging_mixin.py:188} INFO - [2026-09-04T18:27:30.684+0000] {dag.py:3823} INFO - Setting next_dagrun for air_quality_pipeline to 2026-09-04 18:05:00+00:00, run_after=2026-09-04 19:05:00+00:00
[2026-09-04T18:27:30.701+0000] {processor.py:183} INFO - Processing /opt/airflow/dags/spark_pipeline_dag.py took 0.078 seconds
[2026-09-04T18:28:01.049+0000] {processor.py:161} INFO - Started process (PID=60444) to work on /opt/airflow/dags/spark_pipeline_dag.py
[2026-09-04T18:28:01.050+0000] {processor.py:830} INFO - Processing file /opt/airflow/dags/spark_pipeline_dag.py for tasks to queue
[2026-09-04T18:28:01.051+0000] {logging_mixin.py:188} INFO - [2026-09-04T18:28:01.051+0000] {dagbag.py:538} INFO - Filling up the DagBag from /opt/airflow/dags/spark_pipeline_dag.py
[2026-09-04T18:28:01.068+0000] {processor.py:840} INFO - DAG(s) 'air_quality_pipeline' retrieved from /opt/airflow/dags/spark_pipeline_dag.py
[2026-09-04T18:28:01.085+0000] {logging_mixin.py:188} INFO - [2026-09-04T18:28:01.085+0000] {dag.py:3036} INFO - Sync 1 DAGs
[2026-09-04T18:28:01.103+0000] {logging_mixin.py:188} INFO - [2026-09-04T18:28:01.103+0000] {dag.py:3823} INFO - Setting next_dagrun for air_quality_pipeline to 2026-09-04 18:05:00+00:00, run_after=2026-09-04 19:05:00+00:00
[2026-09-04T18:28:01.122+0000] {processor.py:183} INFO - Processing /opt/airflow/dags/spark_pipeline_dag.py took 0.076 seconds
[2026-09-04T18:28:31.484+0000] {processor.py:161} INFO - Started process (PID=60454) to work on /opt/airflow/dags/spark_pipeline_dag.py
[2026-09-04T18:28:31.485+0000] {processor.py:830} INFO - Processing file /opt/airflow/dags/spark_pipeline_dag.py for tasks to queue
[2026-09-04T18:28:31.486+0000] {logging_mixin.py:188} INFO - [2026-09-04T18:28:31.486+0000] {dagbag.py:538} INFO - Filling up the DagBag from /opt/airflow/dags/spark_pipeline_dag.py
[2026-09-04T18:28:31.505+0000] {processor.py:840} INFO - DAG(s) 'air_quality_pipeline' retrieved from /opt/airflow/dags/spark_pipeline_dag.py
[2026-09-04T18:28:31.527+0000] {logging_mixin.py:188} INFO - [2026-09-04T18:28:31.527+0000] {dag.py:3036} INFO - Sync 1 DAGs
[2026-09-04T18:28:31.554+0000] {logging_mixin.py:188} INFO - [2026-09-04T18:28:31.554+0000] {dag.py:3823} INFO - Setting next_dagrun for air_quality_pipeline to 2026-09-04 18:05:00+00:00, run_after=2026-09-04 19:05:00+00:00
[2026-09-04T18:28:31.580+0000] {processor.py:183} INFO - Processing /opt/airflow/dags/spark_pipeline_dag.py took 0.098 seconds
[2026-09-04T18:29:02.142+0000] {processor.py:161} INFO - Started process (PID=60464) to work on /opt/airflow/dags/spark_pipeline_dag.py
[2026-09-04T18:29:02.144+0000] {processor.py:830} INFO - Processing file /opt/airflow/dags/spark_pipeline_dag.py for tasks to queue
[2026-09-04T18:29:02.146+0000] {logging_mixin.py:188} INFO - [2026-09-04T18:29:02.145+0000] {dagbag.py:538} INFO - Filling up the DagBag from /opt/airflow/dags/spark_pipeline_dag.py
[2026-09-04T18:29:02.169+0000] {processor.py:840} INFO - DAG(s) 'air_quality_pipeline' retrieved from /opt/airflow/dags/spark_pipeline_dag.py
[2026-09-04T18:29:02.185+0000] {logging_mixin.py:188} INFO - [2026-09-04T18:29:02.185+0000] {dag.py:3036} INFO - Sync 1 DAGs
[2026-09-04T18:29:02.206+0000] {logging_mixin.py:188} INFO - [2026-09-04T18:29:02.206+0000] {dag.py:3823} INFO - Setting next_dagrun for air_quality_pipeline to 2026-09-04 18:05:00+00:00, run_after=2026-09-04 19:05:00+00:00
[2026-09-04T18:29:02.221+0000] {processor.py:183} INFO - Processing /opt/airflow/dags/spark_pipeline_dag.py took 0.082 seconds
[2026-09-04T18:29:32.759+0000] {processor.py:161} INFO - Started process (PID=60474) to work on /opt/airflow/dags/spark_pipeline_dag.py
[2026-09-04T18:29:32.760+0000] {processor.py:830} INFO - Processing file /opt/airflow/dags/spark_pipeline_dag.py for tasks to queue
[2026-09-04T18:29:32.761+0000] {logging_mixin.py:188} INFO - [2026-09-04T18:29:32.761+0000] {dagbag.py:538} INFO - Filling up the DagBag from /opt/airflow/dags/spark_pipeline_dag.py
[2026-09-04T18:29:32.777+0000] {processor.py:840} INFO - DAG(s) 'air_quality_pipeline' retrieved from /opt/airflow/dags/spark_pipeline_dag.py
[2026-09-04T18:29:32.796+0000] {logging_mixin.py:188} INFO - [2026-09-04T18:29:32.796+0000] {dag.py:3036} INFO - Sync 1 DAGs
[2026-09-04T18:29:32.815+0000] {logging_mixin.py:188} INFO - [2026-09-04T18:29:32.815+0000] {dag.py:3823} INFO - Setting next_dagrun for air_quality_pipeline to 2026-09-04 18:05:00+00:00, run_after=2026-09-04 19:05:00+00:00
[2026-09-04T18:29:32.832+0000] {processor.py:183} INFO - Processing /opt/airflow/dags/spark_pipeline_dag.py took 0.076 seconds
[2026-09-04T18:30:03.352+0000] {processor.py:161} INFO - Started process (PID=60484) to work on /opt/airflow/dags/spark_pipeline_dag.py
[2026-09-04T18:30:03.353+0000] {processor.py:830} INFO - Processing file /opt/airflow/dags/spark_pipeline_dag.py for tasks to queue
[2026-09-04T18:30:03.354+0000] {logging_mixin.py:188} INFO - [2026-09-04T18:30:03.354+0000] {dagbag.py:538} INFO - Filling up the DagBag from /opt/airflow/dags/spark_pipeline_dag.py
[2026-09-04T18:30:03.377+0000] {processor.py:840} INFO - DAG(s) 'air_quality_pipeline' retrieved from /opt/airflow/dags/spark_pipeline_dag.py
[2026-09-04T18:30:03.398+0000] {logging_mixin.py:188} INFO - [2026-09-04T18:30:03.398+0000] {dag.py:3036} INFO - Sync 1 DAGs
[2026-09-04T18:30:03.419+0000] {logging_mixin.py:188} INFO - [2026-09-04T18:30:03.419+0000] {dag.py:3823} INFO - Setting next_dagrun for air_quality_pipeline to 2026-09-04 18:05:00+00:00, run_after=2026-09-04 19:05:00+00:00
[2026-09-04T18:30:03.439+0000] {processor.py:183} INFO - Processing /opt/airflow/dags/spark_pipeline_dag.py took 0.090 seconds
[2026-09-04T18:30:33.929+0000] {processor.py:161} INFO - Started process (PID=60494) to work on /opt/airflow/dags/spark_pipeline_dag.py
[2026-09-04T18:30:33.935+0000] {processor.py:830} INFO - Processing file /opt/airflow/dags/spark_pipeline_dag.py for tasks to queue
[2026-09-04T18:30:33.936+0000] {logging_mixin.py:188} INFO - [2026-09-04T18:30:33.936+0000] {dagbag.py:538} INFO - Filling up the DagBag from /opt/airflow/dags/spark_pipeline_dag.py
[2026-09-04T18:30:33.951+0000] {processor.py:840} INFO - DAG(s) 'air_quality_pipeline' retrieved from /opt/airflow/dags/spark_pipeline_dag.py
[2026-09-04T18:30:33.967+0000] {logging_mixin.py:188} INFO - [2026-09-04T18:30:33.967+0000] {dag.py:3036} INFO - Sync 1 DAGs
[2026-09-04T18:30:33.985+0000] {logging_mixin.py:188} INFO - [2026-09-04T18:30:33.985+0000] {dag.py:3823} INFO - Setting next_dagrun for air_quality_pipeline to 2026-09-04 18:05:00+00:00, run_after=2026-09-04 19:05:00+00:00
[2026-09-04T18:30:34.004+0000] {processor.py:183} INFO - Processing /opt/airflow/dags/spark_pipeline_dag.py took 0.077 seconds
[2026-09-04T18:31:04.460+0000] {processor.py:161} INFO - Started process (PID=60504) to work on /opt/airflow/dags/spark_pipeline_dag.py
[2026-09-04T18:31:04.461+0000] {processor.py:830} INFO - Processing file /opt/airflow/dags/spark_pipeline_dag.py for tasks to queue
[2026-09-04T18:31:04.462+0000] {logging_mixin.py:188} INFO - [2026-09-04T18:31:04.462+0000] {dagbag.py:538} INFO - Filling up the DagBag from /opt/airflow/dags/spark_pipeline_dag.py
[2026-09-04T18:31:04.488+0000] {processor.py:840} INFO - DAG(s) 'air_quality_pipeline' retrieved from /opt/airflow/dags/spark_pipeline_dag.py
[2026-09-04T18:31:04.510+0000] {logging_mixin.py:188} INFO - [2026-09-04T18:31:04.510+0000] {dag.py:3036} INFO - Sync 1 DAGs
[2026-09-04T18:31:04.534+0000] {logging_mixin.py:188} INFO - [2026-09-04T18:31:04.534+0000] {dag.py:3823} INFO - Setting next_dagrun for air_quality_pipeline to 2026-09-04 18:05:00+00:00, run_after=2026-09-04 19:05:00+00:00
[2026-09-04T18:31:04.555+0000] {processor.py:183} INFO - Processing /opt/airflow/dags/spark_pipeline_dag.py took 0.099 seconds
[2026-09-04T18:31:34.991+0000] {processor.py:161} INFO - Started process (PID=60514) to work on /opt/airflow/dags/spark_pipeline_dag.py
[2026-09-04T18:31:34.992+0000] {processor.py:830} INFO - Processing file /opt/airflow/dags/spark_pipeline_dag.py for tasks to queue
[2026-09-04T18:31:34.993+0000] {logging_mixin.py:188} INFO - [2026-09-04T18:31:34.993+0000] {dagbag.py:538} INFO - Filling up the DagBag from /opt/airflow/dags/spark_pipeline_dag.py
[2026-09-04T18:31:35.014+0000] {processor.py:840} INFO - DAG(s) 'air_quality_pipeline' retrieved from /opt/airflow/dags/spark_pipeline_dag.py
[2026-09-04T18:31:35.036+0000] {logging_mixin.py:188} INFO - [2026-09-04T18:31:35.036+0000] {dag.py:3036} INFO - Sync 1 DAGs
[2026-09-04T18:31:35.060+0000] {logging_mixin.py:188} INFO - [2026-09-04T18:31:35.060+0000] {dag.py:3823} INFO - Setting next_dagrun for air_quality_pipeline to 2026-09-04 18:05:00+00:00, run_after=2026-09-04 19:05:00+00:00
[2026-09-04T18:31:35.085+0000] {processor.py:183} INFO - Processing /opt/airflow/dags/spark_pipeline_dag.py took 0.097 seconds
[2026-09-04T18:32:05.585+0000] {processor.py:161} INFO - Started process (PID=60524) to work on /opt/airflow/dags/spark_pipeline_dag.py
[2026-09-04T18:32:05.586+0000] {processor.py:830} INFO - Processing file /opt/airflow/dags/spark_pipeline_dag.py for tasks to queue
[2026-09-04T18:32:05.587+0000] {logging_mixin.py:188} INFO - [2026-09-04T18:32:05.587+0000] {dagbag.py:538} INFO - Filling up the DagBag from /opt/airflow/dags/spark_pipeline_dag.py
[2026-09-04T18:32:05.606+0000] {processor.py:840} INFO - DAG(s) 'air_quality_pipeline' retrieved from /opt/airflow/dags/spark_pipeline_dag.py
[2026-09-04T18:32:05.625+0000] {logging_mixin.py:188} INFO - [2026-09-04T18:32:05.625+0000] {dag.py:3036} INFO - Sync 1 DAGs
[2026-09-04T18:32:05.647+0000] {logging_mixin.py:188} INFO - [2026-09-04T18:32:05.647+0000] {dag.py:3823} INFO - Setting next_dagrun for air_quality_pipeline to 2026-09-04 18:05:00+00:00, run_after=2026-09-04 19:05:00+00:00
[2026-09-04T18:32:05.666+0000] {processor.py:183} INFO - Processing /opt/airflow/dags/spark_pipeline_dag.py took 0.083 seconds
[2026-09-04T18:32:36.043+0000] {processor.py:161} INFO - Started process (PID=60534) to work on /opt/airflow/dags/spark_pipeline_dag.py
[2026-09-04T18:32:36.044+0000] {processor.py:830} INFO - Processing file /opt/airflow/dags/spark_pipeline_dag.py for tasks to queue
[2026-09-04T18:32:36.045+0000] {logging_mixin.py:188} INFO - [2026-09-04T18:32:36.045+0000] {dagbag.py:538} INFO - Filling up the DagBag from /opt/airflow/dags/spark_pipeline_dag.py
[2026-09-04T18:32:36.066+0000] {processor.py:840} INFO - DAG(s) 'air_quality_pipeline' retrieved from /opt/airflow/dags/spark_pipeline_dag.py
[2026-09-04T18:32:36.086+0000] {logging_mixin.py:188} INFO - [2026-09-04T18:32:36.086+0000] {dag.py:3036} INFO - Sync 1 DAGs
[2026-09-04T18:32:36.108+0000] {logging_mixin.py:188} INFO - [2026-09-04T18:32:36.108+0000] {dag.py:3823} INFO - Setting next_dagrun for air_quality_pipeline to 2026-09-04 18:05:00+00:00, run_after=2026-09-04 19:05:00+00:00
[2026-09-04T18:32:36.128+0000] {processor.py:183} INFO - Processing /opt/airflow/dags/spark_pipeline_dag.py took 0.088 seconds
[2026-09-04T18:33:06.485+0000] {processor.py:161} INFO - Started process (PID=60544) to work on /opt/airflow/dags/spark_pipeline_dag.py
[2026-09-04T18:33:06.486+0000] {processor.py:830} INFO - Processing file /opt/airflow/dags/spark_pipeline_dag.py for tasks to queue
[2026-09-04T18:33:06.487+0000] {logging_mixin.py:188} INFO - [2026-09-04T18:33:06.487+0000] {dagbag.py:538} INFO - Filling up the DagBag from /opt/airflow/dags/spark_pipeline_dag.py
[2026-09-04T18:33:06.509+0000] {processor.py:840} INFO - DAG(s) 'air_quality_pipeline' retrieved from /opt/airflow/dags/spark_pipeline_dag.py
[2026-09-04T18:33:06.532+0000] {logging_mixin.py:188} INFO - [2026-09-04T18:33:06.532+0000] {dag.py:3036} INFO - Sync 1 DAGs
[2026-09-04T18:33:06.553+0000] {logging_mixin.py:188} INFO - [2026-09-04T18:33:06.553+0000] {dag.py:3823} INFO - Setting next_dagrun for air_quality_pipeline to 2026-09-04 18:05:00+00:00, run_after=2026-09-04 19:05:00+00:00
[2026-09-04T18:33:06.571+0000] {processor.py:183} INFO - Processing /opt/airflow/dags/spark_pipeline_dag.py took 0.088 seconds
[2026-09-04T18:33:36.919+0000] {processor.py:161} INFO - Started process (PID=60554) to work on /opt/airflow/dags/spark_pipeline_dag.py
[2026-09-04T18:33:36.920+0000] {processor.py:830} INFO - Processing file /opt/airflow/dags/spark_pipeline_dag.py for tasks to queue
[2026-09-04T18:33:36.922+0000] {logging_mixin.py:188} INFO - [2026-09-04T18:33:36.921+0000] {dagbag.py:538} INFO - Filling up the DagBag from /opt/airflow/dags/spark_pipeline_dag.py
[2026-09-04T18:33:36.946+0000] {processor.py:840} INFO - DAG(s) 'air_quality_pipeline' retrieved from /opt/airflow/dags/spark_pipeline_dag.py
[2026-09-04T18:33:36.966+0000] {logging_mixin.py:188} INFO - [2026-09-04T18:33:36.966+0000] {dag.py:3036} INFO - Sync 1 DAGs
[2026-09-04T18:33:36.991+0000] {logging_mixin.py:188} INFO - [2026-09-04T18:33:36.991+0000] {dag.py:3823} INFO - Setting next_dagrun for air_quality_pipeline to 2026-09-04 18:05:00+00:00, run_after=2026-09-04 19:05:00+00:00
[2026-09-04T18:33:37.015+0000] {processor.py:183} INFO - Processing /opt/airflow/dags/spark_pipeline_dag.py took 0.099 seconds
[2026-09-04T18:34:07.377+0000] {processor.py:161} INFO - Started process (PID=60564) to work on /opt/airflow/dags/spark_pipeline_dag.py
[2026-09-04T18:34:07.378+0000] {processor.py:830} INFO - Processing file /opt/airflow/dags/spark_pipeline_dag.py for tasks to queue
[2026-09-04T18:34:07.380+0000] {logging_mixin.py:188} INFO - [2026-09-04T18:34:07.379+0000] {dagbag.py:538} INFO - Filling up the DagBag from /opt/airflow/dags/spark_pipeline_dag.py
[2026-09-04T18:34:07.405+0000] {processor.py:840} INFO - DAG(s) 'air_quality_pipeline' retrieved from /opt/airflow/dags/spark_pipeline_dag.py
[2026-09-04T18:34:07.425+0000] {logging_mixin.py:188} INFO - [2026-09-04T18:34:07.425+0000] {dag.py:3036} INFO - Sync 1 DAGs
[2026-09-04T18:34:07.446+0000] {logging_mixin.py:188} INFO - [2026-09-04T18:34:07.446+0000] {dag.py:3823} INFO - Setting next_dagrun for air_quality_pipeline to 2026-09-04 18:05:00+00:00, run_after=2026-09-04 19:05:00+00:00
[2026-09-04T18:34:07.469+0000] {processor.py:183} INFO - Processing /opt/airflow/dags/spark_pipeline_dag.py took 0.094 seconds
[2026-09-04T18:34:37.789+0000] {processor.py:161} INFO - Started process (PID=60574) to work on /opt/airflow/dags/spark_pipeline_dag.py
[2026-09-04T18:34:37.790+0000] {processor.py:830} INFO - Processing file /opt/airflow/dags/spark_pipeline_dag.py for tasks to queue
[2026-09-04T18:34:37.791+0000] {logging_mixin.py:188} INFO - [2026-09-04T18:34:37.791+0000] {dagbag.py:538} INFO - Filling up the DagBag from /opt/airflow/dags/spark_pipeline_dag.py
[2026-09-04T18:34:37.818+0000] {processor.py:840} INFO - DAG(s) 'air_quality_pipeline' retrieved from /opt/airflow/dags/spark_pipeline_dag.py
[2026-09-04T18:34:37.847+0000] {logging_mixin.py:188} INFO - [2026-09-04T18:34:37.847+0000] {dag.py:3036} INFO - Sync 1 DAGs
[2026-09-04T18:34:37.873+0000] {logging_mixin.py:188} INFO - [2026-09-04T18:34:37.873+0000] {dag.py:3823} INFO - Setting next_dagrun for air_quality_pipeline to 2026-09-04 18:05:00+00:00, run_after=2026-09-04 19:05:00+00:00
[2026-09-04T18:34:37.894+0000] {processor.py:183} INFO - Processing /opt/airflow/dags/spark_pipeline_dag.py took 0.109 seconds
[2026-09-04T18:35:08.220+0000] {processor.py:161} INFO - Started process (PID=60584) to work on /opt/airflow/dags/spark_pipeline_dag.py
[2026-09-04T18:35:08.221+0000] {processor.py:830} INFO - Processing file /opt/airflow/dags/spark_pipeline_dag.py for tasks to queue
[2026-09-04T18:35:08.222+0000] {logging_mixin.py:188} INFO - [2026-09-04T18:35:08.222+0000] {dagbag.py:538} INFO - Filling up the DagBag from /opt/airflow/dags/spark_pipeline_dag.py
[2026-09-04T18:35:08.244+0000] {processor.py:840} INFO - DAG(s) 'air_quality_pipeline' retrieved from /opt/airflow/dags/spark_pipeline_dag.py
[2026-09-04T18:35:08.263+0000] {logging_mixin.py:188} INFO - [2026-09-04T18:35:08.263+0000] {dag.py:3036} INFO - Sync 1 DAGs
[2026-09-04T18:35:08.283+0000] {logging_mixin.py:188} INFO - [2026-09-04T18:35:08.283+0000] {dag.py:3823} INFO - Setting next_dagrun for air_quality_pipeline to 2026-09-04 18:05:00+00:00, run_after=2026-09-04 19:05:00+00:00
[2026-09-04T18:35:08.301+0000] {processor.py:183} INFO - Processing /opt/airflow/dags/spark_pipeline_dag.py took 0.083 seconds
[2026-09-04T18:35:38.715+0000] {processor.py:161} INFO - Started process (PID=60594) to work on /opt/airflow/dags/spark_pipeline_dag.py
[2026-09-04T18:35:38.716+0000] {processor.py:830} INFO - Processing file /opt/airflow/dags/spark_pipeline_dag.py for tasks to queue
[2026-09-04T18:35:38.717+0000] {logging_mixin.py:188} INFO - [2026-09-04T18:35:38.717+0000] {dagbag.py:538} INFO - Filling up the DagBag from /opt/airflow/dags/spark_pipeline_dag.py
[2026-09-04T18:35:38.742+0000] {processor.py:840} INFO - DAG(s) 'air_quality_pipeline' retrieved from /opt/airflow/dags/spark_pipeline_dag.py
[2026-09-04T18:35:38.764+0000] {logging_mixin.py:188} INFO - [2026-09-04T18:35:38.764+0000] {dag.py:3036} INFO - Sync 1 DAGs
[2026-09-04T18:35:38.787+0000] {logging_mixin.py:188} INFO - [2026-09-04T18:35:38.787+0000] {dag.py:3823} INFO - Setting next_dagrun for air_quality_pipeline to 2026-09-04 18:05:00+00:00, run_after=2026-09-04 19:05:00+00:00
[2026-09-04T18:35:38.807+0000] {processor.py:183} INFO - Processing /opt/airflow/dags/spark_pipeline_dag.py took 0.096 seconds
[2026-09-04T18:36:09.179+0000] {processor.py:161} INFO - Started process (PID=60604) to work on /opt/airflow/dags/spark_pipeline_dag.py
[2026-09-04T18:36:09.180+0000] {processor.py:830} INFO - Processing file /opt/airflow/dags/spark_pipeline_dag.py for tasks to queue
[2026-09-04T18:36:09.181+0000] {logging_mixin.py:188} INFO - [2026-09-04T18:36:09.181+0000] {dagbag.py:538} INFO - Filling up the DagBag from /opt/airflow/dags/spark_pipeline_dag.py
[2026-09-04T18:36:09.202+0000] {processor.py:840} INFO - DAG(s) 'air_quality_pipeline' retrieved from /opt/airflow/dags/spark_pipeline_dag.py
[2026-09-04T18:36:09.221+0000] {logging_mixin.py:188} INFO - [2026-09-04T18:36:09.221+0000] {dag.py:3036} INFO - Sync 1 DAGs
[2026-09-04T18:36:09.241+0000] {logging_mixin.py:188} INFO - [2026-09-04T18:36:09.241+0000] {dag.py:3823} INFO - Setting next_dagrun for air_quality_pipeline to 2026-09-04 18:05:00+00:00, run_after=2026-09-04 19:05:00+00:00
[2026-09-04T18:36:09.259+0000] {processor.py:183} INFO - Processing /opt/airflow/dags/spark_pipeline_dag.py took 0.083 seconds
[2026-09-04T18:36:39.606+0000] {processor.py:161} INFO - Started process (PID=60614) to work on /opt/airflow/dags/spark_pipeline_dag.py
[2026-09-04T18:36:39.607+0000] {processor.py:830} INFO - Processing file /opt/airflow/dags/spark_pipeline_dag.py for tasks to queue
[2026-09-04T18:36:39.608+0000] {logging_mixin.py:188} INFO - [2026-09-04T18:36:39.608+0000] {dagbag.py:538} INFO - Filling up the DagBag from /opt/airflow/dags/spark_pipeline_dag.py
[2026-09-04T18:36:39.638+0000] {processor.py:840} INFO - DAG(s) 'air_quality_pipeline' retrieved from /opt/airflow/dags/spark_pipeline_dag.py
[2026-09-04T18:36:39.663+0000] {logging_mixin.py:188} INFO - [2026-09-04T18:36:39.662+0000] {dag.py:3036} INFO - Sync 1 DAGs
[2026-09-04T18:36:39.684+0000] {logging_mixin.py:188} INFO - [2026-09-04T18:36:39.684+0000] {dag.py:3823} INFO - Setting next_dagrun for air_quality_pipeline to 2026-09-04 18:05:00+00:00, run_after=2026-09-04 19:05:00+00:00
[2026-09-04T18:36:39.704+0000] {processor.py:183} INFO - Processing /opt/airflow/dags/spark_pipeline_dag.py took 0.101 seconds
[2026-09-04T18:37:10.177+0000] {processor.py:161} INFO - Started process (PID=60624) to work on /opt/airflow/dags/spark_pipeline_dag.py
[2026-09-04T18:37:10.178+0000] {processor.py:830} INFO - Processing file /opt/airflow/dags/spark_pipeline_dag.py for tasks to queue
[2026-09-04T18:37:10.179+0000] {logging_mixin.py:188} INFO - [2026-09-04T18:37:10.179+0000] {dagbag.py:538} INFO - Filling up the DagBag from /opt/airflow/dags/spark_pipeline_dag.py
[2026-09-04T18:37:10.199+0000] {processor.py:840} INFO - DAG(s) 'air_quality_pipeline' retrieved from /opt/airflow/dags/spark_pipeline_dag.py
[2026-09-04T18:37:10.219+0000] {logging_mixin.py:188} INFO - [2026-09-04T18:37:10.219+0000] {dag.py:3036} INFO - Sync 1 DAGs
[2026-09-04T18:37:10.240+0000] {logging_mixin.py:188} INFO - [2026-09-04T18:37:10.240+0000] {dag.py:3823} INFO - Setting next_dagrun for air_quality_pipeline to 2026-09-04 18:05:00+00:00, run_after=2026-09-04 19:05:00+00:00
[2026-09-04T18:37:10.260+0000] {processor.py:183} INFO - Processing /opt/airflow/dags/spark_pipeline_dag.py took 0.086 seconds
[2026-09-04T18:37:40.694+0000] {processor.py:161} INFO - Started process (PID=60634) to work on /opt/airflow/dags/spark_pipeline_dag.py
[2026-09-04T18:37:40.695+0000] {processor.py:830} INFO - Processing file /opt/airflow/dags/spark_pipeline_dag.py for tasks to queue
[2026-09-04T18:37:40.696+0000] {logging_mixin.py:188} INFO - [2026-09-04T18:37:40.696+0000] {dagbag.py:538} INFO - Filling up the DagBag from /opt/airflow/dags/spark_pipeline_dag.py
[2026-09-04T18:37:40.717+0000] {processor.py:840} INFO - DAG(s) 'air_quality_pipeline' retrieved from /opt/airflow/dags/spark_pipeline_dag.py
[2026-09-04T18:37:40.736+0000] {logging_mixin.py:188} INFO - [2026-09-04T18:37:40.736+0000] {dag.py:3036} INFO - Sync 1 DAGs
[2026-09-04T18:37:40.759+0000] {logging_mixin.py:188} INFO - [2026-09-04T18:37:40.759+0000] {dag.py:3823} INFO - Setting next_dagrun for air_quality_pipeline to 2026-09-04 18:05:00+00:00, run_after=2026-09-04 19:05:00+00:00
[2026-09-04T18:37:40.780+0000] {processor.py:183} INFO - Processing /opt/airflow/dags/spark_pipeline_dag.py took 0.088 seconds
[2026-09-04T18:38:11.220+0000] {processor.py:161} INFO - Started process (PID=60644) to work on /opt/airflow/dags/spark_pipeline_dag.py
[2026-09-04T18:38:11.222+0000] {processor.py:830} INFO - Processing file /opt/airflow/dags/spark_pipeline_dag.py for tasks to queue
[2026-09-04T18:38:11.222+0000] {logging_mixin.py:188} INFO - [2026-09-04T18:38:11.222+0000] {dagbag.py:538} INFO - Filling up the DagBag from /opt/airflow/dags/spark_pipeline_dag.py
[2026-09-04T18:38:11.243+0000] {processor.py:840} INFO - DAG(s) 'air_quality_pipeline' retrieved from /opt/airflow/dags/spark_pipeline_dag.py
[2026-09-04T18:38:11.261+0000] {logging_mixin.py:188} INFO - [2026-09-04T18:38:11.260+0000] {dag.py:3036} INFO - Sync 1 DAGs
[2026-09-04T18:38:11.280+0000] {logging_mixin.py:188} INFO - [2026-09-04T18:38:11.280+0000] {dag.py:3823} INFO - Setting next_dagrun for air_quality_pipeline to 2026-09-04 18:05:00+00:00, run_after=2026-09-04 19:05:00+00:00
[2026-09-04T18:38:11.298+0000] {processor.py:183} INFO - Processing /opt/airflow/dags/spark_pipeline_dag.py took 0.080 seconds
[2026-09-04T18:38:41.695+0000] {processor.py:161} INFO - Started process (PID=60654) to work on /opt/airflow/dags/spark_pipeline_dag.py
[2026-09-04T18:38:41.696+0000] {processor.py:830} INFO - Processing file /opt/airflow/dags/spark_pipeline_dag.py for tasks to queue
[2026-09-04T18:38:41.697+0000] {logging_mixin.py:188} INFO - [2026-09-04T18:38:41.697+0000] {dagbag.py:538} INFO - Filling up the DagBag from /opt/airflow/dags/spark_pipeline_dag.py
[2026-09-04T18:38:41.719+0000] {processor.py:840} INFO - DAG(s) 'air_quality_pipeline' retrieved from /opt/airflow/dags/spark_pipeline_dag.py
[2026-09-04T18:38:41.742+0000] {logging_mixin.py:188} INFO - [2026-09-04T18:38:41.742+0000] {dag.py:3036} INFO - Sync 1 DAGs
[2026-09-04T18:38:41.769+0000] {logging_mixin.py:188} INFO - [2026-09-04T18:38:41.769+0000] {dag.py:3823} INFO - Setting next_dagrun for air_quality_pipeline to 2026-09-04 18:05:00+00:00, run_after=2026-09-04 19:05:00+00:00
[2026-09-04T18:38:41.790+0000] {processor.py:183} INFO - Processing /opt/airflow/dags/spark_pipeline_dag.py took 0.098 seconds
[2026-09-04T18:39:12.298+0000] {processor.py:161} INFO - Started process (PID=60664) to work on /opt/airflow/dags/spark_pipeline_dag.py
[2026-09-04T18:39:12.300+0000] {processor.py:830} INFO - Processing file /opt/airflow/dags/spark_pipeline_dag.py for tasks to queue
[2026-09-04T18:39:12.301+0000] {logging_mixin.py:188} INFO - [2026-09-04T18:39:12.301+0000] {dagbag.py:538} INFO - Filling up the DagBag from /opt/airflow/dags/spark_pipeline_dag.py
[2026-09-04T18:39:12.326+0000] {processor.py:840} INFO - DAG(s) 'air_quality_pipeline' retrieved from /opt/airflow/dags/spark_pipeline_dag.py
[2026-09-04T18:39:12.344+0000] {logging_mixin.py:188} INFO - [2026-09-04T18:39:12.343+0000] {dag.py:3036} INFO - Sync 1 DAGs
[2026-09-04T18:39:12.366+0000] {logging_mixin.py:188} INFO - [2026-09-04T18:39:12.366+0000] {dag.py:3823} INFO - Setting next_dagrun for air_quality_pipeline to 2026-09-04 18:05:00+00:00, run_after=2026-09-04 19:05:00+00:00
[2026-09-04T18:39:12.392+0000] {processor.py:183} INFO - Processing /opt/airflow/dags/spark_pipeline_dag.py took 0.097 seconds
[2026-09-04T18:39:42.869+0000] {processor.py:161} INFO - Started process (PID=60674) to work on /opt/airflow/dags/spark_pipeline_dag.py
[2026-09-04T18:39:42.870+0000] {processor.py:830} INFO - Processing file /opt/airflow/dags/spark_pipeline_dag.py for tasks to queue
[2026-09-04T18:39:42.871+0000] {logging_mixin.py:188} INFO - [2026-09-04T18:39:42.871+0000] {dagbag.py:538} INFO - Filling up the DagBag from /opt/airflow/dags/spark_pipeline_dag.py
[2026-09-04T18:39:42.891+0000] {processor.py:840} INFO - DAG(s) 'air_quality_pipeline' retrieved from /opt/airflow/dags/spark_pipeline_dag.py
[2026-09-04T18:39:42.910+0000] {logging_mixin.py:188} INFO - [2026-09-04T18:39:42.910+0000] {dag.py:3036} INFO - Sync 1 DAGs
[2026-09-04T18:39:42.931+0000] {logging_mixin.py:188} INFO - [2026-09-04T18:39:42.931+0000] {dag.py:3823} INFO - Setting next_dagrun for air_quality_pipeline to 2026-09-04 18:05:00+00:00, run_after=2026-09-04 19:05:00+00:00
[2026-09-04T18:39:42.954+0000] {processor.py:183} INFO - Processing /opt/airflow/dags/spark_pipeline_dag.py took 0.088 seconds
[2026-09-04T18:40:13.370+0000] {processor.py:161} INFO - Started process (PID=60684) to work on /opt/airflow/dags/spark_pipeline_dag.py
[2026-09-04T18:40:13.371+0000] {processor.py:830} INFO - Processing file /opt/airflow/dags/spark_pipeline_dag.py for tasks to queue
[2026-09-04T18:40:13.372+0000] {logging_mixin.py:188} INFO - [2026-09-04T18:40:13.371+0000] {dagbag.py:538} INFO - Filling up the DagBag from /opt/airflow/dags/spark_pipeline_dag.py
[2026-09-04T18:40:13.393+0000] {processor.py:840} INFO - DAG(s) 'air_quality_pipeline' retrieved from /opt/airflow/dags/spark_pipeline_dag.py
[2026-09-04T18:40:13.411+0000] {logging_mixin.py:188} INFO - [2026-09-04T18:40:13.411+0000] {dag.py:3036} INFO - Sync 1 DAGs
[2026-09-04T18:40:13.430+0000] {logging_mixin.py:188} INFO - [2026-09-04T18:40:13.430+0000] {dag.py:3823} INFO - Setting next_dagrun for air_quality_pipeline to 2026-09-04 18:05:00+00:00, run_after=2026-09-04 19:05:00+00:00
[2026-09-04T18:40:13.448+0000] {processor.py:183} INFO - Processing /opt/airflow/dags/spark_pipeline_dag.py took 0.081 seconds
[2026-09-04T18:40:43.813+0000] {processor.py:161} INFO - Started process (PID=60694) to work on /opt/airflow/dags/spark_pipeline_dag.py
[2026-09-04T18:40:43.814+0000] {processor.py:830} INFO - Processing file /opt/airflow/dags/spark_pipeline_dag.py for tasks to queue
[2026-09-04T18:40:43.815+0000] {logging_mixin.py:188} INFO - [2026-09-04T18:40:43.815+0000] {dagbag.py:538} INFO - Filling up the DagBag from /opt/airflow/dags/spark_pipeline_dag.py
[2026-09-04T18:40:43.841+0000] {processor.py:840} INFO - DAG(s) 'air_quality_pipeline' retrieved from /opt/airflow/dags/spark_pipeline_dag.py
[2026-09-04T18:40:43.862+0000] {logging_mixin.py:188} INFO - [2026-09-04T18:40:43.862+0000] {dag.py:3036} INFO - Sync 1 DAGs
[2026-09-04T18:40:43.886+0000] {logging_mixin.py:188} INFO - [2026-09-04T18:40:43.886+0000] {dag.py:3823} INFO - Setting next_dagrun for air_quality_pipeline to 2026-09-04 18:05:00+00:00, run_after=2026-09-04 19:05:00+00:00
[2026-09-04T18:40:43.916+0000] {processor.py:183} INFO - Processing /opt/airflow/dags/spark_pipeline_dag.py took 0.106 seconds
[2026-09-04T18:41:14.258+0000] {processor.py:161} INFO - Started process (PID=60704) to work on /opt/airflow/dags/spark_pipeline_dag.py
[2026-09-04T18:41:14.259+0000] {processor.py:830} INFO - Processing file /opt/airflow/dags/spark_pipeline_dag.py for tasks to queue
[2026-09-04T18:41:14.260+0000] {logging_mixin.py:188} INFO - [2026-09-04T18:41:14.259+0000] {dagbag.py:538} INFO - Filling up the DagBag from /opt/airflow/dags/spark_pipeline_dag.py
[2026-09-04T18:41:14.280+0000] {processor.py:840} INFO - DAG(s) 'air_quality_pipeline' retrieved from /opt/airflow/dags/spark_pipeline_dag.py
[2026-09-04T18:41:14.301+0000] {logging_mixin.py:188} INFO - [2026-09-04T18:41:14.301+0000] {dag.py:3036} INFO - Sync 1 DAGs
[2026-09-04T18:41:14.321+0000] {logging_mixin.py:188} INFO - [2026-09-04T18:41:14.321+0000] {dag.py:3823} INFO - Setting next_dagrun for air_quality_pipeline to 2026-09-04 18:05:00+00:00, run_after=2026-09-04 19:05:00+00:00
[2026-09-04T18:41:14.341+0000] {processor.py:183} INFO - Processing /opt/airflow/dags/spark_pipeline_dag.py took 0.086 seconds
[2026-09-04T18:41:44.703+0000] {processor.py:161} INFO - Started process (PID=60714) to work on /opt/airflow/dags/spark_pipeline_dag.py
[2026-09-04T18:41:44.704+0000] {processor.py:830} INFO - Processing file /opt/airflow/dags/spark_pipeline_dag.py for tasks to queue
[2026-09-04T18:41:44.705+0000] {logging_mixin.py:188} INFO - [2026-09-04T18:41:44.704+0000] {dagbag.py:538} INFO - Filling up the DagBag from /opt/airflow/dags/spark_pipeline_dag.py
[2026-09-04T18:41:44.724+0000] {processor.py:840} INFO - DAG(s) 'air_quality_pipeline' retrieved from /opt/airflow/dags/spark_pipeline_dag.py
[2026-09-04T18:41:44.743+0000] {logging_mixin.py:188} INFO - [2026-09-04T18:41:44.743+0000] {dag.py:3036} INFO - Sync 1 DAGs
[2026-09-04T18:41:44.764+0000] {logging_mixin.py:188} INFO - [2026-09-04T18:41:44.764+0000] {dag.py:3823} INFO - Setting next_dagrun for air_quality_pipeline to 2026-09-04 18:05:00+00:00, run_after=2026-09-04 19:05:00+00:00
[2026-09-04T18:41:44.784+0000] {processor.py:183} INFO - Processing /opt/airflow/dags/spark_pipeline_dag.py took 0.084 seconds
[2026-09-04T18:42:15.241+0000] {processor.py:161} INFO - Started process (PID=60724) to work on /opt/airflow/dags/spark_pipeline_dag.py
[2026-09-04T18:42:15.242+0000] {processor.py:830} INFO - Processing file /opt/airflow/dags/spark_pipeline_dag.py for tasks to queue
[2026-09-04T18:42:15.243+0000] {logging_mixin.py:188} INFO - [2026-09-04T18:42:15.242+0000] {dagbag.py:538} INFO - Filling up the DagBag from /opt/airflow/dags/spark_pipeline_dag.py
[2026-09-04T18:42:15.262+0000] {processor.py:840} INFO - DAG(s) 'air_quality_pipeline' retrieved from /opt/airflow/dags/spark_pipeline_dag.py
[2026-09-04T18:42:15.282+0000] {logging_mixin.py:188} INFO - [2026-09-04T18:42:15.281+0000] {dag.py:3036} INFO - Sync 1 DAGs
[2026-09-04T18:42:15.301+0000] {logging_mixin.py:188} INFO - [2026-09-04T18:42:15.301+0000] {dag.py:3823} INFO - Setting next_dagrun for air_quality_pipeline to 2026-09-04 18:05:00+00:00, run_after=2026-09-04 19:05:00+00:00
[2026-09-04T18:42:15.320+0000] {processor.py:183} INFO - Processing /opt/airflow/dags/spark_pipeline_dag.py took 0.082 seconds
[2026-09-04T18:42:45.738+0000] {processor.py:161} INFO - Started process (PID=60734) to work on /opt/airflow/dags/spark_pipeline_dag.py
[2026-09-04T18:42:45.739+0000] {processor.py:830} INFO - Processing file /opt/airflow/dags/spark_pipeline_dag.py for tasks to queue
[2026-09-04T18:42:45.739+0000] {logging_mixin.py:188} INFO - [2026-09-04T18:42:45.739+0000] {dagbag.py:538} INFO - Filling up the DagBag from /opt/airflow/dags/spark_pipeline_dag.py
[2026-09-04T18:42:45.759+0000] {processor.py:840} INFO - DAG(s) 'air_quality_pipeline' retrieved from /opt/airflow/dags/spark_pipeline_dag.py
[2026-09-04T18:42:45.781+0000] {logging_mixin.py:188} INFO - [2026-09-04T18:42:45.781+0000] {dag.py:3036} INFO - Sync 1 DAGs
[2026-09-04T18:42:45.805+0000] {logging_mixin.py:188} INFO - [2026-09-04T18:42:45.805+0000] {dag.py:3823} INFO - Setting next_dagrun for air_quality_pipeline to 2026-09-04 18:05:00+00:00, run_after=2026-09-04 19:05:00+00:00
[2026-09-04T18:42:45.827+0000] {processor.py:183} INFO - Processing /opt/airflow/dags/spark_pipeline_dag.py took 0.093 seconds
[2026-09-04T18:43:16.253+0000] {processor.py:161} INFO - Started process (PID=60744) to work on /opt/airflow/dags/spark_pipeline_dag.py
[2026-09-04T18:43:16.254+0000] {processor.py:830} INFO - Processing file /opt/airflow/dags/spark_pipeline_dag.py for tasks to queue
[2026-09-04T18:43:16.256+0000] {logging_mixin.py:188} INFO - [2026-09-04T18:43:16.256+0000] {dagbag.py:538} INFO - Filling up the DagBag from /opt/airflow/dags/spark_pipeline_dag.py
[2026-09-04T18:43:16.283+0000] {processor.py:840} INFO - DAG(s) 'air_quality_pipeline' retrieved from /opt/airflow/dags/spark_pipeline_dag.py
[2026-09-04T18:43:16.303+0000] {logging_mixin.py:188} INFO - [2026-09-04T18:43:16.303+0000] {dag.py:3036} INFO - Sync 1 DAGs
[2026-09-04T18:43:16.323+0000] {logging_mixin.py:188} INFO - [2026-09-04T18:43:16.323+0000] {dag.py:3823} INFO - Setting next_dagrun for air_quality_pipeline to 2026-09-04 18:05:00+00:00, run_after=2026-09-04 19:05:00+00:00
[2026-09-04T18:43:16.343+0000] {processor.py:183} INFO - Processing /opt/airflow/dags/spark_pipeline_dag.py took 0.093 seconds
[2026-09-04T18:43:46.811+0000] {processor.py:161} INFO - Started process (PID=60754) to work on /opt/airflow/dags/spark_pipeline_dag.py
[2026-09-04T18:43:46.812+0000] {processor.py:830} INFO - Processing file /opt/airflow/dags/spark_pipeline_dag.py for tasks to queue
[2026-09-04T18:43:46.813+0000] {logging_mixin.py:188} INFO - [2026-09-04T18:43:46.813+0000] {dagbag.py:538} INFO - Filling up the DagBag from /opt/airflow/dags/spark_pipeline_dag.py
[2026-09-04T18:43:46.835+0000] {processor.py:840} INFO - DAG(s) 'air_quality_pipeline' retrieved from /opt/airflow/dags/spark_pipeline_dag.py
[2026-09-04T18:43:46.852+0000] {logging_mixin.py:188} INFO - [2026-09-04T18:43:46.852+0000] {dag.py:3036} INFO - Sync 1 DAGs
[2026-09-04T18:43:46.873+0000] {logging_mixin.py:188} INFO - [2026-09-04T18:43:46.873+0000] {dag.py:3823} INFO - Setting next_dagrun for air_quality_pipeline to 2026-09-04 18:05:00+00:00, run_after=2026-09-04 19:05:00+00:00
[2026-09-04T18:43:46.897+0000] {processor.py:183} INFO - Processing /opt/airflow/dags/spark_pipeline_dag.py took 0.088 seconds
[2026-09-04T18:44:17.357+0000] {processor.py:161} INFO - Started process (PID=60764) to work on /opt/airflow/dags/spark_pipeline_dag.py
[2026-09-04T18:44:17.358+0000] {processor.py:830} INFO - Processing file /opt/airflow/dags/spark_pipeline_dag.py for tasks to queue
[2026-09-04T18:44:17.359+0000] {logging_mixin.py:188} INFO - [2026-09-04T18:44:17.358+0000] {dagbag.py:538} INFO - Filling up the DagBag from /opt/airflow/dags/spark_pipeline_dag.py
[2026-09-04T18:44:17.378+0000] {processor.py:840} INFO - DAG(s) 'air_quality_pipeline' retrieved from /opt/airflow/dags/spark_pipeline_dag.py
[2026-09-04T18:44:17.398+0000] {logging_mixin.py:188} INFO - [2026-09-04T18:44:17.398+0000] {dag.py:3036} INFO - Sync 1 DAGs
[2026-09-04T18:44:17.418+0000] {logging_mixin.py:188} INFO - [2026-09-04T18:44:17.418+0000] {dag.py:3823} INFO - Setting next_dagrun for air_quality_pipeline to 2026-09-04 18:05:00+00:00, run_after=2026-09-04 19:05:00+00:00
[2026-09-04T18:44:17.437+0000] {processor.py:183} INFO - Processing /opt/airflow/dags/spark_pipeline_dag.py took 0.083 seconds
[2026-09-04T18:44:47.890+0000] {processor.py:161} INFO - Started process (PID=60774) to work on /opt/airflow/dags/spark_pipeline_dag.py
[2026-09-04T18:44:47.891+0000] {processor.py:830} INFO - Processing file /opt/airflow/dags/spark_pipeline_dag.py for tasks to queue
[2026-09-04T18:44:47.892+0000] {logging_mixin.py:188} INFO - [2026-09-04T18:44:47.892+0000] {dagbag.py:538} INFO - Filling up the DagBag from /opt/airflow/dags/spark_pipeline_dag.py
[2026-09-04T18:44:47.913+0000] {processor.py:840} INFO - DAG(s) 'air_quality_pipeline' retrieved from /opt/airflow/dags/spark_pipeline_dag.py
[2026-09-04T18:44:47.932+0000] {logging_mixin.py:188} INFO - [2026-09-04T18:44:47.932+0000] {dag.py:3036} INFO - Sync 1 DAGs
[2026-09-04T18:44:47.954+0000] {logging_mixin.py:188} INFO - [2026-09-04T18:44:47.953+0000] {dag.py:3823} INFO - Setting next_dagrun for air_quality_pipeline to 2026-09-04 18:05:00+00:00, run_after=2026-09-04 19:05:00+00:00
[2026-09-04T18:44:47.971+0000] {processor.py:183} INFO - Processing /opt/airflow/dags/spark_pipeline_dag.py took 0.084 seconds
[2026-09-04T18:45:18.502+0000] {processor.py:161} INFO - Started process (PID=60784) to work on /opt/airflow/dags/spark_pipeline_dag.py
[2026-09-04T18:45:18.503+0000] {processor.py:830} INFO - Processing file /opt/airflow/dags/spark_pipeline_dag.py for tasks to queue
[2026-09-04T18:45:18.505+0000] {logging_mixin.py:188} INFO - [2026-09-04T18:45:18.505+0000] {dagbag.py:538} INFO - Filling up the DagBag from /opt/airflow/dags/spark_pipeline_dag.py
[2026-09-04T18:45:18.527+0000] {processor.py:840} INFO - DAG(s) 'air_quality_pipeline' retrieved from /opt/airflow/dags/spark_pipeline_dag.py
[2026-09-04T18:45:18.546+0000] {logging_mixin.py:188} INFO - [2026-09-04T18:45:18.546+0000] {dag.py:3036} INFO - Sync 1 DAGs
[2026-09-04T18:45:18.571+0000] {logging_mixin.py:188} INFO - [2026-09-04T18:45:18.571+0000] {dag.py:3823} INFO - Setting next_dagrun for air_quality_pipeline to 2026-09-04 18:05:00+00:00, run_after=2026-09-04 19:05:00+00:00
[2026-09-04T18:45:18.590+0000] {processor.py:183} INFO - Processing /opt/airflow/dags/spark_pipeline_dag.py took 0.091 seconds
[2026-09-04T18:45:48.941+0000] {processor.py:161} INFO - Started process (PID=60794) to work on /opt/airflow/dags/spark_pipeline_dag.py
[2026-09-04T18:45:48.943+0000] {processor.py:830} INFO - Processing file /opt/airflow/dags/spark_pipeline_dag.py for tasks to queue
[2026-09-04T18:45:48.944+0000] {logging_mixin.py:188} INFO - [2026-09-04T18:45:48.943+0000] {dagbag.py:538} INFO - Filling up the DagBag from /opt/airflow/dags/spark_pipeline_dag.py
[2026-09-04T18:45:48.968+0000] {processor.py:840} INFO - DAG(s) 'air_quality_pipeline' retrieved from /opt/airflow/dags/spark_pipeline_dag.py
[2026-09-04T18:45:48.992+0000] {logging_mixin.py:188} INFO - [2026-09-04T18:45:48.992+0000] {dag.py:3036} INFO - Sync 1 DAGs
[2026-09-04T18:45:49.017+0000] {logging_mixin.py:188} INFO - [2026-09-04T18:45:49.017+0000] {dag.py:3823} INFO - Setting next_dagrun for air_quality_pipeline to 2026-09-04 18:05:00+00:00, run_after=2026-09-04 19:05:00+00:00
[2026-09-04T18:45:49.036+0000] {processor.py:183} INFO - Processing /opt/airflow/dags/spark_pipeline_dag.py took 0.098 seconds
[2026-09-04T18:46:19.482+0000] {processor.py:161} INFO - Started process (PID=60804) to work on /opt/airflow/dags/spark_pipeline_dag.py
[2026-09-04T18:46:19.483+0000] {processor.py:830} INFO - Processing file /opt/airflow/dags/spark_pipeline_dag.py for tasks to queue
[2026-09-04T18:46:19.484+0000] {logging_mixin.py:188} INFO - [2026-09-04T18:46:19.484+0000] {dagbag.py:538} INFO - Filling up the DagBag from /opt/airflow/dags/spark_pipeline_dag.py
[2026-09-04T18:46:19.506+0000] {processor.py:840} INFO - DAG(s) 'air_quality_pipeline' retrieved from /opt/airflow/dags/spark_pipeline_dag.py
[2026-09-04T18:46:19.526+0000] {logging_mixin.py:188} INFO - [2026-09-04T18:46:19.525+0000] {dag.py:3036} INFO - Sync 1 DAGs
[2026-09-04T18:46:19.546+0000] {logging_mixin.py:188} INFO - [2026-09-04T18:46:19.546+0000] {dag.py:3823} INFO - Setting next_dagrun for air_quality_pipeline to 2026-09-04 18:05:00+00:00, run_after=2026-09-04 19:05:00+00:00
[2026-09-04T18:46:19.568+0000] {processor.py:183} INFO - Processing /opt/airflow/dags/spark_pipeline_dag.py took 0.091 seconds
[2026-09-04T18:46:49.921+0000] {processor.py:161} INFO - Started process (PID=60814) to work on /opt/airflow/dags/spark_pipeline_dag.py
[2026-09-04T18:46:49.922+0000] {processor.py:830} INFO - Processing file /opt/airflow/dags/spark_pipeline_dag.py for tasks to queue
[2026-09-04T18:46:49.923+0000] {logging_mixin.py:188} INFO - [2026-09-04T18:46:49.923+0000] {dagbag.py:538} INFO - Filling up the DagBag from /opt/airflow/dags/spark_pipeline_dag.py
[2026-09-04T18:46:49.947+0000] {processor.py:840} INFO - DAG(s) 'air_quality_pipeline' retrieved from /opt/airflow/dags/spark_pipeline_dag.py
[2026-09-04T18:46:49.970+0000] {logging_mixin.py:188} INFO - [2026-09-04T18:46:49.970+0000] {dag.py:3036} INFO - Sync 1 DAGs
[2026-09-04T18:46:49.995+0000] {logging_mixin.py:188} INFO - [2026-09-04T18:46:49.995+0000] {dag.py:3823} INFO - Setting next_dagrun for air_quality_pipeline to 2026-09-04 18:05:00+00:00, run_after=2026-09-04 19:05:00+00:00
[2026-09-04T18:46:50.015+0000] {processor.py:183} INFO - Processing /opt/airflow/dags/spark_pipeline_dag.py took 0.096 seconds
[2026-09-04T18:47:20.385+0000] {processor.py:161} INFO - Started process (PID=60824) to work on /opt/airflow/dags/spark_pipeline_dag.py
[2026-09-04T18:47:20.387+0000] {processor.py:830} INFO - Processing file /opt/airflow/dags/spark_pipeline_dag.py for tasks to queue
[2026-09-04T18:47:20.388+0000] {logging_mixin.py:188} INFO - [2026-09-04T18:47:20.387+0000] {dagbag.py:538} INFO - Filling up the DagBag from /opt/airflow/dags/spark_pipeline_dag.py
[2026-09-04T18:47:20.411+0000] {processor.py:840} INFO - DAG(s) 'air_quality_pipeline' retrieved from /opt/airflow/dags/spark_pipeline_dag.py
[2026-09-04T18:47:20.432+0000] {logging_mixin.py:188} INFO - [2026-09-04T18:47:20.432+0000] {dag.py:3036} INFO - Sync 1 DAGs
[2026-09-04T18:47:20.451+0000] {logging_mixin.py:188} INFO - [2026-09-04T18:47:20.451+0000] {dag.py:3823} INFO - Setting next_dagrun for air_quality_pipeline to 2026-09-04 18:05:00+00:00, run_after=2026-09-04 19:05:00+00:00
[2026-09-04T18:47:20.471+0000] {processor.py:183} INFO - Processing /opt/airflow/dags/spark_pipeline_dag.py took 0.088 seconds
[2026-09-04T18:47:50.814+0000] {processor.py:161} INFO - Started process (PID=60834) to work on /opt/airflow/dags/spark_pipeline_dag.py
[2026-09-04T18:47:50.815+0000] {processor.py:830} INFO - Processing file /opt/airflow/dags/spark_pipeline_dag.py for tasks to queue
[2026-09-04T18:47:50.817+0000] {logging_mixin.py:188} INFO - [2026-09-04T18:47:50.816+0000] {dagbag.py:538} INFO - Filling up the DagBag from /opt/airflow/dags/spark_pipeline_dag.py
[2026-09-04T18:47:50.841+0000] {processor.py:840} INFO - DAG(s) 'air_quality_pipeline' retrieved from /opt/airflow/dags/spark_pipeline_dag.py
[2026-09-04T18:47:50.873+0000] {logging_mixin.py:188} INFO - [2026-09-04T18:47:50.872+0000] {dag.py:3036} INFO - Sync 1 DAGs
[2026-09-04T18:47:50.903+0000] {logging_mixin.py:188} INFO - [2026-09-04T18:47:50.903+0000] {dag.py:3823} INFO - Setting next_dagrun for air_quality_pipeline to 2026-09-04 18:05:00+00:00, run_after=2026-09-04 19:05:00+00:00
[2026-09-04T18:47:50.928+0000] {processor.py:183} INFO - Processing /opt/airflow/dags/spark_pipeline_dag.py took 0.117 seconds
[2026-09-04T18:48:21.269+0000] {processor.py:161} INFO - Started process (PID=60844) to work on /opt/airflow/dags/spark_pipeline_dag.py
[2026-09-04T18:48:21.271+0000] {processor.py:830} INFO - Processing file /opt/airflow/dags/spark_pipeline_dag.py for tasks to queue
[2026-09-04T18:48:21.272+0000] {logging_mixin.py:188} INFO - [2026-09-04T18:48:21.271+0000] {dagbag.py:538} INFO - Filling up the DagBag from /opt/airflow/dags/spark_pipeline_dag.py
[2026-09-04T18:48:21.299+0000] {processor.py:840} INFO - DAG(s) 'air_quality_pipeline' retrieved from /opt/airflow/dags/spark_pipeline_dag.py
[2026-09-04T18:48:21.327+0000] {logging_mixin.py:188} INFO - [2026-09-04T18:48:21.326+0000] {dag.py:3036} INFO - Sync 1 DAGs
[2026-09-04T18:48:21.352+0000] {logging_mixin.py:188} INFO - [2026-09-04T18:48:21.352+0000] {dag.py:3823} INFO - Setting next_dagrun for air_quality_pipeline to 2026-09-04 18:05:00+00:00, run_after=2026-09-04 19:05:00+00:00
[2026-09-04T18:48:21.378+0000] {processor.py:183} INFO - Processing /opt/airflow/dags/spark_pipeline_dag.py took 0.111 seconds
[2026-09-04T18:48:51.800+0000] {processor.py:161} INFO - Started process (PID=60854) to work on /opt/airflow/dags/spark_pipeline_dag.py
[2026-09-04T18:48:51.802+0000] {processor.py:830} INFO - Processing file /opt/airflow/dags/spark_pipeline_dag.py for tasks to queue
[2026-09-04T18:48:51.803+0000] {logging_mixin.py:188} INFO - [2026-09-04T18:48:51.803+0000] {dagbag.py:538} INFO - Filling up the DagBag from /opt/airflow/dags/spark_pipeline_dag.py
[2026-09-04T18:48:51.834+0000] {processor.py:840} INFO - DAG(s) 'air_quality_pipeline' retrieved from /opt/airflow/dags/spark_pipeline_dag.py
[2026-09-04T18:48:51.855+0000] {logging_mixin.py:188} INFO - [2026-09-04T18:48:51.855+0000] {dag.py:3036} INFO - Sync 1 DAGs
[2026-09-04T18:48:51.879+0000] {logging_mixin.py:188} INFO - [2026-09-04T18:48:51.879+0000] {dag.py:3823} INFO - Setting next_dagrun for air_quality_pipeline to 2026-09-04 18:05:00+00:00, run_after=2026-09-04 19:05:00+00:00
[2026-09-04T18:48:51.902+0000] {processor.py:183} INFO - Processing /opt/airflow/dags/spark_pipeline_dag.py took 0.105 seconds
[2026-09-04T18:49:22.230+0000] {processor.py:161} INFO - Started process (PID=60864) to work on /opt/airflow/dags/spark_pipeline_dag.py
[2026-09-04T18:49:22.231+0000] {processor.py:830} INFO - Processing file /opt/airflow/dags/spark_pipeline_dag.py for tasks to queue
[2026-09-04T18:49:22.232+0000] {logging_mixin.py:188} INFO - [2026-09-04T18:49:22.232+0000] {dagbag.py:538} INFO - Filling up the DagBag from /opt/airflow/dags/spark_pipeline_dag.py
[2026-09-04T18:49:22.255+0000] {processor.py:840} INFO - DAG(s) 'air_quality_pipeline' retrieved from /opt/airflow/dags/spark_pipeline_dag.py
[2026-09-04T18:49:22.278+0000] {logging_mixin.py:188} INFO - [2026-09-04T18:49:22.278+0000] {dag.py:3036} INFO - Sync 1 DAGs
[2026-09-04T18:49:22.300+0000] {logging_mixin.py:188} INFO - [2026-09-04T18:49:22.299+0000] {dag.py:3823} INFO - Setting next_dagrun for air_quality_pipeline to 2026-09-04 18:05:00+00:00, run_after=2026-09-04 19:05:00+00:00
[2026-09-04T18:49:22.320+0000] {processor.py:183} INFO - Processing /opt/airflow/dags/spark_pipeline_dag.py took 0.093 seconds
[2026-09-04T18:49:52.663+0000] {processor.py:161} INFO - Started process (PID=60874) to work on /opt/airflow/dags/spark_pipeline_dag.py
[2026-09-04T18:49:52.664+0000] {processor.py:830} INFO - Processing file /opt/airflow/dags/spark_pipeline_dag.py for tasks to queue
[2026-09-04T18:49:52.665+0000] {logging_mixin.py:188} INFO - [2026-09-04T18:49:52.665+0000] {dagbag.py:538} INFO - Filling up the DagBag from /opt/airflow/dags/spark_pipeline_dag.py
[2026-09-04T18:49:52.690+0000] {processor.py:840} INFO - DAG(s) 'air_quality_pipeline' retrieved from /opt/airflow/dags/spark_pipeline_dag.py
[2026-09-04T18:49:52.713+0000] {logging_mixin.py:188} INFO - [2026-09-04T18:49:52.713+0000] {dag.py:3036} INFO - Sync 1 DAGs
[2026-09-04T18:49:52.736+0000] {logging_mixin.py:188} INFO - [2026-09-04T18:49:52.736+0000] {dag.py:3823} INFO - Setting next_dagrun for air_quality_pipeline to 2026-09-04 18:05:00+00:00, run_after=2026-09-04 19:05:00+00:00
[2026-09-04T18:49:52.756+0000] {processor.py:183} INFO - Processing /opt/airflow/dags/spark_pipeline_dag.py took 0.095 seconds
[2026-09-04T18:50:23.087+0000] {processor.py:161} INFO - Started process (PID=60884) to work on /opt/airflow/dags/spark_pipeline_dag.py
[2026-09-04T18:50:23.088+0000] {processor.py:830} INFO - Processing file /opt/airflow/dags/spark_pipeline_dag.py for tasks to queue
[2026-09-04T18:50:23.089+0000] {logging_mixin.py:188} INFO - [2026-09-04T18:50:23.089+0000] {dagbag.py:538} INFO - Filling up the DagBag from /opt/airflow/dags/spark_pipeline_dag.py
[2026-09-04T18:50:23.116+0000] {processor.py:840} INFO - DAG(s) 'air_quality_pipeline' retrieved from /opt/airflow/dags/spark_pipeline_dag.py
[2026-09-04T18:50:23.140+0000] {logging_mixin.py:188} INFO - [2026-09-04T18:50:23.140+0000] {dag.py:3036} INFO - Sync 1 DAGs
[2026-09-04T18:50:23.168+0000] {logging_mixin.py:188} INFO - [2026-09-04T18:50:23.168+0000] {dag.py:3823} INFO - Setting next_dagrun for air_quality_pipeline to 2026-09-04 18:05:00+00:00, run_after=2026-09-04 19:05:00+00:00
[2026-09-04T18:50:23.198+0000] {processor.py:183} INFO - Processing /opt/airflow/dags/spark_pipeline_dag.py took 0.114 seconds
[2026-09-04T18:50:53.538+0000] {processor.py:161} INFO - Started process (PID=60894) to work on /opt/airflow/dags/spark_pipeline_dag.py
[2026-09-04T18:50:53.539+0000] {processor.py:830} INFO - Processing file /opt/airflow/dags/spark_pipeline_dag.py for tasks to queue
[2026-09-04T18:50:53.540+0000] {logging_mixin.py:188} INFO - [2026-09-04T18:50:53.540+0000] {dagbag.py:538} INFO - Filling up the DagBag from /opt/airflow/dags/spark_pipeline_dag.py
[2026-09-04T18:50:53.565+0000] {processor.py:840} INFO - DAG(s) 'air_quality_pipeline' retrieved from /opt/airflow/dags/spark_pipeline_dag.py
[2026-09-04T18:50:53.586+0000] {logging_mixin.py:188} INFO - [2026-09-04T18:50:53.586+0000] {dag.py:3036} INFO - Sync 1 DAGs
[2026-09-04T18:50:53.607+0000] {logging_mixin.py:188} INFO - [2026-09-04T18:50:53.607+0000] {dag.py:3823} INFO - Setting next_dagrun for air_quality_pipeline to 2026-09-04 18:05:00+00:00, run_after=2026-09-04 19:05:00+00:00
[2026-09-04T18:50:53.627+0000] {processor.py:183} INFO - Processing /opt/airflow/dags/spark_pipeline_dag.py took 0.092 seconds
[2026-09-04T18:51:23.991+0000] {processor.py:161} INFO - Started process (PID=60904) to work on /opt/airflow/dags/spark_pipeline_dag.py
[2026-09-04T18:51:23.992+0000] {processor.py:830} INFO - Processing file /opt/airflow/dags/spark_pipeline_dag.py for tasks to queue
[2026-09-04T18:51:23.993+0000] {logging_mixin.py:188} INFO - [2026-09-04T18:51:23.993+0000] {dagbag.py:538} INFO - Filling up the DagBag from /opt/airflow/dags/spark_pipeline_dag.py
[2026-09-04T18:51:24.017+0000] {processor.py:840} INFO - DAG(s) 'air_quality_pipeline' retrieved from /opt/airflow/dags/spark_pipeline_dag.py
[2026-09-04T18:51:24.044+0000] {logging_mixin.py:188} INFO - [2026-09-04T18:51:24.043+0000] {dag.py:3036} INFO - Sync 1 DAGs
[2026-09-04T18:51:24.067+0000] {logging_mixin.py:188} INFO - [2026-09-04T18:51:24.067+0000] {dag.py:3823} INFO - Setting next_dagrun for air_quality_pipeline to 2026-09-04 18:05:00+00:00, run_after=2026-09-04 19:05:00+00:00
[2026-09-04T18:51:24.087+0000] {processor.py:183} INFO - Processing /opt/airflow/dags/spark_pipeline_dag.py took 0.099 seconds
[2026-09-04T18:51:54.431+0000] {processor.py:161} INFO - Started process (PID=60914) to work on /opt/airflow/dags/spark_pipeline_dag.py
[2026-09-04T18:51:54.432+0000] {processor.py:830} INFO - Processing file /opt/airflow/dags/spark_pipeline_dag.py for tasks to queue
[2026-09-04T18:51:54.433+0000] {logging_mixin.py:188} INFO - [2026-09-04T18:51:54.433+0000] {dagbag.py:538} INFO - Filling up the DagBag from /opt/airflow/dags/spark_pipeline_dag.py
[2026-09-04T18:51:54.455+0000] {processor.py:840} INFO - DAG(s) 'air_quality_pipeline' retrieved from /opt/airflow/dags/spark_pipeline_dag.py
[2026-09-04T18:51:54.477+0000] {logging_mixin.py:188} INFO - [2026-09-04T18:51:54.477+0000] {dag.py:3036} INFO - Sync 1 DAGs
[2026-09-04T18:51:54.499+0000] {logging_mixin.py:188} INFO - [2026-09-04T18:51:54.499+0000] {dag.py:3823} INFO - Setting next_dagrun for air_quality_pipeline to 2026-09-04 18:05:00+00:00, run_after=2026-09-04 19:05:00+00:00
[2026-09-04T18:51:54.519+0000] {processor.py:183} INFO - Processing /opt/airflow/dags/spark_pipeline_dag.py took 0.091 seconds
[2026-09-04T18:52:24.838+0000] {processor.py:161} INFO - Started process (PID=60924) to work on /opt/airflow/dags/spark_pipeline_dag.py
[2026-09-04T18:52:24.839+0000] {processor.py:830} INFO - Processing file /opt/airflow/dags/spark_pipeline_dag.py for tasks to queue
[2026-09-04T18:52:24.841+0000] {logging_mixin.py:188} INFO - [2026-09-04T18:52:24.840+0000] {dagbag.py:538} INFO - Filling up the DagBag from /opt/airflow/dags/spark_pipeline_dag.py
[2026-09-04T18:52:24.865+0000] {processor.py:840} INFO - DAG(s) 'air_quality_pipeline' retrieved from /opt/airflow/dags/spark_pipeline_dag.py
[2026-09-04T18:52:24.889+0000] {logging_mixin.py:188} INFO - [2026-09-04T18:52:24.889+0000] {dag.py:3036} INFO - Sync 1 DAGs
[2026-09-04T18:52:24.915+0000] {logging_mixin.py:188} INFO - [2026-09-04T18:52:24.914+0000] {dag.py:3823} INFO - Setting next_dagrun for air_quality_pipeline to 2026-09-04 18:05:00+00:00, run_after=2026-09-04 19:05:00+00:00
[2026-09-04T18:52:24.940+0000] {processor.py:183} INFO - Processing /opt/airflow/dags/spark_pipeline_dag.py took 0.105 seconds
[2026-09-04T18:52:55.281+0000] {processor.py:161} INFO - Started process (PID=60934) to work on /opt/airflow/dags/spark_pipeline_dag.py
[2026-09-04T18:52:55.283+0000] {processor.py:830} INFO - Processing file /opt/airflow/dags/spark_pipeline_dag.py for tasks to queue
[2026-09-04T18:52:55.284+0000] {logging_mixin.py:188} INFO - [2026-09-04T18:52:55.284+0000] {dagbag.py:538} INFO - Filling up the DagBag from /opt/airflow/dags/spark_pipeline_dag.py
[2026-09-04T18:52:55.311+0000] {processor.py:840} INFO - DAG(s) 'air_quality_pipeline' retrieved from /opt/airflow/dags/spark_pipeline_dag.py
[2026-09-04T18:52:55.337+0000] {logging_mixin.py:188} INFO - [2026-09-04T18:52:55.336+0000] {dag.py:3036} INFO - Sync 1 DAGs
[2026-09-04T18:52:55.365+0000] {logging_mixin.py:188} INFO - [2026-09-04T18:52:55.365+0000] {dag.py:3823} INFO - Setting next_dagrun for air_quality_pipeline to 2026-09-04 18:05:00+00:00, run_after=2026-09-04 19:05:00+00:00
[2026-09-04T18:52:55.390+0000] {processor.py:183} INFO - Processing /opt/airflow/dags/spark_pipeline_dag.py took 0.112 seconds
[2026-09-04T18:53:25.713+0000] {processor.py:161} INFO - Started process (PID=60944) to work on /opt/airflow/dags/spark_pipeline_dag.py
[2026-09-04T18:53:25.714+0000] {processor.py:830} INFO - Processing file /opt/airflow/dags/spark_pipeline_dag.py for tasks to queue
[2026-09-04T18:53:25.715+0000] {logging_mixin.py:188} INFO - [2026-09-04T18:53:25.715+0000] {dagbag.py:538} INFO - Filling up the DagBag from /opt/airflow/dags/spark_pipeline_dag.py
[2026-09-04T18:53:25.742+0000] {processor.py:840} INFO - DAG(s) 'air_quality_pipeline' retrieved from /opt/airflow/dags/spark_pipeline_dag.py
[2026-09-04T18:53:25.766+0000] {logging_mixin.py:188} INFO - [2026-09-04T18:53:25.766+0000] {dag.py:3036} INFO - Sync 1 DAGs
[2026-09-04T18:53:25.795+0000] {logging_mixin.py:188} INFO - [2026-09-04T18:53:25.795+0000] {dag.py:3823} INFO - Setting next_dagrun for air_quality_pipeline to 2026-09-04 18:05:00+00:00, run_after=2026-09-04 19:05:00+00:00
[2026-09-04T18:53:25.819+0000] {processor.py:183} INFO - Processing /opt/airflow/dags/spark_pipeline_dag.py took 0.110 seconds
[2026-09-04T18:53:56.190+0000] {processor.py:161} INFO - Started process (PID=60954) to work on /opt/airflow/dags/spark_pipeline_dag.py
[2026-09-04T18:53:56.192+0000] {processor.py:830} INFO - Processing file /opt/airflow/dags/spark_pipeline_dag.py for tasks to queue
[2026-09-04T18:53:56.194+0000] {logging_mixin.py:188} INFO - [2026-09-04T18:53:56.193+0000] {dagbag.py:538} INFO - Filling up the DagBag from /opt/airflow/dags/spark_pipeline_dag.py
[2026-09-04T18:53:56.220+0000] {processor.py:840} INFO - DAG(s) 'air_quality_pipeline' retrieved from /opt/airflow/dags/spark_pipeline_dag.py
[2026-09-04T18:53:56.251+0000] {logging_mixin.py:188} INFO - [2026-09-04T18:53:56.251+0000] {dag.py:3036} INFO - Sync 1 DAGs
[2026-09-04T18:53:56.273+0000] {logging_mixin.py:188} INFO - [2026-09-04T18:53:56.273+0000] {dag.py:3823} INFO - Setting next_dagrun for air_quality_pipeline to 2026-09-04 18:05:00+00:00, run_after=2026-09-04 19:05:00+00:00
[2026-09-04T18:53:56.297+0000] {processor.py:183} INFO - Processing /opt/airflow/dags/spark_pipeline_dag.py took 0.109 seconds
[2026-09-04T18:54:26.694+0000] {processor.py:161} INFO - Started process (PID=60964) to work on /opt/airflow/dags/spark_pipeline_dag.py
[2026-09-04T18:54:26.696+0000] {processor.py:830} INFO - Processing file /opt/airflow/dags/spark_pipeline_dag.py for tasks to queue
[2026-09-04T18:54:26.698+0000] {logging_mixin.py:188} INFO - [2026-09-04T18:54:26.697+0000] {dagbag.py:538} INFO - Filling up the DagBag from /opt/airflow/dags/spark_pipeline_dag.py
[2026-09-04T18:54:26.745+0000] {processor.py:840} INFO - DAG(s) 'air_quality_pipeline' retrieved from /opt/airflow/dags/spark_pipeline_dag.py
[2026-09-04T18:54:26.774+0000] {logging_mixin.py:188} INFO - [2026-09-04T18:54:26.773+0000] {dag.py:3036} INFO - Sync 1 DAGs
[2026-09-04T18:54:26.796+0000] {logging_mixin.py:188} INFO - [2026-09-04T18:54:26.796+0000] {dag.py:3823} INFO - Setting next_dagrun for air_quality_pipeline to 2026-09-04 18:05:00+00:00, run_after=2026-09-04 19:05:00+00:00
[2026-09-04T18:54:26.821+0000] {processor.py:183} INFO - Processing /opt/airflow/dags/spark_pipeline_dag.py took 0.132 seconds
[2026-09-04T18:54:57.169+0000] {processor.py:161} INFO - Started process (PID=60974) to work on /opt/airflow/dags/spark_pipeline_dag.py
[2026-09-04T18:54:57.170+0000] {processor.py:830} INFO - Processing file /opt/airflow/dags/spark_pipeline_dag.py for tasks to queue
[2026-09-04T18:54:57.171+0000] {logging_mixin.py:188} INFO - [2026-09-04T18:54:57.171+0000] {dagbag.py:538} INFO - Filling up the DagBag from /opt/airflow/dags/spark_pipeline_dag.py
[2026-09-04T18:54:57.197+0000] {processor.py:840} INFO - DAG(s) 'air_quality_pipeline' retrieved from /opt/airflow/dags/spark_pipeline_dag.py
[2026-09-04T18:54:57.218+0000] {logging_mixin.py:188} INFO - [2026-09-04T18:54:57.218+0000] {dag.py:3036} INFO - Sync 1 DAGs
[2026-09-04T18:54:57.239+0000] {logging_mixin.py:188} INFO - [2026-09-04T18:54:57.239+0000] {dag.py:3823} INFO - Setting next_dagrun for air_quality_pipeline to 2026-09-04 18:05:00+00:00, run_after=2026-09-04 19:05:00+00:00
[2026-09-04T18:54:57.262+0000] {processor.py:183} INFO - Processing /opt/airflow/dags/spark_pipeline_dag.py took 0.096 seconds
[2026-09-04T18:55:27.658+0000] {processor.py:161} INFO - Started process (PID=60984) to work on /opt/airflow/dags/spark_pipeline_dag.py
[2026-09-04T18:55:27.659+0000] {processor.py:830} INFO - Processing file /opt/airflow/dags/spark_pipeline_dag.py for tasks to queue
[2026-09-04T18:55:27.660+0000] {logging_mixin.py:188} INFO - [2026-09-04T18:55:27.660+0000] {dagbag.py:538} INFO - Filling up the DagBag from /opt/airflow/dags/spark_pipeline_dag.py
[2026-09-04T18:55:27.682+0000] {processor.py:840} INFO - DAG(s) 'air_quality_pipeline' retrieved from /opt/airflow/dags/spark_pipeline_dag.py
[2026-09-04T18:55:27.705+0000] {logging_mixin.py:188} INFO - [2026-09-04T18:55:27.705+0000] {dag.py:3036} INFO - Sync 1 DAGs
[2026-09-04T18:55:27.727+0000] {logging_mixin.py:188} INFO - [2026-09-04T18:55:27.727+0000] {dag.py:3823} INFO - Setting next_dagrun for air_quality_pipeline to 2026-09-04 18:05:00+00:00, run_after=2026-09-04 19:05:00+00:00
[2026-09-04T18:55:27.750+0000] {processor.py:183} INFO - Processing /opt/airflow/dags/spark_pipeline_dag.py took 0.094 seconds
[2026-09-04T18:59:31.223+0000] {processor.py:161} INFO - Started process (PID=60996) to work on /opt/airflow/dags/spark_pipeline_dag.py
[2026-09-04T18:59:31.232+0000] {processor.py:830} INFO - Processing file /opt/airflow/dags/spark_pipeline_dag.py for tasks to queue
[2026-09-04T18:59:31.240+0000] {logging_mixin.py:188} INFO - [2026-09-04T18:59:31.239+0000] {dagbag.py:538} INFO - Filling up the DagBag from /opt/airflow/dags/spark_pipeline_dag.py
[2026-09-04T18:59:31.628+0000] {processor.py:840} INFO - DAG(s) 'air_quality_pipeline' retrieved from /opt/airflow/dags/spark_pipeline_dag.py
[2026-09-04T18:59:31.687+0000] {logging_mixin.py:188} INFO - [2026-09-04T18:59:31.687+0000] {dag.py:3036} INFO - Sync 1 DAGs
[2026-09-04T18:59:31.740+0000] {logging_mixin.py:188} INFO - [2026-09-04T18:59:31.740+0000] {dag.py:3823} INFO - Setting next_dagrun for air_quality_pipeline to 2026-09-04 18:05:00+00:00, run_after=2026-09-04 19:05:00+00:00
[2026-09-04T18:59:31.804+0000] {processor.py:183} INFO - Processing /opt/airflow/dags/spark_pipeline_dag.py took 0.590 seconds
[2026-09-04T21:46:25.299+0000] {processor.py:161} INFO - Started process (PID=61012) to work on /opt/airflow/dags/spark_pipeline_dag.py
[2026-09-04T21:46:25.308+0000] {processor.py:830} INFO - Processing file /opt/airflow/dags/spark_pipeline_dag.py for tasks to queue
[2026-09-04T21:46:25.313+0000] {logging_mixin.py:188} INFO - [2026-09-04T21:46:25.312+0000] {dagbag.py:538} INFO - Filling up the DagBag from /opt/airflow/dags/spark_pipeline_dag.py
[2026-09-04T21:46:25.536+0000] {processor.py:840} INFO - DAG(s) 'air_quality_pipeline' retrieved from /opt/airflow/dags/spark_pipeline_dag.py
[2026-09-04T21:46:25.579+0000] {logging_mixin.py:188} INFO - [2026-09-04T21:46:25.578+0000] {dag.py:3036} INFO - Sync 1 DAGs
[2026-09-04T21:46:25.618+0000] {logging_mixin.py:188} INFO - [2026-09-04T21:46:25.618+0000] {dag.py:3823} INFO - Setting next_dagrun for air_quality_pipeline to 2026-09-04 21:05:00+00:00, run_after=2026-09-04 22:05:00+00:00
[2026-09-04T21:46:25.683+0000] {processor.py:183} INFO - Processing /opt/airflow/dags/spark_pipeline_dag.py took 0.388 seconds
[2026-09-04T21:46:56.054+0000] {processor.py:161} INFO - Started process (PID=61026) to work on /opt/airflow/dags/spark_pipeline_dag.py
[2026-09-04T21:46:56.055+0000] {processor.py:830} INFO - Processing file /opt/airflow/dags/spark_pipeline_dag.py for tasks to queue
[2026-09-04T21:46:56.056+0000] {logging_mixin.py:188} INFO - [2026-09-04T21:46:56.056+0000] {dagbag.py:538} INFO - Filling up the DagBag from /opt/airflow/dags/spark_pipeline_dag.py
[2026-09-04T21:46:56.085+0000] {processor.py:840} INFO - DAG(s) 'air_quality_pipeline' retrieved from /opt/airflow/dags/spark_pipeline_dag.py
[2026-09-04T21:46:56.107+0000] {logging_mixin.py:188} INFO - [2026-09-04T21:46:56.107+0000] {dag.py:3036} INFO - Sync 1 DAGs
[2026-09-04T21:46:56.136+0000] {logging_mixin.py:188} INFO - [2026-09-04T21:46:56.136+0000] {dag.py:3823} INFO - Setting next_dagrun for air_quality_pipeline to 2026-09-04 21:05:00+00:00, run_after=2026-09-04 22:05:00+00:00
[2026-09-04T21:46:56.157+0000] {processor.py:183} INFO - Processing /opt/airflow/dags/spark_pipeline_dag.py took 0.106 seconds
[2026-09-04T21:47:26.465+0000] {processor.py:161} INFO - Started process (PID=61036) to work on /opt/airflow/dags/spark_pipeline_dag.py
[2026-09-04T21:47:26.466+0000] {processor.py:830} INFO - Processing file /opt/airflow/dags/spark_pipeline_dag.py for tasks to queue
[2026-09-04T21:47:26.467+0000] {logging_mixin.py:188} INFO - [2026-09-04T21:47:26.467+0000] {dagbag.py:538} INFO - Filling up the DagBag from /opt/airflow/dags/spark_pipeline_dag.py
[2026-09-04T21:47:26.490+0000] {processor.py:840} INFO - DAG(s) 'air_quality_pipeline' retrieved from /opt/airflow/dags/spark_pipeline_dag.py
[2026-09-04T21:47:26.513+0000] {logging_mixin.py:188} INFO - [2026-09-04T21:47:26.512+0000] {dag.py:3036} INFO - Sync 1 DAGs
[2026-09-04T21:47:26.536+0000] {logging_mixin.py:188} INFO - [2026-09-04T21:47:26.536+0000] {dag.py:3823} INFO - Setting next_dagrun for air_quality_pipeline to 2026-09-04 21:05:00+00:00, run_after=2026-09-04 22:05:00+00:00
[2026-09-04T21:47:26.558+0000] {processor.py:183} INFO - Processing /opt/airflow/dags/spark_pipeline_dag.py took 0.096 seconds
[2026-09-04T21:47:56.912+0000] {processor.py:161} INFO - Started process (PID=61046) to work on /opt/airflow/dags/spark_pipeline_dag.py
[2026-09-04T21:47:56.914+0000] {processor.py:830} INFO - Processing file /opt/airflow/dags/spark_pipeline_dag.py for tasks to queue
[2026-09-04T21:47:56.915+0000] {logging_mixin.py:188} INFO - [2026-09-04T21:47:56.914+0000] {dagbag.py:538} INFO - Filling up the DagBag from /opt/airflow/dags/spark_pipeline_dag.py
[2026-09-04T21:47:56.944+0000] {processor.py:840} INFO - DAG(s) 'air_quality_pipeline' retrieved from /opt/airflow/dags/spark_pipeline_dag.py
[2026-09-04T21:47:56.970+0000] {logging_mixin.py:188} INFO - [2026-09-04T21:47:56.970+0000] {dag.py:3036} INFO - Sync 1 DAGs
[2026-09-04T21:47:56.993+0000] {logging_mixin.py:188} INFO - [2026-09-04T21:47:56.993+0000] {dag.py:3823} INFO - Setting next_dagrun for air_quality_pipeline to 2026-09-04 21:05:00+00:00, run_after=2026-09-04 22:05:00+00:00
[2026-09-04T21:47:57.018+0000] {processor.py:183} INFO - Processing /opt/airflow/dags/spark_pipeline_dag.py took 0.110 seconds
[2026-09-04T21:48:27.349+0000] {processor.py:161} INFO - Started process (PID=61056) to work on /opt/airflow/dags/spark_pipeline_dag.py
[2026-09-04T21:48:27.350+0000] {processor.py:830} INFO - Processing file /opt/airflow/dags/spark_pipeline_dag.py for tasks to queue
[2026-09-04T21:48:27.352+0000] {logging_mixin.py:188} INFO - [2026-09-04T21:48:27.351+0000] {dagbag.py:538} INFO - Filling up the DagBag from /opt/airflow/dags/spark_pipeline_dag.py
[2026-09-04T21:48:27.374+0000] {processor.py:840} INFO - DAG(s) 'air_quality_pipeline' retrieved from /opt/airflow/dags/spark_pipeline_dag.py
[2026-09-04T21:48:27.392+0000] {logging_mixin.py:188} INFO - [2026-09-04T21:48:27.392+0000] {dag.py:3036} INFO - Sync 1 DAGs
[2026-09-04T21:48:27.413+0000] {logging_mixin.py:188} INFO - [2026-09-04T21:48:27.413+0000] {dag.py:3823} INFO - Setting next_dagrun for air_quality_pipeline to 2026-09-04 21:05:00+00:00, run_after=2026-09-04 22:05:00+00:00
[2026-09-04T21:48:27.437+0000] {processor.py:183} INFO - Processing /opt/airflow/dags/spark_pipeline_dag.py took 0.090 seconds
[2026-09-04T21:48:57.762+0000] {processor.py:161} INFO - Started process (PID=61066) to work on /opt/airflow/dags/spark_pipeline_dag.py
[2026-09-04T21:48:57.763+0000] {processor.py:830} INFO - Processing file /opt/airflow/dags/spark_pipeline_dag.py for tasks to queue
[2026-09-04T21:48:57.764+0000] {logging_mixin.py:188} INFO - [2026-09-04T21:48:57.764+0000] {dagbag.py:538} INFO - Filling up the DagBag from /opt/airflow/dags/spark_pipeline_dag.py
[2026-09-04T21:48:57.788+0000] {processor.py:840} INFO - DAG(s) 'air_quality_pipeline' retrieved from /opt/airflow/dags/spark_pipeline_dag.py
[2026-09-04T21:48:57.814+0000] {logging_mixin.py:188} INFO - [2026-09-04T21:48:57.812+0000] {dag.py:3036} INFO - Sync 1 DAGs
[2026-09-04T21:48:57.836+0000] {logging_mixin.py:188} INFO - [2026-09-04T21:48:57.836+0000] {dag.py:3823} INFO - Setting next_dagrun for air_quality_pipeline to 2026-09-04 21:05:00+00:00, run_after=2026-09-04 22:05:00+00:00
[2026-09-04T21:48:57.856+0000] {processor.py:183} INFO - Processing /opt/airflow/dags/spark_pipeline_dag.py took 0.097 seconds
[2026-09-04T21:49:28.208+0000] {processor.py:161} INFO - Started process (PID=61076) to work on /opt/airflow/dags/spark_pipeline_dag.py
[2026-09-04T21:49:28.209+0000] {processor.py:830} INFO - Processing file /opt/airflow/dags/spark_pipeline_dag.py for tasks to queue
[2026-09-04T21:49:28.210+0000] {logging_mixin.py:188} INFO - [2026-09-04T21:49:28.210+0000] {dagbag.py:538} INFO - Filling up the DagBag from /opt/airflow/dags/spark_pipeline_dag.py
[2026-09-04T21:49:28.231+0000] {processor.py:840} INFO - DAG(s) 'air_quality_pipeline' retrieved from /opt/airflow/dags/spark_pipeline_dag.py
[2026-09-04T21:49:28.252+0000] {logging_mixin.py:188} INFO - [2026-09-04T21:49:28.252+0000] {dag.py:3036} INFO - Sync 1 DAGs
[2026-09-04T21:49:28.274+0000] {logging_mixin.py:188} INFO - [2026-09-04T21:49:28.274+0000] {dag.py:3823} INFO - Setting next_dagrun for air_quality_pipeline to 2026-09-04 21:05:00+00:00, run_after=2026-09-04 22:05:00+00:00
[2026-09-04T21:49:28.294+0000] {processor.py:183} INFO - Processing /opt/airflow/dags/spark_pipeline_dag.py took 0.089 seconds
[2026-09-04T21:49:58.650+0000] {processor.py:161} INFO - Started process (PID=61086) to work on /opt/airflow/dags/spark_pipeline_dag.py
[2026-09-04T21:49:58.651+0000] {processor.py:830} INFO - Processing file /opt/airflow/dags/spark_pipeline_dag.py for tasks to queue
[2026-09-04T21:49:58.652+0000] {logging_mixin.py:188} INFO - [2026-09-04T21:49:58.652+0000] {dagbag.py:538} INFO - Filling up the DagBag from /opt/airflow/dags/spark_pipeline_dag.py
[2026-09-04T21:49:58.674+0000] {processor.py:840} INFO - DAG(s) 'air_quality_pipeline' retrieved from /opt/airflow/dags/spark_pipeline_dag.py
[2026-09-04T21:49:58.696+0000] {logging_mixin.py:188} INFO - [2026-09-04T21:49:58.696+0000] {dag.py:3036} INFO - Sync 1 DAGs
[2026-09-04T21:49:58.719+0000] {logging_mixin.py:188} INFO - [2026-09-04T21:49:58.719+0000] {dag.py:3823} INFO - Setting next_dagrun for air_quality_pipeline to 2026-09-04 21:05:00+00:00, run_after=2026-09-04 22:05:00+00:00
[2026-09-04T21:49:58.740+0000] {processor.py:183} INFO - Processing /opt/airflow/dags/spark_pipeline_dag.py took 0.092 seconds
[2026-09-04T21:50:29.123+0000] {processor.py:161} INFO - Started process (PID=61096) to work on /opt/airflow/dags/spark_pipeline_dag.py
[2026-09-04T21:50:29.124+0000] {processor.py:830} INFO - Processing file /opt/airflow/dags/spark_pipeline_dag.py for tasks to queue
[2026-09-04T21:50:29.125+0000] {logging_mixin.py:188} INFO - [2026-09-04T21:50:29.125+0000] {dagbag.py:538} INFO - Filling up the DagBag from /opt/airflow/dags/spark_pipeline_dag.py
[2026-09-04T21:50:29.150+0000] {processor.py:840} INFO - DAG(s) 'air_quality_pipeline' retrieved from /opt/airflow/dags/spark_pipeline_dag.py
[2026-09-04T21:50:29.173+0000] {logging_mixin.py:188} INFO - [2026-09-04T21:50:29.173+0000] {dag.py:3036} INFO - Sync 1 DAGs
[2026-09-04T21:50:29.196+0000] {logging_mixin.py:188} INFO - [2026-09-04T21:50:29.196+0000] {dag.py:3823} INFO - Setting next_dagrun for air_quality_pipeline to 2026-09-04 21:05:00+00:00, run_after=2026-09-04 22:05:00+00:00
[2026-09-04T21:50:29.217+0000] {processor.py:183} INFO - Processing /opt/airflow/dags/spark_pipeline_dag.py took 0.097 seconds
[2026-09-04T21:50:59.574+0000] {processor.py:161} INFO - Started process (PID=61106) to work on /opt/airflow/dags/spark_pipeline_dag.py
[2026-09-04T21:50:59.576+0000] {processor.py:830} INFO - Processing file /opt/airflow/dags/spark_pipeline_dag.py for tasks to queue
[2026-09-04T21:50:59.578+0000] {logging_mixin.py:188} INFO - [2026-09-04T21:50:59.577+0000] {dagbag.py:538} INFO - Filling up the DagBag from /opt/airflow/dags/spark_pipeline_dag.py
[2026-09-04T21:50:59.604+0000] {processor.py:840} INFO - DAG(s) 'air_quality_pipeline' retrieved from /opt/airflow/dags/spark_pipeline_dag.py
[2026-09-04T21:50:59.629+0000] {logging_mixin.py:188} INFO - [2026-09-04T21:50:59.629+0000] {dag.py:3036} INFO - Sync 1 DAGs
[2026-09-04T21:50:59.655+0000] {logging_mixin.py:188} INFO - [2026-09-04T21:50:59.655+0000] {dag.py:3823} INFO - Setting next_dagrun for air_quality_pipeline to 2026-09-04 21:05:00+00:00, run_after=2026-09-04 22:05:00+00:00
[2026-09-04T21:50:59.680+0000] {processor.py:183} INFO - Processing /opt/airflow/dags/spark_pipeline_dag.py took 0.111 seconds
[2026-09-04T21:51:30.126+0000] {processor.py:161} INFO - Started process (PID=61116) to work on /opt/airflow/dags/spark_pipeline_dag.py
[2026-09-04T21:51:30.127+0000] {processor.py:830} INFO - Processing file /opt/airflow/dags/spark_pipeline_dag.py for tasks to queue
[2026-09-04T21:51:30.128+0000] {logging_mixin.py:188} INFO - [2026-09-04T21:51:30.128+0000] {dagbag.py:538} INFO - Filling up the DagBag from /opt/airflow/dags/spark_pipeline_dag.py
[2026-09-04T21:51:30.151+0000] {processor.py:840} INFO - DAG(s) 'air_quality_pipeline' retrieved from /opt/airflow/dags/spark_pipeline_dag.py
[2026-09-04T21:51:30.171+0000] {logging_mixin.py:188} INFO - [2026-09-04T21:51:30.171+0000] {dag.py:3036} INFO - Sync 1 DAGs
[2026-09-04T21:51:30.191+0000] {logging_mixin.py:188} INFO - [2026-09-04T21:51:30.191+0000] {dag.py:3823} INFO - Setting next_dagrun for air_quality_pipeline to 2026-09-04 21:05:00+00:00, run_after=2026-09-04 22:05:00+00:00
[2026-09-04T21:51:30.210+0000] {processor.py:183} INFO - Processing /opt/airflow/dags/spark_pipeline_dag.py took 0.087 seconds
[2026-09-04T21:52:00.561+0000] {processor.py:161} INFO - Started process (PID=61126) to work on /opt/airflow/dags/spark_pipeline_dag.py
[2026-09-04T21:52:00.562+0000] {processor.py:830} INFO - Processing file /opt/airflow/dags/spark_pipeline_dag.py for tasks to queue
[2026-09-04T21:52:00.563+0000] {logging_mixin.py:188} INFO - [2026-09-04T21:52:00.562+0000] {dagbag.py:538} INFO - Filling up the DagBag from /opt/airflow/dags/spark_pipeline_dag.py
[2026-09-04T21:52:00.585+0000] {processor.py:840} INFO - DAG(s) 'air_quality_pipeline' retrieved from /opt/airflow/dags/spark_pipeline_dag.py
[2026-09-04T21:52:00.604+0000] {logging_mixin.py:188} INFO - [2026-09-04T21:52:00.604+0000] {dag.py:3036} INFO - Sync 1 DAGs
[2026-09-04T21:52:00.623+0000] {logging_mixin.py:188} INFO - [2026-09-04T21:52:00.622+0000] {dag.py:3823} INFO - Setting next_dagrun for air_quality_pipeline to 2026-09-04 21:05:00+00:00, run_after=2026-09-04 22:05:00+00:00
[2026-09-04T21:52:00.643+0000] {processor.py:183} INFO - Processing /opt/airflow/dags/spark_pipeline_dag.py took 0.085 seconds
[2026-09-04T21:52:30.977+0000] {processor.py:161} INFO - Started process (PID=61136) to work on /opt/airflow/dags/spark_pipeline_dag.py
[2026-09-04T21:52:30.978+0000] {processor.py:830} INFO - Processing file /opt/airflow/dags/spark_pipeline_dag.py for tasks to queue
[2026-09-04T21:52:30.979+0000] {logging_mixin.py:188} INFO - [2026-09-04T21:52:30.979+0000] {dagbag.py:538} INFO - Filling up the DagBag from /opt/airflow/dags/spark_pipeline_dag.py
[2026-09-04T21:52:31.003+0000] {processor.py:840} INFO - DAG(s) 'air_quality_pipeline' retrieved from /opt/airflow/dags/spark_pipeline_dag.py
[2026-09-04T21:52:31.024+0000] {logging_mixin.py:188} INFO - [2026-09-04T21:52:31.023+0000] {dag.py:3036} INFO - Sync 1 DAGs
[2026-09-04T21:52:31.047+0000] {logging_mixin.py:188} INFO - [2026-09-04T21:52:31.046+0000] {dag.py:3823} INFO - Setting next_dagrun for air_quality_pipeline to 2026-09-04 21:05:00+00:00, run_after=2026-09-04 22:05:00+00:00
[2026-09-04T21:52:31.069+0000] {processor.py:183} INFO - Processing /opt/airflow/dags/spark_pipeline_dag.py took 0.095 seconds
[2026-09-04T21:53:01.412+0000] {processor.py:161} INFO - Started process (PID=61146) to work on /opt/airflow/dags/spark_pipeline_dag.py
[2026-09-04T21:53:01.413+0000] {processor.py:830} INFO - Processing file /opt/airflow/dags/spark_pipeline_dag.py for tasks to queue
[2026-09-04T21:53:01.414+0000] {logging_mixin.py:188} INFO - [2026-09-04T21:53:01.413+0000] {dagbag.py:538} INFO - Filling up the DagBag from /opt/airflow/dags/spark_pipeline_dag.py
[2026-09-04T21:53:01.438+0000] {processor.py:840} INFO - DAG(s) 'air_quality_pipeline' retrieved from /opt/airflow/dags/spark_pipeline_dag.py
[2026-09-04T21:53:01.458+0000] {logging_mixin.py:188} INFO - [2026-09-04T21:53:01.458+0000] {dag.py:3036} INFO - Sync 1 DAGs
[2026-09-04T21:53:01.480+0000] {logging_mixin.py:188} INFO - [2026-09-04T21:53:01.480+0000] {dag.py:3823} INFO - Setting next_dagrun for air_quality_pipeline to 2026-09-04 21:05:00+00:00, run_after=2026-09-04 22:05:00+00:00
[2026-09-04T21:53:01.500+0000] {processor.py:183} INFO - Processing /opt/airflow/dags/spark_pipeline_dag.py took 0.092 seconds
[2026-09-04T21:53:31.891+0000] {processor.py:161} INFO - Started process (PID=61156) to work on /opt/airflow/dags/spark_pipeline_dag.py
[2026-09-04T21:53:31.893+0000] {processor.py:830} INFO - Processing file /opt/airflow/dags/spark_pipeline_dag.py for tasks to queue
[2026-09-04T21:53:31.894+0000] {logging_mixin.py:188} INFO - [2026-09-04T21:53:31.893+0000] {dagbag.py:538} INFO - Filling up the DagBag from /opt/airflow/dags/spark_pipeline_dag.py
[2026-09-04T21:53:31.923+0000] {processor.py:840} INFO - DAG(s) 'air_quality_pipeline' retrieved from /opt/airflow/dags/spark_pipeline_dag.py
[2026-09-04T21:53:31.944+0000] {logging_mixin.py:188} INFO - [2026-09-04T21:53:31.944+0000] {dag.py:3036} INFO - Sync 1 DAGs
[2026-09-04T21:53:31.967+0000] {logging_mixin.py:188} INFO - [2026-09-04T21:53:31.967+0000] {dag.py:3823} INFO - Setting next_dagrun for air_quality_pipeline to 2026-09-04 21:05:00+00:00, run_after=2026-09-04 22:05:00+00:00
[2026-09-04T21:53:31.988+0000] {processor.py:183} INFO - Processing /opt/airflow/dags/spark_pipeline_dag.py took 0.099 seconds
[2026-09-04T21:54:02.442+0000] {processor.py:161} INFO - Started process (PID=61166) to work on /opt/airflow/dags/spark_pipeline_dag.py
[2026-09-04T21:54:02.443+0000] {processor.py:830} INFO - Processing file /opt/airflow/dags/spark_pipeline_dag.py for tasks to queue
[2026-09-04T21:54:02.444+0000] {logging_mixin.py:188} INFO - [2026-09-04T21:54:02.443+0000] {dagbag.py:538} INFO - Filling up the DagBag from /opt/airflow/dags/spark_pipeline_dag.py
[2026-09-04T21:54:02.467+0000] {processor.py:840} INFO - DAG(s) 'air_quality_pipeline' retrieved from /opt/airflow/dags/spark_pipeline_dag.py
[2026-09-04T21:54:02.489+0000] {logging_mixin.py:188} INFO - [2026-09-04T21:54:02.489+0000] {dag.py:3036} INFO - Sync 1 DAGs
[2026-09-04T21:54:02.511+0000] {logging_mixin.py:188} INFO - [2026-09-04T21:54:02.511+0000] {dag.py:3823} INFO - Setting next_dagrun for air_quality_pipeline to 2026-09-04 21:05:00+00:00, run_after=2026-09-04 22:05:00+00:00
[2026-09-04T21:54:02.543+0000] {processor.py:183} INFO - Processing /opt/airflow/dags/spark_pipeline_dag.py took 0.104 seconds
[2026-09-04T21:54:32.927+0000] {processor.py:161} INFO - Started process (PID=61176) to work on /opt/airflow/dags/spark_pipeline_dag.py
[2026-09-04T21:54:32.929+0000] {processor.py:830} INFO - Processing file /opt/airflow/dags/spark_pipeline_dag.py for tasks to queue
[2026-09-04T21:54:32.930+0000] {logging_mixin.py:188} INFO - [2026-09-04T21:54:32.929+0000] {dagbag.py:538} INFO - Filling up the DagBag from /opt/airflow/dags/spark_pipeline_dag.py
[2026-09-04T21:54:32.951+0000] {processor.py:840} INFO - DAG(s) 'air_quality_pipeline' retrieved from /opt/airflow/dags/spark_pipeline_dag.py
[2026-09-04T21:54:32.973+0000] {logging_mixin.py:188} INFO - [2026-09-04T21:54:32.973+0000] {dag.py:3036} INFO - Sync 1 DAGs
[2026-09-04T21:54:32.996+0000] {logging_mixin.py:188} INFO - [2026-09-04T21:54:32.995+0000] {dag.py:3823} INFO - Setting next_dagrun for air_quality_pipeline to 2026-09-04 21:05:00+00:00, run_after=2026-09-04 22:05:00+00:00
[2026-09-04T21:54:33.015+0000] {processor.py:183} INFO - Processing /opt/airflow/dags/spark_pipeline_dag.py took 0.090 seconds
[2026-09-04T21:55:03.393+0000] {processor.py:161} INFO - Started process (PID=61186) to work on /opt/airflow/dags/spark_pipeline_dag.py
[2026-09-04T21:55:03.394+0000] {processor.py:830} INFO - Processing file /opt/airflow/dags/spark_pipeline_dag.py for tasks to queue
[2026-09-04T21:55:03.395+0000] {logging_mixin.py:188} INFO - [2026-09-04T21:55:03.395+0000] {dagbag.py:538} INFO - Filling up the DagBag from /opt/airflow/dags/spark_pipeline_dag.py
[2026-09-04T21:55:03.417+0000] {processor.py:840} INFO - DAG(s) 'air_quality_pipeline' retrieved from /opt/airflow/dags/spark_pipeline_dag.py
[2026-09-04T21:55:03.437+0000] {logging_mixin.py:188} INFO - [2026-09-04T21:55:03.437+0000] {dag.py:3036} INFO - Sync 1 DAGs
[2026-09-04T21:55:03.458+0000] {logging_mixin.py:188} INFO - [2026-09-04T21:55:03.457+0000] {dag.py:3823} INFO - Setting next_dagrun for air_quality_pipeline to 2026-09-04 21:05:00+00:00, run_after=2026-09-04 22:05:00+00:00
[2026-09-04T21:55:03.477+0000] {processor.py:183} INFO - Processing /opt/airflow/dags/spark_pipeline_dag.py took 0.086 seconds
[2026-09-04T21:55:33.830+0000] {processor.py:161} INFO - Started process (PID=61196) to work on /opt/airflow/dags/spark_pipeline_dag.py
[2026-09-04T21:55:33.832+0000] {processor.py:830} INFO - Processing file /opt/airflow/dags/spark_pipeline_dag.py for tasks to queue
[2026-09-04T21:55:33.833+0000] {logging_mixin.py:188} INFO - [2026-09-04T21:55:33.832+0000] {dagbag.py:538} INFO - Filling up the DagBag from /opt/airflow/dags/spark_pipeline_dag.py
[2026-09-04T21:55:33.859+0000] {processor.py:840} INFO - DAG(s) 'air_quality_pipeline' retrieved from /opt/airflow/dags/spark_pipeline_dag.py
[2026-09-04T21:55:33.879+0000] {logging_mixin.py:188} INFO - [2026-09-04T21:55:33.879+0000] {dag.py:3036} INFO - Sync 1 DAGs
[2026-09-04T21:55:33.900+0000] {logging_mixin.py:188} INFO - [2026-09-04T21:55:33.900+0000] {dag.py:3823} INFO - Setting next_dagrun for air_quality_pipeline to 2026-09-04 21:05:00+00:00, run_after=2026-09-04 22:05:00+00:00
[2026-09-04T21:55:33.922+0000] {processor.py:183} INFO - Processing /opt/airflow/dags/spark_pipeline_dag.py took 0.095 seconds
[2026-09-04T21:56:04.340+0000] {processor.py:161} INFO - Started process (PID=61206) to work on /opt/airflow/dags/spark_pipeline_dag.py
[2026-09-04T21:56:04.341+0000] {processor.py:830} INFO - Processing file /opt/airflow/dags/spark_pipeline_dag.py for tasks to queue
[2026-09-04T21:56:04.342+0000] {logging_mixin.py:188} INFO - [2026-09-04T21:56:04.342+0000] {dagbag.py:538} INFO - Filling up the DagBag from /opt/airflow/dags/spark_pipeline_dag.py
[2026-09-04T21:56:04.366+0000] {processor.py:840} INFO - DAG(s) 'air_quality_pipeline' retrieved from /opt/airflow/dags/spark_pipeline_dag.py
[2026-09-04T21:56:04.389+0000] {logging_mixin.py:188} INFO - [2026-09-04T21:56:04.389+0000] {dag.py:3036} INFO - Sync 1 DAGs
[2026-09-04T21:56:04.414+0000] {logging_mixin.py:188} INFO - [2026-09-04T21:56:04.414+0000] {dag.py:3823} INFO - Setting next_dagrun for air_quality_pipeline to 2026-09-04 21:05:00+00:00, run_after=2026-09-04 22:05:00+00:00
[2026-09-04T21:56:04.442+0000] {processor.py:183} INFO - Processing /opt/airflow/dags/spark_pipeline_dag.py took 0.104 seconds
[2026-09-04T21:56:34.968+0000] {processor.py:161} INFO - Started process (PID=61216) to work on /opt/airflow/dags/spark_pipeline_dag.py
[2026-09-04T21:56:34.969+0000] {processor.py:830} INFO - Processing file /opt/airflow/dags/spark_pipeline_dag.py for tasks to queue
[2026-09-04T21:56:34.970+0000] {logging_mixin.py:188} INFO - [2026-09-04T21:56:34.970+0000] {dagbag.py:538} INFO - Filling up the DagBag from /opt/airflow/dags/spark_pipeline_dag.py
[2026-09-04T21:56:34.992+0000] {processor.py:840} INFO - DAG(s) 'air_quality_pipeline' retrieved from /opt/airflow/dags/spark_pipeline_dag.py
[2026-09-04T21:56:35.011+0000] {logging_mixin.py:188} INFO - [2026-09-04T21:56:35.011+0000] {dag.py:3036} INFO - Sync 1 DAGs
[2026-09-04T21:56:35.033+0000] {logging_mixin.py:188} INFO - [2026-09-04T21:56:35.033+0000] {dag.py:3823} INFO - Setting next_dagrun for air_quality_pipeline to 2026-09-04 21:05:00+00:00, run_after=2026-09-04 22:05:00+00:00
[2026-09-04T21:56:35.053+0000] {processor.py:183} INFO - Processing /opt/airflow/dags/spark_pipeline_dag.py took 0.088 seconds
[2026-09-04T21:57:05.416+0000] {processor.py:161} INFO - Started process (PID=61226) to work on /opt/airflow/dags/spark_pipeline_dag.py
[2026-09-04T21:57:05.417+0000] {processor.py:830} INFO - Processing file /opt/airflow/dags/spark_pipeline_dag.py for tasks to queue
[2026-09-04T21:57:05.418+0000] {logging_mixin.py:188} INFO - [2026-09-04T21:57:05.418+0000] {dagbag.py:538} INFO - Filling up the DagBag from /opt/airflow/dags/spark_pipeline_dag.py
[2026-09-04T21:57:05.439+0000] {processor.py:840} INFO - DAG(s) 'air_quality_pipeline' retrieved from /opt/airflow/dags/spark_pipeline_dag.py
[2026-09-04T21:57:05.458+0000] {logging_mixin.py:188} INFO - [2026-09-04T21:57:05.458+0000] {dag.py:3036} INFO - Sync 1 DAGs
[2026-09-04T21:57:05.479+0000] {logging_mixin.py:188} INFO - [2026-09-04T21:57:05.479+0000] {dag.py:3823} INFO - Setting next_dagrun for air_quality_pipeline to 2026-09-04 21:05:00+00:00, run_after=2026-09-04 22:05:00+00:00
[2026-09-04T21:57:05.497+0000] {processor.py:183} INFO - Processing /opt/airflow/dags/spark_pipeline_dag.py took 0.084 seconds
[2026-09-04T21:57:35.887+0000] {processor.py:161} INFO - Started process (PID=61236) to work on /opt/airflow/dags/spark_pipeline_dag.py
[2026-09-04T21:57:35.889+0000] {processor.py:830} INFO - Processing file /opt/airflow/dags/spark_pipeline_dag.py for tasks to queue
[2026-09-04T21:57:35.892+0000] {logging_mixin.py:188} INFO - [2026-09-04T21:57:35.891+0000] {dagbag.py:538} INFO - Filling up the DagBag from /opt/airflow/dags/spark_pipeline_dag.py
[2026-09-04T21:57:35.925+0000] {processor.py:840} INFO - DAG(s) 'air_quality_pipeline' retrieved from /opt/airflow/dags/spark_pipeline_dag.py
[2026-09-04T21:57:35.947+0000] {logging_mixin.py:188} INFO - [2026-09-04T21:57:35.947+0000] {dag.py:3036} INFO - Sync 1 DAGs
[2026-09-04T21:57:35.967+0000] {logging_mixin.py:188} INFO - [2026-09-04T21:57:35.967+0000] {dag.py:3823} INFO - Setting next_dagrun for air_quality_pipeline to 2026-09-04 21:05:00+00:00, run_after=2026-09-04 22:05:00+00:00
[2026-09-04T21:57:35.990+0000] {processor.py:183} INFO - Processing /opt/airflow/dags/spark_pipeline_dag.py took 0.107 seconds
[2026-09-04T21:58:06.399+0000] {processor.py:161} INFO - Started process (PID=61246) to work on /opt/airflow/dags/spark_pipeline_dag.py
[2026-09-04T21:58:06.402+0000] {processor.py:830} INFO - Processing file /opt/airflow/dags/spark_pipeline_dag.py for tasks to queue
[2026-09-04T21:58:06.404+0000] {logging_mixin.py:188} INFO - [2026-09-04T21:58:06.403+0000] {dagbag.py:538} INFO - Filling up the DagBag from /opt/airflow/dags/spark_pipeline_dag.py
[2026-09-04T21:58:06.444+0000] {processor.py:840} INFO - DAG(s) 'air_quality_pipeline' retrieved from /opt/airflow/dags/spark_pipeline_dag.py
[2026-09-04T21:58:06.466+0000] {logging_mixin.py:188} INFO - [2026-09-04T21:58:06.466+0000] {dag.py:3036} INFO - Sync 1 DAGs
[2026-09-04T21:58:06.490+0000] {logging_mixin.py:188} INFO - [2026-09-04T21:58:06.490+0000] {dag.py:3823} INFO - Setting next_dagrun for air_quality_pipeline to 2026-09-04 21:05:00+00:00, run_after=2026-09-04 22:05:00+00:00
[2026-09-04T21:58:06.509+0000] {processor.py:183} INFO - Processing /opt/airflow/dags/spark_pipeline_dag.py took 0.116 seconds
[2026-09-04T21:58:36.968+0000] {processor.py:161} INFO - Started process (PID=61256) to work on /opt/airflow/dags/spark_pipeline_dag.py
[2026-09-04T21:58:36.971+0000] {processor.py:830} INFO - Processing file /opt/airflow/dags/spark_pipeline_dag.py for tasks to queue
[2026-09-04T21:58:36.973+0000] {logging_mixin.py:188} INFO - [2026-09-04T21:58:36.973+0000] {dagbag.py:538} INFO - Filling up the DagBag from /opt/airflow/dags/spark_pipeline_dag.py
[2026-09-04T21:58:37.007+0000] {processor.py:840} INFO - DAG(s) 'air_quality_pipeline' retrieved from /opt/airflow/dags/spark_pipeline_dag.py
[2026-09-04T21:58:37.030+0000] {logging_mixin.py:188} INFO - [2026-09-04T21:58:37.030+0000] {dag.py:3036} INFO - Sync 1 DAGs
[2026-09-04T21:58:37.055+0000] {logging_mixin.py:188} INFO - [2026-09-04T21:58:37.055+0000] {dag.py:3823} INFO - Setting next_dagrun for air_quality_pipeline to 2026-09-04 21:05:00+00:00, run_after=2026-09-04 22:05:00+00:00
[2026-09-04T21:58:37.085+0000] {processor.py:183} INFO - Processing /opt/airflow/dags/spark_pipeline_dag.py took 0.123 seconds
[2026-09-04T21:59:07.463+0000] {processor.py:161} INFO - Started process (PID=61266) to work on /opt/airflow/dags/spark_pipeline_dag.py
[2026-09-04T21:59:07.464+0000] {processor.py:830} INFO - Processing file /opt/airflow/dags/spark_pipeline_dag.py for tasks to queue
[2026-09-04T21:59:07.465+0000] {logging_mixin.py:188} INFO - [2026-09-04T21:59:07.465+0000] {dagbag.py:538} INFO - Filling up the DagBag from /opt/airflow/dags/spark_pipeline_dag.py
[2026-09-04T21:59:07.491+0000] {processor.py:840} INFO - DAG(s) 'air_quality_pipeline' retrieved from /opt/airflow/dags/spark_pipeline_dag.py
[2026-09-04T21:59:07.514+0000] {logging_mixin.py:188} INFO - [2026-09-04T21:59:07.514+0000] {dag.py:3036} INFO - Sync 1 DAGs
[2026-09-04T21:59:07.538+0000] {logging_mixin.py:188} INFO - [2026-09-04T21:59:07.538+0000] {dag.py:3823} INFO - Setting next_dagrun for air_quality_pipeline to 2026-09-04 21:05:00+00:00, run_after=2026-09-04 22:05:00+00:00
[2026-09-04T21:59:07.560+0000] {processor.py:183} INFO - Processing /opt/airflow/dags/spark_pipeline_dag.py took 0.100 seconds
[2026-09-04T21:59:38.004+0000] {processor.py:161} INFO - Started process (PID=61276) to work on /opt/airflow/dags/spark_pipeline_dag.py
[2026-09-04T21:59:38.005+0000] {processor.py:830} INFO - Processing file /opt/airflow/dags/spark_pipeline_dag.py for tasks to queue
[2026-09-04T21:59:38.006+0000] {logging_mixin.py:188} INFO - [2026-09-04T21:59:38.006+0000] {dagbag.py:538} INFO - Filling up the DagBag from /opt/airflow/dags/spark_pipeline_dag.py
[2026-09-04T21:59:38.028+0000] {processor.py:840} INFO - DAG(s) 'air_quality_pipeline' retrieved from /opt/airflow/dags/spark_pipeline_dag.py
[2026-09-04T21:59:38.047+0000] {logging_mixin.py:188} INFO - [2026-09-04T21:59:38.047+0000] {dag.py:3036} INFO - Sync 1 DAGs
[2026-09-04T21:59:38.068+0000] {logging_mixin.py:188} INFO - [2026-09-04T21:59:38.068+0000] {dag.py:3823} INFO - Setting next_dagrun for air_quality_pipeline to 2026-09-04 21:05:00+00:00, run_after=2026-09-04 22:05:00+00:00
[2026-09-04T21:59:38.087+0000] {processor.py:183} INFO - Processing /opt/airflow/dags/spark_pipeline_dag.py took 0.086 seconds
[2026-09-04T22:00:08.446+0000] {processor.py:161} INFO - Started process (PID=61288) to work on /opt/airflow/dags/spark_pipeline_dag.py
[2026-09-04T22:00:08.447+0000] {processor.py:830} INFO - Processing file /opt/airflow/dags/spark_pipeline_dag.py for tasks to queue
[2026-09-04T22:00:08.448+0000] {logging_mixin.py:188} INFO - [2026-09-04T22:00:08.448+0000] {dagbag.py:538} INFO - Filling up the DagBag from /opt/airflow/dags/spark_pipeline_dag.py
[2026-09-04T22:00:08.469+0000] {processor.py:840} INFO - DAG(s) 'air_quality_pipeline' retrieved from /opt/airflow/dags/spark_pipeline_dag.py
[2026-09-04T22:00:08.487+0000] {logging_mixin.py:188} INFO - [2026-09-04T22:00:08.487+0000] {dag.py:3036} INFO - Sync 1 DAGs
[2026-09-04T22:00:08.505+0000] {logging_mixin.py:188} INFO - [2026-09-04T22:00:08.505+0000] {dag.py:3823} INFO - Setting next_dagrun for air_quality_pipeline to 2026-09-04 21:05:00+00:00, run_after=2026-09-04 22:05:00+00:00
[2026-09-04T22:00:08.523+0000] {processor.py:183} INFO - Processing /opt/airflow/dags/spark_pipeline_dag.py took 0.079 seconds
[2026-09-04T22:00:38.965+0000] {processor.py:161} INFO - Started process (PID=61298) to work on /opt/airflow/dags/spark_pipeline_dag.py
[2026-09-04T22:00:38.966+0000] {processor.py:830} INFO - Processing file /opt/airflow/dags/spark_pipeline_dag.py for tasks to queue
[2026-09-04T22:00:38.967+0000] {logging_mixin.py:188} INFO - [2026-09-04T22:00:38.967+0000] {dagbag.py:538} INFO - Filling up the DagBag from /opt/airflow/dags/spark_pipeline_dag.py
[2026-09-04T22:00:38.993+0000] {processor.py:840} INFO - DAG(s) 'air_quality_pipeline' retrieved from /opt/airflow/dags/spark_pipeline_dag.py
[2026-09-04T22:00:39.016+0000] {logging_mixin.py:188} INFO - [2026-09-04T22:00:39.015+0000] {dag.py:3036} INFO - Sync 1 DAGs
[2026-09-04T22:00:39.039+0000] {logging_mixin.py:188} INFO - [2026-09-04T22:00:39.039+0000] {dag.py:3823} INFO - Setting next_dagrun for air_quality_pipeline to 2026-09-04 21:05:00+00:00, run_after=2026-09-04 22:05:00+00:00
[2026-09-04T22:00:39.061+0000] {processor.py:183} INFO - Processing /opt/airflow/dags/spark_pipeline_dag.py took 0.099 seconds
[2026-09-04T22:01:09.430+0000] {processor.py:161} INFO - Started process (PID=61308) to work on /opt/airflow/dags/spark_pipeline_dag.py
[2026-09-04T22:01:09.432+0000] {processor.py:830} INFO - Processing file /opt/airflow/dags/spark_pipeline_dag.py for tasks to queue
[2026-09-04T22:01:09.432+0000] {logging_mixin.py:188} INFO - [2026-09-04T22:01:09.432+0000] {dagbag.py:538} INFO - Filling up the DagBag from /opt/airflow/dags/spark_pipeline_dag.py
[2026-09-04T22:01:09.454+0000] {processor.py:840} INFO - DAG(s) 'air_quality_pipeline' retrieved from /opt/airflow/dags/spark_pipeline_dag.py
[2026-09-04T22:01:09.475+0000] {logging_mixin.py:188} INFO - [2026-09-04T22:01:09.475+0000] {dag.py:3036} INFO - Sync 1 DAGs
[2026-09-04T22:01:09.498+0000] {logging_mixin.py:188} INFO - [2026-09-04T22:01:09.498+0000] {dag.py:3823} INFO - Setting next_dagrun for air_quality_pipeline to 2026-09-04 21:05:00+00:00, run_after=2026-09-04 22:05:00+00:00
[2026-09-04T22:01:09.521+0000] {processor.py:183} INFO - Processing /opt/airflow/dags/spark_pipeline_dag.py took 0.094 seconds
[2026-09-04T22:01:40.017+0000] {processor.py:161} INFO - Started process (PID=61318) to work on /opt/airflow/dags/spark_pipeline_dag.py
[2026-09-04T22:01:40.018+0000] {processor.py:830} INFO - Processing file /opt/airflow/dags/spark_pipeline_dag.py for tasks to queue
[2026-09-04T22:01:40.019+0000] {logging_mixin.py:188} INFO - [2026-09-04T22:01:40.019+0000] {dagbag.py:538} INFO - Filling up the DagBag from /opt/airflow/dags/spark_pipeline_dag.py
[2026-09-04T22:01:40.045+0000] {processor.py:840} INFO - DAG(s) 'air_quality_pipeline' retrieved from /opt/airflow/dags/spark_pipeline_dag.py
[2026-09-04T22:01:40.065+0000] {logging_mixin.py:188} INFO - [2026-09-04T22:01:40.065+0000] {dag.py:3036} INFO - Sync 1 DAGs
[2026-09-04T22:01:40.088+0000] {logging_mixin.py:188} INFO - [2026-09-04T22:01:40.088+0000] {dag.py:3823} INFO - Setting next_dagrun for air_quality_pipeline to 2026-09-04 21:05:00+00:00, run_after=2026-09-04 22:05:00+00:00
[2026-09-04T22:01:40.109+0000] {processor.py:183} INFO - Processing /opt/airflow/dags/spark_pipeline_dag.py took 0.096 seconds
[2026-09-04T22:02:10.500+0000] {processor.py:161} INFO - Started process (PID=61328) to work on /opt/airflow/dags/spark_pipeline_dag.py
[2026-09-04T22:02:10.501+0000] {processor.py:830} INFO - Processing file /opt/airflow/dags/spark_pipeline_dag.py for tasks to queue
[2026-09-04T22:02:10.502+0000] {logging_mixin.py:188} INFO - [2026-09-04T22:02:10.502+0000] {dagbag.py:538} INFO - Filling up the DagBag from /opt/airflow/dags/spark_pipeline_dag.py
[2026-09-04T22:02:10.527+0000] {processor.py:840} INFO - DAG(s) 'air_quality_pipeline' retrieved from /opt/airflow/dags/spark_pipeline_dag.py
[2026-09-04T22:02:10.548+0000] {logging_mixin.py:188} INFO - [2026-09-04T22:02:10.548+0000] {dag.py:3036} INFO - Sync 1 DAGs
[2026-09-04T22:02:10.572+0000] {logging_mixin.py:188} INFO - [2026-09-04T22:02:10.572+0000] {dag.py:3823} INFO - Setting next_dagrun for air_quality_pipeline to 2026-09-04 21:05:00+00:00, run_after=2026-09-04 22:05:00+00:00
[2026-09-04T22:02:10.592+0000] {processor.py:183} INFO - Processing /opt/airflow/dags/spark_pipeline_dag.py took 0.095 seconds
[2026-09-04T22:02:41.111+0000] {processor.py:161} INFO - Started process (PID=61338) to work on /opt/airflow/dags/spark_pipeline_dag.py
[2026-09-04T22:02:41.112+0000] {processor.py:830} INFO - Processing file /opt/airflow/dags/spark_pipeline_dag.py for tasks to queue
[2026-09-04T22:02:41.113+0000] {logging_mixin.py:188} INFO - [2026-09-04T22:02:41.113+0000] {dagbag.py:538} INFO - Filling up the DagBag from /opt/airflow/dags/spark_pipeline_dag.py
[2026-09-04T22:02:41.135+0000] {processor.py:840} INFO - DAG(s) 'air_quality_pipeline' retrieved from /opt/airflow/dags/spark_pipeline_dag.py
[2026-09-04T22:02:41.153+0000] {logging_mixin.py:188} INFO - [2026-09-04T22:02:41.153+0000] {dag.py:3036} INFO - Sync 1 DAGs
[2026-09-04T22:02:41.172+0000] {logging_mixin.py:188} INFO - [2026-09-04T22:02:41.172+0000] {dag.py:3823} INFO - Setting next_dagrun for air_quality_pipeline to 2026-09-04 21:05:00+00:00, run_after=2026-09-04 22:05:00+00:00
[2026-09-04T22:02:41.197+0000] {processor.py:183} INFO - Processing /opt/airflow/dags/spark_pipeline_dag.py took 0.089 seconds
[2026-09-04T22:03:11.621+0000] {processor.py:161} INFO - Started process (PID=61348) to work on /opt/airflow/dags/spark_pipeline_dag.py
[2026-09-04T22:03:11.622+0000] {processor.py:830} INFO - Processing file /opt/airflow/dags/spark_pipeline_dag.py for tasks to queue
[2026-09-04T22:03:11.623+0000] {logging_mixin.py:188} INFO - [2026-09-04T22:03:11.623+0000] {dagbag.py:538} INFO - Filling up the DagBag from /opt/airflow/dags/spark_pipeline_dag.py
[2026-09-04T22:03:11.642+0000] {processor.py:840} INFO - DAG(s) 'air_quality_pipeline' retrieved from /opt/airflow/dags/spark_pipeline_dag.py
[2026-09-04T22:03:11.661+0000] {logging_mixin.py:188} INFO - [2026-09-04T22:03:11.661+0000] {dag.py:3036} INFO - Sync 1 DAGs
[2026-09-04T22:03:11.681+0000] {logging_mixin.py:188} INFO - [2026-09-04T22:03:11.681+0000] {dag.py:3823} INFO - Setting next_dagrun for air_quality_pipeline to 2026-09-04 21:05:00+00:00, run_after=2026-09-04 22:05:00+00:00
[2026-09-04T22:03:11.699+0000] {processor.py:183} INFO - Processing /opt/airflow/dags/spark_pipeline_dag.py took 0.080 seconds
[2026-09-04T22:03:42.105+0000] {processor.py:161} INFO - Started process (PID=61358) to work on /opt/airflow/dags/spark_pipeline_dag.py
[2026-09-04T22:03:42.106+0000] {processor.py:830} INFO - Processing file /opt/airflow/dags/spark_pipeline_dag.py for tasks to queue
[2026-09-04T22:03:42.107+0000] {logging_mixin.py:188} INFO - [2026-09-04T22:03:42.107+0000] {dagbag.py:538} INFO - Filling up the DagBag from /opt/airflow/dags/spark_pipeline_dag.py
[2026-09-04T22:03:42.128+0000] {processor.py:840} INFO - DAG(s) 'air_quality_pipeline' retrieved from /opt/airflow/dags/spark_pipeline_dag.py
[2026-09-04T22:03:42.154+0000] {logging_mixin.py:188} INFO - [2026-09-04T22:03:42.154+0000] {dag.py:3036} INFO - Sync 1 DAGs
[2026-09-04T22:03:42.180+0000] {logging_mixin.py:188} INFO - [2026-09-04T22:03:42.180+0000] {dag.py:3823} INFO - Setting next_dagrun for air_quality_pipeline to 2026-09-04 21:05:00+00:00, run_after=2026-09-04 22:05:00+00:00
[2026-09-04T22:03:42.200+0000] {processor.py:183} INFO - Processing /opt/airflow/dags/spark_pipeline_dag.py took 0.098 seconds
[2026-09-04T22:04:12.588+0000] {processor.py:161} INFO - Started process (PID=61368) to work on /opt/airflow/dags/spark_pipeline_dag.py
[2026-09-04T22:04:12.589+0000] {processor.py:830} INFO - Processing file /opt/airflow/dags/spark_pipeline_dag.py for tasks to queue
[2026-09-04T22:04:12.590+0000] {logging_mixin.py:188} INFO - [2026-09-04T22:04:12.590+0000] {dagbag.py:538} INFO - Filling up the DagBag from /opt/airflow/dags/spark_pipeline_dag.py
[2026-09-04T22:04:12.614+0000] {processor.py:840} INFO - DAG(s) 'air_quality_pipeline' retrieved from /opt/airflow/dags/spark_pipeline_dag.py
[2026-09-04T22:04:12.632+0000] {logging_mixin.py:188} INFO - [2026-09-04T22:04:12.631+0000] {dag.py:3036} INFO - Sync 1 DAGs
[2026-09-04T22:04:12.652+0000] {logging_mixin.py:188} INFO - [2026-09-04T22:04:12.652+0000] {dag.py:3823} INFO - Setting next_dagrun for air_quality_pipeline to 2026-09-04 21:05:00+00:00, run_after=2026-09-04 22:05:00+00:00
[2026-09-04T22:04:12.672+0000] {processor.py:183} INFO - Processing /opt/airflow/dags/spark_pipeline_dag.py took 0.086 seconds
[2026-09-04T22:04:43.229+0000] {processor.py:161} INFO - Started process (PID=61378) to work on /opt/airflow/dags/spark_pipeline_dag.py
[2026-09-04T22:04:43.230+0000] {processor.py:830} INFO - Processing file /opt/airflow/dags/spark_pipeline_dag.py for tasks to queue
[2026-09-04T22:04:43.231+0000] {logging_mixin.py:188} INFO - [2026-09-04T22:04:43.231+0000] {dagbag.py:538} INFO - Filling up the DagBag from /opt/airflow/dags/spark_pipeline_dag.py
[2026-09-04T22:04:43.252+0000] {processor.py:840} INFO - DAG(s) 'air_quality_pipeline' retrieved from /opt/airflow/dags/spark_pipeline_dag.py
[2026-09-04T22:04:43.271+0000] {logging_mixin.py:188} INFO - [2026-09-04T22:04:43.270+0000] {dag.py:3036} INFO - Sync 1 DAGs
[2026-09-04T22:04:43.290+0000] {logging_mixin.py:188} INFO - [2026-09-04T22:04:43.290+0000] {dag.py:3823} INFO - Setting next_dagrun for air_quality_pipeline to 2026-09-04 21:05:00+00:00, run_after=2026-09-04 22:05:00+00:00
[2026-09-04T22:04:43.318+0000] {processor.py:183} INFO - Processing /opt/airflow/dags/spark_pipeline_dag.py took 0.091 seconds
[2026-09-04T22:05:13.808+0000] {processor.py:161} INFO - Started process (PID=61390) to work on /opt/airflow/dags/spark_pipeline_dag.py
[2026-09-04T22:05:13.809+0000] {processor.py:830} INFO - Processing file /opt/airflow/dags/spark_pipeline_dag.py for tasks to queue
[2026-09-04T22:05:13.812+0000] {logging_mixin.py:188} INFO - [2026-09-04T22:05:13.812+0000] {dagbag.py:538} INFO - Filling up the DagBag from /opt/airflow/dags/spark_pipeline_dag.py
[2026-09-04T22:05:13.847+0000] {processor.py:840} INFO - DAG(s) 'air_quality_pipeline' retrieved from /opt/airflow/dags/spark_pipeline_dag.py
[2026-09-04T22:05:13.875+0000] {logging_mixin.py:188} INFO - [2026-09-04T22:05:13.875+0000] {dag.py:3036} INFO - Sync 1 DAGs
[2026-09-04T22:05:13.899+0000] {logging_mixin.py:188} INFO - [2026-09-04T22:05:13.898+0000] {dag.py:3823} INFO - Setting next_dagrun for air_quality_pipeline to 2026-09-04 22:05:00+00:00, run_after=2026-09-04 23:05:00+00:00
[2026-09-04T22:05:13.920+0000] {processor.py:183} INFO - Processing /opt/airflow/dags/spark_pipeline_dag.py took 0.117 seconds
[2026-09-04T22:05:44.380+0000] {processor.py:161} INFO - Started process (PID=61400) to work on /opt/airflow/dags/spark_pipeline_dag.py
[2026-09-04T22:05:44.382+0000] {processor.py:830} INFO - Processing file /opt/airflow/dags/spark_pipeline_dag.py for tasks to queue
[2026-09-04T22:05:44.383+0000] {logging_mixin.py:188} INFO - [2026-09-04T22:05:44.383+0000] {dagbag.py:538} INFO - Filling up the DagBag from /opt/airflow/dags/spark_pipeline_dag.py
[2026-09-04T22:05:44.408+0000] {processor.py:840} INFO - DAG(s) 'air_quality_pipeline' retrieved from /opt/airflow/dags/spark_pipeline_dag.py
[2026-09-04T22:05:44.429+0000] {logging_mixin.py:188} INFO - [2026-09-04T22:05:44.428+0000] {dag.py:3036} INFO - Sync 1 DAGs
[2026-09-04T22:05:44.448+0000] {logging_mixin.py:188} INFO - [2026-09-04T22:05:44.448+0000] {dag.py:3823} INFO - Setting next_dagrun for air_quality_pipeline to 2026-09-04 22:05:00+00:00, run_after=2026-09-04 23:05:00+00:00
[2026-09-04T22:05:44.465+0000] {processor.py:183} INFO - Processing /opt/airflow/dags/spark_pipeline_dag.py took 0.088 seconds
[2026-09-04T22:06:14.939+0000] {processor.py:161} INFO - Started process (PID=61410) to work on /opt/airflow/dags/spark_pipeline_dag.py
[2026-09-04T22:06:14.940+0000] {processor.py:830} INFO - Processing file /opt/airflow/dags/spark_pipeline_dag.py for tasks to queue
[2026-09-04T22:06:14.943+0000] {logging_mixin.py:188} INFO - [2026-09-04T22:06:14.942+0000] {dagbag.py:538} INFO - Filling up the DagBag from /opt/airflow/dags/spark_pipeline_dag.py
[2026-09-04T22:06:14.972+0000] {processor.py:840} INFO - DAG(s) 'air_quality_pipeline' retrieved from /opt/airflow/dags/spark_pipeline_dag.py
[2026-09-04T22:06:14.992+0000] {logging_mixin.py:188} INFO - [2026-09-04T22:06:14.992+0000] {dag.py:3036} INFO - Sync 1 DAGs
[2026-09-04T22:06:15.013+0000] {logging_mixin.py:188} INFO - [2026-09-04T22:06:15.013+0000] {dag.py:3823} INFO - Setting next_dagrun for air_quality_pipeline to 2026-09-04 22:05:00+00:00, run_after=2026-09-04 23:05:00+00:00
[2026-09-04T22:06:15.032+0000] {processor.py:183} INFO - Processing /opt/airflow/dags/spark_pipeline_dag.py took 0.096 seconds
[2026-09-04T22:06:45.519+0000] {processor.py:161} INFO - Started process (PID=61420) to work on /opt/airflow/dags/spark_pipeline_dag.py
[2026-09-04T22:06:45.520+0000] {processor.py:830} INFO - Processing file /opt/airflow/dags/spark_pipeline_dag.py for tasks to queue
[2026-09-04T22:06:45.522+0000] {logging_mixin.py:188} INFO - [2026-09-04T22:06:45.521+0000] {dagbag.py:538} INFO - Filling up the DagBag from /opt/airflow/dags/spark_pipeline_dag.py
[2026-09-04T22:06:45.541+0000] {processor.py:840} INFO - DAG(s) 'air_quality_pipeline' retrieved from /opt/airflow/dags/spark_pipeline_dag.py
[2026-09-04T22:06:45.559+0000] {logging_mixin.py:188} INFO - [2026-09-04T22:06:45.559+0000] {dag.py:3036} INFO - Sync 1 DAGs
[2026-09-04T22:06:45.578+0000] {logging_mixin.py:188} INFO - [2026-09-04T22:06:45.578+0000] {dag.py:3823} INFO - Setting next_dagrun for air_quality_pipeline to 2026-09-04 22:05:00+00:00, run_after=2026-09-04 23:05:00+00:00
[2026-09-04T22:06:45.594+0000] {processor.py:183} INFO - Processing /opt/airflow/dags/spark_pipeline_dag.py took 0.077 seconds
[2026-09-04T22:07:16.287+0000] {processor.py:161} INFO - Started process (PID=61430) to work on /opt/airflow/dags/spark_pipeline_dag.py
[2026-09-04T22:07:16.288+0000] {processor.py:830} INFO - Processing file /opt/airflow/dags/spark_pipeline_dag.py for tasks to queue
[2026-09-04T22:07:16.289+0000] {logging_mixin.py:188} INFO - [2026-09-04T22:07:16.289+0000] {dagbag.py:538} INFO - Filling up the DagBag from /opt/airflow/dags/spark_pipeline_dag.py
[2026-09-04T22:07:16.308+0000] {processor.py:840} INFO - DAG(s) 'air_quality_pipeline' retrieved from /opt/airflow/dags/spark_pipeline_dag.py
[2026-09-04T22:07:16.327+0000] {logging_mixin.py:188} INFO - [2026-09-04T22:07:16.327+0000] {dag.py:3036} INFO - Sync 1 DAGs
[2026-09-04T22:07:16.347+0000] {logging_mixin.py:188} INFO - [2026-09-04T22:07:16.346+0000] {dag.py:3823} INFO - Setting next_dagrun for air_quality_pipeline to 2026-09-04 22:05:00+00:00, run_after=2026-09-04 23:05:00+00:00
[2026-09-04T22:07:16.367+0000] {processor.py:183} INFO - Processing /opt/airflow/dags/spark_pipeline_dag.py took 0.083 seconds
[2026-09-04T22:07:46.891+0000] {processor.py:161} INFO - Started process (PID=61440) to work on /opt/airflow/dags/spark_pipeline_dag.py
[2026-09-04T22:07:46.893+0000] {processor.py:830} INFO - Processing file /opt/airflow/dags/spark_pipeline_dag.py for tasks to queue
[2026-09-04T22:07:46.894+0000] {logging_mixin.py:188} INFO - [2026-09-04T22:07:46.894+0000] {dagbag.py:538} INFO - Filling up the DagBag from /opt/airflow/dags/spark_pipeline_dag.py
[2026-09-04T22:07:46.910+0000] {processor.py:840} INFO - DAG(s) 'air_quality_pipeline' retrieved from /opt/airflow/dags/spark_pipeline_dag.py
[2026-09-04T22:07:46.928+0000] {logging_mixin.py:188} INFO - [2026-09-04T22:07:46.928+0000] {dag.py:3036} INFO - Sync 1 DAGs
[2026-09-04T22:07:46.948+0000] {logging_mixin.py:188} INFO - [2026-09-04T22:07:46.948+0000] {dag.py:3823} INFO - Setting next_dagrun for air_quality_pipeline to 2026-09-04 22:05:00+00:00, run_after=2026-09-04 23:05:00+00:00
[2026-09-04T22:07:46.966+0000] {processor.py:183} INFO - Processing /opt/airflow/dags/spark_pipeline_dag.py took 0.077 seconds
[2026-09-04T22:08:17.326+0000] {processor.py:161} INFO - Started process (PID=61450) to work on /opt/airflow/dags/spark_pipeline_dag.py
[2026-09-04T22:08:17.328+0000] {processor.py:830} INFO - Processing file /opt/airflow/dags/spark_pipeline_dag.py for tasks to queue
[2026-09-04T22:08:17.328+0000] {logging_mixin.py:188} INFO - [2026-09-04T22:08:17.328+0000] {dagbag.py:538} INFO - Filling up the DagBag from /opt/airflow/dags/spark_pipeline_dag.py
[2026-09-04T22:08:17.349+0000] {processor.py:840} INFO - DAG(s) 'air_quality_pipeline' retrieved from /opt/airflow/dags/spark_pipeline_dag.py
[2026-09-04T22:08:17.369+0000] {logging_mixin.py:188} INFO - [2026-09-04T22:08:17.369+0000] {dag.py:3036} INFO - Sync 1 DAGs
[2026-09-04T22:08:17.390+0000] {logging_mixin.py:188} INFO - [2026-09-04T22:08:17.390+0000] {dag.py:3823} INFO - Setting next_dagrun for air_quality_pipeline to 2026-09-04 22:05:00+00:00, run_after=2026-09-04 23:05:00+00:00
[2026-09-04T22:08:17.409+0000] {processor.py:183} INFO - Processing /opt/airflow/dags/spark_pipeline_dag.py took 0.086 seconds
[2026-09-04T22:08:47.816+0000] {processor.py:161} INFO - Started process (PID=61460) to work on /opt/airflow/dags/spark_pipeline_dag.py
[2026-09-04T22:08:47.818+0000] {processor.py:830} INFO - Processing file /opt/airflow/dags/spark_pipeline_dag.py for tasks to queue
[2026-09-04T22:08:47.819+0000] {logging_mixin.py:188} INFO - [2026-09-04T22:08:47.819+0000] {dagbag.py:538} INFO - Filling up the DagBag from /opt/airflow/dags/spark_pipeline_dag.py
[2026-09-04T22:08:47.842+0000] {processor.py:840} INFO - DAG(s) 'air_quality_pipeline' retrieved from /opt/airflow/dags/spark_pipeline_dag.py
[2026-09-04T22:08:47.862+0000] {logging_mixin.py:188} INFO - [2026-09-04T22:08:47.862+0000] {dag.py:3036} INFO - Sync 1 DAGs
[2026-09-04T22:08:47.882+0000] {logging_mixin.py:188} INFO - [2026-09-04T22:08:47.881+0000] {dag.py:3823} INFO - Setting next_dagrun for air_quality_pipeline to 2026-09-04 22:05:00+00:00, run_after=2026-09-04 23:05:00+00:00
[2026-09-04T22:08:47.901+0000] {processor.py:183} INFO - Processing /opt/airflow/dags/spark_pipeline_dag.py took 0.087 seconds
[2026-09-04T22:09:18.276+0000] {processor.py:161} INFO - Started process (PID=61470) to work on /opt/airflow/dags/spark_pipeline_dag.py
[2026-09-04T22:09:18.277+0000] {processor.py:830} INFO - Processing file /opt/airflow/dags/spark_pipeline_dag.py for tasks to queue
[2026-09-04T22:09:18.278+0000] {logging_mixin.py:188} INFO - [2026-09-04T22:09:18.278+0000] {dagbag.py:538} INFO - Filling up the DagBag from /opt/airflow/dags/spark_pipeline_dag.py
[2026-09-04T22:09:18.306+0000] {processor.py:840} INFO - DAG(s) 'air_quality_pipeline' retrieved from /opt/airflow/dags/spark_pipeline_dag.py
[2026-09-04T22:09:18.329+0000] {logging_mixin.py:188} INFO - [2026-09-04T22:09:18.328+0000] {dag.py:3036} INFO - Sync 1 DAGs
[2026-09-04T22:09:18.349+0000] {logging_mixin.py:188} INFO - [2026-09-04T22:09:18.349+0000] {dag.py:3823} INFO - Setting next_dagrun for air_quality_pipeline to 2026-09-04 22:05:00+00:00, run_after=2026-09-04 23:05:00+00:00
[2026-09-04T22:09:18.367+0000] {processor.py:183} INFO - Processing /opt/airflow/dags/spark_pipeline_dag.py took 0.095 seconds
[2026-09-04T22:09:48.818+0000] {processor.py:161} INFO - Started process (PID=61480) to work on /opt/airflow/dags/spark_pipeline_dag.py
[2026-09-04T22:09:48.826+0000] {processor.py:830} INFO - Processing file /opt/airflow/dags/spark_pipeline_dag.py for tasks to queue
[2026-09-04T22:09:48.827+0000] {logging_mixin.py:188} INFO - [2026-09-04T22:09:48.827+0000] {dagbag.py:538} INFO - Filling up the DagBag from /opt/airflow/dags/spark_pipeline_dag.py
[2026-09-04T22:09:48.852+0000] {processor.py:840} INFO - DAG(s) 'air_quality_pipeline' retrieved from /opt/airflow/dags/spark_pipeline_dag.py
[2026-09-04T22:09:48.870+0000] {logging_mixin.py:188} INFO - [2026-09-04T22:09:48.870+0000] {dag.py:3036} INFO - Sync 1 DAGs
[2026-09-04T22:09:48.889+0000] {logging_mixin.py:188} INFO - [2026-09-04T22:09:48.889+0000] {dag.py:3823} INFO - Setting next_dagrun for air_quality_pipeline to 2026-09-04 22:05:00+00:00, run_after=2026-09-04 23:05:00+00:00
[2026-09-04T22:09:48.906+0000] {processor.py:183} INFO - Processing /opt/airflow/dags/spark_pipeline_dag.py took 0.091 seconds
[2026-09-04T22:10:19.252+0000] {processor.py:161} INFO - Started process (PID=61490) to work on /opt/airflow/dags/spark_pipeline_dag.py
[2026-09-04T22:10:19.253+0000] {processor.py:830} INFO - Processing file /opt/airflow/dags/spark_pipeline_dag.py for tasks to queue
[2026-09-04T22:10:19.254+0000] {logging_mixin.py:188} INFO - [2026-09-04T22:10:19.254+0000] {dagbag.py:538} INFO - Filling up the DagBag from /opt/airflow/dags/spark_pipeline_dag.py
[2026-09-04T22:10:19.278+0000] {processor.py:840} INFO - DAG(s) 'air_quality_pipeline' retrieved from /opt/airflow/dags/spark_pipeline_dag.py
[2026-09-04T22:10:19.296+0000] {logging_mixin.py:188} INFO - [2026-09-04T22:10:19.295+0000] {dag.py:3036} INFO - Sync 1 DAGs
[2026-09-04T22:10:19.313+0000] {logging_mixin.py:188} INFO - [2026-09-04T22:10:19.312+0000] {dag.py:3823} INFO - Setting next_dagrun for air_quality_pipeline to 2026-09-04 22:05:00+00:00, run_after=2026-09-04 23:05:00+00:00
[2026-09-04T22:10:19.331+0000] {processor.py:183} INFO - Processing /opt/airflow/dags/spark_pipeline_dag.py took 0.082 seconds
[2026-09-04T22:10:49.708+0000] {processor.py:161} INFO - Started process (PID=61500) to work on /opt/airflow/dags/spark_pipeline_dag.py
[2026-09-04T22:10:49.709+0000] {processor.py:830} INFO - Processing file /opt/airflow/dags/spark_pipeline_dag.py for tasks to queue
[2026-09-04T22:10:49.710+0000] {logging_mixin.py:188} INFO - [2026-09-04T22:10:49.710+0000] {dagbag.py:538} INFO - Filling up the DagBag from /opt/airflow/dags/spark_pipeline_dag.py
[2026-09-04T22:10:49.733+0000] {processor.py:840} INFO - DAG(s) 'air_quality_pipeline' retrieved from /opt/airflow/dags/spark_pipeline_dag.py
[2026-09-04T22:10:49.752+0000] {logging_mixin.py:188} INFO - [2026-09-04T22:10:49.752+0000] {dag.py:3036} INFO - Sync 1 DAGs
[2026-09-04T22:10:49.770+0000] {logging_mixin.py:188} INFO - [2026-09-04T22:10:49.769+0000] {dag.py:3823} INFO - Setting next_dagrun for air_quality_pipeline to 2026-09-04 22:05:00+00:00, run_after=2026-09-04 23:05:00+00:00
[2026-09-04T22:10:49.786+0000] {processor.py:183} INFO - Processing /opt/airflow/dags/spark_pipeline_dag.py took 0.081 seconds
[2026-09-04T22:11:20.319+0000] {processor.py:161} INFO - Started process (PID=61510) to work on /opt/airflow/dags/spark_pipeline_dag.py
[2026-09-04T22:11:20.321+0000] {processor.py:830} INFO - Processing file /opt/airflow/dags/spark_pipeline_dag.py for tasks to queue
[2026-09-04T22:11:20.322+0000] {logging_mixin.py:188} INFO - [2026-09-04T22:11:20.322+0000] {dagbag.py:538} INFO - Filling up the DagBag from /opt/airflow/dags/spark_pipeline_dag.py
[2026-09-04T22:11:20.347+0000] {processor.py:840} INFO - DAG(s) 'air_quality_pipeline' retrieved from /opt/airflow/dags/spark_pipeline_dag.py
[2026-09-04T22:11:20.365+0000] {logging_mixin.py:188} INFO - [2026-09-04T22:11:20.365+0000] {dag.py:3036} INFO - Sync 1 DAGs
[2026-09-04T22:11:20.386+0000] {logging_mixin.py:188} INFO - [2026-09-04T22:11:20.385+0000] {dag.py:3823} INFO - Setting next_dagrun for air_quality_pipeline to 2026-09-04 22:05:00+00:00, run_after=2026-09-04 23:05:00+00:00
[2026-09-04T22:11:20.405+0000] {processor.py:183} INFO - Processing /opt/airflow/dags/spark_pipeline_dag.py took 0.089 seconds
[2026-09-04T22:11:51.005+0000] {processor.py:161} INFO - Started process (PID=61520) to work on /opt/airflow/dags/spark_pipeline_dag.py
[2026-09-04T22:11:51.006+0000] {processor.py:830} INFO - Processing file /opt/airflow/dags/spark_pipeline_dag.py for tasks to queue
[2026-09-04T22:11:51.007+0000] {logging_mixin.py:188} INFO - [2026-09-04T22:11:51.007+0000] {dagbag.py:538} INFO - Filling up the DagBag from /opt/airflow/dags/spark_pipeline_dag.py
[2026-09-04T22:11:51.028+0000] {processor.py:840} INFO - DAG(s) 'air_quality_pipeline' retrieved from /opt/airflow/dags/spark_pipeline_dag.py
[2026-09-04T22:11:51.045+0000] {logging_mixin.py:188} INFO - [2026-09-04T22:11:51.045+0000] {dag.py:3036} INFO - Sync 1 DAGs
[2026-09-04T22:11:51.062+0000] {logging_mixin.py:188} INFO - [2026-09-04T22:11:51.062+0000] {dag.py:3823} INFO - Setting next_dagrun for air_quality_pipeline to 2026-09-04 22:05:00+00:00, run_after=2026-09-04 23:05:00+00:00
[2026-09-04T22:11:51.080+0000] {processor.py:183} INFO - Processing /opt/airflow/dags/spark_pipeline_dag.py took 0.078 seconds
[2026-09-04T22:12:21.533+0000] {processor.py:161} INFO - Started process (PID=61530) to work on /opt/airflow/dags/spark_pipeline_dag.py
[2026-09-04T22:12:21.535+0000] {processor.py:830} INFO - Processing file /opt/airflow/dags/spark_pipeline_dag.py for tasks to queue
[2026-09-04T22:12:21.536+0000] {logging_mixin.py:188} INFO - [2026-09-04T22:12:21.535+0000] {dagbag.py:538} INFO - Filling up the DagBag from /opt/airflow/dags/spark_pipeline_dag.py
[2026-09-04T22:12:21.554+0000] {processor.py:840} INFO - DAG(s) 'air_quality_pipeline' retrieved from /opt/airflow/dags/spark_pipeline_dag.py
[2026-09-04T22:12:21.572+0000] {logging_mixin.py:188} INFO - [2026-09-04T22:12:21.572+0000] {dag.py:3036} INFO - Sync 1 DAGs
[2026-09-04T22:12:21.589+0000] {logging_mixin.py:188} INFO - [2026-09-04T22:12:21.589+0000] {dag.py:3823} INFO - Setting next_dagrun for air_quality_pipeline to 2026-09-04 22:05:00+00:00, run_after=2026-09-04 23:05:00+00:00
[2026-09-04T22:12:21.605+0000] {processor.py:183} INFO - Processing /opt/airflow/dags/spark_pipeline_dag.py took 0.074 seconds
[2026-09-04T22:12:51.963+0000] {processor.py:161} INFO - Started process (PID=61540) to work on /opt/airflow/dags/spark_pipeline_dag.py
[2026-09-04T22:12:51.965+0000] {processor.py:830} INFO - Processing file /opt/airflow/dags/spark_pipeline_dag.py for tasks to queue
[2026-09-04T22:12:51.967+0000] {logging_mixin.py:188} INFO - [2026-09-04T22:12:51.966+0000] {dagbag.py:538} INFO - Filling up the DagBag from /opt/airflow/dags/spark_pipeline_dag.py
[2026-09-04T22:12:52.002+0000] {processor.py:840} INFO - DAG(s) 'air_quality_pipeline' retrieved from /opt/airflow/dags/spark_pipeline_dag.py
[2026-09-04T22:12:52.053+0000] {logging_mixin.py:188} INFO - [2026-09-04T22:12:52.052+0000] {dag.py:3036} INFO - Sync 1 DAGs
[2026-09-04T22:12:52.097+0000] {logging_mixin.py:188} INFO - [2026-09-04T22:12:52.097+0000] {dag.py:3823} INFO - Setting next_dagrun for air_quality_pipeline to 2026-09-04 22:05:00+00:00, run_after=2026-09-04 23:05:00+00:00
[2026-09-04T22:12:52.126+0000] {processor.py:183} INFO - Processing /opt/airflow/dags/spark_pipeline_dag.py took 0.165 seconds
[2026-09-04T22:13:22.416+0000] {processor.py:161} INFO - Started process (PID=61550) to work on /opt/airflow/dags/spark_pipeline_dag.py
[2026-09-04T22:13:22.417+0000] {processor.py:830} INFO - Processing file /opt/airflow/dags/spark_pipeline_dag.py for tasks to queue
[2026-09-04T22:13:22.418+0000] {logging_mixin.py:188} INFO - [2026-09-04T22:13:22.418+0000] {dagbag.py:538} INFO - Filling up the DagBag from /opt/airflow/dags/spark_pipeline_dag.py
[2026-09-04T22:13:22.442+0000] {processor.py:840} INFO - DAG(s) 'air_quality_pipeline' retrieved from /opt/airflow/dags/spark_pipeline_dag.py
[2026-09-04T22:13:22.464+0000] {logging_mixin.py:188} INFO - [2026-09-04T22:13:22.464+0000] {dag.py:3036} INFO - Sync 1 DAGs
[2026-09-04T22:13:22.488+0000] {logging_mixin.py:188} INFO - [2026-09-04T22:13:22.488+0000] {dag.py:3823} INFO - Setting next_dagrun for air_quality_pipeline to 2026-09-04 22:05:00+00:00, run_after=2026-09-04 23:05:00+00:00
[2026-09-04T22:13:22.510+0000] {processor.py:183} INFO - Processing /opt/airflow/dags/spark_pipeline_dag.py took 0.098 seconds
[2026-09-04T22:13:52.828+0000] {processor.py:161} INFO - Started process (PID=61560) to work on /opt/airflow/dags/spark_pipeline_dag.py
[2026-09-04T22:13:52.830+0000] {processor.py:830} INFO - Processing file /opt/airflow/dags/spark_pipeline_dag.py for tasks to queue
[2026-09-04T22:13:52.831+0000] {logging_mixin.py:188} INFO - [2026-09-04T22:13:52.831+0000] {dagbag.py:538} INFO - Filling up the DagBag from /opt/airflow/dags/spark_pipeline_dag.py
[2026-09-04T22:13:52.859+0000] {processor.py:840} INFO - DAG(s) 'air_quality_pipeline' retrieved from /opt/airflow/dags/spark_pipeline_dag.py
[2026-09-04T22:13:52.886+0000] {logging_mixin.py:188} INFO - [2026-09-04T22:13:52.885+0000] {dag.py:3036} INFO - Sync 1 DAGs
[2026-09-04T22:13:52.923+0000] {logging_mixin.py:188} INFO - [2026-09-04T22:13:52.923+0000] {dag.py:3823} INFO - Setting next_dagrun for air_quality_pipeline to 2026-09-04 22:05:00+00:00, run_after=2026-09-04 23:05:00+00:00
[2026-09-04T22:13:52.951+0000] {processor.py:183} INFO - Processing /opt/airflow/dags/spark_pipeline_dag.py took 0.127 seconds
[2026-09-04T22:14:23.265+0000] {processor.py:161} INFO - Started process (PID=61570) to work on /opt/airflow/dags/spark_pipeline_dag.py
[2026-09-04T22:14:23.266+0000] {processor.py:830} INFO - Processing file /opt/airflow/dags/spark_pipeline_dag.py for tasks to queue
[2026-09-04T22:14:23.267+0000] {logging_mixin.py:188} INFO - [2026-09-04T22:14:23.267+0000] {dagbag.py:538} INFO - Filling up the DagBag from /opt/airflow/dags/spark_pipeline_dag.py
[2026-09-04T22:14:23.295+0000] {processor.py:840} INFO - DAG(s) 'air_quality_pipeline' retrieved from /opt/airflow/dags/spark_pipeline_dag.py
[2026-09-04T22:14:23.320+0000] {logging_mixin.py:188} INFO - [2026-09-04T22:14:23.319+0000] {dag.py:3036} INFO - Sync 1 DAGs
[2026-09-04T22:14:23.346+0000] {logging_mixin.py:188} INFO - [2026-09-04T22:14:23.346+0000] {dag.py:3823} INFO - Setting next_dagrun for air_quality_pipeline to 2026-09-04 22:05:00+00:00, run_after=2026-09-04 23:05:00+00:00
[2026-09-04T22:14:23.370+0000] {processor.py:183} INFO - Processing /opt/airflow/dags/spark_pipeline_dag.py took 0.109 seconds
[2026-09-04T22:14:53.710+0000] {processor.py:161} INFO - Started process (PID=61580) to work on /opt/airflow/dags/spark_pipeline_dag.py
[2026-09-04T22:14:53.712+0000] {processor.py:830} INFO - Processing file /opt/airflow/dags/spark_pipeline_dag.py for tasks to queue
[2026-09-04T22:14:53.713+0000] {logging_mixin.py:188} INFO - [2026-09-04T22:14:53.713+0000] {dagbag.py:538} INFO - Filling up the DagBag from /opt/airflow/dags/spark_pipeline_dag.py
[2026-09-04T22:14:53.735+0000] {processor.py:840} INFO - DAG(s) 'air_quality_pipeline' retrieved from /opt/airflow/dags/spark_pipeline_dag.py
[2026-09-04T22:14:53.755+0000] {logging_mixin.py:188} INFO - [2026-09-04T22:14:53.755+0000] {dag.py:3036} INFO - Sync 1 DAGs
[2026-09-04T22:14:53.778+0000] {logging_mixin.py:188} INFO - [2026-09-04T22:14:53.778+0000] {dag.py:3823} INFO - Setting next_dagrun for air_quality_pipeline to 2026-09-04 22:05:00+00:00, run_after=2026-09-04 23:05:00+00:00
[2026-09-04T22:14:53.797+0000] {processor.py:183} INFO - Processing /opt/airflow/dags/spark_pipeline_dag.py took 0.089 seconds
[2026-09-04T22:15:24.214+0000] {processor.py:161} INFO - Started process (PID=61590) to work on /opt/airflow/dags/spark_pipeline_dag.py
[2026-09-04T22:15:24.215+0000] {processor.py:830} INFO - Processing file /opt/airflow/dags/spark_pipeline_dag.py for tasks to queue
[2026-09-04T22:15:24.216+0000] {logging_mixin.py:188} INFO - [2026-09-04T22:15:24.215+0000] {dagbag.py:538} INFO - Filling up the DagBag from /opt/airflow/dags/spark_pipeline_dag.py
[2026-09-04T22:15:24.235+0000] {processor.py:840} INFO - DAG(s) 'air_quality_pipeline' retrieved from /opt/airflow/dags/spark_pipeline_dag.py
[2026-09-04T22:15:24.257+0000] {logging_mixin.py:188} INFO - [2026-09-04T22:15:24.257+0000] {dag.py:3036} INFO - Sync 1 DAGs
[2026-09-04T22:15:24.277+0000] {logging_mixin.py:188} INFO - [2026-09-04T22:15:24.277+0000] {dag.py:3823} INFO - Setting next_dagrun for air_quality_pipeline to 2026-09-04 22:05:00+00:00, run_after=2026-09-04 23:05:00+00:00
[2026-09-04T22:15:24.296+0000] {processor.py:183} INFO - Processing /opt/airflow/dags/spark_pipeline_dag.py took 0.085 seconds
[2026-09-04T22:15:54.707+0000] {processor.py:161} INFO - Started process (PID=61600) to work on /opt/airflow/dags/spark_pipeline_dag.py
[2026-09-04T22:15:54.709+0000] {processor.py:830} INFO - Processing file /opt/airflow/dags/spark_pipeline_dag.py for tasks to queue
[2026-09-04T22:15:54.710+0000] {logging_mixin.py:188} INFO - [2026-09-04T22:15:54.709+0000] {dagbag.py:538} INFO - Filling up the DagBag from /opt/airflow/dags/spark_pipeline_dag.py
[2026-09-04T22:15:54.738+0000] {processor.py:840} INFO - DAG(s) 'air_quality_pipeline' retrieved from /opt/airflow/dags/spark_pipeline_dag.py
[2026-09-04T22:15:54.761+0000] {logging_mixin.py:188} INFO - [2026-09-04T22:15:54.761+0000] {dag.py:3036} INFO - Sync 1 DAGs
[2026-09-04T22:15:54.784+0000] {logging_mixin.py:188} INFO - [2026-09-04T22:15:54.784+0000] {dag.py:3823} INFO - Setting next_dagrun for air_quality_pipeline to 2026-09-04 22:05:00+00:00, run_after=2026-09-04 23:05:00+00:00
[2026-09-04T22:15:54.804+0000] {processor.py:183} INFO - Processing /opt/airflow/dags/spark_pipeline_dag.py took 0.102 seconds
[2026-09-04T22:16:25.194+0000] {processor.py:161} INFO - Started process (PID=61610) to work on /opt/airflow/dags/spark_pipeline_dag.py
[2026-09-04T22:16:25.195+0000] {processor.py:830} INFO - Processing file /opt/airflow/dags/spark_pipeline_dag.py for tasks to queue
[2026-09-04T22:16:25.198+0000] {logging_mixin.py:188} INFO - [2026-09-04T22:16:25.197+0000] {dagbag.py:538} INFO - Filling up the DagBag from /opt/airflow/dags/spark_pipeline_dag.py
[2026-09-04T22:16:25.223+0000] {processor.py:840} INFO - DAG(s) 'air_quality_pipeline' retrieved from /opt/airflow/dags/spark_pipeline_dag.py
[2026-09-04T22:16:25.245+0000] {logging_mixin.py:188} INFO - [2026-09-04T22:16:25.244+0000] {dag.py:3036} INFO - Sync 1 DAGs
[2026-09-04T22:16:25.265+0000] {logging_mixin.py:188} INFO - [2026-09-04T22:16:25.265+0000] {dag.py:3823} INFO - Setting next_dagrun for air_quality_pipeline to 2026-09-04 22:05:00+00:00, run_after=2026-09-04 23:05:00+00:00
[2026-09-04T22:16:25.283+0000] {processor.py:183} INFO - Processing /opt/airflow/dags/spark_pipeline_dag.py took 0.093 seconds
[2026-09-04T22:16:55.634+0000] {processor.py:161} INFO - Started process (PID=61620) to work on /opt/airflow/dags/spark_pipeline_dag.py
[2026-09-04T22:16:55.635+0000] {processor.py:830} INFO - Processing file /opt/airflow/dags/spark_pipeline_dag.py for tasks to queue
[2026-09-04T22:16:55.636+0000] {logging_mixin.py:188} INFO - [2026-09-04T22:16:55.636+0000] {dagbag.py:538} INFO - Filling up the DagBag from /opt/airflow/dags/spark_pipeline_dag.py
[2026-09-04T22:16:55.658+0000] {processor.py:840} INFO - DAG(s) 'air_quality_pipeline' retrieved from /opt/airflow/dags/spark_pipeline_dag.py
[2026-09-04T22:16:55.680+0000] {logging_mixin.py:188} INFO - [2026-09-04T22:16:55.680+0000] {dag.py:3036} INFO - Sync 1 DAGs
[2026-09-04T22:16:55.701+0000] {logging_mixin.py:188} INFO - [2026-09-04T22:16:55.701+0000] {dag.py:3823} INFO - Setting next_dagrun for air_quality_pipeline to 2026-09-04 22:05:00+00:00, run_after=2026-09-04 23:05:00+00:00
[2026-09-04T22:16:55.719+0000] {processor.py:183} INFO - Processing /opt/airflow/dags/spark_pipeline_dag.py took 0.088 seconds
[2026-09-04T22:17:26.180+0000] {processor.py:161} INFO - Started process (PID=61630) to work on /opt/airflow/dags/spark_pipeline_dag.py
[2026-09-04T22:17:26.181+0000] {processor.py:830} INFO - Processing file /opt/airflow/dags/spark_pipeline_dag.py for tasks to queue
[2026-09-04T22:17:26.182+0000] {logging_mixin.py:188} INFO - [2026-09-04T22:17:26.182+0000] {dagbag.py:538} INFO - Filling up the DagBag from /opt/airflow/dags/spark_pipeline_dag.py
[2026-09-04T22:17:26.207+0000] {processor.py:840} INFO - DAG(s) 'air_quality_pipeline' retrieved from /opt/airflow/dags/spark_pipeline_dag.py
[2026-09-04T22:17:26.233+0000] {logging_mixin.py:188} INFO - [2026-09-04T22:17:26.233+0000] {dag.py:3036} INFO - Sync 1 DAGs
[2026-09-04T22:17:26.259+0000] {logging_mixin.py:188} INFO - [2026-09-04T22:17:26.258+0000] {dag.py:3823} INFO - Setting next_dagrun for air_quality_pipeline to 2026-09-04 22:05:00+00:00, run_after=2026-09-04 23:05:00+00:00
[2026-09-04T22:17:26.282+0000] {processor.py:183} INFO - Processing /opt/airflow/dags/spark_pipeline_dag.py took 0.106 seconds
[2026-09-04T22:17:56.658+0000] {processor.py:161} INFO - Started process (PID=61640) to work on /opt/airflow/dags/spark_pipeline_dag.py
[2026-09-04T22:17:56.659+0000] {processor.py:830} INFO - Processing file /opt/airflow/dags/spark_pipeline_dag.py for tasks to queue
[2026-09-04T22:17:56.660+0000] {logging_mixin.py:188} INFO - [2026-09-04T22:17:56.660+0000] {dagbag.py:538} INFO - Filling up the DagBag from /opt/airflow/dags/spark_pipeline_dag.py
[2026-09-04T22:17:56.685+0000] {processor.py:840} INFO - DAG(s) 'air_quality_pipeline' retrieved from /opt/airflow/dags/spark_pipeline_dag.py
[2026-09-04T22:17:56.705+0000] {logging_mixin.py:188} INFO - [2026-09-04T22:17:56.704+0000] {dag.py:3036} INFO - Sync 1 DAGs
[2026-09-04T22:17:56.727+0000] {logging_mixin.py:188} INFO - [2026-09-04T22:17:56.726+0000] {dag.py:3823} INFO - Setting next_dagrun for air_quality_pipeline to 2026-09-04 22:05:00+00:00, run_after=2026-09-04 23:05:00+00:00
[2026-09-04T22:17:56.747+0000] {processor.py:183} INFO - Processing /opt/airflow/dags/spark_pipeline_dag.py took 0.091 seconds
[2026-09-04T22:18:27.070+0000] {processor.py:161} INFO - Started process (PID=61650) to work on /opt/airflow/dags/spark_pipeline_dag.py
[2026-09-04T22:18:27.071+0000] {processor.py:830} INFO - Processing file /opt/airflow/dags/spark_pipeline_dag.py for tasks to queue
[2026-09-04T22:18:27.072+0000] {logging_mixin.py:188} INFO - [2026-09-04T22:18:27.072+0000] {dagbag.py:538} INFO - Filling up the DagBag from /opt/airflow/dags/spark_pipeline_dag.py
[2026-09-04T22:18:27.095+0000] {processor.py:840} INFO - DAG(s) 'air_quality_pipeline' retrieved from /opt/airflow/dags/spark_pipeline_dag.py
[2026-09-04T22:18:27.114+0000] {logging_mixin.py:188} INFO - [2026-09-04T22:18:27.113+0000] {dag.py:3036} INFO - Sync 1 DAGs
[2026-09-04T22:18:27.134+0000] {logging_mixin.py:188} INFO - [2026-09-04T22:18:27.133+0000] {dag.py:3823} INFO - Setting next_dagrun for air_quality_pipeline to 2026-09-04 22:05:00+00:00, run_after=2026-09-04 23:05:00+00:00
[2026-09-04T22:18:27.154+0000] {processor.py:183} INFO - Processing /opt/airflow/dags/spark_pipeline_dag.py took 0.086 seconds
[2026-09-04T22:18:57.486+0000] {processor.py:161} INFO - Started process (PID=61660) to work on /opt/airflow/dags/spark_pipeline_dag.py
[2026-09-04T22:18:57.487+0000] {processor.py:830} INFO - Processing file /opt/airflow/dags/spark_pipeline_dag.py for tasks to queue
[2026-09-04T22:18:57.488+0000] {logging_mixin.py:188} INFO - [2026-09-04T22:18:57.488+0000] {dagbag.py:538} INFO - Filling up the DagBag from /opt/airflow/dags/spark_pipeline_dag.py
[2026-09-04T22:18:57.508+0000] {processor.py:840} INFO - DAG(s) 'air_quality_pipeline' retrieved from /opt/airflow/dags/spark_pipeline_dag.py
[2026-09-04T22:18:57.528+0000] {logging_mixin.py:188} INFO - [2026-09-04T22:18:57.528+0000] {dag.py:3036} INFO - Sync 1 DAGs
[2026-09-04T22:18:57.550+0000] {logging_mixin.py:188} INFO - [2026-09-04T22:18:57.550+0000] {dag.py:3823} INFO - Setting next_dagrun for air_quality_pipeline to 2026-09-04 22:05:00+00:00, run_after=2026-09-04 23:05:00+00:00
[2026-09-04T22:18:57.570+0000] {processor.py:183} INFO - Processing /opt/airflow/dags/spark_pipeline_dag.py took 0.087 seconds
[2026-09-04T22:19:27.866+0000] {processor.py:161} INFO - Started process (PID=61670) to work on /opt/airflow/dags/spark_pipeline_dag.py
[2026-09-04T22:19:27.867+0000] {processor.py:830} INFO - Processing file /opt/airflow/dags/spark_pipeline_dag.py for tasks to queue
[2026-09-04T22:19:27.868+0000] {logging_mixin.py:188} INFO - [2026-09-04T22:19:27.868+0000] {dagbag.py:538} INFO - Filling up the DagBag from /opt/airflow/dags/spark_pipeline_dag.py
[2026-09-04T22:19:27.892+0000] {processor.py:840} INFO - DAG(s) 'air_quality_pipeline' retrieved from /opt/airflow/dags/spark_pipeline_dag.py
[2026-09-04T22:19:27.913+0000] {logging_mixin.py:188} INFO - [2026-09-04T22:19:27.913+0000] {dag.py:3036} INFO - Sync 1 DAGs
[2026-09-04T22:19:27.937+0000] {logging_mixin.py:188} INFO - [2026-09-04T22:19:27.936+0000] {dag.py:3823} INFO - Setting next_dagrun for air_quality_pipeline to 2026-09-04 22:05:00+00:00, run_after=2026-09-04 23:05:00+00:00
[2026-09-04T22:19:27.956+0000] {processor.py:183} INFO - Processing /opt/airflow/dags/spark_pipeline_dag.py took 0.093 seconds
[2026-09-04T22:19:58.258+0000] {processor.py:161} INFO - Started process (PID=61680) to work on /opt/airflow/dags/spark_pipeline_dag.py
[2026-09-04T22:19:58.259+0000] {processor.py:830} INFO - Processing file /opt/airflow/dags/spark_pipeline_dag.py for tasks to queue
[2026-09-04T22:19:58.260+0000] {logging_mixin.py:188} INFO - [2026-09-04T22:19:58.260+0000] {dagbag.py:538} INFO - Filling up the DagBag from /opt/airflow/dags/spark_pipeline_dag.py
[2026-09-04T22:19:58.283+0000] {processor.py:840} INFO - DAG(s) 'air_quality_pipeline' retrieved from /opt/airflow/dags/spark_pipeline_dag.py
[2026-09-04T22:19:58.308+0000] {logging_mixin.py:188} INFO - [2026-09-04T22:19:58.308+0000] {dag.py:3036} INFO - Sync 1 DAGs
[2026-09-04T22:19:58.331+0000] {logging_mixin.py:188} INFO - [2026-09-04T22:19:58.331+0000] {dag.py:3823} INFO - Setting next_dagrun for air_quality_pipeline to 2026-09-04 22:05:00+00:00, run_after=2026-09-04 23:05:00+00:00
[2026-09-04T22:19:58.353+0000] {processor.py:183} INFO - Processing /opt/airflow/dags/spark_pipeline_dag.py took 0.097 seconds
[2026-09-04T22:20:28.701+0000] {processor.py:161} INFO - Started process (PID=61690) to work on /opt/airflow/dags/spark_pipeline_dag.py
[2026-09-04T22:20:28.702+0000] {processor.py:830} INFO - Processing file /opt/airflow/dags/spark_pipeline_dag.py for tasks to queue
[2026-09-04T22:20:28.703+0000] {logging_mixin.py:188} INFO - [2026-09-04T22:20:28.703+0000] {dagbag.py:538} INFO - Filling up the DagBag from /opt/airflow/dags/spark_pipeline_dag.py
[2026-09-04T22:20:28.726+0000] {processor.py:840} INFO - DAG(s) 'air_quality_pipeline' retrieved from /opt/airflow/dags/spark_pipeline_dag.py
[2026-09-04T22:20:28.745+0000] {logging_mixin.py:188} INFO - [2026-09-04T22:20:28.744+0000] {dag.py:3036} INFO - Sync 1 DAGs
[2026-09-04T22:20:28.765+0000] {logging_mixin.py:188} INFO - [2026-09-04T22:20:28.765+0000] {dag.py:3823} INFO - Setting next_dagrun for air_quality_pipeline to 2026-09-04 22:05:00+00:00, run_after=2026-09-04 23:05:00+00:00
[2026-09-04T22:20:28.785+0000] {processor.py:183} INFO - Processing /opt/airflow/dags/spark_pipeline_dag.py took 0.086 seconds
[2026-09-04T22:20:59.122+0000] {processor.py:161} INFO - Started process (PID=61700) to work on /opt/airflow/dags/spark_pipeline_dag.py
[2026-09-04T22:20:59.123+0000] {processor.py:830} INFO - Processing file /opt/airflow/dags/spark_pipeline_dag.py for tasks to queue
[2026-09-04T22:20:59.124+0000] {logging_mixin.py:188} INFO - [2026-09-04T22:20:59.124+0000] {dagbag.py:538} INFO - Filling up the DagBag from /opt/airflow/dags/spark_pipeline_dag.py
[2026-09-04T22:20:59.144+0000] {processor.py:840} INFO - DAG(s) 'air_quality_pipeline' retrieved from /opt/airflow/dags/spark_pipeline_dag.py
[2026-09-04T22:20:59.165+0000] {logging_mixin.py:188} INFO - [2026-09-04T22:20:59.165+0000] {dag.py:3036} INFO - Sync 1 DAGs
[2026-09-04T22:20:59.186+0000] {logging_mixin.py:188} INFO - [2026-09-04T22:20:59.186+0000] {dag.py:3823} INFO - Setting next_dagrun for air_quality_pipeline to 2026-09-04 22:05:00+00:00, run_after=2026-09-04 23:05:00+00:00
[2026-09-04T22:20:59.206+0000] {processor.py:183} INFO - Processing /opt/airflow/dags/spark_pipeline_dag.py took 0.087 seconds
[2026-09-04T22:21:29.567+0000] {processor.py:161} INFO - Started process (PID=61710) to work on /opt/airflow/dags/spark_pipeline_dag.py
[2026-09-04T22:21:29.569+0000] {processor.py:830} INFO - Processing file /opt/airflow/dags/spark_pipeline_dag.py for tasks to queue
[2026-09-04T22:21:29.570+0000] {logging_mixin.py:188} INFO - [2026-09-04T22:21:29.570+0000] {dagbag.py:538} INFO - Filling up the DagBag from /opt/airflow/dags/spark_pipeline_dag.py
[2026-09-04T22:21:29.590+0000] {processor.py:840} INFO - DAG(s) 'air_quality_pipeline' retrieved from /opt/airflow/dags/spark_pipeline_dag.py
[2026-09-04T22:21:29.611+0000] {logging_mixin.py:188} INFO - [2026-09-04T22:21:29.611+0000] {dag.py:3036} INFO - Sync 1 DAGs
[2026-09-04T22:21:29.636+0000] {logging_mixin.py:188} INFO - [2026-09-04T22:21:29.636+0000] {dag.py:3823} INFO - Setting next_dagrun for air_quality_pipeline to 2026-09-04 22:05:00+00:00, run_after=2026-09-04 23:05:00+00:00
[2026-09-04T22:21:29.657+0000] {processor.py:183} INFO - Processing /opt/airflow/dags/spark_pipeline_dag.py took 0.092 seconds
[2026-09-04T22:21:59.945+0000] {processor.py:161} INFO - Started process (PID=61720) to work on /opt/airflow/dags/spark_pipeline_dag.py
[2026-09-04T22:21:59.947+0000] {processor.py:830} INFO - Processing file /opt/airflow/dags/spark_pipeline_dag.py for tasks to queue
[2026-09-04T22:21:59.948+0000] {logging_mixin.py:188} INFO - [2026-09-04T22:21:59.947+0000] {dagbag.py:538} INFO - Filling up the DagBag from /opt/airflow/dags/spark_pipeline_dag.py
[2026-09-04T22:21:59.969+0000] {processor.py:840} INFO - DAG(s) 'air_quality_pipeline' retrieved from /opt/airflow/dags/spark_pipeline_dag.py
[2026-09-04T22:21:59.989+0000] {logging_mixin.py:188} INFO - [2026-09-04T22:21:59.989+0000] {dag.py:3036} INFO - Sync 1 DAGs
[2026-09-04T22:22:00.013+0000] {logging_mixin.py:188} INFO - [2026-09-04T22:22:00.013+0000] {dag.py:3823} INFO - Setting next_dagrun for air_quality_pipeline to 2026-09-04 22:05:00+00:00, run_after=2026-09-04 23:05:00+00:00
[2026-09-04T22:22:00.037+0000] {processor.py:183} INFO - Processing /opt/airflow/dags/spark_pipeline_dag.py took 0.094 seconds
[2026-09-04T22:22:30.344+0000] {processor.py:161} INFO - Started process (PID=61730) to work on /opt/airflow/dags/spark_pipeline_dag.py
[2026-09-04T22:22:30.345+0000] {processor.py:830} INFO - Processing file /opt/airflow/dags/spark_pipeline_dag.py for tasks to queue
[2026-09-04T22:22:30.347+0000] {logging_mixin.py:188} INFO - [2026-09-04T22:22:30.346+0000] {dagbag.py:538} INFO - Filling up the DagBag from /opt/airflow/dags/spark_pipeline_dag.py
[2026-09-04T22:22:30.389+0000] {processor.py:840} INFO - DAG(s) 'air_quality_pipeline' retrieved from /opt/airflow/dags/spark_pipeline_dag.py
[2026-09-04T22:22:30.414+0000] {logging_mixin.py:188} INFO - [2026-09-04T22:22:30.413+0000] {dag.py:3036} INFO - Sync 1 DAGs
[2026-09-04T22:22:30.440+0000] {logging_mixin.py:188} INFO - [2026-09-04T22:22:30.440+0000] {dag.py:3823} INFO - Setting next_dagrun for air_quality_pipeline to 2026-09-04 22:05:00+00:00, run_after=2026-09-04 23:05:00+00:00
[2026-09-04T22:22:30.463+0000] {processor.py:183} INFO - Processing /opt/airflow/dags/spark_pipeline_dag.py took 0.121 seconds
[2026-09-04T22:23:00.767+0000] {processor.py:161} INFO - Started process (PID=61740) to work on /opt/airflow/dags/spark_pipeline_dag.py
[2026-09-04T22:23:00.768+0000] {processor.py:830} INFO - Processing file /opt/airflow/dags/spark_pipeline_dag.py for tasks to queue
[2026-09-04T22:23:00.769+0000] {logging_mixin.py:188} INFO - [2026-09-04T22:23:00.769+0000] {dagbag.py:538} INFO - Filling up the DagBag from /opt/airflow/dags/spark_pipeline_dag.py
[2026-09-04T22:23:00.789+0000] {processor.py:840} INFO - DAG(s) 'air_quality_pipeline' retrieved from /opt/airflow/dags/spark_pipeline_dag.py
[2026-09-04T22:23:00.809+0000] {logging_mixin.py:188} INFO - [2026-09-04T22:23:00.808+0000] {dag.py:3036} INFO - Sync 1 DAGs
[2026-09-04T22:23:00.828+0000] {logging_mixin.py:188} INFO - [2026-09-04T22:23:00.828+0000] {dag.py:3823} INFO - Setting next_dagrun for air_quality_pipeline to 2026-09-04 22:05:00+00:00, run_after=2026-09-04 23:05:00+00:00
[2026-09-04T22:23:00.847+0000] {processor.py:183} INFO - Processing /opt/airflow/dags/spark_pipeline_dag.py took 0.083 seconds
[2026-09-04T22:23:31.167+0000] {processor.py:161} INFO - Started process (PID=61750) to work on /opt/airflow/dags/spark_pipeline_dag.py
[2026-09-04T22:23:31.169+0000] {processor.py:830} INFO - Processing file /opt/airflow/dags/spark_pipeline_dag.py for tasks to queue
[2026-09-04T22:23:31.170+0000] {logging_mixin.py:188} INFO - [2026-09-04T22:23:31.170+0000] {dagbag.py:538} INFO - Filling up the DagBag from /opt/airflow/dags/spark_pipeline_dag.py
[2026-09-04T22:23:31.193+0000] {processor.py:840} INFO - DAG(s) 'air_quality_pipeline' retrieved from /opt/airflow/dags/spark_pipeline_dag.py
[2026-09-04T22:23:31.215+0000] {logging_mixin.py:188} INFO - [2026-09-04T22:23:31.214+0000] {dag.py:3036} INFO - Sync 1 DAGs
[2026-09-04T22:23:31.238+0000] {logging_mixin.py:188} INFO - [2026-09-04T22:23:31.238+0000] {dag.py:3823} INFO - Setting next_dagrun for air_quality_pipeline to 2026-09-04 22:05:00+00:00, run_after=2026-09-04 23:05:00+00:00
[2026-09-04T22:23:31.262+0000] {processor.py:183} INFO - Processing /opt/airflow/dags/spark_pipeline_dag.py took 0.097 seconds
[2026-09-04T22:24:01.683+0000] {processor.py:161} INFO - Started process (PID=61760) to work on /opt/airflow/dags/spark_pipeline_dag.py
[2026-09-04T22:24:01.684+0000] {processor.py:830} INFO - Processing file /opt/airflow/dags/spark_pipeline_dag.py for tasks to queue
[2026-09-04T22:24:01.685+0000] {logging_mixin.py:188} INFO - [2026-09-04T22:24:01.685+0000] {dagbag.py:538} INFO - Filling up the DagBag from /opt/airflow/dags/spark_pipeline_dag.py
[2026-09-04T22:24:01.706+0000] {processor.py:840} INFO - DAG(s) 'air_quality_pipeline' retrieved from /opt/airflow/dags/spark_pipeline_dag.py
[2026-09-04T22:24:01.727+0000] {logging_mixin.py:188} INFO - [2026-09-04T22:24:01.727+0000] {dag.py:3036} INFO - Sync 1 DAGs
[2026-09-04T22:24:01.749+0000] {logging_mixin.py:188} INFO - [2026-09-04T22:24:01.749+0000] {dag.py:3823} INFO - Setting next_dagrun for air_quality_pipeline to 2026-09-04 22:05:00+00:00, run_after=2026-09-04 23:05:00+00:00
[2026-09-04T22:24:01.772+0000] {processor.py:183} INFO - Processing /opt/airflow/dags/spark_pipeline_dag.py took 0.091 seconds
[2026-09-04T22:24:32.187+0000] {processor.py:161} INFO - Started process (PID=61770) to work on /opt/airflow/dags/spark_pipeline_dag.py
[2026-09-04T22:24:32.189+0000] {processor.py:830} INFO - Processing file /opt/airflow/dags/spark_pipeline_dag.py for tasks to queue
[2026-09-04T22:24:32.190+0000] {logging_mixin.py:188} INFO - [2026-09-04T22:24:32.190+0000] {dagbag.py:538} INFO - Filling up the DagBag from /opt/airflow/dags/spark_pipeline_dag.py
[2026-09-04T22:24:32.211+0000] {processor.py:840} INFO - DAG(s) 'air_quality_pipeline' retrieved from /opt/airflow/dags/spark_pipeline_dag.py
[2026-09-04T22:24:32.231+0000] {logging_mixin.py:188} INFO - [2026-09-04T22:24:32.231+0000] {dag.py:3036} INFO - Sync 1 DAGs
[2026-09-04T22:24:32.253+0000] {logging_mixin.py:188} INFO - [2026-09-04T22:24:32.253+0000] {dag.py:3823} INFO - Setting next_dagrun for air_quality_pipeline to 2026-09-04 22:05:00+00:00, run_after=2026-09-04 23:05:00+00:00
[2026-09-04T22:24:32.274+0000] {processor.py:183} INFO - Processing /opt/airflow/dags/spark_pipeline_dag.py took 0.089 seconds
[2026-09-04T22:25:02.640+0000] {processor.py:161} INFO - Started process (PID=61780) to work on /opt/airflow/dags/spark_pipeline_dag.py
[2026-09-04T22:25:02.641+0000] {processor.py:830} INFO - Processing file /opt/airflow/dags/spark_pipeline_dag.py for tasks to queue
[2026-09-04T22:25:02.642+0000] {logging_mixin.py:188} INFO - [2026-09-04T22:25:02.641+0000] {dagbag.py:538} INFO - Filling up the DagBag from /opt/airflow/dags/spark_pipeline_dag.py
[2026-09-04T22:25:02.662+0000] {processor.py:840} INFO - DAG(s) 'air_quality_pipeline' retrieved from /opt/airflow/dags/spark_pipeline_dag.py
[2026-09-04T22:25:02.683+0000] {logging_mixin.py:188} INFO - [2026-09-04T22:25:02.683+0000] {dag.py:3036} INFO - Sync 1 DAGs
[2026-09-04T22:25:02.703+0000] {logging_mixin.py:188} INFO - [2026-09-04T22:25:02.703+0000] {dag.py:3823} INFO - Setting next_dagrun for air_quality_pipeline to 2026-09-04 22:05:00+00:00, run_after=2026-09-04 23:05:00+00:00
[2026-09-04T22:25:02.722+0000] {processor.py:183} INFO - Processing /opt/airflow/dags/spark_pipeline_dag.py took 0.085 seconds
[2026-09-04T22:25:33.076+0000] {processor.py:161} INFO - Started process (PID=61790) to work on /opt/airflow/dags/spark_pipeline_dag.py
[2026-09-04T22:25:33.080+0000] {processor.py:830} INFO - Processing file /opt/airflow/dags/spark_pipeline_dag.py for tasks to queue
[2026-09-04T22:25:33.083+0000] {logging_mixin.py:188} INFO - [2026-09-04T22:25:33.082+0000] {dagbag.py:538} INFO - Filling up the DagBag from /opt/airflow/dags/spark_pipeline_dag.py
[2026-09-04T22:25:33.231+0000] {processor.py:840} INFO - DAG(s) 'air_quality_pipeline' retrieved from /opt/airflow/dags/spark_pipeline_dag.py
[2026-09-04T22:25:33.480+0000] {logging_mixin.py:188} INFO - [2026-09-04T22:25:33.480+0000] {dag.py:3036} INFO - Sync 1 DAGs
[2026-09-04T22:25:33.687+0000] {logging_mixin.py:188} INFO - [2026-09-04T22:25:33.675+0000] {dag.py:3823} INFO - Setting next_dagrun for air_quality_pipeline to 2026-09-04 22:05:00+00:00, run_after=2026-09-04 23:05:00+00:00
[2026-09-04T22:25:33.819+0000] {processor.py:183} INFO - Processing /opt/airflow/dags/spark_pipeline_dag.py took 0.751 seconds
[2026-09-04T23:33:27.060+0000] {processor.py:161} INFO - Started process (PID=61803) to work on /opt/airflow/dags/spark_pipeline_dag.py
[2026-09-04T23:33:27.067+0000] {processor.py:830} INFO - Processing file /opt/airflow/dags/spark_pipeline_dag.py for tasks to queue
[2026-09-04T23:33:27.076+0000] {logging_mixin.py:188} INFO - [2026-09-04T23:33:27.075+0000] {dagbag.py:538} INFO - Filling up the DagBag from /opt/airflow/dags/spark_pipeline_dag.py
[2026-09-04T23:33:27.385+0000] {processor.py:840} INFO - DAG(s) 'air_quality_pipeline' retrieved from /opt/airflow/dags/spark_pipeline_dag.py
[2026-09-04T23:33:27.542+0000] {logging_mixin.py:188} INFO - [2026-09-04T23:33:27.542+0000] {dag.py:3036} INFO - Sync 1 DAGs
[2026-09-04T23:33:27.686+0000] {logging_mixin.py:188} INFO - [2026-09-04T23:33:27.675+0000] {dag.py:3823} INFO - Setting next_dagrun for air_quality_pipeline to 2026-09-04 23:05:00+00:00, run_after=2026-09-05 00:05:00+00:00
[2026-09-04T23:33:27.787+0000] {processor.py:183} INFO - Processing /opt/airflow/dags/spark_pipeline_dag.py took 0.757 seconds
[2026-09-04T23:33:58.706+0000] {processor.py:161} INFO - Started process (PID=61816) to work on /opt/airflow/dags/spark_pipeline_dag.py
[2026-09-04T23:33:58.707+0000] {processor.py:830} INFO - Processing file /opt/airflow/dags/spark_pipeline_dag.py for tasks to queue
[2026-09-04T23:33:58.708+0000] {logging_mixin.py:188} INFO - [2026-09-04T23:33:58.708+0000] {dagbag.py:538} INFO - Filling up the DagBag from /opt/airflow/dags/spark_pipeline_dag.py
[2026-09-04T23:33:58.741+0000] {processor.py:840} INFO - DAG(s) 'air_quality_pipeline' retrieved from /opt/airflow/dags/spark_pipeline_dag.py
[2026-09-04T23:33:58.790+0000] {logging_mixin.py:188} INFO - [2026-09-04T23:33:58.790+0000] {dag.py:3036} INFO - Sync 1 DAGs
[2026-09-04T23:33:58.845+0000] {logging_mixin.py:188} INFO - [2026-09-04T23:33:58.845+0000] {dag.py:3823} INFO - Setting next_dagrun for air_quality_pipeline to 2026-09-04 23:05:00+00:00, run_after=2026-09-05 00:05:00+00:00
[2026-09-04T23:33:58.918+0000] {processor.py:183} INFO - Processing /opt/airflow/dags/spark_pipeline_dag.py took 0.217 seconds
[2026-09-04T23:34:29.246+0000] {processor.py:161} INFO - Started process (PID=61826) to work on /opt/airflow/dags/spark_pipeline_dag.py
[2026-09-04T23:34:29.247+0000] {processor.py:830} INFO - Processing file /opt/airflow/dags/spark_pipeline_dag.py for tasks to queue
[2026-09-04T23:34:29.248+0000] {logging_mixin.py:188} INFO - [2026-09-04T23:34:29.248+0000] {dagbag.py:538} INFO - Filling up the DagBag from /opt/airflow/dags/spark_pipeline_dag.py
[2026-09-04T23:34:29.275+0000] {processor.py:840} INFO - DAG(s) 'air_quality_pipeline' retrieved from /opt/airflow/dags/spark_pipeline_dag.py
[2026-09-04T23:34:29.308+0000] {logging_mixin.py:188} INFO - [2026-09-04T23:34:29.308+0000] {dag.py:3036} INFO - Sync 1 DAGs
[2026-09-04T23:34:29.343+0000] {logging_mixin.py:188} INFO - [2026-09-04T23:34:29.342+0000] {dag.py:3823} INFO - Setting next_dagrun for air_quality_pipeline to 2026-09-04 23:05:00+00:00, run_after=2026-09-05 00:05:00+00:00
[2026-09-04T23:34:29.392+0000] {processor.py:183} INFO - Processing /opt/airflow/dags/spark_pipeline_dag.py took 0.151 seconds
[2026-09-04T23:34:59.855+0000] {processor.py:161} INFO - Started process (PID=61836) to work on /opt/airflow/dags/spark_pipeline_dag.py
[2026-09-04T23:34:59.862+0000] {processor.py:830} INFO - Processing file /opt/airflow/dags/spark_pipeline_dag.py for tasks to queue
[2026-09-04T23:34:59.864+0000] {logging_mixin.py:188} INFO - [2026-09-04T23:34:59.863+0000] {dagbag.py:538} INFO - Filling up the DagBag from /opt/airflow/dags/spark_pipeline_dag.py
[2026-09-04T23:34:59.903+0000] {processor.py:840} INFO - DAG(s) 'air_quality_pipeline' retrieved from /opt/airflow/dags/spark_pipeline_dag.py
[2026-09-04T23:34:59.936+0000] {logging_mixin.py:188} INFO - [2026-09-04T23:34:59.936+0000] {dag.py:3036} INFO - Sync 1 DAGs
[2026-09-04T23:34:59.969+0000] {logging_mixin.py:188} INFO - [2026-09-04T23:34:59.968+0000] {dag.py:3823} INFO - Setting next_dagrun for air_quality_pipeline to 2026-09-04 23:05:00+00:00, run_after=2026-09-05 00:05:00+00:00
[2026-09-04T23:34:59.997+0000] {processor.py:183} INFO - Processing /opt/airflow/dags/spark_pipeline_dag.py took 0.146 seconds
[2026-09-04T23:35:30.418+0000] {processor.py:161} INFO - Started process (PID=61846) to work on /opt/airflow/dags/spark_pipeline_dag.py
[2026-09-04T23:35:30.420+0000] {processor.py:830} INFO - Processing file /opt/airflow/dags/spark_pipeline_dag.py for tasks to queue
[2026-09-04T23:35:30.422+0000] {logging_mixin.py:188} INFO - [2026-09-04T23:35:30.421+0000] {dagbag.py:538} INFO - Filling up the DagBag from /opt/airflow/dags/spark_pipeline_dag.py
[2026-09-04T23:35:30.446+0000] {processor.py:840} INFO - DAG(s) 'air_quality_pipeline' retrieved from /opt/airflow/dags/spark_pipeline_dag.py
[2026-09-04T23:35:30.467+0000] {logging_mixin.py:188} INFO - [2026-09-04T23:35:30.466+0000] {dag.py:3036} INFO - Sync 1 DAGs
[2026-09-04T23:35:30.490+0000] {logging_mixin.py:188} INFO - [2026-09-04T23:35:30.489+0000] {dag.py:3823} INFO - Setting next_dagrun for air_quality_pipeline to 2026-09-04 23:05:00+00:00, run_after=2026-09-05 00:05:00+00:00
[2026-09-04T23:35:30.510+0000] {processor.py:183} INFO - Processing /opt/airflow/dags/spark_pipeline_dag.py took 0.101 seconds
[2026-09-04T23:36:00.949+0000] {processor.py:161} INFO - Started process (PID=61856) to work on /opt/airflow/dags/spark_pipeline_dag.py
[2026-09-04T23:36:00.950+0000] {processor.py:830} INFO - Processing file /opt/airflow/dags/spark_pipeline_dag.py for tasks to queue
[2026-09-04T23:36:00.954+0000] {logging_mixin.py:188} INFO - [2026-09-04T23:36:00.953+0000] {dagbag.py:538} INFO - Filling up the DagBag from /opt/airflow/dags/spark_pipeline_dag.py
[2026-09-04T23:36:00.977+0000] {processor.py:840} INFO - DAG(s) 'air_quality_pipeline' retrieved from /opt/airflow/dags/spark_pipeline_dag.py
[2026-09-04T23:36:01.007+0000] {logging_mixin.py:188} INFO - [2026-09-04T23:36:01.007+0000] {dag.py:3036} INFO - Sync 1 DAGs
[2026-09-04T23:36:01.032+0000] {logging_mixin.py:188} INFO - [2026-09-04T23:36:01.032+0000] {dag.py:3823} INFO - Setting next_dagrun for air_quality_pipeline to 2026-09-04 23:05:00+00:00, run_after=2026-09-05 00:05:00+00:00
[2026-09-04T23:36:01.054+0000] {processor.py:183} INFO - Processing /opt/airflow/dags/spark_pipeline_dag.py took 0.109 seconds
[2026-09-04T23:36:31.444+0000] {processor.py:161} INFO - Started process (PID=61866) to work on /opt/airflow/dags/spark_pipeline_dag.py
[2026-09-04T23:36:31.445+0000] {processor.py:830} INFO - Processing file /opt/airflow/dags/spark_pipeline_dag.py for tasks to queue
[2026-09-04T23:36:31.447+0000] {logging_mixin.py:188} INFO - [2026-09-04T23:36:31.446+0000] {dagbag.py:538} INFO - Filling up the DagBag from /opt/airflow/dags/spark_pipeline_dag.py
[2026-09-04T23:36:31.468+0000] {processor.py:840} INFO - DAG(s) 'air_quality_pipeline' retrieved from /opt/airflow/dags/spark_pipeline_dag.py
[2026-09-04T23:36:31.494+0000] {logging_mixin.py:188} INFO - [2026-09-04T23:36:31.494+0000] {dag.py:3036} INFO - Sync 1 DAGs
[2026-09-04T23:36:31.515+0000] {logging_mixin.py:188} INFO - [2026-09-04T23:36:31.515+0000] {dag.py:3823} INFO - Setting next_dagrun for air_quality_pipeline to 2026-09-04 23:05:00+00:00, run_after=2026-09-05 00:05:00+00:00
[2026-09-04T23:36:31.533+0000] {processor.py:183} INFO - Processing /opt/airflow/dags/spark_pipeline_dag.py took 0.093 seconds
[2026-09-04T23:37:01.886+0000] {processor.py:161} INFO - Started process (PID=61876) to work on /opt/airflow/dags/spark_pipeline_dag.py
[2026-09-04T23:37:01.888+0000] {processor.py:830} INFO - Processing file /opt/airflow/dags/spark_pipeline_dag.py for tasks to queue
[2026-09-04T23:37:01.889+0000] {logging_mixin.py:188} INFO - [2026-09-04T23:37:01.889+0000] {dagbag.py:538} INFO - Filling up the DagBag from /opt/airflow/dags/spark_pipeline_dag.py
[2026-09-04T23:37:01.924+0000] {processor.py:840} INFO - DAG(s) 'air_quality_pipeline' retrieved from /opt/airflow/dags/spark_pipeline_dag.py
[2026-09-04T23:37:01.950+0000] {logging_mixin.py:188} INFO - [2026-09-04T23:37:01.950+0000] {dag.py:3036} INFO - Sync 1 DAGs
[2026-09-04T23:37:01.974+0000] {logging_mixin.py:188} INFO - [2026-09-04T23:37:01.974+0000] {dag.py:3823} INFO - Setting next_dagrun for air_quality_pipeline to 2026-09-04 23:05:00+00:00, run_after=2026-09-05 00:05:00+00:00
[2026-09-04T23:37:02.020+0000] {processor.py:183} INFO - Processing /opt/airflow/dags/spark_pipeline_dag.py took 0.140 seconds
[2026-09-04T23:37:32.401+0000] {processor.py:161} INFO - Started process (PID=61886) to work on /opt/airflow/dags/spark_pipeline_dag.py
[2026-09-04T23:37:32.402+0000] {processor.py:830} INFO - Processing file /opt/airflow/dags/spark_pipeline_dag.py for tasks to queue
[2026-09-04T23:37:32.403+0000] {logging_mixin.py:188} INFO - [2026-09-04T23:37:32.403+0000] {dagbag.py:538} INFO - Filling up the DagBag from /opt/airflow/dags/spark_pipeline_dag.py
[2026-09-04T23:37:32.431+0000] {processor.py:840} INFO - DAG(s) 'air_quality_pipeline' retrieved from /opt/airflow/dags/spark_pipeline_dag.py
[2026-09-04T23:37:32.467+0000] {logging_mixin.py:188} INFO - [2026-09-04T23:37:32.467+0000] {dag.py:3036} INFO - Sync 1 DAGs
[2026-09-04T23:37:32.531+0000] {logging_mixin.py:188} INFO - [2026-09-04T23:37:32.531+0000] {dag.py:3823} INFO - Setting next_dagrun for air_quality_pipeline to 2026-09-04 23:05:00+00:00, run_after=2026-09-05 00:05:00+00:00
[2026-09-04T23:37:32.559+0000] {processor.py:183} INFO - Processing /opt/airflow/dags/spark_pipeline_dag.py took 0.162 seconds
[2026-09-04T23:38:03.006+0000] {processor.py:161} INFO - Started process (PID=61896) to work on /opt/airflow/dags/spark_pipeline_dag.py
[2026-09-04T23:38:03.013+0000] {processor.py:830} INFO - Processing file /opt/airflow/dags/spark_pipeline_dag.py for tasks to queue
[2026-09-04T23:38:03.014+0000] {logging_mixin.py:188} INFO - [2026-09-04T23:38:03.013+0000] {dagbag.py:538} INFO - Filling up the DagBag from /opt/airflow/dags/spark_pipeline_dag.py
[2026-09-04T23:38:03.038+0000] {processor.py:840} INFO - DAG(s) 'air_quality_pipeline' retrieved from /opt/airflow/dags/spark_pipeline_dag.py
[2026-09-04T23:38:03.075+0000] {logging_mixin.py:188} INFO - [2026-09-04T23:38:03.075+0000] {dag.py:3036} INFO - Sync 1 DAGs
[2026-09-04T23:38:03.111+0000] {logging_mixin.py:188} INFO - [2026-09-04T23:38:03.111+0000] {dag.py:3823} INFO - Setting next_dagrun for air_quality_pipeline to 2026-09-04 23:05:00+00:00, run_after=2026-09-05 00:05:00+00:00
[2026-09-04T23:38:03.137+0000] {processor.py:183} INFO - Processing /opt/airflow/dags/spark_pipeline_dag.py took 0.135 seconds
[2026-09-04T23:38:33.700+0000] {processor.py:161} INFO - Started process (PID=61906) to work on /opt/airflow/dags/spark_pipeline_dag.py
[2026-09-04T23:38:33.702+0000] {processor.py:830} INFO - Processing file /opt/airflow/dags/spark_pipeline_dag.py for tasks to queue
[2026-09-04T23:38:33.708+0000] {logging_mixin.py:188} INFO - [2026-09-04T23:38:33.703+0000] {dagbag.py:538} INFO - Filling up the DagBag from /opt/airflow/dags/spark_pipeline_dag.py
[2026-09-04T23:38:33.732+0000] {processor.py:840} INFO - DAG(s) 'air_quality_pipeline' retrieved from /opt/airflow/dags/spark_pipeline_dag.py
[2026-09-04T23:38:33.754+0000] {logging_mixin.py:188} INFO - [2026-09-04T23:38:33.754+0000] {dag.py:3036} INFO - Sync 1 DAGs
[2026-09-04T23:38:33.778+0000] {logging_mixin.py:188} INFO - [2026-09-04T23:38:33.778+0000] {dag.py:3823} INFO - Setting next_dagrun for air_quality_pipeline to 2026-09-04 23:05:00+00:00, run_after=2026-09-05 00:05:00+00:00
[2026-09-04T23:38:33.826+0000] {processor.py:183} INFO - Processing /opt/airflow/dags/spark_pipeline_dag.py took 0.132 seconds
[2026-09-04T23:39:04.239+0000] {processor.py:161} INFO - Started process (PID=61916) to work on /opt/airflow/dags/spark_pipeline_dag.py
[2026-09-04T23:39:04.241+0000] {processor.py:830} INFO - Processing file /opt/airflow/dags/spark_pipeline_dag.py for tasks to queue
[2026-09-04T23:39:04.242+0000] {logging_mixin.py:188} INFO - [2026-09-04T23:39:04.241+0000] {dagbag.py:538} INFO - Filling up the DagBag from /opt/airflow/dags/spark_pipeline_dag.py
[2026-09-04T23:39:04.270+0000] {processor.py:840} INFO - DAG(s) 'air_quality_pipeline' retrieved from /opt/airflow/dags/spark_pipeline_dag.py
[2026-09-04T23:39:04.293+0000] {logging_mixin.py:188} INFO - [2026-09-04T23:39:04.292+0000] {dag.py:3036} INFO - Sync 1 DAGs
[2026-09-04T23:39:04.317+0000] {logging_mixin.py:188} INFO - [2026-09-04T23:39:04.317+0000] {dag.py:3823} INFO - Setting next_dagrun for air_quality_pipeline to 2026-09-04 23:05:00+00:00, run_after=2026-09-05 00:05:00+00:00
[2026-09-04T23:39:04.339+0000] {processor.py:183} INFO - Processing /opt/airflow/dags/spark_pipeline_dag.py took 0.103 seconds
[2026-09-04T23:39:34.739+0000] {processor.py:161} INFO - Started process (PID=61926) to work on /opt/airflow/dags/spark_pipeline_dag.py
[2026-09-04T23:39:34.741+0000] {processor.py:830} INFO - Processing file /opt/airflow/dags/spark_pipeline_dag.py for tasks to queue
[2026-09-04T23:39:34.743+0000] {logging_mixin.py:188} INFO - [2026-09-04T23:39:34.742+0000] {dagbag.py:538} INFO - Filling up the DagBag from /opt/airflow/dags/spark_pipeline_dag.py
[2026-09-04T23:39:34.774+0000] {processor.py:840} INFO - DAG(s) 'air_quality_pipeline' retrieved from /opt/airflow/dags/spark_pipeline_dag.py
[2026-09-04T23:39:34.799+0000] {logging_mixin.py:188} INFO - [2026-09-04T23:39:34.799+0000] {dag.py:3036} INFO - Sync 1 DAGs
[2026-09-04T23:39:34.823+0000] {logging_mixin.py:188} INFO - [2026-09-04T23:39:34.823+0000] {dag.py:3823} INFO - Setting next_dagrun for air_quality_pipeline to 2026-09-04 23:05:00+00:00, run_after=2026-09-05 00:05:00+00:00
[2026-09-04T23:39:34.845+0000] {processor.py:183} INFO - Processing /opt/airflow/dags/spark_pipeline_dag.py took 0.111 seconds
[2026-09-04T23:40:05.201+0000] {processor.py:161} INFO - Started process (PID=61936) to work on /opt/airflow/dags/spark_pipeline_dag.py
[2026-09-04T23:40:05.202+0000] {processor.py:830} INFO - Processing file /opt/airflow/dags/spark_pipeline_dag.py for tasks to queue
[2026-09-04T23:40:05.203+0000] {logging_mixin.py:188} INFO - [2026-09-04T23:40:05.203+0000] {dagbag.py:538} INFO - Filling up the DagBag from /opt/airflow/dags/spark_pipeline_dag.py
[2026-09-04T23:40:05.228+0000] {processor.py:840} INFO - DAG(s) 'air_quality_pipeline' retrieved from /opt/airflow/dags/spark_pipeline_dag.py
[2026-09-04T23:40:05.254+0000] {logging_mixin.py:188} INFO - [2026-09-04T23:40:05.254+0000] {dag.py:3036} INFO - Sync 1 DAGs
[2026-09-04T23:40:05.278+0000] {logging_mixin.py:188} INFO - [2026-09-04T23:40:05.278+0000] {dag.py:3823} INFO - Setting next_dagrun for air_quality_pipeline to 2026-09-04 23:05:00+00:00, run_after=2026-09-05 00:05:00+00:00
[2026-09-04T23:40:05.296+0000] {processor.py:183} INFO - Processing /opt/airflow/dags/spark_pipeline_dag.py took 0.099 seconds
[2026-09-04T23:40:35.657+0000] {processor.py:161} INFO - Started process (PID=61946) to work on /opt/airflow/dags/spark_pipeline_dag.py
[2026-09-04T23:40:35.658+0000] {processor.py:830} INFO - Processing file /opt/airflow/dags/spark_pipeline_dag.py for tasks to queue
[2026-09-04T23:40:35.660+0000] {logging_mixin.py:188} INFO - [2026-09-04T23:40:35.660+0000] {dagbag.py:538} INFO - Filling up the DagBag from /opt/airflow/dags/spark_pipeline_dag.py
[2026-09-04T23:40:35.681+0000] {processor.py:840} INFO - DAG(s) 'air_quality_pipeline' retrieved from /opt/airflow/dags/spark_pipeline_dag.py
[2026-09-04T23:40:35.704+0000] {logging_mixin.py:188} INFO - [2026-09-04T23:40:35.704+0000] {dag.py:3036} INFO - Sync 1 DAGs
[2026-09-04T23:40:35.729+0000] {logging_mixin.py:188} INFO - [2026-09-04T23:40:35.729+0000] {dag.py:3823} INFO - Setting next_dagrun for air_quality_pipeline to 2026-09-04 23:05:00+00:00, run_after=2026-09-05 00:05:00+00:00
[2026-09-04T23:40:35.769+0000] {processor.py:183} INFO - Processing /opt/airflow/dags/spark_pipeline_dag.py took 0.115 seconds
[2026-09-04T23:41:06.211+0000] {processor.py:161} INFO - Started process (PID=61956) to work on /opt/airflow/dags/spark_pipeline_dag.py
[2026-09-04T23:41:06.213+0000] {processor.py:830} INFO - Processing file /opt/airflow/dags/spark_pipeline_dag.py for tasks to queue
[2026-09-04T23:41:06.215+0000] {logging_mixin.py:188} INFO - [2026-09-04T23:41:06.214+0000] {dagbag.py:538} INFO - Filling up the DagBag from /opt/airflow/dags/spark_pipeline_dag.py
[2026-09-04T23:41:06.242+0000] {processor.py:840} INFO - DAG(s) 'air_quality_pipeline' retrieved from /opt/airflow/dags/spark_pipeline_dag.py
[2026-09-04T23:41:06.272+0000] {logging_mixin.py:188} INFO - [2026-09-04T23:41:06.272+0000] {dag.py:3036} INFO - Sync 1 DAGs
[2026-09-04T23:41:06.302+0000] {logging_mixin.py:188} INFO - [2026-09-04T23:41:06.301+0000] {dag.py:3823} INFO - Setting next_dagrun for air_quality_pipeline to 2026-09-04 23:05:00+00:00, run_after=2026-09-05 00:05:00+00:00
[2026-09-04T23:41:06.325+0000] {processor.py:183} INFO - Processing /opt/airflow/dags/spark_pipeline_dag.py took 0.118 seconds
