[2026-08-15T00:46:52.174+0000] {processor.py:161} INFO - Started process (PID=55000) to work on /opt/airflow/dags/ingestion_dag.py
[2026-08-15T00:46:52.243+0000] {processor.py:830} INFO - Processing file /opt/airflow/dags/ingestion_dag.py for tasks to queue
[2026-08-15T00:46:52.289+0000] {logging_mixin.py:188} INFO - [2026-08-15T00:46:52.288+0000] {dagbag.py:538} INFO - Filling up the DagBag from /opt/airflow/dags/ingestion_dag.py
[2026-08-15T00:46:53.640+0000] {processor.py:840} INFO - DAG(s) 'air_quality_ingestion' retrieved from /opt/airflow/dags/ingestion_dag.py
[2026-08-15T00:46:53.775+0000] {logging_mixin.py:188} INFO - [2026-08-15T00:46:53.775+0000] {dag.py:3036} INFO - Sync 1 DAGs
[2026-08-15T00:46:53.878+0000] {logging_mixin.py:188} INFO - [2026-08-15T00:46:53.878+0000] {dag.py:3823} INFO - Setting next_dagrun for air_quality_ingestion to 2026-08-15 00:00:00+00:00, run_after=2026-08-15 01:00:00+00:00
[2026-08-15T00:46:54.046+0000] {processor.py:183} INFO - Processing /opt/airflow/dags/ingestion_dag.py took 1.954 seconds
[2026-08-15T00:47:24.664+0000] {processor.py:161} INFO - Started process (PID=55014) to work on /opt/airflow/dags/ingestion_dag.py
[2026-08-15T00:47:24.666+0000] {processor.py:830} INFO - Processing file /opt/airflow/dags/ingestion_dag.py for tasks to queue
[2026-08-15T00:47:24.668+0000] {logging_mixin.py:188} INFO - [2026-08-15T00:47:24.667+0000] {dagbag.py:538} INFO - Filling up the DagBag from /opt/airflow/dags/ingestion_dag.py
[2026-08-15T00:47:24.783+0000] {processor.py:840} INFO - DAG(s) 'air_quality_ingestion' retrieved from /opt/airflow/dags/ingestion_dag.py
[2026-08-15T00:47:24.812+0000] {logging_mixin.py:188} INFO - [2026-08-15T00:47:24.812+0000] {dag.py:3036} INFO - Sync 1 DAGs
[2026-08-15T00:47:24.857+0000] {logging_mixin.py:188} INFO - [2026-08-15T00:47:24.857+0000] {dag.py:3823} INFO - Setting next_dagrun for air_quality_ingestion to 2026-08-15 00:00:00+00:00, run_after=2026-08-15 01:00:00+00:00
[2026-08-15T00:47:24.885+0000] {processor.py:183} INFO - Processing /opt/airflow/dags/ingestion_dag.py took 0.224 seconds
[2026-08-15T00:47:55.116+0000] {processor.py:161} INFO - Started process (PID=55024) to work on /opt/airflow/dags/ingestion_dag.py
[2026-08-15T00:47:55.118+0000] {processor.py:830} INFO - Processing file /opt/airflow/dags/ingestion_dag.py for tasks to queue
[2026-08-15T00:47:55.119+0000] {logging_mixin.py:188} INFO - [2026-08-15T00:47:55.119+0000] {dagbag.py:538} INFO - Filling up the DagBag from /opt/airflow/dags/ingestion_dag.py
[2026-08-15T00:47:55.209+0000] {processor.py:840} INFO - DAG(s) 'air_quality_ingestion' retrieved from /opt/airflow/dags/ingestion_dag.py
[2026-08-15T00:47:55.231+0000] {logging_mixin.py:188} INFO - [2026-08-15T00:47:55.230+0000] {dag.py:3036} INFO - Sync 1 DAGs
[2026-08-15T00:47:55.251+0000] {logging_mixin.py:188} INFO - [2026-08-15T00:47:55.251+0000] {dag.py:3823} INFO - Setting next_dagrun for air_quality_ingestion to 2026-08-15 00:00:00+00:00, run_after=2026-08-15 01:00:00+00:00
[2026-08-15T00:47:55.271+0000] {processor.py:183} INFO - Processing /opt/airflow/dags/ingestion_dag.py took 0.158 seconds
[2026-08-15T00:48:25.588+0000] {processor.py:161} INFO - Started process (PID=55034) to work on /opt/airflow/dags/ingestion_dag.py
[2026-08-15T00:48:25.590+0000] {processor.py:830} INFO - Processing file /opt/airflow/dags/ingestion_dag.py for tasks to queue
[2026-08-15T00:48:25.591+0000] {logging_mixin.py:188} INFO - [2026-08-15T00:48:25.591+0000] {dagbag.py:538} INFO - Filling up the DagBag from /opt/airflow/dags/ingestion_dag.py
[2026-08-15T00:48:25.678+0000] {processor.py:840} INFO - DAG(s) 'air_quality_ingestion' retrieved from /opt/airflow/dags/ingestion_dag.py
[2026-08-15T00:48:25.699+0000] {logging_mixin.py:188} INFO - [2026-08-15T00:48:25.699+0000] {dag.py:3036} INFO - Sync 1 DAGs
[2026-08-15T00:48:25.716+0000] {logging_mixin.py:188} INFO - [2026-08-15T00:48:25.716+0000] {dag.py:3823} INFO - Setting next_dagrun for air_quality_ingestion to 2026-08-15 00:00:00+00:00, run_after=2026-08-15 01:00:00+00:00
[2026-08-15T00:48:25.732+0000] {processor.py:183} INFO - Processing /opt/airflow/dags/ingestion_dag.py took 0.146 seconds
[2026-08-15T00:48:56.155+0000] {processor.py:161} INFO - Started process (PID=55044) to work on /opt/airflow/dags/ingestion_dag.py
[2026-08-15T00:48:56.156+0000] {processor.py:830} INFO - Processing file /opt/airflow/dags/ingestion_dag.py for tasks to queue
[2026-08-15T00:48:56.158+0000] {logging_mixin.py:188} INFO - [2026-08-15T00:48:56.157+0000] {dagbag.py:538} INFO - Filling up the DagBag from /opt/airflow/dags/ingestion_dag.py
[2026-08-15T00:48:56.234+0000] {processor.py:840} INFO - DAG(s) 'air_quality_ingestion' retrieved from /opt/airflow/dags/ingestion_dag.py
[2026-08-15T00:48:56.252+0000] {logging_mixin.py:188} INFO - [2026-08-15T00:48:56.252+0000] {dag.py:3036} INFO - Sync 1 DAGs
[2026-08-15T00:48:56.269+0000] {logging_mixin.py:188} INFO - [2026-08-15T00:48:56.269+0000] {dag.py:3823} INFO - Setting next_dagrun for air_quality_ingestion to 2026-08-15 00:00:00+00:00, run_after=2026-08-15 01:00:00+00:00
[2026-08-15T00:48:56.284+0000] {processor.py:183} INFO - Processing /opt/airflow/dags/ingestion_dag.py took 0.132 seconds
[2026-08-15T00:49:26.626+0000] {processor.py:161} INFO - Started process (PID=55054) to work on /opt/airflow/dags/ingestion_dag.py
[2026-08-15T00:49:26.628+0000] {processor.py:830} INFO - Processing file /opt/airflow/dags/ingestion_dag.py for tasks to queue
[2026-08-15T00:49:26.629+0000] {logging_mixin.py:188} INFO - [2026-08-15T00:49:26.628+0000] {dagbag.py:538} INFO - Filling up the DagBag from /opt/airflow/dags/ingestion_dag.py
[2026-08-15T00:49:26.716+0000] {processor.py:840} INFO - DAG(s) 'air_quality_ingestion' retrieved from /opt/airflow/dags/ingestion_dag.py
[2026-08-15T00:49:26.735+0000] {logging_mixin.py:188} INFO - [2026-08-15T00:49:26.735+0000] {dag.py:3036} INFO - Sync 1 DAGs
[2026-08-15T00:49:26.752+0000] {logging_mixin.py:188} INFO - [2026-08-15T00:49:26.752+0000] {dag.py:3823} INFO - Setting next_dagrun for air_quality_ingestion to 2026-08-15 00:00:00+00:00, run_after=2026-08-15 01:00:00+00:00
[2026-08-15T00:49:26.769+0000] {processor.py:183} INFO - Processing /opt/airflow/dags/ingestion_dag.py took 0.145 seconds
[2026-08-15T00:49:57.088+0000] {processor.py:161} INFO - Started process (PID=55064) to work on /opt/airflow/dags/ingestion_dag.py
[2026-08-15T00:49:57.089+0000] {processor.py:830} INFO - Processing file /opt/airflow/dags/ingestion_dag.py for tasks to queue
[2026-08-15T00:49:57.091+0000] {logging_mixin.py:188} INFO - [2026-08-15T00:49:57.090+0000] {dagbag.py:538} INFO - Filling up the DagBag from /opt/airflow/dags/ingestion_dag.py
[2026-08-15T00:49:57.180+0000] {processor.py:840} INFO - DAG(s) 'air_quality_ingestion' retrieved from /opt/airflow/dags/ingestion_dag.py
[2026-08-15T00:49:57.200+0000] {logging_mixin.py:188} INFO - [2026-08-15T00:49:57.200+0000] {dag.py:3036} INFO - Sync 1 DAGs
[2026-08-15T00:49:57.221+0000] {logging_mixin.py:188} INFO - [2026-08-15T00:49:57.221+0000] {dag.py:3823} INFO - Setting next_dagrun for air_quality_ingestion to 2026-08-15 00:00:00+00:00, run_after=2026-08-15 01:00:00+00:00
[2026-08-15T00:49:57.239+0000] {processor.py:183} INFO - Processing /opt/airflow/dags/ingestion_dag.py took 0.154 seconds
[2026-08-15T00:50:27.524+0000] {processor.py:161} INFO - Started process (PID=55074) to work on /opt/airflow/dags/ingestion_dag.py
[2026-08-15T00:50:27.525+0000] {processor.py:830} INFO - Processing file /opt/airflow/dags/ingestion_dag.py for tasks to queue
[2026-08-15T00:50:27.526+0000] {logging_mixin.py:188} INFO - [2026-08-15T00:50:27.526+0000] {dagbag.py:538} INFO - Filling up the DagBag from /opt/airflow/dags/ingestion_dag.py
[2026-08-15T00:50:27.621+0000] {processor.py:840} INFO - DAG(s) 'air_quality_ingestion' retrieved from /opt/airflow/dags/ingestion_dag.py
[2026-08-15T00:50:27.641+0000] {logging_mixin.py:188} INFO - [2026-08-15T00:50:27.641+0000] {dag.py:3036} INFO - Sync 1 DAGs
[2026-08-15T00:50:27.667+0000] {logging_mixin.py:188} INFO - [2026-08-15T00:50:27.666+0000] {dag.py:3823} INFO - Setting next_dagrun for air_quality_ingestion to 2026-08-15 00:00:00+00:00, run_after=2026-08-15 01:00:00+00:00
[2026-08-15T00:50:27.686+0000] {processor.py:183} INFO - Processing /opt/airflow/dags/ingestion_dag.py took 0.165 seconds
[2026-08-15T00:50:58.059+0000] {processor.py:161} INFO - Started process (PID=55084) to work on /opt/airflow/dags/ingestion_dag.py
[2026-08-15T00:50:58.061+0000] {processor.py:830} INFO - Processing file /opt/airflow/dags/ingestion_dag.py for tasks to queue
[2026-08-15T00:50:58.062+0000] {logging_mixin.py:188} INFO - [2026-08-15T00:50:58.061+0000] {dagbag.py:538} INFO - Filling up the DagBag from /opt/airflow/dags/ingestion_dag.py
[2026-08-15T00:50:58.169+0000] {processor.py:840} INFO - DAG(s) 'air_quality_ingestion' retrieved from /opt/airflow/dags/ingestion_dag.py
[2026-08-15T00:50:58.208+0000] {logging_mixin.py:188} INFO - [2026-08-15T00:50:58.207+0000] {dag.py:3036} INFO - Sync 1 DAGs
[2026-08-15T00:50:58.247+0000] {logging_mixin.py:188} INFO - [2026-08-15T00:50:58.246+0000] {dag.py:3823} INFO - Setting next_dagrun for air_quality_ingestion to 2026-08-15 00:00:00+00:00, run_after=2026-08-15 01:00:00+00:00
[2026-08-15T00:50:58.269+0000] {processor.py:183} INFO - Processing /opt/airflow/dags/ingestion_dag.py took 0.211 seconds
[2026-08-15T00:51:28.521+0000] {processor.py:161} INFO - Started process (PID=55094) to work on /opt/airflow/dags/ingestion_dag.py
[2026-08-15T00:51:28.522+0000] {processor.py:830} INFO - Processing file /opt/airflow/dags/ingestion_dag.py for tasks to queue
[2026-08-15T00:51:28.524+0000] {logging_mixin.py:188} INFO - [2026-08-15T00:51:28.523+0000] {dagbag.py:538} INFO - Filling up the DagBag from /opt/airflow/dags/ingestion_dag.py
[2026-08-15T00:51:28.617+0000] {processor.py:840} INFO - DAG(s) 'air_quality_ingestion' retrieved from /opt/airflow/dags/ingestion_dag.py
[2026-08-15T00:51:28.639+0000] {logging_mixin.py:188} INFO - [2026-08-15T00:51:28.639+0000] {dag.py:3036} INFO - Sync 1 DAGs
[2026-08-15T00:51:28.661+0000] {logging_mixin.py:188} INFO - [2026-08-15T00:51:28.660+0000] {dag.py:3823} INFO - Setting next_dagrun for air_quality_ingestion to 2026-08-15 00:00:00+00:00, run_after=2026-08-15 01:00:00+00:00
[2026-08-15T00:51:28.684+0000] {processor.py:183} INFO - Processing /opt/airflow/dags/ingestion_dag.py took 0.166 seconds
[2026-08-15T00:51:58.993+0000] {processor.py:161} INFO - Started process (PID=55104) to work on /opt/airflow/dags/ingestion_dag.py
[2026-08-15T00:51:58.995+0000] {processor.py:830} INFO - Processing file /opt/airflow/dags/ingestion_dag.py for tasks to queue
[2026-08-15T00:51:58.996+0000] {logging_mixin.py:188} INFO - [2026-08-15T00:51:58.995+0000] {dagbag.py:538} INFO - Filling up the DagBag from /opt/airflow/dags/ingestion_dag.py
[2026-08-15T00:51:59.107+0000] {processor.py:840} INFO - DAG(s) 'air_quality_ingestion' retrieved from /opt/airflow/dags/ingestion_dag.py
[2026-08-15T00:51:59.126+0000] {logging_mixin.py:188} INFO - [2026-08-15T00:51:59.126+0000] {dag.py:3036} INFO - Sync 1 DAGs
[2026-08-15T00:51:59.147+0000] {logging_mixin.py:188} INFO - [2026-08-15T00:51:59.146+0000] {dag.py:3823} INFO - Setting next_dagrun for air_quality_ingestion to 2026-08-15 00:00:00+00:00, run_after=2026-08-15 01:00:00+00:00
[2026-08-15T00:51:59.165+0000] {processor.py:183} INFO - Processing /opt/airflow/dags/ingestion_dag.py took 0.175 seconds
[2026-08-15T00:52:29.426+0000] {processor.py:161} INFO - Started process (PID=55114) to work on /opt/airflow/dags/ingestion_dag.py
[2026-08-15T00:52:29.427+0000] {processor.py:830} INFO - Processing file /opt/airflow/dags/ingestion_dag.py for tasks to queue
[2026-08-15T00:52:29.429+0000] {logging_mixin.py:188} INFO - [2026-08-15T00:52:29.428+0000] {dagbag.py:538} INFO - Filling up the DagBag from /opt/airflow/dags/ingestion_dag.py
[2026-08-15T00:52:29.542+0000] {processor.py:840} INFO - DAG(s) 'air_quality_ingestion' retrieved from /opt/airflow/dags/ingestion_dag.py
[2026-08-15T00:52:29.570+0000] {logging_mixin.py:188} INFO - [2026-08-15T00:52:29.570+0000] {dag.py:3036} INFO - Sync 1 DAGs
[2026-08-15T00:52:29.595+0000] {logging_mixin.py:188} INFO - [2026-08-15T00:52:29.595+0000] {dag.py:3823} INFO - Setting next_dagrun for air_quality_ingestion to 2026-08-15 00:00:00+00:00, run_after=2026-08-15 01:00:00+00:00
[2026-08-15T00:52:29.614+0000] {processor.py:183} INFO - Processing /opt/airflow/dags/ingestion_dag.py took 0.192 seconds
[2026-08-15T00:53:00.417+0000] {processor.py:161} INFO - Started process (PID=55124) to work on /opt/airflow/dags/ingestion_dag.py
[2026-08-15T00:53:00.418+0000] {processor.py:830} INFO - Processing file /opt/airflow/dags/ingestion_dag.py for tasks to queue
[2026-08-15T00:53:00.420+0000] {logging_mixin.py:188} INFO - [2026-08-15T00:53:00.419+0000] {dagbag.py:538} INFO - Filling up the DagBag from /opt/airflow/dags/ingestion_dag.py
[2026-08-15T00:53:00.528+0000] {processor.py:840} INFO - DAG(s) 'air_quality_ingestion' retrieved from /opt/airflow/dags/ingestion_dag.py
[2026-08-15T00:53:00.551+0000] {logging_mixin.py:188} INFO - [2026-08-15T00:53:00.551+0000] {dag.py:3036} INFO - Sync 1 DAGs
[2026-08-15T00:53:00.572+0000] {logging_mixin.py:188} INFO - [2026-08-15T00:53:00.571+0000] {dag.py:3823} INFO - Setting next_dagrun for air_quality_ingestion to 2026-08-15 00:00:00+00:00, run_after=2026-08-15 01:00:00+00:00
[2026-08-15T00:53:00.596+0000] {processor.py:183} INFO - Processing /opt/airflow/dags/ingestion_dag.py took 0.182 seconds
[2026-08-15T00:53:30.889+0000] {processor.py:161} INFO - Started process (PID=55134) to work on /opt/airflow/dags/ingestion_dag.py
[2026-08-15T00:53:30.890+0000] {processor.py:830} INFO - Processing file /opt/airflow/dags/ingestion_dag.py for tasks to queue
[2026-08-15T00:53:30.891+0000] {logging_mixin.py:188} INFO - [2026-08-15T00:53:30.891+0000] {dagbag.py:538} INFO - Filling up the DagBag from /opt/airflow/dags/ingestion_dag.py
[2026-08-15T00:53:31.018+0000] {processor.py:840} INFO - DAG(s) 'air_quality_ingestion' retrieved from /opt/airflow/dags/ingestion_dag.py
[2026-08-15T00:53:31.040+0000] {logging_mixin.py:188} INFO - [2026-08-15T00:53:31.040+0000] {dag.py:3036} INFO - Sync 1 DAGs
[2026-08-15T00:53:31.061+0000] {logging_mixin.py:188} INFO - [2026-08-15T00:53:31.061+0000] {dag.py:3823} INFO - Setting next_dagrun for air_quality_ingestion to 2026-08-15 00:00:00+00:00, run_after=2026-08-15 01:00:00+00:00
[2026-08-15T00:53:31.091+0000] {processor.py:183} INFO - Processing /opt/airflow/dags/ingestion_dag.py took 0.205 seconds
[2026-08-15T00:54:01.377+0000] {processor.py:161} INFO - Started process (PID=55144) to work on /opt/airflow/dags/ingestion_dag.py
[2026-08-15T00:54:01.379+0000] {processor.py:830} INFO - Processing file /opt/airflow/dags/ingestion_dag.py for tasks to queue
[2026-08-15T00:54:01.380+0000] {logging_mixin.py:188} INFO - [2026-08-15T00:54:01.379+0000] {dagbag.py:538} INFO - Filling up the DagBag from /opt/airflow/dags/ingestion_dag.py
[2026-08-15T00:54:01.474+0000] {processor.py:840} INFO - DAG(s) 'air_quality_ingestion' retrieved from /opt/airflow/dags/ingestion_dag.py
[2026-08-15T00:54:01.492+0000] {logging_mixin.py:188} INFO - [2026-08-15T00:54:01.492+0000] {dag.py:3036} INFO - Sync 1 DAGs
[2026-08-15T00:54:01.510+0000] {logging_mixin.py:188} INFO - [2026-08-15T00:54:01.510+0000] {dag.py:3823} INFO - Setting next_dagrun for air_quality_ingestion to 2026-08-15 00:00:00+00:00, run_after=2026-08-15 01:00:00+00:00
[2026-08-15T00:54:01.526+0000] {processor.py:183} INFO - Processing /opt/airflow/dags/ingestion_dag.py took 0.151 seconds
[2026-08-15T00:54:31.836+0000] {processor.py:161} INFO - Started process (PID=55154) to work on /opt/airflow/dags/ingestion_dag.py
[2026-08-15T00:54:31.837+0000] {processor.py:830} INFO - Processing file /opt/airflow/dags/ingestion_dag.py for tasks to queue
[2026-08-15T00:54:31.839+0000] {logging_mixin.py:188} INFO - [2026-08-15T00:54:31.838+0000] {dagbag.py:538} INFO - Filling up the DagBag from /opt/airflow/dags/ingestion_dag.py
[2026-08-15T00:54:31.940+0000] {processor.py:840} INFO - DAG(s) 'air_quality_ingestion' retrieved from /opt/airflow/dags/ingestion_dag.py
[2026-08-15T00:54:31.961+0000] {logging_mixin.py:188} INFO - [2026-08-15T00:54:31.961+0000] {dag.py:3036} INFO - Sync 1 DAGs
[2026-08-15T00:54:31.981+0000] {logging_mixin.py:188} INFO - [2026-08-15T00:54:31.981+0000] {dag.py:3823} INFO - Setting next_dagrun for air_quality_ingestion to 2026-08-15 00:00:00+00:00, run_after=2026-08-15 01:00:00+00:00
[2026-08-15T00:54:32.001+0000] {processor.py:183} INFO - Processing /opt/airflow/dags/ingestion_dag.py took 0.167 seconds
[2026-08-15T00:55:02.380+0000] {processor.py:161} INFO - Started process (PID=55164) to work on /opt/airflow/dags/ingestion_dag.py
[2026-08-15T00:55:02.381+0000] {processor.py:830} INFO - Processing file /opt/airflow/dags/ingestion_dag.py for tasks to queue
[2026-08-15T00:55:02.381+0000] {logging_mixin.py:188} INFO - [2026-08-15T00:55:02.381+0000] {dagbag.py:538} INFO - Filling up the DagBag from /opt/airflow/dags/ingestion_dag.py
[2026-08-15T00:55:02.462+0000] {processor.py:840} INFO - DAG(s) 'air_quality_ingestion' retrieved from /opt/airflow/dags/ingestion_dag.py
[2026-08-15T00:55:02.481+0000] {logging_mixin.py:188} INFO - [2026-08-15T00:55:02.481+0000] {dag.py:3036} INFO - Sync 1 DAGs
[2026-08-15T00:55:02.499+0000] {logging_mixin.py:188} INFO - [2026-08-15T00:55:02.499+0000] {dag.py:3823} INFO - Setting next_dagrun for air_quality_ingestion to 2026-08-15 00:00:00+00:00, run_after=2026-08-15 01:00:00+00:00
[2026-08-15T00:55:02.516+0000] {processor.py:183} INFO - Processing /opt/airflow/dags/ingestion_dag.py took 0.139 seconds
[2026-08-15T00:55:32.953+0000] {processor.py:161} INFO - Started process (PID=55174) to work on /opt/airflow/dags/ingestion_dag.py
[2026-08-15T00:55:32.955+0000] {processor.py:830} INFO - Processing file /opt/airflow/dags/ingestion_dag.py for tasks to queue
[2026-08-15T00:55:32.956+0000] {logging_mixin.py:188} INFO - [2026-08-15T00:55:32.955+0000] {dagbag.py:538} INFO - Filling up the DagBag from /opt/airflow/dags/ingestion_dag.py
[2026-08-15T00:55:33.039+0000] {processor.py:840} INFO - DAG(s) 'air_quality_ingestion' retrieved from /opt/airflow/dags/ingestion_dag.py
[2026-08-15T00:55:33.058+0000] {logging_mixin.py:188} INFO - [2026-08-15T00:55:33.058+0000] {dag.py:3036} INFO - Sync 1 DAGs
[2026-08-15T00:55:33.076+0000] {logging_mixin.py:188} INFO - [2026-08-15T00:55:33.076+0000] {dag.py:3823} INFO - Setting next_dagrun for air_quality_ingestion to 2026-08-15 00:00:00+00:00, run_after=2026-08-15 01:00:00+00:00
[2026-08-15T00:55:33.094+0000] {processor.py:183} INFO - Processing /opt/airflow/dags/ingestion_dag.py took 0.144 seconds
[2026-08-15T00:56:03.432+0000] {processor.py:161} INFO - Started process (PID=55184) to work on /opt/airflow/dags/ingestion_dag.py
[2026-08-15T00:56:03.434+0000] {processor.py:830} INFO - Processing file /opt/airflow/dags/ingestion_dag.py for tasks to queue
[2026-08-15T00:56:03.435+0000] {logging_mixin.py:188} INFO - [2026-08-15T00:56:03.434+0000] {dagbag.py:538} INFO - Filling up the DagBag from /opt/airflow/dags/ingestion_dag.py
[2026-08-15T00:56:03.527+0000] {processor.py:840} INFO - DAG(s) 'air_quality_ingestion' retrieved from /opt/airflow/dags/ingestion_dag.py
[2026-08-15T00:56:03.553+0000] {logging_mixin.py:188} INFO - [2026-08-15T00:56:03.552+0000] {dag.py:3036} INFO - Sync 1 DAGs
[2026-08-15T00:56:03.574+0000] {logging_mixin.py:188} INFO - [2026-08-15T00:56:03.574+0000] {dag.py:3823} INFO - Setting next_dagrun for air_quality_ingestion to 2026-08-15 00:00:00+00:00, run_after=2026-08-15 01:00:00+00:00
[2026-08-15T00:56:03.594+0000] {processor.py:183} INFO - Processing /opt/airflow/dags/ingestion_dag.py took 0.165 seconds
[2026-08-15T00:56:33.890+0000] {processor.py:161} INFO - Started process (PID=55194) to work on /opt/airflow/dags/ingestion_dag.py
[2026-08-15T00:56:33.891+0000] {processor.py:830} INFO - Processing file /opt/airflow/dags/ingestion_dag.py for tasks to queue
[2026-08-15T00:56:33.893+0000] {logging_mixin.py:188} INFO - [2026-08-15T00:56:33.892+0000] {dagbag.py:538} INFO - Filling up the DagBag from /opt/airflow/dags/ingestion_dag.py
[2026-08-15T00:56:33.987+0000] {processor.py:840} INFO - DAG(s) 'air_quality_ingestion' retrieved from /opt/airflow/dags/ingestion_dag.py
[2026-08-15T00:56:34.008+0000] {logging_mixin.py:188} INFO - [2026-08-15T00:56:34.008+0000] {dag.py:3036} INFO - Sync 1 DAGs
[2026-08-15T00:56:34.028+0000] {logging_mixin.py:188} INFO - [2026-08-15T00:56:34.028+0000] {dag.py:3823} INFO - Setting next_dagrun for air_quality_ingestion to 2026-08-15 00:00:00+00:00, run_after=2026-08-15 01:00:00+00:00
[2026-08-15T00:56:34.050+0000] {processor.py:183} INFO - Processing /opt/airflow/dags/ingestion_dag.py took 0.163 seconds
[2026-08-15T00:57:04.458+0000] {processor.py:161} INFO - Started process (PID=55204) to work on /opt/airflow/dags/ingestion_dag.py
[2026-08-15T00:57:04.458+0000] {processor.py:830} INFO - Processing file /opt/airflow/dags/ingestion_dag.py for tasks to queue
[2026-08-15T00:57:04.459+0000] {logging_mixin.py:188} INFO - [2026-08-15T00:57:04.459+0000] {dagbag.py:538} INFO - Filling up the DagBag from /opt/airflow/dags/ingestion_dag.py
[2026-08-15T00:57:04.555+0000] {processor.py:840} INFO - DAG(s) 'air_quality_ingestion' retrieved from /opt/airflow/dags/ingestion_dag.py
[2026-08-15T00:57:04.575+0000] {logging_mixin.py:188} INFO - [2026-08-15T00:57:04.575+0000] {dag.py:3036} INFO - Sync 1 DAGs
[2026-08-15T00:57:04.591+0000] {logging_mixin.py:188} INFO - [2026-08-15T00:57:04.591+0000] {dag.py:3823} INFO - Setting next_dagrun for air_quality_ingestion to 2026-08-15 00:00:00+00:00, run_after=2026-08-15 01:00:00+00:00
[2026-08-15T00:57:04.610+0000] {processor.py:183} INFO - Processing /opt/airflow/dags/ingestion_dag.py took 0.155 seconds
[2026-08-15T00:57:34.935+0000] {processor.py:161} INFO - Started process (PID=55214) to work on /opt/airflow/dags/ingestion_dag.py
[2026-08-15T00:57:34.936+0000] {processor.py:830} INFO - Processing file /opt/airflow/dags/ingestion_dag.py for tasks to queue
[2026-08-15T00:57:34.937+0000] {logging_mixin.py:188} INFO - [2026-08-15T00:57:34.937+0000] {dagbag.py:538} INFO - Filling up the DagBag from /opt/airflow/dags/ingestion_dag.py
[2026-08-15T00:57:35.024+0000] {processor.py:840} INFO - DAG(s) 'air_quality_ingestion' retrieved from /opt/airflow/dags/ingestion_dag.py
[2026-08-15T00:57:35.045+0000] {logging_mixin.py:188} INFO - [2026-08-15T00:57:35.045+0000] {dag.py:3036} INFO - Sync 1 DAGs
[2026-08-15T00:57:35.062+0000] {logging_mixin.py:188} INFO - [2026-08-15T00:57:35.062+0000] {dag.py:3823} INFO - Setting next_dagrun for air_quality_ingestion to 2026-08-15 00:00:00+00:00, run_after=2026-08-15 01:00:00+00:00
[2026-08-15T00:57:35.081+0000] {processor.py:183} INFO - Processing /opt/airflow/dags/ingestion_dag.py took 0.149 seconds
[2026-08-15T00:58:05.404+0000] {processor.py:161} INFO - Started process (PID=55224) to work on /opt/airflow/dags/ingestion_dag.py
[2026-08-15T00:58:05.405+0000] {processor.py:830} INFO - Processing file /opt/airflow/dags/ingestion_dag.py for tasks to queue
[2026-08-15T00:58:05.406+0000] {logging_mixin.py:188} INFO - [2026-08-15T00:58:05.406+0000] {dagbag.py:538} INFO - Filling up the DagBag from /opt/airflow/dags/ingestion_dag.py
[2026-08-15T00:58:05.495+0000] {processor.py:840} INFO - DAG(s) 'air_quality_ingestion' retrieved from /opt/airflow/dags/ingestion_dag.py
[2026-08-15T00:58:05.513+0000] {logging_mixin.py:188} INFO - [2026-08-15T00:58:05.513+0000] {dag.py:3036} INFO - Sync 1 DAGs
[2026-08-15T00:58:05.531+0000] {logging_mixin.py:188} INFO - [2026-08-15T00:58:05.531+0000] {dag.py:3823} INFO - Setting next_dagrun for air_quality_ingestion to 2026-08-15 00:00:00+00:00, run_after=2026-08-15 01:00:00+00:00
[2026-08-15T00:58:05.547+0000] {processor.py:183} INFO - Processing /opt/airflow/dags/ingestion_dag.py took 0.146 seconds
[2026-08-15T00:58:35.854+0000] {processor.py:161} INFO - Started process (PID=55234) to work on /opt/airflow/dags/ingestion_dag.py
[2026-08-15T00:58:35.855+0000] {processor.py:830} INFO - Processing file /opt/airflow/dags/ingestion_dag.py for tasks to queue
[2026-08-15T00:58:35.856+0000] {logging_mixin.py:188} INFO - [2026-08-15T00:58:35.856+0000] {dagbag.py:538} INFO - Filling up the DagBag from /opt/airflow/dags/ingestion_dag.py
[2026-08-15T00:58:35.949+0000] {processor.py:840} INFO - DAG(s) 'air_quality_ingestion' retrieved from /opt/airflow/dags/ingestion_dag.py
[2026-08-15T00:58:35.970+0000] {logging_mixin.py:188} INFO - [2026-08-15T00:58:35.970+0000] {dag.py:3036} INFO - Sync 1 DAGs
[2026-08-15T00:58:35.990+0000] {logging_mixin.py:188} INFO - [2026-08-15T00:58:35.990+0000] {dag.py:3823} INFO - Setting next_dagrun for air_quality_ingestion to 2026-08-15 00:00:00+00:00, run_after=2026-08-15 01:00:00+00:00
[2026-08-15T00:58:36.008+0000] {processor.py:183} INFO - Processing /opt/airflow/dags/ingestion_dag.py took 0.156 seconds
[2026-08-15T00:59:06.306+0000] {processor.py:161} INFO - Started process (PID=55244) to work on /opt/airflow/dags/ingestion_dag.py
[2026-08-15T00:59:06.306+0000] {processor.py:830} INFO - Processing file /opt/airflow/dags/ingestion_dag.py for tasks to queue
[2026-08-15T00:59:06.308+0000] {logging_mixin.py:188} INFO - [2026-08-15T00:59:06.307+0000] {dagbag.py:538} INFO - Filling up the DagBag from /opt/airflow/dags/ingestion_dag.py
[2026-08-15T00:59:06.411+0000] {processor.py:840} INFO - DAG(s) 'air_quality_ingestion' retrieved from /opt/airflow/dags/ingestion_dag.py
[2026-08-15T00:59:06.434+0000] {logging_mixin.py:188} INFO - [2026-08-15T00:59:06.434+0000] {dag.py:3036} INFO - Sync 1 DAGs
[2026-08-15T00:59:06.453+0000] {logging_mixin.py:188} INFO - [2026-08-15T00:59:06.453+0000] {dag.py:3823} INFO - Setting next_dagrun for air_quality_ingestion to 2026-08-15 00:00:00+00:00, run_after=2026-08-15 01:00:00+00:00
[2026-08-15T00:59:06.469+0000] {processor.py:183} INFO - Processing /opt/airflow/dags/ingestion_dag.py took 0.166 seconds
[2026-08-15T00:59:36.818+0000] {processor.py:161} INFO - Started process (PID=55254) to work on /opt/airflow/dags/ingestion_dag.py
[2026-08-15T00:59:36.820+0000] {processor.py:830} INFO - Processing file /opt/airflow/dags/ingestion_dag.py for tasks to queue
[2026-08-15T00:59:36.821+0000] {logging_mixin.py:188} INFO - [2026-08-15T00:59:36.820+0000] {dagbag.py:538} INFO - Filling up the DagBag from /opt/airflow/dags/ingestion_dag.py
[2026-08-15T00:59:36.909+0000] {processor.py:840} INFO - DAG(s) 'air_quality_ingestion' retrieved from /opt/airflow/dags/ingestion_dag.py
[2026-08-15T00:59:36.928+0000] {logging_mixin.py:188} INFO - [2026-08-15T00:59:36.928+0000] {dag.py:3036} INFO - Sync 1 DAGs
[2026-08-15T00:59:36.946+0000] {logging_mixin.py:188} INFO - [2026-08-15T00:59:36.946+0000] {dag.py:3823} INFO - Setting next_dagrun for air_quality_ingestion to 2026-08-15 00:00:00+00:00, run_after=2026-08-15 01:00:00+00:00
[2026-08-15T00:59:36.962+0000] {processor.py:183} INFO - Processing /opt/airflow/dags/ingestion_dag.py took 0.147 seconds
[2026-08-15T01:00:07.272+0000] {processor.py:161} INFO - Started process (PID=55266) to work on /opt/airflow/dags/ingestion_dag.py
[2026-08-15T01:00:07.273+0000] {processor.py:830} INFO - Processing file /opt/airflow/dags/ingestion_dag.py for tasks to queue
[2026-08-15T01:00:07.274+0000] {logging_mixin.py:188} INFO - [2026-08-15T01:00:07.273+0000] {dagbag.py:538} INFO - Filling up the DagBag from /opt/airflow/dags/ingestion_dag.py
[2026-08-15T01:00:07.362+0000] {processor.py:840} INFO - DAG(s) 'air_quality_ingestion' retrieved from /opt/airflow/dags/ingestion_dag.py
[2026-08-15T01:00:07.383+0000] {logging_mixin.py:188} INFO - [2026-08-15T01:00:07.383+0000] {dag.py:3036} INFO - Sync 1 DAGs
[2026-08-15T01:00:07.405+0000] {logging_mixin.py:188} INFO - [2026-08-15T01:00:07.405+0000] {dag.py:3823} INFO - Setting next_dagrun for air_quality_ingestion to 2026-08-15 01:00:00+00:00, run_after=2026-08-15 02:00:00+00:00
[2026-08-15T01:00:07.425+0000] {processor.py:183} INFO - Processing /opt/airflow/dags/ingestion_dag.py took 0.155 seconds
[2026-08-15T01:00:37.758+0000] {processor.py:161} INFO - Started process (PID=55276) to work on /opt/airflow/dags/ingestion_dag.py
[2026-08-15T01:00:37.760+0000] {processor.py:830} INFO - Processing file /opt/airflow/dags/ingestion_dag.py for tasks to queue
[2026-08-15T01:00:37.761+0000] {logging_mixin.py:188} INFO - [2026-08-15T01:00:37.760+0000] {dagbag.py:538} INFO - Filling up the DagBag from /opt/airflow/dags/ingestion_dag.py
[2026-08-15T01:00:37.854+0000] {processor.py:840} INFO - DAG(s) 'air_quality_ingestion' retrieved from /opt/airflow/dags/ingestion_dag.py
[2026-08-15T01:00:37.872+0000] {logging_mixin.py:188} INFO - [2026-08-15T01:00:37.872+0000] {dag.py:3036} INFO - Sync 1 DAGs
[2026-08-15T01:00:37.890+0000] {logging_mixin.py:188} INFO - [2026-08-15T01:00:37.890+0000] {dag.py:3823} INFO - Setting next_dagrun for air_quality_ingestion to 2026-08-15 01:00:00+00:00, run_after=2026-08-15 02:00:00+00:00
[2026-08-15T01:00:37.907+0000] {processor.py:183} INFO - Processing /opt/airflow/dags/ingestion_dag.py took 0.151 seconds
[2026-08-15T01:01:08.228+0000] {processor.py:161} INFO - Started process (PID=55286) to work on /opt/airflow/dags/ingestion_dag.py
[2026-08-15T01:01:08.229+0000] {processor.py:830} INFO - Processing file /opt/airflow/dags/ingestion_dag.py for tasks to queue
[2026-08-15T01:01:08.230+0000] {logging_mixin.py:188} INFO - [2026-08-15T01:01:08.230+0000] {dagbag.py:538} INFO - Filling up the DagBag from /opt/airflow/dags/ingestion_dag.py
[2026-08-15T01:01:08.329+0000] {processor.py:840} INFO - DAG(s) 'air_quality_ingestion' retrieved from /opt/airflow/dags/ingestion_dag.py
[2026-08-15T01:01:08.349+0000] {logging_mixin.py:188} INFO - [2026-08-15T01:01:08.349+0000] {dag.py:3036} INFO - Sync 1 DAGs
[2026-08-15T01:01:08.368+0000] {logging_mixin.py:188} INFO - [2026-08-15T01:01:08.368+0000] {dag.py:3823} INFO - Setting next_dagrun for air_quality_ingestion to 2026-08-15 01:00:00+00:00, run_after=2026-08-15 02:00:00+00:00
[2026-08-15T01:01:08.385+0000] {processor.py:183} INFO - Processing /opt/airflow/dags/ingestion_dag.py took 0.160 seconds
[2026-08-15T01:01:38.680+0000] {processor.py:161} INFO - Started process (PID=55296) to work on /opt/airflow/dags/ingestion_dag.py
[2026-08-15T01:01:38.681+0000] {processor.py:830} INFO - Processing file /opt/airflow/dags/ingestion_dag.py for tasks to queue
[2026-08-15T01:01:38.682+0000] {logging_mixin.py:188} INFO - [2026-08-15T01:01:38.682+0000] {dagbag.py:538} INFO - Filling up the DagBag from /opt/airflow/dags/ingestion_dag.py
[2026-08-15T01:01:38.788+0000] {processor.py:840} INFO - DAG(s) 'air_quality_ingestion' retrieved from /opt/airflow/dags/ingestion_dag.py
[2026-08-15T01:01:38.808+0000] {logging_mixin.py:188} INFO - [2026-08-15T01:01:38.808+0000] {dag.py:3036} INFO - Sync 1 DAGs
[2026-08-15T01:01:38.827+0000] {logging_mixin.py:188} INFO - [2026-08-15T01:01:38.827+0000] {dag.py:3823} INFO - Setting next_dagrun for air_quality_ingestion to 2026-08-15 01:00:00+00:00, run_after=2026-08-15 02:00:00+00:00
[2026-08-15T01:01:38.843+0000] {processor.py:183} INFO - Processing /opt/airflow/dags/ingestion_dag.py took 0.166 seconds
[2026-08-15T01:02:09.207+0000] {processor.py:161} INFO - Started process (PID=55306) to work on /opt/airflow/dags/ingestion_dag.py
[2026-08-15T01:02:09.208+0000] {processor.py:830} INFO - Processing file /opt/airflow/dags/ingestion_dag.py for tasks to queue
[2026-08-15T01:02:09.209+0000] {logging_mixin.py:188} INFO - [2026-08-15T01:02:09.209+0000] {dagbag.py:538} INFO - Filling up the DagBag from /opt/airflow/dags/ingestion_dag.py
[2026-08-15T01:02:09.317+0000] {processor.py:840} INFO - DAG(s) 'air_quality_ingestion' retrieved from /opt/airflow/dags/ingestion_dag.py
[2026-08-15T01:02:09.344+0000] {logging_mixin.py:188} INFO - [2026-08-15T01:02:09.344+0000] {dag.py:3036} INFO - Sync 1 DAGs
[2026-08-15T01:02:09.369+0000] {logging_mixin.py:188} INFO - [2026-08-15T01:02:09.369+0000] {dag.py:3823} INFO - Setting next_dagrun for air_quality_ingestion to 2026-08-15 01:00:00+00:00, run_after=2026-08-15 02:00:00+00:00
[2026-08-15T01:02:09.393+0000] {processor.py:183} INFO - Processing /opt/airflow/dags/ingestion_dag.py took 0.189 seconds
[2026-08-15T01:02:39.694+0000] {processor.py:161} INFO - Started process (PID=55316) to work on /opt/airflow/dags/ingestion_dag.py
[2026-08-15T01:02:39.695+0000] {processor.py:830} INFO - Processing file /opt/airflow/dags/ingestion_dag.py for tasks to queue
[2026-08-15T01:02:39.696+0000] {logging_mixin.py:188} INFO - [2026-08-15T01:02:39.696+0000] {dagbag.py:538} INFO - Filling up the DagBag from /opt/airflow/dags/ingestion_dag.py
[2026-08-15T01:02:39.781+0000] {processor.py:840} INFO - DAG(s) 'air_quality_ingestion' retrieved from /opt/airflow/dags/ingestion_dag.py
[2026-08-15T01:02:39.802+0000] {logging_mixin.py:188} INFO - [2026-08-15T01:02:39.802+0000] {dag.py:3036} INFO - Sync 1 DAGs
[2026-08-15T01:02:39.823+0000] {logging_mixin.py:188} INFO - [2026-08-15T01:02:39.823+0000] {dag.py:3823} INFO - Setting next_dagrun for air_quality_ingestion to 2026-08-15 01:00:00+00:00, run_after=2026-08-15 02:00:00+00:00
[2026-08-15T01:02:39.841+0000] {processor.py:183} INFO - Processing /opt/airflow/dags/ingestion_dag.py took 0.150 seconds
[2026-08-15T01:03:10.174+0000] {processor.py:161} INFO - Started process (PID=55326) to work on /opt/airflow/dags/ingestion_dag.py
[2026-08-15T01:03:10.175+0000] {processor.py:830} INFO - Processing file /opt/airflow/dags/ingestion_dag.py for tasks to queue
[2026-08-15T01:03:10.176+0000] {logging_mixin.py:188} INFO - [2026-08-15T01:03:10.176+0000] {dagbag.py:538} INFO - Filling up the DagBag from /opt/airflow/dags/ingestion_dag.py
[2026-08-15T01:03:10.270+0000] {processor.py:840} INFO - DAG(s) 'air_quality_ingestion' retrieved from /opt/airflow/dags/ingestion_dag.py
[2026-08-15T01:03:10.289+0000] {logging_mixin.py:188} INFO - [2026-08-15T01:03:10.289+0000] {dag.py:3036} INFO - Sync 1 DAGs
[2026-08-15T01:03:10.308+0000] {logging_mixin.py:188} INFO - [2026-08-15T01:03:10.308+0000] {dag.py:3823} INFO - Setting next_dagrun for air_quality_ingestion to 2026-08-15 01:00:00+00:00, run_after=2026-08-15 02:00:00+00:00
[2026-08-15T01:03:10.326+0000] {processor.py:183} INFO - Processing /opt/airflow/dags/ingestion_dag.py took 0.155 seconds
[2026-08-15T01:03:40.644+0000] {processor.py:161} INFO - Started process (PID=55336) to work on /opt/airflow/dags/ingestion_dag.py
[2026-08-15T01:03:40.645+0000] {processor.py:830} INFO - Processing file /opt/airflow/dags/ingestion_dag.py for tasks to queue
[2026-08-15T01:03:40.646+0000] {logging_mixin.py:188} INFO - [2026-08-15T01:03:40.645+0000] {dagbag.py:538} INFO - Filling up the DagBag from /opt/airflow/dags/ingestion_dag.py
[2026-08-15T01:03:40.739+0000] {processor.py:840} INFO - DAG(s) 'air_quality_ingestion' retrieved from /opt/airflow/dags/ingestion_dag.py
[2026-08-15T01:03:40.762+0000] {logging_mixin.py:188} INFO - [2026-08-15T01:03:40.762+0000] {dag.py:3036} INFO - Sync 1 DAGs
[2026-08-15T01:03:40.783+0000] {logging_mixin.py:188} INFO - [2026-08-15T01:03:40.783+0000] {dag.py:3823} INFO - Setting next_dagrun for air_quality_ingestion to 2026-08-15 01:00:00+00:00, run_after=2026-08-15 02:00:00+00:00
[2026-08-15T01:03:40.805+0000] {processor.py:183} INFO - Processing /opt/airflow/dags/ingestion_dag.py took 0.163 seconds
[2026-08-15T01:04:11.198+0000] {processor.py:161} INFO - Started process (PID=55346) to work on /opt/airflow/dags/ingestion_dag.py
[2026-08-15T01:04:11.199+0000] {processor.py:830} INFO - Processing file /opt/airflow/dags/ingestion_dag.py for tasks to queue
[2026-08-15T01:04:11.200+0000] {logging_mixin.py:188} INFO - [2026-08-15T01:04:11.200+0000] {dagbag.py:538} INFO - Filling up the DagBag from /opt/airflow/dags/ingestion_dag.py
[2026-08-15T01:04:11.314+0000] {processor.py:840} INFO - DAG(s) 'air_quality_ingestion' retrieved from /opt/airflow/dags/ingestion_dag.py
[2026-08-15T01:04:11.340+0000] {logging_mixin.py:188} INFO - [2026-08-15T01:04:11.340+0000] {dag.py:3036} INFO - Sync 1 DAGs
[2026-08-15T01:04:11.362+0000] {logging_mixin.py:188} INFO - [2026-08-15T01:04:11.362+0000] {dag.py:3823} INFO - Setting next_dagrun for air_quality_ingestion to 2026-08-15 01:00:00+00:00, run_after=2026-08-15 02:00:00+00:00
[2026-08-15T01:04:11.382+0000] {processor.py:183} INFO - Processing /opt/airflow/dags/ingestion_dag.py took 0.187 seconds
[2026-08-15T01:04:41.697+0000] {processor.py:161} INFO - Started process (PID=55356) to work on /opt/airflow/dags/ingestion_dag.py
[2026-08-15T01:04:41.699+0000] {processor.py:830} INFO - Processing file /opt/airflow/dags/ingestion_dag.py for tasks to queue
[2026-08-15T01:04:41.700+0000] {logging_mixin.py:188} INFO - [2026-08-15T01:04:41.699+0000] {dagbag.py:538} INFO - Filling up the DagBag from /opt/airflow/dags/ingestion_dag.py
[2026-08-15T01:04:41.788+0000] {processor.py:840} INFO - DAG(s) 'air_quality_ingestion' retrieved from /opt/airflow/dags/ingestion_dag.py
[2026-08-15T01:04:41.808+0000] {logging_mixin.py:188} INFO - [2026-08-15T01:04:41.807+0000] {dag.py:3036} INFO - Sync 1 DAGs
[2026-08-15T01:04:41.828+0000] {logging_mixin.py:188} INFO - [2026-08-15T01:04:41.827+0000] {dag.py:3823} INFO - Setting next_dagrun for air_quality_ingestion to 2026-08-15 01:00:00+00:00, run_after=2026-08-15 02:00:00+00:00
[2026-08-15T01:04:41.845+0000] {processor.py:183} INFO - Processing /opt/airflow/dags/ingestion_dag.py took 0.151 seconds
[2026-08-15T01:05:12.154+0000] {processor.py:161} INFO - Started process (PID=55368) to work on /opt/airflow/dags/ingestion_dag.py
[2026-08-15T01:05:12.155+0000] {processor.py:830} INFO - Processing file /opt/airflow/dags/ingestion_dag.py for tasks to queue
[2026-08-15T01:05:12.156+0000] {logging_mixin.py:188} INFO - [2026-08-15T01:05:12.156+0000] {dagbag.py:538} INFO - Filling up the DagBag from /opt/airflow/dags/ingestion_dag.py
[2026-08-15T01:05:12.244+0000] {processor.py:840} INFO - DAG(s) 'air_quality_ingestion' retrieved from /opt/airflow/dags/ingestion_dag.py
[2026-08-15T01:05:12.269+0000] {logging_mixin.py:188} INFO - [2026-08-15T01:05:12.269+0000] {dag.py:3036} INFO - Sync 1 DAGs
[2026-08-15T01:05:12.292+0000] {logging_mixin.py:188} INFO - [2026-08-15T01:05:12.292+0000] {dag.py:3823} INFO - Setting next_dagrun for air_quality_ingestion to 2026-08-15 01:00:00+00:00, run_after=2026-08-15 02:00:00+00:00
[2026-08-15T01:05:12.311+0000] {processor.py:183} INFO - Processing /opt/airflow/dags/ingestion_dag.py took 0.160 seconds
[2026-08-15T01:05:42.634+0000] {processor.py:161} INFO - Started process (PID=55378) to work on /opt/airflow/dags/ingestion_dag.py
[2026-08-15T01:05:42.636+0000] {processor.py:830} INFO - Processing file /opt/airflow/dags/ingestion_dag.py for tasks to queue
[2026-08-15T01:05:42.636+0000] {logging_mixin.py:188} INFO - [2026-08-15T01:05:42.636+0000] {dagbag.py:538} INFO - Filling up the DagBag from /opt/airflow/dags/ingestion_dag.py
[2026-08-15T01:05:42.716+0000] {processor.py:840} INFO - DAG(s) 'air_quality_ingestion' retrieved from /opt/airflow/dags/ingestion_dag.py
[2026-08-15T01:05:42.734+0000] {logging_mixin.py:188} INFO - [2026-08-15T01:05:42.734+0000] {dag.py:3036} INFO - Sync 1 DAGs
[2026-08-15T01:05:42.752+0000] {logging_mixin.py:188} INFO - [2026-08-15T01:05:42.751+0000] {dag.py:3823} INFO - Setting next_dagrun for air_quality_ingestion to 2026-08-15 01:00:00+00:00, run_after=2026-08-15 02:00:00+00:00
[2026-08-15T01:05:42.768+0000] {processor.py:183} INFO - Processing /opt/airflow/dags/ingestion_dag.py took 0.136 seconds
[2026-08-15T01:06:13.061+0000] {processor.py:161} INFO - Started process (PID=55388) to work on /opt/airflow/dags/ingestion_dag.py
[2026-08-15T01:06:13.062+0000] {processor.py:830} INFO - Processing file /opt/airflow/dags/ingestion_dag.py for tasks to queue
[2026-08-15T01:06:13.063+0000] {logging_mixin.py:188} INFO - [2026-08-15T01:06:13.063+0000] {dagbag.py:538} INFO - Filling up the DagBag from /opt/airflow/dags/ingestion_dag.py
[2026-08-15T01:06:13.141+0000] {processor.py:840} INFO - DAG(s) 'air_quality_ingestion' retrieved from /opt/airflow/dags/ingestion_dag.py
[2026-08-15T01:06:13.161+0000] {logging_mixin.py:188} INFO - [2026-08-15T01:06:13.161+0000] {dag.py:3036} INFO - Sync 1 DAGs
[2026-08-15T01:06:13.179+0000] {logging_mixin.py:188} INFO - [2026-08-15T01:06:13.179+0000] {dag.py:3823} INFO - Setting next_dagrun for air_quality_ingestion to 2026-08-15 01:00:00+00:00, run_after=2026-08-15 02:00:00+00:00
[2026-08-15T01:06:13.196+0000] {processor.py:183} INFO - Processing /opt/airflow/dags/ingestion_dag.py took 0.138 seconds
[2026-08-15T01:06:43.534+0000] {processor.py:161} INFO - Started process (PID=55398) to work on /opt/airflow/dags/ingestion_dag.py
[2026-08-15T01:06:43.535+0000] {processor.py:830} INFO - Processing file /opt/airflow/dags/ingestion_dag.py for tasks to queue
[2026-08-15T01:06:43.536+0000] {logging_mixin.py:188} INFO - [2026-08-15T01:06:43.536+0000] {dagbag.py:538} INFO - Filling up the DagBag from /opt/airflow/dags/ingestion_dag.py
[2026-08-15T01:06:43.620+0000] {processor.py:840} INFO - DAG(s) 'air_quality_ingestion' retrieved from /opt/airflow/dags/ingestion_dag.py
[2026-08-15T01:06:43.639+0000] {logging_mixin.py:188} INFO - [2026-08-15T01:06:43.638+0000] {dag.py:3036} INFO - Sync 1 DAGs
[2026-08-15T01:06:43.662+0000] {logging_mixin.py:188} INFO - [2026-08-15T01:06:43.662+0000] {dag.py:3823} INFO - Setting next_dagrun for air_quality_ingestion to 2026-08-15 01:00:00+00:00, run_after=2026-08-15 02:00:00+00:00
[2026-08-15T01:06:43.682+0000] {processor.py:183} INFO - Processing /opt/airflow/dags/ingestion_dag.py took 0.152 seconds
[2026-08-15T01:07:14.088+0000] {processor.py:161} INFO - Started process (PID=55408) to work on /opt/airflow/dags/ingestion_dag.py
[2026-08-15T01:07:14.089+0000] {processor.py:830} INFO - Processing file /opt/airflow/dags/ingestion_dag.py for tasks to queue
[2026-08-15T01:07:14.091+0000] {logging_mixin.py:188} INFO - [2026-08-15T01:07:14.090+0000] {dagbag.py:538} INFO - Filling up the DagBag from /opt/airflow/dags/ingestion_dag.py
[2026-08-15T01:07:14.173+0000] {processor.py:840} INFO - DAG(s) 'air_quality_ingestion' retrieved from /opt/airflow/dags/ingestion_dag.py
[2026-08-15T01:07:14.197+0000] {logging_mixin.py:188} INFO - [2026-08-15T01:07:14.196+0000] {dag.py:3036} INFO - Sync 1 DAGs
[2026-08-15T01:07:14.213+0000] {logging_mixin.py:188} INFO - [2026-08-15T01:07:14.213+0000] {dag.py:3823} INFO - Setting next_dagrun for air_quality_ingestion to 2026-08-15 01:00:00+00:00, run_after=2026-08-15 02:00:00+00:00
[2026-08-15T01:07:14.231+0000] {processor.py:183} INFO - Processing /opt/airflow/dags/ingestion_dag.py took 0.146 seconds
[2026-08-15T01:07:44.555+0000] {processor.py:161} INFO - Started process (PID=55418) to work on /opt/airflow/dags/ingestion_dag.py
[2026-08-15T01:07:44.556+0000] {processor.py:830} INFO - Processing file /opt/airflow/dags/ingestion_dag.py for tasks to queue
[2026-08-15T01:07:44.558+0000] {logging_mixin.py:188} INFO - [2026-08-15T01:07:44.557+0000] {dagbag.py:538} INFO - Filling up the DagBag from /opt/airflow/dags/ingestion_dag.py
[2026-08-15T01:07:44.645+0000] {processor.py:840} INFO - DAG(s) 'air_quality_ingestion' retrieved from /opt/airflow/dags/ingestion_dag.py
[2026-08-15T01:07:44.664+0000] {logging_mixin.py:188} INFO - [2026-08-15T01:07:44.663+0000] {dag.py:3036} INFO - Sync 1 DAGs
[2026-08-15T01:07:44.681+0000] {logging_mixin.py:188} INFO - [2026-08-15T01:07:44.681+0000] {dag.py:3823} INFO - Setting next_dagrun for air_quality_ingestion to 2026-08-15 01:00:00+00:00, run_after=2026-08-15 02:00:00+00:00
[2026-08-15T01:07:44.697+0000] {processor.py:183} INFO - Processing /opt/airflow/dags/ingestion_dag.py took 0.146 seconds
[2026-08-15T01:08:15.029+0000] {processor.py:161} INFO - Started process (PID=55428) to work on /opt/airflow/dags/ingestion_dag.py
[2026-08-15T01:08:15.031+0000] {processor.py:830} INFO - Processing file /opt/airflow/dags/ingestion_dag.py for tasks to queue
[2026-08-15T01:08:15.032+0000] {logging_mixin.py:188} INFO - [2026-08-15T01:08:15.031+0000] {dagbag.py:538} INFO - Filling up the DagBag from /opt/airflow/dags/ingestion_dag.py
[2026-08-15T01:08:15.112+0000] {processor.py:840} INFO - DAG(s) 'air_quality_ingestion' retrieved from /opt/airflow/dags/ingestion_dag.py
[2026-08-15T01:08:15.130+0000] {logging_mixin.py:188} INFO - [2026-08-15T01:08:15.130+0000] {dag.py:3036} INFO - Sync 1 DAGs
[2026-08-15T01:08:15.148+0000] {logging_mixin.py:188} INFO - [2026-08-15T01:08:15.148+0000] {dag.py:3823} INFO - Setting next_dagrun for air_quality_ingestion to 2026-08-15 01:00:00+00:00, run_after=2026-08-15 02:00:00+00:00
[2026-08-15T01:08:15.167+0000] {processor.py:183} INFO - Processing /opt/airflow/dags/ingestion_dag.py took 0.141 seconds
[2026-08-15T01:08:45.538+0000] {processor.py:161} INFO - Started process (PID=55438) to work on /opt/airflow/dags/ingestion_dag.py
[2026-08-15T01:08:45.539+0000] {processor.py:830} INFO - Processing file /opt/airflow/dags/ingestion_dag.py for tasks to queue
[2026-08-15T01:08:45.541+0000] {logging_mixin.py:188} INFO - [2026-08-15T01:08:45.541+0000] {dagbag.py:538} INFO - Filling up the DagBag from /opt/airflow/dags/ingestion_dag.py
[2026-08-15T01:08:45.632+0000] {processor.py:840} INFO - DAG(s) 'air_quality_ingestion' retrieved from /opt/airflow/dags/ingestion_dag.py
[2026-08-15T01:08:45.653+0000] {logging_mixin.py:188} INFO - [2026-08-15T01:08:45.652+0000] {dag.py:3036} INFO - Sync 1 DAGs
[2026-08-15T01:08:45.673+0000] {logging_mixin.py:188} INFO - [2026-08-15T01:08:45.673+0000] {dag.py:3823} INFO - Setting next_dagrun for air_quality_ingestion to 2026-08-15 01:00:00+00:00, run_after=2026-08-15 02:00:00+00:00
[2026-08-15T01:08:45.691+0000] {processor.py:183} INFO - Processing /opt/airflow/dags/ingestion_dag.py took 0.156 seconds
[2026-08-15T01:09:16.043+0000] {processor.py:161} INFO - Started process (PID=55448) to work on /opt/airflow/dags/ingestion_dag.py
[2026-08-15T01:09:16.044+0000] {processor.py:830} INFO - Processing file /opt/airflow/dags/ingestion_dag.py for tasks to queue
[2026-08-15T01:09:16.046+0000] {logging_mixin.py:188} INFO - [2026-08-15T01:09:16.045+0000] {dagbag.py:538} INFO - Filling up the DagBag from /opt/airflow/dags/ingestion_dag.py
[2026-08-15T01:09:16.127+0000] {processor.py:840} INFO - DAG(s) 'air_quality_ingestion' retrieved from /opt/airflow/dags/ingestion_dag.py
[2026-08-15T01:09:16.146+0000] {logging_mixin.py:188} INFO - [2026-08-15T01:09:16.146+0000] {dag.py:3036} INFO - Sync 1 DAGs
[2026-08-15T01:09:16.164+0000] {logging_mixin.py:188} INFO - [2026-08-15T01:09:16.164+0000] {dag.py:3823} INFO - Setting next_dagrun for air_quality_ingestion to 2026-08-15 01:00:00+00:00, run_after=2026-08-15 02:00:00+00:00
[2026-08-15T01:09:16.182+0000] {processor.py:183} INFO - Processing /opt/airflow/dags/ingestion_dag.py took 0.142 seconds
[2026-08-15T01:09:46.500+0000] {processor.py:161} INFO - Started process (PID=55458) to work on /opt/airflow/dags/ingestion_dag.py
[2026-08-15T01:09:46.501+0000] {processor.py:830} INFO - Processing file /opt/airflow/dags/ingestion_dag.py for tasks to queue
[2026-08-15T01:09:46.503+0000] {logging_mixin.py:188} INFO - [2026-08-15T01:09:46.502+0000] {dagbag.py:538} INFO - Filling up the DagBag from /opt/airflow/dags/ingestion_dag.py
[2026-08-15T01:09:46.582+0000] {processor.py:840} INFO - DAG(s) 'air_quality_ingestion' retrieved from /opt/airflow/dags/ingestion_dag.py
[2026-08-15T01:09:46.602+0000] {logging_mixin.py:188} INFO - [2026-08-15T01:09:46.601+0000] {dag.py:3036} INFO - Sync 1 DAGs
[2026-08-15T01:09:46.619+0000] {logging_mixin.py:188} INFO - [2026-08-15T01:09:46.619+0000] {dag.py:3823} INFO - Setting next_dagrun for air_quality_ingestion to 2026-08-15 01:00:00+00:00, run_after=2026-08-15 02:00:00+00:00
[2026-08-15T01:09:46.637+0000] {processor.py:183} INFO - Processing /opt/airflow/dags/ingestion_dag.py took 0.141 seconds
[2026-08-15T01:10:16.937+0000] {processor.py:161} INFO - Started process (PID=55468) to work on /opt/airflow/dags/ingestion_dag.py
[2026-08-15T01:10:16.938+0000] {processor.py:830} INFO - Processing file /opt/airflow/dags/ingestion_dag.py for tasks to queue
[2026-08-15T01:10:16.939+0000] {logging_mixin.py:188} INFO - [2026-08-15T01:10:16.939+0000] {dagbag.py:538} INFO - Filling up the DagBag from /opt/airflow/dags/ingestion_dag.py
[2026-08-15T01:10:17.021+0000] {processor.py:840} INFO - DAG(s) 'air_quality_ingestion' retrieved from /opt/airflow/dags/ingestion_dag.py
[2026-08-15T01:10:17.039+0000] {logging_mixin.py:188} INFO - [2026-08-15T01:10:17.039+0000] {dag.py:3036} INFO - Sync 1 DAGs
[2026-08-15T01:10:17.057+0000] {logging_mixin.py:188} INFO - [2026-08-15T01:10:17.057+0000] {dag.py:3823} INFO - Setting next_dagrun for air_quality_ingestion to 2026-08-15 01:00:00+00:00, run_after=2026-08-15 02:00:00+00:00
[2026-08-15T01:10:17.074+0000] {processor.py:183} INFO - Processing /opt/airflow/dags/ingestion_dag.py took 0.140 seconds
[2026-08-15T01:10:47.426+0000] {processor.py:161} INFO - Started process (PID=55478) to work on /opt/airflow/dags/ingestion_dag.py
[2026-08-15T01:10:47.428+0000] {processor.py:830} INFO - Processing file /opt/airflow/dags/ingestion_dag.py for tasks to queue
[2026-08-15T01:10:47.429+0000] {logging_mixin.py:188} INFO - [2026-08-15T01:10:47.428+0000] {dagbag.py:538} INFO - Filling up the DagBag from /opt/airflow/dags/ingestion_dag.py
[2026-08-15T01:10:47.511+0000] {processor.py:840} INFO - DAG(s) 'air_quality_ingestion' retrieved from /opt/airflow/dags/ingestion_dag.py
[2026-08-15T01:10:47.530+0000] {logging_mixin.py:188} INFO - [2026-08-15T01:10:47.530+0000] {dag.py:3036} INFO - Sync 1 DAGs
[2026-08-15T01:10:47.550+0000] {logging_mixin.py:188} INFO - [2026-08-15T01:10:47.550+0000] {dag.py:3823} INFO - Setting next_dagrun for air_quality_ingestion to 2026-08-15 01:00:00+00:00, run_after=2026-08-15 02:00:00+00:00
[2026-08-15T01:10:47.568+0000] {processor.py:183} INFO - Processing /opt/airflow/dags/ingestion_dag.py took 0.144 seconds
[2026-08-15T01:11:17.924+0000] {processor.py:161} INFO - Started process (PID=55488) to work on /opt/airflow/dags/ingestion_dag.py
[2026-08-15T01:11:17.925+0000] {processor.py:830} INFO - Processing file /opt/airflow/dags/ingestion_dag.py for tasks to queue
[2026-08-15T01:11:17.926+0000] {logging_mixin.py:188} INFO - [2026-08-15T01:11:17.925+0000] {dagbag.py:538} INFO - Filling up the DagBag from /opt/airflow/dags/ingestion_dag.py
[2026-08-15T01:11:18.021+0000] {processor.py:840} INFO - DAG(s) 'air_quality_ingestion' retrieved from /opt/airflow/dags/ingestion_dag.py
[2026-08-15T01:11:18.043+0000] {logging_mixin.py:188} INFO - [2026-08-15T01:11:18.042+0000] {dag.py:3036} INFO - Sync 1 DAGs
[2026-08-15T01:11:18.063+0000] {logging_mixin.py:188} INFO - [2026-08-15T01:11:18.063+0000] {dag.py:3823} INFO - Setting next_dagrun for air_quality_ingestion to 2026-08-15 01:00:00+00:00, run_after=2026-08-15 02:00:00+00:00
[2026-08-15T01:11:18.083+0000] {processor.py:183} INFO - Processing /opt/airflow/dags/ingestion_dag.py took 0.162 seconds
[2026-08-15T01:11:48.395+0000] {processor.py:161} INFO - Started process (PID=55498) to work on /opt/airflow/dags/ingestion_dag.py
[2026-08-15T01:11:48.396+0000] {processor.py:830} INFO - Processing file /opt/airflow/dags/ingestion_dag.py for tasks to queue
[2026-08-15T01:11:48.398+0000] {logging_mixin.py:188} INFO - [2026-08-15T01:11:48.398+0000] {dagbag.py:538} INFO - Filling up the DagBag from /opt/airflow/dags/ingestion_dag.py
[2026-08-15T01:11:48.483+0000] {processor.py:840} INFO - DAG(s) 'air_quality_ingestion' retrieved from /opt/airflow/dags/ingestion_dag.py
[2026-08-15T01:11:48.503+0000] {logging_mixin.py:188} INFO - [2026-08-15T01:11:48.503+0000] {dag.py:3036} INFO - Sync 1 DAGs
[2026-08-15T01:11:48.520+0000] {logging_mixin.py:188} INFO - [2026-08-15T01:11:48.520+0000] {dag.py:3823} INFO - Setting next_dagrun for air_quality_ingestion to 2026-08-15 01:00:00+00:00, run_after=2026-08-15 02:00:00+00:00
[2026-08-15T01:11:48.537+0000] {processor.py:183} INFO - Processing /opt/airflow/dags/ingestion_dag.py took 0.145 seconds
[2026-08-15T01:12:18.975+0000] {processor.py:161} INFO - Started process (PID=55508) to work on /opt/airflow/dags/ingestion_dag.py
[2026-08-15T01:12:18.977+0000] {processor.py:830} INFO - Processing file /opt/airflow/dags/ingestion_dag.py for tasks to queue
[2026-08-15T01:12:18.978+0000] {logging_mixin.py:188} INFO - [2026-08-15T01:12:18.977+0000] {dagbag.py:538} INFO - Filling up the DagBag from /opt/airflow/dags/ingestion_dag.py
[2026-08-15T01:12:19.063+0000] {processor.py:840} INFO - DAG(s) 'air_quality_ingestion' retrieved from /opt/airflow/dags/ingestion_dag.py
[2026-08-15T01:12:19.082+0000] {logging_mixin.py:188} INFO - [2026-08-15T01:12:19.082+0000] {dag.py:3036} INFO - Sync 1 DAGs
[2026-08-15T01:12:19.101+0000] {logging_mixin.py:188} INFO - [2026-08-15T01:12:19.101+0000] {dag.py:3823} INFO - Setting next_dagrun for air_quality_ingestion to 2026-08-15 01:00:00+00:00, run_after=2026-08-15 02:00:00+00:00
[2026-08-15T01:12:19.119+0000] {processor.py:183} INFO - Processing /opt/airflow/dags/ingestion_dag.py took 0.146 seconds
[2026-08-15T01:12:49.426+0000] {processor.py:161} INFO - Started process (PID=55518) to work on /opt/airflow/dags/ingestion_dag.py
[2026-08-15T01:12:49.427+0000] {processor.py:830} INFO - Processing file /opt/airflow/dags/ingestion_dag.py for tasks to queue
[2026-08-15T01:12:49.429+0000] {logging_mixin.py:188} INFO - [2026-08-15T01:12:49.428+0000] {dagbag.py:538} INFO - Filling up the DagBag from /opt/airflow/dags/ingestion_dag.py
[2026-08-15T01:12:49.531+0000] {processor.py:840} INFO - DAG(s) 'air_quality_ingestion' retrieved from /opt/airflow/dags/ingestion_dag.py
[2026-08-15T01:12:49.550+0000] {logging_mixin.py:188} INFO - [2026-08-15T01:12:49.550+0000] {dag.py:3036} INFO - Sync 1 DAGs
[2026-08-15T01:12:49.568+0000] {logging_mixin.py:188} INFO - [2026-08-15T01:12:49.568+0000] {dag.py:3823} INFO - Setting next_dagrun for air_quality_ingestion to 2026-08-15 01:00:00+00:00, run_after=2026-08-15 02:00:00+00:00
[2026-08-15T01:12:49.588+0000] {processor.py:183} INFO - Processing /opt/airflow/dags/ingestion_dag.py took 0.169 seconds
[2026-08-15T01:13:19.906+0000] {processor.py:161} INFO - Started process (PID=55528) to work on /opt/airflow/dags/ingestion_dag.py
[2026-08-15T01:13:19.908+0000] {processor.py:830} INFO - Processing file /opt/airflow/dags/ingestion_dag.py for tasks to queue
[2026-08-15T01:13:19.910+0000] {logging_mixin.py:188} INFO - [2026-08-15T01:13:19.909+0000] {dagbag.py:538} INFO - Filling up the DagBag from /opt/airflow/dags/ingestion_dag.py
[2026-08-15T01:13:20.011+0000] {processor.py:840} INFO - DAG(s) 'air_quality_ingestion' retrieved from /opt/airflow/dags/ingestion_dag.py
[2026-08-15T01:13:20.030+0000] {logging_mixin.py:188} INFO - [2026-08-15T01:13:20.030+0000] {dag.py:3036} INFO - Sync 1 DAGs
[2026-08-15T01:13:20.049+0000] {logging_mixin.py:188} INFO - [2026-08-15T01:13:20.048+0000] {dag.py:3823} INFO - Setting next_dagrun for air_quality_ingestion to 2026-08-15 01:00:00+00:00, run_after=2026-08-15 02:00:00+00:00
[2026-08-15T01:13:20.066+0000] {processor.py:183} INFO - Processing /opt/airflow/dags/ingestion_dag.py took 0.164 seconds
[2026-08-15T01:13:50.393+0000] {processor.py:161} INFO - Started process (PID=55538) to work on /opt/airflow/dags/ingestion_dag.py
[2026-08-15T01:13:50.394+0000] {processor.py:830} INFO - Processing file /opt/airflow/dags/ingestion_dag.py for tasks to queue
[2026-08-15T01:13:50.395+0000] {logging_mixin.py:188} INFO - [2026-08-15T01:13:50.395+0000] {dagbag.py:538} INFO - Filling up the DagBag from /opt/airflow/dags/ingestion_dag.py
[2026-08-15T01:13:50.488+0000] {processor.py:840} INFO - DAG(s) 'air_quality_ingestion' retrieved from /opt/airflow/dags/ingestion_dag.py
[2026-08-15T01:13:50.510+0000] {logging_mixin.py:188} INFO - [2026-08-15T01:13:50.510+0000] {dag.py:3036} INFO - Sync 1 DAGs
[2026-08-15T01:13:50.531+0000] {logging_mixin.py:188} INFO - [2026-08-15T01:13:50.531+0000] {dag.py:3823} INFO - Setting next_dagrun for air_quality_ingestion to 2026-08-15 01:00:00+00:00, run_after=2026-08-15 02:00:00+00:00
[2026-08-15T01:13:50.553+0000] {processor.py:183} INFO - Processing /opt/airflow/dags/ingestion_dag.py took 0.162 seconds
[2026-08-15T01:14:20.916+0000] {processor.py:161} INFO - Started process (PID=55548) to work on /opt/airflow/dags/ingestion_dag.py
[2026-08-15T01:14:20.917+0000] {processor.py:830} INFO - Processing file /opt/airflow/dags/ingestion_dag.py for tasks to queue
[2026-08-15T01:14:20.918+0000] {logging_mixin.py:188} INFO - [2026-08-15T01:14:20.918+0000] {dagbag.py:538} INFO - Filling up the DagBag from /opt/airflow/dags/ingestion_dag.py
[2026-08-15T01:14:21.004+0000] {processor.py:840} INFO - DAG(s) 'air_quality_ingestion' retrieved from /opt/airflow/dags/ingestion_dag.py
[2026-08-15T01:14:21.021+0000] {logging_mixin.py:188} INFO - [2026-08-15T01:14:21.021+0000] {dag.py:3036} INFO - Sync 1 DAGs
[2026-08-15T01:14:21.041+0000] {logging_mixin.py:188} INFO - [2026-08-15T01:14:21.040+0000] {dag.py:3823} INFO - Setting next_dagrun for air_quality_ingestion to 2026-08-15 01:00:00+00:00, run_after=2026-08-15 02:00:00+00:00
[2026-08-15T01:14:21.059+0000] {processor.py:183} INFO - Processing /opt/airflow/dags/ingestion_dag.py took 0.146 seconds
[2026-08-15T01:14:51.402+0000] {processor.py:161} INFO - Started process (PID=55558) to work on /opt/airflow/dags/ingestion_dag.py
[2026-08-15T01:14:51.403+0000] {processor.py:830} INFO - Processing file /opt/airflow/dags/ingestion_dag.py for tasks to queue
[2026-08-15T01:14:51.404+0000] {logging_mixin.py:188} INFO - [2026-08-15T01:14:51.404+0000] {dagbag.py:538} INFO - Filling up the DagBag from /opt/airflow/dags/ingestion_dag.py
[2026-08-15T01:14:51.489+0000] {processor.py:840} INFO - DAG(s) 'air_quality_ingestion' retrieved from /opt/airflow/dags/ingestion_dag.py
[2026-08-15T01:14:51.508+0000] {logging_mixin.py:188} INFO - [2026-08-15T01:14:51.508+0000] {dag.py:3036} INFO - Sync 1 DAGs
[2026-08-15T01:14:51.526+0000] {logging_mixin.py:188} INFO - [2026-08-15T01:14:51.526+0000] {dag.py:3823} INFO - Setting next_dagrun for air_quality_ingestion to 2026-08-15 01:00:00+00:00, run_after=2026-08-15 02:00:00+00:00
[2026-08-15T01:14:51.545+0000] {processor.py:183} INFO - Processing /opt/airflow/dags/ingestion_dag.py took 0.145 seconds
[2026-08-15T01:15:21.876+0000] {processor.py:161} INFO - Started process (PID=55568) to work on /opt/airflow/dags/ingestion_dag.py
[2026-08-15T01:15:21.877+0000] {processor.py:830} INFO - Processing file /opt/airflow/dags/ingestion_dag.py for tasks to queue
[2026-08-15T01:15:21.878+0000] {logging_mixin.py:188} INFO - [2026-08-15T01:15:21.878+0000] {dagbag.py:538} INFO - Filling up the DagBag from /opt/airflow/dags/ingestion_dag.py
[2026-08-15T01:15:21.964+0000] {processor.py:840} INFO - DAG(s) 'air_quality_ingestion' retrieved from /opt/airflow/dags/ingestion_dag.py
[2026-08-15T01:15:21.984+0000] {logging_mixin.py:188} INFO - [2026-08-15T01:15:21.984+0000] {dag.py:3036} INFO - Sync 1 DAGs
[2026-08-15T01:15:22.002+0000] {logging_mixin.py:188} INFO - [2026-08-15T01:15:22.002+0000] {dag.py:3823} INFO - Setting next_dagrun for air_quality_ingestion to 2026-08-15 01:00:00+00:00, run_after=2026-08-15 02:00:00+00:00
[2026-08-15T01:15:22.020+0000] {processor.py:183} INFO - Processing /opt/airflow/dags/ingestion_dag.py took 0.147 seconds
[2026-08-15T01:15:52.361+0000] {processor.py:161} INFO - Started process (PID=55578) to work on /opt/airflow/dags/ingestion_dag.py
[2026-08-15T01:15:52.363+0000] {processor.py:830} INFO - Processing file /opt/airflow/dags/ingestion_dag.py for tasks to queue
[2026-08-15T01:15:52.365+0000] {logging_mixin.py:188} INFO - [2026-08-15T01:15:52.364+0000] {dagbag.py:538} INFO - Filling up the DagBag from /opt/airflow/dags/ingestion_dag.py
[2026-08-15T01:15:52.466+0000] {processor.py:840} INFO - DAG(s) 'air_quality_ingestion' retrieved from /opt/airflow/dags/ingestion_dag.py
[2026-08-15T01:15:52.490+0000] {logging_mixin.py:188} INFO - [2026-08-15T01:15:52.489+0000] {dag.py:3036} INFO - Sync 1 DAGs
[2026-08-15T01:15:52.508+0000] {logging_mixin.py:188} INFO - [2026-08-15T01:15:52.508+0000] {dag.py:3823} INFO - Setting next_dagrun for air_quality_ingestion to 2026-08-15 01:00:00+00:00, run_after=2026-08-15 02:00:00+00:00
[2026-08-15T01:15:52.533+0000] {processor.py:183} INFO - Processing /opt/airflow/dags/ingestion_dag.py took 0.176 seconds
[2026-08-15T01:16:22.810+0000] {processor.py:161} INFO - Started process (PID=55588) to work on /opt/airflow/dags/ingestion_dag.py
[2026-08-15T01:16:22.811+0000] {processor.py:830} INFO - Processing file /opt/airflow/dags/ingestion_dag.py for tasks to queue
[2026-08-15T01:16:22.812+0000] {logging_mixin.py:188} INFO - [2026-08-15T01:16:22.812+0000] {dagbag.py:538} INFO - Filling up the DagBag from /opt/airflow/dags/ingestion_dag.py
[2026-08-15T01:16:22.919+0000] {processor.py:840} INFO - DAG(s) 'air_quality_ingestion' retrieved from /opt/airflow/dags/ingestion_dag.py
[2026-08-15T01:16:22.942+0000] {logging_mixin.py:188} INFO - [2026-08-15T01:16:22.942+0000] {dag.py:3036} INFO - Sync 1 DAGs
[2026-08-15T01:16:22.965+0000] {logging_mixin.py:188} INFO - [2026-08-15T01:16:22.965+0000] {dag.py:3823} INFO - Setting next_dagrun for air_quality_ingestion to 2026-08-15 01:00:00+00:00, run_after=2026-08-15 02:00:00+00:00
[2026-08-15T01:16:22.988+0000] {processor.py:183} INFO - Processing /opt/airflow/dags/ingestion_dag.py took 0.181 seconds
[2026-08-15T01:16:53.339+0000] {processor.py:161} INFO - Started process (PID=55598) to work on /opt/airflow/dags/ingestion_dag.py
[2026-08-15T01:16:53.340+0000] {processor.py:830} INFO - Processing file /opt/airflow/dags/ingestion_dag.py for tasks to queue
[2026-08-15T01:16:53.341+0000] {logging_mixin.py:188} INFO - [2026-08-15T01:16:53.341+0000] {dagbag.py:538} INFO - Filling up the DagBag from /opt/airflow/dags/ingestion_dag.py
[2026-08-15T01:16:53.429+0000] {processor.py:840} INFO - DAG(s) 'air_quality_ingestion' retrieved from /opt/airflow/dags/ingestion_dag.py
[2026-08-15T01:16:53.450+0000] {logging_mixin.py:188} INFO - [2026-08-15T01:16:53.449+0000] {dag.py:3036} INFO - Sync 1 DAGs
[2026-08-15T01:16:53.468+0000] {logging_mixin.py:188} INFO - [2026-08-15T01:16:53.468+0000] {dag.py:3823} INFO - Setting next_dagrun for air_quality_ingestion to 2026-08-15 01:00:00+00:00, run_after=2026-08-15 02:00:00+00:00
[2026-08-15T01:16:53.486+0000] {processor.py:183} INFO - Processing /opt/airflow/dags/ingestion_dag.py took 0.151 seconds
[2026-08-15T01:17:23.893+0000] {processor.py:161} INFO - Started process (PID=55608) to work on /opt/airflow/dags/ingestion_dag.py
[2026-08-15T01:17:23.894+0000] {processor.py:830} INFO - Processing file /opt/airflow/dags/ingestion_dag.py for tasks to queue
[2026-08-15T01:17:23.896+0000] {logging_mixin.py:188} INFO - [2026-08-15T01:17:23.895+0000] {dagbag.py:538} INFO - Filling up the DagBag from /opt/airflow/dags/ingestion_dag.py
[2026-08-15T01:17:23.986+0000] {processor.py:840} INFO - DAG(s) 'air_quality_ingestion' retrieved from /opt/airflow/dags/ingestion_dag.py
[2026-08-15T01:17:24.006+0000] {logging_mixin.py:188} INFO - [2026-08-15T01:17:24.005+0000] {dag.py:3036} INFO - Sync 1 DAGs
[2026-08-15T01:17:24.024+0000] {logging_mixin.py:188} INFO - [2026-08-15T01:17:24.024+0000] {dag.py:3823} INFO - Setting next_dagrun for air_quality_ingestion to 2026-08-15 01:00:00+00:00, run_after=2026-08-15 02:00:00+00:00
[2026-08-15T01:17:24.040+0000] {processor.py:183} INFO - Processing /opt/airflow/dags/ingestion_dag.py took 0.150 seconds
[2026-08-15T01:17:54.336+0000] {processor.py:161} INFO - Started process (PID=55618) to work on /opt/airflow/dags/ingestion_dag.py
[2026-08-15T01:17:54.337+0000] {processor.py:830} INFO - Processing file /opt/airflow/dags/ingestion_dag.py for tasks to queue
[2026-08-15T01:17:54.338+0000] {logging_mixin.py:188} INFO - [2026-08-15T01:17:54.338+0000] {dagbag.py:538} INFO - Filling up the DagBag from /opt/airflow/dags/ingestion_dag.py
[2026-08-15T01:17:54.418+0000] {processor.py:840} INFO - DAG(s) 'air_quality_ingestion' retrieved from /opt/airflow/dags/ingestion_dag.py
[2026-08-15T01:17:54.439+0000] {logging_mixin.py:188} INFO - [2026-08-15T01:17:54.439+0000] {dag.py:3036} INFO - Sync 1 DAGs
[2026-08-15T01:17:54.457+0000] {logging_mixin.py:188} INFO - [2026-08-15T01:17:54.457+0000] {dag.py:3823} INFO - Setting next_dagrun for air_quality_ingestion to 2026-08-15 01:00:00+00:00, run_after=2026-08-15 02:00:00+00:00
[2026-08-15T01:17:54.474+0000] {processor.py:183} INFO - Processing /opt/airflow/dags/ingestion_dag.py took 0.140 seconds
[2026-08-15T01:18:24.857+0000] {processor.py:161} INFO - Started process (PID=55628) to work on /opt/airflow/dags/ingestion_dag.py
[2026-08-15T01:18:24.858+0000] {processor.py:830} INFO - Processing file /opt/airflow/dags/ingestion_dag.py for tasks to queue
[2026-08-15T01:18:24.859+0000] {logging_mixin.py:188} INFO - [2026-08-15T01:18:24.859+0000] {dagbag.py:538} INFO - Filling up the DagBag from /opt/airflow/dags/ingestion_dag.py
[2026-08-15T01:18:24.946+0000] {processor.py:840} INFO - DAG(s) 'air_quality_ingestion' retrieved from /opt/airflow/dags/ingestion_dag.py
[2026-08-15T01:18:24.965+0000] {logging_mixin.py:188} INFO - [2026-08-15T01:18:24.965+0000] {dag.py:3036} INFO - Sync 1 DAGs
[2026-08-15T01:18:24.983+0000] {logging_mixin.py:188} INFO - [2026-08-15T01:18:24.983+0000] {dag.py:3823} INFO - Setting next_dagrun for air_quality_ingestion to 2026-08-15 01:00:00+00:00, run_after=2026-08-15 02:00:00+00:00
[2026-08-15T01:18:25.002+0000] {processor.py:183} INFO - Processing /opt/airflow/dags/ingestion_dag.py took 0.148 seconds
[2026-08-15T01:18:55.319+0000] {processor.py:161} INFO - Started process (PID=55638) to work on /opt/airflow/dags/ingestion_dag.py
[2026-08-15T01:18:55.320+0000] {processor.py:830} INFO - Processing file /opt/airflow/dags/ingestion_dag.py for tasks to queue
[2026-08-15T01:18:55.321+0000] {logging_mixin.py:188} INFO - [2026-08-15T01:18:55.320+0000] {dagbag.py:538} INFO - Filling up the DagBag from /opt/airflow/dags/ingestion_dag.py
[2026-08-15T01:18:55.406+0000] {processor.py:840} INFO - DAG(s) 'air_quality_ingestion' retrieved from /opt/airflow/dags/ingestion_dag.py
[2026-08-15T01:18:55.424+0000] {logging_mixin.py:188} INFO - [2026-08-15T01:18:55.424+0000] {dag.py:3036} INFO - Sync 1 DAGs
[2026-08-15T01:18:55.448+0000] {logging_mixin.py:188} INFO - [2026-08-15T01:18:55.447+0000] {dag.py:3823} INFO - Setting next_dagrun for air_quality_ingestion to 2026-08-15 01:00:00+00:00, run_after=2026-08-15 02:00:00+00:00
[2026-08-15T01:18:55.469+0000] {processor.py:183} INFO - Processing /opt/airflow/dags/ingestion_dag.py took 0.154 seconds
[2026-08-15T01:19:25.783+0000] {processor.py:161} INFO - Started process (PID=55648) to work on /opt/airflow/dags/ingestion_dag.py
[2026-08-15T01:19:25.785+0000] {processor.py:830} INFO - Processing file /opt/airflow/dags/ingestion_dag.py for tasks to queue
[2026-08-15T01:19:25.786+0000] {logging_mixin.py:188} INFO - [2026-08-15T01:19:25.785+0000] {dagbag.py:538} INFO - Filling up the DagBag from /opt/airflow/dags/ingestion_dag.py
[2026-08-15T01:19:25.874+0000] {processor.py:840} INFO - DAG(s) 'air_quality_ingestion' retrieved from /opt/airflow/dags/ingestion_dag.py
[2026-08-15T01:19:25.892+0000] {logging_mixin.py:188} INFO - [2026-08-15T01:19:25.891+0000] {dag.py:3036} INFO - Sync 1 DAGs
[2026-08-15T01:19:25.910+0000] {logging_mixin.py:188} INFO - [2026-08-15T01:19:25.910+0000] {dag.py:3823} INFO - Setting next_dagrun for air_quality_ingestion to 2026-08-15 01:00:00+00:00, run_after=2026-08-15 02:00:00+00:00
[2026-08-15T01:19:25.926+0000] {processor.py:183} INFO - Processing /opt/airflow/dags/ingestion_dag.py took 0.145 seconds
[2026-08-15T01:19:56.259+0000] {processor.py:161} INFO - Started process (PID=55658) to work on /opt/airflow/dags/ingestion_dag.py
[2026-08-15T01:19:56.260+0000] {processor.py:830} INFO - Processing file /opt/airflow/dags/ingestion_dag.py for tasks to queue
[2026-08-15T01:19:56.261+0000] {logging_mixin.py:188} INFO - [2026-08-15T01:19:56.261+0000] {dagbag.py:538} INFO - Filling up the DagBag from /opt/airflow/dags/ingestion_dag.py
[2026-08-15T01:19:56.347+0000] {processor.py:840} INFO - DAG(s) 'air_quality_ingestion' retrieved from /opt/airflow/dags/ingestion_dag.py
[2026-08-15T01:19:56.365+0000] {logging_mixin.py:188} INFO - [2026-08-15T01:19:56.365+0000] {dag.py:3036} INFO - Sync 1 DAGs
[2026-08-15T01:19:56.382+0000] {logging_mixin.py:188} INFO - [2026-08-15T01:19:56.382+0000] {dag.py:3823} INFO - Setting next_dagrun for air_quality_ingestion to 2026-08-15 01:00:00+00:00, run_after=2026-08-15 02:00:00+00:00
[2026-08-15T01:19:56.400+0000] {processor.py:183} INFO - Processing /opt/airflow/dags/ingestion_dag.py took 0.143 seconds
[2026-08-15T01:20:26.766+0000] {processor.py:161} INFO - Started process (PID=55668) to work on /opt/airflow/dags/ingestion_dag.py
[2026-08-15T01:20:26.767+0000] {processor.py:830} INFO - Processing file /opt/airflow/dags/ingestion_dag.py for tasks to queue
[2026-08-15T01:20:26.768+0000] {logging_mixin.py:188} INFO - [2026-08-15T01:20:26.768+0000] {dagbag.py:538} INFO - Filling up the DagBag from /opt/airflow/dags/ingestion_dag.py
[2026-08-15T01:20:26.865+0000] {processor.py:840} INFO - DAG(s) 'air_quality_ingestion' retrieved from /opt/airflow/dags/ingestion_dag.py
[2026-08-15T01:20:26.886+0000] {logging_mixin.py:188} INFO - [2026-08-15T01:20:26.886+0000] {dag.py:3036} INFO - Sync 1 DAGs
[2026-08-15T01:20:26.907+0000] {logging_mixin.py:188} INFO - [2026-08-15T01:20:26.907+0000] {dag.py:3823} INFO - Setting next_dagrun for air_quality_ingestion to 2026-08-15 01:00:00+00:00, run_after=2026-08-15 02:00:00+00:00
[2026-08-15T01:20:26.926+0000] {processor.py:183} INFO - Processing /opt/airflow/dags/ingestion_dag.py took 0.164 seconds
[2026-08-15T01:20:57.272+0000] {processor.py:161} INFO - Started process (PID=55678) to work on /opt/airflow/dags/ingestion_dag.py
[2026-08-15T01:20:57.273+0000] {processor.py:830} INFO - Processing file /opt/airflow/dags/ingestion_dag.py for tasks to queue
[2026-08-15T01:20:57.274+0000] {logging_mixin.py:188} INFO - [2026-08-15T01:20:57.274+0000] {dagbag.py:538} INFO - Filling up the DagBag from /opt/airflow/dags/ingestion_dag.py
[2026-08-15T01:20:57.358+0000] {processor.py:840} INFO - DAG(s) 'air_quality_ingestion' retrieved from /opt/airflow/dags/ingestion_dag.py
[2026-08-15T01:20:57.377+0000] {logging_mixin.py:188} INFO - [2026-08-15T01:20:57.377+0000] {dag.py:3036} INFO - Sync 1 DAGs
[2026-08-15T01:20:57.396+0000] {logging_mixin.py:188} INFO - [2026-08-15T01:20:57.396+0000] {dag.py:3823} INFO - Setting next_dagrun for air_quality_ingestion to 2026-08-15 01:00:00+00:00, run_after=2026-08-15 02:00:00+00:00
[2026-08-15T01:20:57.413+0000] {processor.py:183} INFO - Processing /opt/airflow/dags/ingestion_dag.py took 0.144 seconds
[2026-08-15T01:21:27.732+0000] {processor.py:161} INFO - Started process (PID=55688) to work on /opt/airflow/dags/ingestion_dag.py
[2026-08-15T01:21:27.734+0000] {processor.py:830} INFO - Processing file /opt/airflow/dags/ingestion_dag.py for tasks to queue
[2026-08-15T01:21:27.735+0000] {logging_mixin.py:188} INFO - [2026-08-15T01:21:27.735+0000] {dagbag.py:538} INFO - Filling up the DagBag from /opt/airflow/dags/ingestion_dag.py
[2026-08-15T01:21:27.824+0000] {processor.py:840} INFO - DAG(s) 'air_quality_ingestion' retrieved from /opt/airflow/dags/ingestion_dag.py
[2026-08-15T01:21:27.842+0000] {logging_mixin.py:188} INFO - [2026-08-15T01:21:27.842+0000] {dag.py:3036} INFO - Sync 1 DAGs
[2026-08-15T01:21:27.859+0000] {logging_mixin.py:188} INFO - [2026-08-15T01:21:27.859+0000] {dag.py:3823} INFO - Setting next_dagrun for air_quality_ingestion to 2026-08-15 01:00:00+00:00, run_after=2026-08-15 02:00:00+00:00
[2026-08-15T01:21:27.876+0000] {processor.py:183} INFO - Processing /opt/airflow/dags/ingestion_dag.py took 0.147 seconds
[2026-08-15T01:21:58.289+0000] {processor.py:161} INFO - Started process (PID=55698) to work on /opt/airflow/dags/ingestion_dag.py
[2026-08-15T01:21:58.291+0000] {processor.py:830} INFO - Processing file /opt/airflow/dags/ingestion_dag.py for tasks to queue
[2026-08-15T01:21:58.292+0000] {logging_mixin.py:188} INFO - [2026-08-15T01:21:58.292+0000] {dagbag.py:538} INFO - Filling up the DagBag from /opt/airflow/dags/ingestion_dag.py
[2026-08-15T01:21:58.393+0000] {processor.py:840} INFO - DAG(s) 'air_quality_ingestion' retrieved from /opt/airflow/dags/ingestion_dag.py
[2026-08-15T01:21:58.413+0000] {logging_mixin.py:188} INFO - [2026-08-15T01:21:58.413+0000] {dag.py:3036} INFO - Sync 1 DAGs
[2026-08-15T01:21:58.432+0000] {logging_mixin.py:188} INFO - [2026-08-15T01:21:58.432+0000] {dag.py:3823} INFO - Setting next_dagrun for air_quality_ingestion to 2026-08-15 01:00:00+00:00, run_after=2026-08-15 02:00:00+00:00
[2026-08-15T01:21:58.451+0000] {processor.py:183} INFO - Processing /opt/airflow/dags/ingestion_dag.py took 0.165 seconds
[2026-08-15T01:22:28.767+0000] {processor.py:161} INFO - Started process (PID=55708) to work on /opt/airflow/dags/ingestion_dag.py
[2026-08-15T01:22:28.768+0000] {processor.py:830} INFO - Processing file /opt/airflow/dags/ingestion_dag.py for tasks to queue
[2026-08-15T01:22:28.769+0000] {logging_mixin.py:188} INFO - [2026-08-15T01:22:28.769+0000] {dagbag.py:538} INFO - Filling up the DagBag from /opt/airflow/dags/ingestion_dag.py
[2026-08-15T01:22:28.858+0000] {processor.py:840} INFO - DAG(s) 'air_quality_ingestion' retrieved from /opt/airflow/dags/ingestion_dag.py
[2026-08-15T01:22:28.876+0000] {logging_mixin.py:188} INFO - [2026-08-15T01:22:28.876+0000] {dag.py:3036} INFO - Sync 1 DAGs
[2026-08-15T01:22:28.894+0000] {logging_mixin.py:188} INFO - [2026-08-15T01:22:28.894+0000] {dag.py:3823} INFO - Setting next_dagrun for air_quality_ingestion to 2026-08-15 01:00:00+00:00, run_after=2026-08-15 02:00:00+00:00
[2026-08-15T01:22:28.915+0000] {processor.py:183} INFO - Processing /opt/airflow/dags/ingestion_dag.py took 0.151 seconds
[2026-08-15T01:22:59.213+0000] {processor.py:161} INFO - Started process (PID=55718) to work on /opt/airflow/dags/ingestion_dag.py
[2026-08-15T01:22:59.214+0000] {processor.py:830} INFO - Processing file /opt/airflow/dags/ingestion_dag.py for tasks to queue
[2026-08-15T01:22:59.215+0000] {logging_mixin.py:188} INFO - [2026-08-15T01:22:59.215+0000] {dagbag.py:538} INFO - Filling up the DagBag from /opt/airflow/dags/ingestion_dag.py
[2026-08-15T01:22:59.314+0000] {processor.py:840} INFO - DAG(s) 'air_quality_ingestion' retrieved from /opt/airflow/dags/ingestion_dag.py
[2026-08-15T01:22:59.336+0000] {logging_mixin.py:188} INFO - [2026-08-15T01:22:59.336+0000] {dag.py:3036} INFO - Sync 1 DAGs
[2026-08-15T01:22:59.355+0000] {logging_mixin.py:188} INFO - [2026-08-15T01:22:59.354+0000] {dag.py:3823} INFO - Setting next_dagrun for air_quality_ingestion to 2026-08-15 01:00:00+00:00, run_after=2026-08-15 02:00:00+00:00
[2026-08-15T01:22:59.373+0000] {processor.py:183} INFO - Processing /opt/airflow/dags/ingestion_dag.py took 0.163 seconds
[2026-08-15T01:23:29.675+0000] {processor.py:161} INFO - Started process (PID=55728) to work on /opt/airflow/dags/ingestion_dag.py
[2026-08-15T01:23:29.676+0000] {processor.py:830} INFO - Processing file /opt/airflow/dags/ingestion_dag.py for tasks to queue
[2026-08-15T01:23:29.678+0000] {logging_mixin.py:188} INFO - [2026-08-15T01:23:29.677+0000] {dagbag.py:538} INFO - Filling up the DagBag from /opt/airflow/dags/ingestion_dag.py
[2026-08-15T01:23:29.783+0000] {processor.py:840} INFO - DAG(s) 'air_quality_ingestion' retrieved from /opt/airflow/dags/ingestion_dag.py
[2026-08-15T01:23:29.806+0000] {logging_mixin.py:188} INFO - [2026-08-15T01:23:29.806+0000] {dag.py:3036} INFO - Sync 1 DAGs
[2026-08-15T01:23:29.826+0000] {logging_mixin.py:188} INFO - [2026-08-15T01:23:29.826+0000] {dag.py:3823} INFO - Setting next_dagrun for air_quality_ingestion to 2026-08-15 01:00:00+00:00, run_after=2026-08-15 02:00:00+00:00
[2026-08-15T01:23:29.844+0000] {processor.py:183} INFO - Processing /opt/airflow/dags/ingestion_dag.py took 0.172 seconds
[2026-08-15T01:24:00.146+0000] {processor.py:161} INFO - Started process (PID=55738) to work on /opt/airflow/dags/ingestion_dag.py
[2026-08-15T01:24:00.148+0000] {processor.py:830} INFO - Processing file /opt/airflow/dags/ingestion_dag.py for tasks to queue
[2026-08-15T01:24:00.151+0000] {logging_mixin.py:188} INFO - [2026-08-15T01:24:00.150+0000] {dagbag.py:538} INFO - Filling up the DagBag from /opt/airflow/dags/ingestion_dag.py
[2026-08-15T01:24:00.281+0000] {processor.py:840} INFO - DAG(s) 'air_quality_ingestion' retrieved from /opt/airflow/dags/ingestion_dag.py
[2026-08-15T01:24:00.310+0000] {logging_mixin.py:188} INFO - [2026-08-15T01:24:00.310+0000] {dag.py:3036} INFO - Sync 1 DAGs
[2026-08-15T01:24:00.332+0000] {logging_mixin.py:188} INFO - [2026-08-15T01:24:00.332+0000] {dag.py:3823} INFO - Setting next_dagrun for air_quality_ingestion to 2026-08-15 01:00:00+00:00, run_after=2026-08-15 02:00:00+00:00
[2026-08-15T01:24:00.355+0000] {processor.py:183} INFO - Processing /opt/airflow/dags/ingestion_dag.py took 0.213 seconds
[2026-08-15T01:24:30.668+0000] {processor.py:161} INFO - Started process (PID=55748) to work on /opt/airflow/dags/ingestion_dag.py
[2026-08-15T01:24:30.669+0000] {processor.py:830} INFO - Processing file /opt/airflow/dags/ingestion_dag.py for tasks to queue
[2026-08-15T01:24:30.670+0000] {logging_mixin.py:188} INFO - [2026-08-15T01:24:30.670+0000] {dagbag.py:538} INFO - Filling up the DagBag from /opt/airflow/dags/ingestion_dag.py
[2026-08-15T01:24:30.763+0000] {processor.py:840} INFO - DAG(s) 'air_quality_ingestion' retrieved from /opt/airflow/dags/ingestion_dag.py
[2026-08-15T01:24:30.787+0000] {logging_mixin.py:188} INFO - [2026-08-15T01:24:30.787+0000] {dag.py:3036} INFO - Sync 1 DAGs
[2026-08-15T01:24:30.804+0000] {logging_mixin.py:188} INFO - [2026-08-15T01:24:30.804+0000] {dag.py:3823} INFO - Setting next_dagrun for air_quality_ingestion to 2026-08-15 01:00:00+00:00, run_after=2026-08-15 02:00:00+00:00
[2026-08-15T01:24:30.820+0000] {processor.py:183} INFO - Processing /opt/airflow/dags/ingestion_dag.py took 0.154 seconds
[2026-08-15T01:25:01.157+0000] {processor.py:161} INFO - Started process (PID=55758) to work on /opt/airflow/dags/ingestion_dag.py
[2026-08-15T01:25:01.158+0000] {processor.py:830} INFO - Processing file /opt/airflow/dags/ingestion_dag.py for tasks to queue
[2026-08-15T01:25:01.158+0000] {logging_mixin.py:188} INFO - [2026-08-15T01:25:01.158+0000] {dagbag.py:538} INFO - Filling up the DagBag from /opt/airflow/dags/ingestion_dag.py
[2026-08-15T01:25:01.239+0000] {processor.py:840} INFO - DAG(s) 'air_quality_ingestion' retrieved from /opt/airflow/dags/ingestion_dag.py
[2026-08-15T01:25:01.260+0000] {logging_mixin.py:188} INFO - [2026-08-15T01:25:01.260+0000] {dag.py:3036} INFO - Sync 1 DAGs
[2026-08-15T01:25:01.279+0000] {logging_mixin.py:188} INFO - [2026-08-15T01:25:01.278+0000] {dag.py:3823} INFO - Setting next_dagrun for air_quality_ingestion to 2026-08-15 01:00:00+00:00, run_after=2026-08-15 02:00:00+00:00
[2026-08-15T01:25:01.296+0000] {processor.py:183} INFO - Processing /opt/airflow/dags/ingestion_dag.py took 0.141 seconds
[2026-08-15T01:25:31.618+0000] {processor.py:161} INFO - Started process (PID=55768) to work on /opt/airflow/dags/ingestion_dag.py
[2026-08-15T01:25:31.621+0000] {processor.py:830} INFO - Processing file /opt/airflow/dags/ingestion_dag.py for tasks to queue
[2026-08-15T01:25:31.623+0000] {logging_mixin.py:188} INFO - [2026-08-15T01:25:31.622+0000] {dagbag.py:538} INFO - Filling up the DagBag from /opt/airflow/dags/ingestion_dag.py
[2026-08-15T01:25:31.704+0000] {processor.py:840} INFO - DAG(s) 'air_quality_ingestion' retrieved from /opt/airflow/dags/ingestion_dag.py
[2026-08-15T01:25:31.724+0000] {logging_mixin.py:188} INFO - [2026-08-15T01:25:31.724+0000] {dag.py:3036} INFO - Sync 1 DAGs
[2026-08-15T01:25:31.741+0000] {logging_mixin.py:188} INFO - [2026-08-15T01:25:31.741+0000] {dag.py:3823} INFO - Setting next_dagrun for air_quality_ingestion to 2026-08-15 01:00:00+00:00, run_after=2026-08-15 02:00:00+00:00
[2026-08-15T01:25:31.758+0000] {processor.py:183} INFO - Processing /opt/airflow/dags/ingestion_dag.py took 0.142 seconds
[2026-08-15T01:26:02.061+0000] {processor.py:161} INFO - Started process (PID=55778) to work on /opt/airflow/dags/ingestion_dag.py
[2026-08-15T01:26:02.062+0000] {processor.py:830} INFO - Processing file /opt/airflow/dags/ingestion_dag.py for tasks to queue
[2026-08-15T01:26:02.063+0000] {logging_mixin.py:188} INFO - [2026-08-15T01:26:02.063+0000] {dagbag.py:538} INFO - Filling up the DagBag from /opt/airflow/dags/ingestion_dag.py
[2026-08-15T01:26:02.145+0000] {processor.py:840} INFO - DAG(s) 'air_quality_ingestion' retrieved from /opt/airflow/dags/ingestion_dag.py
[2026-08-15T01:26:02.164+0000] {logging_mixin.py:188} INFO - [2026-08-15T01:26:02.163+0000] {dag.py:3036} INFO - Sync 1 DAGs
[2026-08-15T01:26:02.181+0000] {logging_mixin.py:188} INFO - [2026-08-15T01:26:02.181+0000] {dag.py:3823} INFO - Setting next_dagrun for air_quality_ingestion to 2026-08-15 01:00:00+00:00, run_after=2026-08-15 02:00:00+00:00
[2026-08-15T01:26:02.198+0000] {processor.py:183} INFO - Processing /opt/airflow/dags/ingestion_dag.py took 0.139 seconds
[2026-08-15T01:26:32.597+0000] {processor.py:161} INFO - Started process (PID=55788) to work on /opt/airflow/dags/ingestion_dag.py
[2026-08-15T01:26:32.598+0000] {processor.py:830} INFO - Processing file /opt/airflow/dags/ingestion_dag.py for tasks to queue
[2026-08-15T01:26:32.599+0000] {logging_mixin.py:188} INFO - [2026-08-15T01:26:32.599+0000] {dagbag.py:538} INFO - Filling up the DagBag from /opt/airflow/dags/ingestion_dag.py
[2026-08-15T01:26:32.702+0000] {processor.py:840} INFO - DAG(s) 'air_quality_ingestion' retrieved from /opt/airflow/dags/ingestion_dag.py
[2026-08-15T01:26:32.724+0000] {logging_mixin.py:188} INFO - [2026-08-15T01:26:32.724+0000] {dag.py:3036} INFO - Sync 1 DAGs
[2026-08-15T01:26:32.745+0000] {logging_mixin.py:188} INFO - [2026-08-15T01:26:32.745+0000] {dag.py:3823} INFO - Setting next_dagrun for air_quality_ingestion to 2026-08-15 01:00:00+00:00, run_after=2026-08-15 02:00:00+00:00
[2026-08-15T01:26:32.765+0000] {processor.py:183} INFO - Processing /opt/airflow/dags/ingestion_dag.py took 0.171 seconds
[2026-08-15T01:27:03.181+0000] {processor.py:161} INFO - Started process (PID=55798) to work on /opt/airflow/dags/ingestion_dag.py
[2026-08-15T01:27:03.182+0000] {processor.py:830} INFO - Processing file /opt/airflow/dags/ingestion_dag.py for tasks to queue
[2026-08-15T01:27:03.183+0000] {logging_mixin.py:188} INFO - [2026-08-15T01:27:03.183+0000] {dagbag.py:538} INFO - Filling up the DagBag from /opt/airflow/dags/ingestion_dag.py
[2026-08-15T01:27:03.274+0000] {processor.py:840} INFO - DAG(s) 'air_quality_ingestion' retrieved from /opt/airflow/dags/ingestion_dag.py
[2026-08-15T01:27:03.295+0000] {logging_mixin.py:188} INFO - [2026-08-15T01:27:03.295+0000] {dag.py:3036} INFO - Sync 1 DAGs
[2026-08-15T01:27:03.313+0000] {logging_mixin.py:188} INFO - [2026-08-15T01:27:03.313+0000] {dag.py:3823} INFO - Setting next_dagrun for air_quality_ingestion to 2026-08-15 01:00:00+00:00, run_after=2026-08-15 02:00:00+00:00
[2026-08-15T01:27:03.331+0000] {processor.py:183} INFO - Processing /opt/airflow/dags/ingestion_dag.py took 0.152 seconds
[2026-08-15T01:27:33.624+0000] {processor.py:161} INFO - Started process (PID=55808) to work on /opt/airflow/dags/ingestion_dag.py
[2026-08-15T01:27:33.625+0000] {processor.py:830} INFO - Processing file /opt/airflow/dags/ingestion_dag.py for tasks to queue
[2026-08-15T01:27:33.627+0000] {logging_mixin.py:188} INFO - [2026-08-15T01:27:33.626+0000] {dagbag.py:538} INFO - Filling up the DagBag from /opt/airflow/dags/ingestion_dag.py
[2026-08-15T01:27:33.733+0000] {processor.py:840} INFO - DAG(s) 'air_quality_ingestion' retrieved from /opt/airflow/dags/ingestion_dag.py
[2026-08-15T01:27:33.760+0000] {logging_mixin.py:188} INFO - [2026-08-15T01:27:33.759+0000] {dag.py:3036} INFO - Sync 1 DAGs
[2026-08-15T01:27:33.784+0000] {logging_mixin.py:188} INFO - [2026-08-15T01:27:33.784+0000] {dag.py:3823} INFO - Setting next_dagrun for air_quality_ingestion to 2026-08-15 01:00:00+00:00, run_after=2026-08-15 02:00:00+00:00
[2026-08-15T01:27:33.805+0000] {processor.py:183} INFO - Processing /opt/airflow/dags/ingestion_dag.py took 0.183 seconds
[2026-08-15T01:28:04.159+0000] {processor.py:161} INFO - Started process (PID=55818) to work on /opt/airflow/dags/ingestion_dag.py
[2026-08-15T01:28:04.161+0000] {processor.py:830} INFO - Processing file /opt/airflow/dags/ingestion_dag.py for tasks to queue
[2026-08-15T01:28:04.162+0000] {logging_mixin.py:188} INFO - [2026-08-15T01:28:04.162+0000] {dagbag.py:538} INFO - Filling up the DagBag from /opt/airflow/dags/ingestion_dag.py
[2026-08-15T01:28:04.261+0000] {processor.py:840} INFO - DAG(s) 'air_quality_ingestion' retrieved from /opt/airflow/dags/ingestion_dag.py
[2026-08-15T01:28:04.281+0000] {logging_mixin.py:188} INFO - [2026-08-15T01:28:04.281+0000] {dag.py:3036} INFO - Sync 1 DAGs
[2026-08-15T01:28:04.301+0000] {logging_mixin.py:188} INFO - [2026-08-15T01:28:04.301+0000] {dag.py:3823} INFO - Setting next_dagrun for air_quality_ingestion to 2026-08-15 01:00:00+00:00, run_after=2026-08-15 02:00:00+00:00
[2026-08-15T01:28:04.322+0000] {processor.py:183} INFO - Processing /opt/airflow/dags/ingestion_dag.py took 0.167 seconds
[2026-08-15T01:28:34.628+0000] {processor.py:161} INFO - Started process (PID=55828) to work on /opt/airflow/dags/ingestion_dag.py
[2026-08-15T01:28:34.629+0000] {processor.py:830} INFO - Processing file /opt/airflow/dags/ingestion_dag.py for tasks to queue
[2026-08-15T01:28:34.629+0000] {logging_mixin.py:188} INFO - [2026-08-15T01:28:34.629+0000] {dagbag.py:538} INFO - Filling up the DagBag from /opt/airflow/dags/ingestion_dag.py
[2026-08-15T01:28:34.716+0000] {processor.py:840} INFO - DAG(s) 'air_quality_ingestion' retrieved from /opt/airflow/dags/ingestion_dag.py
[2026-08-15T01:28:34.734+0000] {logging_mixin.py:188} INFO - [2026-08-15T01:28:34.734+0000] {dag.py:3036} INFO - Sync 1 DAGs
[2026-08-15T01:28:34.753+0000] {logging_mixin.py:188} INFO - [2026-08-15T01:28:34.753+0000] {dag.py:3823} INFO - Setting next_dagrun for air_quality_ingestion to 2026-08-15 01:00:00+00:00, run_after=2026-08-15 02:00:00+00:00
[2026-08-15T01:28:34.770+0000] {processor.py:183} INFO - Processing /opt/airflow/dags/ingestion_dag.py took 0.145 seconds
[2026-08-15T01:29:05.092+0000] {processor.py:161} INFO - Started process (PID=55838) to work on /opt/airflow/dags/ingestion_dag.py
[2026-08-15T01:29:05.094+0000] {processor.py:830} INFO - Processing file /opt/airflow/dags/ingestion_dag.py for tasks to queue
[2026-08-15T01:29:05.095+0000] {logging_mixin.py:188} INFO - [2026-08-15T01:29:05.095+0000] {dagbag.py:538} INFO - Filling up the DagBag from /opt/airflow/dags/ingestion_dag.py
[2026-08-15T01:29:05.185+0000] {processor.py:840} INFO - DAG(s) 'air_quality_ingestion' retrieved from /opt/airflow/dags/ingestion_dag.py
[2026-08-15T01:29:05.205+0000] {logging_mixin.py:188} INFO - [2026-08-15T01:29:05.204+0000] {dag.py:3036} INFO - Sync 1 DAGs
[2026-08-15T01:29:05.223+0000] {logging_mixin.py:188} INFO - [2026-08-15T01:29:05.222+0000] {dag.py:3823} INFO - Setting next_dagrun for air_quality_ingestion to 2026-08-15 01:00:00+00:00, run_after=2026-08-15 02:00:00+00:00
[2026-08-15T01:29:05.240+0000] {processor.py:183} INFO - Processing /opt/airflow/dags/ingestion_dag.py took 0.151 seconds
[2026-08-15T01:29:35.538+0000] {processor.py:161} INFO - Started process (PID=55848) to work on /opt/airflow/dags/ingestion_dag.py
[2026-08-15T01:29:35.539+0000] {processor.py:830} INFO - Processing file /opt/airflow/dags/ingestion_dag.py for tasks to queue
[2026-08-15T01:29:35.540+0000] {logging_mixin.py:188} INFO - [2026-08-15T01:29:35.539+0000] {dagbag.py:538} INFO - Filling up the DagBag from /opt/airflow/dags/ingestion_dag.py
[2026-08-15T01:29:35.638+0000] {processor.py:840} INFO - DAG(s) 'air_quality_ingestion' retrieved from /opt/airflow/dags/ingestion_dag.py
[2026-08-15T01:29:35.659+0000] {logging_mixin.py:188} INFO - [2026-08-15T01:29:35.659+0000] {dag.py:3036} INFO - Sync 1 DAGs
[2026-08-15T01:29:35.681+0000] {logging_mixin.py:188} INFO - [2026-08-15T01:29:35.680+0000] {dag.py:3823} INFO - Setting next_dagrun for air_quality_ingestion to 2026-08-15 01:00:00+00:00, run_after=2026-08-15 02:00:00+00:00
[2026-08-15T01:29:35.701+0000] {processor.py:183} INFO - Processing /opt/airflow/dags/ingestion_dag.py took 0.166 seconds
[2026-08-15T01:30:05.974+0000] {processor.py:161} INFO - Started process (PID=55858) to work on /opt/airflow/dags/ingestion_dag.py
[2026-08-15T01:30:05.975+0000] {processor.py:830} INFO - Processing file /opt/airflow/dags/ingestion_dag.py for tasks to queue
[2026-08-15T01:30:05.976+0000] {logging_mixin.py:188} INFO - [2026-08-15T01:30:05.976+0000] {dagbag.py:538} INFO - Filling up the DagBag from /opt/airflow/dags/ingestion_dag.py
[2026-08-15T01:30:06.060+0000] {processor.py:840} INFO - DAG(s) 'air_quality_ingestion' retrieved from /opt/airflow/dags/ingestion_dag.py
[2026-08-15T01:30:06.080+0000] {logging_mixin.py:188} INFO - [2026-08-15T01:30:06.080+0000] {dag.py:3036} INFO - Sync 1 DAGs
[2026-08-15T01:30:06.098+0000] {logging_mixin.py:188} INFO - [2026-08-15T01:30:06.097+0000] {dag.py:3823} INFO - Setting next_dagrun for air_quality_ingestion to 2026-08-15 01:00:00+00:00, run_after=2026-08-15 02:00:00+00:00
[2026-08-15T01:30:06.118+0000] {processor.py:183} INFO - Processing /opt/airflow/dags/ingestion_dag.py took 0.148 seconds
[2026-08-15T01:30:36.446+0000] {processor.py:161} INFO - Started process (PID=55868) to work on /opt/airflow/dags/ingestion_dag.py
[2026-08-15T01:30:36.447+0000] {processor.py:830} INFO - Processing file /opt/airflow/dags/ingestion_dag.py for tasks to queue
[2026-08-15T01:30:36.448+0000] {logging_mixin.py:188} INFO - [2026-08-15T01:30:36.448+0000] {dagbag.py:538} INFO - Filling up the DagBag from /opt/airflow/dags/ingestion_dag.py
[2026-08-15T01:30:36.546+0000] {processor.py:840} INFO - DAG(s) 'air_quality_ingestion' retrieved from /opt/airflow/dags/ingestion_dag.py
[2026-08-15T01:30:36.567+0000] {logging_mixin.py:188} INFO - [2026-08-15T01:30:36.566+0000] {dag.py:3036} INFO - Sync 1 DAGs
[2026-08-15T01:30:36.587+0000] {logging_mixin.py:188} INFO - [2026-08-15T01:30:36.587+0000] {dag.py:3823} INFO - Setting next_dagrun for air_quality_ingestion to 2026-08-15 01:00:00+00:00, run_after=2026-08-15 02:00:00+00:00
[2026-08-15T01:30:36.605+0000] {processor.py:183} INFO - Processing /opt/airflow/dags/ingestion_dag.py took 0.162 seconds
[2026-08-15T01:31:06.907+0000] {processor.py:161} INFO - Started process (PID=55878) to work on /opt/airflow/dags/ingestion_dag.py
[2026-08-15T01:31:06.909+0000] {processor.py:830} INFO - Processing file /opt/airflow/dags/ingestion_dag.py for tasks to queue
[2026-08-15T01:31:06.910+0000] {logging_mixin.py:188} INFO - [2026-08-15T01:31:06.909+0000] {dagbag.py:538} INFO - Filling up the DagBag from /opt/airflow/dags/ingestion_dag.py
[2026-08-15T01:31:06.997+0000] {processor.py:840} INFO - DAG(s) 'air_quality_ingestion' retrieved from /opt/airflow/dags/ingestion_dag.py
[2026-08-15T01:31:07.016+0000] {logging_mixin.py:188} INFO - [2026-08-15T01:31:07.016+0000] {dag.py:3036} INFO - Sync 1 DAGs
[2026-08-15T01:31:07.038+0000] {logging_mixin.py:188} INFO - [2026-08-15T01:31:07.038+0000] {dag.py:3823} INFO - Setting next_dagrun for air_quality_ingestion to 2026-08-15 01:00:00+00:00, run_after=2026-08-15 02:00:00+00:00
[2026-08-15T01:31:07.059+0000] {processor.py:183} INFO - Processing /opt/airflow/dags/ingestion_dag.py took 0.154 seconds
[2026-08-15T01:31:37.363+0000] {processor.py:161} INFO - Started process (PID=55888) to work on /opt/airflow/dags/ingestion_dag.py
[2026-08-15T01:31:37.365+0000] {processor.py:830} INFO - Processing file /opt/airflow/dags/ingestion_dag.py for tasks to queue
[2026-08-15T01:31:37.366+0000] {logging_mixin.py:188} INFO - [2026-08-15T01:31:37.366+0000] {dagbag.py:538} INFO - Filling up the DagBag from /opt/airflow/dags/ingestion_dag.py
[2026-08-15T01:31:37.451+0000] {processor.py:840} INFO - DAG(s) 'air_quality_ingestion' retrieved from /opt/airflow/dags/ingestion_dag.py
[2026-08-15T01:31:37.468+0000] {logging_mixin.py:188} INFO - [2026-08-15T01:31:37.468+0000] {dag.py:3036} INFO - Sync 1 DAGs
[2026-08-15T01:31:37.486+0000] {logging_mixin.py:188} INFO - [2026-08-15T01:31:37.485+0000] {dag.py:3823} INFO - Setting next_dagrun for air_quality_ingestion to 2026-08-15 01:00:00+00:00, run_after=2026-08-15 02:00:00+00:00
[2026-08-15T01:31:37.501+0000] {processor.py:183} INFO - Processing /opt/airflow/dags/ingestion_dag.py took 0.140 seconds
[2026-08-15T01:32:07.920+0000] {processor.py:161} INFO - Started process (PID=55898) to work on /opt/airflow/dags/ingestion_dag.py
[2026-08-15T01:32:07.921+0000] {processor.py:830} INFO - Processing file /opt/airflow/dags/ingestion_dag.py for tasks to queue
[2026-08-15T01:32:07.922+0000] {logging_mixin.py:188} INFO - [2026-08-15T01:32:07.922+0000] {dagbag.py:538} INFO - Filling up the DagBag from /opt/airflow/dags/ingestion_dag.py
[2026-08-15T01:32:08.007+0000] {processor.py:840} INFO - DAG(s) 'air_quality_ingestion' retrieved from /opt/airflow/dags/ingestion_dag.py
[2026-08-15T01:32:08.026+0000] {logging_mixin.py:188} INFO - [2026-08-15T01:32:08.026+0000] {dag.py:3036} INFO - Sync 1 DAGs
[2026-08-15T01:32:08.043+0000] {logging_mixin.py:188} INFO - [2026-08-15T01:32:08.043+0000] {dag.py:3823} INFO - Setting next_dagrun for air_quality_ingestion to 2026-08-15 01:00:00+00:00, run_after=2026-08-15 02:00:00+00:00
[2026-08-15T01:32:08.059+0000] {processor.py:183} INFO - Processing /opt/airflow/dags/ingestion_dag.py took 0.142 seconds
[2026-08-15T01:32:38.369+0000] {processor.py:161} INFO - Started process (PID=55908) to work on /opt/airflow/dags/ingestion_dag.py
[2026-08-15T01:32:38.371+0000] {processor.py:830} INFO - Processing file /opt/airflow/dags/ingestion_dag.py for tasks to queue
[2026-08-15T01:32:38.372+0000] {logging_mixin.py:188} INFO - [2026-08-15T01:32:38.372+0000] {dagbag.py:538} INFO - Filling up the DagBag from /opt/airflow/dags/ingestion_dag.py
[2026-08-15T01:32:38.470+0000] {processor.py:840} INFO - DAG(s) 'air_quality_ingestion' retrieved from /opt/airflow/dags/ingestion_dag.py
[2026-08-15T01:32:38.491+0000] {logging_mixin.py:188} INFO - [2026-08-15T01:32:38.491+0000] {dag.py:3036} INFO - Sync 1 DAGs
[2026-08-15T01:32:38.510+0000] {logging_mixin.py:188} INFO - [2026-08-15T01:32:38.510+0000] {dag.py:3823} INFO - Setting next_dagrun for air_quality_ingestion to 2026-08-15 01:00:00+00:00, run_after=2026-08-15 02:00:00+00:00
[2026-08-15T01:32:38.529+0000] {processor.py:183} INFO - Processing /opt/airflow/dags/ingestion_dag.py took 0.162 seconds
[2026-08-15T01:33:08.872+0000] {processor.py:161} INFO - Started process (PID=55918) to work on /opt/airflow/dags/ingestion_dag.py
[2026-08-15T01:33:08.873+0000] {processor.py:830} INFO - Processing file /opt/airflow/dags/ingestion_dag.py for tasks to queue
[2026-08-15T01:33:08.875+0000] {logging_mixin.py:188} INFO - [2026-08-15T01:33:08.875+0000] {dagbag.py:538} INFO - Filling up the DagBag from /opt/airflow/dags/ingestion_dag.py
[2026-08-15T01:33:08.965+0000] {processor.py:840} INFO - DAG(s) 'air_quality_ingestion' retrieved from /opt/airflow/dags/ingestion_dag.py
[2026-08-15T01:33:08.985+0000] {logging_mixin.py:188} INFO - [2026-08-15T01:33:08.985+0000] {dag.py:3036} INFO - Sync 1 DAGs
[2026-08-15T01:33:09.003+0000] {logging_mixin.py:188} INFO - [2026-08-15T01:33:09.002+0000] {dag.py:3823} INFO - Setting next_dagrun for air_quality_ingestion to 2026-08-15 01:00:00+00:00, run_after=2026-08-15 02:00:00+00:00
[2026-08-15T01:33:09.018+0000] {processor.py:183} INFO - Processing /opt/airflow/dags/ingestion_dag.py took 0.148 seconds
[2026-08-15T01:33:39.372+0000] {processor.py:161} INFO - Started process (PID=55928) to work on /opt/airflow/dags/ingestion_dag.py
[2026-08-15T01:33:39.373+0000] {processor.py:830} INFO - Processing file /opt/airflow/dags/ingestion_dag.py for tasks to queue
[2026-08-15T01:33:39.374+0000] {logging_mixin.py:188} INFO - [2026-08-15T01:33:39.373+0000] {dagbag.py:538} INFO - Filling up the DagBag from /opt/airflow/dags/ingestion_dag.py
[2026-08-15T01:33:39.459+0000] {processor.py:840} INFO - DAG(s) 'air_quality_ingestion' retrieved from /opt/airflow/dags/ingestion_dag.py
[2026-08-15T01:33:39.486+0000] {logging_mixin.py:188} INFO - [2026-08-15T01:33:39.486+0000] {dag.py:3036} INFO - Sync 1 DAGs
[2026-08-15T01:33:39.507+0000] {logging_mixin.py:188} INFO - [2026-08-15T01:33:39.506+0000] {dag.py:3823} INFO - Setting next_dagrun for air_quality_ingestion to 2026-08-15 01:00:00+00:00, run_after=2026-08-15 02:00:00+00:00
[2026-08-15T01:33:39.535+0000] {processor.py:183} INFO - Processing /opt/airflow/dags/ingestion_dag.py took 0.166 seconds
[2026-08-15T01:34:09.808+0000] {processor.py:161} INFO - Started process (PID=55938) to work on /opt/airflow/dags/ingestion_dag.py
[2026-08-15T01:34:09.810+0000] {processor.py:830} INFO - Processing file /opt/airflow/dags/ingestion_dag.py for tasks to queue
[2026-08-15T01:34:09.810+0000] {logging_mixin.py:188} INFO - [2026-08-15T01:34:09.810+0000] {dagbag.py:538} INFO - Filling up the DagBag from /opt/airflow/dags/ingestion_dag.py
[2026-08-15T01:34:09.912+0000] {processor.py:840} INFO - DAG(s) 'air_quality_ingestion' retrieved from /opt/airflow/dags/ingestion_dag.py
[2026-08-15T01:34:09.930+0000] {logging_mixin.py:188} INFO - [2026-08-15T01:34:09.930+0000] {dag.py:3036} INFO - Sync 1 DAGs
[2026-08-15T01:34:09.948+0000] {logging_mixin.py:188} INFO - [2026-08-15T01:34:09.948+0000] {dag.py:3823} INFO - Setting next_dagrun for air_quality_ingestion to 2026-08-15 01:00:00+00:00, run_after=2026-08-15 02:00:00+00:00
[2026-08-15T01:34:09.964+0000] {processor.py:183} INFO - Processing /opt/airflow/dags/ingestion_dag.py took 0.159 seconds
[2026-08-15T01:34:40.217+0000] {processor.py:161} INFO - Started process (PID=55948) to work on /opt/airflow/dags/ingestion_dag.py
[2026-08-15T01:34:40.219+0000] {processor.py:830} INFO - Processing file /opt/airflow/dags/ingestion_dag.py for tasks to queue
[2026-08-15T01:34:40.220+0000] {logging_mixin.py:188} INFO - [2026-08-15T01:34:40.219+0000] {dagbag.py:538} INFO - Filling up the DagBag from /opt/airflow/dags/ingestion_dag.py
[2026-08-15T01:34:40.313+0000] {processor.py:840} INFO - DAG(s) 'air_quality_ingestion' retrieved from /opt/airflow/dags/ingestion_dag.py
[2026-08-15T01:34:40.331+0000] {logging_mixin.py:188} INFO - [2026-08-15T01:34:40.331+0000] {dag.py:3036} INFO - Sync 1 DAGs
[2026-08-15T01:34:40.350+0000] {logging_mixin.py:188} INFO - [2026-08-15T01:34:40.350+0000] {dag.py:3823} INFO - Setting next_dagrun for air_quality_ingestion to 2026-08-15 01:00:00+00:00, run_after=2026-08-15 02:00:00+00:00
[2026-08-15T01:34:40.368+0000] {processor.py:183} INFO - Processing /opt/airflow/dags/ingestion_dag.py took 0.153 seconds
[2026-08-15T01:35:10.641+0000] {processor.py:161} INFO - Started process (PID=55958) to work on /opt/airflow/dags/ingestion_dag.py
[2026-08-15T01:35:10.642+0000] {processor.py:830} INFO - Processing file /opt/airflow/dags/ingestion_dag.py for tasks to queue
[2026-08-15T01:35:10.643+0000] {logging_mixin.py:188} INFO - [2026-08-15T01:35:10.643+0000] {dagbag.py:538} INFO - Filling up the DagBag from /opt/airflow/dags/ingestion_dag.py
[2026-08-15T01:35:10.759+0000] {processor.py:840} INFO - DAG(s) 'air_quality_ingestion' retrieved from /opt/airflow/dags/ingestion_dag.py
[2026-08-15T01:35:10.790+0000] {logging_mixin.py:188} INFO - [2026-08-15T01:35:10.789+0000] {dag.py:3036} INFO - Sync 1 DAGs
[2026-08-15T01:35:10.821+0000] {logging_mixin.py:188} INFO - [2026-08-15T01:35:10.821+0000] {dag.py:3823} INFO - Setting next_dagrun for air_quality_ingestion to 2026-08-15 01:00:00+00:00, run_after=2026-08-15 02:00:00+00:00
[2026-08-15T01:35:10.853+0000] {processor.py:183} INFO - Processing /opt/airflow/dags/ingestion_dag.py took 0.215 seconds
[2026-08-15T01:35:41.080+0000] {processor.py:161} INFO - Started process (PID=55968) to work on /opt/airflow/dags/ingestion_dag.py
[2026-08-15T01:35:41.081+0000] {processor.py:830} INFO - Processing file /opt/airflow/dags/ingestion_dag.py for tasks to queue
[2026-08-15T01:35:41.082+0000] {logging_mixin.py:188} INFO - [2026-08-15T01:35:41.082+0000] {dagbag.py:538} INFO - Filling up the DagBag from /opt/airflow/dags/ingestion_dag.py
[2026-08-15T01:35:41.180+0000] {processor.py:840} INFO - DAG(s) 'air_quality_ingestion' retrieved from /opt/airflow/dags/ingestion_dag.py
[2026-08-15T01:35:41.199+0000] {logging_mixin.py:188} INFO - [2026-08-15T01:35:41.199+0000] {dag.py:3036} INFO - Sync 1 DAGs
[2026-08-15T01:35:41.218+0000] {logging_mixin.py:188} INFO - [2026-08-15T01:35:41.218+0000] {dag.py:3823} INFO - Setting next_dagrun for air_quality_ingestion to 2026-08-15 01:00:00+00:00, run_after=2026-08-15 02:00:00+00:00
[2026-08-15T01:35:41.235+0000] {processor.py:183} INFO - Processing /opt/airflow/dags/ingestion_dag.py took 0.158 seconds
[2026-08-15T01:36:11.543+0000] {processor.py:161} INFO - Started process (PID=55978) to work on /opt/airflow/dags/ingestion_dag.py
[2026-08-15T01:36:11.544+0000] {processor.py:830} INFO - Processing file /opt/airflow/dags/ingestion_dag.py for tasks to queue
[2026-08-15T01:36:11.545+0000] {logging_mixin.py:188} INFO - [2026-08-15T01:36:11.544+0000] {dagbag.py:538} INFO - Filling up the DagBag from /opt/airflow/dags/ingestion_dag.py
[2026-08-15T01:36:11.622+0000] {processor.py:840} INFO - DAG(s) 'air_quality_ingestion' retrieved from /opt/airflow/dags/ingestion_dag.py
[2026-08-15T01:36:11.640+0000] {logging_mixin.py:188} INFO - [2026-08-15T01:36:11.640+0000] {dag.py:3036} INFO - Sync 1 DAGs
[2026-08-15T01:36:11.656+0000] {logging_mixin.py:188} INFO - [2026-08-15T01:36:11.656+0000] {dag.py:3823} INFO - Setting next_dagrun for air_quality_ingestion to 2026-08-15 01:00:00+00:00, run_after=2026-08-15 02:00:00+00:00
[2026-08-15T01:36:11.673+0000] {processor.py:183} INFO - Processing /opt/airflow/dags/ingestion_dag.py took 0.132 seconds
[2026-08-15T01:36:42.128+0000] {processor.py:161} INFO - Started process (PID=55988) to work on /opt/airflow/dags/ingestion_dag.py
[2026-08-15T01:36:42.129+0000] {processor.py:830} INFO - Processing file /opt/airflow/dags/ingestion_dag.py for tasks to queue
[2026-08-15T01:36:42.131+0000] {logging_mixin.py:188} INFO - [2026-08-15T01:36:42.130+0000] {dagbag.py:538} INFO - Filling up the DagBag from /opt/airflow/dags/ingestion_dag.py
[2026-08-15T01:36:42.239+0000] {processor.py:840} INFO - DAG(s) 'air_quality_ingestion' retrieved from /opt/airflow/dags/ingestion_dag.py
[2026-08-15T01:36:42.256+0000] {logging_mixin.py:188} INFO - [2026-08-15T01:36:42.256+0000] {dag.py:3036} INFO - Sync 1 DAGs
[2026-08-15T01:36:42.274+0000] {logging_mixin.py:188} INFO - [2026-08-15T01:36:42.274+0000] {dag.py:3823} INFO - Setting next_dagrun for air_quality_ingestion to 2026-08-15 01:00:00+00:00, run_after=2026-08-15 02:00:00+00:00
[2026-08-15T01:36:42.292+0000] {processor.py:183} INFO - Processing /opt/airflow/dags/ingestion_dag.py took 0.166 seconds
[2026-08-15T01:37:12.736+0000] {processor.py:161} INFO - Started process (PID=55998) to work on /opt/airflow/dags/ingestion_dag.py
[2026-08-15T01:37:12.737+0000] {processor.py:830} INFO - Processing file /opt/airflow/dags/ingestion_dag.py for tasks to queue
[2026-08-15T01:37:12.738+0000] {logging_mixin.py:188} INFO - [2026-08-15T01:37:12.738+0000] {dagbag.py:538} INFO - Filling up the DagBag from /opt/airflow/dags/ingestion_dag.py
[2026-08-15T01:37:12.842+0000] {processor.py:840} INFO - DAG(s) 'air_quality_ingestion' retrieved from /opt/airflow/dags/ingestion_dag.py
[2026-08-15T01:37:12.867+0000] {logging_mixin.py:188} INFO - [2026-08-15T01:37:12.867+0000] {dag.py:3036} INFO - Sync 1 DAGs
[2026-08-15T01:37:12.889+0000] {logging_mixin.py:188} INFO - [2026-08-15T01:37:12.889+0000] {dag.py:3823} INFO - Setting next_dagrun for air_quality_ingestion to 2026-08-15 01:00:00+00:00, run_after=2026-08-15 02:00:00+00:00
[2026-08-15T01:37:12.904+0000] {processor.py:183} INFO - Processing /opt/airflow/dags/ingestion_dag.py took 0.171 seconds
[2026-08-15T01:37:43.325+0000] {processor.py:161} INFO - Started process (PID=56008) to work on /opt/airflow/dags/ingestion_dag.py
[2026-08-15T01:37:43.326+0000] {processor.py:830} INFO - Processing file /opt/airflow/dags/ingestion_dag.py for tasks to queue
[2026-08-15T01:37:43.328+0000] {logging_mixin.py:188} INFO - [2026-08-15T01:37:43.327+0000] {dagbag.py:538} INFO - Filling up the DagBag from /opt/airflow/dags/ingestion_dag.py
[2026-08-15T01:37:43.414+0000] {processor.py:840} INFO - DAG(s) 'air_quality_ingestion' retrieved from /opt/airflow/dags/ingestion_dag.py
[2026-08-15T01:37:43.432+0000] {logging_mixin.py:188} INFO - [2026-08-15T01:37:43.432+0000] {dag.py:3036} INFO - Sync 1 DAGs
[2026-08-15T01:37:43.451+0000] {logging_mixin.py:188} INFO - [2026-08-15T01:37:43.451+0000] {dag.py:3823} INFO - Setting next_dagrun for air_quality_ingestion to 2026-08-15 01:00:00+00:00, run_after=2026-08-15 02:00:00+00:00
[2026-08-15T01:37:43.474+0000] {processor.py:183} INFO - Processing /opt/airflow/dags/ingestion_dag.py took 0.151 seconds
[2026-08-15T01:38:13.846+0000] {processor.py:161} INFO - Started process (PID=56018) to work on /opt/airflow/dags/ingestion_dag.py
[2026-08-15T01:38:13.847+0000] {processor.py:830} INFO - Processing file /opt/airflow/dags/ingestion_dag.py for tasks to queue
[2026-08-15T01:38:13.849+0000] {logging_mixin.py:188} INFO - [2026-08-15T01:38:13.848+0000] {dagbag.py:538} INFO - Filling up the DagBag from /opt/airflow/dags/ingestion_dag.py
[2026-08-15T01:38:13.938+0000] {processor.py:840} INFO - DAG(s) 'air_quality_ingestion' retrieved from /opt/airflow/dags/ingestion_dag.py
[2026-08-15T01:38:13.958+0000] {logging_mixin.py:188} INFO - [2026-08-15T01:38:13.958+0000] {dag.py:3036} INFO - Sync 1 DAGs
[2026-08-15T01:38:13.976+0000] {logging_mixin.py:188} INFO - [2026-08-15T01:38:13.976+0000] {dag.py:3823} INFO - Setting next_dagrun for air_quality_ingestion to 2026-08-15 01:00:00+00:00, run_after=2026-08-15 02:00:00+00:00
[2026-08-15T01:38:13.993+0000] {processor.py:183} INFO - Processing /opt/airflow/dags/ingestion_dag.py took 0.150 seconds
[2026-08-15T01:38:44.378+0000] {processor.py:161} INFO - Started process (PID=56028) to work on /opt/airflow/dags/ingestion_dag.py
[2026-08-15T01:38:44.379+0000] {processor.py:830} INFO - Processing file /opt/airflow/dags/ingestion_dag.py for tasks to queue
[2026-08-15T01:38:44.381+0000] {logging_mixin.py:188} INFO - [2026-08-15T01:38:44.381+0000] {dagbag.py:538} INFO - Filling up the DagBag from /opt/airflow/dags/ingestion_dag.py
[2026-08-15T01:38:44.478+0000] {processor.py:840} INFO - DAG(s) 'air_quality_ingestion' retrieved from /opt/airflow/dags/ingestion_dag.py
[2026-08-15T01:38:44.498+0000] {logging_mixin.py:188} INFO - [2026-08-15T01:38:44.498+0000] {dag.py:3036} INFO - Sync 1 DAGs
[2026-08-15T01:38:44.517+0000] {logging_mixin.py:188} INFO - [2026-08-15T01:38:44.516+0000] {dag.py:3823} INFO - Setting next_dagrun for air_quality_ingestion to 2026-08-15 01:00:00+00:00, run_after=2026-08-15 02:00:00+00:00
[2026-08-15T01:38:44.533+0000] {processor.py:183} INFO - Processing /opt/airflow/dags/ingestion_dag.py took 0.157 seconds
[2026-08-15T01:39:14.835+0000] {processor.py:161} INFO - Started process (PID=56038) to work on /opt/airflow/dags/ingestion_dag.py
[2026-08-15T01:39:14.837+0000] {processor.py:830} INFO - Processing file /opt/airflow/dags/ingestion_dag.py for tasks to queue
[2026-08-15T01:39:14.838+0000] {logging_mixin.py:188} INFO - [2026-08-15T01:39:14.838+0000] {dagbag.py:538} INFO - Filling up the DagBag from /opt/airflow/dags/ingestion_dag.py
[2026-08-15T01:39:14.941+0000] {processor.py:840} INFO - DAG(s) 'air_quality_ingestion' retrieved from /opt/airflow/dags/ingestion_dag.py
[2026-08-15T01:39:14.967+0000] {logging_mixin.py:188} INFO - [2026-08-15T01:39:14.966+0000] {dag.py:3036} INFO - Sync 1 DAGs
[2026-08-15T01:39:14.994+0000] {logging_mixin.py:188} INFO - [2026-08-15T01:39:14.994+0000] {dag.py:3823} INFO - Setting next_dagrun for air_quality_ingestion to 2026-08-15 01:00:00+00:00, run_after=2026-08-15 02:00:00+00:00
[2026-08-15T01:39:15.014+0000] {processor.py:183} INFO - Processing /opt/airflow/dags/ingestion_dag.py took 0.182 seconds
[2026-08-15T01:39:45.305+0000] {processor.py:161} INFO - Started process (PID=56048) to work on /opt/airflow/dags/ingestion_dag.py
[2026-08-15T01:39:45.306+0000] {processor.py:830} INFO - Processing file /opt/airflow/dags/ingestion_dag.py for tasks to queue
[2026-08-15T01:39:45.307+0000] {logging_mixin.py:188} INFO - [2026-08-15T01:39:45.307+0000] {dagbag.py:538} INFO - Filling up the DagBag from /opt/airflow/dags/ingestion_dag.py
[2026-08-15T01:39:45.398+0000] {processor.py:840} INFO - DAG(s) 'air_quality_ingestion' retrieved from /opt/airflow/dags/ingestion_dag.py
[2026-08-15T01:39:45.424+0000] {logging_mixin.py:188} INFO - [2026-08-15T01:39:45.424+0000] {dag.py:3036} INFO - Sync 1 DAGs
[2026-08-15T01:39:45.449+0000] {logging_mixin.py:188} INFO - [2026-08-15T01:39:45.449+0000] {dag.py:3823} INFO - Setting next_dagrun for air_quality_ingestion to 2026-08-15 01:00:00+00:00, run_after=2026-08-15 02:00:00+00:00
[2026-08-15T01:39:45.472+0000] {processor.py:183} INFO - Processing /opt/airflow/dags/ingestion_dag.py took 0.170 seconds
[2026-08-15T01:40:15.803+0000] {processor.py:161} INFO - Started process (PID=56058) to work on /opt/airflow/dags/ingestion_dag.py
[2026-08-15T01:40:15.804+0000] {processor.py:830} INFO - Processing file /opt/airflow/dags/ingestion_dag.py for tasks to queue
[2026-08-15T01:40:15.806+0000] {logging_mixin.py:188} INFO - [2026-08-15T01:40:15.805+0000] {dagbag.py:538} INFO - Filling up the DagBag from /opt/airflow/dags/ingestion_dag.py
[2026-08-15T01:40:15.901+0000] {processor.py:840} INFO - DAG(s) 'air_quality_ingestion' retrieved from /opt/airflow/dags/ingestion_dag.py
[2026-08-15T01:40:15.927+0000] {logging_mixin.py:188} INFO - [2026-08-15T01:40:15.927+0000] {dag.py:3036} INFO - Sync 1 DAGs
[2026-08-15T01:40:15.946+0000] {logging_mixin.py:188} INFO - [2026-08-15T01:40:15.946+0000] {dag.py:3823} INFO - Setting next_dagrun for air_quality_ingestion to 2026-08-15 01:00:00+00:00, run_after=2026-08-15 02:00:00+00:00
[2026-08-15T01:40:15.969+0000] {processor.py:183} INFO - Processing /opt/airflow/dags/ingestion_dag.py took 0.170 seconds
[2026-08-15T01:40:46.273+0000] {processor.py:161} INFO - Started process (PID=56068) to work on /opt/airflow/dags/ingestion_dag.py
[2026-08-15T01:40:46.274+0000] {processor.py:830} INFO - Processing file /opt/airflow/dags/ingestion_dag.py for tasks to queue
[2026-08-15T01:40:46.275+0000] {logging_mixin.py:188} INFO - [2026-08-15T01:40:46.275+0000] {dagbag.py:538} INFO - Filling up the DagBag from /opt/airflow/dags/ingestion_dag.py
[2026-08-15T01:40:46.359+0000] {processor.py:840} INFO - DAG(s) 'air_quality_ingestion' retrieved from /opt/airflow/dags/ingestion_dag.py
[2026-08-15T01:40:46.377+0000] {logging_mixin.py:188} INFO - [2026-08-15T01:40:46.377+0000] {dag.py:3036} INFO - Sync 1 DAGs
[2026-08-15T01:40:46.395+0000] {logging_mixin.py:188} INFO - [2026-08-15T01:40:46.395+0000] {dag.py:3823} INFO - Setting next_dagrun for air_quality_ingestion to 2026-08-15 01:00:00+00:00, run_after=2026-08-15 02:00:00+00:00
[2026-08-15T01:40:46.411+0000] {processor.py:183} INFO - Processing /opt/airflow/dags/ingestion_dag.py took 0.141 seconds
[2026-08-15T01:41:16.723+0000] {processor.py:161} INFO - Started process (PID=56078) to work on /opt/airflow/dags/ingestion_dag.py
[2026-08-15T01:41:16.725+0000] {processor.py:830} INFO - Processing file /opt/airflow/dags/ingestion_dag.py for tasks to queue
[2026-08-15T01:41:16.727+0000] {logging_mixin.py:188} INFO - [2026-08-15T01:41:16.727+0000] {dagbag.py:538} INFO - Filling up the DagBag from /opt/airflow/dags/ingestion_dag.py
[2026-08-15T01:41:16.945+0000] {processor.py:840} INFO - DAG(s) 'air_quality_ingestion' retrieved from /opt/airflow/dags/ingestion_dag.py
[2026-08-15T01:41:16.978+0000] {logging_mixin.py:188} INFO - [2026-08-15T01:41:16.978+0000] {dag.py:3036} INFO - Sync 1 DAGs
[2026-08-15T01:41:17.015+0000] {logging_mixin.py:188} INFO - [2026-08-15T01:41:17.015+0000] {dag.py:3823} INFO - Setting next_dagrun for air_quality_ingestion to 2026-08-15 01:00:00+00:00, run_after=2026-08-15 02:00:00+00:00
[2026-08-15T01:41:17.054+0000] {processor.py:183} INFO - Processing /opt/airflow/dags/ingestion_dag.py took 0.334 seconds
[2026-08-15T01:41:47.320+0000] {processor.py:161} INFO - Started process (PID=56088) to work on /opt/airflow/dags/ingestion_dag.py
[2026-08-15T01:41:47.321+0000] {processor.py:830} INFO - Processing file /opt/airflow/dags/ingestion_dag.py for tasks to queue
[2026-08-15T01:41:47.322+0000] {logging_mixin.py:188} INFO - [2026-08-15T01:41:47.322+0000] {dagbag.py:538} INFO - Filling up the DagBag from /opt/airflow/dags/ingestion_dag.py
[2026-08-15T01:41:47.414+0000] {processor.py:840} INFO - DAG(s) 'air_quality_ingestion' retrieved from /opt/airflow/dags/ingestion_dag.py
[2026-08-15T01:41:47.434+0000] {logging_mixin.py:188} INFO - [2026-08-15T01:41:47.434+0000] {dag.py:3036} INFO - Sync 1 DAGs
[2026-08-15T01:41:47.453+0000] {logging_mixin.py:188} INFO - [2026-08-15T01:41:47.453+0000] {dag.py:3823} INFO - Setting next_dagrun for air_quality_ingestion to 2026-08-15 01:00:00+00:00, run_after=2026-08-15 02:00:00+00:00
[2026-08-15T01:41:47.471+0000] {processor.py:183} INFO - Processing /opt/airflow/dags/ingestion_dag.py took 0.155 seconds
[2026-08-15T01:42:17.911+0000] {processor.py:161} INFO - Started process (PID=56098) to work on /opt/airflow/dags/ingestion_dag.py
[2026-08-15T01:42:17.912+0000] {processor.py:830} INFO - Processing file /opt/airflow/dags/ingestion_dag.py for tasks to queue
[2026-08-15T01:42:17.913+0000] {logging_mixin.py:188} INFO - [2026-08-15T01:42:17.913+0000] {dagbag.py:538} INFO - Filling up the DagBag from /opt/airflow/dags/ingestion_dag.py
[2026-08-15T01:42:17.997+0000] {processor.py:840} INFO - DAG(s) 'air_quality_ingestion' retrieved from /opt/airflow/dags/ingestion_dag.py
[2026-08-15T01:42:18.014+0000] {logging_mixin.py:188} INFO - [2026-08-15T01:42:18.014+0000] {dag.py:3036} INFO - Sync 1 DAGs
[2026-08-15T01:42:18.030+0000] {logging_mixin.py:188} INFO - [2026-08-15T01:42:18.030+0000] {dag.py:3823} INFO - Setting next_dagrun for air_quality_ingestion to 2026-08-15 01:00:00+00:00, run_after=2026-08-15 02:00:00+00:00
[2026-08-15T01:42:18.046+0000] {processor.py:183} INFO - Processing /opt/airflow/dags/ingestion_dag.py took 0.137 seconds
[2026-08-15T01:42:48.349+0000] {processor.py:161} INFO - Started process (PID=56108) to work on /opt/airflow/dags/ingestion_dag.py
[2026-08-15T01:42:48.350+0000] {processor.py:830} INFO - Processing file /opt/airflow/dags/ingestion_dag.py for tasks to queue
[2026-08-15T01:42:48.351+0000] {logging_mixin.py:188} INFO - [2026-08-15T01:42:48.351+0000] {dagbag.py:538} INFO - Filling up the DagBag from /opt/airflow/dags/ingestion_dag.py
[2026-08-15T01:42:48.471+0000] {processor.py:840} INFO - DAG(s) 'air_quality_ingestion' retrieved from /opt/airflow/dags/ingestion_dag.py
[2026-08-15T01:42:48.499+0000] {logging_mixin.py:188} INFO - [2026-08-15T01:42:48.499+0000] {dag.py:3036} INFO - Sync 1 DAGs
[2026-08-15T01:42:48.523+0000] {logging_mixin.py:188} INFO - [2026-08-15T01:42:48.523+0000] {dag.py:3823} INFO - Setting next_dagrun for air_quality_ingestion to 2026-08-15 01:00:00+00:00, run_after=2026-08-15 02:00:00+00:00
[2026-08-15T01:42:48.544+0000] {processor.py:183} INFO - Processing /opt/airflow/dags/ingestion_dag.py took 0.197 seconds
[2026-08-15T01:43:18.800+0000] {processor.py:161} INFO - Started process (PID=56118) to work on /opt/airflow/dags/ingestion_dag.py
[2026-08-15T01:43:18.801+0000] {processor.py:830} INFO - Processing file /opt/airflow/dags/ingestion_dag.py for tasks to queue
[2026-08-15T01:43:18.802+0000] {logging_mixin.py:188} INFO - [2026-08-15T01:43:18.802+0000] {dagbag.py:538} INFO - Filling up the DagBag from /opt/airflow/dags/ingestion_dag.py
[2026-08-15T01:43:18.900+0000] {processor.py:840} INFO - DAG(s) 'air_quality_ingestion' retrieved from /opt/airflow/dags/ingestion_dag.py
[2026-08-15T01:43:18.924+0000] {logging_mixin.py:188} INFO - [2026-08-15T01:43:18.923+0000] {dag.py:3036} INFO - Sync 1 DAGs
[2026-08-15T01:43:18.946+0000] {logging_mixin.py:188} INFO - [2026-08-15T01:43:18.946+0000] {dag.py:3823} INFO - Setting next_dagrun for air_quality_ingestion to 2026-08-15 01:00:00+00:00, run_after=2026-08-15 02:00:00+00:00
[2026-08-15T01:43:18.966+0000] {processor.py:183} INFO - Processing /opt/airflow/dags/ingestion_dag.py took 0.168 seconds
[2026-08-15T01:43:49.270+0000] {processor.py:161} INFO - Started process (PID=56128) to work on /opt/airflow/dags/ingestion_dag.py
[2026-08-15T01:43:49.271+0000] {processor.py:830} INFO - Processing file /opt/airflow/dags/ingestion_dag.py for tasks to queue
[2026-08-15T01:43:49.272+0000] {logging_mixin.py:188} INFO - [2026-08-15T01:43:49.272+0000] {dagbag.py:538} INFO - Filling up the DagBag from /opt/airflow/dags/ingestion_dag.py
[2026-08-15T01:43:49.366+0000] {processor.py:840} INFO - DAG(s) 'air_quality_ingestion' retrieved from /opt/airflow/dags/ingestion_dag.py
[2026-08-15T01:43:49.384+0000] {logging_mixin.py:188} INFO - [2026-08-15T01:43:49.384+0000] {dag.py:3036} INFO - Sync 1 DAGs
[2026-08-15T01:43:49.401+0000] {logging_mixin.py:188} INFO - [2026-08-15T01:43:49.401+0000] {dag.py:3823} INFO - Setting next_dagrun for air_quality_ingestion to 2026-08-15 01:00:00+00:00, run_after=2026-08-15 02:00:00+00:00
[2026-08-15T01:43:49.419+0000] {processor.py:183} INFO - Processing /opt/airflow/dags/ingestion_dag.py took 0.151 seconds
[2026-08-15T01:44:19.754+0000] {processor.py:161} INFO - Started process (PID=56138) to work on /opt/airflow/dags/ingestion_dag.py
[2026-08-15T01:44:19.755+0000] {processor.py:830} INFO - Processing file /opt/airflow/dags/ingestion_dag.py for tasks to queue
[2026-08-15T01:44:19.757+0000] {logging_mixin.py:188} INFO - [2026-08-15T01:44:19.756+0000] {dagbag.py:538} INFO - Filling up the DagBag from /opt/airflow/dags/ingestion_dag.py
[2026-08-15T01:44:19.846+0000] {processor.py:840} INFO - DAG(s) 'air_quality_ingestion' retrieved from /opt/airflow/dags/ingestion_dag.py
[2026-08-15T01:44:19.865+0000] {logging_mixin.py:188} INFO - [2026-08-15T01:44:19.865+0000] {dag.py:3036} INFO - Sync 1 DAGs
[2026-08-15T01:44:19.883+0000] {logging_mixin.py:188} INFO - [2026-08-15T01:44:19.883+0000] {dag.py:3823} INFO - Setting next_dagrun for air_quality_ingestion to 2026-08-15 01:00:00+00:00, run_after=2026-08-15 02:00:00+00:00
[2026-08-15T01:44:19.901+0000] {processor.py:183} INFO - Processing /opt/airflow/dags/ingestion_dag.py took 0.150 seconds
[2026-08-15T01:44:50.207+0000] {processor.py:161} INFO - Started process (PID=56148) to work on /opt/airflow/dags/ingestion_dag.py
[2026-08-15T01:44:50.209+0000] {processor.py:830} INFO - Processing file /opt/airflow/dags/ingestion_dag.py for tasks to queue
[2026-08-15T01:44:50.210+0000] {logging_mixin.py:188} INFO - [2026-08-15T01:44:50.209+0000] {dagbag.py:538} INFO - Filling up the DagBag from /opt/airflow/dags/ingestion_dag.py
[2026-08-15T01:44:50.295+0000] {processor.py:840} INFO - DAG(s) 'air_quality_ingestion' retrieved from /opt/airflow/dags/ingestion_dag.py
[2026-08-15T01:44:50.316+0000] {logging_mixin.py:188} INFO - [2026-08-15T01:44:50.316+0000] {dag.py:3036} INFO - Sync 1 DAGs
[2026-08-15T01:44:50.337+0000] {logging_mixin.py:188} INFO - [2026-08-15T01:44:50.337+0000] {dag.py:3823} INFO - Setting next_dagrun for air_quality_ingestion to 2026-08-15 01:00:00+00:00, run_after=2026-08-15 02:00:00+00:00
[2026-08-15T01:44:50.358+0000] {processor.py:183} INFO - Processing /opt/airflow/dags/ingestion_dag.py took 0.154 seconds
[2026-08-15T01:45:20.674+0000] {processor.py:161} INFO - Started process (PID=56158) to work on /opt/airflow/dags/ingestion_dag.py
[2026-08-15T01:45:20.675+0000] {processor.py:830} INFO - Processing file /opt/airflow/dags/ingestion_dag.py for tasks to queue
[2026-08-15T01:45:20.676+0000] {logging_mixin.py:188} INFO - [2026-08-15T01:45:20.676+0000] {dagbag.py:538} INFO - Filling up the DagBag from /opt/airflow/dags/ingestion_dag.py
[2026-08-15T01:45:20.764+0000] {processor.py:840} INFO - DAG(s) 'air_quality_ingestion' retrieved from /opt/airflow/dags/ingestion_dag.py
[2026-08-15T01:45:20.785+0000] {logging_mixin.py:188} INFO - [2026-08-15T01:45:20.785+0000] {dag.py:3036} INFO - Sync 1 DAGs
[2026-08-15T01:45:20.803+0000] {logging_mixin.py:188} INFO - [2026-08-15T01:45:20.803+0000] {dag.py:3823} INFO - Setting next_dagrun for air_quality_ingestion to 2026-08-15 01:00:00+00:00, run_after=2026-08-15 02:00:00+00:00
[2026-08-15T01:45:20.821+0000] {processor.py:183} INFO - Processing /opt/airflow/dags/ingestion_dag.py took 0.149 seconds
[2026-08-15T01:45:51.125+0000] {processor.py:161} INFO - Started process (PID=56168) to work on /opt/airflow/dags/ingestion_dag.py
[2026-08-15T01:45:51.126+0000] {processor.py:830} INFO - Processing file /opt/airflow/dags/ingestion_dag.py for tasks to queue
[2026-08-15T01:45:51.127+0000] {logging_mixin.py:188} INFO - [2026-08-15T01:45:51.127+0000] {dagbag.py:538} INFO - Filling up the DagBag from /opt/airflow/dags/ingestion_dag.py
[2026-08-15T01:45:51.220+0000] {processor.py:840} INFO - DAG(s) 'air_quality_ingestion' retrieved from /opt/airflow/dags/ingestion_dag.py
[2026-08-15T01:45:51.245+0000] {logging_mixin.py:188} INFO - [2026-08-15T01:45:51.245+0000] {dag.py:3036} INFO - Sync 1 DAGs
[2026-08-15T01:45:51.270+0000] {logging_mixin.py:188} INFO - [2026-08-15T01:45:51.270+0000] {dag.py:3823} INFO - Setting next_dagrun for air_quality_ingestion to 2026-08-15 01:00:00+00:00, run_after=2026-08-15 02:00:00+00:00
[2026-08-15T01:45:51.296+0000] {processor.py:183} INFO - Processing /opt/airflow/dags/ingestion_dag.py took 0.174 seconds
[2026-08-15T01:46:21.619+0000] {processor.py:161} INFO - Started process (PID=56178) to work on /opt/airflow/dags/ingestion_dag.py
[2026-08-15T01:46:21.620+0000] {processor.py:830} INFO - Processing file /opt/airflow/dags/ingestion_dag.py for tasks to queue
[2026-08-15T01:46:21.621+0000] {logging_mixin.py:188} INFO - [2026-08-15T01:46:21.620+0000] {dagbag.py:538} INFO - Filling up the DagBag from /opt/airflow/dags/ingestion_dag.py
[2026-08-15T01:46:21.707+0000] {processor.py:840} INFO - DAG(s) 'air_quality_ingestion' retrieved from /opt/airflow/dags/ingestion_dag.py
[2026-08-15T01:46:21.727+0000] {logging_mixin.py:188} INFO - [2026-08-15T01:46:21.727+0000] {dag.py:3036} INFO - Sync 1 DAGs
[2026-08-15T01:46:21.744+0000] {logging_mixin.py:188} INFO - [2026-08-15T01:46:21.744+0000] {dag.py:3823} INFO - Setting next_dagrun for air_quality_ingestion to 2026-08-15 01:00:00+00:00, run_after=2026-08-15 02:00:00+00:00
[2026-08-15T01:46:21.761+0000] {processor.py:183} INFO - Processing /opt/airflow/dags/ingestion_dag.py took 0.144 seconds
[2026-08-15T01:46:52.140+0000] {processor.py:161} INFO - Started process (PID=56188) to work on /opt/airflow/dags/ingestion_dag.py
[2026-08-15T01:46:52.141+0000] {processor.py:830} INFO - Processing file /opt/airflow/dags/ingestion_dag.py for tasks to queue
[2026-08-15T01:46:52.142+0000] {logging_mixin.py:188} INFO - [2026-08-15T01:46:52.142+0000] {dagbag.py:538} INFO - Filling up the DagBag from /opt/airflow/dags/ingestion_dag.py
[2026-08-15T01:46:52.230+0000] {processor.py:840} INFO - DAG(s) 'air_quality_ingestion' retrieved from /opt/airflow/dags/ingestion_dag.py
[2026-08-15T01:46:52.250+0000] {logging_mixin.py:188} INFO - [2026-08-15T01:46:52.250+0000] {dag.py:3036} INFO - Sync 1 DAGs
[2026-08-15T01:46:52.272+0000] {logging_mixin.py:188} INFO - [2026-08-15T01:46:52.272+0000] {dag.py:3823} INFO - Setting next_dagrun for air_quality_ingestion to 2026-08-15 01:00:00+00:00, run_after=2026-08-15 02:00:00+00:00
[2026-08-15T01:46:52.290+0000] {processor.py:183} INFO - Processing /opt/airflow/dags/ingestion_dag.py took 0.153 seconds
[2026-08-15T01:47:22.705+0000] {processor.py:161} INFO - Started process (PID=56198) to work on /opt/airflow/dags/ingestion_dag.py
[2026-08-15T01:47:22.707+0000] {processor.py:830} INFO - Processing file /opt/airflow/dags/ingestion_dag.py for tasks to queue
[2026-08-15T01:47:22.708+0000] {logging_mixin.py:188} INFO - [2026-08-15T01:47:22.707+0000] {dagbag.py:538} INFO - Filling up the DagBag from /opt/airflow/dags/ingestion_dag.py
[2026-08-15T01:47:22.804+0000] {processor.py:840} INFO - DAG(s) 'air_quality_ingestion' retrieved from /opt/airflow/dags/ingestion_dag.py
[2026-08-15T01:47:22.829+0000] {logging_mixin.py:188} INFO - [2026-08-15T01:47:22.829+0000] {dag.py:3036} INFO - Sync 1 DAGs
[2026-08-15T01:47:22.852+0000] {logging_mixin.py:188} INFO - [2026-08-15T01:47:22.852+0000] {dag.py:3823} INFO - Setting next_dagrun for air_quality_ingestion to 2026-08-15 01:00:00+00:00, run_after=2026-08-15 02:00:00+00:00
[2026-08-15T01:47:22.870+0000] {processor.py:183} INFO - Processing /opt/airflow/dags/ingestion_dag.py took 0.168 seconds
[2026-08-15T01:47:53.347+0000] {processor.py:161} INFO - Started process (PID=56208) to work on /opt/airflow/dags/ingestion_dag.py
[2026-08-15T01:47:53.348+0000] {processor.py:830} INFO - Processing file /opt/airflow/dags/ingestion_dag.py for tasks to queue
[2026-08-15T01:47:53.350+0000] {logging_mixin.py:188} INFO - [2026-08-15T01:47:53.349+0000] {dagbag.py:538} INFO - Filling up the DagBag from /opt/airflow/dags/ingestion_dag.py
[2026-08-15T01:47:53.446+0000] {processor.py:840} INFO - DAG(s) 'air_quality_ingestion' retrieved from /opt/airflow/dags/ingestion_dag.py
[2026-08-15T01:47:53.463+0000] {logging_mixin.py:188} INFO - [2026-08-15T01:47:53.463+0000] {dag.py:3036} INFO - Sync 1 DAGs
[2026-08-15T01:47:53.482+0000] {logging_mixin.py:188} INFO - [2026-08-15T01:47:53.481+0000] {dag.py:3823} INFO - Setting next_dagrun for air_quality_ingestion to 2026-08-15 01:00:00+00:00, run_after=2026-08-15 02:00:00+00:00
[2026-08-15T01:47:53.503+0000] {processor.py:183} INFO - Processing /opt/airflow/dags/ingestion_dag.py took 0.160 seconds
[2026-08-15T01:48:23.812+0000] {processor.py:161} INFO - Started process (PID=56218) to work on /opt/airflow/dags/ingestion_dag.py
[2026-08-15T01:48:23.813+0000] {processor.py:830} INFO - Processing file /opt/airflow/dags/ingestion_dag.py for tasks to queue
[2026-08-15T01:48:23.814+0000] {logging_mixin.py:188} INFO - [2026-08-15T01:48:23.814+0000] {dagbag.py:538} INFO - Filling up the DagBag from /opt/airflow/dags/ingestion_dag.py
[2026-08-15T01:48:23.903+0000] {processor.py:840} INFO - DAG(s) 'air_quality_ingestion' retrieved from /opt/airflow/dags/ingestion_dag.py
[2026-08-15T01:48:23.921+0000] {logging_mixin.py:188} INFO - [2026-08-15T01:48:23.921+0000] {dag.py:3036} INFO - Sync 1 DAGs
[2026-08-15T01:48:23.938+0000] {logging_mixin.py:188} INFO - [2026-08-15T01:48:23.938+0000] {dag.py:3823} INFO - Setting next_dagrun for air_quality_ingestion to 2026-08-15 01:00:00+00:00, run_after=2026-08-15 02:00:00+00:00
[2026-08-15T01:48:23.954+0000] {processor.py:183} INFO - Processing /opt/airflow/dags/ingestion_dag.py took 0.144 seconds
[2026-08-15T01:48:54.310+0000] {processor.py:161} INFO - Started process (PID=56228) to work on /opt/airflow/dags/ingestion_dag.py
[2026-08-15T01:48:54.312+0000] {processor.py:830} INFO - Processing file /opt/airflow/dags/ingestion_dag.py for tasks to queue
[2026-08-15T01:48:54.313+0000] {logging_mixin.py:188} INFO - [2026-08-15T01:48:54.312+0000] {dagbag.py:538} INFO - Filling up the DagBag from /opt/airflow/dags/ingestion_dag.py
[2026-08-15T01:48:54.399+0000] {processor.py:840} INFO - DAG(s) 'air_quality_ingestion' retrieved from /opt/airflow/dags/ingestion_dag.py
[2026-08-15T01:48:54.418+0000] {logging_mixin.py:188} INFO - [2026-08-15T01:48:54.418+0000] {dag.py:3036} INFO - Sync 1 DAGs
[2026-08-15T01:48:54.436+0000] {logging_mixin.py:188} INFO - [2026-08-15T01:48:54.436+0000] {dag.py:3823} INFO - Setting next_dagrun for air_quality_ingestion to 2026-08-15 01:00:00+00:00, run_after=2026-08-15 02:00:00+00:00
[2026-08-15T01:48:54.453+0000] {processor.py:183} INFO - Processing /opt/airflow/dags/ingestion_dag.py took 0.145 seconds
[2026-08-15T01:49:24.768+0000] {processor.py:161} INFO - Started process (PID=56238) to work on /opt/airflow/dags/ingestion_dag.py
[2026-08-15T01:49:24.769+0000] {processor.py:830} INFO - Processing file /opt/airflow/dags/ingestion_dag.py for tasks to queue
[2026-08-15T01:49:24.770+0000] {logging_mixin.py:188} INFO - [2026-08-15T01:49:24.770+0000] {dagbag.py:538} INFO - Filling up the DagBag from /opt/airflow/dags/ingestion_dag.py
[2026-08-15T01:49:24.867+0000] {processor.py:840} INFO - DAG(s) 'air_quality_ingestion' retrieved from /opt/airflow/dags/ingestion_dag.py
[2026-08-15T01:49:24.885+0000] {logging_mixin.py:188} INFO - [2026-08-15T01:49:24.885+0000] {dag.py:3036} INFO - Sync 1 DAGs
[2026-08-15T01:49:24.903+0000] {logging_mixin.py:188} INFO - [2026-08-15T01:49:24.902+0000] {dag.py:3823} INFO - Setting next_dagrun for air_quality_ingestion to 2026-08-15 01:00:00+00:00, run_after=2026-08-15 02:00:00+00:00
[2026-08-15T01:49:24.919+0000] {processor.py:183} INFO - Processing /opt/airflow/dags/ingestion_dag.py took 0.154 seconds
[2026-08-15T01:49:55.331+0000] {processor.py:161} INFO - Started process (PID=56248) to work on /opt/airflow/dags/ingestion_dag.py
[2026-08-15T01:49:55.332+0000] {processor.py:830} INFO - Processing file /opt/airflow/dags/ingestion_dag.py for tasks to queue
[2026-08-15T01:49:55.334+0000] {logging_mixin.py:188} INFO - [2026-08-15T01:49:55.333+0000] {dagbag.py:538} INFO - Filling up the DagBag from /opt/airflow/dags/ingestion_dag.py
[2026-08-15T01:49:55.435+0000] {processor.py:840} INFO - DAG(s) 'air_quality_ingestion' retrieved from /opt/airflow/dags/ingestion_dag.py
[2026-08-15T01:49:55.454+0000] {logging_mixin.py:188} INFO - [2026-08-15T01:49:55.454+0000] {dag.py:3036} INFO - Sync 1 DAGs
[2026-08-15T01:49:55.471+0000] {logging_mixin.py:188} INFO - [2026-08-15T01:49:55.471+0000] {dag.py:3823} INFO - Setting next_dagrun for air_quality_ingestion to 2026-08-15 01:00:00+00:00, run_after=2026-08-15 02:00:00+00:00
[2026-08-15T01:49:55.490+0000] {processor.py:183} INFO - Processing /opt/airflow/dags/ingestion_dag.py took 0.163 seconds
[2026-08-15T01:50:25.844+0000] {processor.py:161} INFO - Started process (PID=56258) to work on /opt/airflow/dags/ingestion_dag.py
[2026-08-15T01:50:25.845+0000] {processor.py:830} INFO - Processing file /opt/airflow/dags/ingestion_dag.py for tasks to queue
[2026-08-15T01:50:25.846+0000] {logging_mixin.py:188} INFO - [2026-08-15T01:50:25.846+0000] {dagbag.py:538} INFO - Filling up the DagBag from /opt/airflow/dags/ingestion_dag.py
[2026-08-15T01:50:25.923+0000] {processor.py:840} INFO - DAG(s) 'air_quality_ingestion' retrieved from /opt/airflow/dags/ingestion_dag.py
[2026-08-15T01:50:25.941+0000] {logging_mixin.py:188} INFO - [2026-08-15T01:50:25.941+0000] {dag.py:3036} INFO - Sync 1 DAGs
[2026-08-15T01:50:25.957+0000] {logging_mixin.py:188} INFO - [2026-08-15T01:50:25.957+0000] {dag.py:3823} INFO - Setting next_dagrun for air_quality_ingestion to 2026-08-15 01:00:00+00:00, run_after=2026-08-15 02:00:00+00:00
[2026-08-15T01:50:25.971+0000] {processor.py:183} INFO - Processing /opt/airflow/dags/ingestion_dag.py took 0.130 seconds
[2026-08-15T01:50:56.399+0000] {processor.py:161} INFO - Started process (PID=56268) to work on /opt/airflow/dags/ingestion_dag.py
[2026-08-15T01:50:56.400+0000] {processor.py:830} INFO - Processing file /opt/airflow/dags/ingestion_dag.py for tasks to queue
[2026-08-15T01:50:56.401+0000] {logging_mixin.py:188} INFO - [2026-08-15T01:50:56.401+0000] {dagbag.py:538} INFO - Filling up the DagBag from /opt/airflow/dags/ingestion_dag.py
[2026-08-15T01:50:56.477+0000] {processor.py:840} INFO - DAG(s) 'air_quality_ingestion' retrieved from /opt/airflow/dags/ingestion_dag.py
[2026-08-15T01:50:56.494+0000] {logging_mixin.py:188} INFO - [2026-08-15T01:50:56.494+0000] {dag.py:3036} INFO - Sync 1 DAGs
[2026-08-15T01:50:56.512+0000] {logging_mixin.py:188} INFO - [2026-08-15T01:50:56.511+0000] {dag.py:3823} INFO - Setting next_dagrun for air_quality_ingestion to 2026-08-15 01:00:00+00:00, run_after=2026-08-15 02:00:00+00:00
[2026-08-15T01:50:56.529+0000] {processor.py:183} INFO - Processing /opt/airflow/dags/ingestion_dag.py took 0.133 seconds
[2026-08-15T01:51:26.883+0000] {processor.py:161} INFO - Started process (PID=56278) to work on /opt/airflow/dags/ingestion_dag.py
[2026-08-15T01:51:26.885+0000] {processor.py:830} INFO - Processing file /opt/airflow/dags/ingestion_dag.py for tasks to queue
[2026-08-15T01:51:26.886+0000] {logging_mixin.py:188} INFO - [2026-08-15T01:51:26.885+0000] {dagbag.py:538} INFO - Filling up the DagBag from /opt/airflow/dags/ingestion_dag.py
[2026-08-15T01:51:26.982+0000] {processor.py:840} INFO - DAG(s) 'air_quality_ingestion' retrieved from /opt/airflow/dags/ingestion_dag.py
[2026-08-15T01:51:27.002+0000] {logging_mixin.py:188} INFO - [2026-08-15T01:51:27.001+0000] {dag.py:3036} INFO - Sync 1 DAGs
[2026-08-15T01:51:27.019+0000] {logging_mixin.py:188} INFO - [2026-08-15T01:51:27.019+0000] {dag.py:3823} INFO - Setting next_dagrun for air_quality_ingestion to 2026-08-15 01:00:00+00:00, run_after=2026-08-15 02:00:00+00:00
[2026-08-15T01:51:27.034+0000] {processor.py:183} INFO - Processing /opt/airflow/dags/ingestion_dag.py took 0.153 seconds
[2026-08-15T01:51:57.407+0000] {processor.py:161} INFO - Started process (PID=56288) to work on /opt/airflow/dags/ingestion_dag.py
[2026-08-15T01:51:57.409+0000] {processor.py:830} INFO - Processing file /opt/airflow/dags/ingestion_dag.py for tasks to queue
[2026-08-15T01:51:57.410+0000] {logging_mixin.py:188} INFO - [2026-08-15T01:51:57.409+0000] {dagbag.py:538} INFO - Filling up the DagBag from /opt/airflow/dags/ingestion_dag.py
[2026-08-15T01:51:57.490+0000] {processor.py:840} INFO - DAG(s) 'air_quality_ingestion' retrieved from /opt/airflow/dags/ingestion_dag.py
[2026-08-15T01:51:57.508+0000] {logging_mixin.py:188} INFO - [2026-08-15T01:51:57.508+0000] {dag.py:3036} INFO - Sync 1 DAGs
[2026-08-15T01:51:57.524+0000] {logging_mixin.py:188} INFO - [2026-08-15T01:51:57.524+0000] {dag.py:3823} INFO - Setting next_dagrun for air_quality_ingestion to 2026-08-15 01:00:00+00:00, run_after=2026-08-15 02:00:00+00:00
[2026-08-15T01:51:57.540+0000] {processor.py:183} INFO - Processing /opt/airflow/dags/ingestion_dag.py took 0.135 seconds
[2026-08-15T01:52:27.947+0000] {processor.py:161} INFO - Started process (PID=56298) to work on /opt/airflow/dags/ingestion_dag.py
[2026-08-15T01:52:27.948+0000] {processor.py:830} INFO - Processing file /opt/airflow/dags/ingestion_dag.py for tasks to queue
[2026-08-15T01:52:27.949+0000] {logging_mixin.py:188} INFO - [2026-08-15T01:52:27.949+0000] {dagbag.py:538} INFO - Filling up the DagBag from /opt/airflow/dags/ingestion_dag.py
[2026-08-15T01:52:28.041+0000] {processor.py:840} INFO - DAG(s) 'air_quality_ingestion' retrieved from /opt/airflow/dags/ingestion_dag.py
[2026-08-15T01:52:28.059+0000] {logging_mixin.py:188} INFO - [2026-08-15T01:52:28.059+0000] {dag.py:3036} INFO - Sync 1 DAGs
[2026-08-15T01:52:28.078+0000] {logging_mixin.py:188} INFO - [2026-08-15T01:52:28.077+0000] {dag.py:3823} INFO - Setting next_dagrun for air_quality_ingestion to 2026-08-15 01:00:00+00:00, run_after=2026-08-15 02:00:00+00:00
[2026-08-15T01:52:28.095+0000] {processor.py:183} INFO - Processing /opt/airflow/dags/ingestion_dag.py took 0.151 seconds
[2026-08-15T01:52:58.424+0000] {processor.py:161} INFO - Started process (PID=56308) to work on /opt/airflow/dags/ingestion_dag.py
[2026-08-15T01:52:58.425+0000] {processor.py:830} INFO - Processing file /opt/airflow/dags/ingestion_dag.py for tasks to queue
[2026-08-15T01:52:58.426+0000] {logging_mixin.py:188} INFO - [2026-08-15T01:52:58.426+0000] {dagbag.py:538} INFO - Filling up the DagBag from /opt/airflow/dags/ingestion_dag.py
[2026-08-15T01:52:58.510+0000] {processor.py:840} INFO - DAG(s) 'air_quality_ingestion' retrieved from /opt/airflow/dags/ingestion_dag.py
[2026-08-15T01:52:58.528+0000] {logging_mixin.py:188} INFO - [2026-08-15T01:52:58.528+0000] {dag.py:3036} INFO - Sync 1 DAGs
[2026-08-15T01:52:58.546+0000] {logging_mixin.py:188} INFO - [2026-08-15T01:52:58.546+0000] {dag.py:3823} INFO - Setting next_dagrun for air_quality_ingestion to 2026-08-15 01:00:00+00:00, run_after=2026-08-15 02:00:00+00:00
[2026-08-15T01:52:58.565+0000] {processor.py:183} INFO - Processing /opt/airflow/dags/ingestion_dag.py took 0.145 seconds
[2026-08-15T01:53:28.917+0000] {processor.py:161} INFO - Started process (PID=56318) to work on /opt/airflow/dags/ingestion_dag.py
[2026-08-15T01:53:28.919+0000] {processor.py:830} INFO - Processing file /opt/airflow/dags/ingestion_dag.py for tasks to queue
[2026-08-15T01:53:28.920+0000] {logging_mixin.py:188} INFO - [2026-08-15T01:53:28.920+0000] {dagbag.py:538} INFO - Filling up the DagBag from /opt/airflow/dags/ingestion_dag.py
[2026-08-15T01:53:29.024+0000] {processor.py:840} INFO - DAG(s) 'air_quality_ingestion' retrieved from /opt/airflow/dags/ingestion_dag.py
[2026-08-15T01:53:29.045+0000] {logging_mixin.py:188} INFO - [2026-08-15T01:53:29.045+0000] {dag.py:3036} INFO - Sync 1 DAGs
[2026-08-15T01:53:29.065+0000] {logging_mixin.py:188} INFO - [2026-08-15T01:53:29.065+0000] {dag.py:3823} INFO - Setting next_dagrun for air_quality_ingestion to 2026-08-15 01:00:00+00:00, run_after=2026-08-15 02:00:00+00:00
[2026-08-15T01:53:29.087+0000] {processor.py:183} INFO - Processing /opt/airflow/dags/ingestion_dag.py took 0.175 seconds
[2026-08-15T01:53:59.436+0000] {processor.py:161} INFO - Started process (PID=56328) to work on /opt/airflow/dags/ingestion_dag.py
[2026-08-15T01:53:59.437+0000] {processor.py:830} INFO - Processing file /opt/airflow/dags/ingestion_dag.py for tasks to queue
[2026-08-15T01:53:59.439+0000] {logging_mixin.py:188} INFO - [2026-08-15T01:53:59.438+0000] {dagbag.py:538} INFO - Filling up the DagBag from /opt/airflow/dags/ingestion_dag.py
[2026-08-15T01:53:59.619+0000] {processor.py:840} INFO - DAG(s) 'air_quality_ingestion' retrieved from /opt/airflow/dags/ingestion_dag.py
[2026-08-15T01:53:59.641+0000] {logging_mixin.py:188} INFO - [2026-08-15T01:53:59.641+0000] {dag.py:3036} INFO - Sync 1 DAGs
[2026-08-15T01:53:59.659+0000] {logging_mixin.py:188} INFO - [2026-08-15T01:53:59.659+0000] {dag.py:3823} INFO - Setting next_dagrun for air_quality_ingestion to 2026-08-15 01:00:00+00:00, run_after=2026-08-15 02:00:00+00:00
[2026-08-15T01:53:59.677+0000] {processor.py:183} INFO - Processing /opt/airflow/dags/ingestion_dag.py took 0.245 seconds
[2026-08-15T01:54:30.129+0000] {processor.py:161} INFO - Started process (PID=56338) to work on /opt/airflow/dags/ingestion_dag.py
[2026-08-15T01:54:30.130+0000] {processor.py:830} INFO - Processing file /opt/airflow/dags/ingestion_dag.py for tasks to queue
[2026-08-15T01:54:30.132+0000] {logging_mixin.py:188} INFO - [2026-08-15T01:54:30.131+0000] {dagbag.py:538} INFO - Filling up the DagBag from /opt/airflow/dags/ingestion_dag.py
[2026-08-15T01:54:30.227+0000] {processor.py:840} INFO - DAG(s) 'air_quality_ingestion' retrieved from /opt/airflow/dags/ingestion_dag.py
[2026-08-15T01:54:30.251+0000] {logging_mixin.py:188} INFO - [2026-08-15T01:54:30.251+0000] {dag.py:3036} INFO - Sync 1 DAGs
[2026-08-15T01:54:30.271+0000] {logging_mixin.py:188} INFO - [2026-08-15T01:54:30.271+0000] {dag.py:3823} INFO - Setting next_dagrun for air_quality_ingestion to 2026-08-15 01:00:00+00:00, run_after=2026-08-15 02:00:00+00:00
[2026-08-15T01:54:30.286+0000] {processor.py:183} INFO - Processing /opt/airflow/dags/ingestion_dag.py took 0.161 seconds
[2026-08-15T01:55:00.523+0000] {processor.py:161} INFO - Started process (PID=56348) to work on /opt/airflow/dags/ingestion_dag.py
[2026-08-15T01:55:00.524+0000] {processor.py:830} INFO - Processing file /opt/airflow/dags/ingestion_dag.py for tasks to queue
[2026-08-15T01:55:00.525+0000] {logging_mixin.py:188} INFO - [2026-08-15T01:55:00.524+0000] {dagbag.py:538} INFO - Filling up the DagBag from /opt/airflow/dags/ingestion_dag.py
[2026-08-15T01:55:00.632+0000] {processor.py:840} INFO - DAG(s) 'air_quality_ingestion' retrieved from /opt/airflow/dags/ingestion_dag.py
[2026-08-15T01:55:00.654+0000] {logging_mixin.py:188} INFO - [2026-08-15T01:55:00.654+0000] {dag.py:3036} INFO - Sync 1 DAGs
[2026-08-15T01:55:00.677+0000] {logging_mixin.py:188} INFO - [2026-08-15T01:55:00.677+0000] {dag.py:3823} INFO - Setting next_dagrun for air_quality_ingestion to 2026-08-15 01:00:00+00:00, run_after=2026-08-15 02:00:00+00:00
[2026-08-15T01:55:00.703+0000] {processor.py:183} INFO - Processing /opt/airflow/dags/ingestion_dag.py took 0.183 seconds
[2026-08-15T01:55:31.038+0000] {processor.py:161} INFO - Started process (PID=56358) to work on /opt/airflow/dags/ingestion_dag.py
[2026-08-15T01:55:31.040+0000] {processor.py:830} INFO - Processing file /opt/airflow/dags/ingestion_dag.py for tasks to queue
[2026-08-15T01:55:31.041+0000] {logging_mixin.py:188} INFO - [2026-08-15T01:55:31.041+0000] {dagbag.py:538} INFO - Filling up the DagBag from /opt/airflow/dags/ingestion_dag.py
[2026-08-15T01:55:31.177+0000] {processor.py:840} INFO - DAG(s) 'air_quality_ingestion' retrieved from /opt/airflow/dags/ingestion_dag.py
[2026-08-15T01:55:31.209+0000] {logging_mixin.py:188} INFO - [2026-08-15T01:55:31.209+0000] {dag.py:3036} INFO - Sync 1 DAGs
[2026-08-15T01:55:31.244+0000] {logging_mixin.py:188} INFO - [2026-08-15T01:55:31.244+0000] {dag.py:3823} INFO - Setting next_dagrun for air_quality_ingestion to 2026-08-15 01:00:00+00:00, run_after=2026-08-15 02:00:00+00:00
[2026-08-15T01:55:31.277+0000] {processor.py:183} INFO - Processing /opt/airflow/dags/ingestion_dag.py took 0.242 seconds
[2026-08-15T01:56:01.773+0000] {processor.py:161} INFO - Started process (PID=56368) to work on /opt/airflow/dags/ingestion_dag.py
[2026-08-15T01:56:01.775+0000] {processor.py:830} INFO - Processing file /opt/airflow/dags/ingestion_dag.py for tasks to queue
[2026-08-15T01:56:01.777+0000] {logging_mixin.py:188} INFO - [2026-08-15T01:56:01.776+0000] {dagbag.py:538} INFO - Filling up the DagBag from /opt/airflow/dags/ingestion_dag.py
[2026-08-15T01:56:01.914+0000] {processor.py:840} INFO - DAG(s) 'air_quality_ingestion' retrieved from /opt/airflow/dags/ingestion_dag.py
[2026-08-15T01:56:01.942+0000] {logging_mixin.py:188} INFO - [2026-08-15T01:56:01.942+0000] {dag.py:3036} INFO - Sync 1 DAGs
[2026-08-15T01:56:01.970+0000] {logging_mixin.py:188} INFO - [2026-08-15T01:56:01.970+0000] {dag.py:3823} INFO - Setting next_dagrun for air_quality_ingestion to 2026-08-15 01:00:00+00:00, run_after=2026-08-15 02:00:00+00:00
[2026-08-15T01:56:02.000+0000] {processor.py:183} INFO - Processing /opt/airflow/dags/ingestion_dag.py took 0.230 seconds
[2026-08-15T01:56:32.485+0000] {processor.py:161} INFO - Started process (PID=56378) to work on /opt/airflow/dags/ingestion_dag.py
[2026-08-15T01:56:32.486+0000] {processor.py:830} INFO - Processing file /opt/airflow/dags/ingestion_dag.py for tasks to queue
[2026-08-15T01:56:32.487+0000] {logging_mixin.py:188} INFO - [2026-08-15T01:56:32.487+0000] {dagbag.py:538} INFO - Filling up the DagBag from /opt/airflow/dags/ingestion_dag.py
[2026-08-15T01:56:32.611+0000] {processor.py:840} INFO - DAG(s) 'air_quality_ingestion' retrieved from /opt/airflow/dags/ingestion_dag.py
[2026-08-15T01:56:32.639+0000] {logging_mixin.py:188} INFO - [2026-08-15T01:56:32.639+0000] {dag.py:3036} INFO - Sync 1 DAGs
[2026-08-15T01:56:32.663+0000] {logging_mixin.py:188} INFO - [2026-08-15T01:56:32.663+0000] {dag.py:3823} INFO - Setting next_dagrun for air_quality_ingestion to 2026-08-15 01:00:00+00:00, run_after=2026-08-15 02:00:00+00:00
[2026-08-15T01:56:32.688+0000] {processor.py:183} INFO - Processing /opt/airflow/dags/ingestion_dag.py took 0.206 seconds
[2026-08-15T01:57:03.302+0000] {processor.py:161} INFO - Started process (PID=56388) to work on /opt/airflow/dags/ingestion_dag.py
[2026-08-15T01:57:03.303+0000] {processor.py:830} INFO - Processing file /opt/airflow/dags/ingestion_dag.py for tasks to queue
[2026-08-15T01:57:03.304+0000] {logging_mixin.py:188} INFO - [2026-08-15T01:57:03.304+0000] {dagbag.py:538} INFO - Filling up the DagBag from /opt/airflow/dags/ingestion_dag.py
[2026-08-15T01:57:03.453+0000] {processor.py:840} INFO - DAG(s) 'air_quality_ingestion' retrieved from /opt/airflow/dags/ingestion_dag.py
[2026-08-15T01:57:03.495+0000] {logging_mixin.py:188} INFO - [2026-08-15T01:57:03.495+0000] {dag.py:3036} INFO - Sync 1 DAGs
[2026-08-15T01:57:03.531+0000] {logging_mixin.py:188} INFO - [2026-08-15T01:57:03.530+0000] {dag.py:3823} INFO - Setting next_dagrun for air_quality_ingestion to 2026-08-15 01:00:00+00:00, run_after=2026-08-15 02:00:00+00:00
[2026-08-15T01:57:03.565+0000] {processor.py:183} INFO - Processing /opt/airflow/dags/ingestion_dag.py took 0.266 seconds
[2026-08-15T01:57:33.875+0000] {processor.py:161} INFO - Started process (PID=56398) to work on /opt/airflow/dags/ingestion_dag.py
[2026-08-15T01:57:33.876+0000] {processor.py:830} INFO - Processing file /opt/airflow/dags/ingestion_dag.py for tasks to queue
[2026-08-15T01:57:33.878+0000] {logging_mixin.py:188} INFO - [2026-08-15T01:57:33.877+0000] {dagbag.py:538} INFO - Filling up the DagBag from /opt/airflow/dags/ingestion_dag.py
[2026-08-15T01:57:33.970+0000] {processor.py:840} INFO - DAG(s) 'air_quality_ingestion' retrieved from /opt/airflow/dags/ingestion_dag.py
[2026-08-15T01:57:33.990+0000] {logging_mixin.py:188} INFO - [2026-08-15T01:57:33.990+0000] {dag.py:3036} INFO - Sync 1 DAGs
[2026-08-15T01:57:34.012+0000] {logging_mixin.py:188} INFO - [2026-08-15T01:57:34.012+0000] {dag.py:3823} INFO - Setting next_dagrun for air_quality_ingestion to 2026-08-15 01:00:00+00:00, run_after=2026-08-15 02:00:00+00:00
[2026-08-15T01:57:34.034+0000] {processor.py:183} INFO - Processing /opt/airflow/dags/ingestion_dag.py took 0.161 seconds
[2026-08-15T01:58:04.322+0000] {processor.py:161} INFO - Started process (PID=56408) to work on /opt/airflow/dags/ingestion_dag.py
[2026-08-15T01:58:04.324+0000] {processor.py:830} INFO - Processing file /opt/airflow/dags/ingestion_dag.py for tasks to queue
[2026-08-15T01:58:04.325+0000] {logging_mixin.py:188} INFO - [2026-08-15T01:58:04.324+0000] {dagbag.py:538} INFO - Filling up the DagBag from /opt/airflow/dags/ingestion_dag.py
[2026-08-15T01:58:04.450+0000] {processor.py:840} INFO - DAG(s) 'air_quality_ingestion' retrieved from /opt/airflow/dags/ingestion_dag.py
[2026-08-15T01:58:04.478+0000] {logging_mixin.py:188} INFO - [2026-08-15T01:58:04.478+0000] {dag.py:3036} INFO - Sync 1 DAGs
[2026-08-15T01:58:04.507+0000] {logging_mixin.py:188} INFO - [2026-08-15T01:58:04.507+0000] {dag.py:3823} INFO - Setting next_dagrun for air_quality_ingestion to 2026-08-15 01:00:00+00:00, run_after=2026-08-15 02:00:00+00:00
[2026-08-15T01:58:04.535+0000] {processor.py:183} INFO - Processing /opt/airflow/dags/ingestion_dag.py took 0.217 seconds
[2026-08-15T01:58:34.908+0000] {processor.py:161} INFO - Started process (PID=56418) to work on /opt/airflow/dags/ingestion_dag.py
[2026-08-15T01:58:34.909+0000] {processor.py:830} INFO - Processing file /opt/airflow/dags/ingestion_dag.py for tasks to queue
[2026-08-15T01:58:34.910+0000] {logging_mixin.py:188} INFO - [2026-08-15T01:58:34.909+0000] {dagbag.py:538} INFO - Filling up the DagBag from /opt/airflow/dags/ingestion_dag.py
[2026-08-15T01:58:35.006+0000] {processor.py:840} INFO - DAG(s) 'air_quality_ingestion' retrieved from /opt/airflow/dags/ingestion_dag.py
[2026-08-15T01:58:35.028+0000] {logging_mixin.py:188} INFO - [2026-08-15T01:58:35.028+0000] {dag.py:3036} INFO - Sync 1 DAGs
[2026-08-15T01:58:35.048+0000] {logging_mixin.py:188} INFO - [2026-08-15T01:58:35.048+0000] {dag.py:3823} INFO - Setting next_dagrun for air_quality_ingestion to 2026-08-15 01:00:00+00:00, run_after=2026-08-15 02:00:00+00:00
[2026-08-15T01:58:35.069+0000] {processor.py:183} INFO - Processing /opt/airflow/dags/ingestion_dag.py took 0.164 seconds
[2026-08-15T01:59:05.328+0000] {processor.py:161} INFO - Started process (PID=56428) to work on /opt/airflow/dags/ingestion_dag.py
[2026-08-15T01:59:05.329+0000] {processor.py:830} INFO - Processing file /opt/airflow/dags/ingestion_dag.py for tasks to queue
[2026-08-15T01:59:05.332+0000] {logging_mixin.py:188} INFO - [2026-08-15T01:59:05.331+0000] {dagbag.py:538} INFO - Filling up the DagBag from /opt/airflow/dags/ingestion_dag.py
[2026-08-15T01:59:05.500+0000] {processor.py:840} INFO - DAG(s) 'air_quality_ingestion' retrieved from /opt/airflow/dags/ingestion_dag.py
[2026-08-15T01:59:05.540+0000] {logging_mixin.py:188} INFO - [2026-08-15T01:59:05.540+0000] {dag.py:3036} INFO - Sync 1 DAGs
[2026-08-15T01:59:05.575+0000] {logging_mixin.py:188} INFO - [2026-08-15T01:59:05.575+0000] {dag.py:3823} INFO - Setting next_dagrun for air_quality_ingestion to 2026-08-15 01:00:00+00:00, run_after=2026-08-15 02:00:00+00:00
[2026-08-15T01:59:05.613+0000] {processor.py:183} INFO - Processing /opt/airflow/dags/ingestion_dag.py took 0.289 seconds
[2026-08-15T01:59:36.095+0000] {processor.py:161} INFO - Started process (PID=56438) to work on /opt/airflow/dags/ingestion_dag.py
[2026-08-15T01:59:36.096+0000] {processor.py:830} INFO - Processing file /opt/airflow/dags/ingestion_dag.py for tasks to queue
[2026-08-15T01:59:36.098+0000] {logging_mixin.py:188} INFO - [2026-08-15T01:59:36.097+0000] {dagbag.py:538} INFO - Filling up the DagBag from /opt/airflow/dags/ingestion_dag.py
[2026-08-15T01:59:36.229+0000] {processor.py:840} INFO - DAG(s) 'air_quality_ingestion' retrieved from /opt/airflow/dags/ingestion_dag.py
[2026-08-15T01:59:36.256+0000] {logging_mixin.py:188} INFO - [2026-08-15T01:59:36.256+0000] {dag.py:3036} INFO - Sync 1 DAGs
[2026-08-15T01:59:36.287+0000] {logging_mixin.py:188} INFO - [2026-08-15T01:59:36.286+0000] {dag.py:3823} INFO - Setting next_dagrun for air_quality_ingestion to 2026-08-15 01:00:00+00:00, run_after=2026-08-15 02:00:00+00:00
[2026-08-15T01:59:36.317+0000] {processor.py:183} INFO - Processing /opt/airflow/dags/ingestion_dag.py took 0.227 seconds
[2026-08-15T02:00:06.840+0000] {processor.py:161} INFO - Started process (PID=56450) to work on /opt/airflow/dags/ingestion_dag.py
[2026-08-15T02:00:06.841+0000] {processor.py:830} INFO - Processing file /opt/airflow/dags/ingestion_dag.py for tasks to queue
[2026-08-15T02:00:06.847+0000] {logging_mixin.py:188} INFO - [2026-08-15T02:00:06.847+0000] {dagbag.py:538} INFO - Filling up the DagBag from /opt/airflow/dags/ingestion_dag.py
[2026-08-15T02:00:06.932+0000] {processor.py:840} INFO - DAG(s) 'air_quality_ingestion' retrieved from /opt/airflow/dags/ingestion_dag.py
[2026-08-15T02:00:06.955+0000] {logging_mixin.py:188} INFO - [2026-08-15T02:00:06.955+0000] {dag.py:3036} INFO - Sync 1 DAGs
[2026-08-15T02:00:06.977+0000] {logging_mixin.py:188} INFO - [2026-08-15T02:00:06.976+0000] {dag.py:3823} INFO - Setting next_dagrun for air_quality_ingestion to 2026-08-15 02:00:00+00:00, run_after=2026-08-15 03:00:00+00:00
[2026-08-15T02:00:06.996+0000] {processor.py:183} INFO - Processing /opt/airflow/dags/ingestion_dag.py took 0.158 seconds
[2026-08-15T02:00:37.293+0000] {processor.py:161} INFO - Started process (PID=56460) to work on /opt/airflow/dags/ingestion_dag.py
[2026-08-15T02:00:37.298+0000] {processor.py:830} INFO - Processing file /opt/airflow/dags/ingestion_dag.py for tasks to queue
[2026-08-15T02:00:37.300+0000] {logging_mixin.py:188} INFO - [2026-08-15T02:00:37.299+0000] {dagbag.py:538} INFO - Filling up the DagBag from /opt/airflow/dags/ingestion_dag.py
[2026-08-15T02:00:37.443+0000] {processor.py:840} INFO - DAG(s) 'air_quality_ingestion' retrieved from /opt/airflow/dags/ingestion_dag.py
[2026-08-15T02:00:37.473+0000] {logging_mixin.py:188} INFO - [2026-08-15T02:00:37.473+0000] {dag.py:3036} INFO - Sync 1 DAGs
[2026-08-15T02:00:37.506+0000] {logging_mixin.py:188} INFO - [2026-08-15T02:00:37.505+0000] {dag.py:3823} INFO - Setting next_dagrun for air_quality_ingestion to 2026-08-15 02:00:00+00:00, run_after=2026-08-15 03:00:00+00:00
[2026-08-15T02:00:37.546+0000] {processor.py:183} INFO - Processing /opt/airflow/dags/ingestion_dag.py took 0.256 seconds
[2026-08-15T02:01:07.825+0000] {processor.py:161} INFO - Started process (PID=56470) to work on /opt/airflow/dags/ingestion_dag.py
[2026-08-15T02:01:07.826+0000] {processor.py:830} INFO - Processing file /opt/airflow/dags/ingestion_dag.py for tasks to queue
[2026-08-15T02:01:07.827+0000] {logging_mixin.py:188} INFO - [2026-08-15T02:01:07.826+0000] {dagbag.py:538} INFO - Filling up the DagBag from /opt/airflow/dags/ingestion_dag.py
[2026-08-15T02:01:07.945+0000] {processor.py:840} INFO - DAG(s) 'air_quality_ingestion' retrieved from /opt/airflow/dags/ingestion_dag.py
[2026-08-15T02:01:07.967+0000] {logging_mixin.py:188} INFO - [2026-08-15T02:01:07.967+0000] {dag.py:3036} INFO - Sync 1 DAGs
[2026-08-15T02:01:07.991+0000] {logging_mixin.py:188} INFO - [2026-08-15T02:01:07.991+0000] {dag.py:3823} INFO - Setting next_dagrun for air_quality_ingestion to 2026-08-15 02:00:00+00:00, run_after=2026-08-15 03:00:00+00:00
[2026-08-15T02:01:08.018+0000] {processor.py:183} INFO - Processing /opt/airflow/dags/ingestion_dag.py took 0.199 seconds
[2026-08-15T02:01:38.387+0000] {processor.py:161} INFO - Started process (PID=56480) to work on /opt/airflow/dags/ingestion_dag.py
[2026-08-15T02:01:38.389+0000] {processor.py:830} INFO - Processing file /opt/airflow/dags/ingestion_dag.py for tasks to queue
[2026-08-15T02:01:38.391+0000] {logging_mixin.py:188} INFO - [2026-08-15T02:01:38.390+0000] {dagbag.py:538} INFO - Filling up the DagBag from /opt/airflow/dags/ingestion_dag.py
[2026-08-15T02:01:38.556+0000] {processor.py:840} INFO - DAG(s) 'air_quality_ingestion' retrieved from /opt/airflow/dags/ingestion_dag.py
[2026-08-15T02:01:38.586+0000] {logging_mixin.py:188} INFO - [2026-08-15T02:01:38.586+0000] {dag.py:3036} INFO - Sync 1 DAGs
[2026-08-15T02:01:38.615+0000] {logging_mixin.py:188} INFO - [2026-08-15T02:01:38.614+0000] {dag.py:3823} INFO - Setting next_dagrun for air_quality_ingestion to 2026-08-15 02:00:00+00:00, run_after=2026-08-15 03:00:00+00:00
[2026-08-15T02:01:38.639+0000] {processor.py:183} INFO - Processing /opt/airflow/dags/ingestion_dag.py took 0.256 seconds
[2026-08-15T02:02:08.754+0000] {processor.py:161} INFO - Started process (PID=56490) to work on /opt/airflow/dags/ingestion_dag.py
[2026-08-15T02:02:08.756+0000] {processor.py:830} INFO - Processing file /opt/airflow/dags/ingestion_dag.py for tasks to queue
[2026-08-15T02:02:08.762+0000] {logging_mixin.py:188} INFO - [2026-08-15T02:02:08.762+0000] {dagbag.py:538} INFO - Filling up the DagBag from /opt/airflow/dags/ingestion_dag.py
[2026-08-15T02:02:08.945+0000] {processor.py:840} INFO - DAG(s) 'air_quality_ingestion' retrieved from /opt/airflow/dags/ingestion_dag.py
[2026-08-15T02:02:08.979+0000] {logging_mixin.py:188} INFO - [2026-08-15T02:02:08.979+0000] {dag.py:3036} INFO - Sync 1 DAGs
[2026-08-15T02:02:09.013+0000] {logging_mixin.py:188} INFO - [2026-08-15T02:02:09.012+0000] {dag.py:3823} INFO - Setting next_dagrun for air_quality_ingestion to 2026-08-15 02:00:00+00:00, run_after=2026-08-15 03:00:00+00:00
[2026-08-15T02:02:09.048+0000] {processor.py:183} INFO - Processing /opt/airflow/dags/ingestion_dag.py took 0.300 seconds
[2026-08-15T02:02:39.470+0000] {processor.py:161} INFO - Started process (PID=56500) to work on /opt/airflow/dags/ingestion_dag.py
[2026-08-15T02:02:39.471+0000] {processor.py:830} INFO - Processing file /opt/airflow/dags/ingestion_dag.py for tasks to queue
[2026-08-15T02:02:39.472+0000] {logging_mixin.py:188} INFO - [2026-08-15T02:02:39.472+0000] {dagbag.py:538} INFO - Filling up the DagBag from /opt/airflow/dags/ingestion_dag.py
[2026-08-15T02:02:39.627+0000] {processor.py:840} INFO - DAG(s) 'air_quality_ingestion' retrieved from /opt/airflow/dags/ingestion_dag.py
[2026-08-15T02:02:39.663+0000] {logging_mixin.py:188} INFO - [2026-08-15T02:02:39.663+0000] {dag.py:3036} INFO - Sync 1 DAGs
[2026-08-15T02:02:39.697+0000] {logging_mixin.py:188} INFO - [2026-08-15T02:02:39.696+0000] {dag.py:3823} INFO - Setting next_dagrun for air_quality_ingestion to 2026-08-15 02:00:00+00:00, run_after=2026-08-15 03:00:00+00:00
[2026-08-15T02:02:39.737+0000] {processor.py:183} INFO - Processing /opt/airflow/dags/ingestion_dag.py took 0.271 seconds
[2026-08-15T02:03:10.464+0000] {processor.py:161} INFO - Started process (PID=56510) to work on /opt/airflow/dags/ingestion_dag.py
[2026-08-15T02:03:10.466+0000] {processor.py:830} INFO - Processing file /opt/airflow/dags/ingestion_dag.py for tasks to queue
[2026-08-15T02:03:10.468+0000] {logging_mixin.py:188} INFO - [2026-08-15T02:03:10.467+0000] {dagbag.py:538} INFO - Filling up the DagBag from /opt/airflow/dags/ingestion_dag.py
[2026-08-15T02:03:10.652+0000] {processor.py:840} INFO - DAG(s) 'air_quality_ingestion' retrieved from /opt/airflow/dags/ingestion_dag.py
[2026-08-15T02:03:10.752+0000] {logging_mixin.py:188} INFO - [2026-08-15T02:03:10.752+0000] {dag.py:3036} INFO - Sync 1 DAGs
[2026-08-15T02:03:10.823+0000] {logging_mixin.py:188} INFO - [2026-08-15T02:03:10.823+0000] {dag.py:3823} INFO - Setting next_dagrun for air_quality_ingestion to 2026-08-15 02:00:00+00:00, run_after=2026-08-15 03:00:00+00:00
[2026-08-15T02:03:10.875+0000] {processor.py:183} INFO - Processing /opt/airflow/dags/ingestion_dag.py took 0.419 seconds
[2026-08-15T02:03:40.991+0000] {processor.py:161} INFO - Started process (PID=56522) to work on /opt/airflow/dags/ingestion_dag.py
[2026-08-15T02:03:40.992+0000] {processor.py:830} INFO - Processing file /opt/airflow/dags/ingestion_dag.py for tasks to queue
[2026-08-15T02:03:40.994+0000] {logging_mixin.py:188} INFO - [2026-08-15T02:03:40.993+0000] {dagbag.py:538} INFO - Filling up the DagBag from /opt/airflow/dags/ingestion_dag.py
[2026-08-15T02:03:41.091+0000] {processor.py:840} INFO - DAG(s) 'air_quality_ingestion' retrieved from /opt/airflow/dags/ingestion_dag.py
[2026-08-15T02:03:41.122+0000] {logging_mixin.py:188} INFO - [2026-08-15T02:03:41.122+0000] {dag.py:3036} INFO - Sync 1 DAGs
[2026-08-15T02:03:41.151+0000] {logging_mixin.py:188} INFO - [2026-08-15T02:03:41.150+0000] {dag.py:3823} INFO - Setting next_dagrun for air_quality_ingestion to 2026-08-15 02:00:00+00:00, run_after=2026-08-15 03:00:00+00:00
[2026-08-15T02:03:41.202+0000] {processor.py:183} INFO - Processing /opt/airflow/dags/ingestion_dag.py took 0.216 seconds
[2026-08-15T02:04:11.431+0000] {processor.py:161} INFO - Started process (PID=56530) to work on /opt/airflow/dags/ingestion_dag.py
[2026-08-15T02:04:11.433+0000] {processor.py:830} INFO - Processing file /opt/airflow/dags/ingestion_dag.py for tasks to queue
[2026-08-15T02:04:11.435+0000] {logging_mixin.py:188} INFO - [2026-08-15T02:04:11.434+0000] {dagbag.py:538} INFO - Filling up the DagBag from /opt/airflow/dags/ingestion_dag.py
[2026-08-15T02:04:11.577+0000] {processor.py:840} INFO - DAG(s) 'air_quality_ingestion' retrieved from /opt/airflow/dags/ingestion_dag.py
[2026-08-15T02:04:11.606+0000] {logging_mixin.py:188} INFO - [2026-08-15T02:04:11.605+0000] {dag.py:3036} INFO - Sync 1 DAGs
[2026-08-15T02:04:11.631+0000] {logging_mixin.py:188} INFO - [2026-08-15T02:04:11.631+0000] {dag.py:3823} INFO - Setting next_dagrun for air_quality_ingestion to 2026-08-15 02:00:00+00:00, run_after=2026-08-15 03:00:00+00:00
[2026-08-15T02:04:11.663+0000] {processor.py:183} INFO - Processing /opt/airflow/dags/ingestion_dag.py took 0.237 seconds
[2026-08-15T02:04:41.975+0000] {processor.py:161} INFO - Started process (PID=56540) to work on /opt/airflow/dags/ingestion_dag.py
[2026-08-15T02:04:41.976+0000] {processor.py:830} INFO - Processing file /opt/airflow/dags/ingestion_dag.py for tasks to queue
[2026-08-15T02:04:41.978+0000] {logging_mixin.py:188} INFO - [2026-08-15T02:04:41.977+0000] {dagbag.py:538} INFO - Filling up the DagBag from /opt/airflow/dags/ingestion_dag.py
[2026-08-15T02:04:42.168+0000] {processor.py:840} INFO - DAG(s) 'air_quality_ingestion' retrieved from /opt/airflow/dags/ingestion_dag.py
[2026-08-15T02:04:42.205+0000] {logging_mixin.py:188} INFO - [2026-08-15T02:04:42.204+0000] {dag.py:3036} INFO - Sync 1 DAGs
[2026-08-15T02:04:42.240+0000] {logging_mixin.py:188} INFO - [2026-08-15T02:04:42.240+0000] {dag.py:3823} INFO - Setting next_dagrun for air_quality_ingestion to 2026-08-15 02:00:00+00:00, run_after=2026-08-15 03:00:00+00:00
[2026-08-15T02:04:42.274+0000] {processor.py:183} INFO - Processing /opt/airflow/dags/ingestion_dag.py took 0.302 seconds
[2026-08-15T02:05:12.500+0000] {processor.py:161} INFO - Started process (PID=56552) to work on /opt/airflow/dags/ingestion_dag.py
[2026-08-15T02:05:12.501+0000] {processor.py:830} INFO - Processing file /opt/airflow/dags/ingestion_dag.py for tasks to queue
[2026-08-15T02:05:12.502+0000] {logging_mixin.py:188} INFO - [2026-08-15T02:05:12.502+0000] {dagbag.py:538} INFO - Filling up the DagBag from /opt/airflow/dags/ingestion_dag.py
[2026-08-15T02:05:12.598+0000] {processor.py:840} INFO - DAG(s) 'air_quality_ingestion' retrieved from /opt/airflow/dags/ingestion_dag.py
[2026-08-15T02:05:12.617+0000] {logging_mixin.py:188} INFO - [2026-08-15T02:05:12.616+0000] {dag.py:3036} INFO - Sync 1 DAGs
[2026-08-15T02:05:12.635+0000] {logging_mixin.py:188} INFO - [2026-08-15T02:05:12.635+0000] {dag.py:3823} INFO - Setting next_dagrun for air_quality_ingestion to 2026-08-15 02:00:00+00:00, run_after=2026-08-15 03:00:00+00:00
[2026-08-15T02:05:12.650+0000] {processor.py:183} INFO - Processing /opt/airflow/dags/ingestion_dag.py took 0.153 seconds
[2026-08-15T02:05:43.007+0000] {processor.py:161} INFO - Started process (PID=56562) to work on /opt/airflow/dags/ingestion_dag.py
[2026-08-15T02:05:43.009+0000] {processor.py:830} INFO - Processing file /opt/airflow/dags/ingestion_dag.py for tasks to queue
[2026-08-15T02:05:43.010+0000] {logging_mixin.py:188} INFO - [2026-08-15T02:05:43.010+0000] {dagbag.py:538} INFO - Filling up the DagBag from /opt/airflow/dags/ingestion_dag.py
[2026-08-15T02:05:43.094+0000] {processor.py:840} INFO - DAG(s) 'air_quality_ingestion' retrieved from /opt/airflow/dags/ingestion_dag.py
[2026-08-15T02:05:43.112+0000] {logging_mixin.py:188} INFO - [2026-08-15T02:05:43.112+0000] {dag.py:3036} INFO - Sync 1 DAGs
[2026-08-15T02:05:43.129+0000] {logging_mixin.py:188} INFO - [2026-08-15T02:05:43.129+0000] {dag.py:3823} INFO - Setting next_dagrun for air_quality_ingestion to 2026-08-15 02:00:00+00:00, run_after=2026-08-15 03:00:00+00:00
[2026-08-15T02:05:43.146+0000] {processor.py:183} INFO - Processing /opt/airflow/dags/ingestion_dag.py took 0.141 seconds
[2026-08-15T02:06:13.455+0000] {processor.py:161} INFO - Started process (PID=56572) to work on /opt/airflow/dags/ingestion_dag.py
[2026-08-15T02:06:13.455+0000] {processor.py:830} INFO - Processing file /opt/airflow/dags/ingestion_dag.py for tasks to queue
[2026-08-15T02:06:13.456+0000] {logging_mixin.py:188} INFO - [2026-08-15T02:06:13.456+0000] {dagbag.py:538} INFO - Filling up the DagBag from /opt/airflow/dags/ingestion_dag.py
[2026-08-15T02:06:13.537+0000] {processor.py:840} INFO - DAG(s) 'air_quality_ingestion' retrieved from /opt/airflow/dags/ingestion_dag.py
[2026-08-15T02:06:13.559+0000] {logging_mixin.py:188} INFO - [2026-08-15T02:06:13.559+0000] {dag.py:3036} INFO - Sync 1 DAGs
[2026-08-15T02:06:13.579+0000] {logging_mixin.py:188} INFO - [2026-08-15T02:06:13.579+0000] {dag.py:3823} INFO - Setting next_dagrun for air_quality_ingestion to 2026-08-15 02:00:00+00:00, run_after=2026-08-15 03:00:00+00:00
[2026-08-15T02:06:13.595+0000] {processor.py:183} INFO - Processing /opt/airflow/dags/ingestion_dag.py took 0.143 seconds
[2026-08-15T02:06:43.920+0000] {processor.py:161} INFO - Started process (PID=56582) to work on /opt/airflow/dags/ingestion_dag.py
[2026-08-15T02:06:43.921+0000] {processor.py:830} INFO - Processing file /opt/airflow/dags/ingestion_dag.py for tasks to queue
[2026-08-15T02:06:43.922+0000] {logging_mixin.py:188} INFO - [2026-08-15T02:06:43.922+0000] {dagbag.py:538} INFO - Filling up the DagBag from /opt/airflow/dags/ingestion_dag.py
[2026-08-15T02:06:43.992+0000] {processor.py:840} INFO - DAG(s) 'air_quality_ingestion' retrieved from /opt/airflow/dags/ingestion_dag.py
[2026-08-15T02:06:44.011+0000] {logging_mixin.py:188} INFO - [2026-08-15T02:06:44.010+0000] {dag.py:3036} INFO - Sync 1 DAGs
[2026-08-15T02:06:44.028+0000] {logging_mixin.py:188} INFO - [2026-08-15T02:06:44.028+0000] {dag.py:3823} INFO - Setting next_dagrun for air_quality_ingestion to 2026-08-15 02:00:00+00:00, run_after=2026-08-15 03:00:00+00:00
[2026-08-15T02:06:44.044+0000] {processor.py:183} INFO - Processing /opt/airflow/dags/ingestion_dag.py took 0.127 seconds
[2026-08-15T02:07:14.418+0000] {processor.py:161} INFO - Started process (PID=56592) to work on /opt/airflow/dags/ingestion_dag.py
[2026-08-15T02:07:14.419+0000] {processor.py:830} INFO - Processing file /opt/airflow/dags/ingestion_dag.py for tasks to queue
[2026-08-15T02:07:14.420+0000] {logging_mixin.py:188} INFO - [2026-08-15T02:07:14.420+0000] {dagbag.py:538} INFO - Filling up the DagBag from /opt/airflow/dags/ingestion_dag.py
[2026-08-15T02:07:14.493+0000] {processor.py:840} INFO - DAG(s) 'air_quality_ingestion' retrieved from /opt/airflow/dags/ingestion_dag.py
[2026-08-15T02:07:14.515+0000] {logging_mixin.py:188} INFO - [2026-08-15T02:07:14.515+0000] {dag.py:3036} INFO - Sync 1 DAGs
[2026-08-15T02:07:14.537+0000] {logging_mixin.py:188} INFO - [2026-08-15T02:07:14.537+0000] {dag.py:3823} INFO - Setting next_dagrun for air_quality_ingestion to 2026-08-15 02:00:00+00:00, run_after=2026-08-15 03:00:00+00:00
[2026-08-15T02:07:14.560+0000] {processor.py:183} INFO - Processing /opt/airflow/dags/ingestion_dag.py took 0.144 seconds
[2026-08-15T02:07:45.017+0000] {processor.py:161} INFO - Started process (PID=56602) to work on /opt/airflow/dags/ingestion_dag.py
[2026-08-15T02:07:45.018+0000] {processor.py:830} INFO - Processing file /opt/airflow/dags/ingestion_dag.py for tasks to queue
[2026-08-15T02:07:45.018+0000] {logging_mixin.py:188} INFO - [2026-08-15T02:07:45.018+0000] {dagbag.py:538} INFO - Filling up the DagBag from /opt/airflow/dags/ingestion_dag.py
[2026-08-15T02:07:45.085+0000] {processor.py:840} INFO - DAG(s) 'air_quality_ingestion' retrieved from /opt/airflow/dags/ingestion_dag.py
[2026-08-15T02:07:45.102+0000] {logging_mixin.py:188} INFO - [2026-08-15T02:07:45.102+0000] {dag.py:3036} INFO - Sync 1 DAGs
[2026-08-15T02:07:45.120+0000] {logging_mixin.py:188} INFO - [2026-08-15T02:07:45.120+0000] {dag.py:3823} INFO - Setting next_dagrun for air_quality_ingestion to 2026-08-15 02:00:00+00:00, run_after=2026-08-15 03:00:00+00:00
[2026-08-15T02:07:45.136+0000] {processor.py:183} INFO - Processing /opt/airflow/dags/ingestion_dag.py took 0.122 seconds
[2026-08-15T02:08:15.562+0000] {processor.py:161} INFO - Started process (PID=56612) to work on /opt/airflow/dags/ingestion_dag.py
[2026-08-15T02:08:15.563+0000] {processor.py:830} INFO - Processing file /opt/airflow/dags/ingestion_dag.py for tasks to queue
[2026-08-15T02:08:15.564+0000] {logging_mixin.py:188} INFO - [2026-08-15T02:08:15.564+0000] {dagbag.py:538} INFO - Filling up the DagBag from /opt/airflow/dags/ingestion_dag.py
[2026-08-15T02:08:15.637+0000] {processor.py:840} INFO - DAG(s) 'air_quality_ingestion' retrieved from /opt/airflow/dags/ingestion_dag.py
[2026-08-15T02:08:15.657+0000] {logging_mixin.py:188} INFO - [2026-08-15T02:08:15.656+0000] {dag.py:3036} INFO - Sync 1 DAGs
[2026-08-15T02:08:15.673+0000] {logging_mixin.py:188} INFO - [2026-08-15T02:08:15.673+0000] {dag.py:3823} INFO - Setting next_dagrun for air_quality_ingestion to 2026-08-15 02:00:00+00:00, run_after=2026-08-15 03:00:00+00:00
[2026-08-15T02:08:15.690+0000] {processor.py:183} INFO - Processing /opt/airflow/dags/ingestion_dag.py took 0.131 seconds
[2026-08-15T02:08:46.152+0000] {processor.py:161} INFO - Started process (PID=56622) to work on /opt/airflow/dags/ingestion_dag.py
[2026-08-15T02:08:46.153+0000] {processor.py:830} INFO - Processing file /opt/airflow/dags/ingestion_dag.py for tasks to queue
[2026-08-15T02:08:46.154+0000] {logging_mixin.py:188} INFO - [2026-08-15T02:08:46.154+0000] {dagbag.py:538} INFO - Filling up the DagBag from /opt/airflow/dags/ingestion_dag.py
[2026-08-15T02:08:46.221+0000] {processor.py:840} INFO - DAG(s) 'air_quality_ingestion' retrieved from /opt/airflow/dags/ingestion_dag.py
[2026-08-15T02:08:46.240+0000] {logging_mixin.py:188} INFO - [2026-08-15T02:08:46.240+0000] {dag.py:3036} INFO - Sync 1 DAGs
[2026-08-15T02:08:46.256+0000] {logging_mixin.py:188} INFO - [2026-08-15T02:08:46.256+0000] {dag.py:3823} INFO - Setting next_dagrun for air_quality_ingestion to 2026-08-15 02:00:00+00:00, run_after=2026-08-15 03:00:00+00:00
[2026-08-15T02:08:46.272+0000] {processor.py:183} INFO - Processing /opt/airflow/dags/ingestion_dag.py took 0.122 seconds
[2026-08-15T02:09:16.721+0000] {processor.py:161} INFO - Started process (PID=56632) to work on /opt/airflow/dags/ingestion_dag.py
[2026-08-15T02:09:16.722+0000] {processor.py:830} INFO - Processing file /opt/airflow/dags/ingestion_dag.py for tasks to queue
[2026-08-15T02:09:16.723+0000] {logging_mixin.py:188} INFO - [2026-08-15T02:09:16.723+0000] {dagbag.py:538} INFO - Filling up the DagBag from /opt/airflow/dags/ingestion_dag.py
[2026-08-15T02:09:16.798+0000] {processor.py:840} INFO - DAG(s) 'air_quality_ingestion' retrieved from /opt/airflow/dags/ingestion_dag.py
[2026-08-15T02:09:16.816+0000] {logging_mixin.py:188} INFO - [2026-08-15T02:09:16.816+0000] {dag.py:3036} INFO - Sync 1 DAGs
[2026-08-15T02:09:16.836+0000] {logging_mixin.py:188} INFO - [2026-08-15T02:09:16.835+0000] {dag.py:3823} INFO - Setting next_dagrun for air_quality_ingestion to 2026-08-15 02:00:00+00:00, run_after=2026-08-15 03:00:00+00:00
[2026-08-15T02:09:16.852+0000] {processor.py:183} INFO - Processing /opt/airflow/dags/ingestion_dag.py took 0.134 seconds
[2026-08-15T02:09:47.219+0000] {processor.py:161} INFO - Started process (PID=56642) to work on /opt/airflow/dags/ingestion_dag.py
[2026-08-15T02:09:47.220+0000] {processor.py:830} INFO - Processing file /opt/airflow/dags/ingestion_dag.py for tasks to queue
[2026-08-15T02:09:47.222+0000] {logging_mixin.py:188} INFO - [2026-08-15T02:09:47.222+0000] {dagbag.py:538} INFO - Filling up the DagBag from /opt/airflow/dags/ingestion_dag.py
[2026-08-15T02:09:47.304+0000] {processor.py:840} INFO - DAG(s) 'air_quality_ingestion' retrieved from /opt/airflow/dags/ingestion_dag.py
[2026-08-15T02:09:47.324+0000] {logging_mixin.py:188} INFO - [2026-08-15T02:09:47.324+0000] {dag.py:3036} INFO - Sync 1 DAGs
[2026-08-15T02:09:47.345+0000] {logging_mixin.py:188} INFO - [2026-08-15T02:09:47.345+0000] {dag.py:3823} INFO - Setting next_dagrun for air_quality_ingestion to 2026-08-15 02:00:00+00:00, run_after=2026-08-15 03:00:00+00:00
[2026-08-15T02:09:47.364+0000] {processor.py:183} INFO - Processing /opt/airflow/dags/ingestion_dag.py took 0.148 seconds
[2026-08-15T02:10:17.705+0000] {processor.py:161} INFO - Started process (PID=56652) to work on /opt/airflow/dags/ingestion_dag.py
[2026-08-15T02:10:17.705+0000] {processor.py:830} INFO - Processing file /opt/airflow/dags/ingestion_dag.py for tasks to queue
[2026-08-15T02:10:17.706+0000] {logging_mixin.py:188} INFO - [2026-08-15T02:10:17.706+0000] {dagbag.py:538} INFO - Filling up the DagBag from /opt/airflow/dags/ingestion_dag.py
[2026-08-15T02:10:17.787+0000] {processor.py:840} INFO - DAG(s) 'air_quality_ingestion' retrieved from /opt/airflow/dags/ingestion_dag.py
[2026-08-15T02:10:17.804+0000] {logging_mixin.py:188} INFO - [2026-08-15T02:10:17.804+0000] {dag.py:3036} INFO - Sync 1 DAGs
[2026-08-15T02:10:17.821+0000] {logging_mixin.py:188} INFO - [2026-08-15T02:10:17.821+0000] {dag.py:3823} INFO - Setting next_dagrun for air_quality_ingestion to 2026-08-15 02:00:00+00:00, run_after=2026-08-15 03:00:00+00:00
[2026-08-15T02:10:17.836+0000] {processor.py:183} INFO - Processing /opt/airflow/dags/ingestion_dag.py took 0.134 seconds
[2026-08-15T02:10:48.250+0000] {processor.py:161} INFO - Started process (PID=56662) to work on /opt/airflow/dags/ingestion_dag.py
[2026-08-15T02:10:48.251+0000] {processor.py:830} INFO - Processing file /opt/airflow/dags/ingestion_dag.py for tasks to queue
[2026-08-15T02:10:48.252+0000] {logging_mixin.py:188} INFO - [2026-08-15T02:10:48.252+0000] {dagbag.py:538} INFO - Filling up the DagBag from /opt/airflow/dags/ingestion_dag.py
[2026-08-15T02:10:48.334+0000] {processor.py:840} INFO - DAG(s) 'air_quality_ingestion' retrieved from /opt/airflow/dags/ingestion_dag.py
[2026-08-15T02:10:48.355+0000] {logging_mixin.py:188} INFO - [2026-08-15T02:10:48.355+0000] {dag.py:3036} INFO - Sync 1 DAGs
[2026-08-15T02:10:48.374+0000] {logging_mixin.py:188} INFO - [2026-08-15T02:10:48.374+0000] {dag.py:3823} INFO - Setting next_dagrun for air_quality_ingestion to 2026-08-15 02:00:00+00:00, run_after=2026-08-15 03:00:00+00:00
[2026-08-15T02:10:48.398+0000] {processor.py:183} INFO - Processing /opt/airflow/dags/ingestion_dag.py took 0.151 seconds
[2026-08-15T02:11:18.641+0000] {processor.py:161} INFO - Started process (PID=56672) to work on /opt/airflow/dags/ingestion_dag.py
[2026-08-15T02:11:18.642+0000] {processor.py:830} INFO - Processing file /opt/airflow/dags/ingestion_dag.py for tasks to queue
[2026-08-15T02:11:18.643+0000] {logging_mixin.py:188} INFO - [2026-08-15T02:11:18.643+0000] {dagbag.py:538} INFO - Filling up the DagBag from /opt/airflow/dags/ingestion_dag.py
[2026-08-15T02:11:18.747+0000] {processor.py:840} INFO - DAG(s) 'air_quality_ingestion' retrieved from /opt/airflow/dags/ingestion_dag.py
[2026-08-15T02:11:18.774+0000] {logging_mixin.py:188} INFO - [2026-08-15T02:11:18.774+0000] {dag.py:3036} INFO - Sync 1 DAGs
[2026-08-15T02:11:18.796+0000] {logging_mixin.py:188} INFO - [2026-08-15T02:11:18.796+0000] {dag.py:3823} INFO - Setting next_dagrun for air_quality_ingestion to 2026-08-15 02:00:00+00:00, run_after=2026-08-15 03:00:00+00:00
[2026-08-15T02:11:18.819+0000] {processor.py:183} INFO - Processing /opt/airflow/dags/ingestion_dag.py took 0.181 seconds
[2026-08-15T02:11:49.243+0000] {processor.py:161} INFO - Started process (PID=56682) to work on /opt/airflow/dags/ingestion_dag.py
[2026-08-15T02:11:49.244+0000] {processor.py:830} INFO - Processing file /opt/airflow/dags/ingestion_dag.py for tasks to queue
[2026-08-15T02:11:49.245+0000] {logging_mixin.py:188} INFO - [2026-08-15T02:11:49.245+0000] {dagbag.py:538} INFO - Filling up the DagBag from /opt/airflow/dags/ingestion_dag.py
[2026-08-15T02:11:49.332+0000] {processor.py:840} INFO - DAG(s) 'air_quality_ingestion' retrieved from /opt/airflow/dags/ingestion_dag.py
[2026-08-15T02:11:49.352+0000] {logging_mixin.py:188} INFO - [2026-08-15T02:11:49.352+0000] {dag.py:3036} INFO - Sync 1 DAGs
[2026-08-15T02:11:49.374+0000] {logging_mixin.py:188} INFO - [2026-08-15T02:11:49.374+0000] {dag.py:3823} INFO - Setting next_dagrun for air_quality_ingestion to 2026-08-15 02:00:00+00:00, run_after=2026-08-15 03:00:00+00:00
[2026-08-15T02:11:49.390+0000] {processor.py:183} INFO - Processing /opt/airflow/dags/ingestion_dag.py took 0.150 seconds
[2026-08-15T02:12:19.768+0000] {processor.py:161} INFO - Started process (PID=56692) to work on /opt/airflow/dags/ingestion_dag.py
[2026-08-15T02:12:19.769+0000] {processor.py:830} INFO - Processing file /opt/airflow/dags/ingestion_dag.py for tasks to queue
[2026-08-15T02:12:19.770+0000] {logging_mixin.py:188} INFO - [2026-08-15T02:12:19.770+0000] {dagbag.py:538} INFO - Filling up the DagBag from /opt/airflow/dags/ingestion_dag.py
[2026-08-15T02:12:19.860+0000] {processor.py:840} INFO - DAG(s) 'air_quality_ingestion' retrieved from /opt/airflow/dags/ingestion_dag.py
[2026-08-15T02:12:19.883+0000] {logging_mixin.py:188} INFO - [2026-08-15T02:12:19.883+0000] {dag.py:3036} INFO - Sync 1 DAGs
[2026-08-15T02:12:19.906+0000] {logging_mixin.py:188} INFO - [2026-08-15T02:12:19.906+0000] {dag.py:3823} INFO - Setting next_dagrun for air_quality_ingestion to 2026-08-15 02:00:00+00:00, run_after=2026-08-15 03:00:00+00:00
[2026-08-15T02:12:19.932+0000] {processor.py:183} INFO - Processing /opt/airflow/dags/ingestion_dag.py took 0.168 seconds
[2026-08-15T02:12:50.322+0000] {processor.py:161} INFO - Started process (PID=56702) to work on /opt/airflow/dags/ingestion_dag.py
[2026-08-15T02:12:50.323+0000] {processor.py:830} INFO - Processing file /opt/airflow/dags/ingestion_dag.py for tasks to queue
[2026-08-15T02:12:50.324+0000] {logging_mixin.py:188} INFO - [2026-08-15T02:12:50.324+0000] {dagbag.py:538} INFO - Filling up the DagBag from /opt/airflow/dags/ingestion_dag.py
[2026-08-15T02:12:50.417+0000] {processor.py:840} INFO - DAG(s) 'air_quality_ingestion' retrieved from /opt/airflow/dags/ingestion_dag.py
[2026-08-15T02:12:50.445+0000] {logging_mixin.py:188} INFO - [2026-08-15T02:12:50.444+0000] {dag.py:3036} INFO - Sync 1 DAGs
[2026-08-15T02:12:50.471+0000] {logging_mixin.py:188} INFO - [2026-08-15T02:12:50.471+0000] {dag.py:3823} INFO - Setting next_dagrun for air_quality_ingestion to 2026-08-15 02:00:00+00:00, run_after=2026-08-15 03:00:00+00:00
[2026-08-15T02:12:50.503+0000] {processor.py:183} INFO - Processing /opt/airflow/dags/ingestion_dag.py took 0.185 seconds
[2026-08-15T02:13:20.732+0000] {processor.py:161} INFO - Started process (PID=56712) to work on /opt/airflow/dags/ingestion_dag.py
[2026-08-15T02:13:20.733+0000] {processor.py:830} INFO - Processing file /opt/airflow/dags/ingestion_dag.py for tasks to queue
[2026-08-15T02:13:20.734+0000] {logging_mixin.py:188} INFO - [2026-08-15T02:13:20.734+0000] {dagbag.py:538} INFO - Filling up the DagBag from /opt/airflow/dags/ingestion_dag.py
[2026-08-15T02:13:20.810+0000] {processor.py:840} INFO - DAG(s) 'air_quality_ingestion' retrieved from /opt/airflow/dags/ingestion_dag.py
[2026-08-15T02:13:20.826+0000] {logging_mixin.py:188} INFO - [2026-08-15T02:13:20.826+0000] {dag.py:3036} INFO - Sync 1 DAGs
[2026-08-15T02:13:20.845+0000] {logging_mixin.py:188} INFO - [2026-08-15T02:13:20.844+0000] {dag.py:3823} INFO - Setting next_dagrun for air_quality_ingestion to 2026-08-15 02:00:00+00:00, run_after=2026-08-15 03:00:00+00:00
[2026-08-15T02:13:20.860+0000] {processor.py:183} INFO - Processing /opt/airflow/dags/ingestion_dag.py took 0.131 seconds
[2026-08-15T02:13:51.151+0000] {processor.py:161} INFO - Started process (PID=56722) to work on /opt/airflow/dags/ingestion_dag.py
[2026-08-15T02:13:51.152+0000] {processor.py:830} INFO - Processing file /opt/airflow/dags/ingestion_dag.py for tasks to queue
[2026-08-15T02:13:51.153+0000] {logging_mixin.py:188} INFO - [2026-08-15T02:13:51.153+0000] {dagbag.py:538} INFO - Filling up the DagBag from /opt/airflow/dags/ingestion_dag.py
[2026-08-15T02:13:51.229+0000] {processor.py:840} INFO - DAG(s) 'air_quality_ingestion' retrieved from /opt/airflow/dags/ingestion_dag.py
[2026-08-15T02:13:51.254+0000] {logging_mixin.py:188} INFO - [2026-08-15T02:13:51.253+0000] {dag.py:3036} INFO - Sync 1 DAGs
[2026-08-15T02:13:51.274+0000] {logging_mixin.py:188} INFO - [2026-08-15T02:13:51.274+0000] {dag.py:3823} INFO - Setting next_dagrun for air_quality_ingestion to 2026-08-15 02:00:00+00:00, run_after=2026-08-15 03:00:00+00:00
[2026-08-15T02:13:51.298+0000] {processor.py:183} INFO - Processing /opt/airflow/dags/ingestion_dag.py took 0.149 seconds
[2026-08-15T02:14:21.583+0000] {processor.py:161} INFO - Started process (PID=56732) to work on /opt/airflow/dags/ingestion_dag.py
[2026-08-15T02:14:21.584+0000] {processor.py:830} INFO - Processing file /opt/airflow/dags/ingestion_dag.py for tasks to queue
[2026-08-15T02:14:21.586+0000] {logging_mixin.py:188} INFO - [2026-08-15T02:14:21.585+0000] {dagbag.py:538} INFO - Filling up the DagBag from /opt/airflow/dags/ingestion_dag.py
[2026-08-15T02:14:21.669+0000] {processor.py:840} INFO - DAG(s) 'air_quality_ingestion' retrieved from /opt/airflow/dags/ingestion_dag.py
[2026-08-15T02:14:21.689+0000] {logging_mixin.py:188} INFO - [2026-08-15T02:14:21.689+0000] {dag.py:3036} INFO - Sync 1 DAGs
[2026-08-15T02:14:21.707+0000] {logging_mixin.py:188} INFO - [2026-08-15T02:14:21.707+0000] {dag.py:3823} INFO - Setting next_dagrun for air_quality_ingestion to 2026-08-15 02:00:00+00:00, run_after=2026-08-15 03:00:00+00:00
[2026-08-15T02:14:21.723+0000] {processor.py:183} INFO - Processing /opt/airflow/dags/ingestion_dag.py took 0.143 seconds
[2026-08-15T02:14:51.990+0000] {processor.py:161} INFO - Started process (PID=56742) to work on /opt/airflow/dags/ingestion_dag.py
[2026-08-15T02:14:51.991+0000] {processor.py:830} INFO - Processing file /opt/airflow/dags/ingestion_dag.py for tasks to queue
[2026-08-15T02:14:51.992+0000] {logging_mixin.py:188} INFO - [2026-08-15T02:14:51.992+0000] {dagbag.py:538} INFO - Filling up the DagBag from /opt/airflow/dags/ingestion_dag.py
[2026-08-15T02:14:52.067+0000] {processor.py:840} INFO - DAG(s) 'air_quality_ingestion' retrieved from /opt/airflow/dags/ingestion_dag.py
[2026-08-15T02:14:52.086+0000] {logging_mixin.py:188} INFO - [2026-08-15T02:14:52.086+0000] {dag.py:3036} INFO - Sync 1 DAGs
[2026-08-15T02:14:52.104+0000] {logging_mixin.py:188} INFO - [2026-08-15T02:14:52.104+0000] {dag.py:3823} INFO - Setting next_dagrun for air_quality_ingestion to 2026-08-15 02:00:00+00:00, run_after=2026-08-15 03:00:00+00:00
[2026-08-15T02:14:52.119+0000] {processor.py:183} INFO - Processing /opt/airflow/dags/ingestion_dag.py took 0.131 seconds
[2026-08-15T02:15:22.379+0000] {processor.py:161} INFO - Started process (PID=56752) to work on /opt/airflow/dags/ingestion_dag.py
[2026-08-15T02:15:22.380+0000] {processor.py:830} INFO - Processing file /opt/airflow/dags/ingestion_dag.py for tasks to queue
[2026-08-15T02:15:22.381+0000] {logging_mixin.py:188} INFO - [2026-08-15T02:15:22.381+0000] {dagbag.py:538} INFO - Filling up the DagBag from /opt/airflow/dags/ingestion_dag.py
[2026-08-15T02:15:22.462+0000] {processor.py:840} INFO - DAG(s) 'air_quality_ingestion' retrieved from /opt/airflow/dags/ingestion_dag.py
[2026-08-15T02:15:22.483+0000] {logging_mixin.py:188} INFO - [2026-08-15T02:15:22.482+0000] {dag.py:3036} INFO - Sync 1 DAGs
[2026-08-15T02:15:22.501+0000] {logging_mixin.py:188} INFO - [2026-08-15T02:15:22.501+0000] {dag.py:3823} INFO - Setting next_dagrun for air_quality_ingestion to 2026-08-15 02:00:00+00:00, run_after=2026-08-15 03:00:00+00:00
[2026-08-15T02:15:22.518+0000] {processor.py:183} INFO - Processing /opt/airflow/dags/ingestion_dag.py took 0.143 seconds
[2026-08-15T02:15:52.855+0000] {processor.py:161} INFO - Started process (PID=56762) to work on /opt/airflow/dags/ingestion_dag.py
[2026-08-15T02:15:52.855+0000] {processor.py:830} INFO - Processing file /opt/airflow/dags/ingestion_dag.py for tasks to queue
[2026-08-15T02:15:52.856+0000] {logging_mixin.py:188} INFO - [2026-08-15T02:15:52.856+0000] {dagbag.py:538} INFO - Filling up the DagBag from /opt/airflow/dags/ingestion_dag.py
[2026-08-15T02:15:52.929+0000] {processor.py:840} INFO - DAG(s) 'air_quality_ingestion' retrieved from /opt/airflow/dags/ingestion_dag.py
[2026-08-15T02:15:52.945+0000] {logging_mixin.py:188} INFO - [2026-08-15T02:15:52.944+0000] {dag.py:3036} INFO - Sync 1 DAGs
[2026-08-15T02:15:52.961+0000] {logging_mixin.py:188} INFO - [2026-08-15T02:15:52.961+0000] {dag.py:3823} INFO - Setting next_dagrun for air_quality_ingestion to 2026-08-15 02:00:00+00:00, run_after=2026-08-15 03:00:00+00:00
[2026-08-15T02:15:52.976+0000] {processor.py:183} INFO - Processing /opt/airflow/dags/ingestion_dag.py took 0.124 seconds
[2026-08-15T02:16:23.356+0000] {processor.py:161} INFO - Started process (PID=56772) to work on /opt/airflow/dags/ingestion_dag.py
[2026-08-15T02:16:23.357+0000] {processor.py:830} INFO - Processing file /opt/airflow/dags/ingestion_dag.py for tasks to queue
[2026-08-15T02:16:23.358+0000] {logging_mixin.py:188} INFO - [2026-08-15T02:16:23.357+0000] {dagbag.py:538} INFO - Filling up the DagBag from /opt/airflow/dags/ingestion_dag.py
[2026-08-15T02:16:23.425+0000] {processor.py:840} INFO - DAG(s) 'air_quality_ingestion' retrieved from /opt/airflow/dags/ingestion_dag.py
[2026-08-15T02:16:23.443+0000] {logging_mixin.py:188} INFO - [2026-08-15T02:16:23.443+0000] {dag.py:3036} INFO - Sync 1 DAGs
[2026-08-15T02:16:23.465+0000] {logging_mixin.py:188} INFO - [2026-08-15T02:16:23.465+0000] {dag.py:3823} INFO - Setting next_dagrun for air_quality_ingestion to 2026-08-15 02:00:00+00:00, run_after=2026-08-15 03:00:00+00:00
[2026-08-15T02:16:23.480+0000] {processor.py:183} INFO - Processing /opt/airflow/dags/ingestion_dag.py took 0.127 seconds
[2026-08-15T02:16:53.864+0000] {processor.py:161} INFO - Started process (PID=56782) to work on /opt/airflow/dags/ingestion_dag.py
[2026-08-15T02:16:53.866+0000] {processor.py:830} INFO - Processing file /opt/airflow/dags/ingestion_dag.py for tasks to queue
[2026-08-15T02:16:53.867+0000] {logging_mixin.py:188} INFO - [2026-08-15T02:16:53.866+0000] {dagbag.py:538} INFO - Filling up the DagBag from /opt/airflow/dags/ingestion_dag.py
[2026-08-15T02:16:53.953+0000] {processor.py:840} INFO - DAG(s) 'air_quality_ingestion' retrieved from /opt/airflow/dags/ingestion_dag.py
[2026-08-15T02:16:53.974+0000] {logging_mixin.py:188} INFO - [2026-08-15T02:16:53.973+0000] {dag.py:3036} INFO - Sync 1 DAGs
[2026-08-15T02:16:53.991+0000] {logging_mixin.py:188} INFO - [2026-08-15T02:16:53.990+0000] {dag.py:3823} INFO - Setting next_dagrun for air_quality_ingestion to 2026-08-15 02:00:00+00:00, run_after=2026-08-15 03:00:00+00:00
[2026-08-15T02:16:54.006+0000] {processor.py:183} INFO - Processing /opt/airflow/dags/ingestion_dag.py took 0.145 seconds
[2026-08-15T02:17:24.423+0000] {processor.py:161} INFO - Started process (PID=56792) to work on /opt/airflow/dags/ingestion_dag.py
[2026-08-15T02:17:24.424+0000] {processor.py:830} INFO - Processing file /opt/airflow/dags/ingestion_dag.py for tasks to queue
[2026-08-15T02:17:24.425+0000] {logging_mixin.py:188} INFO - [2026-08-15T02:17:24.425+0000] {dagbag.py:538} INFO - Filling up the DagBag from /opt/airflow/dags/ingestion_dag.py
[2026-08-15T02:17:24.516+0000] {processor.py:840} INFO - DAG(s) 'air_quality_ingestion' retrieved from /opt/airflow/dags/ingestion_dag.py
[2026-08-15T02:17:24.540+0000] {logging_mixin.py:188} INFO - [2026-08-15T02:17:24.539+0000] {dag.py:3036} INFO - Sync 1 DAGs
[2026-08-15T02:17:24.559+0000] {logging_mixin.py:188} INFO - [2026-08-15T02:17:24.558+0000] {dag.py:3823} INFO - Setting next_dagrun for air_quality_ingestion to 2026-08-15 02:00:00+00:00, run_after=2026-08-15 03:00:00+00:00
[2026-08-15T02:17:24.576+0000] {processor.py:183} INFO - Processing /opt/airflow/dags/ingestion_dag.py took 0.156 seconds
[2026-08-15T02:17:55.012+0000] {processor.py:161} INFO - Started process (PID=56802) to work on /opt/airflow/dags/ingestion_dag.py
[2026-08-15T02:17:55.013+0000] {processor.py:830} INFO - Processing file /opt/airflow/dags/ingestion_dag.py for tasks to queue
[2026-08-15T02:17:55.018+0000] {logging_mixin.py:188} INFO - [2026-08-15T02:17:55.018+0000] {dagbag.py:538} INFO - Filling up the DagBag from /opt/airflow/dags/ingestion_dag.py
[2026-08-15T02:17:55.114+0000] {processor.py:840} INFO - DAG(s) 'air_quality_ingestion' retrieved from /opt/airflow/dags/ingestion_dag.py
[2026-08-15T02:17:55.133+0000] {logging_mixin.py:188} INFO - [2026-08-15T02:17:55.133+0000] {dag.py:3036} INFO - Sync 1 DAGs
[2026-08-15T02:17:55.157+0000] {logging_mixin.py:188} INFO - [2026-08-15T02:17:55.157+0000] {dag.py:3823} INFO - Setting next_dagrun for air_quality_ingestion to 2026-08-15 02:00:00+00:00, run_after=2026-08-15 03:00:00+00:00
[2026-08-15T02:17:55.177+0000] {processor.py:183} INFO - Processing /opt/airflow/dags/ingestion_dag.py took 0.168 seconds
[2026-08-15T02:18:25.493+0000] {processor.py:161} INFO - Started process (PID=56812) to work on /opt/airflow/dags/ingestion_dag.py
[2026-08-15T02:18:25.494+0000] {processor.py:830} INFO - Processing file /opt/airflow/dags/ingestion_dag.py for tasks to queue
[2026-08-15T02:18:25.495+0000] {logging_mixin.py:188} INFO - [2026-08-15T02:18:25.495+0000] {dagbag.py:538} INFO - Filling up the DagBag from /opt/airflow/dags/ingestion_dag.py
[2026-08-15T02:18:25.597+0000] {processor.py:840} INFO - DAG(s) 'air_quality_ingestion' retrieved from /opt/airflow/dags/ingestion_dag.py
[2026-08-15T02:18:25.618+0000] {logging_mixin.py:188} INFO - [2026-08-15T02:18:25.617+0000] {dag.py:3036} INFO - Sync 1 DAGs
[2026-08-15T02:18:25.639+0000] {logging_mixin.py:188} INFO - [2026-08-15T02:18:25.638+0000] {dag.py:3823} INFO - Setting next_dagrun for air_quality_ingestion to 2026-08-15 02:00:00+00:00, run_after=2026-08-15 03:00:00+00:00
[2026-08-15T02:18:25.660+0000] {processor.py:183} INFO - Processing /opt/airflow/dags/ingestion_dag.py took 0.170 seconds
[2026-08-15T02:18:55.918+0000] {processor.py:161} INFO - Started process (PID=56822) to work on /opt/airflow/dags/ingestion_dag.py
[2026-08-15T02:18:55.919+0000] {processor.py:830} INFO - Processing file /opt/airflow/dags/ingestion_dag.py for tasks to queue
[2026-08-15T02:18:55.920+0000] {logging_mixin.py:188} INFO - [2026-08-15T02:18:55.920+0000] {dagbag.py:538} INFO - Filling up the DagBag from /opt/airflow/dags/ingestion_dag.py
[2026-08-15T02:18:56.022+0000] {processor.py:840} INFO - DAG(s) 'air_quality_ingestion' retrieved from /opt/airflow/dags/ingestion_dag.py
[2026-08-15T02:18:56.045+0000] {logging_mixin.py:188} INFO - [2026-08-15T02:18:56.044+0000] {dag.py:3036} INFO - Sync 1 DAGs
[2026-08-15T02:18:56.066+0000] {logging_mixin.py:188} INFO - [2026-08-15T02:18:56.066+0000] {dag.py:3823} INFO - Setting next_dagrun for air_quality_ingestion to 2026-08-15 02:00:00+00:00, run_after=2026-08-15 03:00:00+00:00
[2026-08-15T02:18:56.086+0000] {processor.py:183} INFO - Processing /opt/airflow/dags/ingestion_dag.py took 0.171 seconds
[2026-08-15T02:19:26.342+0000] {processor.py:161} INFO - Started process (PID=56832) to work on /opt/airflow/dags/ingestion_dag.py
[2026-08-15T02:19:26.343+0000] {processor.py:830} INFO - Processing file /opt/airflow/dags/ingestion_dag.py for tasks to queue
[2026-08-15T02:19:26.345+0000] {logging_mixin.py:188} INFO - [2026-08-15T02:19:26.344+0000] {dagbag.py:538} INFO - Filling up the DagBag from /opt/airflow/dags/ingestion_dag.py
[2026-08-15T02:19:26.458+0000] {processor.py:840} INFO - DAG(s) 'air_quality_ingestion' retrieved from /opt/airflow/dags/ingestion_dag.py
[2026-08-15T02:19:26.486+0000] {logging_mixin.py:188} INFO - [2026-08-15T02:19:26.486+0000] {dag.py:3036} INFO - Sync 1 DAGs
[2026-08-15T02:19:26.520+0000] {logging_mixin.py:188} INFO - [2026-08-15T02:19:26.520+0000] {dag.py:3823} INFO - Setting next_dagrun for air_quality_ingestion to 2026-08-15 02:00:00+00:00, run_after=2026-08-15 03:00:00+00:00
[2026-08-15T02:19:26.554+0000] {processor.py:183} INFO - Processing /opt/airflow/dags/ingestion_dag.py took 0.214 seconds
[2026-08-15T02:19:57.047+0000] {processor.py:161} INFO - Started process (PID=56842) to work on /opt/airflow/dags/ingestion_dag.py
[2026-08-15T02:19:57.049+0000] {processor.py:830} INFO - Processing file /opt/airflow/dags/ingestion_dag.py for tasks to queue
[2026-08-15T02:19:57.051+0000] {logging_mixin.py:188} INFO - [2026-08-15T02:19:57.050+0000] {dagbag.py:538} INFO - Filling up the DagBag from /opt/airflow/dags/ingestion_dag.py
[2026-08-15T02:19:57.194+0000] {processor.py:840} INFO - DAG(s) 'air_quality_ingestion' retrieved from /opt/airflow/dags/ingestion_dag.py
[2026-08-15T02:19:57.229+0000] {logging_mixin.py:188} INFO - [2026-08-15T02:19:57.228+0000] {dag.py:3036} INFO - Sync 1 DAGs
[2026-08-15T02:19:57.266+0000] {logging_mixin.py:188} INFO - [2026-08-15T02:19:57.266+0000] {dag.py:3823} INFO - Setting next_dagrun for air_quality_ingestion to 2026-08-15 02:00:00+00:00, run_after=2026-08-15 03:00:00+00:00
[2026-08-15T02:19:57.303+0000] {processor.py:183} INFO - Processing /opt/airflow/dags/ingestion_dag.py took 0.261 seconds
[2026-08-15T02:20:27.787+0000] {processor.py:161} INFO - Started process (PID=56852) to work on /opt/airflow/dags/ingestion_dag.py
[2026-08-15T02:20:27.789+0000] {processor.py:830} INFO - Processing file /opt/airflow/dags/ingestion_dag.py for tasks to queue
[2026-08-15T02:20:27.791+0000] {logging_mixin.py:188} INFO - [2026-08-15T02:20:27.790+0000] {dagbag.py:538} INFO - Filling up the DagBag from /opt/airflow/dags/ingestion_dag.py
[2026-08-15T02:20:27.920+0000] {processor.py:840} INFO - DAG(s) 'air_quality_ingestion' retrieved from /opt/airflow/dags/ingestion_dag.py
[2026-08-15T02:20:27.960+0000] {logging_mixin.py:188} INFO - [2026-08-15T02:20:27.960+0000] {dag.py:3036} INFO - Sync 1 DAGs
[2026-08-15T02:20:28.013+0000] {logging_mixin.py:188} INFO - [2026-08-15T02:20:28.012+0000] {dag.py:3823} INFO - Setting next_dagrun for air_quality_ingestion to 2026-08-15 02:00:00+00:00, run_after=2026-08-15 03:00:00+00:00
[2026-08-15T02:20:28.045+0000] {processor.py:183} INFO - Processing /opt/airflow/dags/ingestion_dag.py took 0.263 seconds
[2026-08-15T02:20:58.594+0000] {processor.py:161} INFO - Started process (PID=56862) to work on /opt/airflow/dags/ingestion_dag.py
[2026-08-15T02:20:58.596+0000] {processor.py:830} INFO - Processing file /opt/airflow/dags/ingestion_dag.py for tasks to queue
[2026-08-15T02:20:58.598+0000] {logging_mixin.py:188} INFO - [2026-08-15T02:20:58.597+0000] {dagbag.py:538} INFO - Filling up the DagBag from /opt/airflow/dags/ingestion_dag.py
[2026-08-15T02:20:58.724+0000] {processor.py:840} INFO - DAG(s) 'air_quality_ingestion' retrieved from /opt/airflow/dags/ingestion_dag.py
[2026-08-15T02:20:58.752+0000] {logging_mixin.py:188} INFO - [2026-08-15T02:20:58.752+0000] {dag.py:3036} INFO - Sync 1 DAGs
[2026-08-15T02:20:58.782+0000] {logging_mixin.py:188} INFO - [2026-08-15T02:20:58.781+0000] {dag.py:3823} INFO - Setting next_dagrun for air_quality_ingestion to 2026-08-15 02:00:00+00:00, run_after=2026-08-15 03:00:00+00:00
[2026-08-15T02:20:58.803+0000] {processor.py:183} INFO - Processing /opt/airflow/dags/ingestion_dag.py took 0.213 seconds
[2026-08-15T02:21:29.068+0000] {processor.py:161} INFO - Started process (PID=56872) to work on /opt/airflow/dags/ingestion_dag.py
[2026-08-15T02:21:29.070+0000] {processor.py:830} INFO - Processing file /opt/airflow/dags/ingestion_dag.py for tasks to queue
[2026-08-15T02:21:29.071+0000] {logging_mixin.py:188} INFO - [2026-08-15T02:21:29.071+0000] {dagbag.py:538} INFO - Filling up the DagBag from /opt/airflow/dags/ingestion_dag.py
[2026-08-15T02:21:29.166+0000] {processor.py:840} INFO - DAG(s) 'air_quality_ingestion' retrieved from /opt/airflow/dags/ingestion_dag.py
[2026-08-15T02:21:29.191+0000] {logging_mixin.py:188} INFO - [2026-08-15T02:21:29.190+0000] {dag.py:3036} INFO - Sync 1 DAGs
[2026-08-15T02:21:29.214+0000] {logging_mixin.py:188} INFO - [2026-08-15T02:21:29.213+0000] {dag.py:3823} INFO - Setting next_dagrun for air_quality_ingestion to 2026-08-15 02:00:00+00:00, run_after=2026-08-15 03:00:00+00:00
[2026-08-15T02:21:29.236+0000] {processor.py:183} INFO - Processing /opt/airflow/dags/ingestion_dag.py took 0.171 seconds
[2026-08-15T02:21:59.542+0000] {processor.py:161} INFO - Started process (PID=56882) to work on /opt/airflow/dags/ingestion_dag.py
[2026-08-15T02:21:59.543+0000] {processor.py:830} INFO - Processing file /opt/airflow/dags/ingestion_dag.py for tasks to queue
[2026-08-15T02:21:59.544+0000] {logging_mixin.py:188} INFO - [2026-08-15T02:21:59.544+0000] {dagbag.py:538} INFO - Filling up the DagBag from /opt/airflow/dags/ingestion_dag.py
[2026-08-15T02:21:59.621+0000] {processor.py:840} INFO - DAG(s) 'air_quality_ingestion' retrieved from /opt/airflow/dags/ingestion_dag.py
[2026-08-15T02:21:59.641+0000] {logging_mixin.py:188} INFO - [2026-08-15T02:21:59.640+0000] {dag.py:3036} INFO - Sync 1 DAGs
[2026-08-15T02:21:59.659+0000] {logging_mixin.py:188} INFO - [2026-08-15T02:21:59.659+0000] {dag.py:3823} INFO - Setting next_dagrun for air_quality_ingestion to 2026-08-15 02:00:00+00:00, run_after=2026-08-15 03:00:00+00:00
[2026-08-15T02:21:59.677+0000] {processor.py:183} INFO - Processing /opt/airflow/dags/ingestion_dag.py took 0.137 seconds
[2026-08-15T02:22:30.073+0000] {processor.py:161} INFO - Started process (PID=56892) to work on /opt/airflow/dags/ingestion_dag.py
[2026-08-15T02:22:30.074+0000] {processor.py:830} INFO - Processing file /opt/airflow/dags/ingestion_dag.py for tasks to queue
[2026-08-15T02:22:30.075+0000] {logging_mixin.py:188} INFO - [2026-08-15T02:22:30.075+0000] {dagbag.py:538} INFO - Filling up the DagBag from /opt/airflow/dags/ingestion_dag.py
[2026-08-15T02:22:30.159+0000] {processor.py:840} INFO - DAG(s) 'air_quality_ingestion' retrieved from /opt/airflow/dags/ingestion_dag.py
[2026-08-15T02:22:30.181+0000] {logging_mixin.py:188} INFO - [2026-08-15T02:22:30.181+0000] {dag.py:3036} INFO - Sync 1 DAGs
[2026-08-15T02:22:30.198+0000] {logging_mixin.py:188} INFO - [2026-08-15T02:22:30.198+0000] {dag.py:3823} INFO - Setting next_dagrun for air_quality_ingestion to 2026-08-15 02:00:00+00:00, run_after=2026-08-15 03:00:00+00:00
[2026-08-15T02:22:30.213+0000] {processor.py:183} INFO - Processing /opt/airflow/dags/ingestion_dag.py took 0.143 seconds
[2026-08-15T02:23:00.531+0000] {processor.py:161} INFO - Started process (PID=56902) to work on /opt/airflow/dags/ingestion_dag.py
[2026-08-15T02:23:00.532+0000] {processor.py:830} INFO - Processing file /opt/airflow/dags/ingestion_dag.py for tasks to queue
[2026-08-15T02:23:00.533+0000] {logging_mixin.py:188} INFO - [2026-08-15T02:23:00.532+0000] {dagbag.py:538} INFO - Filling up the DagBag from /opt/airflow/dags/ingestion_dag.py
[2026-08-15T02:23:00.611+0000] {processor.py:840} INFO - DAG(s) 'air_quality_ingestion' retrieved from /opt/airflow/dags/ingestion_dag.py
[2026-08-15T02:23:00.633+0000] {logging_mixin.py:188} INFO - [2026-08-15T02:23:00.633+0000] {dag.py:3036} INFO - Sync 1 DAGs
[2026-08-15T02:23:00.652+0000] {logging_mixin.py:188} INFO - [2026-08-15T02:23:00.651+0000] {dag.py:3823} INFO - Setting next_dagrun for air_quality_ingestion to 2026-08-15 02:00:00+00:00, run_after=2026-08-15 03:00:00+00:00
[2026-08-15T02:23:00.669+0000] {processor.py:183} INFO - Processing /opt/airflow/dags/ingestion_dag.py took 0.142 seconds
[2026-08-15T02:23:30.965+0000] {processor.py:161} INFO - Started process (PID=56912) to work on /opt/airflow/dags/ingestion_dag.py
[2026-08-15T02:23:30.966+0000] {processor.py:830} INFO - Processing file /opt/airflow/dags/ingestion_dag.py for tasks to queue
[2026-08-15T02:23:30.967+0000] {logging_mixin.py:188} INFO - [2026-08-15T02:23:30.967+0000] {dagbag.py:538} INFO - Filling up the DagBag from /opt/airflow/dags/ingestion_dag.py
[2026-08-15T02:23:31.053+0000] {processor.py:840} INFO - DAG(s) 'air_quality_ingestion' retrieved from /opt/airflow/dags/ingestion_dag.py
[2026-08-15T02:23:31.073+0000] {logging_mixin.py:188} INFO - [2026-08-15T02:23:31.072+0000] {dag.py:3036} INFO - Sync 1 DAGs
[2026-08-15T02:23:31.091+0000] {logging_mixin.py:188} INFO - [2026-08-15T02:23:31.091+0000] {dag.py:3823} INFO - Setting next_dagrun for air_quality_ingestion to 2026-08-15 02:00:00+00:00, run_after=2026-08-15 03:00:00+00:00
[2026-08-15T02:23:31.108+0000] {processor.py:183} INFO - Processing /opt/airflow/dags/ingestion_dag.py took 0.146 seconds
[2026-08-15T02:24:01.474+0000] {processor.py:161} INFO - Started process (PID=56922) to work on /opt/airflow/dags/ingestion_dag.py
[2026-08-15T02:24:01.475+0000] {processor.py:830} INFO - Processing file /opt/airflow/dags/ingestion_dag.py for tasks to queue
[2026-08-15T02:24:01.476+0000] {logging_mixin.py:188} INFO - [2026-08-15T02:24:01.476+0000] {dagbag.py:538} INFO - Filling up the DagBag from /opt/airflow/dags/ingestion_dag.py
[2026-08-15T02:24:01.555+0000] {processor.py:840} INFO - DAG(s) 'air_quality_ingestion' retrieved from /opt/airflow/dags/ingestion_dag.py
[2026-08-15T02:24:01.575+0000] {logging_mixin.py:188} INFO - [2026-08-15T02:24:01.575+0000] {dag.py:3036} INFO - Sync 1 DAGs
[2026-08-15T02:24:01.592+0000] {logging_mixin.py:188} INFO - [2026-08-15T02:24:01.592+0000] {dag.py:3823} INFO - Setting next_dagrun for air_quality_ingestion to 2026-08-15 02:00:00+00:00, run_after=2026-08-15 03:00:00+00:00
[2026-08-15T02:24:01.608+0000] {processor.py:183} INFO - Processing /opt/airflow/dags/ingestion_dag.py took 0.137 seconds
[2026-08-15T02:24:31.992+0000] {processor.py:161} INFO - Started process (PID=56932) to work on /opt/airflow/dags/ingestion_dag.py
[2026-08-15T02:24:31.993+0000] {processor.py:830} INFO - Processing file /opt/airflow/dags/ingestion_dag.py for tasks to queue
[2026-08-15T02:24:31.994+0000] {logging_mixin.py:188} INFO - [2026-08-15T02:24:31.994+0000] {dagbag.py:538} INFO - Filling up the DagBag from /opt/airflow/dags/ingestion_dag.py
[2026-08-15T02:24:32.077+0000] {processor.py:840} INFO - DAG(s) 'air_quality_ingestion' retrieved from /opt/airflow/dags/ingestion_dag.py
[2026-08-15T02:24:32.102+0000] {logging_mixin.py:188} INFO - [2026-08-15T02:24:32.102+0000] {dag.py:3036} INFO - Sync 1 DAGs
[2026-08-15T02:24:32.123+0000] {logging_mixin.py:188} INFO - [2026-08-15T02:24:32.123+0000] {dag.py:3823} INFO - Setting next_dagrun for air_quality_ingestion to 2026-08-15 02:00:00+00:00, run_after=2026-08-15 03:00:00+00:00
[2026-08-15T02:24:32.144+0000] {processor.py:183} INFO - Processing /opt/airflow/dags/ingestion_dag.py took 0.155 seconds
[2026-08-15T02:25:02.607+0000] {processor.py:161} INFO - Started process (PID=56942) to work on /opt/airflow/dags/ingestion_dag.py
[2026-08-15T02:25:02.609+0000] {processor.py:830} INFO - Processing file /opt/airflow/dags/ingestion_dag.py for tasks to queue
[2026-08-15T02:25:02.610+0000] {logging_mixin.py:188} INFO - [2026-08-15T02:25:02.609+0000] {dagbag.py:538} INFO - Filling up the DagBag from /opt/airflow/dags/ingestion_dag.py
[2026-08-15T02:25:02.685+0000] {processor.py:840} INFO - DAG(s) 'air_quality_ingestion' retrieved from /opt/airflow/dags/ingestion_dag.py
[2026-08-15T02:25:02.703+0000] {logging_mixin.py:188} INFO - [2026-08-15T02:25:02.703+0000] {dag.py:3036} INFO - Sync 1 DAGs
[2026-08-15T02:25:02.720+0000] {logging_mixin.py:188} INFO - [2026-08-15T02:25:02.720+0000] {dag.py:3823} INFO - Setting next_dagrun for air_quality_ingestion to 2026-08-15 02:00:00+00:00, run_after=2026-08-15 03:00:00+00:00
[2026-08-15T02:25:02.738+0000] {processor.py:183} INFO - Processing /opt/airflow/dags/ingestion_dag.py took 0.133 seconds
[2026-08-15T02:25:33.073+0000] {processor.py:161} INFO - Started process (PID=56952) to work on /opt/airflow/dags/ingestion_dag.py
[2026-08-15T02:25:33.075+0000] {processor.py:830} INFO - Processing file /opt/airflow/dags/ingestion_dag.py for tasks to queue
[2026-08-15T02:25:33.076+0000] {logging_mixin.py:188} INFO - [2026-08-15T02:25:33.076+0000] {dagbag.py:538} INFO - Filling up the DagBag from /opt/airflow/dags/ingestion_dag.py
[2026-08-15T02:25:33.150+0000] {processor.py:840} INFO - DAG(s) 'air_quality_ingestion' retrieved from /opt/airflow/dags/ingestion_dag.py
[2026-08-15T02:25:33.168+0000] {logging_mixin.py:188} INFO - [2026-08-15T02:25:33.168+0000] {dag.py:3036} INFO - Sync 1 DAGs
[2026-08-15T02:25:33.187+0000] {logging_mixin.py:188} INFO - [2026-08-15T02:25:33.187+0000] {dag.py:3823} INFO - Setting next_dagrun for air_quality_ingestion to 2026-08-15 02:00:00+00:00, run_after=2026-08-15 03:00:00+00:00
[2026-08-15T02:25:33.203+0000] {processor.py:183} INFO - Processing /opt/airflow/dags/ingestion_dag.py took 0.133 seconds
[2026-08-15T02:26:03.633+0000] {processor.py:161} INFO - Started process (PID=56962) to work on /opt/airflow/dags/ingestion_dag.py
[2026-08-15T02:26:03.635+0000] {processor.py:830} INFO - Processing file /opt/airflow/dags/ingestion_dag.py for tasks to queue
[2026-08-15T02:26:03.636+0000] {logging_mixin.py:188} INFO - [2026-08-15T02:26:03.635+0000] {dagbag.py:538} INFO - Filling up the DagBag from /opt/airflow/dags/ingestion_dag.py
[2026-08-15T02:26:03.720+0000] {processor.py:840} INFO - DAG(s) 'air_quality_ingestion' retrieved from /opt/airflow/dags/ingestion_dag.py
[2026-08-15T02:26:03.743+0000] {logging_mixin.py:188} INFO - [2026-08-15T02:26:03.742+0000] {dag.py:3036} INFO - Sync 1 DAGs
[2026-08-15T02:26:03.763+0000] {logging_mixin.py:188} INFO - [2026-08-15T02:26:03.762+0000] {dag.py:3823} INFO - Setting next_dagrun for air_quality_ingestion to 2026-08-15 02:00:00+00:00, run_after=2026-08-15 03:00:00+00:00
[2026-08-15T02:26:03.781+0000] {processor.py:183} INFO - Processing /opt/airflow/dags/ingestion_dag.py took 0.151 seconds
[2026-08-15T02:26:34.116+0000] {processor.py:161} INFO - Started process (PID=56972) to work on /opt/airflow/dags/ingestion_dag.py
[2026-08-15T02:26:34.118+0000] {processor.py:830} INFO - Processing file /opt/airflow/dags/ingestion_dag.py for tasks to queue
[2026-08-15T02:26:34.119+0000] {logging_mixin.py:188} INFO - [2026-08-15T02:26:34.119+0000] {dagbag.py:538} INFO - Filling up the DagBag from /opt/airflow/dags/ingestion_dag.py
[2026-08-15T02:26:34.198+0000] {processor.py:840} INFO - DAG(s) 'air_quality_ingestion' retrieved from /opt/airflow/dags/ingestion_dag.py
[2026-08-15T02:26:34.219+0000] {logging_mixin.py:188} INFO - [2026-08-15T02:26:34.219+0000] {dag.py:3036} INFO - Sync 1 DAGs
[2026-08-15T02:26:34.236+0000] {logging_mixin.py:188} INFO - [2026-08-15T02:26:34.236+0000] {dag.py:3823} INFO - Setting next_dagrun for air_quality_ingestion to 2026-08-15 02:00:00+00:00, run_after=2026-08-15 03:00:00+00:00
[2026-08-15T02:26:34.254+0000] {processor.py:183} INFO - Processing /opt/airflow/dags/ingestion_dag.py took 0.141 seconds
[2026-08-15T02:27:04.638+0000] {processor.py:161} INFO - Started process (PID=56982) to work on /opt/airflow/dags/ingestion_dag.py
[2026-08-15T02:27:04.640+0000] {processor.py:830} INFO - Processing file /opt/airflow/dags/ingestion_dag.py for tasks to queue
[2026-08-15T02:27:04.641+0000] {logging_mixin.py:188} INFO - [2026-08-15T02:27:04.640+0000] {dagbag.py:538} INFO - Filling up the DagBag from /opt/airflow/dags/ingestion_dag.py
[2026-08-15T02:27:04.737+0000] {processor.py:840} INFO - DAG(s) 'air_quality_ingestion' retrieved from /opt/airflow/dags/ingestion_dag.py
[2026-08-15T02:27:04.759+0000] {logging_mixin.py:188} INFO - [2026-08-15T02:27:04.759+0000] {dag.py:3036} INFO - Sync 1 DAGs
[2026-08-15T02:27:04.778+0000] {logging_mixin.py:188} INFO - [2026-08-15T02:27:04.778+0000] {dag.py:3823} INFO - Setting next_dagrun for air_quality_ingestion to 2026-08-15 02:00:00+00:00, run_after=2026-08-15 03:00:00+00:00
[2026-08-15T02:27:04.800+0000] {processor.py:183} INFO - Processing /opt/airflow/dags/ingestion_dag.py took 0.166 seconds
[2026-08-15T02:27:35.072+0000] {processor.py:161} INFO - Started process (PID=56992) to work on /opt/airflow/dags/ingestion_dag.py
[2026-08-15T02:27:35.073+0000] {processor.py:830} INFO - Processing file /opt/airflow/dags/ingestion_dag.py for tasks to queue
[2026-08-15T02:27:35.075+0000] {logging_mixin.py:188} INFO - [2026-08-15T02:27:35.074+0000] {dagbag.py:538} INFO - Filling up the DagBag from /opt/airflow/dags/ingestion_dag.py
[2026-08-15T02:27:35.159+0000] {processor.py:840} INFO - DAG(s) 'air_quality_ingestion' retrieved from /opt/airflow/dags/ingestion_dag.py
[2026-08-15T02:27:35.180+0000] {logging_mixin.py:188} INFO - [2026-08-15T02:27:35.180+0000] {dag.py:3036} INFO - Sync 1 DAGs
[2026-08-15T02:27:35.201+0000] {logging_mixin.py:188} INFO - [2026-08-15T02:27:35.201+0000] {dag.py:3823} INFO - Setting next_dagrun for air_quality_ingestion to 2026-08-15 02:00:00+00:00, run_after=2026-08-15 03:00:00+00:00
[2026-08-15T02:27:35.218+0000] {processor.py:183} INFO - Processing /opt/airflow/dags/ingestion_dag.py took 0.149 seconds
[2026-08-15T02:28:05.592+0000] {processor.py:161} INFO - Started process (PID=57002) to work on /opt/airflow/dags/ingestion_dag.py
[2026-08-15T02:28:05.593+0000] {processor.py:830} INFO - Processing file /opt/airflow/dags/ingestion_dag.py for tasks to queue
[2026-08-15T02:28:05.594+0000] {logging_mixin.py:188} INFO - [2026-08-15T02:28:05.594+0000] {dagbag.py:538} INFO - Filling up the DagBag from /opt/airflow/dags/ingestion_dag.py
[2026-08-15T02:28:05.676+0000] {processor.py:840} INFO - DAG(s) 'air_quality_ingestion' retrieved from /opt/airflow/dags/ingestion_dag.py
[2026-08-15T02:28:05.696+0000] {logging_mixin.py:188} INFO - [2026-08-15T02:28:05.696+0000] {dag.py:3036} INFO - Sync 1 DAGs
[2026-08-15T02:28:05.714+0000] {logging_mixin.py:188} INFO - [2026-08-15T02:28:05.714+0000] {dag.py:3823} INFO - Setting next_dagrun for air_quality_ingestion to 2026-08-15 02:00:00+00:00, run_after=2026-08-15 03:00:00+00:00
[2026-08-15T02:28:05.733+0000] {processor.py:183} INFO - Processing /opt/airflow/dags/ingestion_dag.py took 0.144 seconds
[2026-08-15T02:28:36.089+0000] {processor.py:161} INFO - Started process (PID=57012) to work on /opt/airflow/dags/ingestion_dag.py
[2026-08-15T02:28:36.090+0000] {processor.py:830} INFO - Processing file /opt/airflow/dags/ingestion_dag.py for tasks to queue
[2026-08-15T02:28:36.091+0000] {logging_mixin.py:188} INFO - [2026-08-15T02:28:36.091+0000] {dagbag.py:538} INFO - Filling up the DagBag from /opt/airflow/dags/ingestion_dag.py
[2026-08-15T02:28:36.164+0000] {processor.py:840} INFO - DAG(s) 'air_quality_ingestion' retrieved from /opt/airflow/dags/ingestion_dag.py
[2026-08-15T02:28:36.182+0000] {logging_mixin.py:188} INFO - [2026-08-15T02:28:36.182+0000] {dag.py:3036} INFO - Sync 1 DAGs
[2026-08-15T02:28:36.199+0000] {logging_mixin.py:188} INFO - [2026-08-15T02:28:36.199+0000] {dag.py:3823} INFO - Setting next_dagrun for air_quality_ingestion to 2026-08-15 02:00:00+00:00, run_after=2026-08-15 03:00:00+00:00
[2026-08-15T02:28:36.214+0000] {processor.py:183} INFO - Processing /opt/airflow/dags/ingestion_dag.py took 0.128 seconds
[2026-08-15T02:29:06.546+0000] {processor.py:161} INFO - Started process (PID=57022) to work on /opt/airflow/dags/ingestion_dag.py
[2026-08-15T02:29:06.548+0000] {processor.py:830} INFO - Processing file /opt/airflow/dags/ingestion_dag.py for tasks to queue
[2026-08-15T02:29:06.549+0000] {logging_mixin.py:188} INFO - [2026-08-15T02:29:06.549+0000] {dagbag.py:538} INFO - Filling up the DagBag from /opt/airflow/dags/ingestion_dag.py
[2026-08-15T02:29:06.628+0000] {processor.py:840} INFO - DAG(s) 'air_quality_ingestion' retrieved from /opt/airflow/dags/ingestion_dag.py
[2026-08-15T02:29:06.649+0000] {logging_mixin.py:188} INFO - [2026-08-15T02:29:06.648+0000] {dag.py:3036} INFO - Sync 1 DAGs
[2026-08-15T02:29:06.666+0000] {logging_mixin.py:188} INFO - [2026-08-15T02:29:06.665+0000] {dag.py:3823} INFO - Setting next_dagrun for air_quality_ingestion to 2026-08-15 02:00:00+00:00, run_after=2026-08-15 03:00:00+00:00
[2026-08-15T02:29:06.683+0000] {processor.py:183} INFO - Processing /opt/airflow/dags/ingestion_dag.py took 0.140 seconds
[2026-08-15T02:29:37.056+0000] {processor.py:161} INFO - Started process (PID=57032) to work on /opt/airflow/dags/ingestion_dag.py
[2026-08-15T02:29:37.057+0000] {processor.py:830} INFO - Processing file /opt/airflow/dags/ingestion_dag.py for tasks to queue
[2026-08-15T02:29:37.058+0000] {logging_mixin.py:188} INFO - [2026-08-15T02:29:37.057+0000] {dagbag.py:538} INFO - Filling up the DagBag from /opt/airflow/dags/ingestion_dag.py
[2026-08-15T02:29:37.135+0000] {processor.py:840} INFO - DAG(s) 'air_quality_ingestion' retrieved from /opt/airflow/dags/ingestion_dag.py
[2026-08-15T02:29:37.156+0000] {logging_mixin.py:188} INFO - [2026-08-15T02:29:37.155+0000] {dag.py:3036} INFO - Sync 1 DAGs
[2026-08-15T02:29:37.173+0000] {logging_mixin.py:188} INFO - [2026-08-15T02:29:37.173+0000] {dag.py:3823} INFO - Setting next_dagrun for air_quality_ingestion to 2026-08-15 02:00:00+00:00, run_after=2026-08-15 03:00:00+00:00
[2026-08-15T02:29:37.190+0000] {processor.py:183} INFO - Processing /opt/airflow/dags/ingestion_dag.py took 0.138 seconds
[2026-08-15T02:30:07.526+0000] {processor.py:161} INFO - Started process (PID=57042) to work on /opt/airflow/dags/ingestion_dag.py
[2026-08-15T02:30:07.528+0000] {processor.py:830} INFO - Processing file /opt/airflow/dags/ingestion_dag.py for tasks to queue
[2026-08-15T02:30:07.529+0000] {logging_mixin.py:188} INFO - [2026-08-15T02:30:07.528+0000] {dagbag.py:538} INFO - Filling up the DagBag from /opt/airflow/dags/ingestion_dag.py
[2026-08-15T02:30:07.627+0000] {processor.py:840} INFO - DAG(s) 'air_quality_ingestion' retrieved from /opt/airflow/dags/ingestion_dag.py
[2026-08-15T02:30:07.650+0000] {logging_mixin.py:188} INFO - [2026-08-15T02:30:07.649+0000] {dag.py:3036} INFO - Sync 1 DAGs
[2026-08-15T02:30:07.669+0000] {logging_mixin.py:188} INFO - [2026-08-15T02:30:07.668+0000] {dag.py:3823} INFO - Setting next_dagrun for air_quality_ingestion to 2026-08-15 02:00:00+00:00, run_after=2026-08-15 03:00:00+00:00
[2026-08-15T02:30:07.686+0000] {processor.py:183} INFO - Processing /opt/airflow/dags/ingestion_dag.py took 0.164 seconds
[2026-08-15T02:30:38.069+0000] {processor.py:161} INFO - Started process (PID=57052) to work on /opt/airflow/dags/ingestion_dag.py
[2026-08-15T02:30:38.070+0000] {processor.py:830} INFO - Processing file /opt/airflow/dags/ingestion_dag.py for tasks to queue
[2026-08-15T02:30:38.073+0000] {logging_mixin.py:188} INFO - [2026-08-15T02:30:38.072+0000] {dagbag.py:538} INFO - Filling up the DagBag from /opt/airflow/dags/ingestion_dag.py
[2026-08-15T02:30:38.164+0000] {processor.py:840} INFO - DAG(s) 'air_quality_ingestion' retrieved from /opt/airflow/dags/ingestion_dag.py
[2026-08-15T02:30:38.183+0000] {logging_mixin.py:188} INFO - [2026-08-15T02:30:38.183+0000] {dag.py:3036} INFO - Sync 1 DAGs
[2026-08-15T02:30:38.200+0000] {logging_mixin.py:188} INFO - [2026-08-15T02:30:38.200+0000] {dag.py:3823} INFO - Setting next_dagrun for air_quality_ingestion to 2026-08-15 02:00:00+00:00, run_after=2026-08-15 03:00:00+00:00
[2026-08-15T02:30:38.217+0000] {processor.py:183} INFO - Processing /opt/airflow/dags/ingestion_dag.py took 0.151 seconds
[2026-08-15T02:31:08.648+0000] {processor.py:161} INFO - Started process (PID=57062) to work on /opt/airflow/dags/ingestion_dag.py
[2026-08-15T02:31:08.649+0000] {processor.py:830} INFO - Processing file /opt/airflow/dags/ingestion_dag.py for tasks to queue
[2026-08-15T02:31:08.650+0000] {logging_mixin.py:188} INFO - [2026-08-15T02:31:08.650+0000] {dagbag.py:538} INFO - Filling up the DagBag from /opt/airflow/dags/ingestion_dag.py
[2026-08-15T02:31:08.726+0000] {processor.py:840} INFO - DAG(s) 'air_quality_ingestion' retrieved from /opt/airflow/dags/ingestion_dag.py
[2026-08-15T02:31:08.744+0000] {logging_mixin.py:188} INFO - [2026-08-15T02:31:08.744+0000] {dag.py:3036} INFO - Sync 1 DAGs
[2026-08-15T02:31:08.763+0000] {logging_mixin.py:188} INFO - [2026-08-15T02:31:08.763+0000] {dag.py:3823} INFO - Setting next_dagrun for air_quality_ingestion to 2026-08-15 02:00:00+00:00, run_after=2026-08-15 03:00:00+00:00
[2026-08-15T02:31:08.786+0000] {processor.py:183} INFO - Processing /opt/airflow/dags/ingestion_dag.py took 0.141 seconds
[2026-08-15T02:31:39.126+0000] {processor.py:161} INFO - Started process (PID=57072) to work on /opt/airflow/dags/ingestion_dag.py
[2026-08-15T02:31:39.127+0000] {processor.py:830} INFO - Processing file /opt/airflow/dags/ingestion_dag.py for tasks to queue
[2026-08-15T02:31:39.128+0000] {logging_mixin.py:188} INFO - [2026-08-15T02:31:39.128+0000] {dagbag.py:538} INFO - Filling up the DagBag from /opt/airflow/dags/ingestion_dag.py
[2026-08-15T02:31:39.275+0000] {processor.py:840} INFO - DAG(s) 'air_quality_ingestion' retrieved from /opt/airflow/dags/ingestion_dag.py
[2026-08-15T02:31:39.297+0000] {logging_mixin.py:188} INFO - [2026-08-15T02:31:39.297+0000] {dag.py:3036} INFO - Sync 1 DAGs
[2026-08-15T02:31:39.317+0000] {logging_mixin.py:188} INFO - [2026-08-15T02:31:39.317+0000] {dag.py:3823} INFO - Setting next_dagrun for air_quality_ingestion to 2026-08-15 02:00:00+00:00, run_after=2026-08-15 03:00:00+00:00
[2026-08-15T02:31:39.335+0000] {processor.py:183} INFO - Processing /opt/airflow/dags/ingestion_dag.py took 0.211 seconds
[2026-08-15T02:32:09.714+0000] {processor.py:161} INFO - Started process (PID=57082) to work on /opt/airflow/dags/ingestion_dag.py
[2026-08-15T02:32:09.715+0000] {processor.py:830} INFO - Processing file /opt/airflow/dags/ingestion_dag.py for tasks to queue
[2026-08-15T02:32:09.716+0000] {logging_mixin.py:188} INFO - [2026-08-15T02:32:09.716+0000] {dagbag.py:538} INFO - Filling up the DagBag from /opt/airflow/dags/ingestion_dag.py
[2026-08-15T02:32:09.799+0000] {processor.py:840} INFO - DAG(s) 'air_quality_ingestion' retrieved from /opt/airflow/dags/ingestion_dag.py
[2026-08-15T02:32:09.820+0000] {logging_mixin.py:188} INFO - [2026-08-15T02:32:09.820+0000] {dag.py:3036} INFO - Sync 1 DAGs
[2026-08-15T02:32:09.839+0000] {logging_mixin.py:188} INFO - [2026-08-15T02:32:09.839+0000] {dag.py:3823} INFO - Setting next_dagrun for air_quality_ingestion to 2026-08-15 02:00:00+00:00, run_after=2026-08-15 03:00:00+00:00
[2026-08-15T02:32:09.857+0000] {processor.py:183} INFO - Processing /opt/airflow/dags/ingestion_dag.py took 0.146 seconds
[2026-08-15T02:32:40.156+0000] {processor.py:161} INFO - Started process (PID=57092) to work on /opt/airflow/dags/ingestion_dag.py
[2026-08-15T02:32:40.157+0000] {processor.py:830} INFO - Processing file /opt/airflow/dags/ingestion_dag.py for tasks to queue
[2026-08-15T02:32:40.158+0000] {logging_mixin.py:188} INFO - [2026-08-15T02:32:40.157+0000] {dagbag.py:538} INFO - Filling up the DagBag from /opt/airflow/dags/ingestion_dag.py
[2026-08-15T02:32:40.240+0000] {processor.py:840} INFO - DAG(s) 'air_quality_ingestion' retrieved from /opt/airflow/dags/ingestion_dag.py
[2026-08-15T02:32:40.265+0000] {logging_mixin.py:188} INFO - [2026-08-15T02:32:40.265+0000] {dag.py:3036} INFO - Sync 1 DAGs
[2026-08-15T02:32:40.282+0000] {logging_mixin.py:188} INFO - [2026-08-15T02:32:40.282+0000] {dag.py:3823} INFO - Setting next_dagrun for air_quality_ingestion to 2026-08-15 02:00:00+00:00, run_after=2026-08-15 03:00:00+00:00
[2026-08-15T02:32:40.300+0000] {processor.py:183} INFO - Processing /opt/airflow/dags/ingestion_dag.py took 0.147 seconds
[2026-08-15T02:33:10.606+0000] {processor.py:161} INFO - Started process (PID=57102) to work on /opt/airflow/dags/ingestion_dag.py
[2026-08-15T02:33:10.607+0000] {processor.py:830} INFO - Processing file /opt/airflow/dags/ingestion_dag.py for tasks to queue
[2026-08-15T02:33:10.608+0000] {logging_mixin.py:188} INFO - [2026-08-15T02:33:10.608+0000] {dagbag.py:538} INFO - Filling up the DagBag from /opt/airflow/dags/ingestion_dag.py
[2026-08-15T02:33:10.695+0000] {processor.py:840} INFO - DAG(s) 'air_quality_ingestion' retrieved from /opt/airflow/dags/ingestion_dag.py
[2026-08-15T02:33:10.714+0000] {logging_mixin.py:188} INFO - [2026-08-15T02:33:10.714+0000] {dag.py:3036} INFO - Sync 1 DAGs
[2026-08-15T02:33:10.734+0000] {logging_mixin.py:188} INFO - [2026-08-15T02:33:10.734+0000] {dag.py:3823} INFO - Setting next_dagrun for air_quality_ingestion to 2026-08-15 02:00:00+00:00, run_after=2026-08-15 03:00:00+00:00
[2026-08-15T02:33:10.751+0000] {processor.py:183} INFO - Processing /opt/airflow/dags/ingestion_dag.py took 0.147 seconds
[2026-08-15T02:33:41.056+0000] {processor.py:161} INFO - Started process (PID=57112) to work on /opt/airflow/dags/ingestion_dag.py
[2026-08-15T02:33:41.058+0000] {processor.py:830} INFO - Processing file /opt/airflow/dags/ingestion_dag.py for tasks to queue
[2026-08-15T02:33:41.059+0000] {logging_mixin.py:188} INFO - [2026-08-15T02:33:41.058+0000] {dagbag.py:538} INFO - Filling up the DagBag from /opt/airflow/dags/ingestion_dag.py
[2026-08-15T02:33:41.215+0000] {processor.py:840} INFO - DAG(s) 'air_quality_ingestion' retrieved from /opt/airflow/dags/ingestion_dag.py
[2026-08-15T02:33:41.249+0000] {logging_mixin.py:188} INFO - [2026-08-15T02:33:41.249+0000] {dag.py:3036} INFO - Sync 1 DAGs
[2026-08-15T02:33:41.273+0000] {logging_mixin.py:188} INFO - [2026-08-15T02:33:41.273+0000] {dag.py:3823} INFO - Setting next_dagrun for air_quality_ingestion to 2026-08-15 02:00:00+00:00, run_after=2026-08-15 03:00:00+00:00
[2026-08-15T02:33:41.296+0000] {processor.py:183} INFO - Processing /opt/airflow/dags/ingestion_dag.py took 0.243 seconds
[2026-08-15T02:34:11.680+0000] {processor.py:161} INFO - Started process (PID=57122) to work on /opt/airflow/dags/ingestion_dag.py
[2026-08-15T02:34:11.681+0000] {processor.py:830} INFO - Processing file /opt/airflow/dags/ingestion_dag.py for tasks to queue
[2026-08-15T02:34:11.682+0000] {logging_mixin.py:188} INFO - [2026-08-15T02:34:11.682+0000] {dagbag.py:538} INFO - Filling up the DagBag from /opt/airflow/dags/ingestion_dag.py
[2026-08-15T02:34:11.772+0000] {processor.py:840} INFO - DAG(s) 'air_quality_ingestion' retrieved from /opt/airflow/dags/ingestion_dag.py
[2026-08-15T02:34:11.796+0000] {logging_mixin.py:188} INFO - [2026-08-15T02:34:11.796+0000] {dag.py:3036} INFO - Sync 1 DAGs
[2026-08-15T02:34:11.814+0000] {logging_mixin.py:188} INFO - [2026-08-15T02:34:11.814+0000] {dag.py:3823} INFO - Setting next_dagrun for air_quality_ingestion to 2026-08-15 02:00:00+00:00, run_after=2026-08-15 03:00:00+00:00
[2026-08-15T02:34:11.832+0000] {processor.py:183} INFO - Processing /opt/airflow/dags/ingestion_dag.py took 0.155 seconds
[2026-08-15T02:34:42.281+0000] {processor.py:161} INFO - Started process (PID=57132) to work on /opt/airflow/dags/ingestion_dag.py
[2026-08-15T02:34:42.282+0000] {processor.py:830} INFO - Processing file /opt/airflow/dags/ingestion_dag.py for tasks to queue
[2026-08-15T02:34:42.284+0000] {logging_mixin.py:188} INFO - [2026-08-15T02:34:42.283+0000] {dagbag.py:538} INFO - Filling up the DagBag from /opt/airflow/dags/ingestion_dag.py
[2026-08-15T02:34:42.371+0000] {processor.py:840} INFO - DAG(s) 'air_quality_ingestion' retrieved from /opt/airflow/dags/ingestion_dag.py
[2026-08-15T02:34:42.392+0000] {logging_mixin.py:188} INFO - [2026-08-15T02:34:42.391+0000] {dag.py:3036} INFO - Sync 1 DAGs
[2026-08-15T02:34:42.410+0000] {logging_mixin.py:188} INFO - [2026-08-15T02:34:42.410+0000] {dag.py:3823} INFO - Setting next_dagrun for air_quality_ingestion to 2026-08-15 02:00:00+00:00, run_after=2026-08-15 03:00:00+00:00
[2026-08-15T02:34:42.428+0000] {processor.py:183} INFO - Processing /opt/airflow/dags/ingestion_dag.py took 0.150 seconds
[2026-08-15T02:35:12.728+0000] {processor.py:161} INFO - Started process (PID=57142) to work on /opt/airflow/dags/ingestion_dag.py
[2026-08-15T02:35:12.729+0000] {processor.py:830} INFO - Processing file /opt/airflow/dags/ingestion_dag.py for tasks to queue
[2026-08-15T02:35:12.730+0000] {logging_mixin.py:188} INFO - [2026-08-15T02:35:12.730+0000] {dagbag.py:538} INFO - Filling up the DagBag from /opt/airflow/dags/ingestion_dag.py
[2026-08-15T02:35:12.836+0000] {processor.py:840} INFO - DAG(s) 'air_quality_ingestion' retrieved from /opt/airflow/dags/ingestion_dag.py
[2026-08-15T02:35:12.867+0000] {logging_mixin.py:188} INFO - [2026-08-15T02:35:12.866+0000] {dag.py:3036} INFO - Sync 1 DAGs
[2026-08-15T02:35:12.886+0000] {logging_mixin.py:188} INFO - [2026-08-15T02:35:12.886+0000] {dag.py:3823} INFO - Setting next_dagrun for air_quality_ingestion to 2026-08-15 02:00:00+00:00, run_after=2026-08-15 03:00:00+00:00
[2026-08-15T02:35:12.906+0000] {processor.py:183} INFO - Processing /opt/airflow/dags/ingestion_dag.py took 0.180 seconds
[2026-08-15T02:35:43.184+0000] {processor.py:161} INFO - Started process (PID=57152) to work on /opt/airflow/dags/ingestion_dag.py
[2026-08-15T02:35:43.185+0000] {processor.py:830} INFO - Processing file /opt/airflow/dags/ingestion_dag.py for tasks to queue
[2026-08-15T02:35:43.186+0000] {logging_mixin.py:188} INFO - [2026-08-15T02:35:43.186+0000] {dagbag.py:538} INFO - Filling up the DagBag from /opt/airflow/dags/ingestion_dag.py
[2026-08-15T02:35:43.284+0000] {processor.py:840} INFO - DAG(s) 'air_quality_ingestion' retrieved from /opt/airflow/dags/ingestion_dag.py
[2026-08-15T02:35:43.308+0000] {logging_mixin.py:188} INFO - [2026-08-15T02:35:43.308+0000] {dag.py:3036} INFO - Sync 1 DAGs
[2026-08-15T02:35:43.329+0000] {logging_mixin.py:188} INFO - [2026-08-15T02:35:43.329+0000] {dag.py:3823} INFO - Setting next_dagrun for air_quality_ingestion to 2026-08-15 02:00:00+00:00, run_after=2026-08-15 03:00:00+00:00
[2026-08-15T02:35:43.350+0000] {processor.py:183} INFO - Processing /opt/airflow/dags/ingestion_dag.py took 0.168 seconds
[2026-08-15T02:36:13.690+0000] {processor.py:161} INFO - Started process (PID=57162) to work on /opt/airflow/dags/ingestion_dag.py
[2026-08-15T02:36:13.691+0000] {processor.py:830} INFO - Processing file /opt/airflow/dags/ingestion_dag.py for tasks to queue
[2026-08-15T02:36:13.695+0000] {logging_mixin.py:188} INFO - [2026-08-15T02:36:13.694+0000] {dagbag.py:538} INFO - Filling up the DagBag from /opt/airflow/dags/ingestion_dag.py
[2026-08-15T02:36:13.781+0000] {processor.py:840} INFO - DAG(s) 'air_quality_ingestion' retrieved from /opt/airflow/dags/ingestion_dag.py
[2026-08-15T02:36:13.805+0000] {logging_mixin.py:188} INFO - [2026-08-15T02:36:13.805+0000] {dag.py:3036} INFO - Sync 1 DAGs
[2026-08-15T02:36:13.828+0000] {logging_mixin.py:188} INFO - [2026-08-15T02:36:13.828+0000] {dag.py:3823} INFO - Setting next_dagrun for air_quality_ingestion to 2026-08-15 02:00:00+00:00, run_after=2026-08-15 03:00:00+00:00
[2026-08-15T02:36:13.854+0000] {processor.py:183} INFO - Processing /opt/airflow/dags/ingestion_dag.py took 0.166 seconds
[2026-08-15T02:36:44.150+0000] {processor.py:161} INFO - Started process (PID=57172) to work on /opt/airflow/dags/ingestion_dag.py
[2026-08-15T02:36:44.151+0000] {processor.py:830} INFO - Processing file /opt/airflow/dags/ingestion_dag.py for tasks to queue
[2026-08-15T02:36:44.152+0000] {logging_mixin.py:188} INFO - [2026-08-15T02:36:44.152+0000] {dagbag.py:538} INFO - Filling up the DagBag from /opt/airflow/dags/ingestion_dag.py
[2026-08-15T02:36:44.239+0000] {processor.py:840} INFO - DAG(s) 'air_quality_ingestion' retrieved from /opt/airflow/dags/ingestion_dag.py
[2026-08-15T02:36:44.259+0000] {logging_mixin.py:188} INFO - [2026-08-15T02:36:44.259+0000] {dag.py:3036} INFO - Sync 1 DAGs
[2026-08-15T02:36:44.277+0000] {logging_mixin.py:188} INFO - [2026-08-15T02:36:44.277+0000] {dag.py:3823} INFO - Setting next_dagrun for air_quality_ingestion to 2026-08-15 02:00:00+00:00, run_after=2026-08-15 03:00:00+00:00
[2026-08-15T02:36:44.293+0000] {processor.py:183} INFO - Processing /opt/airflow/dags/ingestion_dag.py took 0.145 seconds
[2026-08-15T02:37:14.674+0000] {processor.py:161} INFO - Started process (PID=57182) to work on /opt/airflow/dags/ingestion_dag.py
[2026-08-15T02:37:14.675+0000] {processor.py:830} INFO - Processing file /opt/airflow/dags/ingestion_dag.py for tasks to queue
[2026-08-15T02:37:14.676+0000] {logging_mixin.py:188} INFO - [2026-08-15T02:37:14.676+0000] {dagbag.py:538} INFO - Filling up the DagBag from /opt/airflow/dags/ingestion_dag.py
[2026-08-15T02:37:14.759+0000] {processor.py:840} INFO - DAG(s) 'air_quality_ingestion' retrieved from /opt/airflow/dags/ingestion_dag.py
[2026-08-15T02:37:14.789+0000] {logging_mixin.py:188} INFO - [2026-08-15T02:37:14.789+0000] {dag.py:3036} INFO - Sync 1 DAGs
[2026-08-15T02:37:14.808+0000] {logging_mixin.py:188} INFO - [2026-08-15T02:37:14.808+0000] {dag.py:3823} INFO - Setting next_dagrun for air_quality_ingestion to 2026-08-15 02:00:00+00:00, run_after=2026-08-15 03:00:00+00:00
[2026-08-15T02:37:14.832+0000] {processor.py:183} INFO - Processing /opt/airflow/dags/ingestion_dag.py took 0.159 seconds
[2026-08-15T02:37:45.138+0000] {processor.py:161} INFO - Started process (PID=57192) to work on /opt/airflow/dags/ingestion_dag.py
[2026-08-15T02:37:45.139+0000] {processor.py:830} INFO - Processing file /opt/airflow/dags/ingestion_dag.py for tasks to queue
[2026-08-15T02:37:45.142+0000] {logging_mixin.py:188} INFO - [2026-08-15T02:37:45.142+0000] {dagbag.py:538} INFO - Filling up the DagBag from /opt/airflow/dags/ingestion_dag.py
[2026-08-15T02:37:45.226+0000] {processor.py:840} INFO - DAG(s) 'air_quality_ingestion' retrieved from /opt/airflow/dags/ingestion_dag.py
[2026-08-15T02:37:45.245+0000] {logging_mixin.py:188} INFO - [2026-08-15T02:37:45.245+0000] {dag.py:3036} INFO - Sync 1 DAGs
[2026-08-15T02:37:45.265+0000] {logging_mixin.py:188} INFO - [2026-08-15T02:37:45.265+0000] {dag.py:3823} INFO - Setting next_dagrun for air_quality_ingestion to 2026-08-15 02:00:00+00:00, run_after=2026-08-15 03:00:00+00:00
[2026-08-15T02:37:45.287+0000] {processor.py:183} INFO - Processing /opt/airflow/dags/ingestion_dag.py took 0.152 seconds
[2026-08-15T02:38:15.621+0000] {processor.py:161} INFO - Started process (PID=57202) to work on /opt/airflow/dags/ingestion_dag.py
[2026-08-15T02:38:15.624+0000] {processor.py:830} INFO - Processing file /opt/airflow/dags/ingestion_dag.py for tasks to queue
[2026-08-15T02:38:15.625+0000] {logging_mixin.py:188} INFO - [2026-08-15T02:38:15.625+0000] {dagbag.py:538} INFO - Filling up the DagBag from /opt/airflow/dags/ingestion_dag.py
[2026-08-15T02:38:15.718+0000] {processor.py:840} INFO - DAG(s) 'air_quality_ingestion' retrieved from /opt/airflow/dags/ingestion_dag.py
[2026-08-15T02:38:15.738+0000] {logging_mixin.py:188} INFO - [2026-08-15T02:38:15.738+0000] {dag.py:3036} INFO - Sync 1 DAGs
[2026-08-15T02:38:15.759+0000] {logging_mixin.py:188} INFO - [2026-08-15T02:38:15.759+0000] {dag.py:3823} INFO - Setting next_dagrun for air_quality_ingestion to 2026-08-15 02:00:00+00:00, run_after=2026-08-15 03:00:00+00:00
[2026-08-15T02:38:15.780+0000] {processor.py:183} INFO - Processing /opt/airflow/dags/ingestion_dag.py took 0.161 seconds
[2026-08-15T02:38:46.092+0000] {processor.py:161} INFO - Started process (PID=57212) to work on /opt/airflow/dags/ingestion_dag.py
[2026-08-15T02:38:46.094+0000] {processor.py:830} INFO - Processing file /opt/airflow/dags/ingestion_dag.py for tasks to queue
[2026-08-15T02:38:46.095+0000] {logging_mixin.py:188} INFO - [2026-08-15T02:38:46.095+0000] {dagbag.py:538} INFO - Filling up the DagBag from /opt/airflow/dags/ingestion_dag.py
[2026-08-15T02:38:46.190+0000] {processor.py:840} INFO - DAG(s) 'air_quality_ingestion' retrieved from /opt/airflow/dags/ingestion_dag.py
[2026-08-15T02:38:46.215+0000] {logging_mixin.py:188} INFO - [2026-08-15T02:38:46.214+0000] {dag.py:3036} INFO - Sync 1 DAGs
[2026-08-15T02:38:46.239+0000] {logging_mixin.py:188} INFO - [2026-08-15T02:38:46.238+0000] {dag.py:3823} INFO - Setting next_dagrun for air_quality_ingestion to 2026-08-15 02:00:00+00:00, run_after=2026-08-15 03:00:00+00:00
[2026-08-15T02:38:46.256+0000] {processor.py:183} INFO - Processing /opt/airflow/dags/ingestion_dag.py took 0.167 seconds
[2026-08-15T02:39:16.528+0000] {processor.py:161} INFO - Started process (PID=57222) to work on /opt/airflow/dags/ingestion_dag.py
[2026-08-15T02:39:16.532+0000] {processor.py:830} INFO - Processing file /opt/airflow/dags/ingestion_dag.py for tasks to queue
[2026-08-15T02:39:16.534+0000] {logging_mixin.py:188} INFO - [2026-08-15T02:39:16.533+0000] {dagbag.py:538} INFO - Filling up the DagBag from /opt/airflow/dags/ingestion_dag.py
[2026-08-15T02:39:16.615+0000] {processor.py:840} INFO - DAG(s) 'air_quality_ingestion' retrieved from /opt/airflow/dags/ingestion_dag.py
[2026-08-15T02:39:16.648+0000] {logging_mixin.py:188} INFO - [2026-08-15T02:39:16.647+0000] {dag.py:3036} INFO - Sync 1 DAGs
[2026-08-15T02:39:16.676+0000] {logging_mixin.py:188} INFO - [2026-08-15T02:39:16.676+0000] {dag.py:3823} INFO - Setting next_dagrun for air_quality_ingestion to 2026-08-15 02:00:00+00:00, run_after=2026-08-15 03:00:00+00:00
[2026-08-15T02:39:16.701+0000] {processor.py:183} INFO - Processing /opt/airflow/dags/ingestion_dag.py took 0.176 seconds
[2026-08-15T02:39:46.961+0000] {processor.py:161} INFO - Started process (PID=57232) to work on /opt/airflow/dags/ingestion_dag.py
[2026-08-15T02:39:46.962+0000] {processor.py:830} INFO - Processing file /opt/airflow/dags/ingestion_dag.py for tasks to queue
[2026-08-15T02:39:46.963+0000] {logging_mixin.py:188} INFO - [2026-08-15T02:39:46.963+0000] {dagbag.py:538} INFO - Filling up the DagBag from /opt/airflow/dags/ingestion_dag.py
[2026-08-15T02:39:47.061+0000] {processor.py:840} INFO - DAG(s) 'air_quality_ingestion' retrieved from /opt/airflow/dags/ingestion_dag.py
[2026-08-15T02:39:47.089+0000] {logging_mixin.py:188} INFO - [2026-08-15T02:39:47.089+0000] {dag.py:3036} INFO - Sync 1 DAGs
[2026-08-15T02:39:47.110+0000] {logging_mixin.py:188} INFO - [2026-08-15T02:39:47.109+0000] {dag.py:3823} INFO - Setting next_dagrun for air_quality_ingestion to 2026-08-15 02:00:00+00:00, run_after=2026-08-15 03:00:00+00:00
[2026-08-15T02:39:47.133+0000] {processor.py:183} INFO - Processing /opt/airflow/dags/ingestion_dag.py took 0.175 seconds
[2026-08-15T02:40:17.432+0000] {processor.py:161} INFO - Started process (PID=57242) to work on /opt/airflow/dags/ingestion_dag.py
[2026-08-15T02:40:17.433+0000] {processor.py:830} INFO - Processing file /opt/airflow/dags/ingestion_dag.py for tasks to queue
[2026-08-15T02:40:17.435+0000] {logging_mixin.py:188} INFO - [2026-08-15T02:40:17.434+0000] {dagbag.py:538} INFO - Filling up the DagBag from /opt/airflow/dags/ingestion_dag.py
[2026-08-15T02:40:17.513+0000] {processor.py:840} INFO - DAG(s) 'air_quality_ingestion' retrieved from /opt/airflow/dags/ingestion_dag.py
[2026-08-15T02:40:17.533+0000] {logging_mixin.py:188} INFO - [2026-08-15T02:40:17.533+0000] {dag.py:3036} INFO - Sync 1 DAGs
[2026-08-15T02:40:17.555+0000] {logging_mixin.py:188} INFO - [2026-08-15T02:40:17.555+0000] {dag.py:3823} INFO - Setting next_dagrun for air_quality_ingestion to 2026-08-15 02:00:00+00:00, run_after=2026-08-15 03:00:00+00:00
[2026-08-15T02:40:17.577+0000] {processor.py:183} INFO - Processing /opt/airflow/dags/ingestion_dag.py took 0.149 seconds
[2026-08-15T02:40:47.876+0000] {processor.py:161} INFO - Started process (PID=57252) to work on /opt/airflow/dags/ingestion_dag.py
[2026-08-15T02:40:47.877+0000] {processor.py:830} INFO - Processing file /opt/airflow/dags/ingestion_dag.py for tasks to queue
[2026-08-15T02:40:47.878+0000] {logging_mixin.py:188} INFO - [2026-08-15T02:40:47.878+0000] {dagbag.py:538} INFO - Filling up the DagBag from /opt/airflow/dags/ingestion_dag.py
[2026-08-15T02:40:47.973+0000] {processor.py:840} INFO - DAG(s) 'air_quality_ingestion' retrieved from /opt/airflow/dags/ingestion_dag.py
[2026-08-15T02:40:48.002+0000] {logging_mixin.py:188} INFO - [2026-08-15T02:40:48.002+0000] {dag.py:3036} INFO - Sync 1 DAGs
[2026-08-15T02:40:48.030+0000] {logging_mixin.py:188} INFO - [2026-08-15T02:40:48.030+0000] {dag.py:3823} INFO - Setting next_dagrun for air_quality_ingestion to 2026-08-15 02:00:00+00:00, run_after=2026-08-15 03:00:00+00:00
[2026-08-15T02:40:48.055+0000] {processor.py:183} INFO - Processing /opt/airflow/dags/ingestion_dag.py took 0.181 seconds
[2026-08-15T02:41:18.394+0000] {processor.py:161} INFO - Started process (PID=57262) to work on /opt/airflow/dags/ingestion_dag.py
[2026-08-15T02:41:18.395+0000] {processor.py:830} INFO - Processing file /opt/airflow/dags/ingestion_dag.py for tasks to queue
[2026-08-15T02:41:18.395+0000] {logging_mixin.py:188} INFO - [2026-08-15T02:41:18.395+0000] {dagbag.py:538} INFO - Filling up the DagBag from /opt/airflow/dags/ingestion_dag.py
[2026-08-15T02:41:18.479+0000] {processor.py:840} INFO - DAG(s) 'air_quality_ingestion' retrieved from /opt/airflow/dags/ingestion_dag.py
[2026-08-15T02:41:18.501+0000] {logging_mixin.py:188} INFO - [2026-08-15T02:41:18.500+0000] {dag.py:3036} INFO - Sync 1 DAGs
[2026-08-15T02:41:18.522+0000] {logging_mixin.py:188} INFO - [2026-08-15T02:41:18.521+0000] {dag.py:3823} INFO - Setting next_dagrun for air_quality_ingestion to 2026-08-15 02:00:00+00:00, run_after=2026-08-15 03:00:00+00:00
[2026-08-15T02:41:18.541+0000] {processor.py:183} INFO - Processing /opt/airflow/dags/ingestion_dag.py took 0.150 seconds
[2026-08-15T02:41:48.866+0000] {processor.py:161} INFO - Started process (PID=57272) to work on /opt/airflow/dags/ingestion_dag.py
[2026-08-15T02:41:48.867+0000] {processor.py:830} INFO - Processing file /opt/airflow/dags/ingestion_dag.py for tasks to queue
[2026-08-15T02:41:48.868+0000] {logging_mixin.py:188} INFO - [2026-08-15T02:41:48.868+0000] {dagbag.py:538} INFO - Filling up the DagBag from /opt/airflow/dags/ingestion_dag.py
[2026-08-15T02:41:48.953+0000] {processor.py:840} INFO - DAG(s) 'air_quality_ingestion' retrieved from /opt/airflow/dags/ingestion_dag.py
[2026-08-15T02:41:48.974+0000] {logging_mixin.py:188} INFO - [2026-08-15T02:41:48.973+0000] {dag.py:3036} INFO - Sync 1 DAGs
[2026-08-15T02:41:48.994+0000] {logging_mixin.py:188} INFO - [2026-08-15T02:41:48.994+0000] {dag.py:3823} INFO - Setting next_dagrun for air_quality_ingestion to 2026-08-15 02:00:00+00:00, run_after=2026-08-15 03:00:00+00:00
[2026-08-15T02:41:49.014+0000] {processor.py:183} INFO - Processing /opt/airflow/dags/ingestion_dag.py took 0.151 seconds
[2026-08-15T02:42:19.372+0000] {processor.py:161} INFO - Started process (PID=57282) to work on /opt/airflow/dags/ingestion_dag.py
[2026-08-15T02:42:19.373+0000] {processor.py:830} INFO - Processing file /opt/airflow/dags/ingestion_dag.py for tasks to queue
[2026-08-15T02:42:19.374+0000] {logging_mixin.py:188} INFO - [2026-08-15T02:42:19.374+0000] {dagbag.py:538} INFO - Filling up the DagBag from /opt/airflow/dags/ingestion_dag.py
[2026-08-15T02:42:19.465+0000] {processor.py:840} INFO - DAG(s) 'air_quality_ingestion' retrieved from /opt/airflow/dags/ingestion_dag.py
[2026-08-15T02:42:19.486+0000] {logging_mixin.py:188} INFO - [2026-08-15T02:42:19.486+0000] {dag.py:3036} INFO - Sync 1 DAGs
[2026-08-15T02:42:19.505+0000] {logging_mixin.py:188} INFO - [2026-08-15T02:42:19.505+0000] {dag.py:3823} INFO - Setting next_dagrun for air_quality_ingestion to 2026-08-15 02:00:00+00:00, run_after=2026-08-15 03:00:00+00:00
[2026-08-15T02:42:19.526+0000] {processor.py:183} INFO - Processing /opt/airflow/dags/ingestion_dag.py took 0.156 seconds
[2026-08-15T02:42:49.789+0000] {processor.py:161} INFO - Started process (PID=57292) to work on /opt/airflow/dags/ingestion_dag.py
[2026-08-15T02:42:49.790+0000] {processor.py:830} INFO - Processing file /opt/airflow/dags/ingestion_dag.py for tasks to queue
[2026-08-15T02:42:49.791+0000] {logging_mixin.py:188} INFO - [2026-08-15T02:42:49.790+0000] {dagbag.py:538} INFO - Filling up the DagBag from /opt/airflow/dags/ingestion_dag.py
[2026-08-15T02:42:49.875+0000] {processor.py:840} INFO - DAG(s) 'air_quality_ingestion' retrieved from /opt/airflow/dags/ingestion_dag.py
[2026-08-15T02:42:49.893+0000] {logging_mixin.py:188} INFO - [2026-08-15T02:42:49.893+0000] {dag.py:3036} INFO - Sync 1 DAGs
[2026-08-15T02:42:49.910+0000] {logging_mixin.py:188} INFO - [2026-08-15T02:42:49.910+0000] {dag.py:3823} INFO - Setting next_dagrun for air_quality_ingestion to 2026-08-15 02:00:00+00:00, run_after=2026-08-15 03:00:00+00:00
[2026-08-15T02:42:49.930+0000] {processor.py:183} INFO - Processing /opt/airflow/dags/ingestion_dag.py took 0.144 seconds
[2026-08-15T02:43:20.227+0000] {processor.py:161} INFO - Started process (PID=57302) to work on /opt/airflow/dags/ingestion_dag.py
[2026-08-15T02:43:20.228+0000] {processor.py:830} INFO - Processing file /opt/airflow/dags/ingestion_dag.py for tasks to queue
[2026-08-15T02:43:20.229+0000] {logging_mixin.py:188} INFO - [2026-08-15T02:43:20.229+0000] {dagbag.py:538} INFO - Filling up the DagBag from /opt/airflow/dags/ingestion_dag.py
[2026-08-15T02:43:20.309+0000] {processor.py:840} INFO - DAG(s) 'air_quality_ingestion' retrieved from /opt/airflow/dags/ingestion_dag.py
[2026-08-15T02:43:20.332+0000] {logging_mixin.py:188} INFO - [2026-08-15T02:43:20.331+0000] {dag.py:3036} INFO - Sync 1 DAGs
[2026-08-15T02:43:20.352+0000] {logging_mixin.py:188} INFO - [2026-08-15T02:43:20.351+0000] {dag.py:3823} INFO - Setting next_dagrun for air_quality_ingestion to 2026-08-15 02:00:00+00:00, run_after=2026-08-15 03:00:00+00:00
[2026-08-15T02:43:20.379+0000] {processor.py:183} INFO - Processing /opt/airflow/dags/ingestion_dag.py took 0.154 seconds
[2026-08-15T02:43:50.703+0000] {processor.py:161} INFO - Started process (PID=57312) to work on /opt/airflow/dags/ingestion_dag.py
[2026-08-15T02:43:50.705+0000] {processor.py:830} INFO - Processing file /opt/airflow/dags/ingestion_dag.py for tasks to queue
[2026-08-15T02:43:50.706+0000] {logging_mixin.py:188} INFO - [2026-08-15T02:43:50.705+0000] {dagbag.py:538} INFO - Filling up the DagBag from /opt/airflow/dags/ingestion_dag.py
[2026-08-15T02:43:50.846+0000] {processor.py:840} INFO - DAG(s) 'air_quality_ingestion' retrieved from /opt/airflow/dags/ingestion_dag.py
[2026-08-15T02:43:50.880+0000] {logging_mixin.py:188} INFO - [2026-08-15T02:43:50.879+0000] {dag.py:3036} INFO - Sync 1 DAGs
[2026-08-15T02:43:50.903+0000] {logging_mixin.py:188} INFO - [2026-08-15T02:43:50.903+0000] {dag.py:3823} INFO - Setting next_dagrun for air_quality_ingestion to 2026-08-15 02:00:00+00:00, run_after=2026-08-15 03:00:00+00:00
[2026-08-15T02:43:50.922+0000] {processor.py:183} INFO - Processing /opt/airflow/dags/ingestion_dag.py took 0.223 seconds
[2026-08-15T02:44:21.262+0000] {processor.py:161} INFO - Started process (PID=57322) to work on /opt/airflow/dags/ingestion_dag.py
[2026-08-15T02:44:21.263+0000] {processor.py:830} INFO - Processing file /opt/airflow/dags/ingestion_dag.py for tasks to queue
[2026-08-15T02:44:21.265+0000] {logging_mixin.py:188} INFO - [2026-08-15T02:44:21.264+0000] {dagbag.py:538} INFO - Filling up the DagBag from /opt/airflow/dags/ingestion_dag.py
[2026-08-15T02:44:21.352+0000] {processor.py:840} INFO - DAG(s) 'air_quality_ingestion' retrieved from /opt/airflow/dags/ingestion_dag.py
[2026-08-15T02:44:21.370+0000] {logging_mixin.py:188} INFO - [2026-08-15T02:44:21.370+0000] {dag.py:3036} INFO - Sync 1 DAGs
[2026-08-15T02:44:21.391+0000] {logging_mixin.py:188} INFO - [2026-08-15T02:44:21.391+0000] {dag.py:3823} INFO - Setting next_dagrun for air_quality_ingestion to 2026-08-15 02:00:00+00:00, run_after=2026-08-15 03:00:00+00:00
[2026-08-15T02:44:21.409+0000] {processor.py:183} INFO - Processing /opt/airflow/dags/ingestion_dag.py took 0.150 seconds
[2026-08-15T02:44:51.756+0000] {processor.py:161} INFO - Started process (PID=57332) to work on /opt/airflow/dags/ingestion_dag.py
[2026-08-15T02:44:51.757+0000] {processor.py:830} INFO - Processing file /opt/airflow/dags/ingestion_dag.py for tasks to queue
[2026-08-15T02:44:51.757+0000] {logging_mixin.py:188} INFO - [2026-08-15T02:44:51.757+0000] {dagbag.py:538} INFO - Filling up the DagBag from /opt/airflow/dags/ingestion_dag.py
[2026-08-15T02:44:51.857+0000] {processor.py:840} INFO - DAG(s) 'air_quality_ingestion' retrieved from /opt/airflow/dags/ingestion_dag.py
[2026-08-15T02:44:51.884+0000] {logging_mixin.py:188} INFO - [2026-08-15T02:44:51.884+0000] {dag.py:3036} INFO - Sync 1 DAGs
[2026-08-15T02:44:51.907+0000] {logging_mixin.py:188} INFO - [2026-08-15T02:44:51.907+0000] {dag.py:3823} INFO - Setting next_dagrun for air_quality_ingestion to 2026-08-15 02:00:00+00:00, run_after=2026-08-15 03:00:00+00:00
[2026-08-15T02:44:51.931+0000] {processor.py:183} INFO - Processing /opt/airflow/dags/ingestion_dag.py took 0.178 seconds
[2026-08-15T02:45:22.225+0000] {processor.py:161} INFO - Started process (PID=57342) to work on /opt/airflow/dags/ingestion_dag.py
[2026-08-15T02:45:22.226+0000] {processor.py:830} INFO - Processing file /opt/airflow/dags/ingestion_dag.py for tasks to queue
[2026-08-15T02:45:22.227+0000] {logging_mixin.py:188} INFO - [2026-08-15T02:45:22.227+0000] {dagbag.py:538} INFO - Filling up the DagBag from /opt/airflow/dags/ingestion_dag.py
[2026-08-15T02:45:22.312+0000] {processor.py:840} INFO - DAG(s) 'air_quality_ingestion' retrieved from /opt/airflow/dags/ingestion_dag.py
[2026-08-15T02:45:22.332+0000] {logging_mixin.py:188} INFO - [2026-08-15T02:45:22.332+0000] {dag.py:3036} INFO - Sync 1 DAGs
[2026-08-15T02:45:22.351+0000] {logging_mixin.py:188} INFO - [2026-08-15T02:45:22.351+0000] {dag.py:3823} INFO - Setting next_dagrun for air_quality_ingestion to 2026-08-15 02:00:00+00:00, run_after=2026-08-15 03:00:00+00:00
[2026-08-15T02:45:22.373+0000] {processor.py:183} INFO - Processing /opt/airflow/dags/ingestion_dag.py took 0.151 seconds
[2026-08-15T02:45:52.661+0000] {processor.py:161} INFO - Started process (PID=57352) to work on /opt/airflow/dags/ingestion_dag.py
[2026-08-15T02:45:52.662+0000] {processor.py:830} INFO - Processing file /opt/airflow/dags/ingestion_dag.py for tasks to queue
[2026-08-15T02:45:52.663+0000] {logging_mixin.py:188} INFO - [2026-08-15T02:45:52.663+0000] {dagbag.py:538} INFO - Filling up the DagBag from /opt/airflow/dags/ingestion_dag.py
[2026-08-15T02:45:52.739+0000] {processor.py:840} INFO - DAG(s) 'air_quality_ingestion' retrieved from /opt/airflow/dags/ingestion_dag.py
[2026-08-15T02:45:52.760+0000] {logging_mixin.py:188} INFO - [2026-08-15T02:45:52.760+0000] {dag.py:3036} INFO - Sync 1 DAGs
[2026-08-15T02:45:52.779+0000] {logging_mixin.py:188} INFO - [2026-08-15T02:45:52.779+0000] {dag.py:3823} INFO - Setting next_dagrun for air_quality_ingestion to 2026-08-15 02:00:00+00:00, run_after=2026-08-15 03:00:00+00:00
[2026-08-15T02:45:52.795+0000] {processor.py:183} INFO - Processing /opt/airflow/dags/ingestion_dag.py took 0.137 seconds
[2026-08-15T02:46:23.220+0000] {processor.py:161} INFO - Started process (PID=57362) to work on /opt/airflow/dags/ingestion_dag.py
[2026-08-15T02:46:23.221+0000] {processor.py:830} INFO - Processing file /opt/airflow/dags/ingestion_dag.py for tasks to queue
[2026-08-15T02:46:23.223+0000] {logging_mixin.py:188} INFO - [2026-08-15T02:46:23.222+0000] {dagbag.py:538} INFO - Filling up the DagBag from /opt/airflow/dags/ingestion_dag.py
[2026-08-15T02:46:23.314+0000] {processor.py:840} INFO - DAG(s) 'air_quality_ingestion' retrieved from /opt/airflow/dags/ingestion_dag.py
[2026-08-15T02:46:23.335+0000] {logging_mixin.py:188} INFO - [2026-08-15T02:46:23.335+0000] {dag.py:3036} INFO - Sync 1 DAGs
[2026-08-15T02:46:23.359+0000] {logging_mixin.py:188} INFO - [2026-08-15T02:46:23.359+0000] {dag.py:3823} INFO - Setting next_dagrun for air_quality_ingestion to 2026-08-15 02:00:00+00:00, run_after=2026-08-15 03:00:00+00:00
[2026-08-15T02:46:23.381+0000] {processor.py:183} INFO - Processing /opt/airflow/dags/ingestion_dag.py took 0.164 seconds
[2026-08-15T02:46:53.696+0000] {processor.py:161} INFO - Started process (PID=57372) to work on /opt/airflow/dags/ingestion_dag.py
[2026-08-15T02:46:53.698+0000] {processor.py:830} INFO - Processing file /opt/airflow/dags/ingestion_dag.py for tasks to queue
[2026-08-15T02:46:53.699+0000] {logging_mixin.py:188} INFO - [2026-08-15T02:46:53.699+0000] {dagbag.py:538} INFO - Filling up the DagBag from /opt/airflow/dags/ingestion_dag.py
[2026-08-15T02:46:53.788+0000] {processor.py:840} INFO - DAG(s) 'air_quality_ingestion' retrieved from /opt/airflow/dags/ingestion_dag.py
[2026-08-15T02:46:53.809+0000] {logging_mixin.py:188} INFO - [2026-08-15T02:46:53.809+0000] {dag.py:3036} INFO - Sync 1 DAGs
[2026-08-15T02:46:53.830+0000] {logging_mixin.py:188} INFO - [2026-08-15T02:46:53.830+0000] {dag.py:3823} INFO - Setting next_dagrun for air_quality_ingestion to 2026-08-15 02:00:00+00:00, run_after=2026-08-15 03:00:00+00:00
[2026-08-15T02:46:53.848+0000] {processor.py:183} INFO - Processing /opt/airflow/dags/ingestion_dag.py took 0.156 seconds
[2026-08-15T02:47:24.223+0000] {processor.py:161} INFO - Started process (PID=57382) to work on /opt/airflow/dags/ingestion_dag.py
[2026-08-15T02:47:24.224+0000] {processor.py:830} INFO - Processing file /opt/airflow/dags/ingestion_dag.py for tasks to queue
[2026-08-15T02:47:24.226+0000] {logging_mixin.py:188} INFO - [2026-08-15T02:47:24.225+0000] {dagbag.py:538} INFO - Filling up the DagBag from /opt/airflow/dags/ingestion_dag.py
[2026-08-15T02:47:24.325+0000] {processor.py:840} INFO - DAG(s) 'air_quality_ingestion' retrieved from /opt/airflow/dags/ingestion_dag.py
[2026-08-15T02:47:24.350+0000] {logging_mixin.py:188} INFO - [2026-08-15T02:47:24.350+0000] {dag.py:3036} INFO - Sync 1 DAGs
[2026-08-15T02:47:24.372+0000] {logging_mixin.py:188} INFO - [2026-08-15T02:47:24.371+0000] {dag.py:3823} INFO - Setting next_dagrun for air_quality_ingestion to 2026-08-15 02:00:00+00:00, run_after=2026-08-15 03:00:00+00:00
[2026-08-15T02:47:24.396+0000] {processor.py:183} INFO - Processing /opt/airflow/dags/ingestion_dag.py took 0.176 seconds
[2026-08-15T02:47:54.716+0000] {processor.py:161} INFO - Started process (PID=57392) to work on /opt/airflow/dags/ingestion_dag.py
[2026-08-15T02:47:54.718+0000] {processor.py:830} INFO - Processing file /opt/airflow/dags/ingestion_dag.py for tasks to queue
[2026-08-15T02:47:54.722+0000] {logging_mixin.py:188} INFO - [2026-08-15T02:47:54.722+0000] {dagbag.py:538} INFO - Filling up the DagBag from /opt/airflow/dags/ingestion_dag.py
[2026-08-15T02:47:54.814+0000] {processor.py:840} INFO - DAG(s) 'air_quality_ingestion' retrieved from /opt/airflow/dags/ingestion_dag.py
[2026-08-15T02:47:54.834+0000] {logging_mixin.py:188} INFO - [2026-08-15T02:47:54.834+0000] {dag.py:3036} INFO - Sync 1 DAGs
[2026-08-15T02:47:54.868+0000] {logging_mixin.py:188} INFO - [2026-08-15T02:47:54.868+0000] {dag.py:3823} INFO - Setting next_dagrun for air_quality_ingestion to 2026-08-15 02:00:00+00:00, run_after=2026-08-15 03:00:00+00:00
[2026-08-15T02:47:54.897+0000] {processor.py:183} INFO - Processing /opt/airflow/dags/ingestion_dag.py took 0.183 seconds
[2026-08-15T02:48:25.164+0000] {processor.py:161} INFO - Started process (PID=57402) to work on /opt/airflow/dags/ingestion_dag.py
[2026-08-15T02:48:25.165+0000] {processor.py:830} INFO - Processing file /opt/airflow/dags/ingestion_dag.py for tasks to queue
[2026-08-15T02:48:25.166+0000] {logging_mixin.py:188} INFO - [2026-08-15T02:48:25.166+0000] {dagbag.py:538} INFO - Filling up the DagBag from /opt/airflow/dags/ingestion_dag.py
[2026-08-15T02:48:25.242+0000] {processor.py:840} INFO - DAG(s) 'air_quality_ingestion' retrieved from /opt/airflow/dags/ingestion_dag.py
[2026-08-15T02:48:25.264+0000] {logging_mixin.py:188} INFO - [2026-08-15T02:48:25.264+0000] {dag.py:3036} INFO - Sync 1 DAGs
[2026-08-15T02:48:25.283+0000] {logging_mixin.py:188} INFO - [2026-08-15T02:48:25.283+0000] {dag.py:3823} INFO - Setting next_dagrun for air_quality_ingestion to 2026-08-15 02:00:00+00:00, run_after=2026-08-15 03:00:00+00:00
[2026-08-15T02:48:25.307+0000] {processor.py:183} INFO - Processing /opt/airflow/dags/ingestion_dag.py took 0.146 seconds
[2026-08-15T02:48:55.622+0000] {processor.py:161} INFO - Started process (PID=57412) to work on /opt/airflow/dags/ingestion_dag.py
[2026-08-15T02:48:55.623+0000] {processor.py:830} INFO - Processing file /opt/airflow/dags/ingestion_dag.py for tasks to queue
[2026-08-15T02:48:55.624+0000] {logging_mixin.py:188} INFO - [2026-08-15T02:48:55.623+0000] {dagbag.py:538} INFO - Filling up the DagBag from /opt/airflow/dags/ingestion_dag.py
[2026-08-15T02:48:55.725+0000] {processor.py:840} INFO - DAG(s) 'air_quality_ingestion' retrieved from /opt/airflow/dags/ingestion_dag.py
[2026-08-15T02:48:55.743+0000] {logging_mixin.py:188} INFO - [2026-08-15T02:48:55.743+0000] {dag.py:3036} INFO - Sync 1 DAGs
[2026-08-15T02:48:55.762+0000] {logging_mixin.py:188} INFO - [2026-08-15T02:48:55.762+0000] {dag.py:3823} INFO - Setting next_dagrun for air_quality_ingestion to 2026-08-15 02:00:00+00:00, run_after=2026-08-15 03:00:00+00:00
[2026-08-15T02:48:55.778+0000] {processor.py:183} INFO - Processing /opt/airflow/dags/ingestion_dag.py took 0.159 seconds
[2026-08-15T02:49:26.074+0000] {processor.py:161} INFO - Started process (PID=57422) to work on /opt/airflow/dags/ingestion_dag.py
[2026-08-15T02:49:26.075+0000] {processor.py:830} INFO - Processing file /opt/airflow/dags/ingestion_dag.py for tasks to queue
[2026-08-15T02:49:26.078+0000] {logging_mixin.py:188} INFO - [2026-08-15T02:49:26.077+0000] {dagbag.py:538} INFO - Filling up the DagBag from /opt/airflow/dags/ingestion_dag.py
[2026-08-15T02:49:26.169+0000] {processor.py:840} INFO - DAG(s) 'air_quality_ingestion' retrieved from /opt/airflow/dags/ingestion_dag.py
[2026-08-15T02:49:26.188+0000] {logging_mixin.py:188} INFO - [2026-08-15T02:49:26.187+0000] {dag.py:3036} INFO - Sync 1 DAGs
[2026-08-15T02:49:26.207+0000] {logging_mixin.py:188} INFO - [2026-08-15T02:49:26.207+0000] {dag.py:3823} INFO - Setting next_dagrun for air_quality_ingestion to 2026-08-15 02:00:00+00:00, run_after=2026-08-15 03:00:00+00:00
[2026-08-15T02:49:26.225+0000] {processor.py:183} INFO - Processing /opt/airflow/dags/ingestion_dag.py took 0.153 seconds
[2026-08-15T02:49:56.576+0000] {processor.py:161} INFO - Started process (PID=57432) to work on /opt/airflow/dags/ingestion_dag.py
[2026-08-15T02:49:56.577+0000] {processor.py:830} INFO - Processing file /opt/airflow/dags/ingestion_dag.py for tasks to queue
[2026-08-15T02:49:56.578+0000] {logging_mixin.py:188} INFO - [2026-08-15T02:49:56.578+0000] {dagbag.py:538} INFO - Filling up the DagBag from /opt/airflow/dags/ingestion_dag.py
[2026-08-15T02:49:56.678+0000] {processor.py:840} INFO - DAG(s) 'air_quality_ingestion' retrieved from /opt/airflow/dags/ingestion_dag.py
[2026-08-15T02:49:56.699+0000] {logging_mixin.py:188} INFO - [2026-08-15T02:49:56.699+0000] {dag.py:3036} INFO - Sync 1 DAGs
[2026-08-15T02:49:56.719+0000] {logging_mixin.py:188} INFO - [2026-08-15T02:49:56.719+0000] {dag.py:3823} INFO - Setting next_dagrun for air_quality_ingestion to 2026-08-15 02:00:00+00:00, run_after=2026-08-15 03:00:00+00:00
[2026-08-15T02:49:56.743+0000] {processor.py:183} INFO - Processing /opt/airflow/dags/ingestion_dag.py took 0.171 seconds
[2026-08-15T02:50:27.047+0000] {processor.py:161} INFO - Started process (PID=57442) to work on /opt/airflow/dags/ingestion_dag.py
[2026-08-15T02:50:27.049+0000] {processor.py:830} INFO - Processing file /opt/airflow/dags/ingestion_dag.py for tasks to queue
[2026-08-15T02:50:27.050+0000] {logging_mixin.py:188} INFO - [2026-08-15T02:50:27.050+0000] {dagbag.py:538} INFO - Filling up the DagBag from /opt/airflow/dags/ingestion_dag.py
[2026-08-15T02:50:27.142+0000] {processor.py:840} INFO - DAG(s) 'air_quality_ingestion' retrieved from /opt/airflow/dags/ingestion_dag.py
[2026-08-15T02:50:27.167+0000] {logging_mixin.py:188} INFO - [2026-08-15T02:50:27.166+0000] {dag.py:3036} INFO - Sync 1 DAGs
[2026-08-15T02:50:27.190+0000] {logging_mixin.py:188} INFO - [2026-08-15T02:50:27.190+0000] {dag.py:3823} INFO - Setting next_dagrun for air_quality_ingestion to 2026-08-15 02:00:00+00:00, run_after=2026-08-15 03:00:00+00:00
[2026-08-15T02:50:27.209+0000] {processor.py:183} INFO - Processing /opt/airflow/dags/ingestion_dag.py took 0.165 seconds
[2026-08-15T02:50:57.456+0000] {processor.py:161} INFO - Started process (PID=57452) to work on /opt/airflow/dags/ingestion_dag.py
[2026-08-15T02:50:57.457+0000] {processor.py:830} INFO - Processing file /opt/airflow/dags/ingestion_dag.py for tasks to queue
[2026-08-15T02:50:57.458+0000] {logging_mixin.py:188} INFO - [2026-08-15T02:50:57.458+0000] {dagbag.py:538} INFO - Filling up the DagBag from /opt/airflow/dags/ingestion_dag.py
[2026-08-15T02:50:57.559+0000] {processor.py:840} INFO - DAG(s) 'air_quality_ingestion' retrieved from /opt/airflow/dags/ingestion_dag.py
[2026-08-15T02:50:57.584+0000] {logging_mixin.py:188} INFO - [2026-08-15T02:50:57.583+0000] {dag.py:3036} INFO - Sync 1 DAGs
[2026-08-15T02:50:57.606+0000] {logging_mixin.py:188} INFO - [2026-08-15T02:50:57.605+0000] {dag.py:3823} INFO - Setting next_dagrun for air_quality_ingestion to 2026-08-15 02:00:00+00:00, run_after=2026-08-15 03:00:00+00:00
[2026-08-15T02:50:57.627+0000] {processor.py:183} INFO - Processing /opt/airflow/dags/ingestion_dag.py took 0.174 seconds
[2026-08-15T02:51:27.912+0000] {processor.py:161} INFO - Started process (PID=57462) to work on /opt/airflow/dags/ingestion_dag.py
[2026-08-15T02:51:27.913+0000] {processor.py:830} INFO - Processing file /opt/airflow/dags/ingestion_dag.py for tasks to queue
[2026-08-15T02:51:27.915+0000] {logging_mixin.py:188} INFO - [2026-08-15T02:51:27.914+0000] {dagbag.py:538} INFO - Filling up the DagBag from /opt/airflow/dags/ingestion_dag.py
[2026-08-15T02:51:28.032+0000] {processor.py:840} INFO - DAG(s) 'air_quality_ingestion' retrieved from /opt/airflow/dags/ingestion_dag.py
[2026-08-15T02:51:28.053+0000] {logging_mixin.py:188} INFO - [2026-08-15T02:51:28.053+0000] {dag.py:3036} INFO - Sync 1 DAGs
[2026-08-15T02:51:28.070+0000] {logging_mixin.py:188} INFO - [2026-08-15T02:51:28.070+0000] {dag.py:3823} INFO - Setting next_dagrun for air_quality_ingestion to 2026-08-15 02:00:00+00:00, run_after=2026-08-15 03:00:00+00:00
[2026-08-15T02:51:28.090+0000] {processor.py:183} INFO - Processing /opt/airflow/dags/ingestion_dag.py took 0.183 seconds
[2026-08-15T02:51:58.378+0000] {processor.py:161} INFO - Started process (PID=57472) to work on /opt/airflow/dags/ingestion_dag.py
[2026-08-15T02:51:58.379+0000] {processor.py:830} INFO - Processing file /opt/airflow/dags/ingestion_dag.py for tasks to queue
[2026-08-15T02:51:58.379+0000] {logging_mixin.py:188} INFO - [2026-08-15T02:51:58.379+0000] {dagbag.py:538} INFO - Filling up the DagBag from /opt/airflow/dags/ingestion_dag.py
[2026-08-15T02:51:58.473+0000] {processor.py:840} INFO - DAG(s) 'air_quality_ingestion' retrieved from /opt/airflow/dags/ingestion_dag.py
[2026-08-15T02:51:58.496+0000] {logging_mixin.py:188} INFO - [2026-08-15T02:51:58.496+0000] {dag.py:3036} INFO - Sync 1 DAGs
[2026-08-15T02:51:58.517+0000] {logging_mixin.py:188} INFO - [2026-08-15T02:51:58.517+0000] {dag.py:3823} INFO - Setting next_dagrun for air_quality_ingestion to 2026-08-15 02:00:00+00:00, run_after=2026-08-15 03:00:00+00:00
[2026-08-15T02:51:58.538+0000] {processor.py:183} INFO - Processing /opt/airflow/dags/ingestion_dag.py took 0.162 seconds
[2026-08-15T02:52:28.939+0000] {processor.py:161} INFO - Started process (PID=57482) to work on /opt/airflow/dags/ingestion_dag.py
[2026-08-15T02:52:28.941+0000] {processor.py:830} INFO - Processing file /opt/airflow/dags/ingestion_dag.py for tasks to queue
[2026-08-15T02:52:28.942+0000] {logging_mixin.py:188} INFO - [2026-08-15T02:52:28.942+0000] {dagbag.py:538} INFO - Filling up the DagBag from /opt/airflow/dags/ingestion_dag.py
[2026-08-15T02:52:29.037+0000] {processor.py:840} INFO - DAG(s) 'air_quality_ingestion' retrieved from /opt/airflow/dags/ingestion_dag.py
[2026-08-15T02:52:29.061+0000] {logging_mixin.py:188} INFO - [2026-08-15T02:52:29.061+0000] {dag.py:3036} INFO - Sync 1 DAGs
[2026-08-15T02:52:29.085+0000] {logging_mixin.py:188} INFO - [2026-08-15T02:52:29.085+0000] {dag.py:3823} INFO - Setting next_dagrun for air_quality_ingestion to 2026-08-15 02:00:00+00:00, run_after=2026-08-15 03:00:00+00:00
[2026-08-15T02:52:29.112+0000] {processor.py:183} INFO - Processing /opt/airflow/dags/ingestion_dag.py took 0.176 seconds
[2026-08-15T02:52:59.380+0000] {processor.py:161} INFO - Started process (PID=57492) to work on /opt/airflow/dags/ingestion_dag.py
[2026-08-15T02:52:59.381+0000] {processor.py:830} INFO - Processing file /opt/airflow/dags/ingestion_dag.py for tasks to queue
[2026-08-15T02:52:59.382+0000] {logging_mixin.py:188} INFO - [2026-08-15T02:52:59.382+0000] {dagbag.py:538} INFO - Filling up the DagBag from /opt/airflow/dags/ingestion_dag.py
[2026-08-15T02:52:59.472+0000] {processor.py:840} INFO - DAG(s) 'air_quality_ingestion' retrieved from /opt/airflow/dags/ingestion_dag.py
[2026-08-15T02:52:59.498+0000] {logging_mixin.py:188} INFO - [2026-08-15T02:52:59.498+0000] {dag.py:3036} INFO - Sync 1 DAGs
[2026-08-15T02:52:59.518+0000] {logging_mixin.py:188} INFO - [2026-08-15T02:52:59.518+0000] {dag.py:3823} INFO - Setting next_dagrun for air_quality_ingestion to 2026-08-15 02:00:00+00:00, run_after=2026-08-15 03:00:00+00:00
[2026-08-15T02:52:59.539+0000] {processor.py:183} INFO - Processing /opt/airflow/dags/ingestion_dag.py took 0.162 seconds
[2026-08-15T02:53:29.838+0000] {processor.py:161} INFO - Started process (PID=57502) to work on /opt/airflow/dags/ingestion_dag.py
[2026-08-15T02:53:29.840+0000] {processor.py:830} INFO - Processing file /opt/airflow/dags/ingestion_dag.py for tasks to queue
[2026-08-15T02:53:29.841+0000] {logging_mixin.py:188} INFO - [2026-08-15T02:53:29.840+0000] {dagbag.py:538} INFO - Filling up the DagBag from /opt/airflow/dags/ingestion_dag.py
[2026-08-15T02:53:29.931+0000] {processor.py:840} INFO - DAG(s) 'air_quality_ingestion' retrieved from /opt/airflow/dags/ingestion_dag.py
[2026-08-15T02:53:29.949+0000] {logging_mixin.py:188} INFO - [2026-08-15T02:53:29.949+0000] {dag.py:3036} INFO - Sync 1 DAGs
[2026-08-15T02:53:29.974+0000] {logging_mixin.py:188} INFO - [2026-08-15T02:53:29.973+0000] {dag.py:3823} INFO - Setting next_dagrun for air_quality_ingestion to 2026-08-15 02:00:00+00:00, run_after=2026-08-15 03:00:00+00:00
[2026-08-15T02:53:29.992+0000] {processor.py:183} INFO - Processing /opt/airflow/dags/ingestion_dag.py took 0.159 seconds
[2026-08-15T02:54:00.309+0000] {processor.py:161} INFO - Started process (PID=57512) to work on /opt/airflow/dags/ingestion_dag.py
[2026-08-15T02:54:00.311+0000] {processor.py:830} INFO - Processing file /opt/airflow/dags/ingestion_dag.py for tasks to queue
[2026-08-15T02:54:00.313+0000] {logging_mixin.py:188} INFO - [2026-08-15T02:54:00.312+0000] {dagbag.py:538} INFO - Filling up the DagBag from /opt/airflow/dags/ingestion_dag.py
[2026-08-15T02:54:00.456+0000] {processor.py:840} INFO - DAG(s) 'air_quality_ingestion' retrieved from /opt/airflow/dags/ingestion_dag.py
[2026-08-15T02:54:00.487+0000] {logging_mixin.py:188} INFO - [2026-08-15T02:54:00.487+0000] {dag.py:3036} INFO - Sync 1 DAGs
[2026-08-15T02:54:00.522+0000] {logging_mixin.py:188} INFO - [2026-08-15T02:54:00.521+0000] {dag.py:3823} INFO - Setting next_dagrun for air_quality_ingestion to 2026-08-15 02:00:00+00:00, run_after=2026-08-15 03:00:00+00:00
[2026-08-15T02:54:00.555+0000] {processor.py:183} INFO - Processing /opt/airflow/dags/ingestion_dag.py took 0.252 seconds
[2026-08-15T02:54:30.893+0000] {processor.py:161} INFO - Started process (PID=57522) to work on /opt/airflow/dags/ingestion_dag.py
[2026-08-15T02:54:30.894+0000] {processor.py:830} INFO - Processing file /opt/airflow/dags/ingestion_dag.py for tasks to queue
[2026-08-15T02:54:30.895+0000] {logging_mixin.py:188} INFO - [2026-08-15T02:54:30.895+0000] {dagbag.py:538} INFO - Filling up the DagBag from /opt/airflow/dags/ingestion_dag.py
[2026-08-15T02:54:30.980+0000] {processor.py:840} INFO - DAG(s) 'air_quality_ingestion' retrieved from /opt/airflow/dags/ingestion_dag.py
[2026-08-15T02:54:31.001+0000] {logging_mixin.py:188} INFO - [2026-08-15T02:54:31.000+0000] {dag.py:3036} INFO - Sync 1 DAGs
[2026-08-15T02:54:31.019+0000] {logging_mixin.py:188} INFO - [2026-08-15T02:54:31.019+0000] {dag.py:3823} INFO - Setting next_dagrun for air_quality_ingestion to 2026-08-15 02:00:00+00:00, run_after=2026-08-15 03:00:00+00:00
[2026-08-15T02:54:31.037+0000] {processor.py:183} INFO - Processing /opt/airflow/dags/ingestion_dag.py took 0.147 seconds
[2026-08-15T02:55:01.285+0000] {processor.py:161} INFO - Started process (PID=57532) to work on /opt/airflow/dags/ingestion_dag.py
[2026-08-15T02:55:01.286+0000] {processor.py:830} INFO - Processing file /opt/airflow/dags/ingestion_dag.py for tasks to queue
[2026-08-15T02:55:01.287+0000] {logging_mixin.py:188} INFO - [2026-08-15T02:55:01.287+0000] {dagbag.py:538} INFO - Filling up the DagBag from /opt/airflow/dags/ingestion_dag.py
[2026-08-15T02:55:01.382+0000] {processor.py:840} INFO - DAG(s) 'air_quality_ingestion' retrieved from /opt/airflow/dags/ingestion_dag.py
[2026-08-15T02:55:01.411+0000] {logging_mixin.py:188} INFO - [2026-08-15T02:55:01.411+0000] {dag.py:3036} INFO - Sync 1 DAGs
[2026-08-15T02:55:01.434+0000] {logging_mixin.py:188} INFO - [2026-08-15T02:55:01.434+0000] {dag.py:3823} INFO - Setting next_dagrun for air_quality_ingestion to 2026-08-15 02:00:00+00:00, run_after=2026-08-15 03:00:00+00:00
[2026-08-15T02:55:01.463+0000] {processor.py:183} INFO - Processing /opt/airflow/dags/ingestion_dag.py took 0.181 seconds
[2026-08-15T02:55:31.760+0000] {processor.py:161} INFO - Started process (PID=57542) to work on /opt/airflow/dags/ingestion_dag.py
[2026-08-15T02:55:31.761+0000] {processor.py:830} INFO - Processing file /opt/airflow/dags/ingestion_dag.py for tasks to queue
[2026-08-15T02:55:31.763+0000] {logging_mixin.py:188} INFO - [2026-08-15T02:55:31.762+0000] {dagbag.py:538} INFO - Filling up the DagBag from /opt/airflow/dags/ingestion_dag.py
[2026-08-15T02:55:31.844+0000] {processor.py:840} INFO - DAG(s) 'air_quality_ingestion' retrieved from /opt/airflow/dags/ingestion_dag.py
[2026-08-15T02:55:31.864+0000] {logging_mixin.py:188} INFO - [2026-08-15T02:55:31.863+0000] {dag.py:3036} INFO - Sync 1 DAGs
[2026-08-15T02:55:31.883+0000] {logging_mixin.py:188} INFO - [2026-08-15T02:55:31.883+0000] {dag.py:3823} INFO - Setting next_dagrun for air_quality_ingestion to 2026-08-15 02:00:00+00:00, run_after=2026-08-15 03:00:00+00:00
[2026-08-15T02:55:31.898+0000] {processor.py:183} INFO - Processing /opt/airflow/dags/ingestion_dag.py took 0.143 seconds
[2026-08-15T02:56:02.249+0000] {processor.py:161} INFO - Started process (PID=57552) to work on /opt/airflow/dags/ingestion_dag.py
[2026-08-15T02:56:02.250+0000] {processor.py:830} INFO - Processing file /opt/airflow/dags/ingestion_dag.py for tasks to queue
[2026-08-15T02:56:02.251+0000] {logging_mixin.py:188} INFO - [2026-08-15T02:56:02.251+0000] {dagbag.py:538} INFO - Filling up the DagBag from /opt/airflow/dags/ingestion_dag.py
[2026-08-15T02:56:02.344+0000] {processor.py:840} INFO - DAG(s) 'air_quality_ingestion' retrieved from /opt/airflow/dags/ingestion_dag.py
[2026-08-15T02:56:02.366+0000] {logging_mixin.py:188} INFO - [2026-08-15T02:56:02.366+0000] {dag.py:3036} INFO - Sync 1 DAGs
[2026-08-15T02:56:02.390+0000] {logging_mixin.py:188} INFO - [2026-08-15T02:56:02.390+0000] {dag.py:3823} INFO - Setting next_dagrun for air_quality_ingestion to 2026-08-15 02:00:00+00:00, run_after=2026-08-15 03:00:00+00:00
[2026-08-15T02:56:02.413+0000] {processor.py:183} INFO - Processing /opt/airflow/dags/ingestion_dag.py took 0.168 seconds
[2026-08-15T02:56:32.688+0000] {processor.py:161} INFO - Started process (PID=57562) to work on /opt/airflow/dags/ingestion_dag.py
[2026-08-15T02:56:32.690+0000] {processor.py:830} INFO - Processing file /opt/airflow/dags/ingestion_dag.py for tasks to queue
[2026-08-15T02:56:32.691+0000] {logging_mixin.py:188} INFO - [2026-08-15T02:56:32.691+0000] {dagbag.py:538} INFO - Filling up the DagBag from /opt/airflow/dags/ingestion_dag.py
[2026-08-15T02:56:32.798+0000] {processor.py:840} INFO - DAG(s) 'air_quality_ingestion' retrieved from /opt/airflow/dags/ingestion_dag.py
[2026-08-15T02:56:32.817+0000] {logging_mixin.py:188} INFO - [2026-08-15T02:56:32.817+0000] {dag.py:3036} INFO - Sync 1 DAGs
[2026-08-15T02:56:32.839+0000] {logging_mixin.py:188} INFO - [2026-08-15T02:56:32.839+0000] {dag.py:3823} INFO - Setting next_dagrun for air_quality_ingestion to 2026-08-15 02:00:00+00:00, run_after=2026-08-15 03:00:00+00:00
[2026-08-15T02:56:32.859+0000] {processor.py:183} INFO - Processing /opt/airflow/dags/ingestion_dag.py took 0.174 seconds
[2026-08-15T02:57:03.137+0000] {processor.py:161} INFO - Started process (PID=57572) to work on /opt/airflow/dags/ingestion_dag.py
[2026-08-15T02:57:03.138+0000] {processor.py:830} INFO - Processing file /opt/airflow/dags/ingestion_dag.py for tasks to queue
[2026-08-15T02:57:03.140+0000] {logging_mixin.py:188} INFO - [2026-08-15T02:57:03.139+0000] {dagbag.py:538} INFO - Filling up the DagBag from /opt/airflow/dags/ingestion_dag.py
[2026-08-15T02:57:03.236+0000] {processor.py:840} INFO - DAG(s) 'air_quality_ingestion' retrieved from /opt/airflow/dags/ingestion_dag.py
[2026-08-15T02:57:03.258+0000] {logging_mixin.py:188} INFO - [2026-08-15T02:57:03.258+0000] {dag.py:3036} INFO - Sync 1 DAGs
[2026-08-15T02:57:03.279+0000] {logging_mixin.py:188} INFO - [2026-08-15T02:57:03.278+0000] {dag.py:3823} INFO - Setting next_dagrun for air_quality_ingestion to 2026-08-15 02:00:00+00:00, run_after=2026-08-15 03:00:00+00:00
[2026-08-15T02:57:03.295+0000] {processor.py:183} INFO - Processing /opt/airflow/dags/ingestion_dag.py took 0.161 seconds
[2026-08-15T02:57:33.687+0000] {processor.py:161} INFO - Started process (PID=57582) to work on /opt/airflow/dags/ingestion_dag.py
[2026-08-15T02:57:33.688+0000] {processor.py:830} INFO - Processing file /opt/airflow/dags/ingestion_dag.py for tasks to queue
[2026-08-15T02:57:33.690+0000] {logging_mixin.py:188} INFO - [2026-08-15T02:57:33.690+0000] {dagbag.py:538} INFO - Filling up the DagBag from /opt/airflow/dags/ingestion_dag.py
[2026-08-15T02:57:33.783+0000] {processor.py:840} INFO - DAG(s) 'air_quality_ingestion' retrieved from /opt/airflow/dags/ingestion_dag.py
[2026-08-15T02:57:33.806+0000] {logging_mixin.py:188} INFO - [2026-08-15T02:57:33.806+0000] {dag.py:3036} INFO - Sync 1 DAGs
[2026-08-15T02:57:33.826+0000] {logging_mixin.py:188} INFO - [2026-08-15T02:57:33.826+0000] {dag.py:3823} INFO - Setting next_dagrun for air_quality_ingestion to 2026-08-15 02:00:00+00:00, run_after=2026-08-15 03:00:00+00:00
[2026-08-15T02:57:33.848+0000] {processor.py:183} INFO - Processing /opt/airflow/dags/ingestion_dag.py took 0.163 seconds
[2026-08-15T02:58:04.144+0000] {processor.py:161} INFO - Started process (PID=57592) to work on /opt/airflow/dags/ingestion_dag.py
[2026-08-15T02:58:04.145+0000] {processor.py:830} INFO - Processing file /opt/airflow/dags/ingestion_dag.py for tasks to queue
[2026-08-15T02:58:04.146+0000] {logging_mixin.py:188} INFO - [2026-08-15T02:58:04.146+0000] {dagbag.py:538} INFO - Filling up the DagBag from /opt/airflow/dags/ingestion_dag.py
[2026-08-15T02:58:04.240+0000] {processor.py:840} INFO - DAG(s) 'air_quality_ingestion' retrieved from /opt/airflow/dags/ingestion_dag.py
[2026-08-15T02:58:04.261+0000] {logging_mixin.py:188} INFO - [2026-08-15T02:58:04.261+0000] {dag.py:3036} INFO - Sync 1 DAGs
[2026-08-15T02:58:04.280+0000] {logging_mixin.py:188} INFO - [2026-08-15T02:58:04.280+0000] {dag.py:3823} INFO - Setting next_dagrun for air_quality_ingestion to 2026-08-15 02:00:00+00:00, run_after=2026-08-15 03:00:00+00:00
[2026-08-15T02:58:04.299+0000] {processor.py:183} INFO - Processing /opt/airflow/dags/ingestion_dag.py took 0.158 seconds
[2026-08-15T02:58:34.578+0000] {processor.py:161} INFO - Started process (PID=57602) to work on /opt/airflow/dags/ingestion_dag.py
[2026-08-15T02:58:34.579+0000] {processor.py:830} INFO - Processing file /opt/airflow/dags/ingestion_dag.py for tasks to queue
[2026-08-15T02:58:34.580+0000] {logging_mixin.py:188} INFO - [2026-08-15T02:58:34.580+0000] {dagbag.py:538} INFO - Filling up the DagBag from /opt/airflow/dags/ingestion_dag.py
[2026-08-15T02:58:34.672+0000] {processor.py:840} INFO - DAG(s) 'air_quality_ingestion' retrieved from /opt/airflow/dags/ingestion_dag.py
[2026-08-15T02:58:34.694+0000] {logging_mixin.py:188} INFO - [2026-08-15T02:58:34.694+0000] {dag.py:3036} INFO - Sync 1 DAGs
[2026-08-15T02:58:34.716+0000] {logging_mixin.py:188} INFO - [2026-08-15T02:58:34.716+0000] {dag.py:3823} INFO - Setting next_dagrun for air_quality_ingestion to 2026-08-15 02:00:00+00:00, run_after=2026-08-15 03:00:00+00:00
[2026-08-15T02:58:34.735+0000] {processor.py:183} INFO - Processing /opt/airflow/dags/ingestion_dag.py took 0.160 seconds
[2026-08-15T02:59:05.016+0000] {processor.py:161} INFO - Started process (PID=57612) to work on /opt/airflow/dags/ingestion_dag.py
[2026-08-15T02:59:05.018+0000] {processor.py:830} INFO - Processing file /opt/airflow/dags/ingestion_dag.py for tasks to queue
[2026-08-15T02:59:05.019+0000] {logging_mixin.py:188} INFO - [2026-08-15T02:59:05.019+0000] {dagbag.py:538} INFO - Filling up the DagBag from /opt/airflow/dags/ingestion_dag.py
[2026-08-15T02:59:05.113+0000] {processor.py:840} INFO - DAG(s) 'air_quality_ingestion' retrieved from /opt/airflow/dags/ingestion_dag.py
[2026-08-15T02:59:05.133+0000] {logging_mixin.py:188} INFO - [2026-08-15T02:59:05.133+0000] {dag.py:3036} INFO - Sync 1 DAGs
[2026-08-15T02:59:05.151+0000] {logging_mixin.py:188} INFO - [2026-08-15T02:59:05.151+0000] {dag.py:3823} INFO - Setting next_dagrun for air_quality_ingestion to 2026-08-15 02:00:00+00:00, run_after=2026-08-15 03:00:00+00:00
[2026-08-15T02:59:05.171+0000] {processor.py:183} INFO - Processing /opt/airflow/dags/ingestion_dag.py took 0.157 seconds
[2026-08-15T02:59:35.499+0000] {processor.py:161} INFO - Started process (PID=57622) to work on /opt/airflow/dags/ingestion_dag.py
[2026-08-15T02:59:35.501+0000] {processor.py:830} INFO - Processing file /opt/airflow/dags/ingestion_dag.py for tasks to queue
[2026-08-15T02:59:35.502+0000] {logging_mixin.py:188} INFO - [2026-08-15T02:59:35.502+0000] {dagbag.py:538} INFO - Filling up the DagBag from /opt/airflow/dags/ingestion_dag.py
[2026-08-15T02:59:35.576+0000] {processor.py:840} INFO - DAG(s) 'air_quality_ingestion' retrieved from /opt/airflow/dags/ingestion_dag.py
[2026-08-15T02:59:35.595+0000] {logging_mixin.py:188} INFO - [2026-08-15T02:59:35.595+0000] {dag.py:3036} INFO - Sync 1 DAGs
[2026-08-15T02:59:35.614+0000] {logging_mixin.py:188} INFO - [2026-08-15T02:59:35.614+0000] {dag.py:3823} INFO - Setting next_dagrun for air_quality_ingestion to 2026-08-15 02:00:00+00:00, run_after=2026-08-15 03:00:00+00:00
[2026-08-15T02:59:35.631+0000] {processor.py:183} INFO - Processing /opt/airflow/dags/ingestion_dag.py took 0.135 seconds
[2026-08-15T03:00:05.908+0000] {processor.py:161} INFO - Started process (PID=57634) to work on /opt/airflow/dags/ingestion_dag.py
[2026-08-15T03:00:05.909+0000] {processor.py:830} INFO - Processing file /opt/airflow/dags/ingestion_dag.py for tasks to queue
[2026-08-15T03:00:05.910+0000] {logging_mixin.py:188} INFO - [2026-08-15T03:00:05.910+0000] {dagbag.py:538} INFO - Filling up the DagBag from /opt/airflow/dags/ingestion_dag.py
[2026-08-15T03:00:05.989+0000] {processor.py:840} INFO - DAG(s) 'air_quality_ingestion' retrieved from /opt/airflow/dags/ingestion_dag.py
[2026-08-15T03:00:06.007+0000] {logging_mixin.py:188} INFO - [2026-08-15T03:00:06.007+0000] {dag.py:3036} INFO - Sync 1 DAGs
[2026-08-15T03:00:06.026+0000] {logging_mixin.py:188} INFO - [2026-08-15T03:00:06.026+0000] {dag.py:3823} INFO - Setting next_dagrun for air_quality_ingestion to 2026-08-15 03:00:00+00:00, run_after=2026-08-15 04:00:00+00:00
[2026-08-15T03:00:06.524+0000] {processor.py:183} INFO - Processing /opt/airflow/dags/ingestion_dag.py took 0.619 seconds
[2026-08-15T03:00:37.296+0000] {processor.py:161} INFO - Started process (PID=57646) to work on /opt/airflow/dags/ingestion_dag.py
[2026-08-15T03:00:37.298+0000] {processor.py:830} INFO - Processing file /opt/airflow/dags/ingestion_dag.py for tasks to queue
[2026-08-15T03:00:37.299+0000] {logging_mixin.py:188} INFO - [2026-08-15T03:00:37.299+0000] {dagbag.py:538} INFO - Filling up the DagBag from /opt/airflow/dags/ingestion_dag.py
[2026-08-15T03:00:37.368+0000] {processor.py:840} INFO - DAG(s) 'air_quality_ingestion' retrieved from /opt/airflow/dags/ingestion_dag.py
[2026-08-15T03:00:37.388+0000] {logging_mixin.py:188} INFO - [2026-08-15T03:00:37.388+0000] {dag.py:3036} INFO - Sync 1 DAGs
[2026-08-15T03:00:37.407+0000] {logging_mixin.py:188} INFO - [2026-08-15T03:00:37.407+0000] {dag.py:3823} INFO - Setting next_dagrun for air_quality_ingestion to 2026-08-15 03:00:00+00:00, run_after=2026-08-15 04:00:00+00:00
[2026-08-15T03:00:37.426+0000] {processor.py:183} INFO - Processing /opt/airflow/dags/ingestion_dag.py took 0.133 seconds
[2026-08-15T03:01:07.785+0000] {processor.py:161} INFO - Started process (PID=57656) to work on /opt/airflow/dags/ingestion_dag.py
[2026-08-15T03:01:07.786+0000] {processor.py:830} INFO - Processing file /opt/airflow/dags/ingestion_dag.py for tasks to queue
[2026-08-15T03:01:07.788+0000] {logging_mixin.py:188} INFO - [2026-08-15T03:01:07.788+0000] {dagbag.py:538} INFO - Filling up the DagBag from /opt/airflow/dags/ingestion_dag.py
[2026-08-15T03:01:07.870+0000] {processor.py:840} INFO - DAG(s) 'air_quality_ingestion' retrieved from /opt/airflow/dags/ingestion_dag.py
[2026-08-15T03:01:07.891+0000] {logging_mixin.py:188} INFO - [2026-08-15T03:01:07.890+0000] {dag.py:3036} INFO - Sync 1 DAGs
[2026-08-15T03:01:07.910+0000] {logging_mixin.py:188} INFO - [2026-08-15T03:01:07.910+0000] {dag.py:3823} INFO - Setting next_dagrun for air_quality_ingestion to 2026-08-15 03:00:00+00:00, run_after=2026-08-15 04:00:00+00:00
[2026-08-15T03:01:07.928+0000] {processor.py:183} INFO - Processing /opt/airflow/dags/ingestion_dag.py took 0.147 seconds
[2026-08-15T03:01:38.274+0000] {processor.py:161} INFO - Started process (PID=57666) to work on /opt/airflow/dags/ingestion_dag.py
[2026-08-15T03:01:38.275+0000] {processor.py:830} INFO - Processing file /opt/airflow/dags/ingestion_dag.py for tasks to queue
[2026-08-15T03:01:38.276+0000] {logging_mixin.py:188} INFO - [2026-08-15T03:01:38.276+0000] {dagbag.py:538} INFO - Filling up the DagBag from /opt/airflow/dags/ingestion_dag.py
[2026-08-15T03:01:38.364+0000] {processor.py:840} INFO - DAG(s) 'air_quality_ingestion' retrieved from /opt/airflow/dags/ingestion_dag.py
[2026-08-15T03:01:38.385+0000] {logging_mixin.py:188} INFO - [2026-08-15T03:01:38.385+0000] {dag.py:3036} INFO - Sync 1 DAGs
[2026-08-15T03:01:38.408+0000] {logging_mixin.py:188} INFO - [2026-08-15T03:01:38.407+0000] {dag.py:3823} INFO - Setting next_dagrun for air_quality_ingestion to 2026-08-15 03:00:00+00:00, run_after=2026-08-15 04:00:00+00:00
[2026-08-15T03:01:38.431+0000] {processor.py:183} INFO - Processing /opt/airflow/dags/ingestion_dag.py took 0.160 seconds
[2026-08-15T03:02:08.813+0000] {processor.py:161} INFO - Started process (PID=57676) to work on /opt/airflow/dags/ingestion_dag.py
[2026-08-15T03:02:08.814+0000] {processor.py:830} INFO - Processing file /opt/airflow/dags/ingestion_dag.py for tasks to queue
[2026-08-15T03:02:08.816+0000] {logging_mixin.py:188} INFO - [2026-08-15T03:02:08.815+0000] {dagbag.py:538} INFO - Filling up the DagBag from /opt/airflow/dags/ingestion_dag.py
[2026-08-15T03:02:08.896+0000] {processor.py:840} INFO - DAG(s) 'air_quality_ingestion' retrieved from /opt/airflow/dags/ingestion_dag.py
[2026-08-15T03:02:08.915+0000] {logging_mixin.py:188} INFO - [2026-08-15T03:02:08.914+0000] {dag.py:3036} INFO - Sync 1 DAGs
[2026-08-15T03:02:08.935+0000] {logging_mixin.py:188} INFO - [2026-08-15T03:02:08.935+0000] {dag.py:3823} INFO - Setting next_dagrun for air_quality_ingestion to 2026-08-15 03:00:00+00:00, run_after=2026-08-15 04:00:00+00:00
[2026-08-15T03:02:09.166+0000] {processor.py:183} INFO - Processing /opt/airflow/dags/ingestion_dag.py took 0.355 seconds
[2026-08-15T03:02:39.278+0000] {processor.py:161} INFO - Started process (PID=57686) to work on /opt/airflow/dags/ingestion_dag.py
[2026-08-15T03:02:39.280+0000] {processor.py:830} INFO - Processing file /opt/airflow/dags/ingestion_dag.py for tasks to queue
[2026-08-15T03:02:39.281+0000] {logging_mixin.py:188} INFO - [2026-08-15T03:02:39.280+0000] {dagbag.py:538} INFO - Filling up the DagBag from /opt/airflow/dags/ingestion_dag.py
[2026-08-15T03:02:39.373+0000] {processor.py:840} INFO - DAG(s) 'air_quality_ingestion' retrieved from /opt/airflow/dags/ingestion_dag.py
[2026-08-15T03:02:39.389+0000] {logging_mixin.py:188} INFO - [2026-08-15T03:02:39.389+0000] {dag.py:3036} INFO - Sync 1 DAGs
[2026-08-15T03:02:39.517+0000] {logging_mixin.py:188} INFO - [2026-08-15T03:02:39.517+0000] {dag.py:3823} INFO - Setting next_dagrun for air_quality_ingestion to 2026-08-15 03:00:00+00:00, run_after=2026-08-15 04:00:00+00:00
[2026-08-15T03:02:39.532+0000] {processor.py:183} INFO - Processing /opt/airflow/dags/ingestion_dag.py took 0.257 seconds
[2026-08-15T03:03:09.696+0000] {processor.py:161} INFO - Started process (PID=57696) to work on /opt/airflow/dags/ingestion_dag.py
[2026-08-15T03:03:09.697+0000] {processor.py:830} INFO - Processing file /opt/airflow/dags/ingestion_dag.py for tasks to queue
[2026-08-15T03:03:09.698+0000] {logging_mixin.py:188} INFO - [2026-08-15T03:03:09.698+0000] {dagbag.py:538} INFO - Filling up the DagBag from /opt/airflow/dags/ingestion_dag.py
[2026-08-15T03:03:09.764+0000] {processor.py:840} INFO - DAG(s) 'air_quality_ingestion' retrieved from /opt/airflow/dags/ingestion_dag.py
[2026-08-15T03:03:09.786+0000] {logging_mixin.py:188} INFO - [2026-08-15T03:03:09.786+0000] {dag.py:3036} INFO - Sync 1 DAGs
[2026-08-15T03:03:09.804+0000] {logging_mixin.py:188} INFO - [2026-08-15T03:03:09.804+0000] {dag.py:3823} INFO - Setting next_dagrun for air_quality_ingestion to 2026-08-15 03:00:00+00:00, run_after=2026-08-15 04:00:00+00:00
[2026-08-15T03:03:09.823+0000] {processor.py:183} INFO - Processing /opt/airflow/dags/ingestion_dag.py took 0.129 seconds
[2026-08-15T03:03:40.192+0000] {processor.py:161} INFO - Started process (PID=57706) to work on /opt/airflow/dags/ingestion_dag.py
[2026-08-15T03:03:40.193+0000] {processor.py:830} INFO - Processing file /opt/airflow/dags/ingestion_dag.py for tasks to queue
[2026-08-15T03:03:40.195+0000] {logging_mixin.py:188} INFO - [2026-08-15T03:03:40.194+0000] {dagbag.py:538} INFO - Filling up the DagBag from /opt/airflow/dags/ingestion_dag.py
[2026-08-15T03:03:40.289+0000] {processor.py:840} INFO - DAG(s) 'air_quality_ingestion' retrieved from /opt/airflow/dags/ingestion_dag.py
[2026-08-15T03:03:40.313+0000] {logging_mixin.py:188} INFO - [2026-08-15T03:03:40.313+0000] {dag.py:3036} INFO - Sync 1 DAGs
[2026-08-15T03:03:40.337+0000] {logging_mixin.py:188} INFO - [2026-08-15T03:03:40.337+0000] {dag.py:3823} INFO - Setting next_dagrun for air_quality_ingestion to 2026-08-15 03:00:00+00:00, run_after=2026-08-15 04:00:00+00:00
[2026-08-15T03:03:40.362+0000] {processor.py:183} INFO - Processing /opt/airflow/dags/ingestion_dag.py took 0.173 seconds
[2026-08-15T03:04:10.650+0000] {processor.py:161} INFO - Started process (PID=57716) to work on /opt/airflow/dags/ingestion_dag.py
[2026-08-15T03:04:10.652+0000] {processor.py:830} INFO - Processing file /opt/airflow/dags/ingestion_dag.py for tasks to queue
[2026-08-15T03:04:10.653+0000] {logging_mixin.py:188} INFO - [2026-08-15T03:04:10.653+0000] {dagbag.py:538} INFO - Filling up the DagBag from /opt/airflow/dags/ingestion_dag.py
[2026-08-15T03:04:10.714+0000] {processor.py:840} INFO - DAG(s) 'air_quality_ingestion' retrieved from /opt/airflow/dags/ingestion_dag.py
[2026-08-15T03:04:10.734+0000] {logging_mixin.py:188} INFO - [2026-08-15T03:04:10.734+0000] {dag.py:3036} INFO - Sync 1 DAGs
[2026-08-15T03:04:10.757+0000] {logging_mixin.py:188} INFO - [2026-08-15T03:04:10.756+0000] {dag.py:3823} INFO - Setting next_dagrun for air_quality_ingestion to 2026-08-15 03:00:00+00:00, run_after=2026-08-15 04:00:00+00:00
[2026-08-15T03:04:10.919+0000] {processor.py:183} INFO - Processing /opt/airflow/dags/ingestion_dag.py took 0.272 seconds
[2026-08-15T03:04:41.031+0000] {processor.py:161} INFO - Started process (PID=57726) to work on /opt/airflow/dags/ingestion_dag.py
[2026-08-15T03:04:41.034+0000] {processor.py:830} INFO - Processing file /opt/airflow/dags/ingestion_dag.py for tasks to queue
[2026-08-15T03:04:41.035+0000] {logging_mixin.py:188} INFO - [2026-08-15T03:04:41.035+0000] {dagbag.py:538} INFO - Filling up the DagBag from /opt/airflow/dags/ingestion_dag.py
[2026-08-15T03:04:41.108+0000] {processor.py:840} INFO - DAG(s) 'air_quality_ingestion' retrieved from /opt/airflow/dags/ingestion_dag.py
[2026-08-15T03:04:41.141+0000] {logging_mixin.py:188} INFO - [2026-08-15T03:04:41.141+0000] {dag.py:3036} INFO - Sync 1 DAGs
[2026-08-15T03:04:41.280+0000] {logging_mixin.py:188} INFO - [2026-08-15T03:04:41.280+0000] {dag.py:3823} INFO - Setting next_dagrun for air_quality_ingestion to 2026-08-15 03:00:00+00:00, run_after=2026-08-15 04:00:00+00:00
[2026-08-15T03:04:41.303+0000] {processor.py:183} INFO - Processing /opt/airflow/dags/ingestion_dag.py took 0.275 seconds
[2026-08-15T03:05:11.600+0000] {processor.py:161} INFO - Started process (PID=57738) to work on /opt/airflow/dags/ingestion_dag.py
[2026-08-15T03:05:11.602+0000] {processor.py:830} INFO - Processing file /opt/airflow/dags/ingestion_dag.py for tasks to queue
[2026-08-15T03:05:11.603+0000] {logging_mixin.py:188} INFO - [2026-08-15T03:05:11.603+0000] {dagbag.py:538} INFO - Filling up the DagBag from /opt/airflow/dags/ingestion_dag.py
[2026-08-15T03:05:11.684+0000] {processor.py:840} INFO - DAG(s) 'air_quality_ingestion' retrieved from /opt/airflow/dags/ingestion_dag.py
[2026-08-15T03:05:11.701+0000] {logging_mixin.py:188} INFO - [2026-08-15T03:05:11.701+0000] {dag.py:3036} INFO - Sync 1 DAGs
[2026-08-15T03:05:11.721+0000] {logging_mixin.py:188} INFO - [2026-08-15T03:05:11.720+0000] {dag.py:3823} INFO - Setting next_dagrun for air_quality_ingestion to 2026-08-15 03:00:00+00:00, run_after=2026-08-15 04:00:00+00:00
[2026-08-15T03:05:11.739+0000] {processor.py:183} INFO - Processing /opt/airflow/dags/ingestion_dag.py took 0.144 seconds
[2026-08-15T03:05:41.935+0000] {processor.py:161} INFO - Started process (PID=57748) to work on /opt/airflow/dags/ingestion_dag.py
[2026-08-15T03:05:41.936+0000] {processor.py:830} INFO - Processing file /opt/airflow/dags/ingestion_dag.py for tasks to queue
[2026-08-15T03:05:41.937+0000] {logging_mixin.py:188} INFO - [2026-08-15T03:05:41.937+0000] {dagbag.py:538} INFO - Filling up the DagBag from /opt/airflow/dags/ingestion_dag.py
[2026-08-15T03:05:42.019+0000] {processor.py:840} INFO - DAG(s) 'air_quality_ingestion' retrieved from /opt/airflow/dags/ingestion_dag.py
[2026-08-15T03:05:42.042+0000] {logging_mixin.py:188} INFO - [2026-08-15T03:05:42.042+0000] {dag.py:3036} INFO - Sync 1 DAGs
[2026-08-15T03:05:42.061+0000] {logging_mixin.py:188} INFO - [2026-08-15T03:05:42.061+0000] {dag.py:3823} INFO - Setting next_dagrun for air_quality_ingestion to 2026-08-15 03:00:00+00:00, run_after=2026-08-15 04:00:00+00:00
[2026-08-15T03:05:42.080+0000] {processor.py:183} INFO - Processing /opt/airflow/dags/ingestion_dag.py took 0.149 seconds
[2026-08-15T03:06:12.410+0000] {processor.py:161} INFO - Started process (PID=57758) to work on /opt/airflow/dags/ingestion_dag.py
[2026-08-15T03:06:12.411+0000] {processor.py:830} INFO - Processing file /opt/airflow/dags/ingestion_dag.py for tasks to queue
[2026-08-15T03:06:12.413+0000] {logging_mixin.py:188} INFO - [2026-08-15T03:06:12.412+0000] {dagbag.py:538} INFO - Filling up the DagBag from /opt/airflow/dags/ingestion_dag.py
[2026-08-15T03:06:12.490+0000] {processor.py:840} INFO - DAG(s) 'air_quality_ingestion' retrieved from /opt/airflow/dags/ingestion_dag.py
[2026-08-15T03:06:12.519+0000] {logging_mixin.py:188} INFO - [2026-08-15T03:06:12.518+0000] {dag.py:3036} INFO - Sync 1 DAGs
[2026-08-15T03:06:12.542+0000] {logging_mixin.py:188} INFO - [2026-08-15T03:06:12.542+0000] {dag.py:3823} INFO - Setting next_dagrun for air_quality_ingestion to 2026-08-15 03:00:00+00:00, run_after=2026-08-15 04:00:00+00:00
[2026-08-15T03:06:12.703+0000] {processor.py:183} INFO - Processing /opt/airflow/dags/ingestion_dag.py took 0.296 seconds
[2026-08-15T03:06:42.999+0000] {processor.py:161} INFO - Started process (PID=57768) to work on /opt/airflow/dags/ingestion_dag.py
[2026-08-15T03:06:43.001+0000] {processor.py:830} INFO - Processing file /opt/airflow/dags/ingestion_dag.py for tasks to queue
[2026-08-15T03:06:43.002+0000] {logging_mixin.py:188} INFO - [2026-08-15T03:06:43.002+0000] {dagbag.py:538} INFO - Filling up the DagBag from /opt/airflow/dags/ingestion_dag.py
[2026-08-15T03:06:43.094+0000] {processor.py:840} INFO - DAG(s) 'air_quality_ingestion' retrieved from /opt/airflow/dags/ingestion_dag.py
[2026-08-15T03:06:43.129+0000] {logging_mixin.py:188} INFO - [2026-08-15T03:06:43.128+0000] {dag.py:3036} INFO - Sync 1 DAGs
[2026-08-15T03:06:43.356+0000] {logging_mixin.py:188} INFO - [2026-08-15T03:06:43.356+0000] {dag.py:3823} INFO - Setting next_dagrun for air_quality_ingestion to 2026-08-15 03:00:00+00:00, run_after=2026-08-15 04:00:00+00:00
[2026-08-15T03:06:43.390+0000] {processor.py:183} INFO - Processing /opt/airflow/dags/ingestion_dag.py took 0.394 seconds
[2026-08-15T03:07:13.535+0000] {processor.py:161} INFO - Started process (PID=57778) to work on /opt/airflow/dags/ingestion_dag.py
[2026-08-15T03:07:13.536+0000] {processor.py:830} INFO - Processing file /opt/airflow/dags/ingestion_dag.py for tasks to queue
[2026-08-15T03:07:13.538+0000] {logging_mixin.py:188} INFO - [2026-08-15T03:07:13.537+0000] {dagbag.py:538} INFO - Filling up the DagBag from /opt/airflow/dags/ingestion_dag.py
[2026-08-15T03:07:13.630+0000] {processor.py:840} INFO - DAG(s) 'air_quality_ingestion' retrieved from /opt/airflow/dags/ingestion_dag.py
[2026-08-15T03:07:13.654+0000] {logging_mixin.py:188} INFO - [2026-08-15T03:07:13.654+0000] {dag.py:3036} INFO - Sync 1 DAGs
[2026-08-15T03:07:13.682+0000] {logging_mixin.py:188} INFO - [2026-08-15T03:07:13.681+0000] {dag.py:3823} INFO - Setting next_dagrun for air_quality_ingestion to 2026-08-15 03:00:00+00:00, run_after=2026-08-15 04:00:00+00:00
[2026-08-15T03:07:13.710+0000] {processor.py:183} INFO - Processing /opt/airflow/dags/ingestion_dag.py took 0.178 seconds
[2026-08-15T03:07:43.869+0000] {processor.py:161} INFO - Started process (PID=57788) to work on /opt/airflow/dags/ingestion_dag.py
[2026-08-15T03:07:43.871+0000] {processor.py:830} INFO - Processing file /opt/airflow/dags/ingestion_dag.py for tasks to queue
[2026-08-15T03:07:43.873+0000] {logging_mixin.py:188} INFO - [2026-08-15T03:07:43.872+0000] {dagbag.py:538} INFO - Filling up the DagBag from /opt/airflow/dags/ingestion_dag.py
[2026-08-15T03:07:43.989+0000] {processor.py:840} INFO - DAG(s) 'air_quality_ingestion' retrieved from /opt/airflow/dags/ingestion_dag.py
[2026-08-15T03:07:44.024+0000] {logging_mixin.py:188} INFO - [2026-08-15T03:07:44.024+0000] {dag.py:3036} INFO - Sync 1 DAGs
[2026-08-15T03:07:44.056+0000] {logging_mixin.py:188} INFO - [2026-08-15T03:07:44.056+0000] {dag.py:3823} INFO - Setting next_dagrun for air_quality_ingestion to 2026-08-15 03:00:00+00:00, run_after=2026-08-15 04:00:00+00:00
[2026-08-15T03:07:44.089+0000] {processor.py:183} INFO - Processing /opt/airflow/dags/ingestion_dag.py took 0.224 seconds
[2026-08-15T03:08:14.390+0000] {processor.py:161} INFO - Started process (PID=57798) to work on /opt/airflow/dags/ingestion_dag.py
[2026-08-15T03:08:14.391+0000] {processor.py:830} INFO - Processing file /opt/airflow/dags/ingestion_dag.py for tasks to queue
[2026-08-15T03:08:14.392+0000] {logging_mixin.py:188} INFO - [2026-08-15T03:08:14.391+0000] {dagbag.py:538} INFO - Filling up the DagBag from /opt/airflow/dags/ingestion_dag.py
[2026-08-15T03:08:14.468+0000] {processor.py:840} INFO - DAG(s) 'air_quality_ingestion' retrieved from /opt/airflow/dags/ingestion_dag.py
[2026-08-15T03:08:14.489+0000] {logging_mixin.py:188} INFO - [2026-08-15T03:08:14.489+0000] {dag.py:3036} INFO - Sync 1 DAGs
[2026-08-15T03:08:14.514+0000] {logging_mixin.py:188} INFO - [2026-08-15T03:08:14.514+0000] {dag.py:3823} INFO - Setting next_dagrun for air_quality_ingestion to 2026-08-15 03:00:00+00:00, run_after=2026-08-15 04:00:00+00:00
[2026-08-15T03:08:14.678+0000] {processor.py:183} INFO - Processing /opt/airflow/dags/ingestion_dag.py took 0.292 seconds
[2026-08-15T03:08:44.783+0000] {processor.py:161} INFO - Started process (PID=57808) to work on /opt/airflow/dags/ingestion_dag.py
[2026-08-15T03:08:44.784+0000] {processor.py:830} INFO - Processing file /opt/airflow/dags/ingestion_dag.py for tasks to queue
[2026-08-15T03:08:44.785+0000] {logging_mixin.py:188} INFO - [2026-08-15T03:08:44.785+0000] {dagbag.py:538} INFO - Filling up the DagBag from /opt/airflow/dags/ingestion_dag.py
[2026-08-15T03:08:44.872+0000] {processor.py:840} INFO - DAG(s) 'air_quality_ingestion' retrieved from /opt/airflow/dags/ingestion_dag.py
[2026-08-15T03:08:44.890+0000] {logging_mixin.py:188} INFO - [2026-08-15T03:08:44.890+0000] {dag.py:3036} INFO - Sync 1 DAGs
[2026-08-15T03:08:45.038+0000] {logging_mixin.py:188} INFO - [2026-08-15T03:08:45.038+0000] {dag.py:3823} INFO - Setting next_dagrun for air_quality_ingestion to 2026-08-15 03:00:00+00:00, run_after=2026-08-15 04:00:00+00:00
[2026-08-15T03:08:45.057+0000] {processor.py:183} INFO - Processing /opt/airflow/dags/ingestion_dag.py took 0.277 seconds
[2026-08-15T03:09:15.200+0000] {processor.py:161} INFO - Started process (PID=57818) to work on /opt/airflow/dags/ingestion_dag.py
[2026-08-15T03:09:15.202+0000] {processor.py:830} INFO - Processing file /opt/airflow/dags/ingestion_dag.py for tasks to queue
[2026-08-15T03:09:15.203+0000] {logging_mixin.py:188} INFO - [2026-08-15T03:09:15.203+0000] {dagbag.py:538} INFO - Filling up the DagBag from /opt/airflow/dags/ingestion_dag.py
[2026-08-15T03:09:15.271+0000] {processor.py:840} INFO - DAG(s) 'air_quality_ingestion' retrieved from /opt/airflow/dags/ingestion_dag.py
[2026-08-15T03:09:15.413+0000] {logging_mixin.py:188} INFO - [2026-08-15T03:09:15.412+0000] {dag.py:3036} INFO - Sync 1 DAGs
[2026-08-15T03:09:15.432+0000] {logging_mixin.py:188} INFO - [2026-08-15T03:09:15.431+0000] {dag.py:3823} INFO - Setting next_dagrun for air_quality_ingestion to 2026-08-15 03:00:00+00:00, run_after=2026-08-15 04:00:00+00:00
[2026-08-15T03:09:15.451+0000] {processor.py:183} INFO - Processing /opt/airflow/dags/ingestion_dag.py took 0.254 seconds
[2026-08-15T03:09:45.663+0000] {processor.py:161} INFO - Started process (PID=57828) to work on /opt/airflow/dags/ingestion_dag.py
[2026-08-15T03:09:45.665+0000] {processor.py:830} INFO - Processing file /opt/airflow/dags/ingestion_dag.py for tasks to queue
[2026-08-15T03:09:45.666+0000] {logging_mixin.py:188} INFO - [2026-08-15T03:09:45.665+0000] {dagbag.py:538} INFO - Filling up the DagBag from /opt/airflow/dags/ingestion_dag.py
[2026-08-15T03:09:45.743+0000] {processor.py:840} INFO - DAG(s) 'air_quality_ingestion' retrieved from /opt/airflow/dags/ingestion_dag.py
[2026-08-15T03:09:45.762+0000] {logging_mixin.py:188} INFO - [2026-08-15T03:09:45.762+0000] {dag.py:3036} INFO - Sync 1 DAGs
[2026-08-15T03:09:45.780+0000] {logging_mixin.py:188} INFO - [2026-08-15T03:09:45.780+0000] {dag.py:3823} INFO - Setting next_dagrun for air_quality_ingestion to 2026-08-15 03:00:00+00:00, run_after=2026-08-15 04:00:00+00:00
[2026-08-15T03:09:45.798+0000] {processor.py:183} INFO - Processing /opt/airflow/dags/ingestion_dag.py took 0.138 seconds
[2026-08-15T03:10:16.106+0000] {processor.py:161} INFO - Started process (PID=57838) to work on /opt/airflow/dags/ingestion_dag.py
[2026-08-15T03:10:16.108+0000] {processor.py:830} INFO - Processing file /opt/airflow/dags/ingestion_dag.py for tasks to queue
[2026-08-15T03:10:16.109+0000] {logging_mixin.py:188} INFO - [2026-08-15T03:10:16.108+0000] {dagbag.py:538} INFO - Filling up the DagBag from /opt/airflow/dags/ingestion_dag.py
[2026-08-15T03:10:16.203+0000] {processor.py:840} INFO - DAG(s) 'air_quality_ingestion' retrieved from /opt/airflow/dags/ingestion_dag.py
[2026-08-15T03:10:16.234+0000] {logging_mixin.py:188} INFO - [2026-08-15T03:10:16.234+0000] {dag.py:3036} INFO - Sync 1 DAGs
[2026-08-15T03:10:16.259+0000] {logging_mixin.py:188} INFO - [2026-08-15T03:10:16.259+0000] {dag.py:3823} INFO - Setting next_dagrun for air_quality_ingestion to 2026-08-15 03:00:00+00:00, run_after=2026-08-15 04:00:00+00:00
[2026-08-15T03:10:16.457+0000] {processor.py:183} INFO - Processing /opt/airflow/dags/ingestion_dag.py took 0.355 seconds
[2026-08-15T03:10:46.533+0000] {processor.py:161} INFO - Started process (PID=57848) to work on /opt/airflow/dags/ingestion_dag.py
[2026-08-15T03:10:46.534+0000] {processor.py:830} INFO - Processing file /opt/airflow/dags/ingestion_dag.py for tasks to queue
[2026-08-15T03:10:46.536+0000] {logging_mixin.py:188} INFO - [2026-08-15T03:10:46.535+0000] {dagbag.py:538} INFO - Filling up the DagBag from /opt/airflow/dags/ingestion_dag.py
[2026-08-15T03:10:46.624+0000] {processor.py:840} INFO - DAG(s) 'air_quality_ingestion' retrieved from /opt/airflow/dags/ingestion_dag.py
[2026-08-15T03:10:46.646+0000] {logging_mixin.py:188} INFO - [2026-08-15T03:10:46.646+0000] {dag.py:3036} INFO - Sync 1 DAGs
[2026-08-15T03:10:46.793+0000] {logging_mixin.py:188} INFO - [2026-08-15T03:10:46.793+0000] {dag.py:3823} INFO - Setting next_dagrun for air_quality_ingestion to 2026-08-15 03:00:00+00:00, run_after=2026-08-15 04:00:00+00:00
[2026-08-15T03:10:46.811+0000] {processor.py:183} INFO - Processing /opt/airflow/dags/ingestion_dag.py took 0.282 seconds
[2026-08-15T03:11:17.113+0000] {processor.py:161} INFO - Started process (PID=57858) to work on /opt/airflow/dags/ingestion_dag.py
[2026-08-15T03:11:17.114+0000] {processor.py:830} INFO - Processing file /opt/airflow/dags/ingestion_dag.py for tasks to queue
[2026-08-15T03:11:17.116+0000] {logging_mixin.py:188} INFO - [2026-08-15T03:11:17.115+0000] {dagbag.py:538} INFO - Filling up the DagBag from /opt/airflow/dags/ingestion_dag.py
[2026-08-15T03:11:17.191+0000] {processor.py:840} INFO - DAG(s) 'air_quality_ingestion' retrieved from /opt/airflow/dags/ingestion_dag.py
[2026-08-15T03:11:17.359+0000] {logging_mixin.py:188} INFO - [2026-08-15T03:11:17.359+0000] {dag.py:3036} INFO - Sync 1 DAGs
[2026-08-15T03:11:17.376+0000] {logging_mixin.py:188} INFO - [2026-08-15T03:11:17.376+0000] {dag.py:3823} INFO - Setting next_dagrun for air_quality_ingestion to 2026-08-15 03:00:00+00:00, run_after=2026-08-15 04:00:00+00:00
[2026-08-15T03:11:17.394+0000] {processor.py:183} INFO - Processing /opt/airflow/dags/ingestion_dag.py took 0.284 seconds
[2026-08-15T03:11:47.586+0000] {processor.py:161} INFO - Started process (PID=57868) to work on /opt/airflow/dags/ingestion_dag.py
[2026-08-15T03:11:47.589+0000] {processor.py:830} INFO - Processing file /opt/airflow/dags/ingestion_dag.py for tasks to queue
[2026-08-15T03:11:47.590+0000] {logging_mixin.py:188} INFO - [2026-08-15T03:11:47.590+0000] {dagbag.py:538} INFO - Filling up the DagBag from /opt/airflow/dags/ingestion_dag.py
[2026-08-15T03:11:47.659+0000] {processor.py:840} INFO - DAG(s) 'air_quality_ingestion' retrieved from /opt/airflow/dags/ingestion_dag.py
[2026-08-15T03:11:47.675+0000] {logging_mixin.py:188} INFO - [2026-08-15T03:11:47.675+0000] {dag.py:3036} INFO - Sync 1 DAGs
[2026-08-15T03:11:47.695+0000] {logging_mixin.py:188} INFO - [2026-08-15T03:11:47.695+0000] {dag.py:3823} INFO - Setting next_dagrun for air_quality_ingestion to 2026-08-15 03:00:00+00:00, run_after=2026-08-15 04:00:00+00:00
[2026-08-15T03:11:47.712+0000] {processor.py:183} INFO - Processing /opt/airflow/dags/ingestion_dag.py took 0.129 seconds
[2026-08-15T03:12:18.139+0000] {processor.py:161} INFO - Started process (PID=57878) to work on /opt/airflow/dags/ingestion_dag.py
[2026-08-15T03:12:18.140+0000] {processor.py:830} INFO - Processing file /opt/airflow/dags/ingestion_dag.py for tasks to queue
[2026-08-15T03:12:18.143+0000] {logging_mixin.py:188} INFO - [2026-08-15T03:12:18.142+0000] {dagbag.py:538} INFO - Filling up the DagBag from /opt/airflow/dags/ingestion_dag.py
[2026-08-15T03:12:18.228+0000] {processor.py:840} INFO - DAG(s) 'air_quality_ingestion' retrieved from /opt/airflow/dags/ingestion_dag.py
[2026-08-15T03:12:18.247+0000] {logging_mixin.py:188} INFO - [2026-08-15T03:12:18.247+0000] {dag.py:3036} INFO - Sync 1 DAGs
[2026-08-15T03:12:18.267+0000] {logging_mixin.py:188} INFO - [2026-08-15T03:12:18.267+0000] {dag.py:3823} INFO - Setting next_dagrun for air_quality_ingestion to 2026-08-15 03:00:00+00:00, run_after=2026-08-15 04:00:00+00:00
[2026-08-15T03:12:18.409+0000] {processor.py:183} INFO - Processing /opt/airflow/dags/ingestion_dag.py took 0.273 seconds
[2026-08-15T03:20:03.821+0000] {processor.py:161} INFO - Started process (PID=57888) to work on /opt/airflow/dags/ingestion_dag.py
[2026-08-15T03:20:03.824+0000] {processor.py:830} INFO - Processing file /opt/airflow/dags/ingestion_dag.py for tasks to queue
[2026-08-15T03:20:03.826+0000] {logging_mixin.py:188} INFO - [2026-08-15T03:20:03.825+0000] {dagbag.py:538} INFO - Filling up the DagBag from /opt/airflow/dags/ingestion_dag.py
[2026-08-15T03:20:04.079+0000] {processor.py:840} INFO - DAG(s) 'air_quality_ingestion' retrieved from /opt/airflow/dags/ingestion_dag.py
[2026-08-15T03:20:04.160+0000] {logging_mixin.py:188} INFO - [2026-08-15T03:20:04.159+0000] {dag.py:3036} INFO - Sync 1 DAGs
[2026-08-15T03:20:04.798+0000] {logging_mixin.py:188} INFO - [2026-08-15T03:20:04.798+0000] {dag.py:3823} INFO - Setting next_dagrun for air_quality_ingestion to 2026-08-15 03:00:00+00:00, run_after=2026-08-15 04:00:00+00:00
[2026-08-15T03:20:04.842+0000] {processor.py:183} INFO - Processing /opt/airflow/dags/ingestion_dag.py took 1.025 seconds
[2026-08-15T03:21:07.649+0000] {processor.py:161} INFO - Started process (PID=57898) to work on /opt/airflow/dags/ingestion_dag.py
[2026-08-15T03:21:07.651+0000] {processor.py:830} INFO - Processing file /opt/airflow/dags/ingestion_dag.py for tasks to queue
[2026-08-15T03:21:07.653+0000] {logging_mixin.py:188} INFO - [2026-08-15T03:21:07.653+0000] {dagbag.py:538} INFO - Filling up the DagBag from /opt/airflow/dags/ingestion_dag.py
[2026-08-15T03:21:07.839+0000] {processor.py:840} INFO - DAG(s) 'air_quality_ingestion' retrieved from /opt/airflow/dags/ingestion_dag.py
[2026-08-15T03:21:07.884+0000] {logging_mixin.py:188} INFO - [2026-08-15T03:21:07.883+0000] {dag.py:3036} INFO - Sync 1 DAGs
[2026-08-15T03:21:08.221+0000] {logging_mixin.py:188} INFO - [2026-08-15T03:21:08.221+0000] {dag.py:3823} INFO - Setting next_dagrun for air_quality_ingestion to 2026-08-15 03:00:00+00:00, run_after=2026-08-15 04:00:00+00:00
[2026-08-15T03:21:08.253+0000] {processor.py:183} INFO - Processing /opt/airflow/dags/ingestion_dag.py took 0.610 seconds
[2026-08-15T03:21:38.394+0000] {processor.py:161} INFO - Started process (PID=57912) to work on /opt/airflow/dags/ingestion_dag.py
[2026-08-15T03:21:38.395+0000] {processor.py:830} INFO - Processing file /opt/airflow/dags/ingestion_dag.py for tasks to queue
[2026-08-15T03:21:38.396+0000] {logging_mixin.py:188} INFO - [2026-08-15T03:21:38.396+0000] {dagbag.py:538} INFO - Filling up the DagBag from /opt/airflow/dags/ingestion_dag.py
[2026-08-15T03:21:38.461+0000] {processor.py:840} INFO - DAG(s) 'air_quality_ingestion' retrieved from /opt/airflow/dags/ingestion_dag.py
[2026-08-15T03:21:38.594+0000] {logging_mixin.py:188} INFO - [2026-08-15T03:21:38.594+0000] {dag.py:3036} INFO - Sync 1 DAGs
[2026-08-15T03:21:38.625+0000] {logging_mixin.py:188} INFO - [2026-08-15T03:21:38.625+0000] {dag.py:3823} INFO - Setting next_dagrun for air_quality_ingestion to 2026-08-15 03:00:00+00:00, run_after=2026-08-15 04:00:00+00:00
[2026-08-15T03:21:38.644+0000] {processor.py:183} INFO - Processing /opt/airflow/dags/ingestion_dag.py took 0.252 seconds
[2026-08-15T03:22:08.821+0000] {processor.py:161} INFO - Started process (PID=57922) to work on /opt/airflow/dags/ingestion_dag.py
[2026-08-15T03:22:08.822+0000] {processor.py:830} INFO - Processing file /opt/airflow/dags/ingestion_dag.py for tasks to queue
[2026-08-15T03:22:08.823+0000] {logging_mixin.py:188} INFO - [2026-08-15T03:22:08.823+0000] {dagbag.py:538} INFO - Filling up the DagBag from /opt/airflow/dags/ingestion_dag.py
[2026-08-15T03:22:09.029+0000] {processor.py:840} INFO - DAG(s) 'air_quality_ingestion' retrieved from /opt/airflow/dags/ingestion_dag.py
[2026-08-15T03:22:09.046+0000] {logging_mixin.py:188} INFO - [2026-08-15T03:22:09.046+0000] {dag.py:3036} INFO - Sync 1 DAGs
[2026-08-15T03:22:09.065+0000] {logging_mixin.py:188} INFO - [2026-08-15T03:22:09.065+0000] {dag.py:3823} INFO - Setting next_dagrun for air_quality_ingestion to 2026-08-15 03:00:00+00:00, run_after=2026-08-15 04:00:00+00:00
[2026-08-15T03:22:09.086+0000] {processor.py:183} INFO - Processing /opt/airflow/dags/ingestion_dag.py took 0.268 seconds
[2026-08-15T03:22:39.176+0000] {processor.py:161} INFO - Started process (PID=57930) to work on /opt/airflow/dags/ingestion_dag.py
[2026-08-15T03:22:39.177+0000] {processor.py:830} INFO - Processing file /opt/airflow/dags/ingestion_dag.py for tasks to queue
[2026-08-15T03:22:39.179+0000] {logging_mixin.py:188} INFO - [2026-08-15T03:22:39.178+0000] {dagbag.py:538} INFO - Filling up the DagBag from /opt/airflow/dags/ingestion_dag.py
[2026-08-15T03:22:39.261+0000] {processor.py:840} INFO - DAG(s) 'air_quality_ingestion' retrieved from /opt/airflow/dags/ingestion_dag.py
[2026-08-15T03:22:39.283+0000] {logging_mixin.py:188} INFO - [2026-08-15T03:22:39.282+0000] {dag.py:3036} INFO - Sync 1 DAGs
[2026-08-15T03:22:39.304+0000] {logging_mixin.py:188} INFO - [2026-08-15T03:22:39.303+0000] {dag.py:3823} INFO - Setting next_dagrun for air_quality_ingestion to 2026-08-15 03:00:00+00:00, run_after=2026-08-15 04:00:00+00:00
[2026-08-15T03:22:39.326+0000] {processor.py:183} INFO - Processing /opt/airflow/dags/ingestion_dag.py took 0.155 seconds
[2026-08-15T03:23:09.646+0000] {processor.py:161} INFO - Started process (PID=57940) to work on /opt/airflow/dags/ingestion_dag.py
[2026-08-15T03:23:09.648+0000] {processor.py:830} INFO - Processing file /opt/airflow/dags/ingestion_dag.py for tasks to queue
[2026-08-15T03:23:09.649+0000] {logging_mixin.py:188} INFO - [2026-08-15T03:23:09.649+0000] {dagbag.py:538} INFO - Filling up the DagBag from /opt/airflow/dags/ingestion_dag.py
[2026-08-15T03:23:09.718+0000] {processor.py:840} INFO - DAG(s) 'air_quality_ingestion' retrieved from /opt/airflow/dags/ingestion_dag.py
[2026-08-15T03:23:09.743+0000] {logging_mixin.py:188} INFO - [2026-08-15T03:23:09.742+0000] {dag.py:3036} INFO - Sync 1 DAGs
[2026-08-15T03:23:09.864+0000] {logging_mixin.py:188} INFO - [2026-08-15T03:23:09.864+0000] {dag.py:3823} INFO - Setting next_dagrun for air_quality_ingestion to 2026-08-15 03:00:00+00:00, run_after=2026-08-15 04:00:00+00:00
[2026-08-15T03:23:09.878+0000] {processor.py:183} INFO - Processing /opt/airflow/dags/ingestion_dag.py took 0.235 seconds
[2026-08-15T03:23:40.110+0000] {processor.py:161} INFO - Started process (PID=57950) to work on /opt/airflow/dags/ingestion_dag.py
[2026-08-15T03:23:40.112+0000] {processor.py:830} INFO - Processing file /opt/airflow/dags/ingestion_dag.py for tasks to queue
[2026-08-15T03:23:40.114+0000] {logging_mixin.py:188} INFO - [2026-08-15T03:23:40.114+0000] {dagbag.py:538} INFO - Filling up the DagBag from /opt/airflow/dags/ingestion_dag.py
[2026-08-15T03:23:40.199+0000] {processor.py:840} INFO - DAG(s) 'air_quality_ingestion' retrieved from /opt/airflow/dags/ingestion_dag.py
[2026-08-15T03:23:40.323+0000] {logging_mixin.py:188} INFO - [2026-08-15T03:23:40.323+0000] {dag.py:3036} INFO - Sync 1 DAGs
[2026-08-15T03:23:40.339+0000] {logging_mixin.py:188} INFO - [2026-08-15T03:23:40.339+0000] {dag.py:3823} INFO - Setting next_dagrun for air_quality_ingestion to 2026-08-15 03:00:00+00:00, run_after=2026-08-15 04:00:00+00:00
[2026-08-15T03:23:40.354+0000] {processor.py:183} INFO - Processing /opt/airflow/dags/ingestion_dag.py took 0.247 seconds
[2026-08-15T03:24:10.562+0000] {processor.py:161} INFO - Started process (PID=57960) to work on /opt/airflow/dags/ingestion_dag.py
[2026-08-15T03:24:10.563+0000] {processor.py:830} INFO - Processing file /opt/airflow/dags/ingestion_dag.py for tasks to queue
[2026-08-15T03:24:10.564+0000] {logging_mixin.py:188} INFO - [2026-08-15T03:24:10.564+0000] {dagbag.py:538} INFO - Filling up the DagBag from /opt/airflow/dags/ingestion_dag.py
[2026-08-15T03:24:10.775+0000] {processor.py:840} INFO - DAG(s) 'air_quality_ingestion' retrieved from /opt/airflow/dags/ingestion_dag.py
[2026-08-15T03:24:10.789+0000] {logging_mixin.py:188} INFO - [2026-08-15T03:24:10.788+0000] {dag.py:3036} INFO - Sync 1 DAGs
[2026-08-15T03:24:10.804+0000] {logging_mixin.py:188} INFO - [2026-08-15T03:24:10.803+0000] {dag.py:3823} INFO - Setting next_dagrun for air_quality_ingestion to 2026-08-15 03:00:00+00:00, run_after=2026-08-15 04:00:00+00:00
[2026-08-15T03:24:10.827+0000] {processor.py:183} INFO - Processing /opt/airflow/dags/ingestion_dag.py took 0.267 seconds
[2026-08-15T03:24:41.006+0000] {processor.py:161} INFO - Started process (PID=57970) to work on /opt/airflow/dags/ingestion_dag.py
[2026-08-15T03:24:41.008+0000] {processor.py:830} INFO - Processing file /opt/airflow/dags/ingestion_dag.py for tasks to queue
[2026-08-15T03:24:41.009+0000] {logging_mixin.py:188} INFO - [2026-08-15T03:24:41.008+0000] {dagbag.py:538} INFO - Filling up the DagBag from /opt/airflow/dags/ingestion_dag.py
[2026-08-15T03:24:41.094+0000] {processor.py:840} INFO - DAG(s) 'air_quality_ingestion' retrieved from /opt/airflow/dags/ingestion_dag.py
[2026-08-15T03:24:41.116+0000] {logging_mixin.py:188} INFO - [2026-08-15T03:24:41.115+0000] {dag.py:3036} INFO - Sync 1 DAGs
[2026-08-15T03:24:41.133+0000] {logging_mixin.py:188} INFO - [2026-08-15T03:24:41.133+0000] {dag.py:3823} INFO - Setting next_dagrun for air_quality_ingestion to 2026-08-15 03:00:00+00:00, run_after=2026-08-15 04:00:00+00:00
[2026-08-15T03:24:41.151+0000] {processor.py:183} INFO - Processing /opt/airflow/dags/ingestion_dag.py took 0.148 seconds
[2026-08-15T03:25:11.573+0000] {processor.py:161} INFO - Started process (PID=57980) to work on /opt/airflow/dags/ingestion_dag.py
[2026-08-15T03:25:11.574+0000] {processor.py:830} INFO - Processing file /opt/airflow/dags/ingestion_dag.py for tasks to queue
[2026-08-15T03:25:11.575+0000] {logging_mixin.py:188} INFO - [2026-08-15T03:25:11.574+0000] {dagbag.py:538} INFO - Filling up the DagBag from /opt/airflow/dags/ingestion_dag.py
[2026-08-15T03:25:11.651+0000] {processor.py:840} INFO - DAG(s) 'air_quality_ingestion' retrieved from /opt/airflow/dags/ingestion_dag.py
[2026-08-15T03:25:11.672+0000] {logging_mixin.py:188} INFO - [2026-08-15T03:25:11.672+0000] {dag.py:3036} INFO - Sync 1 DAGs
[2026-08-15T03:25:11.819+0000] {logging_mixin.py:188} INFO - [2026-08-15T03:25:11.818+0000] {dag.py:3823} INFO - Setting next_dagrun for air_quality_ingestion to 2026-08-15 03:00:00+00:00, run_after=2026-08-15 04:00:00+00:00
[2026-08-15T03:25:11.838+0000] {processor.py:183} INFO - Processing /opt/airflow/dags/ingestion_dag.py took 0.269 seconds
[2026-08-15T03:25:42.107+0000] {processor.py:161} INFO - Started process (PID=57990) to work on /opt/airflow/dags/ingestion_dag.py
[2026-08-15T03:25:42.109+0000] {processor.py:830} INFO - Processing file /opt/airflow/dags/ingestion_dag.py for tasks to queue
[2026-08-15T03:25:42.110+0000] {logging_mixin.py:188} INFO - [2026-08-15T03:25:42.110+0000] {dagbag.py:538} INFO - Filling up the DagBag from /opt/airflow/dags/ingestion_dag.py
[2026-08-15T03:25:42.182+0000] {processor.py:840} INFO - DAG(s) 'air_quality_ingestion' retrieved from /opt/airflow/dags/ingestion_dag.py
[2026-08-15T03:25:42.308+0000] {logging_mixin.py:188} INFO - [2026-08-15T03:25:42.308+0000] {dag.py:3036} INFO - Sync 1 DAGs
[2026-08-15T03:25:42.322+0000] {logging_mixin.py:188} INFO - [2026-08-15T03:25:42.321+0000] {dag.py:3823} INFO - Setting next_dagrun for air_quality_ingestion to 2026-08-15 03:00:00+00:00, run_after=2026-08-15 04:00:00+00:00
[2026-08-15T03:25:42.335+0000] {processor.py:183} INFO - Processing /opt/airflow/dags/ingestion_dag.py took 0.233 seconds
[2026-08-15T03:26:12.585+0000] {processor.py:161} INFO - Started process (PID=58000) to work on /opt/airflow/dags/ingestion_dag.py
[2026-08-15T03:26:12.586+0000] {processor.py:830} INFO - Processing file /opt/airflow/dags/ingestion_dag.py for tasks to queue
[2026-08-15T03:26:12.587+0000] {logging_mixin.py:188} INFO - [2026-08-15T03:26:12.587+0000] {dagbag.py:538} INFO - Filling up the DagBag from /opt/airflow/dags/ingestion_dag.py
[2026-08-15T03:26:12.798+0000] {processor.py:840} INFO - DAG(s) 'air_quality_ingestion' retrieved from /opt/airflow/dags/ingestion_dag.py
[2026-08-15T03:26:12.816+0000] {logging_mixin.py:188} INFO - [2026-08-15T03:26:12.816+0000] {dag.py:3036} INFO - Sync 1 DAGs
[2026-08-15T03:26:12.832+0000] {logging_mixin.py:188} INFO - [2026-08-15T03:26:12.832+0000] {dag.py:3823} INFO - Setting next_dagrun for air_quality_ingestion to 2026-08-15 03:00:00+00:00, run_after=2026-08-15 04:00:00+00:00
[2026-08-15T03:26:12.849+0000] {processor.py:183} INFO - Processing /opt/airflow/dags/ingestion_dag.py took 0.268 seconds
[2026-08-15T03:26:43.089+0000] {processor.py:161} INFO - Started process (PID=58010) to work on /opt/airflow/dags/ingestion_dag.py
[2026-08-15T03:26:43.090+0000] {processor.py:830} INFO - Processing file /opt/airflow/dags/ingestion_dag.py for tasks to queue
[2026-08-15T03:26:43.091+0000] {logging_mixin.py:188} INFO - [2026-08-15T03:26:43.091+0000] {dagbag.py:538} INFO - Filling up the DagBag from /opt/airflow/dags/ingestion_dag.py
[2026-08-15T03:26:43.169+0000] {processor.py:840} INFO - DAG(s) 'air_quality_ingestion' retrieved from /opt/airflow/dags/ingestion_dag.py
[2026-08-15T03:26:43.187+0000] {logging_mixin.py:188} INFO - [2026-08-15T03:26:43.187+0000] {dag.py:3036} INFO - Sync 1 DAGs
[2026-08-15T03:26:43.203+0000] {logging_mixin.py:188} INFO - [2026-08-15T03:26:43.203+0000] {dag.py:3823} INFO - Setting next_dagrun for air_quality_ingestion to 2026-08-15 03:00:00+00:00, run_after=2026-08-15 04:00:00+00:00
[2026-08-15T03:26:43.330+0000] {processor.py:183} INFO - Processing /opt/airflow/dags/ingestion_dag.py took 0.245 seconds
[2026-08-15T03:27:13.546+0000] {processor.py:161} INFO - Started process (PID=58020) to work on /opt/airflow/dags/ingestion_dag.py
[2026-08-15T03:27:13.547+0000] {processor.py:830} INFO - Processing file /opt/airflow/dags/ingestion_dag.py for tasks to queue
[2026-08-15T03:27:13.548+0000] {logging_mixin.py:188} INFO - [2026-08-15T03:27:13.548+0000] {dagbag.py:538} INFO - Filling up the DagBag from /opt/airflow/dags/ingestion_dag.py
[2026-08-15T03:27:13.620+0000] {processor.py:840} INFO - DAG(s) 'air_quality_ingestion' retrieved from /opt/airflow/dags/ingestion_dag.py
[2026-08-15T03:27:13.640+0000] {logging_mixin.py:188} INFO - [2026-08-15T03:27:13.640+0000] {dag.py:3036} INFO - Sync 1 DAGs
[2026-08-15T03:27:13.752+0000] {logging_mixin.py:188} INFO - [2026-08-15T03:27:13.752+0000] {dag.py:3823} INFO - Setting next_dagrun for air_quality_ingestion to 2026-08-15 03:00:00+00:00, run_after=2026-08-15 04:00:00+00:00
[2026-08-15T03:27:13.767+0000] {processor.py:183} INFO - Processing /opt/airflow/dags/ingestion_dag.py took 0.224 seconds
[2026-08-15T03:27:44.096+0000] {processor.py:161} INFO - Started process (PID=58030) to work on /opt/airflow/dags/ingestion_dag.py
[2026-08-15T03:27:44.097+0000] {processor.py:830} INFO - Processing file /opt/airflow/dags/ingestion_dag.py for tasks to queue
[2026-08-15T03:27:44.098+0000] {logging_mixin.py:188} INFO - [2026-08-15T03:27:44.098+0000] {dagbag.py:538} INFO - Filling up the DagBag from /opt/airflow/dags/ingestion_dag.py
[2026-08-15T03:27:44.184+0000] {processor.py:840} INFO - DAG(s) 'air_quality_ingestion' retrieved from /opt/airflow/dags/ingestion_dag.py
[2026-08-15T03:27:44.305+0000] {logging_mixin.py:188} INFO - [2026-08-15T03:27:44.305+0000] {dag.py:3036} INFO - Sync 1 DAGs
[2026-08-15T03:27:44.320+0000] {logging_mixin.py:188} INFO - [2026-08-15T03:27:44.320+0000] {dag.py:3823} INFO - Setting next_dagrun for air_quality_ingestion to 2026-08-15 03:00:00+00:00, run_after=2026-08-15 04:00:00+00:00
[2026-08-15T03:27:44.337+0000] {processor.py:183} INFO - Processing /opt/airflow/dags/ingestion_dag.py took 0.244 seconds
[2026-08-15T03:28:14.560+0000] {processor.py:161} INFO - Started process (PID=58040) to work on /opt/airflow/dags/ingestion_dag.py
[2026-08-15T03:28:14.561+0000] {processor.py:830} INFO - Processing file /opt/airflow/dags/ingestion_dag.py for tasks to queue
[2026-08-15T03:28:14.563+0000] {logging_mixin.py:188} INFO - [2026-08-15T03:28:14.562+0000] {dagbag.py:538} INFO - Filling up the DagBag from /opt/airflow/dags/ingestion_dag.py
[2026-08-15T03:28:14.799+0000] {processor.py:840} INFO - DAG(s) 'air_quality_ingestion' retrieved from /opt/airflow/dags/ingestion_dag.py
[2026-08-15T03:28:14.815+0000] {logging_mixin.py:188} INFO - [2026-08-15T03:28:14.815+0000] {dag.py:3036} INFO - Sync 1 DAGs
[2026-08-15T03:28:14.832+0000] {logging_mixin.py:188} INFO - [2026-08-15T03:28:14.832+0000] {dag.py:3823} INFO - Setting next_dagrun for air_quality_ingestion to 2026-08-15 03:00:00+00:00, run_after=2026-08-15 04:00:00+00:00
[2026-08-15T03:28:14.849+0000] {processor.py:183} INFO - Processing /opt/airflow/dags/ingestion_dag.py took 0.293 seconds
[2026-08-15T03:28:45.045+0000] {processor.py:161} INFO - Started process (PID=58050) to work on /opt/airflow/dags/ingestion_dag.py
[2026-08-15T03:28:45.046+0000] {processor.py:830} INFO - Processing file /opt/airflow/dags/ingestion_dag.py for tasks to queue
[2026-08-15T03:28:45.047+0000] {logging_mixin.py:188} INFO - [2026-08-15T03:28:45.047+0000] {dagbag.py:538} INFO - Filling up the DagBag from /opt/airflow/dags/ingestion_dag.py
[2026-08-15T03:28:45.154+0000] {processor.py:840} INFO - DAG(s) 'air_quality_ingestion' retrieved from /opt/airflow/dags/ingestion_dag.py
[2026-08-15T03:28:45.180+0000] {logging_mixin.py:188} INFO - [2026-08-15T03:28:45.180+0000] {dag.py:3036} INFO - Sync 1 DAGs
[2026-08-15T03:28:45.202+0000] {logging_mixin.py:188} INFO - [2026-08-15T03:28:45.202+0000] {dag.py:3823} INFO - Setting next_dagrun for air_quality_ingestion to 2026-08-15 03:00:00+00:00, run_after=2026-08-15 04:00:00+00:00
[2026-08-15T03:28:45.367+0000] {processor.py:183} INFO - Processing /opt/airflow/dags/ingestion_dag.py took 0.326 seconds
[2026-08-15T03:29:15.486+0000] {processor.py:161} INFO - Started process (PID=58060) to work on /opt/airflow/dags/ingestion_dag.py
[2026-08-15T03:29:15.492+0000] {processor.py:830} INFO - Processing file /opt/airflow/dags/ingestion_dag.py for tasks to queue
[2026-08-15T03:29:15.493+0000] {logging_mixin.py:188} INFO - [2026-08-15T03:29:15.493+0000] {dagbag.py:538} INFO - Filling up the DagBag from /opt/airflow/dags/ingestion_dag.py
[2026-08-15T03:29:15.579+0000] {processor.py:840} INFO - DAG(s) 'air_quality_ingestion' retrieved from /opt/airflow/dags/ingestion_dag.py
[2026-08-15T03:29:15.600+0000] {logging_mixin.py:188} INFO - [2026-08-15T03:29:15.600+0000] {dag.py:3036} INFO - Sync 1 DAGs
[2026-08-15T03:29:15.725+0000] {logging_mixin.py:188} INFO - [2026-08-15T03:29:15.725+0000] {dag.py:3823} INFO - Setting next_dagrun for air_quality_ingestion to 2026-08-15 03:00:00+00:00, run_after=2026-08-15 04:00:00+00:00
[2026-08-15T03:29:15.743+0000] {processor.py:183} INFO - Processing /opt/airflow/dags/ingestion_dag.py took 0.261 seconds
[2026-08-15T03:29:45.954+0000] {processor.py:161} INFO - Started process (PID=58070) to work on /opt/airflow/dags/ingestion_dag.py
[2026-08-15T03:29:45.956+0000] {processor.py:830} INFO - Processing file /opt/airflow/dags/ingestion_dag.py for tasks to queue
[2026-08-15T03:29:45.957+0000] {logging_mixin.py:188} INFO - [2026-08-15T03:29:45.957+0000] {dagbag.py:538} INFO - Filling up the DagBag from /opt/airflow/dags/ingestion_dag.py
[2026-08-15T03:29:46.060+0000] {processor.py:840} INFO - DAG(s) 'air_quality_ingestion' retrieved from /opt/airflow/dags/ingestion_dag.py
[2026-08-15T03:29:46.197+0000] {logging_mixin.py:188} INFO - [2026-08-15T03:29:46.197+0000] {dag.py:3036} INFO - Sync 1 DAGs
[2026-08-15T03:29:46.214+0000] {logging_mixin.py:188} INFO - [2026-08-15T03:29:46.214+0000] {dag.py:3823} INFO - Setting next_dagrun for air_quality_ingestion to 2026-08-15 03:00:00+00:00, run_after=2026-08-15 04:00:00+00:00
[2026-08-15T03:29:46.235+0000] {processor.py:183} INFO - Processing /opt/airflow/dags/ingestion_dag.py took 0.285 seconds
[2026-08-15T04:12:26.349+0000] {processor.py:161} INFO - Started process (PID=58082) to work on /opt/airflow/dags/ingestion_dag.py
[2026-08-15T04:12:26.354+0000] {processor.py:830} INFO - Processing file /opt/airflow/dags/ingestion_dag.py for tasks to queue
[2026-08-15T04:12:26.359+0000] {logging_mixin.py:188} INFO - [2026-08-15T04:12:26.358+0000] {dagbag.py:538} INFO - Filling up the DagBag from /opt/airflow/dags/ingestion_dag.py
[2026-08-15T04:12:27.512+0000] {processor.py:840} INFO - DAG(s) 'air_quality_ingestion' retrieved from /opt/airflow/dags/ingestion_dag.py
[2026-08-15T04:12:27.596+0000] {logging_mixin.py:188} INFO - [2026-08-15T04:12:27.596+0000] {dag.py:3036} INFO - Sync 1 DAGs
[2026-08-15T04:12:27.690+0000] {logging_mixin.py:188} INFO - [2026-08-15T04:12:27.689+0000] {dag.py:3823} INFO - Setting next_dagrun for air_quality_ingestion to 2026-08-15 04:00:00+00:00, run_after=2026-08-15 05:00:00+00:00
[2026-08-15T04:12:27.789+0000] {processor.py:183} INFO - Processing /opt/airflow/dags/ingestion_dag.py took 1.458 seconds
[2026-08-15T04:44:43.561+0000] {processor.py:161} INFO - Started process (PID=58096) to work on /opt/airflow/dags/ingestion_dag.py
[2026-08-15T04:44:43.574+0000] {processor.py:830} INFO - Processing file /opt/airflow/dags/ingestion_dag.py for tasks to queue
[2026-08-15T04:44:43.577+0000] {logging_mixin.py:188} INFO - [2026-08-15T04:44:43.576+0000] {dagbag.py:538} INFO - Filling up the DagBag from /opt/airflow/dags/ingestion_dag.py
[2026-08-15T04:44:44.902+0000] {processor.py:840} INFO - DAG(s) 'air_quality_ingestion' retrieved from /opt/airflow/dags/ingestion_dag.py
[2026-08-15T04:44:44.995+0000] {logging_mixin.py:188} INFO - [2026-08-15T04:44:44.994+0000] {dag.py:3036} INFO - Sync 1 DAGs
[2026-08-15T04:44:45.087+0000] {logging_mixin.py:188} INFO - [2026-08-15T04:44:45.086+0000] {dag.py:3823} INFO - Setting next_dagrun for air_quality_ingestion to 2026-08-15 04:00:00+00:00, run_after=2026-08-15 05:00:00+00:00
[2026-08-15T04:44:45.179+0000] {processor.py:183} INFO - Processing /opt/airflow/dags/ingestion_dag.py took 1.625 seconds
[2026-08-15T04:45:15.549+0000] {processor.py:161} INFO - Started process (PID=58110) to work on /opt/airflow/dags/ingestion_dag.py
[2026-08-15T04:45:15.552+0000] {processor.py:830} INFO - Processing file /opt/airflow/dags/ingestion_dag.py for tasks to queue
[2026-08-15T04:45:15.554+0000] {logging_mixin.py:188} INFO - [2026-08-15T04:45:15.553+0000] {dagbag.py:538} INFO - Filling up the DagBag from /opt/airflow/dags/ingestion_dag.py
[2026-08-15T04:45:15.761+0000] {processor.py:840} INFO - DAG(s) 'air_quality_ingestion' retrieved from /opt/airflow/dags/ingestion_dag.py
[2026-08-15T04:45:15.820+0000] {logging_mixin.py:188} INFO - [2026-08-15T04:45:15.819+0000] {dag.py:3036} INFO - Sync 1 DAGs
[2026-08-15T04:45:15.886+0000] {logging_mixin.py:188} INFO - [2026-08-15T04:45:15.886+0000] {dag.py:3823} INFO - Setting next_dagrun for air_quality_ingestion to 2026-08-15 04:00:00+00:00, run_after=2026-08-15 05:00:00+00:00
[2026-08-15T04:45:16.258+0000] {processor.py:183} INFO - Processing /opt/airflow/dags/ingestion_dag.py took 0.717 seconds
[2026-08-15T04:45:46.453+0000] {processor.py:161} INFO - Started process (PID=58120) to work on /opt/airflow/dags/ingestion_dag.py
[2026-08-15T04:45:46.458+0000] {processor.py:830} INFO - Processing file /opt/airflow/dags/ingestion_dag.py for tasks to queue
[2026-08-15T04:45:46.460+0000] {logging_mixin.py:188} INFO - [2026-08-15T04:45:46.460+0000] {dagbag.py:538} INFO - Filling up the DagBag from /opt/airflow/dags/ingestion_dag.py
[2026-08-15T04:45:46.687+0000] {processor.py:840} INFO - DAG(s) 'air_quality_ingestion' retrieved from /opt/airflow/dags/ingestion_dag.py
[2026-08-15T04:45:46.739+0000] {logging_mixin.py:188} INFO - [2026-08-15T04:45:46.738+0000] {dag.py:3036} INFO - Sync 1 DAGs
[2026-08-15T04:45:47.186+0000] {logging_mixin.py:188} INFO - [2026-08-15T04:45:47.186+0000] {dag.py:3823} INFO - Setting next_dagrun for air_quality_ingestion to 2026-08-15 04:00:00+00:00, run_after=2026-08-15 05:00:00+00:00
[2026-08-15T04:45:47.236+0000] {processor.py:183} INFO - Processing /opt/airflow/dags/ingestion_dag.py took 0.790 seconds
[2026-08-15T04:46:17.305+0000] {processor.py:161} INFO - Started process (PID=58130) to work on /opt/airflow/dags/ingestion_dag.py
[2026-08-15T04:46:17.306+0000] {processor.py:830} INFO - Processing file /opt/airflow/dags/ingestion_dag.py for tasks to queue
[2026-08-15T04:46:17.307+0000] {logging_mixin.py:188} INFO - [2026-08-15T04:46:17.307+0000] {dagbag.py:538} INFO - Filling up the DagBag from /opt/airflow/dags/ingestion_dag.py
[2026-08-15T04:46:17.432+0000] {processor.py:840} INFO - DAG(s) 'air_quality_ingestion' retrieved from /opt/airflow/dags/ingestion_dag.py
[2026-08-15T04:46:17.693+0000] {logging_mixin.py:188} INFO - [2026-08-15T04:46:17.693+0000] {dag.py:3036} INFO - Sync 1 DAGs
[2026-08-15T04:46:17.718+0000] {logging_mixin.py:188} INFO - [2026-08-15T04:46:17.718+0000] {dag.py:3823} INFO - Setting next_dagrun for air_quality_ingestion to 2026-08-15 04:00:00+00:00, run_after=2026-08-15 05:00:00+00:00
[2026-08-15T04:46:17.748+0000] {processor.py:183} INFO - Processing /opt/airflow/dags/ingestion_dag.py took 0.447 seconds
[2026-08-15T04:46:48.145+0000] {processor.py:161} INFO - Started process (PID=58140) to work on /opt/airflow/dags/ingestion_dag.py
[2026-08-15T04:46:48.150+0000] {processor.py:830} INFO - Processing file /opt/airflow/dags/ingestion_dag.py for tasks to queue
[2026-08-15T04:46:48.154+0000] {logging_mixin.py:188} INFO - [2026-08-15T04:46:48.152+0000] {dagbag.py:538} INFO - Filling up the DagBag from /opt/airflow/dags/ingestion_dag.py
[2026-08-15T04:46:48.921+0000] {processor.py:840} INFO - DAG(s) 'air_quality_ingestion' retrieved from /opt/airflow/dags/ingestion_dag.py
[2026-08-15T04:46:48.974+0000] {logging_mixin.py:188} INFO - [2026-08-15T04:46:48.973+0000] {dag.py:3036} INFO - Sync 1 DAGs
[2026-08-15T04:46:49.028+0000] {logging_mixin.py:188} INFO - [2026-08-15T04:46:49.027+0000] {dag.py:3823} INFO - Setting next_dagrun for air_quality_ingestion to 2026-08-15 04:00:00+00:00, run_after=2026-08-15 05:00:00+00:00
[2026-08-15T04:46:49.093+0000] {processor.py:183} INFO - Processing /opt/airflow/dags/ingestion_dag.py took 0.957 seconds
[2026-08-15T04:47:19.542+0000] {processor.py:161} INFO - Started process (PID=58150) to work on /opt/airflow/dags/ingestion_dag.py
[2026-08-15T04:47:19.543+0000] {processor.py:830} INFO - Processing file /opt/airflow/dags/ingestion_dag.py for tasks to queue
[2026-08-15T04:47:19.544+0000] {logging_mixin.py:188} INFO - [2026-08-15T04:47:19.544+0000] {dagbag.py:538} INFO - Filling up the DagBag from /opt/airflow/dags/ingestion_dag.py
[2026-08-15T04:47:19.815+0000] {processor.py:840} INFO - DAG(s) 'air_quality_ingestion' retrieved from /opt/airflow/dags/ingestion_dag.py
[2026-08-15T04:47:19.833+0000] {logging_mixin.py:188} INFO - [2026-08-15T04:47:19.833+0000] {dag.py:3036} INFO - Sync 1 DAGs
[2026-08-15T04:47:19.850+0000] {logging_mixin.py:188} INFO - [2026-08-15T04:47:19.850+0000] {dag.py:3823} INFO - Setting next_dagrun for air_quality_ingestion to 2026-08-15 04:00:00+00:00, run_after=2026-08-15 05:00:00+00:00
[2026-08-15T04:47:19.868+0000] {processor.py:183} INFO - Processing /opt/airflow/dags/ingestion_dag.py took 0.329 seconds
[2026-08-15T04:47:50.177+0000] {processor.py:161} INFO - Started process (PID=58160) to work on /opt/airflow/dags/ingestion_dag.py
[2026-08-15T04:47:50.179+0000] {processor.py:830} INFO - Processing file /opt/airflow/dags/ingestion_dag.py for tasks to queue
[2026-08-15T04:47:50.180+0000] {logging_mixin.py:188} INFO - [2026-08-15T04:47:50.180+0000] {dagbag.py:538} INFO - Filling up the DagBag from /opt/airflow/dags/ingestion_dag.py
[2026-08-15T04:47:50.254+0000] {processor.py:840} INFO - DAG(s) 'air_quality_ingestion' retrieved from /opt/airflow/dags/ingestion_dag.py
[2026-08-15T04:47:50.277+0000] {logging_mixin.py:188} INFO - [2026-08-15T04:47:50.277+0000] {dag.py:3036} INFO - Sync 1 DAGs
[2026-08-15T04:47:50.409+0000] {logging_mixin.py:188} INFO - [2026-08-15T04:47:50.409+0000] {dag.py:3823} INFO - Setting next_dagrun for air_quality_ingestion to 2026-08-15 04:00:00+00:00, run_after=2026-08-15 05:00:00+00:00
[2026-08-15T04:47:50.441+0000] {processor.py:183} INFO - Processing /opt/airflow/dags/ingestion_dag.py took 0.268 seconds
[2026-08-15T04:48:20.539+0000] {processor.py:161} INFO - Started process (PID=58170) to work on /opt/airflow/dags/ingestion_dag.py
[2026-08-15T04:48:20.540+0000] {processor.py:830} INFO - Processing file /opt/airflow/dags/ingestion_dag.py for tasks to queue
[2026-08-15T04:48:20.541+0000] {logging_mixin.py:188} INFO - [2026-08-15T04:48:20.540+0000] {dagbag.py:538} INFO - Filling up the DagBag from /opt/airflow/dags/ingestion_dag.py
[2026-08-15T04:48:20.613+0000] {processor.py:840} INFO - DAG(s) 'air_quality_ingestion' retrieved from /opt/airflow/dags/ingestion_dag.py
[2026-08-15T04:48:20.813+0000] {logging_mixin.py:188} INFO - [2026-08-15T04:48:20.812+0000] {dag.py:3036} INFO - Sync 1 DAGs
[2026-08-15T04:48:20.829+0000] {logging_mixin.py:188} INFO - [2026-08-15T04:48:20.829+0000] {dag.py:3823} INFO - Setting next_dagrun for air_quality_ingestion to 2026-08-15 04:00:00+00:00, run_after=2026-08-15 05:00:00+00:00
[2026-08-15T04:48:20.844+0000] {processor.py:183} INFO - Processing /opt/airflow/dags/ingestion_dag.py took 0.308 seconds
[2026-08-15T04:48:51.262+0000] {processor.py:161} INFO - Started process (PID=58180) to work on /opt/airflow/dags/ingestion_dag.py
[2026-08-15T04:48:51.264+0000] {processor.py:830} INFO - Processing file /opt/airflow/dags/ingestion_dag.py for tasks to queue
[2026-08-15T04:48:51.265+0000] {logging_mixin.py:188} INFO - [2026-08-15T04:48:51.265+0000] {dagbag.py:538} INFO - Filling up the DagBag from /opt/airflow/dags/ingestion_dag.py
[2026-08-15T04:48:51.509+0000] {processor.py:840} INFO - DAG(s) 'air_quality_ingestion' retrieved from /opt/airflow/dags/ingestion_dag.py
[2026-08-15T04:48:51.526+0000] {logging_mixin.py:188} INFO - [2026-08-15T04:48:51.526+0000] {dag.py:3036} INFO - Sync 1 DAGs
[2026-08-15T04:48:51.541+0000] {logging_mixin.py:188} INFO - [2026-08-15T04:48:51.541+0000] {dag.py:3823} INFO - Setting next_dagrun for air_quality_ingestion to 2026-08-15 04:00:00+00:00, run_after=2026-08-15 05:00:00+00:00
[2026-08-15T04:48:51.558+0000] {processor.py:183} INFO - Processing /opt/airflow/dags/ingestion_dag.py took 0.299 seconds
[2026-08-15T04:49:21.846+0000] {processor.py:161} INFO - Started process (PID=58190) to work on /opt/airflow/dags/ingestion_dag.py
[2026-08-15T04:49:21.848+0000] {processor.py:830} INFO - Processing file /opt/airflow/dags/ingestion_dag.py for tasks to queue
[2026-08-15T04:49:21.849+0000] {logging_mixin.py:188} INFO - [2026-08-15T04:49:21.849+0000] {dagbag.py:538} INFO - Filling up the DagBag from /opt/airflow/dags/ingestion_dag.py
[2026-08-15T04:49:22.159+0000] {processor.py:840} INFO - DAG(s) 'air_quality_ingestion' retrieved from /opt/airflow/dags/ingestion_dag.py
[2026-08-15T04:49:22.202+0000] {logging_mixin.py:188} INFO - [2026-08-15T04:49:22.202+0000] {dag.py:3036} INFO - Sync 1 DAGs
[2026-08-15T04:49:22.231+0000] {logging_mixin.py:188} INFO - [2026-08-15T04:49:22.231+0000] {dag.py:3823} INFO - Setting next_dagrun for air_quality_ingestion to 2026-08-15 04:00:00+00:00, run_after=2026-08-15 05:00:00+00:00
[2026-08-15T04:49:22.257+0000] {processor.py:183} INFO - Processing /opt/airflow/dags/ingestion_dag.py took 0.415 seconds
[2026-08-15T04:49:52.355+0000] {processor.py:161} INFO - Started process (PID=58200) to work on /opt/airflow/dags/ingestion_dag.py
[2026-08-15T04:49:52.356+0000] {processor.py:830} INFO - Processing file /opt/airflow/dags/ingestion_dag.py for tasks to queue
[2026-08-15T04:49:52.358+0000] {logging_mixin.py:188} INFO - [2026-08-15T04:49:52.357+0000] {dagbag.py:538} INFO - Filling up the DagBag from /opt/airflow/dags/ingestion_dag.py
[2026-08-15T04:49:52.462+0000] {processor.py:840} INFO - DAG(s) 'air_quality_ingestion' retrieved from /opt/airflow/dags/ingestion_dag.py
[2026-08-15T04:49:52.502+0000] {logging_mixin.py:188} INFO - [2026-08-15T04:49:52.500+0000] {dag.py:3036} INFO - Sync 1 DAGs
[2026-08-15T04:49:52.693+0000] {logging_mixin.py:188} INFO - [2026-08-15T04:49:52.693+0000] {dag.py:3823} INFO - Setting next_dagrun for air_quality_ingestion to 2026-08-15 04:00:00+00:00, run_after=2026-08-15 05:00:00+00:00
[2026-08-15T04:49:52.720+0000] {processor.py:183} INFO - Processing /opt/airflow/dags/ingestion_dag.py took 0.370 seconds
[2026-08-15T04:50:22.898+0000] {processor.py:161} INFO - Started process (PID=58210) to work on /opt/airflow/dags/ingestion_dag.py
[2026-08-15T04:50:22.900+0000] {processor.py:830} INFO - Processing file /opt/airflow/dags/ingestion_dag.py for tasks to queue
[2026-08-15T04:50:22.902+0000] {logging_mixin.py:188} INFO - [2026-08-15T04:50:22.902+0000] {dagbag.py:538} INFO - Filling up the DagBag from /opt/airflow/dags/ingestion_dag.py
[2026-08-15T04:50:22.981+0000] {processor.py:840} INFO - DAG(s) 'air_quality_ingestion' retrieved from /opt/airflow/dags/ingestion_dag.py
[2026-08-15T04:50:23.144+0000] {logging_mixin.py:188} INFO - [2026-08-15T04:50:23.144+0000] {dag.py:3036} INFO - Sync 1 DAGs
[2026-08-15T04:50:23.164+0000] {logging_mixin.py:188} INFO - [2026-08-15T04:50:23.164+0000] {dag.py:3823} INFO - Setting next_dagrun for air_quality_ingestion to 2026-08-15 04:00:00+00:00, run_after=2026-08-15 05:00:00+00:00
[2026-08-15T04:50:23.205+0000] {processor.py:183} INFO - Processing /opt/airflow/dags/ingestion_dag.py took 0.310 seconds
[2026-08-15T04:50:53.459+0000] {processor.py:161} INFO - Started process (PID=58220) to work on /opt/airflow/dags/ingestion_dag.py
[2026-08-15T04:50:53.461+0000] {processor.py:830} INFO - Processing file /opt/airflow/dags/ingestion_dag.py for tasks to queue
[2026-08-15T04:50:53.465+0000] {logging_mixin.py:188} INFO - [2026-08-15T04:50:53.463+0000] {dagbag.py:538} INFO - Filling up the DagBag from /opt/airflow/dags/ingestion_dag.py
[2026-08-15T04:50:53.742+0000] {processor.py:840} INFO - DAG(s) 'air_quality_ingestion' retrieved from /opt/airflow/dags/ingestion_dag.py
[2026-08-15T04:50:53.761+0000] {logging_mixin.py:188} INFO - [2026-08-15T04:50:53.761+0000] {dag.py:3036} INFO - Sync 1 DAGs
[2026-08-15T04:50:53.784+0000] {logging_mixin.py:188} INFO - [2026-08-15T04:50:53.784+0000] {dag.py:3823} INFO - Setting next_dagrun for air_quality_ingestion to 2026-08-15 04:00:00+00:00, run_after=2026-08-15 05:00:00+00:00
[2026-08-15T04:50:53.803+0000] {processor.py:183} INFO - Processing /opt/airflow/dags/ingestion_dag.py took 0.349 seconds
[2026-08-15T04:51:24.063+0000] {processor.py:161} INFO - Started process (PID=58230) to work on /opt/airflow/dags/ingestion_dag.py
[2026-08-15T04:51:24.065+0000] {processor.py:830} INFO - Processing file /opt/airflow/dags/ingestion_dag.py for tasks to queue
[2026-08-15T04:51:24.066+0000] {logging_mixin.py:188} INFO - [2026-08-15T04:51:24.066+0000] {dagbag.py:538} INFO - Filling up the DagBag from /opt/airflow/dags/ingestion_dag.py
[2026-08-15T04:51:24.396+0000] {processor.py:840} INFO - DAG(s) 'air_quality_ingestion' retrieved from /opt/airflow/dags/ingestion_dag.py
[2026-08-15T04:51:24.447+0000] {logging_mixin.py:188} INFO - [2026-08-15T04:51:24.447+0000] {dag.py:3036} INFO - Sync 1 DAGs
[2026-08-15T04:51:24.469+0000] {logging_mixin.py:188} INFO - [2026-08-15T04:51:24.469+0000] {dag.py:3823} INFO - Setting next_dagrun for air_quality_ingestion to 2026-08-15 04:00:00+00:00, run_after=2026-08-15 05:00:00+00:00
[2026-08-15T04:51:24.493+0000] {processor.py:183} INFO - Processing /opt/airflow/dags/ingestion_dag.py took 0.433 seconds
[2026-08-15T04:51:54.612+0000] {processor.py:161} INFO - Started process (PID=58240) to work on /opt/airflow/dags/ingestion_dag.py
[2026-08-15T04:51:54.614+0000] {processor.py:830} INFO - Processing file /opt/airflow/dags/ingestion_dag.py for tasks to queue
[2026-08-15T04:51:54.616+0000] {logging_mixin.py:188} INFO - [2026-08-15T04:51:54.615+0000] {dagbag.py:538} INFO - Filling up the DagBag from /opt/airflow/dags/ingestion_dag.py
[2026-08-15T04:51:54.719+0000] {processor.py:840} INFO - DAG(s) 'air_quality_ingestion' retrieved from /opt/airflow/dags/ingestion_dag.py
[2026-08-15T04:51:54.744+0000] {logging_mixin.py:188} INFO - [2026-08-15T04:51:54.744+0000] {dag.py:3036} INFO - Sync 1 DAGs
[2026-08-15T04:51:54.920+0000] {logging_mixin.py:188} INFO - [2026-08-15T04:51:54.920+0000] {dag.py:3823} INFO - Setting next_dagrun for air_quality_ingestion to 2026-08-15 04:00:00+00:00, run_after=2026-08-15 05:00:00+00:00
[2026-08-15T04:51:54.936+0000] {processor.py:183} INFO - Processing /opt/airflow/dags/ingestion_dag.py took 0.329 seconds
[2026-08-15T04:52:25.123+0000] {processor.py:161} INFO - Started process (PID=58250) to work on /opt/airflow/dags/ingestion_dag.py
[2026-08-15T04:52:25.126+0000] {processor.py:830} INFO - Processing file /opt/airflow/dags/ingestion_dag.py for tasks to queue
[2026-08-15T04:52:25.127+0000] {logging_mixin.py:188} INFO - [2026-08-15T04:52:25.126+0000] {dagbag.py:538} INFO - Filling up the DagBag from /opt/airflow/dags/ingestion_dag.py
[2026-08-15T04:52:25.207+0000] {processor.py:840} INFO - DAG(s) 'air_quality_ingestion' retrieved from /opt/airflow/dags/ingestion_dag.py
[2026-08-15T04:52:25.400+0000] {logging_mixin.py:188} INFO - [2026-08-15T04:52:25.400+0000] {dag.py:3036} INFO - Sync 1 DAGs
[2026-08-15T04:52:25.425+0000] {logging_mixin.py:188} INFO - [2026-08-15T04:52:25.424+0000] {dag.py:3823} INFO - Setting next_dagrun for air_quality_ingestion to 2026-08-15 04:00:00+00:00, run_after=2026-08-15 05:00:00+00:00
[2026-08-15T04:52:25.447+0000] {processor.py:183} INFO - Processing /opt/airflow/dags/ingestion_dag.py took 0.328 seconds
[2026-08-15T04:52:55.763+0000] {processor.py:161} INFO - Started process (PID=58260) to work on /opt/airflow/dags/ingestion_dag.py
[2026-08-15T04:52:55.765+0000] {processor.py:830} INFO - Processing file /opt/airflow/dags/ingestion_dag.py for tasks to queue
[2026-08-15T04:52:55.767+0000] {logging_mixin.py:188} INFO - [2026-08-15T04:52:55.766+0000] {dagbag.py:538} INFO - Filling up the DagBag from /opt/airflow/dags/ingestion_dag.py
[2026-08-15T04:52:56.107+0000] {processor.py:840} INFO - DAG(s) 'air_quality_ingestion' retrieved from /opt/airflow/dags/ingestion_dag.py
[2026-08-15T04:52:56.152+0000] {logging_mixin.py:188} INFO - [2026-08-15T04:52:56.152+0000] {dag.py:3036} INFO - Sync 1 DAGs
[2026-08-15T04:52:56.180+0000] {logging_mixin.py:188} INFO - [2026-08-15T04:52:56.180+0000] {dag.py:3823} INFO - Setting next_dagrun for air_quality_ingestion to 2026-08-15 04:00:00+00:00, run_after=2026-08-15 05:00:00+00:00
[2026-08-15T04:52:56.203+0000] {processor.py:183} INFO - Processing /opt/airflow/dags/ingestion_dag.py took 0.447 seconds
[2026-08-15T04:53:26.307+0000] {processor.py:161} INFO - Started process (PID=58270) to work on /opt/airflow/dags/ingestion_dag.py
[2026-08-15T04:53:26.308+0000] {processor.py:830} INFO - Processing file /opt/airflow/dags/ingestion_dag.py for tasks to queue
[2026-08-15T04:53:26.309+0000] {logging_mixin.py:188} INFO - [2026-08-15T04:53:26.309+0000] {dagbag.py:538} INFO - Filling up the DagBag from /opt/airflow/dags/ingestion_dag.py
[2026-08-15T04:53:26.619+0000] {processor.py:840} INFO - DAG(s) 'air_quality_ingestion' retrieved from /opt/airflow/dags/ingestion_dag.py
[2026-08-15T04:53:26.643+0000] {logging_mixin.py:188} INFO - [2026-08-15T04:53:26.643+0000] {dag.py:3036} INFO - Sync 1 DAGs
[2026-08-15T04:53:26.675+0000] {logging_mixin.py:188} INFO - [2026-08-15T04:53:26.675+0000] {dag.py:3823} INFO - Setting next_dagrun for air_quality_ingestion to 2026-08-15 04:00:00+00:00, run_after=2026-08-15 05:00:00+00:00
[2026-08-15T04:53:26.696+0000] {processor.py:183} INFO - Processing /opt/airflow/dags/ingestion_dag.py took 0.392 seconds
[2026-08-15T04:53:56.895+0000] {processor.py:161} INFO - Started process (PID=58280) to work on /opt/airflow/dags/ingestion_dag.py
[2026-08-15T04:53:56.897+0000] {processor.py:830} INFO - Processing file /opt/airflow/dags/ingestion_dag.py for tasks to queue
[2026-08-15T04:53:56.898+0000] {logging_mixin.py:188} INFO - [2026-08-15T04:53:56.897+0000] {dagbag.py:538} INFO - Filling up the DagBag from /opt/airflow/dags/ingestion_dag.py
[2026-08-15T04:53:56.992+0000] {processor.py:840} INFO - DAG(s) 'air_quality_ingestion' retrieved from /opt/airflow/dags/ingestion_dag.py
[2026-08-15T04:53:57.011+0000] {logging_mixin.py:188} INFO - [2026-08-15T04:53:57.011+0000] {dag.py:3036} INFO - Sync 1 DAGs
[2026-08-15T04:53:57.146+0000] {logging_mixin.py:188} INFO - [2026-08-15T04:53:57.146+0000] {dag.py:3823} INFO - Setting next_dagrun for air_quality_ingestion to 2026-08-15 04:00:00+00:00, run_after=2026-08-15 05:00:00+00:00
[2026-08-15T04:53:57.160+0000] {processor.py:183} INFO - Processing /opt/airflow/dags/ingestion_dag.py took 0.268 seconds
[2026-08-15T04:54:27.265+0000] {processor.py:161} INFO - Started process (PID=58290) to work on /opt/airflow/dags/ingestion_dag.py
[2026-08-15T04:54:27.267+0000] {processor.py:830} INFO - Processing file /opt/airflow/dags/ingestion_dag.py for tasks to queue
[2026-08-15T04:54:27.268+0000] {logging_mixin.py:188} INFO - [2026-08-15T04:54:27.268+0000] {dagbag.py:538} INFO - Filling up the DagBag from /opt/airflow/dags/ingestion_dag.py
[2026-08-15T04:54:27.368+0000] {processor.py:840} INFO - DAG(s) 'air_quality_ingestion' retrieved from /opt/airflow/dags/ingestion_dag.py
[2026-08-15T04:54:27.394+0000] {logging_mixin.py:188} INFO - [2026-08-15T04:54:27.394+0000] {dag.py:3036} INFO - Sync 1 DAGs
[2026-08-15T04:54:27.552+0000] {logging_mixin.py:188} INFO - [2026-08-15T04:54:27.552+0000] {dag.py:3823} INFO - Setting next_dagrun for air_quality_ingestion to 2026-08-15 04:00:00+00:00, run_after=2026-08-15 05:00:00+00:00
[2026-08-15T04:54:27.567+0000] {processor.py:183} INFO - Processing /opt/airflow/dags/ingestion_dag.py took 0.306 seconds
[2026-08-15T04:54:57.898+0000] {processor.py:161} INFO - Started process (PID=58300) to work on /opt/airflow/dags/ingestion_dag.py
[2026-08-15T04:54:57.900+0000] {processor.py:830} INFO - Processing file /opt/airflow/dags/ingestion_dag.py for tasks to queue
[2026-08-15T04:54:57.901+0000] {logging_mixin.py:188} INFO - [2026-08-15T04:54:57.901+0000] {dagbag.py:538} INFO - Filling up the DagBag from /opt/airflow/dags/ingestion_dag.py
[2026-08-15T04:54:58.140+0000] {processor.py:840} INFO - DAG(s) 'air_quality_ingestion' retrieved from /opt/airflow/dags/ingestion_dag.py
[2026-08-15T04:54:58.156+0000] {logging_mixin.py:188} INFO - [2026-08-15T04:54:58.156+0000] {dag.py:3036} INFO - Sync 1 DAGs
[2026-08-15T04:54:58.172+0000] {logging_mixin.py:188} INFO - [2026-08-15T04:54:58.172+0000] {dag.py:3823} INFO - Setting next_dagrun for air_quality_ingestion to 2026-08-15 04:00:00+00:00, run_after=2026-08-15 05:00:00+00:00
[2026-08-15T04:54:58.191+0000] {processor.py:183} INFO - Processing /opt/airflow/dags/ingestion_dag.py took 0.296 seconds
[2026-08-15T04:55:28.349+0000] {processor.py:161} INFO - Started process (PID=58310) to work on /opt/airflow/dags/ingestion_dag.py
[2026-08-15T04:55:28.350+0000] {processor.py:830} INFO - Processing file /opt/airflow/dags/ingestion_dag.py for tasks to queue
[2026-08-15T04:55:28.352+0000] {logging_mixin.py:188} INFO - [2026-08-15T04:55:28.352+0000] {dagbag.py:538} INFO - Filling up the DagBag from /opt/airflow/dags/ingestion_dag.py
[2026-08-15T04:55:28.605+0000] {processor.py:840} INFO - DAG(s) 'air_quality_ingestion' retrieved from /opt/airflow/dags/ingestion_dag.py
[2026-08-15T04:55:28.650+0000] {logging_mixin.py:188} INFO - [2026-08-15T04:55:28.650+0000] {dag.py:3036} INFO - Sync 1 DAGs
[2026-08-15T04:55:28.666+0000] {logging_mixin.py:188} INFO - [2026-08-15T04:55:28.666+0000] {dag.py:3823} INFO - Setting next_dagrun for air_quality_ingestion to 2026-08-15 04:00:00+00:00, run_after=2026-08-15 05:00:00+00:00
[2026-08-15T04:55:28.682+0000] {processor.py:183} INFO - Processing /opt/airflow/dags/ingestion_dag.py took 0.335 seconds
[2026-08-15T04:55:58.831+0000] {processor.py:161} INFO - Started process (PID=58320) to work on /opt/airflow/dags/ingestion_dag.py
[2026-08-15T04:55:58.833+0000] {processor.py:830} INFO - Processing file /opt/airflow/dags/ingestion_dag.py for tasks to queue
[2026-08-15T04:55:58.835+0000] {logging_mixin.py:188} INFO - [2026-08-15T04:55:58.834+0000] {dagbag.py:538} INFO - Filling up the DagBag from /opt/airflow/dags/ingestion_dag.py
[2026-08-15T04:55:59.467+0000] {processor.py:840} INFO - DAG(s) 'air_quality_ingestion' retrieved from /opt/airflow/dags/ingestion_dag.py
[2026-08-15T04:55:59.523+0000] {logging_mixin.py:188} INFO - [2026-08-15T04:55:59.522+0000] {dag.py:3036} INFO - Sync 1 DAGs
[2026-08-15T04:55:59.587+0000] {logging_mixin.py:188} INFO - [2026-08-15T04:55:59.587+0000] {dag.py:3823} INFO - Setting next_dagrun for air_quality_ingestion to 2026-08-15 04:00:00+00:00, run_after=2026-08-15 05:00:00+00:00
[2026-08-15T04:55:59.628+0000] {processor.py:183} INFO - Processing /opt/airflow/dags/ingestion_dag.py took 0.803 seconds
[2026-08-15T04:56:30.173+0000] {processor.py:161} INFO - Started process (PID=58330) to work on /opt/airflow/dags/ingestion_dag.py
[2026-08-15T04:56:30.174+0000] {processor.py:830} INFO - Processing file /opt/airflow/dags/ingestion_dag.py for tasks to queue
[2026-08-15T04:56:30.176+0000] {logging_mixin.py:188} INFO - [2026-08-15T04:56:30.175+0000] {dagbag.py:538} INFO - Filling up the DagBag from /opt/airflow/dags/ingestion_dag.py
[2026-08-15T04:56:30.379+0000] {processor.py:840} INFO - DAG(s) 'air_quality_ingestion' retrieved from /opt/airflow/dags/ingestion_dag.py
[2026-08-15T04:56:30.436+0000] {logging_mixin.py:188} INFO - [2026-08-15T04:56:30.436+0000] {dag.py:3036} INFO - Sync 1 DAGs
[2026-08-15T04:56:30.672+0000] {logging_mixin.py:188} INFO - [2026-08-15T04:56:30.672+0000] {dag.py:3823} INFO - Setting next_dagrun for air_quality_ingestion to 2026-08-15 04:00:00+00:00, run_after=2026-08-15 05:00:00+00:00
[2026-08-15T04:56:30.698+0000] {processor.py:183} INFO - Processing /opt/airflow/dags/ingestion_dag.py took 0.528 seconds
[2026-08-15T04:57:00.898+0000] {processor.py:161} INFO - Started process (PID=58340) to work on /opt/airflow/dags/ingestion_dag.py
[2026-08-15T04:57:00.900+0000] {processor.py:830} INFO - Processing file /opt/airflow/dags/ingestion_dag.py for tasks to queue
[2026-08-15T04:57:00.901+0000] {logging_mixin.py:188} INFO - [2026-08-15T04:57:00.900+0000] {dagbag.py:538} INFO - Filling up the DagBag from /opt/airflow/dags/ingestion_dag.py
[2026-08-15T04:57:01.167+0000] {processor.py:840} INFO - DAG(s) 'air_quality_ingestion' retrieved from /opt/airflow/dags/ingestion_dag.py
[2026-08-15T04:57:01.188+0000] {logging_mixin.py:188} INFO - [2026-08-15T04:57:01.188+0000] {dag.py:3036} INFO - Sync 1 DAGs
[2026-08-15T04:57:01.207+0000] {logging_mixin.py:188} INFO - [2026-08-15T04:57:01.207+0000] {dag.py:3823} INFO - Setting next_dagrun for air_quality_ingestion to 2026-08-15 04:00:00+00:00, run_after=2026-08-15 05:00:00+00:00
[2026-08-15T04:57:01.222+0000] {processor.py:183} INFO - Processing /opt/airflow/dags/ingestion_dag.py took 0.326 seconds
[2026-08-15T04:57:31.312+0000] {processor.py:161} INFO - Started process (PID=58350) to work on /opt/airflow/dags/ingestion_dag.py
[2026-08-15T04:57:31.314+0000] {processor.py:830} INFO - Processing file /opt/airflow/dags/ingestion_dag.py for tasks to queue
[2026-08-15T04:57:31.315+0000] {logging_mixin.py:188} INFO - [2026-08-15T04:57:31.315+0000] {dagbag.py:538} INFO - Filling up the DagBag from /opt/airflow/dags/ingestion_dag.py
[2026-08-15T04:57:31.528+0000] {processor.py:840} INFO - DAG(s) 'air_quality_ingestion' retrieved from /opt/airflow/dags/ingestion_dag.py
[2026-08-15T04:57:31.545+0000] {logging_mixin.py:188} INFO - [2026-08-15T04:57:31.544+0000] {dag.py:3036} INFO - Sync 1 DAGs
[2026-08-15T04:57:31.566+0000] {logging_mixin.py:188} INFO - [2026-08-15T04:57:31.566+0000] {dag.py:3823} INFO - Setting next_dagrun for air_quality_ingestion to 2026-08-15 04:00:00+00:00, run_after=2026-08-15 05:00:00+00:00
[2026-08-15T04:57:31.589+0000] {processor.py:183} INFO - Processing /opt/airflow/dags/ingestion_dag.py took 0.280 seconds
[2026-08-15T04:58:01.958+0000] {processor.py:161} INFO - Started process (PID=58360) to work on /opt/airflow/dags/ingestion_dag.py
[2026-08-15T04:58:01.960+0000] {processor.py:830} INFO - Processing file /opt/airflow/dags/ingestion_dag.py for tasks to queue
[2026-08-15T04:58:01.961+0000] {logging_mixin.py:188} INFO - [2026-08-15T04:58:01.961+0000] {dagbag.py:538} INFO - Filling up the DagBag from /opt/airflow/dags/ingestion_dag.py
[2026-08-15T04:58:02.223+0000] {processor.py:840} INFO - DAG(s) 'air_quality_ingestion' retrieved from /opt/airflow/dags/ingestion_dag.py
[2026-08-15T04:58:02.241+0000] {logging_mixin.py:188} INFO - [2026-08-15T04:58:02.241+0000] {dag.py:3036} INFO - Sync 1 DAGs
[2026-08-15T04:58:02.257+0000] {logging_mixin.py:188} INFO - [2026-08-15T04:58:02.257+0000] {dag.py:3823} INFO - Setting next_dagrun for air_quality_ingestion to 2026-08-15 04:00:00+00:00, run_after=2026-08-15 05:00:00+00:00
[2026-08-15T04:58:02.275+0000] {processor.py:183} INFO - Processing /opt/airflow/dags/ingestion_dag.py took 0.320 seconds
[2026-08-15T04:58:32.421+0000] {processor.py:161} INFO - Started process (PID=58370) to work on /opt/airflow/dags/ingestion_dag.py
[2026-08-15T04:58:32.422+0000] {processor.py:830} INFO - Processing file /opt/airflow/dags/ingestion_dag.py for tasks to queue
[2026-08-15T04:58:32.423+0000] {logging_mixin.py:188} INFO - [2026-08-15T04:58:32.423+0000] {dagbag.py:538} INFO - Filling up the DagBag from /opt/airflow/dags/ingestion_dag.py
[2026-08-15T04:58:32.495+0000] {processor.py:840} INFO - DAG(s) 'air_quality_ingestion' retrieved from /opt/airflow/dags/ingestion_dag.py
[2026-08-15T04:58:32.519+0000] {logging_mixin.py:188} INFO - [2026-08-15T04:58:32.518+0000] {dag.py:3036} INFO - Sync 1 DAGs
[2026-08-15T04:58:32.667+0000] {logging_mixin.py:188} INFO - [2026-08-15T04:58:32.666+0000] {dag.py:3823} INFO - Setting next_dagrun for air_quality_ingestion to 2026-08-15 04:00:00+00:00, run_after=2026-08-15 05:00:00+00:00
[2026-08-15T04:58:32.709+0000] {processor.py:183} INFO - Processing /opt/airflow/dags/ingestion_dag.py took 0.290 seconds
[2026-08-15T04:59:03.201+0000] {processor.py:161} INFO - Started process (PID=58380) to work on /opt/airflow/dags/ingestion_dag.py
[2026-08-15T04:59:03.203+0000] {processor.py:830} INFO - Processing file /opt/airflow/dags/ingestion_dag.py for tasks to queue
[2026-08-15T04:59:03.205+0000] {logging_mixin.py:188} INFO - [2026-08-15T04:59:03.204+0000] {dagbag.py:538} INFO - Filling up the DagBag from /opt/airflow/dags/ingestion_dag.py
[2026-08-15T04:59:03.539+0000] {processor.py:840} INFO - DAG(s) 'air_quality_ingestion' retrieved from /opt/airflow/dags/ingestion_dag.py
[2026-08-15T04:59:03.560+0000] {logging_mixin.py:188} INFO - [2026-08-15T04:59:03.560+0000] {dag.py:3036} INFO - Sync 1 DAGs
[2026-08-15T04:59:03.582+0000] {logging_mixin.py:188} INFO - [2026-08-15T04:59:03.581+0000] {dag.py:3823} INFO - Setting next_dagrun for air_quality_ingestion to 2026-08-15 04:00:00+00:00, run_after=2026-08-15 05:00:00+00:00
[2026-08-15T04:59:03.603+0000] {processor.py:183} INFO - Processing /opt/airflow/dags/ingestion_dag.py took 0.407 seconds
[2026-08-15T05:00:20.029+0000] {processor.py:161} INFO - Started process (PID=58390) to work on /opt/airflow/dags/ingestion_dag.py
[2026-08-15T05:00:20.041+0000] {processor.py:830} INFO - Processing file /opt/airflow/dags/ingestion_dag.py for tasks to queue
[2026-08-15T05:00:20.047+0000] {logging_mixin.py:188} INFO - [2026-08-15T05:00:20.046+0000] {dagbag.py:538} INFO - Filling up the DagBag from /opt/airflow/dags/ingestion_dag.py
[2026-08-15T05:00:20.922+0000] {processor.py:840} INFO - DAG(s) 'air_quality_ingestion' retrieved from /opt/airflow/dags/ingestion_dag.py
[2026-08-15T05:00:20.977+0000] {logging_mixin.py:188} INFO - [2026-08-15T05:00:20.976+0000] {dag.py:3036} INFO - Sync 1 DAGs
[2026-08-15T05:00:21.038+0000] {logging_mixin.py:188} INFO - [2026-08-15T05:00:21.037+0000] {dag.py:3823} INFO - Setting next_dagrun for air_quality_ingestion to 2026-08-15 05:00:00+00:00, run_after=2026-08-15 06:00:00+00:00
[2026-08-15T05:00:21.085+0000] {processor.py:183} INFO - Processing /opt/airflow/dags/ingestion_dag.py took 1.082 seconds
[2026-08-15T05:47:30.694+0000] {processor.py:161} INFO - Started process (PID=58404) to work on /opt/airflow/dags/ingestion_dag.py
[2026-08-15T05:47:30.723+0000] {processor.py:830} INFO - Processing file /opt/airflow/dags/ingestion_dag.py for tasks to queue
[2026-08-15T05:47:30.763+0000] {logging_mixin.py:188} INFO - [2026-08-15T05:47:30.744+0000] {dagbag.py:538} INFO - Filling up the DagBag from /opt/airflow/dags/ingestion_dag.py
[2026-08-15T05:48:02.827+0000] {processor.py:161} INFO - Started process (PID=58414) to work on /opt/airflow/dags/ingestion_dag.py
[2026-08-15T05:48:02.830+0000] {processor.py:830} INFO - Processing file /opt/airflow/dags/ingestion_dag.py for tasks to queue
[2026-08-15T05:48:02.833+0000] {logging_mixin.py:188} INFO - [2026-08-15T05:48:02.833+0000] {dagbag.py:538} INFO - Filling up the DagBag from /opt/airflow/dags/ingestion_dag.py
[2026-08-15T05:48:03.360+0000] {processor.py:840} INFO - DAG(s) 'air_quality_ingestion' retrieved from /opt/airflow/dags/ingestion_dag.py
[2026-08-15T05:48:03.403+0000] {logging_mixin.py:188} INFO - [2026-08-15T05:48:03.403+0000] {dag.py:3036} INFO - Sync 1 DAGs
[2026-08-15T05:48:03.438+0000] {logging_mixin.py:188} INFO - [2026-08-15T05:48:03.437+0000] {dag.py:3823} INFO - Setting next_dagrun for air_quality_ingestion to 2026-08-15 05:00:00+00:00, run_after=2026-08-15 06:00:00+00:00
[2026-08-15T05:48:03.476+0000] {processor.py:183} INFO - Processing /opt/airflow/dags/ingestion_dag.py took 0.654 seconds
[2026-08-15T05:48:33.721+0000] {processor.py:161} INFO - Started process (PID=58426) to work on /opt/airflow/dags/ingestion_dag.py
[2026-08-15T05:48:33.723+0000] {processor.py:830} INFO - Processing file /opt/airflow/dags/ingestion_dag.py for tasks to queue
[2026-08-15T05:48:33.724+0000] {logging_mixin.py:188} INFO - [2026-08-15T05:48:33.724+0000] {dagbag.py:538} INFO - Filling up the DagBag from /opt/airflow/dags/ingestion_dag.py
[2026-08-15T05:48:33.982+0000] {processor.py:840} INFO - DAG(s) 'air_quality_ingestion' retrieved from /opt/airflow/dags/ingestion_dag.py
[2026-08-15T05:48:34.010+0000] {logging_mixin.py:188} INFO - [2026-08-15T05:48:34.010+0000] {dag.py:3036} INFO - Sync 1 DAGs
[2026-08-15T05:48:34.032+0000] {logging_mixin.py:188} INFO - [2026-08-15T05:48:34.031+0000] {dag.py:3823} INFO - Setting next_dagrun for air_quality_ingestion to 2026-08-15 05:00:00+00:00, run_after=2026-08-15 06:00:00+00:00
[2026-08-15T05:48:34.052+0000] {processor.py:183} INFO - Processing /opt/airflow/dags/ingestion_dag.py took 0.334 seconds
[2026-08-15T05:49:04.169+0000] {processor.py:161} INFO - Started process (PID=58436) to work on /opt/airflow/dags/ingestion_dag.py
[2026-08-15T05:49:04.170+0000] {processor.py:830} INFO - Processing file /opt/airflow/dags/ingestion_dag.py for tasks to queue
[2026-08-15T05:49:04.171+0000] {logging_mixin.py:188} INFO - [2026-08-15T05:49:04.171+0000] {dagbag.py:538} INFO - Filling up the DagBag from /opt/airflow/dags/ingestion_dag.py
[2026-08-15T05:49:04.236+0000] {processor.py:840} INFO - DAG(s) 'air_quality_ingestion' retrieved from /opt/airflow/dags/ingestion_dag.py
[2026-08-15T05:49:04.362+0000] {logging_mixin.py:188} INFO - [2026-08-15T05:49:04.361+0000] {dag.py:3036} INFO - Sync 1 DAGs
[2026-08-15T05:49:04.377+0000] {logging_mixin.py:188} INFO - [2026-08-15T05:49:04.377+0000] {dag.py:3823} INFO - Setting next_dagrun for air_quality_ingestion to 2026-08-15 05:00:00+00:00, run_after=2026-08-15 06:00:00+00:00
[2026-08-15T05:49:04.392+0000] {processor.py:183} INFO - Processing /opt/airflow/dags/ingestion_dag.py took 0.226 seconds
[2026-08-15T05:49:34.524+0000] {processor.py:161} INFO - Started process (PID=58444) to work on /opt/airflow/dags/ingestion_dag.py
[2026-08-15T05:49:34.526+0000] {processor.py:830} INFO - Processing file /opt/airflow/dags/ingestion_dag.py for tasks to queue
[2026-08-15T05:49:34.529+0000] {logging_mixin.py:188} INFO - [2026-08-15T05:49:34.528+0000] {dagbag.py:538} INFO - Filling up the DagBag from /opt/airflow/dags/ingestion_dag.py
[2026-08-15T05:49:34.834+0000] {processor.py:840} INFO - DAG(s) 'air_quality_ingestion' retrieved from /opt/airflow/dags/ingestion_dag.py
[2026-08-15T05:49:34.853+0000] {logging_mixin.py:188} INFO - [2026-08-15T05:49:34.853+0000] {dag.py:3036} INFO - Sync 1 DAGs
[2026-08-15T05:49:34.870+0000] {logging_mixin.py:188} INFO - [2026-08-15T05:49:34.870+0000] {dag.py:3823} INFO - Setting next_dagrun for air_quality_ingestion to 2026-08-15 05:00:00+00:00, run_after=2026-08-15 06:00:00+00:00
[2026-08-15T05:49:34.886+0000] {processor.py:183} INFO - Processing /opt/airflow/dags/ingestion_dag.py took 0.371 seconds
[2026-08-15T05:50:05.055+0000] {processor.py:161} INFO - Started process (PID=58454) to work on /opt/airflow/dags/ingestion_dag.py
[2026-08-15T05:50:05.057+0000] {processor.py:830} INFO - Processing file /opt/airflow/dags/ingestion_dag.py for tasks to queue
[2026-08-15T05:50:05.059+0000] {logging_mixin.py:188} INFO - [2026-08-15T05:50:05.058+0000] {dagbag.py:538} INFO - Filling up the DagBag from /opt/airflow/dags/ingestion_dag.py
[2026-08-15T05:50:05.385+0000] {processor.py:840} INFO - DAG(s) 'air_quality_ingestion' retrieved from /opt/airflow/dags/ingestion_dag.py
[2026-08-15T05:50:05.414+0000] {logging_mixin.py:188} INFO - [2026-08-15T05:50:05.414+0000] {dag.py:3036} INFO - Sync 1 DAGs
[2026-08-15T05:50:05.453+0000] {logging_mixin.py:188} INFO - [2026-08-15T05:50:05.453+0000] {dag.py:3823} INFO - Setting next_dagrun for air_quality_ingestion to 2026-08-15 05:00:00+00:00, run_after=2026-08-15 06:00:00+00:00
[2026-08-15T05:50:05.485+0000] {processor.py:183} INFO - Processing /opt/airflow/dags/ingestion_dag.py took 0.434 seconds
[2026-08-15T05:50:35.705+0000] {processor.py:161} INFO - Started process (PID=58466) to work on /opt/airflow/dags/ingestion_dag.py
[2026-08-15T05:50:35.708+0000] {processor.py:830} INFO - Processing file /opt/airflow/dags/ingestion_dag.py for tasks to queue
[2026-08-15T05:50:35.709+0000] {logging_mixin.py:188} INFO - [2026-08-15T05:50:35.709+0000] {dagbag.py:538} INFO - Filling up the DagBag from /opt/airflow/dags/ingestion_dag.py
[2026-08-15T05:50:35.942+0000] {processor.py:840} INFO - DAG(s) 'air_quality_ingestion' retrieved from /opt/airflow/dags/ingestion_dag.py
[2026-08-15T05:50:35.961+0000] {logging_mixin.py:188} INFO - [2026-08-15T05:50:35.961+0000] {dag.py:3036} INFO - Sync 1 DAGs
[2026-08-15T05:50:35.977+0000] {logging_mixin.py:188} INFO - [2026-08-15T05:50:35.977+0000] {dag.py:3823} INFO - Setting next_dagrun for air_quality_ingestion to 2026-08-15 05:00:00+00:00, run_after=2026-08-15 06:00:00+00:00
[2026-08-15T05:50:36.021+0000] {processor.py:183} INFO - Processing /opt/airflow/dags/ingestion_dag.py took 0.320 seconds
[2026-08-15T05:51:06.282+0000] {processor.py:161} INFO - Started process (PID=58476) to work on /opt/airflow/dags/ingestion_dag.py
[2026-08-15T05:51:06.283+0000] {processor.py:830} INFO - Processing file /opt/airflow/dags/ingestion_dag.py for tasks to queue
[2026-08-15T05:51:06.284+0000] {logging_mixin.py:188} INFO - [2026-08-15T05:51:06.284+0000] {dagbag.py:538} INFO - Filling up the DagBag from /opt/airflow/dags/ingestion_dag.py
[2026-08-15T05:51:06.373+0000] {processor.py:840} INFO - DAG(s) 'air_quality_ingestion' retrieved from /opt/airflow/dags/ingestion_dag.py
[2026-08-15T05:51:06.607+0000] {logging_mixin.py:188} INFO - [2026-08-15T05:51:06.606+0000] {dag.py:3036} INFO - Sync 1 DAGs
[2026-08-15T05:51:06.637+0000] {logging_mixin.py:188} INFO - [2026-08-15T05:51:06.637+0000] {dag.py:3823} INFO - Setting next_dagrun for air_quality_ingestion to 2026-08-15 05:00:00+00:00, run_after=2026-08-15 06:00:00+00:00
[2026-08-15T05:51:06.660+0000] {processor.py:183} INFO - Processing /opt/airflow/dags/ingestion_dag.py took 0.382 seconds
[2026-08-15T05:51:36.782+0000] {processor.py:161} INFO - Started process (PID=58486) to work on /opt/airflow/dags/ingestion_dag.py
[2026-08-15T05:51:36.787+0000] {processor.py:830} INFO - Processing file /opt/airflow/dags/ingestion_dag.py for tasks to queue
[2026-08-15T05:51:36.789+0000] {logging_mixin.py:188} INFO - [2026-08-15T05:51:36.788+0000] {dagbag.py:538} INFO - Filling up the DagBag from /opt/airflow/dags/ingestion_dag.py
[2026-08-15T05:51:37.038+0000] {processor.py:840} INFO - DAG(s) 'air_quality_ingestion' retrieved from /opt/airflow/dags/ingestion_dag.py
[2026-08-15T05:51:37.056+0000] {logging_mixin.py:188} INFO - [2026-08-15T05:51:37.056+0000] {dag.py:3036} INFO - Sync 1 DAGs
[2026-08-15T05:51:37.075+0000] {logging_mixin.py:188} INFO - [2026-08-15T05:51:37.075+0000] {dag.py:3823} INFO - Setting next_dagrun for air_quality_ingestion to 2026-08-15 05:00:00+00:00, run_after=2026-08-15 06:00:00+00:00
[2026-08-15T05:51:37.092+0000] {processor.py:183} INFO - Processing /opt/airflow/dags/ingestion_dag.py took 0.313 seconds
[2026-08-15T05:52:07.601+0000] {processor.py:161} INFO - Started process (PID=58494) to work on /opt/airflow/dags/ingestion_dag.py
[2026-08-15T05:52:07.609+0000] {processor.py:830} INFO - Processing file /opt/airflow/dags/ingestion_dag.py for tasks to queue
[2026-08-15T05:52:07.611+0000] {logging_mixin.py:188} INFO - [2026-08-15T05:52:07.611+0000] {dagbag.py:538} INFO - Filling up the DagBag from /opt/airflow/dags/ingestion_dag.py
[2026-08-15T05:52:08.109+0000] {processor.py:840} INFO - DAG(s) 'air_quality_ingestion' retrieved from /opt/airflow/dags/ingestion_dag.py
[2026-08-15T05:52:08.162+0000] {logging_mixin.py:188} INFO - [2026-08-15T05:52:08.162+0000] {dag.py:3036} INFO - Sync 1 DAGs
[2026-08-15T05:52:08.216+0000] {logging_mixin.py:188} INFO - [2026-08-15T05:52:08.215+0000] {dag.py:3823} INFO - Setting next_dagrun for air_quality_ingestion to 2026-08-15 05:00:00+00:00, run_after=2026-08-15 06:00:00+00:00
[2026-08-15T05:52:08.254+0000] {processor.py:183} INFO - Processing /opt/airflow/dags/ingestion_dag.py took 0.658 seconds
[2026-08-15T05:52:38.369+0000] {processor.py:161} INFO - Started process (PID=58506) to work on /opt/airflow/dags/ingestion_dag.py
[2026-08-15T05:52:38.370+0000] {processor.py:830} INFO - Processing file /opt/airflow/dags/ingestion_dag.py for tasks to queue
[2026-08-15T05:52:38.371+0000] {logging_mixin.py:188} INFO - [2026-08-15T05:52:38.371+0000] {dagbag.py:538} INFO - Filling up the DagBag from /opt/airflow/dags/ingestion_dag.py
[2026-08-15T05:52:38.588+0000] {processor.py:840} INFO - DAG(s) 'air_quality_ingestion' retrieved from /opt/airflow/dags/ingestion_dag.py
[2026-08-15T05:52:38.606+0000] {logging_mixin.py:188} INFO - [2026-08-15T05:52:38.606+0000] {dag.py:3036} INFO - Sync 1 DAGs
[2026-08-15T05:52:38.622+0000] {logging_mixin.py:188} INFO - [2026-08-15T05:52:38.622+0000] {dag.py:3823} INFO - Setting next_dagrun for air_quality_ingestion to 2026-08-15 05:00:00+00:00, run_after=2026-08-15 06:00:00+00:00
[2026-08-15T05:52:38.640+0000] {processor.py:183} INFO - Processing /opt/airflow/dags/ingestion_dag.py took 0.274 seconds
[2026-08-15T05:53:08.840+0000] {processor.py:161} INFO - Started process (PID=58516) to work on /opt/airflow/dags/ingestion_dag.py
[2026-08-15T05:53:08.841+0000] {processor.py:830} INFO - Processing file /opt/airflow/dags/ingestion_dag.py for tasks to queue
[2026-08-15T05:53:08.842+0000] {logging_mixin.py:188} INFO - [2026-08-15T05:53:08.842+0000] {dagbag.py:538} INFO - Filling up the DagBag from /opt/airflow/dags/ingestion_dag.py
[2026-08-15T05:53:09.051+0000] {processor.py:840} INFO - DAG(s) 'air_quality_ingestion' retrieved from /opt/airflow/dags/ingestion_dag.py
[2026-08-15T05:53:09.067+0000] {logging_mixin.py:188} INFO - [2026-08-15T05:53:09.067+0000] {dag.py:3036} INFO - Sync 1 DAGs
[2026-08-15T05:53:09.082+0000] {logging_mixin.py:188} INFO - [2026-08-15T05:53:09.082+0000] {dag.py:3823} INFO - Setting next_dagrun for air_quality_ingestion to 2026-08-15 05:00:00+00:00, run_after=2026-08-15 06:00:00+00:00
[2026-08-15T05:53:09.125+0000] {processor.py:183} INFO - Processing /opt/airflow/dags/ingestion_dag.py took 0.289 seconds
[2026-08-15T05:53:39.249+0000] {processor.py:161} INFO - Started process (PID=58524) to work on /opt/airflow/dags/ingestion_dag.py
[2026-08-15T05:53:39.250+0000] {processor.py:830} INFO - Processing file /opt/airflow/dags/ingestion_dag.py for tasks to queue
[2026-08-15T05:53:39.251+0000] {logging_mixin.py:188} INFO - [2026-08-15T05:53:39.251+0000] {dagbag.py:538} INFO - Filling up the DagBag from /opt/airflow/dags/ingestion_dag.py
[2026-08-15T05:53:39.498+0000] {processor.py:840} INFO - DAG(s) 'air_quality_ingestion' retrieved from /opt/airflow/dags/ingestion_dag.py
[2026-08-15T05:53:39.515+0000] {logging_mixin.py:188} INFO - [2026-08-15T05:53:39.515+0000] {dag.py:3036} INFO - Sync 1 DAGs
[2026-08-15T05:53:39.534+0000] {logging_mixin.py:188} INFO - [2026-08-15T05:53:39.533+0000] {dag.py:3823} INFO - Setting next_dagrun for air_quality_ingestion to 2026-08-15 05:00:00+00:00, run_after=2026-08-15 06:00:00+00:00
[2026-08-15T05:53:39.573+0000] {processor.py:183} INFO - Processing /opt/airflow/dags/ingestion_dag.py took 0.327 seconds
[2026-08-15T05:54:09.821+0000] {processor.py:161} INFO - Started process (PID=58534) to work on /opt/airflow/dags/ingestion_dag.py
[2026-08-15T05:54:09.823+0000] {processor.py:830} INFO - Processing file /opt/airflow/dags/ingestion_dag.py for tasks to queue
[2026-08-15T05:54:09.825+0000] {logging_mixin.py:188} INFO - [2026-08-15T05:54:09.824+0000] {dagbag.py:538} INFO - Filling up the DagBag from /opt/airflow/dags/ingestion_dag.py
[2026-08-15T05:54:10.145+0000] {processor.py:840} INFO - DAG(s) 'air_quality_ingestion' retrieved from /opt/airflow/dags/ingestion_dag.py
[2026-08-15T05:54:10.206+0000] {logging_mixin.py:188} INFO - [2026-08-15T05:54:10.206+0000] {dag.py:3036} INFO - Sync 1 DAGs
[2026-08-15T05:54:10.227+0000] {logging_mixin.py:188} INFO - [2026-08-15T05:54:10.227+0000] {dag.py:3823} INFO - Setting next_dagrun for air_quality_ingestion to 2026-08-15 05:00:00+00:00, run_after=2026-08-15 06:00:00+00:00
[2026-08-15T05:54:10.248+0000] {processor.py:183} INFO - Processing /opt/airflow/dags/ingestion_dag.py took 0.434 seconds
[2026-08-15T05:54:40.378+0000] {processor.py:161} INFO - Started process (PID=58544) to work on /opt/airflow/dags/ingestion_dag.py
[2026-08-15T05:54:40.379+0000] {processor.py:830} INFO - Processing file /opt/airflow/dags/ingestion_dag.py for tasks to queue
[2026-08-15T05:54:40.380+0000] {logging_mixin.py:188} INFO - [2026-08-15T05:54:40.380+0000] {dagbag.py:538} INFO - Filling up the DagBag from /opt/airflow/dags/ingestion_dag.py
[2026-08-15T05:54:40.613+0000] {processor.py:840} INFO - DAG(s) 'air_quality_ingestion' retrieved from /opt/airflow/dags/ingestion_dag.py
[2026-08-15T05:54:40.634+0000] {logging_mixin.py:188} INFO - [2026-08-15T05:54:40.634+0000] {dag.py:3036} INFO - Sync 1 DAGs
[2026-08-15T05:54:40.657+0000] {logging_mixin.py:188} INFO - [2026-08-15T05:54:40.656+0000] {dag.py:3823} INFO - Setting next_dagrun for air_quality_ingestion to 2026-08-15 05:00:00+00:00, run_after=2026-08-15 06:00:00+00:00
[2026-08-15T05:54:40.688+0000] {processor.py:183} INFO - Processing /opt/airflow/dags/ingestion_dag.py took 0.314 seconds
[2026-08-15T05:55:10.854+0000] {processor.py:161} INFO - Started process (PID=58554) to work on /opt/airflow/dags/ingestion_dag.py
[2026-08-15T05:55:10.856+0000] {processor.py:830} INFO - Processing file /opt/airflow/dags/ingestion_dag.py for tasks to queue
[2026-08-15T05:55:10.858+0000] {logging_mixin.py:188} INFO - [2026-08-15T05:55:10.857+0000] {dagbag.py:538} INFO - Filling up the DagBag from /opt/airflow/dags/ingestion_dag.py
[2026-08-15T05:55:11.199+0000] {processor.py:840} INFO - DAG(s) 'air_quality_ingestion' retrieved from /opt/airflow/dags/ingestion_dag.py
[2026-08-15T05:55:11.218+0000] {logging_mixin.py:188} INFO - [2026-08-15T05:55:11.218+0000] {dag.py:3036} INFO - Sync 1 DAGs
[2026-08-15T05:55:11.237+0000] {logging_mixin.py:188} INFO - [2026-08-15T05:55:11.237+0000] {dag.py:3823} INFO - Setting next_dagrun for air_quality_ingestion to 2026-08-15 05:00:00+00:00, run_after=2026-08-15 06:00:00+00:00
[2026-08-15T05:55:11.280+0000] {processor.py:183} INFO - Processing /opt/airflow/dags/ingestion_dag.py took 0.431 seconds
[2026-08-15T05:55:41.446+0000] {processor.py:161} INFO - Started process (PID=58564) to work on /opt/airflow/dags/ingestion_dag.py
[2026-08-15T05:55:41.447+0000] {processor.py:830} INFO - Processing file /opt/airflow/dags/ingestion_dag.py for tasks to queue
[2026-08-15T05:55:41.449+0000] {logging_mixin.py:188} INFO - [2026-08-15T05:55:41.448+0000] {dagbag.py:538} INFO - Filling up the DagBag from /opt/airflow/dags/ingestion_dag.py
[2026-08-15T05:55:41.677+0000] {processor.py:840} INFO - DAG(s) 'air_quality_ingestion' retrieved from /opt/airflow/dags/ingestion_dag.py
[2026-08-15T05:55:41.694+0000] {logging_mixin.py:188} INFO - [2026-08-15T05:55:41.693+0000] {dag.py:3036} INFO - Sync 1 DAGs
[2026-08-15T05:55:41.712+0000] {logging_mixin.py:188} INFO - [2026-08-15T05:55:41.712+0000] {dag.py:3823} INFO - Setting next_dagrun for air_quality_ingestion to 2026-08-15 05:00:00+00:00, run_after=2026-08-15 06:00:00+00:00
[2026-08-15T05:55:41.754+0000] {processor.py:183} INFO - Processing /opt/airflow/dags/ingestion_dag.py took 0.313 seconds
[2026-08-15T05:56:12.000+0000] {processor.py:161} INFO - Started process (PID=58574) to work on /opt/airflow/dags/ingestion_dag.py
[2026-08-15T05:56:12.002+0000] {processor.py:830} INFO - Processing file /opt/airflow/dags/ingestion_dag.py for tasks to queue
[2026-08-15T05:56:12.004+0000] {logging_mixin.py:188} INFO - [2026-08-15T05:56:12.004+0000] {dagbag.py:538} INFO - Filling up the DagBag from /opt/airflow/dags/ingestion_dag.py
[2026-08-15T05:56:12.297+0000] {processor.py:840} INFO - DAG(s) 'air_quality_ingestion' retrieved from /opt/airflow/dags/ingestion_dag.py
[2026-08-15T05:56:12.319+0000] {logging_mixin.py:188} INFO - [2026-08-15T05:56:12.319+0000] {dag.py:3036} INFO - Sync 1 DAGs
[2026-08-15T05:56:12.340+0000] {logging_mixin.py:188} INFO - [2026-08-15T05:56:12.340+0000] {dag.py:3823} INFO - Setting next_dagrun for air_quality_ingestion to 2026-08-15 05:00:00+00:00, run_after=2026-08-15 06:00:00+00:00
[2026-08-15T05:56:12.356+0000] {processor.py:183} INFO - Processing /opt/airflow/dags/ingestion_dag.py took 0.361 seconds
[2026-08-15T05:56:42.751+0000] {processor.py:161} INFO - Started process (PID=58584) to work on /opt/airflow/dags/ingestion_dag.py
[2026-08-15T05:56:42.752+0000] {processor.py:830} INFO - Processing file /opt/airflow/dags/ingestion_dag.py for tasks to queue
[2026-08-15T05:56:42.754+0000] {logging_mixin.py:188} INFO - [2026-08-15T05:56:42.753+0000] {dagbag.py:538} INFO - Filling up the DagBag from /opt/airflow/dags/ingestion_dag.py
[2026-08-15T05:56:43.065+0000] {processor.py:840} INFO - DAG(s) 'air_quality_ingestion' retrieved from /opt/airflow/dags/ingestion_dag.py
[2026-08-15T05:56:43.086+0000] {logging_mixin.py:188} INFO - [2026-08-15T05:56:43.086+0000] {dag.py:3036} INFO - Sync 1 DAGs
[2026-08-15T05:56:43.105+0000] {logging_mixin.py:188} INFO - [2026-08-15T05:56:43.105+0000] {dag.py:3823} INFO - Setting next_dagrun for air_quality_ingestion to 2026-08-15 05:00:00+00:00, run_after=2026-08-15 06:00:00+00:00
[2026-08-15T05:56:43.124+0000] {processor.py:183} INFO - Processing /opt/airflow/dags/ingestion_dag.py took 0.377 seconds
[2026-08-15T05:57:13.367+0000] {processor.py:161} INFO - Started process (PID=58594) to work on /opt/airflow/dags/ingestion_dag.py
[2026-08-15T05:57:13.369+0000] {processor.py:830} INFO - Processing file /opt/airflow/dags/ingestion_dag.py for tasks to queue
[2026-08-15T05:57:13.372+0000] {logging_mixin.py:188} INFO - [2026-08-15T05:57:13.371+0000] {dagbag.py:538} INFO - Filling up the DagBag from /opt/airflow/dags/ingestion_dag.py
[2026-08-15T05:57:13.625+0000] {processor.py:840} INFO - DAG(s) 'air_quality_ingestion' retrieved from /opt/airflow/dags/ingestion_dag.py
[2026-08-15T05:57:13.640+0000] {logging_mixin.py:188} INFO - [2026-08-15T05:57:13.640+0000] {dag.py:3036} INFO - Sync 1 DAGs
[2026-08-15T05:57:13.661+0000] {logging_mixin.py:188} INFO - [2026-08-15T05:57:13.661+0000] {dag.py:3823} INFO - Setting next_dagrun for air_quality_ingestion to 2026-08-15 05:00:00+00:00, run_after=2026-08-15 06:00:00+00:00
[2026-08-15T05:57:13.683+0000] {processor.py:183} INFO - Processing /opt/airflow/dags/ingestion_dag.py took 0.321 seconds
[2026-08-15T05:57:44.506+0000] {processor.py:161} INFO - Started process (PID=58604) to work on /opt/airflow/dags/ingestion_dag.py
[2026-08-15T05:57:44.508+0000] {processor.py:830} INFO - Processing file /opt/airflow/dags/ingestion_dag.py for tasks to queue
[2026-08-15T05:57:44.509+0000] {logging_mixin.py:188} INFO - [2026-08-15T05:57:44.508+0000] {dagbag.py:538} INFO - Filling up the DagBag from /opt/airflow/dags/ingestion_dag.py
[2026-08-15T05:57:44.738+0000] {processor.py:840} INFO - DAG(s) 'air_quality_ingestion' retrieved from /opt/airflow/dags/ingestion_dag.py
[2026-08-15T05:57:44.754+0000] {logging_mixin.py:188} INFO - [2026-08-15T05:57:44.754+0000] {dag.py:3036} INFO - Sync 1 DAGs
[2026-08-15T05:57:44.772+0000] {logging_mixin.py:188} INFO - [2026-08-15T05:57:44.772+0000] {dag.py:3823} INFO - Setting next_dagrun for air_quality_ingestion to 2026-08-15 05:00:00+00:00, run_after=2026-08-15 06:00:00+00:00
[2026-08-15T05:57:44.794+0000] {processor.py:183} INFO - Processing /opt/airflow/dags/ingestion_dag.py took 0.291 seconds
[2026-08-15T05:58:14.999+0000] {processor.py:161} INFO - Started process (PID=58614) to work on /opt/airflow/dags/ingestion_dag.py
[2026-08-15T05:58:15.001+0000] {processor.py:830} INFO - Processing file /opt/airflow/dags/ingestion_dag.py for tasks to queue
[2026-08-15T05:58:15.002+0000] {logging_mixin.py:188} INFO - [2026-08-15T05:58:15.001+0000] {dagbag.py:538} INFO - Filling up the DagBag from /opt/airflow/dags/ingestion_dag.py
[2026-08-15T05:58:15.255+0000] {processor.py:840} INFO - DAG(s) 'air_quality_ingestion' retrieved from /opt/airflow/dags/ingestion_dag.py
[2026-08-15T05:58:15.275+0000] {logging_mixin.py:188} INFO - [2026-08-15T05:58:15.275+0000] {dag.py:3036} INFO - Sync 1 DAGs
[2026-08-15T05:58:15.296+0000] {logging_mixin.py:188} INFO - [2026-08-15T05:58:15.296+0000] {dag.py:3823} INFO - Setting next_dagrun for air_quality_ingestion to 2026-08-15 05:00:00+00:00, run_after=2026-08-15 06:00:00+00:00
[2026-08-15T05:58:15.312+0000] {processor.py:183} INFO - Processing /opt/airflow/dags/ingestion_dag.py took 0.317 seconds
[2026-08-15T05:58:45.699+0000] {processor.py:161} INFO - Started process (PID=58624) to work on /opt/airflow/dags/ingestion_dag.py
[2026-08-15T05:58:45.700+0000] {processor.py:830} INFO - Processing file /opt/airflow/dags/ingestion_dag.py for tasks to queue
[2026-08-15T05:58:45.702+0000] {logging_mixin.py:188} INFO - [2026-08-15T05:58:45.701+0000] {dagbag.py:538} INFO - Filling up the DagBag from /opt/airflow/dags/ingestion_dag.py
[2026-08-15T05:58:45.970+0000] {processor.py:840} INFO - DAG(s) 'air_quality_ingestion' retrieved from /opt/airflow/dags/ingestion_dag.py
[2026-08-15T05:58:45.987+0000] {logging_mixin.py:188} INFO - [2026-08-15T05:58:45.986+0000] {dag.py:3036} INFO - Sync 1 DAGs
[2026-08-15T05:58:46.005+0000] {logging_mixin.py:188} INFO - [2026-08-15T05:58:46.005+0000] {dag.py:3823} INFO - Setting next_dagrun for air_quality_ingestion to 2026-08-15 05:00:00+00:00, run_after=2026-08-15 06:00:00+00:00
[2026-08-15T05:58:46.025+0000] {processor.py:183} INFO - Processing /opt/airflow/dags/ingestion_dag.py took 0.330 seconds
[2026-08-15T05:59:16.202+0000] {processor.py:161} INFO - Started process (PID=58634) to work on /opt/airflow/dags/ingestion_dag.py
[2026-08-15T05:59:16.204+0000] {processor.py:830} INFO - Processing file /opt/airflow/dags/ingestion_dag.py for tasks to queue
[2026-08-15T05:59:16.206+0000] {logging_mixin.py:188} INFO - [2026-08-15T05:59:16.206+0000] {dagbag.py:538} INFO - Filling up the DagBag from /opt/airflow/dags/ingestion_dag.py
[2026-08-15T05:59:16.458+0000] {processor.py:840} INFO - DAG(s) 'air_quality_ingestion' retrieved from /opt/airflow/dags/ingestion_dag.py
[2026-08-15T05:59:16.480+0000] {logging_mixin.py:188} INFO - [2026-08-15T05:59:16.480+0000] {dag.py:3036} INFO - Sync 1 DAGs
[2026-08-15T05:59:16.502+0000] {logging_mixin.py:188} INFO - [2026-08-15T05:59:16.501+0000] {dag.py:3823} INFO - Setting next_dagrun for air_quality_ingestion to 2026-08-15 05:00:00+00:00, run_after=2026-08-15 06:00:00+00:00
[2026-08-15T05:59:16.526+0000] {processor.py:183} INFO - Processing /opt/airflow/dags/ingestion_dag.py took 0.328 seconds
[2026-08-15T05:59:46.778+0000] {processor.py:161} INFO - Started process (PID=58644) to work on /opt/airflow/dags/ingestion_dag.py
[2026-08-15T05:59:46.780+0000] {processor.py:830} INFO - Processing file /opt/airflow/dags/ingestion_dag.py for tasks to queue
[2026-08-15T05:59:46.781+0000] {logging_mixin.py:188} INFO - [2026-08-15T05:59:46.781+0000] {dagbag.py:538} INFO - Filling up the DagBag from /opt/airflow/dags/ingestion_dag.py
[2026-08-15T05:59:47.011+0000] {processor.py:840} INFO - DAG(s) 'air_quality_ingestion' retrieved from /opt/airflow/dags/ingestion_dag.py
[2026-08-15T05:59:47.025+0000] {logging_mixin.py:188} INFO - [2026-08-15T05:59:47.025+0000] {dag.py:3036} INFO - Sync 1 DAGs
[2026-08-15T05:59:47.039+0000] {logging_mixin.py:188} INFO - [2026-08-15T05:59:47.039+0000] {dag.py:3823} INFO - Setting next_dagrun for air_quality_ingestion to 2026-08-15 05:00:00+00:00, run_after=2026-08-15 06:00:00+00:00
[2026-08-15T05:59:47.080+0000] {processor.py:183} INFO - Processing /opt/airflow/dags/ingestion_dag.py took 0.305 seconds
[2026-08-15T06:00:17.265+0000] {processor.py:161} INFO - Started process (PID=58656) to work on /opt/airflow/dags/ingestion_dag.py
[2026-08-15T06:00:17.266+0000] {processor.py:830} INFO - Processing file /opt/airflow/dags/ingestion_dag.py for tasks to queue
[2026-08-15T06:00:17.267+0000] {logging_mixin.py:188} INFO - [2026-08-15T06:00:17.267+0000] {dagbag.py:538} INFO - Filling up the DagBag from /opt/airflow/dags/ingestion_dag.py
[2026-08-15T06:00:17.502+0000] {processor.py:840} INFO - DAG(s) 'air_quality_ingestion' retrieved from /opt/airflow/dags/ingestion_dag.py
[2026-08-15T06:00:17.534+0000] {logging_mixin.py:188} INFO - [2026-08-15T06:00:17.533+0000] {dag.py:3036} INFO - Sync 1 DAGs
[2026-08-15T06:00:17.572+0000] {logging_mixin.py:188} INFO - [2026-08-15T06:00:17.571+0000] {dag.py:3823} INFO - Setting next_dagrun for air_quality_ingestion to 2026-08-15 06:00:00+00:00, run_after=2026-08-15 07:00:00+00:00
[2026-08-15T06:00:17.589+0000] {processor.py:183} INFO - Processing /opt/airflow/dags/ingestion_dag.py took 0.329 seconds
[2026-08-15T06:00:48.008+0000] {processor.py:161} INFO - Started process (PID=58666) to work on /opt/airflow/dags/ingestion_dag.py
[2026-08-15T06:00:48.011+0000] {processor.py:830} INFO - Processing file /opt/airflow/dags/ingestion_dag.py for tasks to queue
[2026-08-15T06:00:48.014+0000] {logging_mixin.py:188} INFO - [2026-08-15T06:00:48.013+0000] {dagbag.py:538} INFO - Filling up the DagBag from /opt/airflow/dags/ingestion_dag.py
[2026-08-15T06:00:48.381+0000] {processor.py:840} INFO - DAG(s) 'air_quality_ingestion' retrieved from /opt/airflow/dags/ingestion_dag.py
[2026-08-15T06:00:48.416+0000] {logging_mixin.py:188} INFO - [2026-08-15T06:00:48.415+0000] {dag.py:3036} INFO - Sync 1 DAGs
[2026-08-15T06:00:48.447+0000] {logging_mixin.py:188} INFO - [2026-08-15T06:00:48.447+0000] {dag.py:3823} INFO - Setting next_dagrun for air_quality_ingestion to 2026-08-15 06:00:00+00:00, run_after=2026-08-15 07:00:00+00:00
[2026-08-15T06:00:48.476+0000] {processor.py:183} INFO - Processing /opt/airflow/dags/ingestion_dag.py took 0.473 seconds
[2026-08-15T06:01:18.610+0000] {processor.py:161} INFO - Started process (PID=58676) to work on /opt/airflow/dags/ingestion_dag.py
[2026-08-15T06:01:18.612+0000] {processor.py:830} INFO - Processing file /opt/airflow/dags/ingestion_dag.py for tasks to queue
[2026-08-15T06:01:18.614+0000] {logging_mixin.py:188} INFO - [2026-08-15T06:01:18.613+0000] {dagbag.py:538} INFO - Filling up the DagBag from /opt/airflow/dags/ingestion_dag.py
[2026-08-15T06:01:18.907+0000] {processor.py:840} INFO - DAG(s) 'air_quality_ingestion' retrieved from /opt/airflow/dags/ingestion_dag.py
[2026-08-15T06:01:18.932+0000] {logging_mixin.py:188} INFO - [2026-08-15T06:01:18.932+0000] {dag.py:3036} INFO - Sync 1 DAGs
[2026-08-15T06:01:18.957+0000] {logging_mixin.py:188} INFO - [2026-08-15T06:01:18.956+0000] {dag.py:3823} INFO - Setting next_dagrun for air_quality_ingestion to 2026-08-15 06:00:00+00:00, run_after=2026-08-15 07:00:00+00:00
[2026-08-15T06:01:18.982+0000] {processor.py:183} INFO - Processing /opt/airflow/dags/ingestion_dag.py took 0.376 seconds
[2026-08-15T06:01:49.195+0000] {processor.py:161} INFO - Started process (PID=58686) to work on /opt/airflow/dags/ingestion_dag.py
[2026-08-15T06:01:49.196+0000] {processor.py:830} INFO - Processing file /opt/airflow/dags/ingestion_dag.py for tasks to queue
[2026-08-15T06:01:49.197+0000] {logging_mixin.py:188} INFO - [2026-08-15T06:01:49.197+0000] {dagbag.py:538} INFO - Filling up the DagBag from /opt/airflow/dags/ingestion_dag.py
[2026-08-15T06:01:49.470+0000] {processor.py:840} INFO - DAG(s) 'air_quality_ingestion' retrieved from /opt/airflow/dags/ingestion_dag.py
[2026-08-15T06:01:49.494+0000] {logging_mixin.py:188} INFO - [2026-08-15T06:01:49.493+0000] {dag.py:3036} INFO - Sync 1 DAGs
[2026-08-15T06:01:49.511+0000] {logging_mixin.py:188} INFO - [2026-08-15T06:01:49.511+0000] {dag.py:3823} INFO - Setting next_dagrun for air_quality_ingestion to 2026-08-15 06:00:00+00:00, run_after=2026-08-15 07:00:00+00:00
[2026-08-15T06:01:49.535+0000] {processor.py:183} INFO - Processing /opt/airflow/dags/ingestion_dag.py took 0.344 seconds
[2026-08-15T06:02:19.683+0000] {processor.py:161} INFO - Started process (PID=58696) to work on /opt/airflow/dags/ingestion_dag.py
[2026-08-15T06:02:19.685+0000] {processor.py:830} INFO - Processing file /opt/airflow/dags/ingestion_dag.py for tasks to queue
[2026-08-15T06:02:19.688+0000] {logging_mixin.py:188} INFO - [2026-08-15T06:02:19.687+0000] {dagbag.py:538} INFO - Filling up the DagBag from /opt/airflow/dags/ingestion_dag.py
[2026-08-15T06:02:19.947+0000] {processor.py:840} INFO - DAG(s) 'air_quality_ingestion' retrieved from /opt/airflow/dags/ingestion_dag.py
[2026-08-15T06:02:19.966+0000] {logging_mixin.py:188} INFO - [2026-08-15T06:02:19.965+0000] {dag.py:3036} INFO - Sync 1 DAGs
[2026-08-15T06:02:19.982+0000] {logging_mixin.py:188} INFO - [2026-08-15T06:02:19.982+0000] {dag.py:3823} INFO - Setting next_dagrun for air_quality_ingestion to 2026-08-15 06:00:00+00:00, run_after=2026-08-15 07:00:00+00:00
[2026-08-15T06:02:19.999+0000] {processor.py:183} INFO - Processing /opt/airflow/dags/ingestion_dag.py took 0.321 seconds
[2026-08-15T06:02:50.498+0000] {processor.py:161} INFO - Started process (PID=58706) to work on /opt/airflow/dags/ingestion_dag.py
[2026-08-15T06:02:50.501+0000] {processor.py:830} INFO - Processing file /opt/airflow/dags/ingestion_dag.py for tasks to queue
[2026-08-15T06:02:50.503+0000] {logging_mixin.py:188} INFO - [2026-08-15T06:02:50.502+0000] {dagbag.py:538} INFO - Filling up the DagBag from /opt/airflow/dags/ingestion_dag.py
[2026-08-15T06:02:50.827+0000] {processor.py:840} INFO - DAG(s) 'air_quality_ingestion' retrieved from /opt/airflow/dags/ingestion_dag.py
[2026-08-15T06:02:50.855+0000] {logging_mixin.py:188} INFO - [2026-08-15T06:02:50.854+0000] {dag.py:3036} INFO - Sync 1 DAGs
[2026-08-15T06:02:50.875+0000] {logging_mixin.py:188} INFO - [2026-08-15T06:02:50.875+0000] {dag.py:3823} INFO - Setting next_dagrun for air_quality_ingestion to 2026-08-15 06:00:00+00:00, run_after=2026-08-15 07:00:00+00:00
[2026-08-15T06:02:50.899+0000] {processor.py:183} INFO - Processing /opt/airflow/dags/ingestion_dag.py took 0.406 seconds
[2026-08-15T06:03:21.252+0000] {processor.py:161} INFO - Started process (PID=58716) to work on /opt/airflow/dags/ingestion_dag.py
[2026-08-15T06:03:21.253+0000] {processor.py:830} INFO - Processing file /opt/airflow/dags/ingestion_dag.py for tasks to queue
[2026-08-15T06:03:21.255+0000] {logging_mixin.py:188} INFO - [2026-08-15T06:03:21.255+0000] {dagbag.py:538} INFO - Filling up the DagBag from /opt/airflow/dags/ingestion_dag.py
[2026-08-15T06:03:21.377+0000] {processor.py:840} INFO - DAG(s) 'air_quality_ingestion' retrieved from /opt/airflow/dags/ingestion_dag.py
[2026-08-15T06:03:21.426+0000] {logging_mixin.py:188} INFO - [2026-08-15T06:03:21.425+0000] {dag.py:3036} INFO - Sync 1 DAGs
[2026-08-15T06:03:21.451+0000] {logging_mixin.py:188} INFO - [2026-08-15T06:03:21.451+0000] {dag.py:3823} INFO - Setting next_dagrun for air_quality_ingestion to 2026-08-15 06:00:00+00:00, run_after=2026-08-15 07:00:00+00:00
[2026-08-15T06:03:21.469+0000] {processor.py:183} INFO - Processing /opt/airflow/dags/ingestion_dag.py took 0.220 seconds
[2026-08-15T06:03:51.866+0000] {processor.py:161} INFO - Started process (PID=58726) to work on /opt/airflow/dags/ingestion_dag.py
[2026-08-15T06:03:51.868+0000] {processor.py:830} INFO - Processing file /opt/airflow/dags/ingestion_dag.py for tasks to queue
[2026-08-15T06:03:51.869+0000] {logging_mixin.py:188} INFO - [2026-08-15T06:03:51.869+0000] {dagbag.py:538} INFO - Filling up the DagBag from /opt/airflow/dags/ingestion_dag.py
[2026-08-15T06:03:51.993+0000] {processor.py:840} INFO - DAG(s) 'air_quality_ingestion' retrieved from /opt/airflow/dags/ingestion_dag.py
[2026-08-15T06:03:52.021+0000] {logging_mixin.py:188} INFO - [2026-08-15T06:03:52.021+0000] {dag.py:3036} INFO - Sync 1 DAGs
[2026-08-15T06:03:52.041+0000] {logging_mixin.py:188} INFO - [2026-08-15T06:03:52.041+0000] {dag.py:3823} INFO - Setting next_dagrun for air_quality_ingestion to 2026-08-15 06:00:00+00:00, run_after=2026-08-15 07:00:00+00:00
[2026-08-15T06:03:52.063+0000] {processor.py:183} INFO - Processing /opt/airflow/dags/ingestion_dag.py took 0.199 seconds
[2026-08-15T06:04:22.432+0000] {processor.py:161} INFO - Started process (PID=58736) to work on /opt/airflow/dags/ingestion_dag.py
[2026-08-15T06:04:22.435+0000] {processor.py:830} INFO - Processing file /opt/airflow/dags/ingestion_dag.py for tasks to queue
[2026-08-15T06:04:22.437+0000] {logging_mixin.py:188} INFO - [2026-08-15T06:04:22.436+0000] {dagbag.py:538} INFO - Filling up the DagBag from /opt/airflow/dags/ingestion_dag.py
[2026-08-15T06:04:22.576+0000] {processor.py:840} INFO - DAG(s) 'air_quality_ingestion' retrieved from /opt/airflow/dags/ingestion_dag.py
[2026-08-15T06:04:22.602+0000] {logging_mixin.py:188} INFO - [2026-08-15T06:04:22.602+0000] {dag.py:3036} INFO - Sync 1 DAGs
[2026-08-15T06:04:22.638+0000] {logging_mixin.py:188} INFO - [2026-08-15T06:04:22.638+0000] {dag.py:3823} INFO - Setting next_dagrun for air_quality_ingestion to 2026-08-15 06:00:00+00:00, run_after=2026-08-15 07:00:00+00:00
[2026-08-15T06:04:22.659+0000] {processor.py:183} INFO - Processing /opt/airflow/dags/ingestion_dag.py took 0.230 seconds
[2026-08-15T06:04:53.017+0000] {processor.py:161} INFO - Started process (PID=58746) to work on /opt/airflow/dags/ingestion_dag.py
[2026-08-15T06:04:53.018+0000] {processor.py:830} INFO - Processing file /opt/airflow/dags/ingestion_dag.py for tasks to queue
[2026-08-15T06:04:53.019+0000] {logging_mixin.py:188} INFO - [2026-08-15T06:04:53.019+0000] {dagbag.py:538} INFO - Filling up the DagBag from /opt/airflow/dags/ingestion_dag.py
[2026-08-15T06:04:53.159+0000] {processor.py:840} INFO - DAG(s) 'air_quality_ingestion' retrieved from /opt/airflow/dags/ingestion_dag.py
[2026-08-15T06:04:53.195+0000] {logging_mixin.py:188} INFO - [2026-08-15T06:04:53.195+0000] {dag.py:3036} INFO - Sync 1 DAGs
[2026-08-15T06:04:53.219+0000] {logging_mixin.py:188} INFO - [2026-08-15T06:04:53.219+0000] {dag.py:3823} INFO - Setting next_dagrun for air_quality_ingestion to 2026-08-15 06:00:00+00:00, run_after=2026-08-15 07:00:00+00:00
[2026-08-15T06:04:53.241+0000] {processor.py:183} INFO - Processing /opt/airflow/dags/ingestion_dag.py took 0.228 seconds
[2026-08-15T06:05:23.662+0000] {processor.py:161} INFO - Started process (PID=58758) to work on /opt/airflow/dags/ingestion_dag.py
[2026-08-15T06:05:23.665+0000] {processor.py:830} INFO - Processing file /opt/airflow/dags/ingestion_dag.py for tasks to queue
[2026-08-15T06:05:23.668+0000] {logging_mixin.py:188} INFO - [2026-08-15T06:05:23.668+0000] {dagbag.py:538} INFO - Filling up the DagBag from /opt/airflow/dags/ingestion_dag.py
[2026-08-15T06:05:23.820+0000] {processor.py:840} INFO - DAG(s) 'air_quality_ingestion' retrieved from /opt/airflow/dags/ingestion_dag.py
[2026-08-15T06:05:23.863+0000] {logging_mixin.py:188} INFO - [2026-08-15T06:05:23.862+0000] {dag.py:3036} INFO - Sync 1 DAGs
[2026-08-15T06:05:23.894+0000] {logging_mixin.py:188} INFO - [2026-08-15T06:05:23.894+0000] {dag.py:3823} INFO - Setting next_dagrun for air_quality_ingestion to 2026-08-15 06:00:00+00:00, run_after=2026-08-15 07:00:00+00:00
[2026-08-15T06:05:23.920+0000] {processor.py:183} INFO - Processing /opt/airflow/dags/ingestion_dag.py took 0.263 seconds
[2026-08-15T06:05:54.315+0000] {processor.py:161} INFO - Started process (PID=58768) to work on /opt/airflow/dags/ingestion_dag.py
[2026-08-15T06:05:54.326+0000] {processor.py:830} INFO - Processing file /opt/airflow/dags/ingestion_dag.py for tasks to queue
[2026-08-15T06:05:54.327+0000] {logging_mixin.py:188} INFO - [2026-08-15T06:05:54.327+0000] {dagbag.py:538} INFO - Filling up the DagBag from /opt/airflow/dags/ingestion_dag.py
[2026-08-15T06:05:54.515+0000] {processor.py:840} INFO - DAG(s) 'air_quality_ingestion' retrieved from /opt/airflow/dags/ingestion_dag.py
[2026-08-15T06:05:54.535+0000] {logging_mixin.py:188} INFO - [2026-08-15T06:05:54.534+0000] {dag.py:3036} INFO - Sync 1 DAGs
[2026-08-15T06:05:54.552+0000] {logging_mixin.py:188} INFO - [2026-08-15T06:05:54.552+0000] {dag.py:3823} INFO - Setting next_dagrun for air_quality_ingestion to 2026-08-15 06:00:00+00:00, run_after=2026-08-15 07:00:00+00:00
[2026-08-15T06:05:54.573+0000] {processor.py:183} INFO - Processing /opt/airflow/dags/ingestion_dag.py took 0.263 seconds
[2026-08-15T06:06:24.934+0000] {processor.py:161} INFO - Started process (PID=58778) to work on /opt/airflow/dags/ingestion_dag.py
[2026-08-15T06:06:24.935+0000] {processor.py:830} INFO - Processing file /opt/airflow/dags/ingestion_dag.py for tasks to queue
[2026-08-15T06:06:24.936+0000] {logging_mixin.py:188} INFO - [2026-08-15T06:06:24.936+0000] {dagbag.py:538} INFO - Filling up the DagBag from /opt/airflow/dags/ingestion_dag.py
[2026-08-15T06:06:25.033+0000] {processor.py:840} INFO - DAG(s) 'air_quality_ingestion' retrieved from /opt/airflow/dags/ingestion_dag.py
[2026-08-15T06:06:25.088+0000] {logging_mixin.py:188} INFO - [2026-08-15T06:06:25.088+0000] {dag.py:3036} INFO - Sync 1 DAGs
[2026-08-15T06:06:25.128+0000] {logging_mixin.py:188} INFO - [2026-08-15T06:06:25.127+0000] {dag.py:3823} INFO - Setting next_dagrun for air_quality_ingestion to 2026-08-15 06:00:00+00:00, run_after=2026-08-15 07:00:00+00:00
[2026-08-15T06:06:25.158+0000] {processor.py:183} INFO - Processing /opt/airflow/dags/ingestion_dag.py took 0.228 seconds
[2026-08-15T06:06:55.427+0000] {processor.py:161} INFO - Started process (PID=58788) to work on /opt/airflow/dags/ingestion_dag.py
[2026-08-15T06:06:55.429+0000] {processor.py:830} INFO - Processing file /opt/airflow/dags/ingestion_dag.py for tasks to queue
[2026-08-15T06:06:55.431+0000] {logging_mixin.py:188} INFO - [2026-08-15T06:06:55.429+0000] {dagbag.py:538} INFO - Filling up the DagBag from /opt/airflow/dags/ingestion_dag.py
[2026-08-15T06:06:55.517+0000] {processor.py:840} INFO - DAG(s) 'air_quality_ingestion' retrieved from /opt/airflow/dags/ingestion_dag.py
[2026-08-15T06:06:55.539+0000] {logging_mixin.py:188} INFO - [2026-08-15T06:06:55.538+0000] {dag.py:3036} INFO - Sync 1 DAGs
[2026-08-15T06:06:55.558+0000] {logging_mixin.py:188} INFO - [2026-08-15T06:06:55.557+0000] {dag.py:3823} INFO - Setting next_dagrun for air_quality_ingestion to 2026-08-15 06:00:00+00:00, run_after=2026-08-15 07:00:00+00:00
[2026-08-15T06:06:55.574+0000] {processor.py:183} INFO - Processing /opt/airflow/dags/ingestion_dag.py took 0.151 seconds
[2026-08-15T06:07:25.991+0000] {processor.py:161} INFO - Started process (PID=58798) to work on /opt/airflow/dags/ingestion_dag.py
[2026-08-15T06:07:25.993+0000] {processor.py:830} INFO - Processing file /opt/airflow/dags/ingestion_dag.py for tasks to queue
[2026-08-15T06:07:25.995+0000] {logging_mixin.py:188} INFO - [2026-08-15T06:07:25.994+0000] {dagbag.py:538} INFO - Filling up the DagBag from /opt/airflow/dags/ingestion_dag.py
[2026-08-15T06:07:26.105+0000] {processor.py:840} INFO - DAG(s) 'air_quality_ingestion' retrieved from /opt/airflow/dags/ingestion_dag.py
[2026-08-15T06:07:26.125+0000] {logging_mixin.py:188} INFO - [2026-08-15T06:07:26.125+0000] {dag.py:3036} INFO - Sync 1 DAGs
[2026-08-15T06:07:26.145+0000] {logging_mixin.py:188} INFO - [2026-08-15T06:07:26.145+0000] {dag.py:3823} INFO - Setting next_dagrun for air_quality_ingestion to 2026-08-15 06:00:00+00:00, run_after=2026-08-15 07:00:00+00:00
[2026-08-15T06:07:26.169+0000] {processor.py:183} INFO - Processing /opt/airflow/dags/ingestion_dag.py took 0.182 seconds
[2026-08-15T06:07:56.702+0000] {processor.py:161} INFO - Started process (PID=58808) to work on /opt/airflow/dags/ingestion_dag.py
[2026-08-15T06:07:56.704+0000] {processor.py:830} INFO - Processing file /opt/airflow/dags/ingestion_dag.py for tasks to queue
[2026-08-15T06:07:56.705+0000] {logging_mixin.py:188} INFO - [2026-08-15T06:07:56.705+0000] {dagbag.py:538} INFO - Filling up the DagBag from /opt/airflow/dags/ingestion_dag.py
[2026-08-15T06:07:56.834+0000] {processor.py:840} INFO - DAG(s) 'air_quality_ingestion' retrieved from /opt/airflow/dags/ingestion_dag.py
[2026-08-15T06:07:56.862+0000] {logging_mixin.py:188} INFO - [2026-08-15T06:07:56.861+0000] {dag.py:3036} INFO - Sync 1 DAGs
[2026-08-15T06:07:56.882+0000] {logging_mixin.py:188} INFO - [2026-08-15T06:07:56.882+0000] {dag.py:3823} INFO - Setting next_dagrun for air_quality_ingestion to 2026-08-15 06:00:00+00:00, run_after=2026-08-15 07:00:00+00:00
[2026-08-15T06:07:56.903+0000] {processor.py:183} INFO - Processing /opt/airflow/dags/ingestion_dag.py took 0.205 seconds
[2026-08-15T06:08:27.229+0000] {processor.py:161} INFO - Started process (PID=58818) to work on /opt/airflow/dags/ingestion_dag.py
[2026-08-15T06:08:27.231+0000] {processor.py:830} INFO - Processing file /opt/airflow/dags/ingestion_dag.py for tasks to queue
[2026-08-15T06:08:27.232+0000] {logging_mixin.py:188} INFO - [2026-08-15T06:08:27.231+0000] {dagbag.py:538} INFO - Filling up the DagBag from /opt/airflow/dags/ingestion_dag.py
[2026-08-15T06:08:27.337+0000] {processor.py:840} INFO - DAG(s) 'air_quality_ingestion' retrieved from /opt/airflow/dags/ingestion_dag.py
[2026-08-15T06:08:27.358+0000] {logging_mixin.py:188} INFO - [2026-08-15T06:08:27.358+0000] {dag.py:3036} INFO - Sync 1 DAGs
[2026-08-15T06:08:27.384+0000] {logging_mixin.py:188} INFO - [2026-08-15T06:08:27.384+0000] {dag.py:3823} INFO - Setting next_dagrun for air_quality_ingestion to 2026-08-15 06:00:00+00:00, run_after=2026-08-15 07:00:00+00:00
[2026-08-15T06:08:27.401+0000] {processor.py:183} INFO - Processing /opt/airflow/dags/ingestion_dag.py took 0.174 seconds
[2026-08-15T06:08:57.747+0000] {processor.py:161} INFO - Started process (PID=58828) to work on /opt/airflow/dags/ingestion_dag.py
[2026-08-15T06:08:57.748+0000] {processor.py:830} INFO - Processing file /opt/airflow/dags/ingestion_dag.py for tasks to queue
[2026-08-15T06:08:57.749+0000] {logging_mixin.py:188} INFO - [2026-08-15T06:08:57.748+0000] {dagbag.py:538} INFO - Filling up the DagBag from /opt/airflow/dags/ingestion_dag.py
[2026-08-15T06:08:57.846+0000] {processor.py:840} INFO - DAG(s) 'air_quality_ingestion' retrieved from /opt/airflow/dags/ingestion_dag.py
[2026-08-15T06:08:57.870+0000] {logging_mixin.py:188} INFO - [2026-08-15T06:08:57.870+0000] {dag.py:3036} INFO - Sync 1 DAGs
[2026-08-15T06:08:57.893+0000] {logging_mixin.py:188} INFO - [2026-08-15T06:08:57.893+0000] {dag.py:3823} INFO - Setting next_dagrun for air_quality_ingestion to 2026-08-15 06:00:00+00:00, run_after=2026-08-15 07:00:00+00:00
[2026-08-15T06:08:57.913+0000] {processor.py:183} INFO - Processing /opt/airflow/dags/ingestion_dag.py took 0.170 seconds
[2026-08-15T06:09:28.362+0000] {processor.py:161} INFO - Started process (PID=58838) to work on /opt/airflow/dags/ingestion_dag.py
[2026-08-15T06:09:28.364+0000] {processor.py:830} INFO - Processing file /opt/airflow/dags/ingestion_dag.py for tasks to queue
[2026-08-15T06:09:28.365+0000] {logging_mixin.py:188} INFO - [2026-08-15T06:09:28.364+0000] {dagbag.py:538} INFO - Filling up the DagBag from /opt/airflow/dags/ingestion_dag.py
[2026-08-15T06:09:28.472+0000] {processor.py:840} INFO - DAG(s) 'air_quality_ingestion' retrieved from /opt/airflow/dags/ingestion_dag.py
[2026-08-15T06:09:28.494+0000] {logging_mixin.py:188} INFO - [2026-08-15T06:09:28.494+0000] {dag.py:3036} INFO - Sync 1 DAGs
[2026-08-15T06:09:28.533+0000] {logging_mixin.py:188} INFO - [2026-08-15T06:09:28.533+0000] {dag.py:3823} INFO - Setting next_dagrun for air_quality_ingestion to 2026-08-15 06:00:00+00:00, run_after=2026-08-15 07:00:00+00:00
[2026-08-15T06:09:28.584+0000] {processor.py:183} INFO - Processing /opt/airflow/dags/ingestion_dag.py took 0.225 seconds
[2026-08-15T06:09:58.914+0000] {processor.py:161} INFO - Started process (PID=58848) to work on /opt/airflow/dags/ingestion_dag.py
[2026-08-15T06:09:58.915+0000] {processor.py:830} INFO - Processing file /opt/airflow/dags/ingestion_dag.py for tasks to queue
[2026-08-15T06:09:58.920+0000] {logging_mixin.py:188} INFO - [2026-08-15T06:09:58.919+0000] {dagbag.py:538} INFO - Filling up the DagBag from /opt/airflow/dags/ingestion_dag.py
[2026-08-15T06:09:59.043+0000] {processor.py:840} INFO - DAG(s) 'air_quality_ingestion' retrieved from /opt/airflow/dags/ingestion_dag.py
[2026-08-15T06:09:59.075+0000] {logging_mixin.py:188} INFO - [2026-08-15T06:09:59.074+0000] {dag.py:3036} INFO - Sync 1 DAGs
[2026-08-15T06:09:59.100+0000] {logging_mixin.py:188} INFO - [2026-08-15T06:09:59.100+0000] {dag.py:3823} INFO - Setting next_dagrun for air_quality_ingestion to 2026-08-15 06:00:00+00:00, run_after=2026-08-15 07:00:00+00:00
[2026-08-15T06:09:59.132+0000] {processor.py:183} INFO - Processing /opt/airflow/dags/ingestion_dag.py took 0.223 seconds
[2026-08-15T06:10:29.462+0000] {processor.py:161} INFO - Started process (PID=58858) to work on /opt/airflow/dags/ingestion_dag.py
[2026-08-15T06:10:29.464+0000] {processor.py:830} INFO - Processing file /opt/airflow/dags/ingestion_dag.py for tasks to queue
[2026-08-15T06:10:29.466+0000] {logging_mixin.py:188} INFO - [2026-08-15T06:10:29.465+0000] {dagbag.py:538} INFO - Filling up the DagBag from /opt/airflow/dags/ingestion_dag.py
[2026-08-15T06:10:29.617+0000] {processor.py:840} INFO - DAG(s) 'air_quality_ingestion' retrieved from /opt/airflow/dags/ingestion_dag.py
[2026-08-15T06:10:29.652+0000] {logging_mixin.py:188} INFO - [2026-08-15T06:10:29.652+0000] {dag.py:3036} INFO - Sync 1 DAGs
[2026-08-15T06:10:29.680+0000] {logging_mixin.py:188} INFO - [2026-08-15T06:10:29.679+0000] {dag.py:3823} INFO - Setting next_dagrun for air_quality_ingestion to 2026-08-15 06:00:00+00:00, run_after=2026-08-15 07:00:00+00:00
[2026-08-15T06:10:29.703+0000] {processor.py:183} INFO - Processing /opt/airflow/dags/ingestion_dag.py took 0.248 seconds
[2026-08-15T06:11:00.096+0000] {processor.py:161} INFO - Started process (PID=58868) to work on /opt/airflow/dags/ingestion_dag.py
[2026-08-15T06:11:00.098+0000] {processor.py:830} INFO - Processing file /opt/airflow/dags/ingestion_dag.py for tasks to queue
[2026-08-15T06:11:00.099+0000] {logging_mixin.py:188} INFO - [2026-08-15T06:11:00.098+0000] {dagbag.py:538} INFO - Filling up the DagBag from /opt/airflow/dags/ingestion_dag.py
[2026-08-15T06:11:00.201+0000] {processor.py:840} INFO - DAG(s) 'air_quality_ingestion' retrieved from /opt/airflow/dags/ingestion_dag.py
[2026-08-15T06:11:00.225+0000] {logging_mixin.py:188} INFO - [2026-08-15T06:11:00.225+0000] {dag.py:3036} INFO - Sync 1 DAGs
[2026-08-15T06:11:00.255+0000] {logging_mixin.py:188} INFO - [2026-08-15T06:11:00.255+0000] {dag.py:3823} INFO - Setting next_dagrun for air_quality_ingestion to 2026-08-15 06:00:00+00:00, run_after=2026-08-15 07:00:00+00:00
[2026-08-15T06:11:00.279+0000] {processor.py:183} INFO - Processing /opt/airflow/dags/ingestion_dag.py took 0.188 seconds
[2026-08-15T06:11:30.775+0000] {processor.py:161} INFO - Started process (PID=58878) to work on /opt/airflow/dags/ingestion_dag.py
[2026-08-15T06:11:30.777+0000] {processor.py:830} INFO - Processing file /opt/airflow/dags/ingestion_dag.py for tasks to queue
[2026-08-15T06:11:30.778+0000] {logging_mixin.py:188} INFO - [2026-08-15T06:11:30.778+0000] {dagbag.py:538} INFO - Filling up the DagBag from /opt/airflow/dags/ingestion_dag.py
[2026-08-15T06:11:30.881+0000] {processor.py:840} INFO - DAG(s) 'air_quality_ingestion' retrieved from /opt/airflow/dags/ingestion_dag.py
[2026-08-15T06:11:30.906+0000] {logging_mixin.py:188} INFO - [2026-08-15T06:11:30.906+0000] {dag.py:3036} INFO - Sync 1 DAGs
[2026-08-15T06:11:30.928+0000] {logging_mixin.py:188} INFO - [2026-08-15T06:11:30.927+0000] {dag.py:3823} INFO - Setting next_dagrun for air_quality_ingestion to 2026-08-15 06:00:00+00:00, run_after=2026-08-15 07:00:00+00:00
[2026-08-15T06:11:30.949+0000] {processor.py:183} INFO - Processing /opt/airflow/dags/ingestion_dag.py took 0.178 seconds
[2026-08-15T06:12:01.388+0000] {processor.py:161} INFO - Started process (PID=58888) to work on /opt/airflow/dags/ingestion_dag.py
[2026-08-15T06:12:01.390+0000] {processor.py:830} INFO - Processing file /opt/airflow/dags/ingestion_dag.py for tasks to queue
[2026-08-15T06:12:01.391+0000] {logging_mixin.py:188} INFO - [2026-08-15T06:12:01.391+0000] {dagbag.py:538} INFO - Filling up the DagBag from /opt/airflow/dags/ingestion_dag.py
[2026-08-15T06:12:01.514+0000] {processor.py:840} INFO - DAG(s) 'air_quality_ingestion' retrieved from /opt/airflow/dags/ingestion_dag.py
[2026-08-15T06:12:01.537+0000] {logging_mixin.py:188} INFO - [2026-08-15T06:12:01.537+0000] {dag.py:3036} INFO - Sync 1 DAGs
[2026-08-15T06:12:01.572+0000] {logging_mixin.py:188} INFO - [2026-08-15T06:12:01.571+0000] {dag.py:3823} INFO - Setting next_dagrun for air_quality_ingestion to 2026-08-15 06:00:00+00:00, run_after=2026-08-15 07:00:00+00:00
[2026-08-15T06:12:01.594+0000] {processor.py:183} INFO - Processing /opt/airflow/dags/ingestion_dag.py took 0.210 seconds
[2026-08-15T06:12:31.978+0000] {processor.py:161} INFO - Started process (PID=58898) to work on /opt/airflow/dags/ingestion_dag.py
[2026-08-15T06:12:31.983+0000] {processor.py:830} INFO - Processing file /opt/airflow/dags/ingestion_dag.py for tasks to queue
[2026-08-15T06:12:31.984+0000] {logging_mixin.py:188} INFO - [2026-08-15T06:12:31.984+0000] {dagbag.py:538} INFO - Filling up the DagBag from /opt/airflow/dags/ingestion_dag.py
[2026-08-15T06:12:32.088+0000] {processor.py:840} INFO - DAG(s) 'air_quality_ingestion' retrieved from /opt/airflow/dags/ingestion_dag.py
[2026-08-15T06:12:32.111+0000] {logging_mixin.py:188} INFO - [2026-08-15T06:12:32.111+0000] {dag.py:3036} INFO - Sync 1 DAGs
[2026-08-15T06:12:32.130+0000] {logging_mixin.py:188} INFO - [2026-08-15T06:12:32.130+0000] {dag.py:3823} INFO - Setting next_dagrun for air_quality_ingestion to 2026-08-15 06:00:00+00:00, run_after=2026-08-15 07:00:00+00:00
[2026-08-15T06:12:32.147+0000] {processor.py:183} INFO - Processing /opt/airflow/dags/ingestion_dag.py took 0.173 seconds
[2026-08-15T06:13:02.502+0000] {processor.py:161} INFO - Started process (PID=58908) to work on /opt/airflow/dags/ingestion_dag.py
[2026-08-15T06:13:02.506+0000] {processor.py:830} INFO - Processing file /opt/airflow/dags/ingestion_dag.py for tasks to queue
[2026-08-15T06:13:02.508+0000] {logging_mixin.py:188} INFO - [2026-08-15T06:13:02.507+0000] {dagbag.py:538} INFO - Filling up the DagBag from /opt/airflow/dags/ingestion_dag.py
[2026-08-15T06:13:02.650+0000] {processor.py:840} INFO - DAG(s) 'air_quality_ingestion' retrieved from /opt/airflow/dags/ingestion_dag.py
[2026-08-15T06:13:02.690+0000] {logging_mixin.py:188} INFO - [2026-08-15T06:13:02.690+0000] {dag.py:3036} INFO - Sync 1 DAGs
[2026-08-15T06:13:02.724+0000] {logging_mixin.py:188} INFO - [2026-08-15T06:13:02.724+0000] {dag.py:3823} INFO - Setting next_dagrun for air_quality_ingestion to 2026-08-15 06:00:00+00:00, run_after=2026-08-15 07:00:00+00:00
[2026-08-15T06:13:02.744+0000] {processor.py:183} INFO - Processing /opt/airflow/dags/ingestion_dag.py took 0.245 seconds
[2026-08-15T06:13:33.079+0000] {processor.py:161} INFO - Started process (PID=58918) to work on /opt/airflow/dags/ingestion_dag.py
[2026-08-15T06:13:33.080+0000] {processor.py:830} INFO - Processing file /opt/airflow/dags/ingestion_dag.py for tasks to queue
[2026-08-15T06:13:33.081+0000] {logging_mixin.py:188} INFO - [2026-08-15T06:13:33.081+0000] {dagbag.py:538} INFO - Filling up the DagBag from /opt/airflow/dags/ingestion_dag.py
[2026-08-15T06:13:33.172+0000] {processor.py:840} INFO - DAG(s) 'air_quality_ingestion' retrieved from /opt/airflow/dags/ingestion_dag.py
[2026-08-15T06:13:33.196+0000] {logging_mixin.py:188} INFO - [2026-08-15T06:13:33.196+0000] {dag.py:3036} INFO - Sync 1 DAGs
[2026-08-15T06:13:33.216+0000] {logging_mixin.py:188} INFO - [2026-08-15T06:13:33.216+0000] {dag.py:3823} INFO - Setting next_dagrun for air_quality_ingestion to 2026-08-15 06:00:00+00:00, run_after=2026-08-15 07:00:00+00:00
[2026-08-15T06:13:33.232+0000] {processor.py:183} INFO - Processing /opt/airflow/dags/ingestion_dag.py took 0.157 seconds
[2026-08-15T06:14:03.592+0000] {processor.py:161} INFO - Started process (PID=58928) to work on /opt/airflow/dags/ingestion_dag.py
[2026-08-15T06:14:03.593+0000] {processor.py:830} INFO - Processing file /opt/airflow/dags/ingestion_dag.py for tasks to queue
[2026-08-15T06:14:03.595+0000] {logging_mixin.py:188} INFO - [2026-08-15T06:14:03.594+0000] {dagbag.py:538} INFO - Filling up the DagBag from /opt/airflow/dags/ingestion_dag.py
[2026-08-15T06:14:03.740+0000] {processor.py:840} INFO - DAG(s) 'air_quality_ingestion' retrieved from /opt/airflow/dags/ingestion_dag.py
[2026-08-15T06:14:03.773+0000] {logging_mixin.py:188} INFO - [2026-08-15T06:14:03.772+0000] {dag.py:3036} INFO - Sync 1 DAGs
[2026-08-15T06:14:03.794+0000] {logging_mixin.py:188} INFO - [2026-08-15T06:14:03.794+0000] {dag.py:3823} INFO - Setting next_dagrun for air_quality_ingestion to 2026-08-15 06:00:00+00:00, run_after=2026-08-15 07:00:00+00:00
[2026-08-15T06:14:03.815+0000] {processor.py:183} INFO - Processing /opt/airflow/dags/ingestion_dag.py took 0.227 seconds
[2026-08-15T06:14:34.141+0000] {processor.py:161} INFO - Started process (PID=58938) to work on /opt/airflow/dags/ingestion_dag.py
[2026-08-15T06:14:34.142+0000] {processor.py:830} INFO - Processing file /opt/airflow/dags/ingestion_dag.py for tasks to queue
[2026-08-15T06:14:34.144+0000] {logging_mixin.py:188} INFO - [2026-08-15T06:14:34.143+0000] {dagbag.py:538} INFO - Filling up the DagBag from /opt/airflow/dags/ingestion_dag.py
[2026-08-15T06:14:34.237+0000] {processor.py:840} INFO - DAG(s) 'air_quality_ingestion' retrieved from /opt/airflow/dags/ingestion_dag.py
[2026-08-15T06:14:34.258+0000] {logging_mixin.py:188} INFO - [2026-08-15T06:14:34.258+0000] {dag.py:3036} INFO - Sync 1 DAGs
[2026-08-15T06:14:34.277+0000] {logging_mixin.py:188} INFO - [2026-08-15T06:14:34.277+0000] {dag.py:3823} INFO - Setting next_dagrun for air_quality_ingestion to 2026-08-15 06:00:00+00:00, run_after=2026-08-15 07:00:00+00:00
[2026-08-15T06:14:34.292+0000] {processor.py:183} INFO - Processing /opt/airflow/dags/ingestion_dag.py took 0.157 seconds
[2026-08-15T15:08:41.342+0000] {processor.py:161} INFO - Started process (PID=58950) to work on /opt/airflow/dags/ingestion_dag.py
[2026-08-15T15:08:41.359+0000] {processor.py:830} INFO - Processing file /opt/airflow/dags/ingestion_dag.py for tasks to queue
[2026-08-15T15:08:41.388+0000] {logging_mixin.py:188} INFO - [2026-08-15T15:08:41.386+0000] {dagbag.py:538} INFO - Filling up the DagBag from /opt/airflow/dags/ingestion_dag.py
[2026-08-15T15:08:42.269+0000] {processor.py:840} INFO - DAG(s) 'air_quality_ingestion' retrieved from /opt/airflow/dags/ingestion_dag.py
[2026-08-15T15:08:42.401+0000] {logging_mixin.py:188} INFO - [2026-08-15T15:08:42.401+0000] {dag.py:3036} INFO - Sync 1 DAGs
[2026-08-15T15:08:42.554+0000] {logging_mixin.py:188} INFO - [2026-08-15T15:08:42.554+0000] {dag.py:3823} INFO - Setting next_dagrun for air_quality_ingestion to 2026-08-15 14:00:00+00:00, run_after=2026-08-15 15:00:00+00:00
[2026-08-15T15:08:42.694+0000] {processor.py:183} INFO - Processing /opt/airflow/dags/ingestion_dag.py took 1.406 seconds
