[2026-09-03T00:03:23.560+0000] {processor.py:161} INFO - Started process (PID=45290) to work on /opt/airflow/dags/spark_pipeline_dag.py
[2026-09-03T00:03:23.596+0000] {processor.py:830} INFO - Processing file /opt/airflow/dags/spark_pipeline_dag.py for tasks to queue
[2026-09-03T00:03:23.631+0000] {logging_mixin.py:188} INFO - [2026-09-03T00:03:23.622+0000] {dagbag.py:538} INFO - Filling up the DagBag from /opt/airflow/dags/spark_pipeline_dag.py
[2026-09-03T00:03:23.910+0000] {processor.py:840} INFO - DAG(s) 'air_quality_pipeline' retrieved from /opt/airflow/dags/spark_pipeline_dag.py
[2026-09-03T00:03:24.069+0000] {logging_mixin.py:188} INFO - [2026-09-03T00:03:24.068+0000] {dag.py:3036} INFO - Sync 1 DAGs
[2026-09-03T00:03:24.321+0000] {logging_mixin.py:188} INFO - [2026-09-03T00:03:24.321+0000] {dag.py:3823} INFO - Setting next_dagrun for air_quality_pipeline to 2026-09-02 23:05:00+00:00, run_after=2026-09-03 00:05:00+00:00
[2026-09-03T00:03:24.852+0000] {processor.py:183} INFO - Processing /opt/airflow/dags/spark_pipeline_dag.py took 1.432 seconds
[2026-09-03T00:11:27.211+0000] {processor.py:161} INFO - Started process (PID=45304) to work on /opt/airflow/dags/spark_pipeline_dag.py
[2026-09-03T00:11:27.224+0000] {processor.py:830} INFO - Processing file /opt/airflow/dags/spark_pipeline_dag.py for tasks to queue
[2026-09-03T00:11:27.233+0000] {logging_mixin.py:188} INFO - [2026-09-03T00:11:27.232+0000] {dagbag.py:538} INFO - Filling up the DagBag from /opt/airflow/dags/spark_pipeline_dag.py
[2026-09-03T00:11:27.664+0000] {processor.py:840} INFO - DAG(s) 'air_quality_pipeline' retrieved from /opt/airflow/dags/spark_pipeline_dag.py
[2026-09-03T00:11:27.783+0000] {logging_mixin.py:188} INFO - [2026-09-03T00:11:27.782+0000] {dag.py:3036} INFO - Sync 1 DAGs
[2026-09-03T00:11:27.916+0000] {logging_mixin.py:188} INFO - [2026-09-03T00:11:27.916+0000] {dag.py:3823} INFO - Setting next_dagrun for air_quality_pipeline to 2026-09-03 00:05:00+00:00, run_after=2026-09-03 01:05:00+00:00
[2026-09-03T00:11:28.065+0000] {processor.py:183} INFO - Processing /opt/airflow/dags/spark_pipeline_dag.py took 0.866 seconds
[2026-09-03T01:22:38.516+0000] {processor.py:161} INFO - Started process (PID=45314) to work on /opt/airflow/dags/spark_pipeline_dag.py
[2026-09-03T01:22:38.532+0000] {processor.py:830} INFO - Processing file /opt/airflow/dags/spark_pipeline_dag.py for tasks to queue
[2026-09-03T01:22:38.536+0000] {logging_mixin.py:188} INFO - [2026-09-03T01:22:38.536+0000] {dagbag.py:538} INFO - Filling up the DagBag from /opt/airflow/dags/spark_pipeline_dag.py
[2026-09-03T01:22:38.769+0000] {processor.py:840} INFO - DAG(s) 'air_quality_pipeline' retrieved from /opt/airflow/dags/spark_pipeline_dag.py
[2026-09-03T01:22:39.039+0000] {logging_mixin.py:188} INFO - [2026-09-03T01:22:39.039+0000] {dag.py:3036} INFO - Sync 1 DAGs
[2026-09-03T01:22:39.205+0000] {logging_mixin.py:188} INFO - [2026-09-03T01:22:39.205+0000] {dag.py:3823} INFO - Setting next_dagrun for air_quality_pipeline to 2026-09-03 01:05:00+00:00, run_after=2026-09-03 02:05:00+00:00
[2026-09-03T01:22:39.353+0000] {processor.py:183} INFO - Processing /opt/airflow/dags/spark_pipeline_dag.py took 0.845 seconds
[2026-09-03T01:23:10.262+0000] {processor.py:161} INFO - Started process (PID=45327) to work on /opt/airflow/dags/spark_pipeline_dag.py
[2026-09-03T01:23:10.263+0000] {processor.py:830} INFO - Processing file /opt/airflow/dags/spark_pipeline_dag.py for tasks to queue
[2026-09-03T01:23:10.265+0000] {logging_mixin.py:188} INFO - [2026-09-03T01:23:10.264+0000] {dagbag.py:538} INFO - Filling up the DagBag from /opt/airflow/dags/spark_pipeline_dag.py
[2026-09-03T01:23:10.299+0000] {processor.py:840} INFO - DAG(s) 'air_quality_pipeline' retrieved from /opt/airflow/dags/spark_pipeline_dag.py
[2026-09-03T01:23:10.322+0000] {logging_mixin.py:188} INFO - [2026-09-03T01:23:10.322+0000] {dag.py:3036} INFO - Sync 1 DAGs
[2026-09-03T01:23:10.350+0000] {logging_mixin.py:188} INFO - [2026-09-03T01:23:10.350+0000] {dag.py:3823} INFO - Setting next_dagrun for air_quality_pipeline to 2026-09-03 01:05:00+00:00, run_after=2026-09-03 02:05:00+00:00
[2026-09-03T01:23:10.372+0000] {processor.py:183} INFO - Processing /opt/airflow/dags/spark_pipeline_dag.py took 0.113 seconds
[2026-09-03T01:23:40.685+0000] {processor.py:161} INFO - Started process (PID=45337) to work on /opt/airflow/dags/spark_pipeline_dag.py
[2026-09-03T01:23:40.686+0000] {processor.py:830} INFO - Processing file /opt/airflow/dags/spark_pipeline_dag.py for tasks to queue
[2026-09-03T01:23:40.687+0000] {logging_mixin.py:188} INFO - [2026-09-03T01:23:40.687+0000] {dagbag.py:538} INFO - Filling up the DagBag from /opt/airflow/dags/spark_pipeline_dag.py
[2026-09-03T01:23:40.710+0000] {processor.py:840} INFO - DAG(s) 'air_quality_pipeline' retrieved from /opt/airflow/dags/spark_pipeline_dag.py
[2026-09-03T01:23:40.733+0000] {logging_mixin.py:188} INFO - [2026-09-03T01:23:40.733+0000] {dag.py:3036} INFO - Sync 1 DAGs
[2026-09-03T01:23:40.754+0000] {logging_mixin.py:188} INFO - [2026-09-03T01:23:40.754+0000] {dag.py:3823} INFO - Setting next_dagrun for air_quality_pipeline to 2026-09-03 01:05:00+00:00, run_after=2026-09-03 02:05:00+00:00
[2026-09-03T01:23:40.773+0000] {processor.py:183} INFO - Processing /opt/airflow/dags/spark_pipeline_dag.py took 0.092 seconds
[2026-09-03T01:24:11.122+0000] {processor.py:161} INFO - Started process (PID=45347) to work on /opt/airflow/dags/spark_pipeline_dag.py
[2026-09-03T01:24:11.123+0000] {processor.py:830} INFO - Processing file /opt/airflow/dags/spark_pipeline_dag.py for tasks to queue
[2026-09-03T01:24:11.124+0000] {logging_mixin.py:188} INFO - [2026-09-03T01:24:11.124+0000] {dagbag.py:538} INFO - Filling up the DagBag from /opt/airflow/dags/spark_pipeline_dag.py
[2026-09-03T01:24:11.140+0000] {processor.py:840} INFO - DAG(s) 'air_quality_pipeline' retrieved from /opt/airflow/dags/spark_pipeline_dag.py
[2026-09-03T01:24:11.173+0000] {logging_mixin.py:188} INFO - [2026-09-03T01:24:11.172+0000] {dag.py:3036} INFO - Sync 1 DAGs
[2026-09-03T01:24:11.200+0000] {logging_mixin.py:188} INFO - [2026-09-03T01:24:11.200+0000] {dag.py:3823} INFO - Setting next_dagrun for air_quality_pipeline to 2026-09-03 01:05:00+00:00, run_after=2026-09-03 02:05:00+00:00
[2026-09-03T01:24:11.218+0000] {processor.py:183} INFO - Processing /opt/airflow/dags/spark_pipeline_dag.py took 0.099 seconds
[2026-09-03T01:24:41.524+0000] {processor.py:161} INFO - Started process (PID=45357) to work on /opt/airflow/dags/spark_pipeline_dag.py
[2026-09-03T01:24:41.526+0000] {processor.py:830} INFO - Processing file /opt/airflow/dags/spark_pipeline_dag.py for tasks to queue
[2026-09-03T01:24:41.527+0000] {logging_mixin.py:188} INFO - [2026-09-03T01:24:41.527+0000] {dagbag.py:538} INFO - Filling up the DagBag from /opt/airflow/dags/spark_pipeline_dag.py
[2026-09-03T01:24:41.560+0000] {processor.py:840} INFO - DAG(s) 'air_quality_pipeline' retrieved from /opt/airflow/dags/spark_pipeline_dag.py
[2026-09-03T01:24:41.577+0000] {logging_mixin.py:188} INFO - [2026-09-03T01:24:41.577+0000] {dag.py:3036} INFO - Sync 1 DAGs
[2026-09-03T01:24:41.595+0000] {logging_mixin.py:188} INFO - [2026-09-03T01:24:41.595+0000] {dag.py:3823} INFO - Setting next_dagrun for air_quality_pipeline to 2026-09-03 01:05:00+00:00, run_after=2026-09-03 02:05:00+00:00
[2026-09-03T01:24:41.635+0000] {processor.py:183} INFO - Processing /opt/airflow/dags/spark_pipeline_dag.py took 0.113 seconds
[2026-09-03T01:25:12.021+0000] {processor.py:161} INFO - Started process (PID=45367) to work on /opt/airflow/dags/spark_pipeline_dag.py
[2026-09-03T01:25:12.022+0000] {processor.py:830} INFO - Processing file /opt/airflow/dags/spark_pipeline_dag.py for tasks to queue
[2026-09-03T01:25:12.023+0000] {logging_mixin.py:188} INFO - [2026-09-03T01:25:12.023+0000] {dagbag.py:538} INFO - Filling up the DagBag from /opt/airflow/dags/spark_pipeline_dag.py
[2026-09-03T01:25:12.057+0000] {processor.py:840} INFO - DAG(s) 'air_quality_pipeline' retrieved from /opt/airflow/dags/spark_pipeline_dag.py
[2026-09-03T01:25:12.075+0000] {logging_mixin.py:188} INFO - [2026-09-03T01:25:12.075+0000] {dag.py:3036} INFO - Sync 1 DAGs
[2026-09-03T01:25:12.093+0000] {logging_mixin.py:188} INFO - [2026-09-03T01:25:12.092+0000] {dag.py:3823} INFO - Setting next_dagrun for air_quality_pipeline to 2026-09-03 01:05:00+00:00, run_after=2026-09-03 02:05:00+00:00
[2026-09-03T01:25:12.131+0000] {processor.py:183} INFO - Processing /opt/airflow/dags/spark_pipeline_dag.py took 0.113 seconds
[2026-09-03T01:25:42.478+0000] {processor.py:161} INFO - Started process (PID=45377) to work on /opt/airflow/dags/spark_pipeline_dag.py
[2026-09-03T01:25:42.480+0000] {processor.py:830} INFO - Processing file /opt/airflow/dags/spark_pipeline_dag.py for tasks to queue
[2026-09-03T01:25:42.481+0000] {logging_mixin.py:188} INFO - [2026-09-03T01:25:42.481+0000] {dagbag.py:538} INFO - Filling up the DagBag from /opt/airflow/dags/spark_pipeline_dag.py
[2026-09-03T01:25:42.511+0000] {processor.py:840} INFO - DAG(s) 'air_quality_pipeline' retrieved from /opt/airflow/dags/spark_pipeline_dag.py
[2026-09-03T01:25:42.537+0000] {logging_mixin.py:188} INFO - [2026-09-03T01:25:42.536+0000] {dag.py:3036} INFO - Sync 1 DAGs
[2026-09-03T01:25:42.568+0000] {logging_mixin.py:188} INFO - [2026-09-03T01:25:42.568+0000] {dag.py:3823} INFO - Setting next_dagrun for air_quality_pipeline to 2026-09-03 01:05:00+00:00, run_after=2026-09-03 02:05:00+00:00
[2026-09-03T01:25:42.596+0000] {processor.py:183} INFO - Processing /opt/airflow/dags/spark_pipeline_dag.py took 0.122 seconds
[2026-09-03T01:26:12.878+0000] {processor.py:161} INFO - Started process (PID=45387) to work on /opt/airflow/dags/spark_pipeline_dag.py
[2026-09-03T01:26:12.879+0000] {processor.py:830} INFO - Processing file /opt/airflow/dags/spark_pipeline_dag.py for tasks to queue
[2026-09-03T01:26:12.881+0000] {logging_mixin.py:188} INFO - [2026-09-03T01:26:12.880+0000] {dagbag.py:538} INFO - Filling up the DagBag from /opt/airflow/dags/spark_pipeline_dag.py
[2026-09-03T01:26:12.909+0000] {processor.py:840} INFO - DAG(s) 'air_quality_pipeline' retrieved from /opt/airflow/dags/spark_pipeline_dag.py
[2026-09-03T01:26:12.944+0000] {logging_mixin.py:188} INFO - [2026-09-03T01:26:12.943+0000] {dag.py:3036} INFO - Sync 1 DAGs
[2026-09-03T01:26:12.976+0000] {logging_mixin.py:188} INFO - [2026-09-03T01:26:12.976+0000] {dag.py:3823} INFO - Setting next_dagrun for air_quality_pipeline to 2026-09-03 01:05:00+00:00, run_after=2026-09-03 02:05:00+00:00
[2026-09-03T01:26:13.025+0000] {processor.py:183} INFO - Processing /opt/airflow/dags/spark_pipeline_dag.py took 0.151 seconds
[2026-09-03T01:26:43.364+0000] {processor.py:161} INFO - Started process (PID=45397) to work on /opt/airflow/dags/spark_pipeline_dag.py
[2026-09-03T01:26:43.365+0000] {processor.py:830} INFO - Processing file /opt/airflow/dags/spark_pipeline_dag.py for tasks to queue
[2026-09-03T01:26:43.366+0000] {logging_mixin.py:188} INFO - [2026-09-03T01:26:43.366+0000] {dagbag.py:538} INFO - Filling up the DagBag from /opt/airflow/dags/spark_pipeline_dag.py
[2026-09-03T01:26:43.402+0000] {processor.py:840} INFO - DAG(s) 'air_quality_pipeline' retrieved from /opt/airflow/dags/spark_pipeline_dag.py
[2026-09-03T01:26:43.434+0000] {logging_mixin.py:188} INFO - [2026-09-03T01:26:43.434+0000] {dag.py:3036} INFO - Sync 1 DAGs
[2026-09-03T01:26:43.461+0000] {logging_mixin.py:188} INFO - [2026-09-03T01:26:43.461+0000] {dag.py:3823} INFO - Setting next_dagrun for air_quality_pipeline to 2026-09-03 01:05:00+00:00, run_after=2026-09-03 02:05:00+00:00
[2026-09-03T01:26:43.481+0000] {processor.py:183} INFO - Processing /opt/airflow/dags/spark_pipeline_dag.py took 0.120 seconds
[2026-09-03T01:27:13.841+0000] {processor.py:161} INFO - Started process (PID=45407) to work on /opt/airflow/dags/spark_pipeline_dag.py
[2026-09-03T01:27:13.842+0000] {processor.py:830} INFO - Processing file /opt/airflow/dags/spark_pipeline_dag.py for tasks to queue
[2026-09-03T01:27:13.844+0000] {logging_mixin.py:188} INFO - [2026-09-03T01:27:13.843+0000] {dagbag.py:538} INFO - Filling up the DagBag from /opt/airflow/dags/spark_pipeline_dag.py
[2026-09-03T01:27:13.872+0000] {processor.py:840} INFO - DAG(s) 'air_quality_pipeline' retrieved from /opt/airflow/dags/spark_pipeline_dag.py
[2026-09-03T01:27:13.891+0000] {logging_mixin.py:188} INFO - [2026-09-03T01:27:13.891+0000] {dag.py:3036} INFO - Sync 1 DAGs
[2026-09-03T01:27:13.911+0000] {logging_mixin.py:188} INFO - [2026-09-03T01:27:13.911+0000] {dag.py:3823} INFO - Setting next_dagrun for air_quality_pipeline to 2026-09-03 01:05:00+00:00, run_after=2026-09-03 02:05:00+00:00
[2026-09-03T01:27:13.954+0000] {processor.py:183} INFO - Processing /opt/airflow/dags/spark_pipeline_dag.py took 0.115 seconds
[2026-09-03T01:27:44.321+0000] {processor.py:161} INFO - Started process (PID=45417) to work on /opt/airflow/dags/spark_pipeline_dag.py
[2026-09-03T01:27:44.322+0000] {processor.py:830} INFO - Processing file /opt/airflow/dags/spark_pipeline_dag.py for tasks to queue
[2026-09-03T01:27:44.324+0000] {logging_mixin.py:188} INFO - [2026-09-03T01:27:44.323+0000] {dagbag.py:538} INFO - Filling up the DagBag from /opt/airflow/dags/spark_pipeline_dag.py
[2026-09-03T01:27:44.345+0000] {processor.py:840} INFO - DAG(s) 'air_quality_pipeline' retrieved from /opt/airflow/dags/spark_pipeline_dag.py
[2026-09-03T01:27:44.370+0000] {logging_mixin.py:188} INFO - [2026-09-03T01:27:44.370+0000] {dag.py:3036} INFO - Sync 1 DAGs
[2026-09-03T01:27:44.390+0000] {logging_mixin.py:188} INFO - [2026-09-03T01:27:44.390+0000] {dag.py:3823} INFO - Setting next_dagrun for air_quality_pipeline to 2026-09-03 01:05:00+00:00, run_after=2026-09-03 02:05:00+00:00
[2026-09-03T01:27:44.408+0000] {processor.py:183} INFO - Processing /opt/airflow/dags/spark_pipeline_dag.py took 0.090 seconds
[2026-09-03T01:28:14.695+0000] {processor.py:161} INFO - Started process (PID=45427) to work on /opt/airflow/dags/spark_pipeline_dag.py
[2026-09-03T01:28:14.696+0000] {processor.py:830} INFO - Processing file /opt/airflow/dags/spark_pipeline_dag.py for tasks to queue
[2026-09-03T01:28:14.697+0000] {logging_mixin.py:188} INFO - [2026-09-03T01:28:14.697+0000] {dagbag.py:538} INFO - Filling up the DagBag from /opt/airflow/dags/spark_pipeline_dag.py
[2026-09-03T01:28:14.719+0000] {processor.py:840} INFO - DAG(s) 'air_quality_pipeline' retrieved from /opt/airflow/dags/spark_pipeline_dag.py
[2026-09-03T01:28:14.748+0000] {logging_mixin.py:188} INFO - [2026-09-03T01:28:14.748+0000] {dag.py:3036} INFO - Sync 1 DAGs
[2026-09-03T01:28:14.768+0000] {logging_mixin.py:188} INFO - [2026-09-03T01:28:14.768+0000] {dag.py:3823} INFO - Setting next_dagrun for air_quality_pipeline to 2026-09-03 01:05:00+00:00, run_after=2026-09-03 02:05:00+00:00
[2026-09-03T01:28:14.786+0000] {processor.py:183} INFO - Processing /opt/airflow/dags/spark_pipeline_dag.py took 0.094 seconds
[2026-09-03T01:28:45.081+0000] {processor.py:161} INFO - Started process (PID=45437) to work on /opt/airflow/dags/spark_pipeline_dag.py
[2026-09-03T01:28:45.083+0000] {processor.py:830} INFO - Processing file /opt/airflow/dags/spark_pipeline_dag.py for tasks to queue
[2026-09-03T01:28:45.085+0000] {logging_mixin.py:188} INFO - [2026-09-03T01:28:45.085+0000] {dagbag.py:538} INFO - Filling up the DagBag from /opt/airflow/dags/spark_pipeline_dag.py
[2026-09-03T01:28:45.111+0000] {processor.py:840} INFO - DAG(s) 'air_quality_pipeline' retrieved from /opt/airflow/dags/spark_pipeline_dag.py
[2026-09-03T01:28:45.146+0000] {logging_mixin.py:188} INFO - [2026-09-03T01:28:45.145+0000] {dag.py:3036} INFO - Sync 1 DAGs
[2026-09-03T01:28:45.171+0000] {logging_mixin.py:188} INFO - [2026-09-03T01:28:45.171+0000] {dag.py:3823} INFO - Setting next_dagrun for air_quality_pipeline to 2026-09-03 01:05:00+00:00, run_after=2026-09-03 02:05:00+00:00
[2026-09-03T01:28:45.189+0000] {processor.py:183} INFO - Processing /opt/airflow/dags/spark_pipeline_dag.py took 0.113 seconds
[2026-09-03T01:29:15.556+0000] {processor.py:161} INFO - Started process (PID=45447) to work on /opt/airflow/dags/spark_pipeline_dag.py
[2026-09-03T01:29:15.558+0000] {processor.py:830} INFO - Processing file /opt/airflow/dags/spark_pipeline_dag.py for tasks to queue
[2026-09-03T01:29:15.559+0000] {logging_mixin.py:188} INFO - [2026-09-03T01:29:15.559+0000] {dagbag.py:538} INFO - Filling up the DagBag from /opt/airflow/dags/spark_pipeline_dag.py
[2026-09-03T01:29:15.583+0000] {processor.py:840} INFO - DAG(s) 'air_quality_pipeline' retrieved from /opt/airflow/dags/spark_pipeline_dag.py
[2026-09-03T01:29:15.606+0000] {logging_mixin.py:188} INFO - [2026-09-03T01:29:15.605+0000] {dag.py:3036} INFO - Sync 1 DAGs
[2026-09-03T01:29:15.625+0000] {logging_mixin.py:188} INFO - [2026-09-03T01:29:15.625+0000] {dag.py:3823} INFO - Setting next_dagrun for air_quality_pipeline to 2026-09-03 01:05:00+00:00, run_after=2026-09-03 02:05:00+00:00
[2026-09-03T01:29:15.646+0000] {processor.py:183} INFO - Processing /opt/airflow/dags/spark_pipeline_dag.py took 0.093 seconds
[2026-09-03T01:29:46.046+0000] {processor.py:161} INFO - Started process (PID=45457) to work on /opt/airflow/dags/spark_pipeline_dag.py
[2026-09-03T01:29:46.048+0000] {processor.py:830} INFO - Processing file /opt/airflow/dags/spark_pipeline_dag.py for tasks to queue
[2026-09-03T01:29:46.051+0000] {logging_mixin.py:188} INFO - [2026-09-03T01:29:46.050+0000] {dagbag.py:538} INFO - Filling up the DagBag from /opt/airflow/dags/spark_pipeline_dag.py
[2026-09-03T01:29:46.076+0000] {processor.py:840} INFO - DAG(s) 'air_quality_pipeline' retrieved from /opt/airflow/dags/spark_pipeline_dag.py
[2026-09-03T01:29:46.101+0000] {logging_mixin.py:188} INFO - [2026-09-03T01:29:46.101+0000] {dag.py:3036} INFO - Sync 1 DAGs
[2026-09-03T01:29:46.127+0000] {logging_mixin.py:188} INFO - [2026-09-03T01:29:46.127+0000] {dag.py:3823} INFO - Setting next_dagrun for air_quality_pipeline to 2026-09-03 01:05:00+00:00, run_after=2026-09-03 02:05:00+00:00
[2026-09-03T01:29:46.151+0000] {processor.py:183} INFO - Processing /opt/airflow/dags/spark_pipeline_dag.py took 0.109 seconds
[2026-09-03T01:30:16.491+0000] {processor.py:161} INFO - Started process (PID=45467) to work on /opt/airflow/dags/spark_pipeline_dag.py
[2026-09-03T01:30:16.493+0000] {processor.py:830} INFO - Processing file /opt/airflow/dags/spark_pipeline_dag.py for tasks to queue
[2026-09-03T01:30:16.494+0000] {logging_mixin.py:188} INFO - [2026-09-03T01:30:16.493+0000] {dagbag.py:538} INFO - Filling up the DagBag from /opt/airflow/dags/spark_pipeline_dag.py
[2026-09-03T01:30:16.527+0000] {processor.py:840} INFO - DAG(s) 'air_quality_pipeline' retrieved from /opt/airflow/dags/spark_pipeline_dag.py
[2026-09-03T01:30:16.552+0000] {logging_mixin.py:188} INFO - [2026-09-03T01:30:16.552+0000] {dag.py:3036} INFO - Sync 1 DAGs
[2026-09-03T01:30:16.588+0000] {logging_mixin.py:188} INFO - [2026-09-03T01:30:16.588+0000] {dag.py:3823} INFO - Setting next_dagrun for air_quality_pipeline to 2026-09-03 01:05:00+00:00, run_after=2026-09-03 02:05:00+00:00
[2026-09-03T01:30:16.636+0000] {processor.py:183} INFO - Processing /opt/airflow/dags/spark_pipeline_dag.py took 0.148 seconds
[2026-09-03T01:30:47.095+0000] {processor.py:161} INFO - Started process (PID=45477) to work on /opt/airflow/dags/spark_pipeline_dag.py
[2026-09-03T01:30:47.096+0000] {processor.py:830} INFO - Processing file /opt/airflow/dags/spark_pipeline_dag.py for tasks to queue
[2026-09-03T01:30:47.097+0000] {logging_mixin.py:188} INFO - [2026-09-03T01:30:47.097+0000] {dagbag.py:538} INFO - Filling up the DagBag from /opt/airflow/dags/spark_pipeline_dag.py
[2026-09-03T01:30:47.124+0000] {processor.py:840} INFO - DAG(s) 'air_quality_pipeline' retrieved from /opt/airflow/dags/spark_pipeline_dag.py
[2026-09-03T01:30:47.144+0000] {logging_mixin.py:188} INFO - [2026-09-03T01:30:47.144+0000] {dag.py:3036} INFO - Sync 1 DAGs
[2026-09-03T01:30:47.165+0000] {logging_mixin.py:188} INFO - [2026-09-03T01:30:47.165+0000] {dag.py:3823} INFO - Setting next_dagrun for air_quality_pipeline to 2026-09-03 01:05:00+00:00, run_after=2026-09-03 02:05:00+00:00
[2026-09-03T01:30:47.208+0000] {processor.py:183} INFO - Processing /opt/airflow/dags/spark_pipeline_dag.py took 0.116 seconds
[2026-09-03T01:31:17.591+0000] {processor.py:161} INFO - Started process (PID=45487) to work on /opt/airflow/dags/spark_pipeline_dag.py
[2026-09-03T01:31:17.593+0000] {processor.py:830} INFO - Processing file /opt/airflow/dags/spark_pipeline_dag.py for tasks to queue
[2026-09-03T01:31:17.594+0000] {logging_mixin.py:188} INFO - [2026-09-03T01:31:17.594+0000] {dagbag.py:538} INFO - Filling up the DagBag from /opt/airflow/dags/spark_pipeline_dag.py
[2026-09-03T01:31:17.617+0000] {processor.py:840} INFO - DAG(s) 'air_quality_pipeline' retrieved from /opt/airflow/dags/spark_pipeline_dag.py
[2026-09-03T01:31:17.638+0000] {logging_mixin.py:188} INFO - [2026-09-03T01:31:17.638+0000] {dag.py:3036} INFO - Sync 1 DAGs
[2026-09-03T01:31:17.657+0000] {logging_mixin.py:188} INFO - [2026-09-03T01:31:17.657+0000] {dag.py:3823} INFO - Setting next_dagrun for air_quality_pipeline to 2026-09-03 01:05:00+00:00, run_after=2026-09-03 02:05:00+00:00
[2026-09-03T01:31:17.701+0000] {processor.py:183} INFO - Processing /opt/airflow/dags/spark_pipeline_dag.py took 0.112 seconds
[2026-09-03T01:31:48.099+0000] {processor.py:161} INFO - Started process (PID=45497) to work on /opt/airflow/dags/spark_pipeline_dag.py
[2026-09-03T01:31:48.106+0000] {processor.py:830} INFO - Processing file /opt/airflow/dags/spark_pipeline_dag.py for tasks to queue
[2026-09-03T01:31:48.107+0000] {logging_mixin.py:188} INFO - [2026-09-03T01:31:48.107+0000] {dagbag.py:538} INFO - Filling up the DagBag from /opt/airflow/dags/spark_pipeline_dag.py
[2026-09-03T01:31:48.131+0000] {processor.py:840} INFO - DAG(s) 'air_quality_pipeline' retrieved from /opt/airflow/dags/spark_pipeline_dag.py
[2026-09-03T01:31:48.157+0000] {logging_mixin.py:188} INFO - [2026-09-03T01:31:48.157+0000] {dag.py:3036} INFO - Sync 1 DAGs
[2026-09-03T01:31:48.178+0000] {logging_mixin.py:188} INFO - [2026-09-03T01:31:48.178+0000] {dag.py:3823} INFO - Setting next_dagrun for air_quality_pipeline to 2026-09-03 01:05:00+00:00, run_after=2026-09-03 02:05:00+00:00
[2026-09-03T01:31:48.198+0000] {processor.py:183} INFO - Processing /opt/airflow/dags/spark_pipeline_dag.py took 0.103 seconds
[2026-09-03T01:32:18.550+0000] {processor.py:161} INFO - Started process (PID=45507) to work on /opt/airflow/dags/spark_pipeline_dag.py
[2026-09-03T01:32:18.551+0000] {processor.py:830} INFO - Processing file /opt/airflow/dags/spark_pipeline_dag.py for tasks to queue
[2026-09-03T01:32:18.552+0000] {logging_mixin.py:188} INFO - [2026-09-03T01:32:18.552+0000] {dagbag.py:538} INFO - Filling up the DagBag from /opt/airflow/dags/spark_pipeline_dag.py
[2026-09-03T01:32:18.574+0000] {processor.py:840} INFO - DAG(s) 'air_quality_pipeline' retrieved from /opt/airflow/dags/spark_pipeline_dag.py
[2026-09-03T01:32:18.597+0000] {logging_mixin.py:188} INFO - [2026-09-03T01:32:18.596+0000] {dag.py:3036} INFO - Sync 1 DAGs
[2026-09-03T01:32:18.619+0000] {logging_mixin.py:188} INFO - [2026-09-03T01:32:18.619+0000] {dag.py:3823} INFO - Setting next_dagrun for air_quality_pipeline to 2026-09-03 01:05:00+00:00, run_after=2026-09-03 02:05:00+00:00
[2026-09-03T01:32:18.659+0000] {processor.py:183} INFO - Processing /opt/airflow/dags/spark_pipeline_dag.py took 0.111 seconds
[2026-09-03T01:32:49.263+0000] {processor.py:161} INFO - Started process (PID=45517) to work on /opt/airflow/dags/spark_pipeline_dag.py
[2026-09-03T01:32:49.264+0000] {processor.py:830} INFO - Processing file /opt/airflow/dags/spark_pipeline_dag.py for tasks to queue
[2026-09-03T01:32:49.267+0000] {logging_mixin.py:188} INFO - [2026-09-03T01:32:49.266+0000] {dagbag.py:538} INFO - Filling up the DagBag from /opt/airflow/dags/spark_pipeline_dag.py
[2026-09-03T01:32:49.297+0000] {processor.py:840} INFO - DAG(s) 'air_quality_pipeline' retrieved from /opt/airflow/dags/spark_pipeline_dag.py
[2026-09-03T01:32:49.327+0000] {logging_mixin.py:188} INFO - [2026-09-03T01:32:49.326+0000] {dag.py:3036} INFO - Sync 1 DAGs
[2026-09-03T01:32:49.350+0000] {logging_mixin.py:188} INFO - [2026-09-03T01:32:49.350+0000] {dag.py:3823} INFO - Setting next_dagrun for air_quality_pipeline to 2026-09-03 01:05:00+00:00, run_after=2026-09-03 02:05:00+00:00
[2026-09-03T01:32:49.368+0000] {processor.py:183} INFO - Processing /opt/airflow/dags/spark_pipeline_dag.py took 0.108 seconds
[2026-09-03T01:33:19.761+0000] {processor.py:161} INFO - Started process (PID=45527) to work on /opt/airflow/dags/spark_pipeline_dag.py
[2026-09-03T01:33:19.762+0000] {processor.py:830} INFO - Processing file /opt/airflow/dags/spark_pipeline_dag.py for tasks to queue
[2026-09-03T01:33:19.763+0000] {logging_mixin.py:188} INFO - [2026-09-03T01:33:19.763+0000] {dagbag.py:538} INFO - Filling up the DagBag from /opt/airflow/dags/spark_pipeline_dag.py
[2026-09-03T01:33:19.784+0000] {processor.py:840} INFO - DAG(s) 'air_quality_pipeline' retrieved from /opt/airflow/dags/spark_pipeline_dag.py
[2026-09-03T01:33:19.808+0000] {logging_mixin.py:188} INFO - [2026-09-03T01:33:19.808+0000] {dag.py:3036} INFO - Sync 1 DAGs
[2026-09-03T01:33:19.828+0000] {logging_mixin.py:188} INFO - [2026-09-03T01:33:19.828+0000] {dag.py:3823} INFO - Setting next_dagrun for air_quality_pipeline to 2026-09-03 01:05:00+00:00, run_after=2026-09-03 02:05:00+00:00
[2026-09-03T01:33:19.847+0000] {processor.py:183} INFO - Processing /opt/airflow/dags/spark_pipeline_dag.py took 0.089 seconds
[2026-09-03T01:33:50.230+0000] {processor.py:161} INFO - Started process (PID=45537) to work on /opt/airflow/dags/spark_pipeline_dag.py
[2026-09-03T01:33:50.231+0000] {processor.py:830} INFO - Processing file /opt/airflow/dags/spark_pipeline_dag.py for tasks to queue
[2026-09-03T01:33:50.232+0000] {logging_mixin.py:188} INFO - [2026-09-03T01:33:50.232+0000] {dagbag.py:538} INFO - Filling up the DagBag from /opt/airflow/dags/spark_pipeline_dag.py
[2026-09-03T01:33:50.263+0000] {processor.py:840} INFO - DAG(s) 'air_quality_pipeline' retrieved from /opt/airflow/dags/spark_pipeline_dag.py
[2026-09-03T01:33:50.288+0000] {logging_mixin.py:188} INFO - [2026-09-03T01:33:50.288+0000] {dag.py:3036} INFO - Sync 1 DAGs
[2026-09-03T01:33:50.313+0000] {logging_mixin.py:188} INFO - [2026-09-03T01:33:50.313+0000] {dag.py:3823} INFO - Setting next_dagrun for air_quality_pipeline to 2026-09-03 01:05:00+00:00, run_after=2026-09-03 02:05:00+00:00
[2026-09-03T01:33:50.357+0000] {processor.py:183} INFO - Processing /opt/airflow/dags/spark_pipeline_dag.py took 0.131 seconds
[2026-09-03T01:34:20.692+0000] {processor.py:161} INFO - Started process (PID=45547) to work on /opt/airflow/dags/spark_pipeline_dag.py
[2026-09-03T01:34:20.693+0000] {processor.py:830} INFO - Processing file /opt/airflow/dags/spark_pipeline_dag.py for tasks to queue
[2026-09-03T01:34:20.694+0000] {logging_mixin.py:188} INFO - [2026-09-03T01:34:20.694+0000] {dagbag.py:538} INFO - Filling up the DagBag from /opt/airflow/dags/spark_pipeline_dag.py
[2026-09-03T01:34:20.719+0000] {processor.py:840} INFO - DAG(s) 'air_quality_pipeline' retrieved from /opt/airflow/dags/spark_pipeline_dag.py
[2026-09-03T01:34:20.738+0000] {logging_mixin.py:188} INFO - [2026-09-03T01:34:20.738+0000] {dag.py:3036} INFO - Sync 1 DAGs
[2026-09-03T01:34:20.756+0000] {logging_mixin.py:188} INFO - [2026-09-03T01:34:20.756+0000] {dag.py:3823} INFO - Setting next_dagrun for air_quality_pipeline to 2026-09-03 01:05:00+00:00, run_after=2026-09-03 02:05:00+00:00
[2026-09-03T01:34:20.773+0000] {processor.py:183} INFO - Processing /opt/airflow/dags/spark_pipeline_dag.py took 0.085 seconds
[2026-09-03T01:34:51.102+0000] {processor.py:161} INFO - Started process (PID=45557) to work on /opt/airflow/dags/spark_pipeline_dag.py
[2026-09-03T01:34:51.103+0000] {processor.py:830} INFO - Processing file /opt/airflow/dags/spark_pipeline_dag.py for tasks to queue
[2026-09-03T01:34:51.104+0000] {logging_mixin.py:188} INFO - [2026-09-03T01:34:51.104+0000] {dagbag.py:538} INFO - Filling up the DagBag from /opt/airflow/dags/spark_pipeline_dag.py
[2026-09-03T01:34:51.131+0000] {processor.py:840} INFO - DAG(s) 'air_quality_pipeline' retrieved from /opt/airflow/dags/spark_pipeline_dag.py
[2026-09-03T01:34:51.153+0000] {logging_mixin.py:188} INFO - [2026-09-03T01:34:51.152+0000] {dag.py:3036} INFO - Sync 1 DAGs
[2026-09-03T01:34:51.176+0000] {logging_mixin.py:188} INFO - [2026-09-03T01:34:51.176+0000] {dag.py:3823} INFO - Setting next_dagrun for air_quality_pipeline to 2026-09-03 01:05:00+00:00, run_after=2026-09-03 02:05:00+00:00
[2026-09-03T01:34:51.192+0000] {processor.py:183} INFO - Processing /opt/airflow/dags/spark_pipeline_dag.py took 0.094 seconds
[2026-09-03T01:35:21.591+0000] {processor.py:161} INFO - Started process (PID=45567) to work on /opt/airflow/dags/spark_pipeline_dag.py
[2026-09-03T01:35:21.592+0000] {processor.py:830} INFO - Processing file /opt/airflow/dags/spark_pipeline_dag.py for tasks to queue
[2026-09-03T01:35:21.593+0000] {logging_mixin.py:188} INFO - [2026-09-03T01:35:21.593+0000] {dagbag.py:538} INFO - Filling up the DagBag from /opt/airflow/dags/spark_pipeline_dag.py
[2026-09-03T01:35:21.617+0000] {processor.py:840} INFO - DAG(s) 'air_quality_pipeline' retrieved from /opt/airflow/dags/spark_pipeline_dag.py
[2026-09-03T01:35:21.636+0000] {logging_mixin.py:188} INFO - [2026-09-03T01:35:21.636+0000] {dag.py:3036} INFO - Sync 1 DAGs
[2026-09-03T01:35:21.656+0000] {logging_mixin.py:188} INFO - [2026-09-03T01:35:21.656+0000] {dag.py:3823} INFO - Setting next_dagrun for air_quality_pipeline to 2026-09-03 01:05:00+00:00, run_after=2026-09-03 02:05:00+00:00
[2026-09-03T01:35:21.700+0000] {processor.py:183} INFO - Processing /opt/airflow/dags/spark_pipeline_dag.py took 0.111 seconds
[2026-09-03T01:35:51.987+0000] {processor.py:161} INFO - Started process (PID=45577) to work on /opt/airflow/dags/spark_pipeline_dag.py
[2026-09-03T01:35:51.988+0000] {processor.py:830} INFO - Processing file /opt/airflow/dags/spark_pipeline_dag.py for tasks to queue
[2026-09-03T01:35:51.990+0000] {logging_mixin.py:188} INFO - [2026-09-03T01:35:51.989+0000] {dagbag.py:538} INFO - Filling up the DagBag from /opt/airflow/dags/spark_pipeline_dag.py
[2026-09-03T01:35:52.011+0000] {processor.py:840} INFO - DAG(s) 'air_quality_pipeline' retrieved from /opt/airflow/dags/spark_pipeline_dag.py
[2026-09-03T01:35:52.031+0000] {logging_mixin.py:188} INFO - [2026-09-03T01:35:52.030+0000] {dag.py:3036} INFO - Sync 1 DAGs
[2026-09-03T01:35:52.048+0000] {logging_mixin.py:188} INFO - [2026-09-03T01:35:52.048+0000] {dag.py:3823} INFO - Setting next_dagrun for air_quality_pipeline to 2026-09-03 01:05:00+00:00, run_after=2026-09-03 02:05:00+00:00
[2026-09-03T01:35:52.068+0000] {processor.py:183} INFO - Processing /opt/airflow/dags/spark_pipeline_dag.py took 0.085 seconds
[2026-09-03T01:36:22.469+0000] {processor.py:161} INFO - Started process (PID=45587) to work on /opt/airflow/dags/spark_pipeline_dag.py
[2026-09-03T01:36:22.471+0000] {processor.py:830} INFO - Processing file /opt/airflow/dags/spark_pipeline_dag.py for tasks to queue
[2026-09-03T01:36:22.471+0000] {logging_mixin.py:188} INFO - [2026-09-03T01:36:22.471+0000] {dagbag.py:538} INFO - Filling up the DagBag from /opt/airflow/dags/spark_pipeline_dag.py
[2026-09-03T01:36:22.497+0000] {processor.py:840} INFO - DAG(s) 'air_quality_pipeline' retrieved from /opt/airflow/dags/spark_pipeline_dag.py
[2026-09-03T01:36:22.531+0000] {logging_mixin.py:188} INFO - [2026-09-03T01:36:22.531+0000] {dag.py:3036} INFO - Sync 1 DAGs
[2026-09-03T01:36:22.554+0000] {logging_mixin.py:188} INFO - [2026-09-03T01:36:22.554+0000] {dag.py:3823} INFO - Setting next_dagrun for air_quality_pipeline to 2026-09-03 01:05:00+00:00, run_after=2026-09-03 02:05:00+00:00
[2026-09-03T01:36:22.573+0000] {processor.py:183} INFO - Processing /opt/airflow/dags/spark_pipeline_dag.py took 0.106 seconds
[2026-09-03T01:36:52.969+0000] {processor.py:161} INFO - Started process (PID=45597) to work on /opt/airflow/dags/spark_pipeline_dag.py
[2026-09-03T01:36:52.970+0000] {processor.py:830} INFO - Processing file /opt/airflow/dags/spark_pipeline_dag.py for tasks to queue
[2026-09-03T01:36:52.971+0000] {logging_mixin.py:188} INFO - [2026-09-03T01:36:52.971+0000] {dagbag.py:538} INFO - Filling up the DagBag from /opt/airflow/dags/spark_pipeline_dag.py
[2026-09-03T01:36:52.999+0000] {processor.py:840} INFO - DAG(s) 'air_quality_pipeline' retrieved from /opt/airflow/dags/spark_pipeline_dag.py
[2026-09-03T01:36:53.020+0000] {logging_mixin.py:188} INFO - [2026-09-03T01:36:53.020+0000] {dag.py:3036} INFO - Sync 1 DAGs
[2026-09-03T01:36:53.038+0000] {logging_mixin.py:188} INFO - [2026-09-03T01:36:53.038+0000] {dag.py:3823} INFO - Setting next_dagrun for air_quality_pipeline to 2026-09-03 01:05:00+00:00, run_after=2026-09-03 02:05:00+00:00
[2026-09-03T01:36:53.078+0000] {processor.py:183} INFO - Processing /opt/airflow/dags/spark_pipeline_dag.py took 0.112 seconds
[2026-09-03T01:37:23.517+0000] {processor.py:161} INFO - Started process (PID=45607) to work on /opt/airflow/dags/spark_pipeline_dag.py
[2026-09-03T01:37:23.518+0000] {processor.py:830} INFO - Processing file /opt/airflow/dags/spark_pipeline_dag.py for tasks to queue
[2026-09-03T01:37:23.519+0000] {logging_mixin.py:188} INFO - [2026-09-03T01:37:23.519+0000] {dagbag.py:538} INFO - Filling up the DagBag from /opt/airflow/dags/spark_pipeline_dag.py
[2026-09-03T01:37:23.544+0000] {processor.py:840} INFO - DAG(s) 'air_quality_pipeline' retrieved from /opt/airflow/dags/spark_pipeline_dag.py
[2026-09-03T01:37:23.565+0000] {logging_mixin.py:188} INFO - [2026-09-03T01:37:23.565+0000] {dag.py:3036} INFO - Sync 1 DAGs
[2026-09-03T01:37:23.582+0000] {logging_mixin.py:188} INFO - [2026-09-03T01:37:23.582+0000] {dag.py:3823} INFO - Setting next_dagrun for air_quality_pipeline to 2026-09-03 01:05:00+00:00, run_after=2026-09-03 02:05:00+00:00
[2026-09-03T01:37:23.630+0000] {processor.py:183} INFO - Processing /opt/airflow/dags/spark_pipeline_dag.py took 0.115 seconds
[2026-09-03T01:37:54.000+0000] {processor.py:161} INFO - Started process (PID=45617) to work on /opt/airflow/dags/spark_pipeline_dag.py
[2026-09-03T01:37:54.001+0000] {processor.py:830} INFO - Processing file /opt/airflow/dags/spark_pipeline_dag.py for tasks to queue
[2026-09-03T01:37:54.002+0000] {logging_mixin.py:188} INFO - [2026-09-03T01:37:54.002+0000] {dagbag.py:538} INFO - Filling up the DagBag from /opt/airflow/dags/spark_pipeline_dag.py
[2026-09-03T01:37:54.030+0000] {processor.py:840} INFO - DAG(s) 'air_quality_pipeline' retrieved from /opt/airflow/dags/spark_pipeline_dag.py
[2026-09-03T01:37:54.051+0000] {logging_mixin.py:188} INFO - [2026-09-03T01:37:54.050+0000] {dag.py:3036} INFO - Sync 1 DAGs
[2026-09-03T01:37:54.072+0000] {logging_mixin.py:188} INFO - [2026-09-03T01:37:54.072+0000] {dag.py:3823} INFO - Setting next_dagrun for air_quality_pipeline to 2026-09-03 01:05:00+00:00, run_after=2026-09-03 02:05:00+00:00
[2026-09-03T01:37:54.089+0000] {processor.py:183} INFO - Processing /opt/airflow/dags/spark_pipeline_dag.py took 0.093 seconds
[2026-09-03T01:38:24.475+0000] {processor.py:161} INFO - Started process (PID=45627) to work on /opt/airflow/dags/spark_pipeline_dag.py
[2026-09-03T01:38:24.476+0000] {processor.py:830} INFO - Processing file /opt/airflow/dags/spark_pipeline_dag.py for tasks to queue
[2026-09-03T01:38:24.477+0000] {logging_mixin.py:188} INFO - [2026-09-03T01:38:24.477+0000] {dagbag.py:538} INFO - Filling up the DagBag from /opt/airflow/dags/spark_pipeline_dag.py
[2026-09-03T01:38:24.499+0000] {processor.py:840} INFO - DAG(s) 'air_quality_pipeline' retrieved from /opt/airflow/dags/spark_pipeline_dag.py
[2026-09-03T01:38:24.522+0000] {logging_mixin.py:188} INFO - [2026-09-03T01:38:24.522+0000] {dag.py:3036} INFO - Sync 1 DAGs
[2026-09-03T01:38:24.542+0000] {logging_mixin.py:188} INFO - [2026-09-03T01:38:24.542+0000] {dag.py:3823} INFO - Setting next_dagrun for air_quality_pipeline to 2026-09-03 01:05:00+00:00, run_after=2026-09-03 02:05:00+00:00
[2026-09-03T01:38:24.587+0000] {processor.py:183} INFO - Processing /opt/airflow/dags/spark_pipeline_dag.py took 0.115 seconds
[2026-09-03T01:38:54.931+0000] {processor.py:161} INFO - Started process (PID=45637) to work on /opt/airflow/dags/spark_pipeline_dag.py
[2026-09-03T01:38:54.932+0000] {processor.py:830} INFO - Processing file /opt/airflow/dags/spark_pipeline_dag.py for tasks to queue
[2026-09-03T01:38:54.934+0000] {logging_mixin.py:188} INFO - [2026-09-03T01:38:54.933+0000] {dagbag.py:538} INFO - Filling up the DagBag from /opt/airflow/dags/spark_pipeline_dag.py
[2026-09-03T01:38:54.967+0000] {processor.py:840} INFO - DAG(s) 'air_quality_pipeline' retrieved from /opt/airflow/dags/spark_pipeline_dag.py
[2026-09-03T01:38:54.992+0000] {logging_mixin.py:188} INFO - [2026-09-03T01:38:54.991+0000] {dag.py:3036} INFO - Sync 1 DAGs
[2026-09-03T01:38:55.021+0000] {logging_mixin.py:188} INFO - [2026-09-03T01:38:55.021+0000] {dag.py:3823} INFO - Setting next_dagrun for air_quality_pipeline to 2026-09-03 01:05:00+00:00, run_after=2026-09-03 02:05:00+00:00
[2026-09-03T01:38:55.051+0000] {processor.py:183} INFO - Processing /opt/airflow/dags/spark_pipeline_dag.py took 0.123 seconds
[2026-09-03T01:39:25.408+0000] {processor.py:161} INFO - Started process (PID=45647) to work on /opt/airflow/dags/spark_pipeline_dag.py
[2026-09-03T01:39:25.409+0000] {processor.py:830} INFO - Processing file /opt/airflow/dags/spark_pipeline_dag.py for tasks to queue
[2026-09-03T01:39:25.410+0000] {logging_mixin.py:188} INFO - [2026-09-03T01:39:25.410+0000] {dagbag.py:538} INFO - Filling up the DagBag from /opt/airflow/dags/spark_pipeline_dag.py
[2026-09-03T01:39:25.435+0000] {processor.py:840} INFO - DAG(s) 'air_quality_pipeline' retrieved from /opt/airflow/dags/spark_pipeline_dag.py
[2026-09-03T01:39:25.458+0000] {logging_mixin.py:188} INFO - [2026-09-03T01:39:25.458+0000] {dag.py:3036} INFO - Sync 1 DAGs
[2026-09-03T01:39:25.479+0000] {logging_mixin.py:188} INFO - [2026-09-03T01:39:25.478+0000] {dag.py:3823} INFO - Setting next_dagrun for air_quality_pipeline to 2026-09-03 01:05:00+00:00, run_after=2026-09-03 02:05:00+00:00
[2026-09-03T01:39:25.496+0000] {processor.py:183} INFO - Processing /opt/airflow/dags/spark_pipeline_dag.py took 0.091 seconds
[2026-09-03T01:39:55.839+0000] {processor.py:161} INFO - Started process (PID=45657) to work on /opt/airflow/dags/spark_pipeline_dag.py
[2026-09-03T01:39:55.841+0000] {processor.py:830} INFO - Processing file /opt/airflow/dags/spark_pipeline_dag.py for tasks to queue
[2026-09-03T01:39:55.842+0000] {logging_mixin.py:188} INFO - [2026-09-03T01:39:55.842+0000] {dagbag.py:538} INFO - Filling up the DagBag from /opt/airflow/dags/spark_pipeline_dag.py
[2026-09-03T01:39:55.867+0000] {processor.py:840} INFO - DAG(s) 'air_quality_pipeline' retrieved from /opt/airflow/dags/spark_pipeline_dag.py
[2026-09-03T01:39:55.892+0000] {logging_mixin.py:188} INFO - [2026-09-03T01:39:55.891+0000] {dag.py:3036} INFO - Sync 1 DAGs
[2026-09-03T01:39:55.915+0000] {logging_mixin.py:188} INFO - [2026-09-03T01:39:55.915+0000] {dag.py:3823} INFO - Setting next_dagrun for air_quality_pipeline to 2026-09-03 01:05:00+00:00, run_after=2026-09-03 02:05:00+00:00
[2026-09-03T01:39:55.978+0000] {processor.py:183} INFO - Processing /opt/airflow/dags/spark_pipeline_dag.py took 0.143 seconds
[2026-09-03T01:40:26.339+0000] {processor.py:161} INFO - Started process (PID=45667) to work on /opt/airflow/dags/spark_pipeline_dag.py
[2026-09-03T01:40:26.340+0000] {processor.py:830} INFO - Processing file /opt/airflow/dags/spark_pipeline_dag.py for tasks to queue
[2026-09-03T01:40:26.341+0000] {logging_mixin.py:188} INFO - [2026-09-03T01:40:26.341+0000] {dagbag.py:538} INFO - Filling up the DagBag from /opt/airflow/dags/spark_pipeline_dag.py
[2026-09-03T01:40:26.366+0000] {processor.py:840} INFO - DAG(s) 'air_quality_pipeline' retrieved from /opt/airflow/dags/spark_pipeline_dag.py
[2026-09-03T01:40:26.387+0000] {logging_mixin.py:188} INFO - [2026-09-03T01:40:26.387+0000] {dag.py:3036} INFO - Sync 1 DAGs
[2026-09-03T01:40:26.404+0000] {logging_mixin.py:188} INFO - [2026-09-03T01:40:26.404+0000] {dag.py:3823} INFO - Setting next_dagrun for air_quality_pipeline to 2026-09-03 01:05:00+00:00, run_after=2026-09-03 02:05:00+00:00
[2026-09-03T01:40:26.421+0000] {processor.py:183} INFO - Processing /opt/airflow/dags/spark_pipeline_dag.py took 0.085 seconds
[2026-09-03T01:40:56.779+0000] {processor.py:161} INFO - Started process (PID=45677) to work on /opt/airflow/dags/spark_pipeline_dag.py
[2026-09-03T01:40:56.780+0000] {processor.py:830} INFO - Processing file /opt/airflow/dags/spark_pipeline_dag.py for tasks to queue
[2026-09-03T01:40:56.781+0000] {logging_mixin.py:188} INFO - [2026-09-03T01:40:56.781+0000] {dagbag.py:538} INFO - Filling up the DagBag from /opt/airflow/dags/spark_pipeline_dag.py
[2026-09-03T01:40:56.801+0000] {processor.py:840} INFO - DAG(s) 'air_quality_pipeline' retrieved from /opt/airflow/dags/spark_pipeline_dag.py
[2026-09-03T01:40:56.821+0000] {logging_mixin.py:188} INFO - [2026-09-03T01:40:56.821+0000] {dag.py:3036} INFO - Sync 1 DAGs
[2026-09-03T01:40:56.843+0000] {logging_mixin.py:188} INFO - [2026-09-03T01:40:56.842+0000] {dag.py:3823} INFO - Setting next_dagrun for air_quality_pipeline to 2026-09-03 01:05:00+00:00, run_after=2026-09-03 02:05:00+00:00
[2026-09-03T01:40:56.887+0000] {processor.py:183} INFO - Processing /opt/airflow/dags/spark_pipeline_dag.py took 0.111 seconds
[2026-09-03T01:41:27.316+0000] {processor.py:161} INFO - Started process (PID=45687) to work on /opt/airflow/dags/spark_pipeline_dag.py
[2026-09-03T01:41:27.318+0000] {processor.py:830} INFO - Processing file /opt/airflow/dags/spark_pipeline_dag.py for tasks to queue
[2026-09-03T01:41:27.319+0000] {logging_mixin.py:188} INFO - [2026-09-03T01:41:27.318+0000] {dagbag.py:538} INFO - Filling up the DagBag from /opt/airflow/dags/spark_pipeline_dag.py
[2026-09-03T01:41:27.340+0000] {processor.py:840} INFO - DAG(s) 'air_quality_pipeline' retrieved from /opt/airflow/dags/spark_pipeline_dag.py
[2026-09-03T01:41:27.361+0000] {logging_mixin.py:188} INFO - [2026-09-03T01:41:27.361+0000] {dag.py:3036} INFO - Sync 1 DAGs
[2026-09-03T01:41:27.380+0000] {logging_mixin.py:188} INFO - [2026-09-03T01:41:27.380+0000] {dag.py:3823} INFO - Setting next_dagrun for air_quality_pipeline to 2026-09-03 01:05:00+00:00, run_after=2026-09-03 02:05:00+00:00
[2026-09-03T01:41:27.396+0000] {processor.py:183} INFO - Processing /opt/airflow/dags/spark_pipeline_dag.py took 0.084 seconds
[2026-09-03T01:41:57.756+0000] {processor.py:161} INFO - Started process (PID=45697) to work on /opt/airflow/dags/spark_pipeline_dag.py
[2026-09-03T01:41:57.757+0000] {processor.py:830} INFO - Processing file /opt/airflow/dags/spark_pipeline_dag.py for tasks to queue
[2026-09-03T01:41:57.758+0000] {logging_mixin.py:188} INFO - [2026-09-03T01:41:57.758+0000] {dagbag.py:538} INFO - Filling up the DagBag from /opt/airflow/dags/spark_pipeline_dag.py
[2026-09-03T01:41:57.785+0000] {processor.py:840} INFO - DAG(s) 'air_quality_pipeline' retrieved from /opt/airflow/dags/spark_pipeline_dag.py
[2026-09-03T01:41:57.806+0000] {logging_mixin.py:188} INFO - [2026-09-03T01:41:57.806+0000] {dag.py:3036} INFO - Sync 1 DAGs
[2026-09-03T01:41:57.824+0000] {logging_mixin.py:188} INFO - [2026-09-03T01:41:57.824+0000] {dag.py:3823} INFO - Setting next_dagrun for air_quality_pipeline to 2026-09-03 01:05:00+00:00, run_after=2026-09-03 02:05:00+00:00
[2026-09-03T01:41:57.868+0000] {processor.py:183} INFO - Processing /opt/airflow/dags/spark_pipeline_dag.py took 0.115 seconds
[2026-09-03T01:42:28.218+0000] {processor.py:161} INFO - Started process (PID=45707) to work on /opt/airflow/dags/spark_pipeline_dag.py
[2026-09-03T01:42:28.220+0000] {processor.py:830} INFO - Processing file /opt/airflow/dags/spark_pipeline_dag.py for tasks to queue
[2026-09-03T01:42:28.221+0000] {logging_mixin.py:188} INFO - [2026-09-03T01:42:28.221+0000] {dagbag.py:538} INFO - Filling up the DagBag from /opt/airflow/dags/spark_pipeline_dag.py
[2026-09-03T01:42:28.255+0000] {processor.py:840} INFO - DAG(s) 'air_quality_pipeline' retrieved from /opt/airflow/dags/spark_pipeline_dag.py
[2026-09-03T01:42:28.282+0000] {logging_mixin.py:188} INFO - [2026-09-03T01:42:28.282+0000] {dag.py:3036} INFO - Sync 1 DAGs
[2026-09-03T01:42:28.313+0000] {logging_mixin.py:188} INFO - [2026-09-03T01:42:28.313+0000] {dag.py:3823} INFO - Setting next_dagrun for air_quality_pipeline to 2026-09-03 01:05:00+00:00, run_after=2026-09-03 02:05:00+00:00
[2026-09-03T01:42:28.336+0000] {processor.py:183} INFO - Processing /opt/airflow/dags/spark_pipeline_dag.py took 0.121 seconds
[2026-09-03T01:42:58.818+0000] {processor.py:161} INFO - Started process (PID=45717) to work on /opt/airflow/dags/spark_pipeline_dag.py
[2026-09-03T01:42:58.819+0000] {processor.py:830} INFO - Processing file /opt/airflow/dags/spark_pipeline_dag.py for tasks to queue
[2026-09-03T01:42:58.821+0000] {logging_mixin.py:188} INFO - [2026-09-03T01:42:58.820+0000] {dagbag.py:538} INFO - Filling up the DagBag from /opt/airflow/dags/spark_pipeline_dag.py
[2026-09-03T01:42:58.847+0000] {processor.py:840} INFO - DAG(s) 'air_quality_pipeline' retrieved from /opt/airflow/dags/spark_pipeline_dag.py
[2026-09-03T01:42:58.870+0000] {logging_mixin.py:188} INFO - [2026-09-03T01:42:58.869+0000] {dag.py:3036} INFO - Sync 1 DAGs
[2026-09-03T01:42:58.889+0000] {logging_mixin.py:188} INFO - [2026-09-03T01:42:58.889+0000] {dag.py:3823} INFO - Setting next_dagrun for air_quality_pipeline to 2026-09-03 01:05:00+00:00, run_after=2026-09-03 02:05:00+00:00
[2026-09-03T01:42:58.906+0000] {processor.py:183} INFO - Processing /opt/airflow/dags/spark_pipeline_dag.py took 0.091 seconds
[2026-09-03T01:43:29.243+0000] {processor.py:161} INFO - Started process (PID=45727) to work on /opt/airflow/dags/spark_pipeline_dag.py
[2026-09-03T01:43:29.244+0000] {processor.py:830} INFO - Processing file /opt/airflow/dags/spark_pipeline_dag.py for tasks to queue
[2026-09-03T01:43:29.245+0000] {logging_mixin.py:188} INFO - [2026-09-03T01:43:29.245+0000] {dagbag.py:538} INFO - Filling up the DagBag from /opt/airflow/dags/spark_pipeline_dag.py
[2026-09-03T01:43:29.266+0000] {processor.py:840} INFO - DAG(s) 'air_quality_pipeline' retrieved from /opt/airflow/dags/spark_pipeline_dag.py
[2026-09-03T01:43:29.286+0000] {logging_mixin.py:188} INFO - [2026-09-03T01:43:29.286+0000] {dag.py:3036} INFO - Sync 1 DAGs
[2026-09-03T01:43:29.306+0000] {logging_mixin.py:188} INFO - [2026-09-03T01:43:29.305+0000] {dag.py:3823} INFO - Setting next_dagrun for air_quality_pipeline to 2026-09-03 01:05:00+00:00, run_after=2026-09-03 02:05:00+00:00
[2026-09-03T01:43:29.322+0000] {processor.py:183} INFO - Processing /opt/airflow/dags/spark_pipeline_dag.py took 0.081 seconds
[2026-09-03T01:43:59.650+0000] {processor.py:161} INFO - Started process (PID=45737) to work on /opt/airflow/dags/spark_pipeline_dag.py
[2026-09-03T01:43:59.652+0000] {processor.py:830} INFO - Processing file /opt/airflow/dags/spark_pipeline_dag.py for tasks to queue
[2026-09-03T01:43:59.653+0000] {logging_mixin.py:188} INFO - [2026-09-03T01:43:59.653+0000] {dagbag.py:538} INFO - Filling up the DagBag from /opt/airflow/dags/spark_pipeline_dag.py
[2026-09-03T01:43:59.675+0000] {processor.py:840} INFO - DAG(s) 'air_quality_pipeline' retrieved from /opt/airflow/dags/spark_pipeline_dag.py
[2026-09-03T01:43:59.699+0000] {logging_mixin.py:188} INFO - [2026-09-03T01:43:59.699+0000] {dag.py:3036} INFO - Sync 1 DAGs
[2026-09-03T01:43:59.720+0000] {logging_mixin.py:188} INFO - [2026-09-03T01:43:59.720+0000] {dag.py:3823} INFO - Setting next_dagrun for air_quality_pipeline to 2026-09-03 01:05:00+00:00, run_after=2026-09-03 02:05:00+00:00
[2026-09-03T01:43:59.761+0000] {processor.py:183} INFO - Processing /opt/airflow/dags/spark_pipeline_dag.py took 0.114 seconds
[2026-09-03T01:44:30.141+0000] {processor.py:161} INFO - Started process (PID=45747) to work on /opt/airflow/dags/spark_pipeline_dag.py
[2026-09-03T01:44:30.142+0000] {processor.py:830} INFO - Processing file /opt/airflow/dags/spark_pipeline_dag.py for tasks to queue
[2026-09-03T01:44:30.144+0000] {logging_mixin.py:188} INFO - [2026-09-03T01:44:30.143+0000] {dagbag.py:538} INFO - Filling up the DagBag from /opt/airflow/dags/spark_pipeline_dag.py
[2026-09-03T01:44:30.171+0000] {processor.py:840} INFO - DAG(s) 'air_quality_pipeline' retrieved from /opt/airflow/dags/spark_pipeline_dag.py
[2026-09-03T01:44:30.199+0000] {logging_mixin.py:188} INFO - [2026-09-03T01:44:30.199+0000] {dag.py:3036} INFO - Sync 1 DAGs
[2026-09-03T01:44:30.225+0000] {logging_mixin.py:188} INFO - [2026-09-03T01:44:30.225+0000] {dag.py:3823} INFO - Setting next_dagrun for air_quality_pipeline to 2026-09-03 01:05:00+00:00, run_after=2026-09-03 02:05:00+00:00
[2026-09-03T01:44:30.243+0000] {processor.py:183} INFO - Processing /opt/airflow/dags/spark_pipeline_dag.py took 0.106 seconds
[2026-09-03T01:45:00.596+0000] {processor.py:161} INFO - Started process (PID=45757) to work on /opt/airflow/dags/spark_pipeline_dag.py
[2026-09-03T01:45:00.598+0000] {processor.py:830} INFO - Processing file /opt/airflow/dags/spark_pipeline_dag.py for tasks to queue
[2026-09-03T01:45:00.599+0000] {logging_mixin.py:188} INFO - [2026-09-03T01:45:00.598+0000] {dagbag.py:538} INFO - Filling up the DagBag from /opt/airflow/dags/spark_pipeline_dag.py
[2026-09-03T01:45:00.623+0000] {processor.py:840} INFO - DAG(s) 'air_quality_pipeline' retrieved from /opt/airflow/dags/spark_pipeline_dag.py
[2026-09-03T01:45:00.646+0000] {logging_mixin.py:188} INFO - [2026-09-03T01:45:00.646+0000] {dag.py:3036} INFO - Sync 1 DAGs
[2026-09-03T01:45:00.673+0000] {logging_mixin.py:188} INFO - [2026-09-03T01:45:00.673+0000] {dag.py:3823} INFO - Setting next_dagrun for air_quality_pipeline to 2026-09-03 01:05:00+00:00, run_after=2026-09-03 02:05:00+00:00
[2026-09-03T01:45:00.697+0000] {processor.py:183} INFO - Processing /opt/airflow/dags/spark_pipeline_dag.py took 0.104 seconds
[2026-09-03T01:45:31.092+0000] {processor.py:161} INFO - Started process (PID=45767) to work on /opt/airflow/dags/spark_pipeline_dag.py
[2026-09-03T01:45:31.093+0000] {processor.py:830} INFO - Processing file /opt/airflow/dags/spark_pipeline_dag.py for tasks to queue
[2026-09-03T01:45:31.095+0000] {logging_mixin.py:188} INFO - [2026-09-03T01:45:31.095+0000] {dagbag.py:538} INFO - Filling up the DagBag from /opt/airflow/dags/spark_pipeline_dag.py
[2026-09-03T01:45:31.127+0000] {processor.py:840} INFO - DAG(s) 'air_quality_pipeline' retrieved from /opt/airflow/dags/spark_pipeline_dag.py
[2026-09-03T01:45:31.154+0000] {logging_mixin.py:188} INFO - [2026-09-03T01:45:31.154+0000] {dag.py:3036} INFO - Sync 1 DAGs
[2026-09-03T01:45:31.177+0000] {logging_mixin.py:188} INFO - [2026-09-03T01:45:31.177+0000] {dag.py:3823} INFO - Setting next_dagrun for air_quality_pipeline to 2026-09-03 01:05:00+00:00, run_after=2026-09-03 02:05:00+00:00
[2026-09-03T01:45:31.204+0000] {processor.py:183} INFO - Processing /opt/airflow/dags/spark_pipeline_dag.py took 0.115 seconds
[2026-09-03T01:46:01.664+0000] {processor.py:161} INFO - Started process (PID=45777) to work on /opt/airflow/dags/spark_pipeline_dag.py
[2026-09-03T01:46:01.665+0000] {processor.py:830} INFO - Processing file /opt/airflow/dags/spark_pipeline_dag.py for tasks to queue
[2026-09-03T01:46:01.666+0000] {logging_mixin.py:188} INFO - [2026-09-03T01:46:01.666+0000] {dagbag.py:538} INFO - Filling up the DagBag from /opt/airflow/dags/spark_pipeline_dag.py
[2026-09-03T01:46:01.703+0000] {processor.py:840} INFO - DAG(s) 'air_quality_pipeline' retrieved from /opt/airflow/dags/spark_pipeline_dag.py
[2026-09-03T01:46:01.740+0000] {logging_mixin.py:188} INFO - [2026-09-03T01:46:01.740+0000] {dag.py:3036} INFO - Sync 1 DAGs
[2026-09-03T01:46:01.773+0000] {logging_mixin.py:188} INFO - [2026-09-03T01:46:01.772+0000] {dag.py:3823} INFO - Setting next_dagrun for air_quality_pipeline to 2026-09-03 01:05:00+00:00, run_after=2026-09-03 02:05:00+00:00
[2026-09-03T01:46:01.796+0000] {processor.py:183} INFO - Processing /opt/airflow/dags/spark_pipeline_dag.py took 0.135 seconds
[2026-09-03T01:46:32.224+0000] {processor.py:161} INFO - Started process (PID=45787) to work on /opt/airflow/dags/spark_pipeline_dag.py
[2026-09-03T01:46:32.234+0000] {processor.py:830} INFO - Processing file /opt/airflow/dags/spark_pipeline_dag.py for tasks to queue
[2026-09-03T01:46:32.244+0000] {logging_mixin.py:188} INFO - [2026-09-03T01:46:32.243+0000] {dagbag.py:538} INFO - Filling up the DagBag from /opt/airflow/dags/spark_pipeline_dag.py
[2026-09-03T01:46:32.273+0000] {processor.py:840} INFO - DAG(s) 'air_quality_pipeline' retrieved from /opt/airflow/dags/spark_pipeline_dag.py
[2026-09-03T01:46:32.302+0000] {logging_mixin.py:188} INFO - [2026-09-03T01:46:32.301+0000] {dag.py:3036} INFO - Sync 1 DAGs
[2026-09-03T01:46:32.330+0000] {logging_mixin.py:188} INFO - [2026-09-03T01:46:32.329+0000] {dag.py:3823} INFO - Setting next_dagrun for air_quality_pipeline to 2026-09-03 01:05:00+00:00, run_after=2026-09-03 02:05:00+00:00
[2026-09-03T01:46:32.373+0000] {processor.py:183} INFO - Processing /opt/airflow/dags/spark_pipeline_dag.py took 0.153 seconds
[2026-09-03T01:47:02.554+0000] {processor.py:161} INFO - Started process (PID=45797) to work on /opt/airflow/dags/spark_pipeline_dag.py
[2026-09-03T01:47:02.555+0000] {processor.py:830} INFO - Processing file /opt/airflow/dags/spark_pipeline_dag.py for tasks to queue
[2026-09-03T01:47:02.557+0000] {logging_mixin.py:188} INFO - [2026-09-03T01:47:02.557+0000] {dagbag.py:538} INFO - Filling up the DagBag from /opt/airflow/dags/spark_pipeline_dag.py
[2026-09-03T01:47:02.592+0000] {processor.py:840} INFO - DAG(s) 'air_quality_pipeline' retrieved from /opt/airflow/dags/spark_pipeline_dag.py
[2026-09-03T01:47:02.616+0000] {logging_mixin.py:188} INFO - [2026-09-03T01:47:02.616+0000] {dag.py:3036} INFO - Sync 1 DAGs
[2026-09-03T01:47:02.640+0000] {logging_mixin.py:188} INFO - [2026-09-03T01:47:02.640+0000] {dag.py:3823} INFO - Setting next_dagrun for air_quality_pipeline to 2026-09-03 01:05:00+00:00, run_after=2026-09-03 02:05:00+00:00
[2026-09-03T01:47:02.659+0000] {processor.py:183} INFO - Processing /opt/airflow/dags/spark_pipeline_dag.py took 0.110 seconds
[2026-09-03T01:47:33.015+0000] {processor.py:161} INFO - Started process (PID=45807) to work on /opt/airflow/dags/spark_pipeline_dag.py
[2026-09-03T01:47:33.017+0000] {processor.py:830} INFO - Processing file /opt/airflow/dags/spark_pipeline_dag.py for tasks to queue
[2026-09-03T01:47:33.019+0000] {logging_mixin.py:188} INFO - [2026-09-03T01:47:33.018+0000] {dagbag.py:538} INFO - Filling up the DagBag from /opt/airflow/dags/spark_pipeline_dag.py
[2026-09-03T01:47:33.046+0000] {processor.py:840} INFO - DAG(s) 'air_quality_pipeline' retrieved from /opt/airflow/dags/spark_pipeline_dag.py
[2026-09-03T01:47:33.073+0000] {logging_mixin.py:188} INFO - [2026-09-03T01:47:33.073+0000] {dag.py:3036} INFO - Sync 1 DAGs
[2026-09-03T01:47:33.094+0000] {logging_mixin.py:188} INFO - [2026-09-03T01:47:33.094+0000] {dag.py:3823} INFO - Setting next_dagrun for air_quality_pipeline to 2026-09-03 01:05:00+00:00, run_after=2026-09-03 02:05:00+00:00
[2026-09-03T01:47:33.141+0000] {processor.py:183} INFO - Processing /opt/airflow/dags/spark_pipeline_dag.py took 0.130 seconds
[2026-09-03T01:48:03.650+0000] {processor.py:161} INFO - Started process (PID=45817) to work on /opt/airflow/dags/spark_pipeline_dag.py
[2026-09-03T01:48:03.651+0000] {processor.py:830} INFO - Processing file /opt/airflow/dags/spark_pipeline_dag.py for tasks to queue
[2026-09-03T01:48:03.652+0000] {logging_mixin.py:188} INFO - [2026-09-03T01:48:03.652+0000] {dagbag.py:538} INFO - Filling up the DagBag from /opt/airflow/dags/spark_pipeline_dag.py
[2026-09-03T01:48:03.683+0000] {processor.py:840} INFO - DAG(s) 'air_quality_pipeline' retrieved from /opt/airflow/dags/spark_pipeline_dag.py
[2026-09-03T01:48:03.719+0000] {logging_mixin.py:188} INFO - [2026-09-03T01:48:03.718+0000] {dag.py:3036} INFO - Sync 1 DAGs
[2026-09-03T01:48:03.780+0000] {logging_mixin.py:188} INFO - [2026-09-03T01:48:03.780+0000] {dag.py:3823} INFO - Setting next_dagrun for air_quality_pipeline to 2026-09-03 01:05:00+00:00, run_after=2026-09-03 02:05:00+00:00
[2026-09-03T01:48:03.819+0000] {processor.py:183} INFO - Processing /opt/airflow/dags/spark_pipeline_dag.py took 0.174 seconds
[2026-09-03T01:48:34.195+0000] {processor.py:161} INFO - Started process (PID=45827) to work on /opt/airflow/dags/spark_pipeline_dag.py
[2026-09-03T01:48:34.197+0000] {processor.py:830} INFO - Processing file /opt/airflow/dags/spark_pipeline_dag.py for tasks to queue
[2026-09-03T01:48:34.198+0000] {logging_mixin.py:188} INFO - [2026-09-03T01:48:34.198+0000] {dagbag.py:538} INFO - Filling up the DagBag from /opt/airflow/dags/spark_pipeline_dag.py
[2026-09-03T01:48:34.226+0000] {processor.py:840} INFO - DAG(s) 'air_quality_pipeline' retrieved from /opt/airflow/dags/spark_pipeline_dag.py
[2026-09-03T01:48:34.253+0000] {logging_mixin.py:188} INFO - [2026-09-03T01:48:34.253+0000] {dag.py:3036} INFO - Sync 1 DAGs
[2026-09-03T01:48:34.280+0000] {logging_mixin.py:188} INFO - [2026-09-03T01:48:34.280+0000] {dag.py:3823} INFO - Setting next_dagrun for air_quality_pipeline to 2026-09-03 01:05:00+00:00, run_after=2026-09-03 02:05:00+00:00
[2026-09-03T01:48:34.329+0000] {processor.py:183} INFO - Processing /opt/airflow/dags/spark_pipeline_dag.py took 0.138 seconds
[2026-09-03T01:49:04.817+0000] {processor.py:161} INFO - Started process (PID=45837) to work on /opt/airflow/dags/spark_pipeline_dag.py
[2026-09-03T01:49:04.820+0000] {processor.py:830} INFO - Processing file /opt/airflow/dags/spark_pipeline_dag.py for tasks to queue
[2026-09-03T01:49:04.822+0000] {logging_mixin.py:188} INFO - [2026-09-03T01:49:04.821+0000] {dagbag.py:538} INFO - Filling up the DagBag from /opt/airflow/dags/spark_pipeline_dag.py
[2026-09-03T01:49:04.859+0000] {processor.py:840} INFO - DAG(s) 'air_quality_pipeline' retrieved from /opt/airflow/dags/spark_pipeline_dag.py
[2026-09-03T01:49:04.886+0000] {logging_mixin.py:188} INFO - [2026-09-03T01:49:04.885+0000] {dag.py:3036} INFO - Sync 1 DAGs
[2026-09-03T01:49:04.913+0000] {logging_mixin.py:188} INFO - [2026-09-03T01:49:04.912+0000] {dag.py:3823} INFO - Setting next_dagrun for air_quality_pipeline to 2026-09-03 01:05:00+00:00, run_after=2026-09-03 02:05:00+00:00
[2026-09-03T01:49:04.957+0000] {processor.py:183} INFO - Processing /opt/airflow/dags/spark_pipeline_dag.py took 0.144 seconds
[2026-09-03T01:49:35.484+0000] {processor.py:161} INFO - Started process (PID=45847) to work on /opt/airflow/dags/spark_pipeline_dag.py
[2026-09-03T01:49:35.486+0000] {processor.py:830} INFO - Processing file /opt/airflow/dags/spark_pipeline_dag.py for tasks to queue
[2026-09-03T01:49:35.487+0000] {logging_mixin.py:188} INFO - [2026-09-03T01:49:35.487+0000] {dagbag.py:538} INFO - Filling up the DagBag from /opt/airflow/dags/spark_pipeline_dag.py
[2026-09-03T01:49:35.514+0000] {processor.py:840} INFO - DAG(s) 'air_quality_pipeline' retrieved from /opt/airflow/dags/spark_pipeline_dag.py
[2026-09-03T01:49:35.549+0000] {logging_mixin.py:188} INFO - [2026-09-03T01:49:35.549+0000] {dag.py:3036} INFO - Sync 1 DAGs
[2026-09-03T01:49:35.586+0000] {logging_mixin.py:188} INFO - [2026-09-03T01:49:35.586+0000] {dag.py:3823} INFO - Setting next_dagrun for air_quality_pipeline to 2026-09-03 01:05:00+00:00, run_after=2026-09-03 02:05:00+00:00
[2026-09-03T01:49:35.611+0000] {processor.py:183} INFO - Processing /opt/airflow/dags/spark_pipeline_dag.py took 0.130 seconds
[2026-09-03T01:50:05.997+0000] {processor.py:161} INFO - Started process (PID=45857) to work on /opt/airflow/dags/spark_pipeline_dag.py
[2026-09-03T01:50:05.999+0000] {processor.py:830} INFO - Processing file /opt/airflow/dags/spark_pipeline_dag.py for tasks to queue
[2026-09-03T01:50:06.001+0000] {logging_mixin.py:188} INFO - [2026-09-03T01:50:06.000+0000] {dagbag.py:538} INFO - Filling up the DagBag from /opt/airflow/dags/spark_pipeline_dag.py
[2026-09-03T01:50:06.039+0000] {processor.py:840} INFO - DAG(s) 'air_quality_pipeline' retrieved from /opt/airflow/dags/spark_pipeline_dag.py
[2026-09-03T01:50:06.063+0000] {logging_mixin.py:188} INFO - [2026-09-03T01:50:06.063+0000] {dag.py:3036} INFO - Sync 1 DAGs
[2026-09-03T01:50:06.103+0000] {logging_mixin.py:188} INFO - [2026-09-03T01:50:06.103+0000] {dag.py:3823} INFO - Setting next_dagrun for air_quality_pipeline to 2026-09-03 01:05:00+00:00, run_after=2026-09-03 02:05:00+00:00
[2026-09-03T01:50:06.124+0000] {processor.py:183} INFO - Processing /opt/airflow/dags/spark_pipeline_dag.py took 0.132 seconds
[2026-09-03T01:50:36.528+0000] {processor.py:161} INFO - Started process (PID=45867) to work on /opt/airflow/dags/spark_pipeline_dag.py
[2026-09-03T01:50:36.529+0000] {processor.py:830} INFO - Processing file /opt/airflow/dags/spark_pipeline_dag.py for tasks to queue
[2026-09-03T01:50:36.530+0000] {logging_mixin.py:188} INFO - [2026-09-03T01:50:36.530+0000] {dagbag.py:538} INFO - Filling up the DagBag from /opt/airflow/dags/spark_pipeline_dag.py
[2026-09-03T01:50:36.560+0000] {processor.py:840} INFO - DAG(s) 'air_quality_pipeline' retrieved from /opt/airflow/dags/spark_pipeline_dag.py
[2026-09-03T01:50:36.580+0000] {logging_mixin.py:188} INFO - [2026-09-03T01:50:36.580+0000] {dag.py:3036} INFO - Sync 1 DAGs
[2026-09-03T01:50:36.599+0000] {logging_mixin.py:188} INFO - [2026-09-03T01:50:36.598+0000] {dag.py:3823} INFO - Setting next_dagrun for air_quality_pipeline to 2026-09-03 01:05:00+00:00, run_after=2026-09-03 02:05:00+00:00
[2026-09-03T01:50:36.646+0000] {processor.py:183} INFO - Processing /opt/airflow/dags/spark_pipeline_dag.py took 0.123 seconds
[2026-09-03T01:51:07.080+0000] {processor.py:161} INFO - Started process (PID=45877) to work on /opt/airflow/dags/spark_pipeline_dag.py
[2026-09-03T01:51:07.082+0000] {processor.py:830} INFO - Processing file /opt/airflow/dags/spark_pipeline_dag.py for tasks to queue
[2026-09-03T01:51:07.083+0000] {logging_mixin.py:188} INFO - [2026-09-03T01:51:07.082+0000] {dagbag.py:538} INFO - Filling up the DagBag from /opt/airflow/dags/spark_pipeline_dag.py
[2026-09-03T01:51:07.117+0000] {processor.py:840} INFO - DAG(s) 'air_quality_pipeline' retrieved from /opt/airflow/dags/spark_pipeline_dag.py
[2026-09-03T01:51:07.136+0000] {logging_mixin.py:188} INFO - [2026-09-03T01:51:07.135+0000] {dag.py:3036} INFO - Sync 1 DAGs
[2026-09-03T01:51:07.156+0000] {logging_mixin.py:188} INFO - [2026-09-03T01:51:07.156+0000] {dag.py:3823} INFO - Setting next_dagrun for air_quality_pipeline to 2026-09-03 01:05:00+00:00, run_after=2026-09-03 02:05:00+00:00
[2026-09-03T01:51:07.192+0000] {processor.py:183} INFO - Processing /opt/airflow/dags/spark_pipeline_dag.py took 0.115 seconds
[2026-09-03T01:51:37.642+0000] {processor.py:161} INFO - Started process (PID=45887) to work on /opt/airflow/dags/spark_pipeline_dag.py
[2026-09-03T01:51:37.644+0000] {processor.py:830} INFO - Processing file /opt/airflow/dags/spark_pipeline_dag.py for tasks to queue
[2026-09-03T01:51:37.645+0000] {logging_mixin.py:188} INFO - [2026-09-03T01:51:37.645+0000] {dagbag.py:538} INFO - Filling up the DagBag from /opt/airflow/dags/spark_pipeline_dag.py
[2026-09-03T01:51:37.680+0000] {processor.py:840} INFO - DAG(s) 'air_quality_pipeline' retrieved from /opt/airflow/dags/spark_pipeline_dag.py
[2026-09-03T01:51:37.722+0000] {logging_mixin.py:188} INFO - [2026-09-03T01:51:37.722+0000] {dag.py:3036} INFO - Sync 1 DAGs
[2026-09-03T01:51:37.750+0000] {logging_mixin.py:188} INFO - [2026-09-03T01:51:37.749+0000] {dag.py:3823} INFO - Setting next_dagrun for air_quality_pipeline to 2026-09-03 01:05:00+00:00, run_after=2026-09-03 02:05:00+00:00
[2026-09-03T01:51:37.766+0000] {processor.py:183} INFO - Processing /opt/airflow/dags/spark_pipeline_dag.py took 0.128 seconds
[2026-09-03T01:52:08.107+0000] {processor.py:161} INFO - Started process (PID=45897) to work on /opt/airflow/dags/spark_pipeline_dag.py
[2026-09-03T01:52:08.108+0000] {processor.py:830} INFO - Processing file /opt/airflow/dags/spark_pipeline_dag.py for tasks to queue
[2026-09-03T01:52:08.109+0000] {logging_mixin.py:188} INFO - [2026-09-03T01:52:08.109+0000] {dagbag.py:538} INFO - Filling up the DagBag from /opt/airflow/dags/spark_pipeline_dag.py
[2026-09-03T01:52:08.137+0000] {processor.py:840} INFO - DAG(s) 'air_quality_pipeline' retrieved from /opt/airflow/dags/spark_pipeline_dag.py
[2026-09-03T01:52:08.157+0000] {logging_mixin.py:188} INFO - [2026-09-03T01:52:08.156+0000] {dag.py:3036} INFO - Sync 1 DAGs
[2026-09-03T01:52:08.173+0000] {logging_mixin.py:188} INFO - [2026-09-03T01:52:08.173+0000] {dag.py:3823} INFO - Setting next_dagrun for air_quality_pipeline to 2026-09-03 01:05:00+00:00, run_after=2026-09-03 02:05:00+00:00
[2026-09-03T01:52:08.215+0000] {processor.py:183} INFO - Processing /opt/airflow/dags/spark_pipeline_dag.py took 0.111 seconds
[2026-09-03T01:52:38.677+0000] {processor.py:161} INFO - Started process (PID=45907) to work on /opt/airflow/dags/spark_pipeline_dag.py
[2026-09-03T01:52:38.678+0000] {processor.py:830} INFO - Processing file /opt/airflow/dags/spark_pipeline_dag.py for tasks to queue
[2026-09-03T01:52:38.679+0000] {logging_mixin.py:188} INFO - [2026-09-03T01:52:38.679+0000] {dagbag.py:538} INFO - Filling up the DagBag from /opt/airflow/dags/spark_pipeline_dag.py
[2026-09-03T01:52:38.701+0000] {processor.py:840} INFO - DAG(s) 'air_quality_pipeline' retrieved from /opt/airflow/dags/spark_pipeline_dag.py
[2026-09-03T01:52:38.720+0000] {logging_mixin.py:188} INFO - [2026-09-03T01:52:38.720+0000] {dag.py:3036} INFO - Sync 1 DAGs
[2026-09-03T01:52:38.737+0000] {logging_mixin.py:188} INFO - [2026-09-03T01:52:38.737+0000] {dag.py:3823} INFO - Setting next_dagrun for air_quality_pipeline to 2026-09-03 01:05:00+00:00, run_after=2026-09-03 02:05:00+00:00
[2026-09-03T01:52:38.754+0000] {processor.py:183} INFO - Processing /opt/airflow/dags/spark_pipeline_dag.py took 0.079 seconds
[2026-09-03T01:53:09.182+0000] {processor.py:161} INFO - Started process (PID=45917) to work on /opt/airflow/dags/spark_pipeline_dag.py
[2026-09-03T01:53:09.183+0000] {processor.py:830} INFO - Processing file /opt/airflow/dags/spark_pipeline_dag.py for tasks to queue
[2026-09-03T01:53:09.184+0000] {logging_mixin.py:188} INFO - [2026-09-03T01:53:09.184+0000] {dagbag.py:538} INFO - Filling up the DagBag from /opt/airflow/dags/spark_pipeline_dag.py
[2026-09-03T01:53:09.214+0000] {processor.py:840} INFO - DAG(s) 'air_quality_pipeline' retrieved from /opt/airflow/dags/spark_pipeline_dag.py
[2026-09-03T01:53:09.233+0000] {logging_mixin.py:188} INFO - [2026-09-03T01:53:09.233+0000] {dag.py:3036} INFO - Sync 1 DAGs
[2026-09-03T01:53:09.250+0000] {logging_mixin.py:188} INFO - [2026-09-03T01:53:09.250+0000] {dag.py:3823} INFO - Setting next_dagrun for air_quality_pipeline to 2026-09-03 01:05:00+00:00, run_after=2026-09-03 02:05:00+00:00
[2026-09-03T01:53:09.288+0000] {processor.py:183} INFO - Processing /opt/airflow/dags/spark_pipeline_dag.py took 0.110 seconds
[2026-09-03T01:53:39.736+0000] {processor.py:161} INFO - Started process (PID=45927) to work on /opt/airflow/dags/spark_pipeline_dag.py
[2026-09-03T01:53:39.738+0000] {processor.py:830} INFO - Processing file /opt/airflow/dags/spark_pipeline_dag.py for tasks to queue
[2026-09-03T01:53:39.739+0000] {logging_mixin.py:188} INFO - [2026-09-03T01:53:39.739+0000] {dagbag.py:538} INFO - Filling up the DagBag from /opt/airflow/dags/spark_pipeline_dag.py
[2026-09-03T01:53:39.782+0000] {processor.py:840} INFO - DAG(s) 'air_quality_pipeline' retrieved from /opt/airflow/dags/spark_pipeline_dag.py
[2026-09-03T01:53:39.818+0000] {logging_mixin.py:188} INFO - [2026-09-03T01:53:39.817+0000] {dag.py:3036} INFO - Sync 1 DAGs
[2026-09-03T01:53:39.859+0000] {logging_mixin.py:188} INFO - [2026-09-03T01:53:39.859+0000] {dag.py:3823} INFO - Setting next_dagrun for air_quality_pipeline to 2026-09-03 01:05:00+00:00, run_after=2026-09-03 02:05:00+00:00
[2026-09-03T01:53:39.909+0000] {processor.py:183} INFO - Processing /opt/airflow/dags/spark_pipeline_dag.py took 0.177 seconds
[2026-09-03T01:54:10.245+0000] {processor.py:161} INFO - Started process (PID=45937) to work on /opt/airflow/dags/spark_pipeline_dag.py
[2026-09-03T01:54:10.248+0000] {processor.py:830} INFO - Processing file /opt/airflow/dags/spark_pipeline_dag.py for tasks to queue
[2026-09-03T01:54:10.249+0000] {logging_mixin.py:188} INFO - [2026-09-03T01:54:10.249+0000] {dagbag.py:538} INFO - Filling up the DagBag from /opt/airflow/dags/spark_pipeline_dag.py
[2026-09-03T01:54:10.282+0000] {processor.py:840} INFO - DAG(s) 'air_quality_pipeline' retrieved from /opt/airflow/dags/spark_pipeline_dag.py
[2026-09-03T01:54:10.313+0000] {logging_mixin.py:188} INFO - [2026-09-03T01:54:10.312+0000] {dag.py:3036} INFO - Sync 1 DAGs
[2026-09-03T01:54:10.346+0000] {logging_mixin.py:188} INFO - [2026-09-03T01:54:10.346+0000] {dag.py:3823} INFO - Setting next_dagrun for air_quality_pipeline to 2026-09-03 01:05:00+00:00, run_after=2026-09-03 02:05:00+00:00
[2026-09-03T01:54:10.373+0000] {processor.py:183} INFO - Processing /opt/airflow/dags/spark_pipeline_dag.py took 0.131 seconds
[2026-09-03T01:54:40.768+0000] {processor.py:161} INFO - Started process (PID=45947) to work on /opt/airflow/dags/spark_pipeline_dag.py
[2026-09-03T01:54:40.770+0000] {processor.py:830} INFO - Processing file /opt/airflow/dags/spark_pipeline_dag.py for tasks to queue
[2026-09-03T01:54:40.771+0000] {logging_mixin.py:188} INFO - [2026-09-03T01:54:40.771+0000] {dagbag.py:538} INFO - Filling up the DagBag from /opt/airflow/dags/spark_pipeline_dag.py
[2026-09-03T01:54:40.811+0000] {processor.py:840} INFO - DAG(s) 'air_quality_pipeline' retrieved from /opt/airflow/dags/spark_pipeline_dag.py
[2026-09-03T01:54:40.844+0000] {logging_mixin.py:188} INFO - [2026-09-03T01:54:40.844+0000] {dag.py:3036} INFO - Sync 1 DAGs
[2026-09-03T01:54:40.866+0000] {logging_mixin.py:188} INFO - [2026-09-03T01:54:40.866+0000] {dag.py:3823} INFO - Setting next_dagrun for air_quality_pipeline to 2026-09-03 01:05:00+00:00, run_after=2026-09-03 02:05:00+00:00
[2026-09-03T01:54:40.889+0000] {processor.py:183} INFO - Processing /opt/airflow/dags/spark_pipeline_dag.py took 0.126 seconds
[2026-09-03T01:55:11.348+0000] {processor.py:161} INFO - Started process (PID=45957) to work on /opt/airflow/dags/spark_pipeline_dag.py
[2026-09-03T01:55:11.350+0000] {processor.py:830} INFO - Processing file /opt/airflow/dags/spark_pipeline_dag.py for tasks to queue
[2026-09-03T01:55:11.351+0000] {logging_mixin.py:188} INFO - [2026-09-03T01:55:11.351+0000] {dagbag.py:538} INFO - Filling up the DagBag from /opt/airflow/dags/spark_pipeline_dag.py
[2026-09-03T01:55:11.374+0000] {processor.py:840} INFO - DAG(s) 'air_quality_pipeline' retrieved from /opt/airflow/dags/spark_pipeline_dag.py
[2026-09-03T01:55:11.396+0000] {logging_mixin.py:188} INFO - [2026-09-03T01:55:11.395+0000] {dag.py:3036} INFO - Sync 1 DAGs
[2026-09-03T01:55:11.417+0000] {logging_mixin.py:188} INFO - [2026-09-03T01:55:11.417+0000] {dag.py:3823} INFO - Setting next_dagrun for air_quality_pipeline to 2026-09-03 01:05:00+00:00, run_after=2026-09-03 02:05:00+00:00
[2026-09-03T01:55:11.434+0000] {processor.py:183} INFO - Processing /opt/airflow/dags/spark_pipeline_dag.py took 0.088 seconds
[2026-09-03T01:55:41.858+0000] {processor.py:161} INFO - Started process (PID=45967) to work on /opt/airflow/dags/spark_pipeline_dag.py
[2026-09-03T01:55:41.860+0000] {processor.py:830} INFO - Processing file /opt/airflow/dags/spark_pipeline_dag.py for tasks to queue
[2026-09-03T01:55:41.860+0000] {logging_mixin.py:188} INFO - [2026-09-03T01:55:41.860+0000] {dagbag.py:538} INFO - Filling up the DagBag from /opt/airflow/dags/spark_pipeline_dag.py
[2026-09-03T01:55:41.883+0000] {processor.py:840} INFO - DAG(s) 'air_quality_pipeline' retrieved from /opt/airflow/dags/spark_pipeline_dag.py
[2026-09-03T01:55:41.901+0000] {logging_mixin.py:188} INFO - [2026-09-03T01:55:41.901+0000] {dag.py:3036} INFO - Sync 1 DAGs
[2026-09-03T01:55:41.917+0000] {logging_mixin.py:188} INFO - [2026-09-03T01:55:41.917+0000] {dag.py:3823} INFO - Setting next_dagrun for air_quality_pipeline to 2026-09-03 01:05:00+00:00, run_after=2026-09-03 02:05:00+00:00
[2026-09-03T01:55:41.931+0000] {processor.py:183} INFO - Processing /opt/airflow/dags/spark_pipeline_dag.py took 0.076 seconds
[2026-09-03T02:31:23.516+0000] {processor.py:161} INFO - Started process (PID=45979) to work on /opt/airflow/dags/spark_pipeline_dag.py
[2026-09-03T02:31:23.541+0000] {processor.py:830} INFO - Processing file /opt/airflow/dags/spark_pipeline_dag.py for tasks to queue
[2026-09-03T02:31:23.551+0000] {logging_mixin.py:188} INFO - [2026-09-03T02:31:23.550+0000] {dagbag.py:538} INFO - Filling up the DagBag from /opt/airflow/dags/spark_pipeline_dag.py
[2026-09-03T02:31:23.882+0000] {processor.py:840} INFO - DAG(s) 'air_quality_pipeline' retrieved from /opt/airflow/dags/spark_pipeline_dag.py
[2026-09-03T02:31:23.968+0000] {logging_mixin.py:188} INFO - [2026-09-03T02:31:23.968+0000] {dag.py:3036} INFO - Sync 1 DAGs
[2026-09-03T02:31:24.124+0000] {logging_mixin.py:188} INFO - [2026-09-03T02:31:24.114+0000] {dag.py:3823} INFO - Setting next_dagrun for air_quality_pipeline to 2026-09-03 02:05:00+00:00, run_after=2026-09-03 03:05:00+00:00
[2026-09-03T02:31:24.301+0000] {processor.py:183} INFO - Processing /opt/airflow/dags/spark_pipeline_dag.py took 0.804 seconds
[2026-09-03T02:31:55.052+0000] {processor.py:161} INFO - Started process (PID=45993) to work on /opt/airflow/dags/spark_pipeline_dag.py
[2026-09-03T02:31:55.054+0000] {processor.py:830} INFO - Processing file /opt/airflow/dags/spark_pipeline_dag.py for tasks to queue
[2026-09-03T02:31:55.056+0000] {logging_mixin.py:188} INFO - [2026-09-03T02:31:55.055+0000] {dagbag.py:538} INFO - Filling up the DagBag from /opt/airflow/dags/spark_pipeline_dag.py
[2026-09-03T02:31:55.099+0000] {processor.py:840} INFO - DAG(s) 'air_quality_pipeline' retrieved from /opt/airflow/dags/spark_pipeline_dag.py
[2026-09-03T02:31:55.142+0000] {logging_mixin.py:188} INFO - [2026-09-03T02:31:55.141+0000] {dag.py:3036} INFO - Sync 1 DAGs
[2026-09-03T02:31:55.199+0000] {logging_mixin.py:188} INFO - [2026-09-03T02:31:55.198+0000] {dag.py:3823} INFO - Setting next_dagrun for air_quality_pipeline to 2026-09-03 02:05:00+00:00, run_after=2026-09-03 03:05:00+00:00
[2026-09-03T02:31:55.233+0000] {processor.py:183} INFO - Processing /opt/airflow/dags/spark_pipeline_dag.py took 0.185 seconds
[2026-09-03T02:32:25.628+0000] {processor.py:161} INFO - Started process (PID=46003) to work on /opt/airflow/dags/spark_pipeline_dag.py
[2026-09-03T02:32:25.630+0000] {processor.py:830} INFO - Processing file /opt/airflow/dags/spark_pipeline_dag.py for tasks to queue
[2026-09-03T02:32:25.631+0000] {logging_mixin.py:188} INFO - [2026-09-03T02:32:25.631+0000] {dagbag.py:538} INFO - Filling up the DagBag from /opt/airflow/dags/spark_pipeline_dag.py
[2026-09-03T02:32:25.675+0000] {processor.py:840} INFO - DAG(s) 'air_quality_pipeline' retrieved from /opt/airflow/dags/spark_pipeline_dag.py
[2026-09-03T02:32:25.714+0000] {logging_mixin.py:188} INFO - [2026-09-03T02:32:25.713+0000] {dag.py:3036} INFO - Sync 1 DAGs
[2026-09-03T02:32:25.765+0000] {logging_mixin.py:188} INFO - [2026-09-03T02:32:25.764+0000] {dag.py:3823} INFO - Setting next_dagrun for air_quality_pipeline to 2026-09-03 02:05:00+00:00, run_after=2026-09-03 03:05:00+00:00
[2026-09-03T02:32:25.807+0000] {processor.py:183} INFO - Processing /opt/airflow/dags/spark_pipeline_dag.py took 0.183 seconds
[2026-09-03T02:32:56.148+0000] {processor.py:161} INFO - Started process (PID=46013) to work on /opt/airflow/dags/spark_pipeline_dag.py
[2026-09-03T02:32:56.150+0000] {processor.py:830} INFO - Processing file /opt/airflow/dags/spark_pipeline_dag.py for tasks to queue
[2026-09-03T02:32:56.152+0000] {logging_mixin.py:188} INFO - [2026-09-03T02:32:56.152+0000] {dagbag.py:538} INFO - Filling up the DagBag from /opt/airflow/dags/spark_pipeline_dag.py
[2026-09-03T02:32:56.187+0000] {processor.py:840} INFO - DAG(s) 'air_quality_pipeline' retrieved from /opt/airflow/dags/spark_pipeline_dag.py
[2026-09-03T02:32:56.211+0000] {logging_mixin.py:188} INFO - [2026-09-03T02:32:56.211+0000] {dag.py:3036} INFO - Sync 1 DAGs
[2026-09-03T02:32:56.237+0000] {logging_mixin.py:188} INFO - [2026-09-03T02:32:56.237+0000] {dag.py:3823} INFO - Setting next_dagrun for air_quality_pipeline to 2026-09-03 02:05:00+00:00, run_after=2026-09-03 03:05:00+00:00
[2026-09-03T02:32:56.260+0000] {processor.py:183} INFO - Processing /opt/airflow/dags/spark_pipeline_dag.py took 0.115 seconds
[2026-09-03T10:58:29.183+0000] {processor.py:161} INFO - Started process (PID=46028) to work on /opt/airflow/dags/spark_pipeline_dag.py
[2026-09-03T10:58:29.202+0000] {processor.py:830} INFO - Processing file /opt/airflow/dags/spark_pipeline_dag.py for tasks to queue
[2026-09-03T10:58:29.215+0000] {logging_mixin.py:188} INFO - [2026-09-03T10:58:29.214+0000] {dagbag.py:538} INFO - Filling up the DagBag from /opt/airflow/dags/spark_pipeline_dag.py
[2026-09-03T10:58:29.524+0000] {processor.py:840} INFO - DAG(s) 'air_quality_pipeline' retrieved from /opt/airflow/dags/spark_pipeline_dag.py
[2026-09-03T10:58:29.655+0000] {logging_mixin.py:188} INFO - [2026-09-03T10:58:29.655+0000] {dag.py:3036} INFO - Sync 1 DAGs
[2026-09-03T10:58:29.994+0000] {logging_mixin.py:188} INFO - [2026-09-03T10:58:29.993+0000] {dag.py:3823} INFO - Setting next_dagrun for air_quality_pipeline to 2026-09-03 10:05:00+00:00, run_after=2026-09-03 11:05:00+00:00
[2026-09-03T10:58:30.125+0000] {processor.py:183} INFO - Processing /opt/airflow/dags/spark_pipeline_dag.py took 0.966 seconds
[2026-09-03T14:18:42.344+0000] {processor.py:161} INFO - Started process (PID=46050) to work on /opt/airflow/dags/spark_pipeline_dag.py
[2026-09-03T14:18:42.353+0000] {processor.py:830} INFO - Processing file /opt/airflow/dags/spark_pipeline_dag.py for tasks to queue
[2026-09-03T14:18:42.361+0000] {logging_mixin.py:188} INFO - [2026-09-03T14:18:42.360+0000] {dagbag.py:538} INFO - Filling up the DagBag from /opt/airflow/dags/spark_pipeline_dag.py
[2026-09-03T14:18:42.817+0000] {processor.py:840} INFO - DAG(s) 'air_quality_pipeline' retrieved from /opt/airflow/dags/spark_pipeline_dag.py
[2026-09-03T14:18:42.943+0000] {logging_mixin.py:188} INFO - [2026-09-03T14:18:42.943+0000] {dag.py:3036} INFO - Sync 1 DAGs
[2026-09-03T14:18:43.136+0000] {logging_mixin.py:188} INFO - [2026-09-03T14:18:43.134+0000] {dag.py:3823} INFO - Setting next_dagrun for air_quality_pipeline to 2026-09-03 14:05:00+00:00, run_after=2026-09-03 15:05:00+00:00
[2026-09-03T14:18:43.264+0000] {processor.py:183} INFO - Processing /opt/airflow/dags/spark_pipeline_dag.py took 0.925 seconds
[2026-09-03T14:19:14.017+0000] {processor.py:161} INFO - Started process (PID=46065) to work on /opt/airflow/dags/spark_pipeline_dag.py
[2026-09-03T14:19:14.019+0000] {processor.py:830} INFO - Processing file /opt/airflow/dags/spark_pipeline_dag.py for tasks to queue
[2026-09-03T14:19:14.020+0000] {logging_mixin.py:188} INFO - [2026-09-03T14:19:14.020+0000] {dagbag.py:538} INFO - Filling up the DagBag from /opt/airflow/dags/spark_pipeline_dag.py
[2026-09-03T14:19:14.066+0000] {processor.py:840} INFO - DAG(s) 'air_quality_pipeline' retrieved from /opt/airflow/dags/spark_pipeline_dag.py
[2026-09-03T14:19:14.097+0000] {logging_mixin.py:188} INFO - [2026-09-03T14:19:14.097+0000] {dag.py:3036} INFO - Sync 1 DAGs
[2026-09-03T14:19:14.126+0000] {logging_mixin.py:188} INFO - [2026-09-03T14:19:14.126+0000] {dag.py:3823} INFO - Setting next_dagrun for air_quality_pipeline to 2026-09-03 14:05:00+00:00, run_after=2026-09-03 15:05:00+00:00
[2026-09-03T14:19:14.153+0000] {processor.py:183} INFO - Processing /opt/airflow/dags/spark_pipeline_dag.py took 0.139 seconds
[2026-09-03T14:19:44.744+0000] {processor.py:161} INFO - Started process (PID=46075) to work on /opt/airflow/dags/spark_pipeline_dag.py
[2026-09-03T14:19:44.746+0000] {processor.py:830} INFO - Processing file /opt/airflow/dags/spark_pipeline_dag.py for tasks to queue
[2026-09-03T14:19:44.748+0000] {logging_mixin.py:188} INFO - [2026-09-03T14:19:44.747+0000] {dagbag.py:538} INFO - Filling up the DagBag from /opt/airflow/dags/spark_pipeline_dag.py
[2026-09-03T14:19:44.795+0000] {processor.py:840} INFO - DAG(s) 'air_quality_pipeline' retrieved from /opt/airflow/dags/spark_pipeline_dag.py
[2026-09-03T14:19:44.841+0000] {logging_mixin.py:188} INFO - [2026-09-03T14:19:44.841+0000] {dag.py:3036} INFO - Sync 1 DAGs
[2026-09-03T14:19:44.881+0000] {logging_mixin.py:188} INFO - [2026-09-03T14:19:44.881+0000] {dag.py:3823} INFO - Setting next_dagrun for air_quality_pipeline to 2026-09-03 14:05:00+00:00, run_after=2026-09-03 15:05:00+00:00
[2026-09-03T14:19:44.920+0000] {processor.py:183} INFO - Processing /opt/airflow/dags/spark_pipeline_dag.py took 0.182 seconds
[2026-09-03T14:20:15.246+0000] {processor.py:161} INFO - Started process (PID=46085) to work on /opt/airflow/dags/spark_pipeline_dag.py
[2026-09-03T14:20:15.248+0000] {processor.py:830} INFO - Processing file /opt/airflow/dags/spark_pipeline_dag.py for tasks to queue
[2026-09-03T14:20:15.249+0000] {logging_mixin.py:188} INFO - [2026-09-03T14:20:15.249+0000] {dagbag.py:538} INFO - Filling up the DagBag from /opt/airflow/dags/spark_pipeline_dag.py
[2026-09-03T14:20:15.277+0000] {processor.py:840} INFO - DAG(s) 'air_quality_pipeline' retrieved from /opt/airflow/dags/spark_pipeline_dag.py
[2026-09-03T14:20:15.298+0000] {logging_mixin.py:188} INFO - [2026-09-03T14:20:15.298+0000] {dag.py:3036} INFO - Sync 1 DAGs
[2026-09-03T14:20:15.320+0000] {logging_mixin.py:188} INFO - [2026-09-03T14:20:15.319+0000] {dag.py:3823} INFO - Setting next_dagrun for air_quality_pipeline to 2026-09-03 14:05:00+00:00, run_after=2026-09-03 15:05:00+00:00
[2026-09-03T14:20:15.340+0000] {processor.py:183} INFO - Processing /opt/airflow/dags/spark_pipeline_dag.py took 0.097 seconds
[2026-09-03T14:20:45.653+0000] {processor.py:161} INFO - Started process (PID=46095) to work on /opt/airflow/dags/spark_pipeline_dag.py
[2026-09-03T14:20:45.655+0000] {processor.py:830} INFO - Processing file /opt/airflow/dags/spark_pipeline_dag.py for tasks to queue
[2026-09-03T14:20:45.656+0000] {logging_mixin.py:188} INFO - [2026-09-03T14:20:45.656+0000] {dagbag.py:538} INFO - Filling up the DagBag from /opt/airflow/dags/spark_pipeline_dag.py
[2026-09-03T14:20:45.685+0000] {processor.py:840} INFO - DAG(s) 'air_quality_pipeline' retrieved from /opt/airflow/dags/spark_pipeline_dag.py
[2026-09-03T14:20:45.710+0000] {logging_mixin.py:188} INFO - [2026-09-03T14:20:45.709+0000] {dag.py:3036} INFO - Sync 1 DAGs
[2026-09-03T14:20:45.741+0000] {logging_mixin.py:188} INFO - [2026-09-03T14:20:45.740+0000] {dag.py:3823} INFO - Setting next_dagrun for air_quality_pipeline to 2026-09-03 14:05:00+00:00, run_after=2026-09-03 15:05:00+00:00
[2026-09-03T14:20:45.769+0000] {processor.py:183} INFO - Processing /opt/airflow/dags/spark_pipeline_dag.py took 0.119 seconds
[2026-09-03T14:21:16.094+0000] {processor.py:161} INFO - Started process (PID=46105) to work on /opt/airflow/dags/spark_pipeline_dag.py
[2026-09-03T14:21:16.095+0000] {processor.py:830} INFO - Processing file /opt/airflow/dags/spark_pipeline_dag.py for tasks to queue
[2026-09-03T14:21:16.096+0000] {logging_mixin.py:188} INFO - [2026-09-03T14:21:16.096+0000] {dagbag.py:538} INFO - Filling up the DagBag from /opt/airflow/dags/spark_pipeline_dag.py
[2026-09-03T14:21:16.123+0000] {processor.py:840} INFO - DAG(s) 'air_quality_pipeline' retrieved from /opt/airflow/dags/spark_pipeline_dag.py
[2026-09-03T14:21:16.147+0000] {logging_mixin.py:188} INFO - [2026-09-03T14:21:16.147+0000] {dag.py:3036} INFO - Sync 1 DAGs
[2026-09-03T14:21:16.180+0000] {logging_mixin.py:188} INFO - [2026-09-03T14:21:16.180+0000] {dag.py:3823} INFO - Setting next_dagrun for air_quality_pipeline to 2026-09-03 14:05:00+00:00, run_after=2026-09-03 15:05:00+00:00
[2026-09-03T14:21:16.200+0000] {processor.py:183} INFO - Processing /opt/airflow/dags/spark_pipeline_dag.py took 0.109 seconds
[2026-09-03T14:21:46.543+0000] {processor.py:161} INFO - Started process (PID=46115) to work on /opt/airflow/dags/spark_pipeline_dag.py
[2026-09-03T14:21:46.544+0000] {processor.py:830} INFO - Processing file /opt/airflow/dags/spark_pipeline_dag.py for tasks to queue
[2026-09-03T14:21:46.546+0000] {logging_mixin.py:188} INFO - [2026-09-03T14:21:46.545+0000] {dagbag.py:538} INFO - Filling up the DagBag from /opt/airflow/dags/spark_pipeline_dag.py
[2026-09-03T14:21:46.575+0000] {processor.py:840} INFO - DAG(s) 'air_quality_pipeline' retrieved from /opt/airflow/dags/spark_pipeline_dag.py
[2026-09-03T14:21:46.599+0000] {logging_mixin.py:188} INFO - [2026-09-03T14:21:46.599+0000] {dag.py:3036} INFO - Sync 1 DAGs
[2026-09-03T14:21:46.620+0000] {logging_mixin.py:188} INFO - [2026-09-03T14:21:46.620+0000] {dag.py:3823} INFO - Setting next_dagrun for air_quality_pipeline to 2026-09-03 14:05:00+00:00, run_after=2026-09-03 15:05:00+00:00
[2026-09-03T14:21:46.641+0000] {processor.py:183} INFO - Processing /opt/airflow/dags/spark_pipeline_dag.py took 0.100 seconds
[2026-09-03T14:22:17.015+0000] {processor.py:161} INFO - Started process (PID=46125) to work on /opt/airflow/dags/spark_pipeline_dag.py
[2026-09-03T14:22:17.016+0000] {processor.py:830} INFO - Processing file /opt/airflow/dags/spark_pipeline_dag.py for tasks to queue
[2026-09-03T14:22:17.017+0000] {logging_mixin.py:188} INFO - [2026-09-03T14:22:17.017+0000] {dagbag.py:538} INFO - Filling up the DagBag from /opt/airflow/dags/spark_pipeline_dag.py
[2026-09-03T14:22:17.042+0000] {processor.py:840} INFO - DAG(s) 'air_quality_pipeline' retrieved from /opt/airflow/dags/spark_pipeline_dag.py
[2026-09-03T14:22:17.064+0000] {logging_mixin.py:188} INFO - [2026-09-03T14:22:17.064+0000] {dag.py:3036} INFO - Sync 1 DAGs
[2026-09-03T14:22:17.086+0000] {logging_mixin.py:188} INFO - [2026-09-03T14:22:17.085+0000] {dag.py:3823} INFO - Setting next_dagrun for air_quality_pipeline to 2026-09-03 14:05:00+00:00, run_after=2026-09-03 15:05:00+00:00
[2026-09-03T14:22:17.104+0000] {processor.py:183} INFO - Processing /opt/airflow/dags/spark_pipeline_dag.py took 0.093 seconds
[2026-09-03T14:22:47.486+0000] {processor.py:161} INFO - Started process (PID=46135) to work on /opt/airflow/dags/spark_pipeline_dag.py
[2026-09-03T14:22:47.488+0000] {processor.py:830} INFO - Processing file /opt/airflow/dags/spark_pipeline_dag.py for tasks to queue
[2026-09-03T14:22:47.489+0000] {logging_mixin.py:188} INFO - [2026-09-03T14:22:47.488+0000] {dagbag.py:538} INFO - Filling up the DagBag from /opt/airflow/dags/spark_pipeline_dag.py
[2026-09-03T14:22:47.515+0000] {processor.py:840} INFO - DAG(s) 'air_quality_pipeline' retrieved from /opt/airflow/dags/spark_pipeline_dag.py
[2026-09-03T14:22:47.537+0000] {logging_mixin.py:188} INFO - [2026-09-03T14:22:47.536+0000] {dag.py:3036} INFO - Sync 1 DAGs
[2026-09-03T14:22:47.558+0000] {logging_mixin.py:188} INFO - [2026-09-03T14:22:47.558+0000] {dag.py:3823} INFO - Setting next_dagrun for air_quality_pipeline to 2026-09-03 14:05:00+00:00, run_after=2026-09-03 15:05:00+00:00
[2026-09-03T14:22:47.579+0000] {processor.py:183} INFO - Processing /opt/airflow/dags/spark_pipeline_dag.py took 0.095 seconds
[2026-09-03T14:23:17.938+0000] {processor.py:161} INFO - Started process (PID=46145) to work on /opt/airflow/dags/spark_pipeline_dag.py
[2026-09-03T14:23:17.939+0000] {processor.py:830} INFO - Processing file /opt/airflow/dags/spark_pipeline_dag.py for tasks to queue
[2026-09-03T14:23:17.940+0000] {logging_mixin.py:188} INFO - [2026-09-03T14:23:17.940+0000] {dagbag.py:538} INFO - Filling up the DagBag from /opt/airflow/dags/spark_pipeline_dag.py
[2026-09-03T14:23:17.963+0000] {processor.py:840} INFO - DAG(s) 'air_quality_pipeline' retrieved from /opt/airflow/dags/spark_pipeline_dag.py
[2026-09-03T14:23:17.985+0000] {logging_mixin.py:188} INFO - [2026-09-03T14:23:17.985+0000] {dag.py:3036} INFO - Sync 1 DAGs
[2026-09-03T14:23:18.034+0000] {logging_mixin.py:188} INFO - [2026-09-03T14:23:18.034+0000] {dag.py:3823} INFO - Setting next_dagrun for air_quality_pipeline to 2026-09-03 14:05:00+00:00, run_after=2026-09-03 15:05:00+00:00
[2026-09-03T14:23:18.052+0000] {processor.py:183} INFO - Processing /opt/airflow/dags/spark_pipeline_dag.py took 0.117 seconds
[2026-09-03T14:23:48.481+0000] {processor.py:161} INFO - Started process (PID=46155) to work on /opt/airflow/dags/spark_pipeline_dag.py
[2026-09-03T14:23:48.482+0000] {processor.py:830} INFO - Processing file /opt/airflow/dags/spark_pipeline_dag.py for tasks to queue
[2026-09-03T14:23:48.483+0000] {logging_mixin.py:188} INFO - [2026-09-03T14:23:48.483+0000] {dagbag.py:538} INFO - Filling up the DagBag from /opt/airflow/dags/spark_pipeline_dag.py
[2026-09-03T14:23:48.504+0000] {processor.py:840} INFO - DAG(s) 'air_quality_pipeline' retrieved from /opt/airflow/dags/spark_pipeline_dag.py
[2026-09-03T14:23:48.524+0000] {logging_mixin.py:188} INFO - [2026-09-03T14:23:48.524+0000] {dag.py:3036} INFO - Sync 1 DAGs
[2026-09-03T14:23:48.544+0000] {logging_mixin.py:188} INFO - [2026-09-03T14:23:48.543+0000] {dag.py:3823} INFO - Setting next_dagrun for air_quality_pipeline to 2026-09-03 14:05:00+00:00, run_after=2026-09-03 15:05:00+00:00
[2026-09-03T14:23:48.563+0000] {processor.py:183} INFO - Processing /opt/airflow/dags/spark_pipeline_dag.py took 0.085 seconds
[2026-09-03T14:24:18.911+0000] {processor.py:161} INFO - Started process (PID=46165) to work on /opt/airflow/dags/spark_pipeline_dag.py
[2026-09-03T14:24:18.912+0000] {processor.py:830} INFO - Processing file /opt/airflow/dags/spark_pipeline_dag.py for tasks to queue
[2026-09-03T14:24:18.913+0000] {logging_mixin.py:188} INFO - [2026-09-03T14:24:18.913+0000] {dagbag.py:538} INFO - Filling up the DagBag from /opt/airflow/dags/spark_pipeline_dag.py
[2026-09-03T14:24:18.935+0000] {processor.py:840} INFO - DAG(s) 'air_quality_pipeline' retrieved from /opt/airflow/dags/spark_pipeline_dag.py
[2026-09-03T14:24:18.954+0000] {logging_mixin.py:188} INFO - [2026-09-03T14:24:18.954+0000] {dag.py:3036} INFO - Sync 1 DAGs
[2026-09-03T14:24:18.975+0000] {logging_mixin.py:188} INFO - [2026-09-03T14:24:18.975+0000] {dag.py:3823} INFO - Setting next_dagrun for air_quality_pipeline to 2026-09-03 14:05:00+00:00, run_after=2026-09-03 15:05:00+00:00
[2026-09-03T14:24:18.998+0000] {processor.py:183} INFO - Processing /opt/airflow/dags/spark_pipeline_dag.py took 0.090 seconds
[2026-09-03T14:24:49.344+0000] {processor.py:161} INFO - Started process (PID=46175) to work on /opt/airflow/dags/spark_pipeline_dag.py
[2026-09-03T14:24:49.345+0000] {processor.py:830} INFO - Processing file /opt/airflow/dags/spark_pipeline_dag.py for tasks to queue
[2026-09-03T14:24:49.346+0000] {logging_mixin.py:188} INFO - [2026-09-03T14:24:49.346+0000] {dagbag.py:538} INFO - Filling up the DagBag from /opt/airflow/dags/spark_pipeline_dag.py
[2026-09-03T14:24:49.371+0000] {processor.py:840} INFO - DAG(s) 'air_quality_pipeline' retrieved from /opt/airflow/dags/spark_pipeline_dag.py
[2026-09-03T14:24:49.391+0000] {logging_mixin.py:188} INFO - [2026-09-03T14:24:49.390+0000] {dag.py:3036} INFO - Sync 1 DAGs
[2026-09-03T14:24:49.414+0000] {logging_mixin.py:188} INFO - [2026-09-03T14:24:49.414+0000] {dag.py:3823} INFO - Setting next_dagrun for air_quality_pipeline to 2026-09-03 14:05:00+00:00, run_after=2026-09-03 15:05:00+00:00
[2026-09-03T14:24:49.435+0000] {processor.py:183} INFO - Processing /opt/airflow/dags/spark_pipeline_dag.py took 0.094 seconds
[2026-09-03T14:25:19.799+0000] {processor.py:161} INFO - Started process (PID=46185) to work on /opt/airflow/dags/spark_pipeline_dag.py
[2026-09-03T14:25:19.800+0000] {processor.py:830} INFO - Processing file /opt/airflow/dags/spark_pipeline_dag.py for tasks to queue
[2026-09-03T14:25:19.801+0000] {logging_mixin.py:188} INFO - [2026-09-03T14:25:19.801+0000] {dagbag.py:538} INFO - Filling up the DagBag from /opt/airflow/dags/spark_pipeline_dag.py
[2026-09-03T14:25:19.824+0000] {processor.py:840} INFO - DAG(s) 'air_quality_pipeline' retrieved from /opt/airflow/dags/spark_pipeline_dag.py
[2026-09-03T14:25:19.844+0000] {logging_mixin.py:188} INFO - [2026-09-03T14:25:19.844+0000] {dag.py:3036} INFO - Sync 1 DAGs
[2026-09-03T14:25:19.866+0000] {logging_mixin.py:188} INFO - [2026-09-03T14:25:19.866+0000] {dag.py:3823} INFO - Setting next_dagrun for air_quality_pipeline to 2026-09-03 14:05:00+00:00, run_after=2026-09-03 15:05:00+00:00
[2026-09-03T14:25:19.887+0000] {processor.py:183} INFO - Processing /opt/airflow/dags/spark_pipeline_dag.py took 0.092 seconds
[2026-09-03T14:25:50.305+0000] {processor.py:161} INFO - Started process (PID=46195) to work on /opt/airflow/dags/spark_pipeline_dag.py
[2026-09-03T14:25:50.306+0000] {processor.py:830} INFO - Processing file /opt/airflow/dags/spark_pipeline_dag.py for tasks to queue
[2026-09-03T14:25:50.307+0000] {logging_mixin.py:188} INFO - [2026-09-03T14:25:50.307+0000] {dagbag.py:538} INFO - Filling up the DagBag from /opt/airflow/dags/spark_pipeline_dag.py
[2026-09-03T14:25:50.328+0000] {processor.py:840} INFO - DAG(s) 'air_quality_pipeline' retrieved from /opt/airflow/dags/spark_pipeline_dag.py
[2026-09-03T14:25:50.347+0000] {logging_mixin.py:188} INFO - [2026-09-03T14:25:50.347+0000] {dag.py:3036} INFO - Sync 1 DAGs
[2026-09-03T14:25:50.368+0000] {logging_mixin.py:188} INFO - [2026-09-03T14:25:50.368+0000] {dag.py:3823} INFO - Setting next_dagrun for air_quality_pipeline to 2026-09-03 14:05:00+00:00, run_after=2026-09-03 15:05:00+00:00
[2026-09-03T14:25:50.392+0000] {processor.py:183} INFO - Processing /opt/airflow/dags/spark_pipeline_dag.py took 0.090 seconds
[2026-09-03T14:26:20.764+0000] {processor.py:161} INFO - Started process (PID=46205) to work on /opt/airflow/dags/spark_pipeline_dag.py
[2026-09-03T14:26:20.766+0000] {processor.py:830} INFO - Processing file /opt/airflow/dags/spark_pipeline_dag.py for tasks to queue
[2026-09-03T14:26:20.767+0000] {logging_mixin.py:188} INFO - [2026-09-03T14:26:20.766+0000] {dagbag.py:538} INFO - Filling up the DagBag from /opt/airflow/dags/spark_pipeline_dag.py
[2026-09-03T14:26:20.790+0000] {processor.py:840} INFO - DAG(s) 'air_quality_pipeline' retrieved from /opt/airflow/dags/spark_pipeline_dag.py
[2026-09-03T14:26:20.810+0000] {logging_mixin.py:188} INFO - [2026-09-03T14:26:20.810+0000] {dag.py:3036} INFO - Sync 1 DAGs
[2026-09-03T14:26:20.831+0000] {logging_mixin.py:188} INFO - [2026-09-03T14:26:20.831+0000] {dag.py:3823} INFO - Setting next_dagrun for air_quality_pipeline to 2026-09-03 14:05:00+00:00, run_after=2026-09-03 15:05:00+00:00
[2026-09-03T14:26:20.853+0000] {processor.py:183} INFO - Processing /opt/airflow/dags/spark_pipeline_dag.py took 0.091 seconds
[2026-09-03T14:26:51.232+0000] {processor.py:161} INFO - Started process (PID=46215) to work on /opt/airflow/dags/spark_pipeline_dag.py
[2026-09-03T14:26:51.233+0000] {processor.py:830} INFO - Processing file /opt/airflow/dags/spark_pipeline_dag.py for tasks to queue
[2026-09-03T14:26:51.235+0000] {logging_mixin.py:188} INFO - [2026-09-03T14:26:51.235+0000] {dagbag.py:538} INFO - Filling up the DagBag from /opt/airflow/dags/spark_pipeline_dag.py
[2026-09-03T14:26:51.263+0000] {processor.py:840} INFO - DAG(s) 'air_quality_pipeline' retrieved from /opt/airflow/dags/spark_pipeline_dag.py
[2026-09-03T14:26:51.294+0000] {logging_mixin.py:188} INFO - [2026-09-03T14:26:51.293+0000] {dag.py:3036} INFO - Sync 1 DAGs
[2026-09-03T14:26:51.323+0000] {logging_mixin.py:188} INFO - [2026-09-03T14:26:51.323+0000] {dag.py:3823} INFO - Setting next_dagrun for air_quality_pipeline to 2026-09-03 14:05:00+00:00, run_after=2026-09-03 15:05:00+00:00
[2026-09-03T14:26:51.352+0000] {processor.py:183} INFO - Processing /opt/airflow/dags/spark_pipeline_dag.py took 0.124 seconds
[2026-09-03T14:27:21.729+0000] {processor.py:161} INFO - Started process (PID=46225) to work on /opt/airflow/dags/spark_pipeline_dag.py
[2026-09-03T14:27:21.730+0000] {processor.py:830} INFO - Processing file /opt/airflow/dags/spark_pipeline_dag.py for tasks to queue
[2026-09-03T14:27:21.731+0000] {logging_mixin.py:188} INFO - [2026-09-03T14:27:21.731+0000] {dagbag.py:538} INFO - Filling up the DagBag from /opt/airflow/dags/spark_pipeline_dag.py
[2026-09-03T14:27:21.754+0000] {processor.py:840} INFO - DAG(s) 'air_quality_pipeline' retrieved from /opt/airflow/dags/spark_pipeline_dag.py
[2026-09-03T14:27:21.778+0000] {logging_mixin.py:188} INFO - [2026-09-03T14:27:21.778+0000] {dag.py:3036} INFO - Sync 1 DAGs
[2026-09-03T14:27:21.801+0000] {logging_mixin.py:188} INFO - [2026-09-03T14:27:21.801+0000] {dag.py:3823} INFO - Setting next_dagrun for air_quality_pipeline to 2026-09-03 14:05:00+00:00, run_after=2026-09-03 15:05:00+00:00
[2026-09-03T14:27:21.824+0000] {processor.py:183} INFO - Processing /opt/airflow/dags/spark_pipeline_dag.py took 0.098 seconds
[2026-09-03T14:27:52.164+0000] {processor.py:161} INFO - Started process (PID=46235) to work on /opt/airflow/dags/spark_pipeline_dag.py
[2026-09-03T14:27:52.165+0000] {processor.py:830} INFO - Processing file /opt/airflow/dags/spark_pipeline_dag.py for tasks to queue
[2026-09-03T14:27:52.166+0000] {logging_mixin.py:188} INFO - [2026-09-03T14:27:52.166+0000] {dagbag.py:538} INFO - Filling up the DagBag from /opt/airflow/dags/spark_pipeline_dag.py
[2026-09-03T14:27:52.193+0000] {processor.py:840} INFO - DAG(s) 'air_quality_pipeline' retrieved from /opt/airflow/dags/spark_pipeline_dag.py
[2026-09-03T14:27:52.214+0000] {logging_mixin.py:188} INFO - [2026-09-03T14:27:52.214+0000] {dag.py:3036} INFO - Sync 1 DAGs
[2026-09-03T14:27:52.235+0000] {logging_mixin.py:188} INFO - [2026-09-03T14:27:52.235+0000] {dag.py:3823} INFO - Setting next_dagrun for air_quality_pipeline to 2026-09-03 14:05:00+00:00, run_after=2026-09-03 15:05:00+00:00
[2026-09-03T14:27:52.257+0000] {processor.py:183} INFO - Processing /opt/airflow/dags/spark_pipeline_dag.py took 0.096 seconds
[2026-09-03T14:28:22.619+0000] {processor.py:161} INFO - Started process (PID=46245) to work on /opt/airflow/dags/spark_pipeline_dag.py
[2026-09-03T14:28:22.620+0000] {processor.py:830} INFO - Processing file /opt/airflow/dags/spark_pipeline_dag.py for tasks to queue
[2026-09-03T14:28:22.622+0000] {logging_mixin.py:188} INFO - [2026-09-03T14:28:22.621+0000] {dagbag.py:538} INFO - Filling up the DagBag from /opt/airflow/dags/spark_pipeline_dag.py
[2026-09-03T14:28:22.645+0000] {processor.py:840} INFO - DAG(s) 'air_quality_pipeline' retrieved from /opt/airflow/dags/spark_pipeline_dag.py
[2026-09-03T14:28:22.668+0000] {logging_mixin.py:188} INFO - [2026-09-03T14:28:22.667+0000] {dag.py:3036} INFO - Sync 1 DAGs
[2026-09-03T14:28:22.691+0000] {logging_mixin.py:188} INFO - [2026-09-03T14:28:22.691+0000] {dag.py:3823} INFO - Setting next_dagrun for air_quality_pipeline to 2026-09-03 14:05:00+00:00, run_after=2026-09-03 15:05:00+00:00
[2026-09-03T14:28:22.712+0000] {processor.py:183} INFO - Processing /opt/airflow/dags/spark_pipeline_dag.py took 0.096 seconds
[2026-09-03T14:28:53.187+0000] {processor.py:161} INFO - Started process (PID=46255) to work on /opt/airflow/dags/spark_pipeline_dag.py
[2026-09-03T14:28:53.188+0000] {processor.py:830} INFO - Processing file /opt/airflow/dags/spark_pipeline_dag.py for tasks to queue
[2026-09-03T14:28:53.189+0000] {logging_mixin.py:188} INFO - [2026-09-03T14:28:53.188+0000] {dagbag.py:538} INFO - Filling up the DagBag from /opt/airflow/dags/spark_pipeline_dag.py
[2026-09-03T14:28:53.210+0000] {processor.py:840} INFO - DAG(s) 'air_quality_pipeline' retrieved from /opt/airflow/dags/spark_pipeline_dag.py
[2026-09-03T14:28:53.229+0000] {logging_mixin.py:188} INFO - [2026-09-03T14:28:53.228+0000] {dag.py:3036} INFO - Sync 1 DAGs
[2026-09-03T14:28:53.250+0000] {logging_mixin.py:188} INFO - [2026-09-03T14:28:53.250+0000] {dag.py:3823} INFO - Setting next_dagrun for air_quality_pipeline to 2026-09-03 14:05:00+00:00, run_after=2026-09-03 15:05:00+00:00
[2026-09-03T14:28:53.270+0000] {processor.py:183} INFO - Processing /opt/airflow/dags/spark_pipeline_dag.py took 0.086 seconds
[2026-09-03T14:29:23.687+0000] {processor.py:161} INFO - Started process (PID=46265) to work on /opt/airflow/dags/spark_pipeline_dag.py
[2026-09-03T14:29:23.689+0000] {processor.py:830} INFO - Processing file /opt/airflow/dags/spark_pipeline_dag.py for tasks to queue
[2026-09-03T14:29:23.690+0000] {logging_mixin.py:188} INFO - [2026-09-03T14:29:23.689+0000] {dagbag.py:538} INFO - Filling up the DagBag from /opt/airflow/dags/spark_pipeline_dag.py
[2026-09-03T14:29:23.710+0000] {processor.py:840} INFO - DAG(s) 'air_quality_pipeline' retrieved from /opt/airflow/dags/spark_pipeline_dag.py
[2026-09-03T14:29:23.730+0000] {logging_mixin.py:188} INFO - [2026-09-03T14:29:23.730+0000] {dag.py:3036} INFO - Sync 1 DAGs
[2026-09-03T14:29:23.755+0000] {logging_mixin.py:188} INFO - [2026-09-03T14:29:23.755+0000] {dag.py:3823} INFO - Setting next_dagrun for air_quality_pipeline to 2026-09-03 14:05:00+00:00, run_after=2026-09-03 15:05:00+00:00
[2026-09-03T14:29:23.780+0000] {processor.py:183} INFO - Processing /opt/airflow/dags/spark_pipeline_dag.py took 0.095 seconds
[2026-09-03T14:29:54.104+0000] {processor.py:161} INFO - Started process (PID=46275) to work on /opt/airflow/dags/spark_pipeline_dag.py
[2026-09-03T14:29:54.105+0000] {processor.py:830} INFO - Processing file /opt/airflow/dags/spark_pipeline_dag.py for tasks to queue
[2026-09-03T14:29:54.106+0000] {logging_mixin.py:188} INFO - [2026-09-03T14:29:54.106+0000] {dagbag.py:538} INFO - Filling up the DagBag from /opt/airflow/dags/spark_pipeline_dag.py
[2026-09-03T14:29:54.132+0000] {processor.py:840} INFO - DAG(s) 'air_quality_pipeline' retrieved from /opt/airflow/dags/spark_pipeline_dag.py
[2026-09-03T14:29:54.161+0000] {logging_mixin.py:188} INFO - [2026-09-03T14:29:54.160+0000] {dag.py:3036} INFO - Sync 1 DAGs
[2026-09-03T14:29:54.186+0000] {logging_mixin.py:188} INFO - [2026-09-03T14:29:54.186+0000] {dag.py:3823} INFO - Setting next_dagrun for air_quality_pipeline to 2026-09-03 14:05:00+00:00, run_after=2026-09-03 15:05:00+00:00
[2026-09-03T14:29:54.213+0000] {processor.py:183} INFO - Processing /opt/airflow/dags/spark_pipeline_dag.py took 0.111 seconds
[2026-09-03T14:30:24.488+0000] {processor.py:161} INFO - Started process (PID=46285) to work on /opt/airflow/dags/spark_pipeline_dag.py
[2026-09-03T14:30:24.489+0000] {processor.py:830} INFO - Processing file /opt/airflow/dags/spark_pipeline_dag.py for tasks to queue
[2026-09-03T14:30:24.490+0000] {logging_mixin.py:188} INFO - [2026-09-03T14:30:24.490+0000] {dagbag.py:538} INFO - Filling up the DagBag from /opt/airflow/dags/spark_pipeline_dag.py
[2026-09-03T14:30:24.516+0000] {processor.py:840} INFO - DAG(s) 'air_quality_pipeline' retrieved from /opt/airflow/dags/spark_pipeline_dag.py
[2026-09-03T14:30:24.543+0000] {logging_mixin.py:188} INFO - [2026-09-03T14:30:24.543+0000] {dag.py:3036} INFO - Sync 1 DAGs
[2026-09-03T14:30:24.576+0000] {logging_mixin.py:188} INFO - [2026-09-03T14:30:24.576+0000] {dag.py:3823} INFO - Setting next_dagrun for air_quality_pipeline to 2026-09-03 14:05:00+00:00, run_after=2026-09-03 15:05:00+00:00
[2026-09-03T14:30:24.604+0000] {processor.py:183} INFO - Processing /opt/airflow/dags/spark_pipeline_dag.py took 0.120 seconds
[2026-09-03T14:30:54.863+0000] {processor.py:161} INFO - Started process (PID=46295) to work on /opt/airflow/dags/spark_pipeline_dag.py
[2026-09-03T14:30:54.864+0000] {processor.py:830} INFO - Processing file /opt/airflow/dags/spark_pipeline_dag.py for tasks to queue
[2026-09-03T14:30:54.865+0000] {logging_mixin.py:188} INFO - [2026-09-03T14:30:54.865+0000] {dagbag.py:538} INFO - Filling up the DagBag from /opt/airflow/dags/spark_pipeline_dag.py
[2026-09-03T14:30:54.889+0000] {processor.py:840} INFO - DAG(s) 'air_quality_pipeline' retrieved from /opt/airflow/dags/spark_pipeline_dag.py
[2026-09-03T14:30:54.915+0000] {logging_mixin.py:188} INFO - [2026-09-03T14:30:54.915+0000] {dag.py:3036} INFO - Sync 1 DAGs
[2026-09-03T14:30:54.939+0000] {logging_mixin.py:188} INFO - [2026-09-03T14:30:54.939+0000] {dag.py:3823} INFO - Setting next_dagrun for air_quality_pipeline to 2026-09-03 14:05:00+00:00, run_after=2026-09-03 15:05:00+00:00
[2026-09-03T14:30:54.965+0000] {processor.py:183} INFO - Processing /opt/airflow/dags/spark_pipeline_dag.py took 0.105 seconds
[2026-09-03T14:31:25.249+0000] {processor.py:161} INFO - Started process (PID=46305) to work on /opt/airflow/dags/spark_pipeline_dag.py
[2026-09-03T14:31:25.251+0000] {processor.py:830} INFO - Processing file /opt/airflow/dags/spark_pipeline_dag.py for tasks to queue
[2026-09-03T14:31:25.252+0000] {logging_mixin.py:188} INFO - [2026-09-03T14:31:25.252+0000] {dagbag.py:538} INFO - Filling up the DagBag from /opt/airflow/dags/spark_pipeline_dag.py
[2026-09-03T14:31:25.286+0000] {processor.py:840} INFO - DAG(s) 'air_quality_pipeline' retrieved from /opt/airflow/dags/spark_pipeline_dag.py
[2026-09-03T14:31:25.321+0000] {logging_mixin.py:188} INFO - [2026-09-03T14:31:25.320+0000] {dag.py:3036} INFO - Sync 1 DAGs
[2026-09-03T14:31:25.345+0000] {logging_mixin.py:188} INFO - [2026-09-03T14:31:25.344+0000] {dag.py:3823} INFO - Setting next_dagrun for air_quality_pipeline to 2026-09-03 14:05:00+00:00, run_after=2026-09-03 15:05:00+00:00
[2026-09-03T14:31:25.367+0000] {processor.py:183} INFO - Processing /opt/airflow/dags/spark_pipeline_dag.py took 0.121 seconds
[2026-09-03T14:31:55.610+0000] {processor.py:161} INFO - Started process (PID=46315) to work on /opt/airflow/dags/spark_pipeline_dag.py
[2026-09-03T14:31:55.611+0000] {processor.py:830} INFO - Processing file /opt/airflow/dags/spark_pipeline_dag.py for tasks to queue
[2026-09-03T14:31:55.612+0000] {logging_mixin.py:188} INFO - [2026-09-03T14:31:55.612+0000] {dagbag.py:538} INFO - Filling up the DagBag from /opt/airflow/dags/spark_pipeline_dag.py
[2026-09-03T14:31:55.641+0000] {processor.py:840} INFO - DAG(s) 'air_quality_pipeline' retrieved from /opt/airflow/dags/spark_pipeline_dag.py
[2026-09-03T14:31:55.667+0000] {logging_mixin.py:188} INFO - [2026-09-03T14:31:55.666+0000] {dag.py:3036} INFO - Sync 1 DAGs
[2026-09-03T14:31:55.691+0000] {logging_mixin.py:188} INFO - [2026-09-03T14:31:55.690+0000] {dag.py:3823} INFO - Setting next_dagrun for air_quality_pipeline to 2026-09-03 14:05:00+00:00, run_after=2026-09-03 15:05:00+00:00
[2026-09-03T14:31:55.712+0000] {processor.py:183} INFO - Processing /opt/airflow/dags/spark_pipeline_dag.py took 0.105 seconds
[2026-09-03T14:32:25.973+0000] {processor.py:161} INFO - Started process (PID=46325) to work on /opt/airflow/dags/spark_pipeline_dag.py
[2026-09-03T14:32:25.974+0000] {processor.py:830} INFO - Processing file /opt/airflow/dags/spark_pipeline_dag.py for tasks to queue
[2026-09-03T14:32:25.975+0000] {logging_mixin.py:188} INFO - [2026-09-03T14:32:25.975+0000] {dagbag.py:538} INFO - Filling up the DagBag from /opt/airflow/dags/spark_pipeline_dag.py
[2026-09-03T14:32:25.999+0000] {processor.py:840} INFO - DAG(s) 'air_quality_pipeline' retrieved from /opt/airflow/dags/spark_pipeline_dag.py
[2026-09-03T14:32:26.020+0000] {logging_mixin.py:188} INFO - [2026-09-03T14:32:26.020+0000] {dag.py:3036} INFO - Sync 1 DAGs
[2026-09-03T14:32:26.042+0000] {logging_mixin.py:188} INFO - [2026-09-03T14:32:26.042+0000] {dag.py:3823} INFO - Setting next_dagrun for air_quality_pipeline to 2026-09-03 14:05:00+00:00, run_after=2026-09-03 15:05:00+00:00
[2026-09-03T14:32:26.066+0000] {processor.py:183} INFO - Processing /opt/airflow/dags/spark_pipeline_dag.py took 0.096 seconds
[2026-09-03T14:32:56.335+0000] {processor.py:161} INFO - Started process (PID=46335) to work on /opt/airflow/dags/spark_pipeline_dag.py
[2026-09-03T14:32:56.336+0000] {processor.py:830} INFO - Processing file /opt/airflow/dags/spark_pipeline_dag.py for tasks to queue
[2026-09-03T14:32:56.337+0000] {logging_mixin.py:188} INFO - [2026-09-03T14:32:56.337+0000] {dagbag.py:538} INFO - Filling up the DagBag from /opt/airflow/dags/spark_pipeline_dag.py
[2026-09-03T14:32:56.361+0000] {processor.py:840} INFO - DAG(s) 'air_quality_pipeline' retrieved from /opt/airflow/dags/spark_pipeline_dag.py
[2026-09-03T14:32:56.384+0000] {logging_mixin.py:188} INFO - [2026-09-03T14:32:56.384+0000] {dag.py:3036} INFO - Sync 1 DAGs
[2026-09-03T14:32:56.408+0000] {logging_mixin.py:188} INFO - [2026-09-03T14:32:56.408+0000] {dag.py:3823} INFO - Setting next_dagrun for air_quality_pipeline to 2026-09-03 14:05:00+00:00, run_after=2026-09-03 15:05:00+00:00
[2026-09-03T14:32:56.434+0000] {processor.py:183} INFO - Processing /opt/airflow/dags/spark_pipeline_dag.py took 0.103 seconds
[2026-09-03T14:33:26.677+0000] {processor.py:161} INFO - Started process (PID=46345) to work on /opt/airflow/dags/spark_pipeline_dag.py
[2026-09-03T14:33:26.678+0000] {processor.py:830} INFO - Processing file /opt/airflow/dags/spark_pipeline_dag.py for tasks to queue
[2026-09-03T14:33:26.679+0000] {logging_mixin.py:188} INFO - [2026-09-03T14:33:26.679+0000] {dagbag.py:538} INFO - Filling up the DagBag from /opt/airflow/dags/spark_pipeline_dag.py
[2026-09-03T14:33:26.701+0000] {processor.py:840} INFO - DAG(s) 'air_quality_pipeline' retrieved from /opt/airflow/dags/spark_pipeline_dag.py
[2026-09-03T14:33:26.726+0000] {logging_mixin.py:188} INFO - [2026-09-03T14:33:26.726+0000] {dag.py:3036} INFO - Sync 1 DAGs
[2026-09-03T14:33:26.749+0000] {logging_mixin.py:188} INFO - [2026-09-03T14:33:26.749+0000] {dag.py:3823} INFO - Setting next_dagrun for air_quality_pipeline to 2026-09-03 14:05:00+00:00, run_after=2026-09-03 15:05:00+00:00
[2026-09-03T14:33:26.774+0000] {processor.py:183} INFO - Processing /opt/airflow/dags/spark_pipeline_dag.py took 0.100 seconds
[2026-09-03T14:33:57.031+0000] {processor.py:161} INFO - Started process (PID=46355) to work on /opt/airflow/dags/spark_pipeline_dag.py
[2026-09-03T14:33:57.032+0000] {processor.py:830} INFO - Processing file /opt/airflow/dags/spark_pipeline_dag.py for tasks to queue
[2026-09-03T14:33:57.033+0000] {logging_mixin.py:188} INFO - [2026-09-03T14:33:57.033+0000] {dagbag.py:538} INFO - Filling up the DagBag from /opt/airflow/dags/spark_pipeline_dag.py
[2026-09-03T14:33:57.059+0000] {processor.py:840} INFO - DAG(s) 'air_quality_pipeline' retrieved from /opt/airflow/dags/spark_pipeline_dag.py
[2026-09-03T14:33:57.081+0000] {logging_mixin.py:188} INFO - [2026-09-03T14:33:57.081+0000] {dag.py:3036} INFO - Sync 1 DAGs
[2026-09-03T14:33:57.103+0000] {logging_mixin.py:188} INFO - [2026-09-03T14:33:57.103+0000] {dag.py:3823} INFO - Setting next_dagrun for air_quality_pipeline to 2026-09-03 14:05:00+00:00, run_after=2026-09-03 15:05:00+00:00
[2026-09-03T14:33:57.127+0000] {processor.py:183} INFO - Processing /opt/airflow/dags/spark_pipeline_dag.py took 0.098 seconds
[2026-09-03T14:34:27.389+0000] {processor.py:161} INFO - Started process (PID=46365) to work on /opt/airflow/dags/spark_pipeline_dag.py
[2026-09-03T14:34:27.390+0000] {processor.py:830} INFO - Processing file /opt/airflow/dags/spark_pipeline_dag.py for tasks to queue
[2026-09-03T14:34:27.391+0000] {logging_mixin.py:188} INFO - [2026-09-03T14:34:27.391+0000] {dagbag.py:538} INFO - Filling up the DagBag from /opt/airflow/dags/spark_pipeline_dag.py
[2026-09-03T14:34:27.415+0000] {processor.py:840} INFO - DAG(s) 'air_quality_pipeline' retrieved from /opt/airflow/dags/spark_pipeline_dag.py
[2026-09-03T14:34:27.439+0000] {logging_mixin.py:188} INFO - [2026-09-03T14:34:27.439+0000] {dag.py:3036} INFO - Sync 1 DAGs
[2026-09-03T14:34:27.467+0000] {logging_mixin.py:188} INFO - [2026-09-03T14:34:27.467+0000] {dag.py:3823} INFO - Setting next_dagrun for air_quality_pipeline to 2026-09-03 14:05:00+00:00, run_after=2026-09-03 15:05:00+00:00
[2026-09-03T14:34:27.494+0000] {processor.py:183} INFO - Processing /opt/airflow/dags/spark_pipeline_dag.py took 0.108 seconds
[2026-09-03T14:34:57.737+0000] {processor.py:161} INFO - Started process (PID=46375) to work on /opt/airflow/dags/spark_pipeline_dag.py
[2026-09-03T14:34:57.738+0000] {processor.py:830} INFO - Processing file /opt/airflow/dags/spark_pipeline_dag.py for tasks to queue
[2026-09-03T14:34:57.739+0000] {logging_mixin.py:188} INFO - [2026-09-03T14:34:57.739+0000] {dagbag.py:538} INFO - Filling up the DagBag from /opt/airflow/dags/spark_pipeline_dag.py
[2026-09-03T14:34:57.762+0000] {processor.py:840} INFO - DAG(s) 'air_quality_pipeline' retrieved from /opt/airflow/dags/spark_pipeline_dag.py
[2026-09-03T14:34:57.781+0000] {logging_mixin.py:188} INFO - [2026-09-03T14:34:57.781+0000] {dag.py:3036} INFO - Sync 1 DAGs
[2026-09-03T14:34:57.802+0000] {logging_mixin.py:188} INFO - [2026-09-03T14:34:57.802+0000] {dag.py:3823} INFO - Setting next_dagrun for air_quality_pipeline to 2026-09-03 14:05:00+00:00, run_after=2026-09-03 15:05:00+00:00
[2026-09-03T14:34:57.826+0000] {processor.py:183} INFO - Processing /opt/airflow/dags/spark_pipeline_dag.py took 0.092 seconds
[2026-09-03T14:35:28.096+0000] {processor.py:161} INFO - Started process (PID=46385) to work on /opt/airflow/dags/spark_pipeline_dag.py
[2026-09-03T14:35:28.098+0000] {processor.py:830} INFO - Processing file /opt/airflow/dags/spark_pipeline_dag.py for tasks to queue
[2026-09-03T14:35:28.099+0000] {logging_mixin.py:188} INFO - [2026-09-03T14:35:28.099+0000] {dagbag.py:538} INFO - Filling up the DagBag from /opt/airflow/dags/spark_pipeline_dag.py
[2026-09-03T14:35:28.132+0000] {processor.py:840} INFO - DAG(s) 'air_quality_pipeline' retrieved from /opt/airflow/dags/spark_pipeline_dag.py
[2026-09-03T14:35:28.161+0000] {logging_mixin.py:188} INFO - [2026-09-03T14:35:28.160+0000] {dag.py:3036} INFO - Sync 1 DAGs
[2026-09-03T14:35:28.181+0000] {logging_mixin.py:188} INFO - [2026-09-03T14:35:28.181+0000] {dag.py:3823} INFO - Setting next_dagrun for air_quality_pipeline to 2026-09-03 14:05:00+00:00, run_after=2026-09-03 15:05:00+00:00
[2026-09-03T14:35:28.201+0000] {processor.py:183} INFO - Processing /opt/airflow/dags/spark_pipeline_dag.py took 0.108 seconds
[2026-09-03T14:35:58.462+0000] {processor.py:161} INFO - Started process (PID=46395) to work on /opt/airflow/dags/spark_pipeline_dag.py
[2026-09-03T14:35:58.463+0000] {processor.py:830} INFO - Processing file /opt/airflow/dags/spark_pipeline_dag.py for tasks to queue
[2026-09-03T14:35:58.464+0000] {logging_mixin.py:188} INFO - [2026-09-03T14:35:58.464+0000] {dagbag.py:538} INFO - Filling up the DagBag from /opt/airflow/dags/spark_pipeline_dag.py
[2026-09-03T14:35:58.490+0000] {processor.py:840} INFO - DAG(s) 'air_quality_pipeline' retrieved from /opt/airflow/dags/spark_pipeline_dag.py
[2026-09-03T14:35:58.513+0000] {logging_mixin.py:188} INFO - [2026-09-03T14:35:58.512+0000] {dag.py:3036} INFO - Sync 1 DAGs
[2026-09-03T14:35:58.538+0000] {logging_mixin.py:188} INFO - [2026-09-03T14:35:58.538+0000] {dag.py:3823} INFO - Setting next_dagrun for air_quality_pipeline to 2026-09-03 14:05:00+00:00, run_after=2026-09-03 15:05:00+00:00
[2026-09-03T14:35:58.572+0000] {processor.py:183} INFO - Processing /opt/airflow/dags/spark_pipeline_dag.py took 0.112 seconds
[2026-09-03T14:36:28.936+0000] {processor.py:161} INFO - Started process (PID=46405) to work on /opt/airflow/dags/spark_pipeline_dag.py
[2026-09-03T14:36:28.938+0000] {processor.py:830} INFO - Processing file /opt/airflow/dags/spark_pipeline_dag.py for tasks to queue
[2026-09-03T14:36:28.939+0000] {logging_mixin.py:188} INFO - [2026-09-03T14:36:28.939+0000] {dagbag.py:538} INFO - Filling up the DagBag from /opt/airflow/dags/spark_pipeline_dag.py
[2026-09-03T14:36:28.967+0000] {processor.py:840} INFO - DAG(s) 'air_quality_pipeline' retrieved from /opt/airflow/dags/spark_pipeline_dag.py
[2026-09-03T14:36:28.989+0000] {logging_mixin.py:188} INFO - [2026-09-03T14:36:28.989+0000] {dag.py:3036} INFO - Sync 1 DAGs
[2026-09-03T14:36:29.013+0000] {logging_mixin.py:188} INFO - [2026-09-03T14:36:29.013+0000] {dag.py:3823} INFO - Setting next_dagrun for air_quality_pipeline to 2026-09-03 14:05:00+00:00, run_after=2026-09-03 15:05:00+00:00
[2026-09-03T14:36:29.034+0000] {processor.py:183} INFO - Processing /opt/airflow/dags/spark_pipeline_dag.py took 0.101 seconds
[2026-09-03T14:36:59.331+0000] {processor.py:161} INFO - Started process (PID=46415) to work on /opt/airflow/dags/spark_pipeline_dag.py
[2026-09-03T14:36:59.332+0000] {processor.py:830} INFO - Processing file /opt/airflow/dags/spark_pipeline_dag.py for tasks to queue
[2026-09-03T14:36:59.333+0000] {logging_mixin.py:188} INFO - [2026-09-03T14:36:59.333+0000] {dagbag.py:538} INFO - Filling up the DagBag from /opt/airflow/dags/spark_pipeline_dag.py
[2026-09-03T14:36:59.356+0000] {processor.py:840} INFO - DAG(s) 'air_quality_pipeline' retrieved from /opt/airflow/dags/spark_pipeline_dag.py
[2026-09-03T14:36:59.374+0000] {logging_mixin.py:188} INFO - [2026-09-03T14:36:59.374+0000] {dag.py:3036} INFO - Sync 1 DAGs
[2026-09-03T14:36:59.398+0000] {logging_mixin.py:188} INFO - [2026-09-03T14:36:59.398+0000] {dag.py:3823} INFO - Setting next_dagrun for air_quality_pipeline to 2026-09-03 14:05:00+00:00, run_after=2026-09-03 15:05:00+00:00
[2026-09-03T14:36:59.421+0000] {processor.py:183} INFO - Processing /opt/airflow/dags/spark_pipeline_dag.py took 0.093 seconds
[2026-09-03T14:37:29.774+0000] {processor.py:161} INFO - Started process (PID=46425) to work on /opt/airflow/dags/spark_pipeline_dag.py
[2026-09-03T14:37:29.775+0000] {processor.py:830} INFO - Processing file /opt/airflow/dags/spark_pipeline_dag.py for tasks to queue
[2026-09-03T14:37:29.776+0000] {logging_mixin.py:188} INFO - [2026-09-03T14:37:29.775+0000] {dagbag.py:538} INFO - Filling up the DagBag from /opt/airflow/dags/spark_pipeline_dag.py
[2026-09-03T14:37:29.805+0000] {processor.py:840} INFO - DAG(s) 'air_quality_pipeline' retrieved from /opt/airflow/dags/spark_pipeline_dag.py
[2026-09-03T14:37:29.829+0000] {logging_mixin.py:188} INFO - [2026-09-03T14:37:29.828+0000] {dag.py:3036} INFO - Sync 1 DAGs
[2026-09-03T14:37:29.850+0000] {logging_mixin.py:188} INFO - [2026-09-03T14:37:29.850+0000] {dag.py:3823} INFO - Setting next_dagrun for air_quality_pipeline to 2026-09-03 14:05:00+00:00, run_after=2026-09-03 15:05:00+00:00
[2026-09-03T14:37:29.871+0000] {processor.py:183} INFO - Processing /opt/airflow/dags/spark_pipeline_dag.py took 0.100 seconds
[2026-09-03T14:38:00.245+0000] {processor.py:161} INFO - Started process (PID=46435) to work on /opt/airflow/dags/spark_pipeline_dag.py
[2026-09-03T14:38:00.246+0000] {processor.py:830} INFO - Processing file /opt/airflow/dags/spark_pipeline_dag.py for tasks to queue
[2026-09-03T14:38:00.247+0000] {logging_mixin.py:188} INFO - [2026-09-03T14:38:00.247+0000] {dagbag.py:538} INFO - Filling up the DagBag from /opt/airflow/dags/spark_pipeline_dag.py
[2026-09-03T14:38:00.276+0000] {processor.py:840} INFO - DAG(s) 'air_quality_pipeline' retrieved from /opt/airflow/dags/spark_pipeline_dag.py
[2026-09-03T14:38:00.300+0000] {logging_mixin.py:188} INFO - [2026-09-03T14:38:00.300+0000] {dag.py:3036} INFO - Sync 1 DAGs
[2026-09-03T14:38:00.329+0000] {logging_mixin.py:188} INFO - [2026-09-03T14:38:00.329+0000] {dag.py:3823} INFO - Setting next_dagrun for air_quality_pipeline to 2026-09-03 14:05:00+00:00, run_after=2026-09-03 15:05:00+00:00
[2026-09-03T14:38:00.352+0000] {processor.py:183} INFO - Processing /opt/airflow/dags/spark_pipeline_dag.py took 0.111 seconds
[2026-09-03T14:38:30.775+0000] {processor.py:161} INFO - Started process (PID=46445) to work on /opt/airflow/dags/spark_pipeline_dag.py
[2026-09-03T14:38:30.777+0000] {processor.py:830} INFO - Processing file /opt/airflow/dags/spark_pipeline_dag.py for tasks to queue
[2026-09-03T14:38:30.779+0000] {logging_mixin.py:188} INFO - [2026-09-03T14:38:30.779+0000] {dagbag.py:538} INFO - Filling up the DagBag from /opt/airflow/dags/spark_pipeline_dag.py
[2026-09-03T14:38:30.826+0000] {processor.py:840} INFO - DAG(s) 'air_quality_pipeline' retrieved from /opt/airflow/dags/spark_pipeline_dag.py
[2026-09-03T14:38:30.848+0000] {logging_mixin.py:188} INFO - [2026-09-03T14:38:30.848+0000] {dag.py:3036} INFO - Sync 1 DAGs
[2026-09-03T14:38:30.873+0000] {logging_mixin.py:188} INFO - [2026-09-03T14:38:30.873+0000] {dag.py:3823} INFO - Setting next_dagrun for air_quality_pipeline to 2026-09-03 14:05:00+00:00, run_after=2026-09-03 15:05:00+00:00
[2026-09-03T14:38:30.897+0000] {processor.py:183} INFO - Processing /opt/airflow/dags/spark_pipeline_dag.py took 0.126 seconds
[2026-09-03T14:39:01.294+0000] {processor.py:161} INFO - Started process (PID=46455) to work on /opt/airflow/dags/spark_pipeline_dag.py
[2026-09-03T14:39:01.296+0000] {processor.py:830} INFO - Processing file /opt/airflow/dags/spark_pipeline_dag.py for tasks to queue
[2026-09-03T14:39:01.297+0000] {logging_mixin.py:188} INFO - [2026-09-03T14:39:01.297+0000] {dagbag.py:538} INFO - Filling up the DagBag from /opt/airflow/dags/spark_pipeline_dag.py
[2026-09-03T14:39:01.331+0000] {processor.py:840} INFO - DAG(s) 'air_quality_pipeline' retrieved from /opt/airflow/dags/spark_pipeline_dag.py
[2026-09-03T14:39:01.354+0000] {logging_mixin.py:188} INFO - [2026-09-03T14:39:01.354+0000] {dag.py:3036} INFO - Sync 1 DAGs
[2026-09-03T14:39:01.378+0000] {logging_mixin.py:188} INFO - [2026-09-03T14:39:01.378+0000] {dag.py:3823} INFO - Setting next_dagrun for air_quality_pipeline to 2026-09-03 14:05:00+00:00, run_after=2026-09-03 15:05:00+00:00
[2026-09-03T14:39:01.398+0000] {processor.py:183} INFO - Processing /opt/airflow/dags/spark_pipeline_dag.py took 0.109 seconds
[2026-09-03T14:39:31.758+0000] {processor.py:161} INFO - Started process (PID=46465) to work on /opt/airflow/dags/spark_pipeline_dag.py
[2026-09-03T14:39:31.759+0000] {processor.py:830} INFO - Processing file /opt/airflow/dags/spark_pipeline_dag.py for tasks to queue
[2026-09-03T14:39:31.760+0000] {logging_mixin.py:188} INFO - [2026-09-03T14:39:31.760+0000] {dagbag.py:538} INFO - Filling up the DagBag from /opt/airflow/dags/spark_pipeline_dag.py
[2026-09-03T14:39:31.784+0000] {processor.py:840} INFO - DAG(s) 'air_quality_pipeline' retrieved from /opt/airflow/dags/spark_pipeline_dag.py
[2026-09-03T14:39:31.806+0000] {logging_mixin.py:188} INFO - [2026-09-03T14:39:31.806+0000] {dag.py:3036} INFO - Sync 1 DAGs
[2026-09-03T14:39:31.829+0000] {logging_mixin.py:188} INFO - [2026-09-03T14:39:31.828+0000] {dag.py:3823} INFO - Setting next_dagrun for air_quality_pipeline to 2026-09-03 14:05:00+00:00, run_after=2026-09-03 15:05:00+00:00
[2026-09-03T14:39:31.850+0000] {processor.py:183} INFO - Processing /opt/airflow/dags/spark_pipeline_dag.py took 0.096 seconds
[2026-09-03T14:40:02.295+0000] {processor.py:161} INFO - Started process (PID=46475) to work on /opt/airflow/dags/spark_pipeline_dag.py
[2026-09-03T14:40:02.296+0000] {processor.py:830} INFO - Processing file /opt/airflow/dags/spark_pipeline_dag.py for tasks to queue
[2026-09-03T14:40:02.297+0000] {logging_mixin.py:188} INFO - [2026-09-03T14:40:02.297+0000] {dagbag.py:538} INFO - Filling up the DagBag from /opt/airflow/dags/spark_pipeline_dag.py
[2026-09-03T14:40:02.318+0000] {processor.py:840} INFO - DAG(s) 'air_quality_pipeline' retrieved from /opt/airflow/dags/spark_pipeline_dag.py
[2026-09-03T14:40:02.337+0000] {logging_mixin.py:188} INFO - [2026-09-03T14:40:02.337+0000] {dag.py:3036} INFO - Sync 1 DAGs
[2026-09-03T14:40:02.358+0000] {logging_mixin.py:188} INFO - [2026-09-03T14:40:02.357+0000] {dag.py:3823} INFO - Setting next_dagrun for air_quality_pipeline to 2026-09-03 14:05:00+00:00, run_after=2026-09-03 15:05:00+00:00
[2026-09-03T14:40:02.382+0000] {processor.py:183} INFO - Processing /opt/airflow/dags/spark_pipeline_dag.py took 0.089 seconds
[2026-09-03T14:40:32.756+0000] {processor.py:161} INFO - Started process (PID=46485) to work on /opt/airflow/dags/spark_pipeline_dag.py
[2026-09-03T14:40:32.757+0000] {processor.py:830} INFO - Processing file /opt/airflow/dags/spark_pipeline_dag.py for tasks to queue
[2026-09-03T14:40:32.758+0000] {logging_mixin.py:188} INFO - [2026-09-03T14:40:32.758+0000] {dagbag.py:538} INFO - Filling up the DagBag from /opt/airflow/dags/spark_pipeline_dag.py
[2026-09-03T14:40:32.784+0000] {processor.py:840} INFO - DAG(s) 'air_quality_pipeline' retrieved from /opt/airflow/dags/spark_pipeline_dag.py
[2026-09-03T14:40:32.805+0000] {logging_mixin.py:188} INFO - [2026-09-03T14:40:32.805+0000] {dag.py:3036} INFO - Sync 1 DAGs
[2026-09-03T14:40:32.827+0000] {logging_mixin.py:188} INFO - [2026-09-03T14:40:32.827+0000] {dag.py:3823} INFO - Setting next_dagrun for air_quality_pipeline to 2026-09-03 14:05:00+00:00, run_after=2026-09-03 15:05:00+00:00
[2026-09-03T14:40:32.850+0000] {processor.py:183} INFO - Processing /opt/airflow/dags/spark_pipeline_dag.py took 0.097 seconds
[2026-09-03T14:41:03.243+0000] {processor.py:161} INFO - Started process (PID=46495) to work on /opt/airflow/dags/spark_pipeline_dag.py
[2026-09-03T14:41:03.244+0000] {processor.py:830} INFO - Processing file /opt/airflow/dags/spark_pipeline_dag.py for tasks to queue
[2026-09-03T14:41:03.245+0000] {logging_mixin.py:188} INFO - [2026-09-03T14:41:03.245+0000] {dagbag.py:538} INFO - Filling up the DagBag from /opt/airflow/dags/spark_pipeline_dag.py
[2026-09-03T14:41:03.265+0000] {processor.py:840} INFO - DAG(s) 'air_quality_pipeline' retrieved from /opt/airflow/dags/spark_pipeline_dag.py
[2026-09-03T14:41:03.285+0000] {logging_mixin.py:188} INFO - [2026-09-03T14:41:03.285+0000] {dag.py:3036} INFO - Sync 1 DAGs
[2026-09-03T14:41:03.308+0000] {logging_mixin.py:188} INFO - [2026-09-03T14:41:03.308+0000] {dag.py:3823} INFO - Setting next_dagrun for air_quality_pipeline to 2026-09-03 14:05:00+00:00, run_after=2026-09-03 15:05:00+00:00
[2026-09-03T14:41:03.329+0000] {processor.py:183} INFO - Processing /opt/airflow/dags/spark_pipeline_dag.py took 0.089 seconds
[2026-09-03T14:41:33.666+0000] {processor.py:161} INFO - Started process (PID=46505) to work on /opt/airflow/dags/spark_pipeline_dag.py
[2026-09-03T14:41:33.667+0000] {processor.py:830} INFO - Processing file /opt/airflow/dags/spark_pipeline_dag.py for tasks to queue
[2026-09-03T14:41:33.668+0000] {logging_mixin.py:188} INFO - [2026-09-03T14:41:33.668+0000] {dagbag.py:538} INFO - Filling up the DagBag from /opt/airflow/dags/spark_pipeline_dag.py
[2026-09-03T14:41:33.690+0000] {processor.py:840} INFO - DAG(s) 'air_quality_pipeline' retrieved from /opt/airflow/dags/spark_pipeline_dag.py
[2026-09-03T14:41:33.709+0000] {logging_mixin.py:188} INFO - [2026-09-03T14:41:33.709+0000] {dag.py:3036} INFO - Sync 1 DAGs
[2026-09-03T14:41:33.730+0000] {logging_mixin.py:188} INFO - [2026-09-03T14:41:33.730+0000] {dag.py:3823} INFO - Setting next_dagrun for air_quality_pipeline to 2026-09-03 14:05:00+00:00, run_after=2026-09-03 15:05:00+00:00
[2026-09-03T14:41:33.754+0000] {processor.py:183} INFO - Processing /opt/airflow/dags/spark_pipeline_dag.py took 0.091 seconds
[2026-09-03T14:42:04.098+0000] {processor.py:161} INFO - Started process (PID=46515) to work on /opt/airflow/dags/spark_pipeline_dag.py
[2026-09-03T14:42:04.099+0000] {processor.py:830} INFO - Processing file /opt/airflow/dags/spark_pipeline_dag.py for tasks to queue
[2026-09-03T14:42:04.100+0000] {logging_mixin.py:188} INFO - [2026-09-03T14:42:04.100+0000] {dagbag.py:538} INFO - Filling up the DagBag from /opt/airflow/dags/spark_pipeline_dag.py
[2026-09-03T14:42:04.121+0000] {processor.py:840} INFO - DAG(s) 'air_quality_pipeline' retrieved from /opt/airflow/dags/spark_pipeline_dag.py
[2026-09-03T14:42:04.140+0000] {logging_mixin.py:188} INFO - [2026-09-03T14:42:04.140+0000] {dag.py:3036} INFO - Sync 1 DAGs
[2026-09-03T14:42:04.162+0000] {logging_mixin.py:188} INFO - [2026-09-03T14:42:04.162+0000] {dag.py:3823} INFO - Setting next_dagrun for air_quality_pipeline to 2026-09-03 14:05:00+00:00, run_after=2026-09-03 15:05:00+00:00
[2026-09-03T14:42:04.187+0000] {processor.py:183} INFO - Processing /opt/airflow/dags/spark_pipeline_dag.py took 0.091 seconds
[2026-09-03T14:42:34.558+0000] {processor.py:161} INFO - Started process (PID=46525) to work on /opt/airflow/dags/spark_pipeline_dag.py
[2026-09-03T14:42:34.559+0000] {processor.py:830} INFO - Processing file /opt/airflow/dags/spark_pipeline_dag.py for tasks to queue
[2026-09-03T14:42:34.561+0000] {logging_mixin.py:188} INFO - [2026-09-03T14:42:34.560+0000] {dagbag.py:538} INFO - Filling up the DagBag from /opt/airflow/dags/spark_pipeline_dag.py
[2026-09-03T14:42:34.592+0000] {processor.py:840} INFO - DAG(s) 'air_quality_pipeline' retrieved from /opt/airflow/dags/spark_pipeline_dag.py
[2026-09-03T14:42:34.614+0000] {logging_mixin.py:188} INFO - [2026-09-03T14:42:34.614+0000] {dag.py:3036} INFO - Sync 1 DAGs
[2026-09-03T14:42:34.638+0000] {logging_mixin.py:188} INFO - [2026-09-03T14:42:34.637+0000] {dag.py:3823} INFO - Setting next_dagrun for air_quality_pipeline to 2026-09-03 14:05:00+00:00, run_after=2026-09-03 15:05:00+00:00
[2026-09-03T14:42:34.658+0000] {processor.py:183} INFO - Processing /opt/airflow/dags/spark_pipeline_dag.py took 0.104 seconds
[2026-09-03T14:43:04.996+0000] {processor.py:161} INFO - Started process (PID=46535) to work on /opt/airflow/dags/spark_pipeline_dag.py
[2026-09-03T14:43:04.997+0000] {processor.py:830} INFO - Processing file /opt/airflow/dags/spark_pipeline_dag.py for tasks to queue
[2026-09-03T14:43:04.998+0000] {logging_mixin.py:188} INFO - [2026-09-03T14:43:04.998+0000] {dagbag.py:538} INFO - Filling up the DagBag from /opt/airflow/dags/spark_pipeline_dag.py
[2026-09-03T14:43:05.021+0000] {processor.py:840} INFO - DAG(s) 'air_quality_pipeline' retrieved from /opt/airflow/dags/spark_pipeline_dag.py
[2026-09-03T14:43:05.039+0000] {logging_mixin.py:188} INFO - [2026-09-03T14:43:05.039+0000] {dag.py:3036} INFO - Sync 1 DAGs
[2026-09-03T14:43:05.061+0000] {logging_mixin.py:188} INFO - [2026-09-03T14:43:05.061+0000] {dag.py:3823} INFO - Setting next_dagrun for air_quality_pipeline to 2026-09-03 14:05:00+00:00, run_after=2026-09-03 15:05:00+00:00
[2026-09-03T14:43:05.087+0000] {processor.py:183} INFO - Processing /opt/airflow/dags/spark_pipeline_dag.py took 0.094 seconds
[2026-09-03T14:43:35.417+0000] {processor.py:161} INFO - Started process (PID=46545) to work on /opt/airflow/dags/spark_pipeline_dag.py
[2026-09-03T14:43:35.418+0000] {processor.py:830} INFO - Processing file /opt/airflow/dags/spark_pipeline_dag.py for tasks to queue
[2026-09-03T14:43:35.420+0000] {logging_mixin.py:188} INFO - [2026-09-03T14:43:35.419+0000] {dagbag.py:538} INFO - Filling up the DagBag from /opt/airflow/dags/spark_pipeline_dag.py
[2026-09-03T14:43:35.445+0000] {processor.py:840} INFO - DAG(s) 'air_quality_pipeline' retrieved from /opt/airflow/dags/spark_pipeline_dag.py
[2026-09-03T14:43:35.466+0000] {logging_mixin.py:188} INFO - [2026-09-03T14:43:35.466+0000] {dag.py:3036} INFO - Sync 1 DAGs
[2026-09-03T14:43:35.488+0000] {logging_mixin.py:188} INFO - [2026-09-03T14:43:35.488+0000] {dag.py:3823} INFO - Setting next_dagrun for air_quality_pipeline to 2026-09-03 14:05:00+00:00, run_after=2026-09-03 15:05:00+00:00
[2026-09-03T14:43:35.511+0000] {processor.py:183} INFO - Processing /opt/airflow/dags/spark_pipeline_dag.py took 0.096 seconds
[2026-09-03T14:44:05.907+0000] {processor.py:161} INFO - Started process (PID=46555) to work on /opt/airflow/dags/spark_pipeline_dag.py
[2026-09-03T14:44:05.908+0000] {processor.py:830} INFO - Processing file /opt/airflow/dags/spark_pipeline_dag.py for tasks to queue
[2026-09-03T14:44:05.909+0000] {logging_mixin.py:188} INFO - [2026-09-03T14:44:05.909+0000] {dagbag.py:538} INFO - Filling up the DagBag from /opt/airflow/dags/spark_pipeline_dag.py
[2026-09-03T14:44:05.934+0000] {processor.py:840} INFO - DAG(s) 'air_quality_pipeline' retrieved from /opt/airflow/dags/spark_pipeline_dag.py
[2026-09-03T14:44:05.959+0000] {logging_mixin.py:188} INFO - [2026-09-03T14:44:05.958+0000] {dag.py:3036} INFO - Sync 1 DAGs
[2026-09-03T14:44:05.980+0000] {logging_mixin.py:188} INFO - [2026-09-03T14:44:05.980+0000] {dag.py:3823} INFO - Setting next_dagrun for air_quality_pipeline to 2026-09-03 14:05:00+00:00, run_after=2026-09-03 15:05:00+00:00
[2026-09-03T14:44:06.003+0000] {processor.py:183} INFO - Processing /opt/airflow/dags/spark_pipeline_dag.py took 0.100 seconds
[2026-09-03T14:44:36.335+0000] {processor.py:161} INFO - Started process (PID=46565) to work on /opt/airflow/dags/spark_pipeline_dag.py
[2026-09-03T14:44:36.336+0000] {processor.py:830} INFO - Processing file /opt/airflow/dags/spark_pipeline_dag.py for tasks to queue
[2026-09-03T14:44:36.337+0000] {logging_mixin.py:188} INFO - [2026-09-03T14:44:36.336+0000] {dagbag.py:538} INFO - Filling up the DagBag from /opt/airflow/dags/spark_pipeline_dag.py
[2026-09-03T14:44:36.366+0000] {processor.py:840} INFO - DAG(s) 'air_quality_pipeline' retrieved from /opt/airflow/dags/spark_pipeline_dag.py
[2026-09-03T14:44:36.386+0000] {logging_mixin.py:188} INFO - [2026-09-03T14:44:36.386+0000] {dag.py:3036} INFO - Sync 1 DAGs
[2026-09-03T14:44:36.409+0000] {logging_mixin.py:188} INFO - [2026-09-03T14:44:36.408+0000] {dag.py:3823} INFO - Setting next_dagrun for air_quality_pipeline to 2026-09-03 14:05:00+00:00, run_after=2026-09-03 15:05:00+00:00
[2026-09-03T14:44:36.434+0000] {processor.py:183} INFO - Processing /opt/airflow/dags/spark_pipeline_dag.py took 0.102 seconds
[2026-09-03T14:45:06.776+0000] {processor.py:161} INFO - Started process (PID=46575) to work on /opt/airflow/dags/spark_pipeline_dag.py
[2026-09-03T14:45:06.778+0000] {processor.py:830} INFO - Processing file /opt/airflow/dags/spark_pipeline_dag.py for tasks to queue
[2026-09-03T14:45:06.779+0000] {logging_mixin.py:188} INFO - [2026-09-03T14:45:06.778+0000] {dagbag.py:538} INFO - Filling up the DagBag from /opt/airflow/dags/spark_pipeline_dag.py
[2026-09-03T14:45:06.804+0000] {processor.py:840} INFO - DAG(s) 'air_quality_pipeline' retrieved from /opt/airflow/dags/spark_pipeline_dag.py
[2026-09-03T14:45:06.824+0000] {logging_mixin.py:188} INFO - [2026-09-03T14:45:06.824+0000] {dag.py:3036} INFO - Sync 1 DAGs
[2026-09-03T14:45:06.845+0000] {logging_mixin.py:188} INFO - [2026-09-03T14:45:06.845+0000] {dag.py:3823} INFO - Setting next_dagrun for air_quality_pipeline to 2026-09-03 14:05:00+00:00, run_after=2026-09-03 15:05:00+00:00
[2026-09-03T14:45:06.868+0000] {processor.py:183} INFO - Processing /opt/airflow/dags/spark_pipeline_dag.py took 0.095 seconds
[2026-09-03T14:45:37.202+0000] {processor.py:161} INFO - Started process (PID=46585) to work on /opt/airflow/dags/spark_pipeline_dag.py
[2026-09-03T14:45:37.203+0000] {processor.py:830} INFO - Processing file /opt/airflow/dags/spark_pipeline_dag.py for tasks to queue
[2026-09-03T14:45:37.204+0000] {logging_mixin.py:188} INFO - [2026-09-03T14:45:37.204+0000] {dagbag.py:538} INFO - Filling up the DagBag from /opt/airflow/dags/spark_pipeline_dag.py
[2026-09-03T14:45:37.226+0000] {processor.py:840} INFO - DAG(s) 'air_quality_pipeline' retrieved from /opt/airflow/dags/spark_pipeline_dag.py
[2026-09-03T14:45:37.245+0000] {logging_mixin.py:188} INFO - [2026-09-03T14:45:37.244+0000] {dag.py:3036} INFO - Sync 1 DAGs
[2026-09-03T14:45:37.265+0000] {logging_mixin.py:188} INFO - [2026-09-03T14:45:37.265+0000] {dag.py:3823} INFO - Setting next_dagrun for air_quality_pipeline to 2026-09-03 14:05:00+00:00, run_after=2026-09-03 15:05:00+00:00
[2026-09-03T14:45:37.285+0000] {processor.py:183} INFO - Processing /opt/airflow/dags/spark_pipeline_dag.py took 0.086 seconds
[2026-09-03T14:46:07.648+0000] {processor.py:161} INFO - Started process (PID=46595) to work on /opt/airflow/dags/spark_pipeline_dag.py
[2026-09-03T14:46:07.649+0000] {processor.py:830} INFO - Processing file /opt/airflow/dags/spark_pipeline_dag.py for tasks to queue
[2026-09-03T14:46:07.650+0000] {logging_mixin.py:188} INFO - [2026-09-03T14:46:07.650+0000] {dagbag.py:538} INFO - Filling up the DagBag from /opt/airflow/dags/spark_pipeline_dag.py
[2026-09-03T14:46:07.673+0000] {processor.py:840} INFO - DAG(s) 'air_quality_pipeline' retrieved from /opt/airflow/dags/spark_pipeline_dag.py
[2026-09-03T14:46:07.693+0000] {logging_mixin.py:188} INFO - [2026-09-03T14:46:07.693+0000] {dag.py:3036} INFO - Sync 1 DAGs
[2026-09-03T14:46:07.715+0000] {logging_mixin.py:188} INFO - [2026-09-03T14:46:07.715+0000] {dag.py:3823} INFO - Setting next_dagrun for air_quality_pipeline to 2026-09-03 14:05:00+00:00, run_after=2026-09-03 15:05:00+00:00
[2026-09-03T14:46:07.742+0000] {processor.py:183} INFO - Processing /opt/airflow/dags/spark_pipeline_dag.py took 0.097 seconds
[2026-09-03T14:46:38.081+0000] {processor.py:161} INFO - Started process (PID=46605) to work on /opt/airflow/dags/spark_pipeline_dag.py
[2026-09-03T14:46:38.083+0000] {processor.py:830} INFO - Processing file /opt/airflow/dags/spark_pipeline_dag.py for tasks to queue
[2026-09-03T14:46:38.086+0000] {logging_mixin.py:188} INFO - [2026-09-03T14:46:38.085+0000] {dagbag.py:538} INFO - Filling up the DagBag from /opt/airflow/dags/spark_pipeline_dag.py
[2026-09-03T14:46:38.143+0000] {processor.py:840} INFO - DAG(s) 'air_quality_pipeline' retrieved from /opt/airflow/dags/spark_pipeline_dag.py
[2026-09-03T14:46:38.177+0000] {logging_mixin.py:188} INFO - [2026-09-03T14:46:38.177+0000] {dag.py:3036} INFO - Sync 1 DAGs
[2026-09-03T14:46:38.212+0000] {logging_mixin.py:188} INFO - [2026-09-03T14:46:38.212+0000] {dag.py:3823} INFO - Setting next_dagrun for air_quality_pipeline to 2026-09-03 14:05:00+00:00, run_after=2026-09-03 15:05:00+00:00
[2026-09-03T14:46:38.243+0000] {processor.py:183} INFO - Processing /opt/airflow/dags/spark_pipeline_dag.py took 0.166 seconds
[2026-09-03T14:47:08.562+0000] {processor.py:161} INFO - Started process (PID=46615) to work on /opt/airflow/dags/spark_pipeline_dag.py
[2026-09-03T14:47:08.563+0000] {processor.py:830} INFO - Processing file /opt/airflow/dags/spark_pipeline_dag.py for tasks to queue
[2026-09-03T14:47:08.565+0000] {logging_mixin.py:188} INFO - [2026-09-03T14:47:08.564+0000] {dagbag.py:538} INFO - Filling up the DagBag from /opt/airflow/dags/spark_pipeline_dag.py
[2026-09-03T14:47:08.597+0000] {processor.py:840} INFO - DAG(s) 'air_quality_pipeline' retrieved from /opt/airflow/dags/spark_pipeline_dag.py
[2026-09-03T14:47:08.624+0000] {logging_mixin.py:188} INFO - [2026-09-03T14:47:08.624+0000] {dag.py:3036} INFO - Sync 1 DAGs
[2026-09-03T14:47:08.649+0000] {logging_mixin.py:188} INFO - [2026-09-03T14:47:08.649+0000] {dag.py:3823} INFO - Setting next_dagrun for air_quality_pipeline to 2026-09-03 14:05:00+00:00, run_after=2026-09-03 15:05:00+00:00
[2026-09-03T14:47:08.671+0000] {processor.py:183} INFO - Processing /opt/airflow/dags/spark_pipeline_dag.py took 0.113 seconds
[2026-09-03T14:47:39.108+0000] {processor.py:161} INFO - Started process (PID=46625) to work on /opt/airflow/dags/spark_pipeline_dag.py
[2026-09-03T14:47:39.110+0000] {processor.py:830} INFO - Processing file /opt/airflow/dags/spark_pipeline_dag.py for tasks to queue
[2026-09-03T14:47:39.111+0000] {logging_mixin.py:188} INFO - [2026-09-03T14:47:39.111+0000] {dagbag.py:538} INFO - Filling up the DagBag from /opt/airflow/dags/spark_pipeline_dag.py
[2026-09-03T14:47:39.132+0000] {processor.py:840} INFO - DAG(s) 'air_quality_pipeline' retrieved from /opt/airflow/dags/spark_pipeline_dag.py
[2026-09-03T14:47:39.151+0000] {logging_mixin.py:188} INFO - [2026-09-03T14:47:39.151+0000] {dag.py:3036} INFO - Sync 1 DAGs
[2026-09-03T14:47:39.171+0000] {logging_mixin.py:188} INFO - [2026-09-03T14:47:39.170+0000] {dag.py:3823} INFO - Setting next_dagrun for air_quality_pipeline to 2026-09-03 14:05:00+00:00, run_after=2026-09-03 15:05:00+00:00
[2026-09-03T14:47:39.192+0000] {processor.py:183} INFO - Processing /opt/airflow/dags/spark_pipeline_dag.py took 0.086 seconds
[2026-09-03T14:48:09.751+0000] {processor.py:161} INFO - Started process (PID=46635) to work on /opt/airflow/dags/spark_pipeline_dag.py
[2026-09-03T14:48:09.752+0000] {processor.py:830} INFO - Processing file /opt/airflow/dags/spark_pipeline_dag.py for tasks to queue
[2026-09-03T14:48:09.753+0000] {logging_mixin.py:188} INFO - [2026-09-03T14:48:09.753+0000] {dagbag.py:538} INFO - Filling up the DagBag from /opt/airflow/dags/spark_pipeline_dag.py
[2026-09-03T14:48:09.858+0000] {processor.py:840} INFO - DAG(s) 'air_quality_pipeline' retrieved from /opt/airflow/dags/spark_pipeline_dag.py
[2026-09-03T14:48:09.881+0000] {logging_mixin.py:188} INFO - [2026-09-03T14:48:09.881+0000] {dag.py:3036} INFO - Sync 1 DAGs
[2026-09-03T14:48:09.903+0000] {logging_mixin.py:188} INFO - [2026-09-03T14:48:09.903+0000] {dag.py:3823} INFO - Setting next_dagrun for air_quality_pipeline to 2026-09-03 14:05:00+00:00, run_after=2026-09-03 15:05:00+00:00
[2026-09-03T14:48:09.926+0000] {processor.py:183} INFO - Processing /opt/airflow/dags/spark_pipeline_dag.py took 0.177 seconds
[2026-09-03T14:48:40.295+0000] {processor.py:161} INFO - Started process (PID=46645) to work on /opt/airflow/dags/spark_pipeline_dag.py
[2026-09-03T14:48:40.296+0000] {processor.py:830} INFO - Processing file /opt/airflow/dags/spark_pipeline_dag.py for tasks to queue
[2026-09-03T14:48:40.297+0000] {logging_mixin.py:188} INFO - [2026-09-03T14:48:40.297+0000] {dagbag.py:538} INFO - Filling up the DagBag from /opt/airflow/dags/spark_pipeline_dag.py
[2026-09-03T14:48:40.320+0000] {processor.py:840} INFO - DAG(s) 'air_quality_pipeline' retrieved from /opt/airflow/dags/spark_pipeline_dag.py
[2026-09-03T14:48:40.337+0000] {logging_mixin.py:188} INFO - [2026-09-03T14:48:40.337+0000] {dag.py:3036} INFO - Sync 1 DAGs
[2026-09-03T14:48:40.356+0000] {logging_mixin.py:188} INFO - [2026-09-03T14:48:40.356+0000] {dag.py:3823} INFO - Setting next_dagrun for air_quality_pipeline to 2026-09-03 14:05:00+00:00, run_after=2026-09-03 15:05:00+00:00
[2026-09-03T14:48:40.374+0000] {processor.py:183} INFO - Processing /opt/airflow/dags/spark_pipeline_dag.py took 0.083 seconds
[2026-09-03T14:49:11.054+0000] {processor.py:161} INFO - Started process (PID=46655) to work on /opt/airflow/dags/spark_pipeline_dag.py
[2026-09-03T14:49:11.055+0000] {processor.py:830} INFO - Processing file /opt/airflow/dags/spark_pipeline_dag.py for tasks to queue
[2026-09-03T14:49:11.056+0000] {logging_mixin.py:188} INFO - [2026-09-03T14:49:11.056+0000] {dagbag.py:538} INFO - Filling up the DagBag from /opt/airflow/dags/spark_pipeline_dag.py
[2026-09-03T14:49:11.080+0000] {processor.py:840} INFO - DAG(s) 'air_quality_pipeline' retrieved from /opt/airflow/dags/spark_pipeline_dag.py
[2026-09-03T14:49:11.101+0000] {logging_mixin.py:188} INFO - [2026-09-03T14:49:11.101+0000] {dag.py:3036} INFO - Sync 1 DAGs
[2026-09-03T14:49:11.121+0000] {logging_mixin.py:188} INFO - [2026-09-03T14:49:11.121+0000] {dag.py:3823} INFO - Setting next_dagrun for air_quality_pipeline to 2026-09-03 14:05:00+00:00, run_after=2026-09-03 15:05:00+00:00
[2026-09-03T14:49:11.139+0000] {processor.py:183} INFO - Processing /opt/airflow/dags/spark_pipeline_dag.py took 0.089 seconds
[2026-09-03T14:49:41.744+0000] {processor.py:161} INFO - Started process (PID=46665) to work on /opt/airflow/dags/spark_pipeline_dag.py
[2026-09-03T14:49:41.745+0000] {processor.py:830} INFO - Processing file /opt/airflow/dags/spark_pipeline_dag.py for tasks to queue
[2026-09-03T14:49:41.746+0000] {logging_mixin.py:188} INFO - [2026-09-03T14:49:41.746+0000] {dagbag.py:538} INFO - Filling up the DagBag from /opt/airflow/dags/spark_pipeline_dag.py
[2026-09-03T14:49:41.768+0000] {processor.py:840} INFO - DAG(s) 'air_quality_pipeline' retrieved from /opt/airflow/dags/spark_pipeline_dag.py
[2026-09-03T14:49:41.786+0000] {logging_mixin.py:188} INFO - [2026-09-03T14:49:41.786+0000] {dag.py:3036} INFO - Sync 1 DAGs
[2026-09-03T14:49:41.806+0000] {logging_mixin.py:188} INFO - [2026-09-03T14:49:41.806+0000] {dag.py:3823} INFO - Setting next_dagrun for air_quality_pipeline to 2026-09-03 14:05:00+00:00, run_after=2026-09-03 15:05:00+00:00
[2026-09-03T14:49:41.825+0000] {processor.py:183} INFO - Processing /opt/airflow/dags/spark_pipeline_dag.py took 0.084 seconds
[2026-09-03T14:50:12.300+0000] {processor.py:161} INFO - Started process (PID=46675) to work on /opt/airflow/dags/spark_pipeline_dag.py
[2026-09-03T14:50:12.301+0000] {processor.py:830} INFO - Processing file /opt/airflow/dags/spark_pipeline_dag.py for tasks to queue
[2026-09-03T14:50:12.302+0000] {logging_mixin.py:188} INFO - [2026-09-03T14:50:12.302+0000] {dagbag.py:538} INFO - Filling up the DagBag from /opt/airflow/dags/spark_pipeline_dag.py
[2026-09-03T14:50:12.324+0000] {processor.py:840} INFO - DAG(s) 'air_quality_pipeline' retrieved from /opt/airflow/dags/spark_pipeline_dag.py
[2026-09-03T14:50:12.348+0000] {logging_mixin.py:188} INFO - [2026-09-03T14:50:12.348+0000] {dag.py:3036} INFO - Sync 1 DAGs
[2026-09-03T14:50:12.378+0000] {logging_mixin.py:188} INFO - [2026-09-03T14:50:12.378+0000] {dag.py:3823} INFO - Setting next_dagrun for air_quality_pipeline to 2026-09-03 14:05:00+00:00, run_after=2026-09-03 15:05:00+00:00
[2026-09-03T14:50:12.402+0000] {processor.py:183} INFO - Processing /opt/airflow/dags/spark_pipeline_dag.py took 0.105 seconds
[2026-09-03T14:50:42.746+0000] {processor.py:161} INFO - Started process (PID=46685) to work on /opt/airflow/dags/spark_pipeline_dag.py
[2026-09-03T14:50:42.747+0000] {processor.py:830} INFO - Processing file /opt/airflow/dags/spark_pipeline_dag.py for tasks to queue
[2026-09-03T14:50:42.748+0000] {logging_mixin.py:188} INFO - [2026-09-03T14:50:42.748+0000] {dagbag.py:538} INFO - Filling up the DagBag from /opt/airflow/dags/spark_pipeline_dag.py
[2026-09-03T14:50:42.765+0000] {processor.py:840} INFO - DAG(s) 'air_quality_pipeline' retrieved from /opt/airflow/dags/spark_pipeline_dag.py
[2026-09-03T14:50:42.783+0000] {logging_mixin.py:188} INFO - [2026-09-03T14:50:42.782+0000] {dag.py:3036} INFO - Sync 1 DAGs
[2026-09-03T14:50:42.803+0000] {logging_mixin.py:188} INFO - [2026-09-03T14:50:42.803+0000] {dag.py:3823} INFO - Setting next_dagrun for air_quality_pipeline to 2026-09-03 14:05:00+00:00, run_after=2026-09-03 15:05:00+00:00
[2026-09-03T14:50:42.821+0000] {processor.py:183} INFO - Processing /opt/airflow/dags/spark_pipeline_dag.py took 0.078 seconds
[2026-09-03T14:51:13.355+0000] {processor.py:161} INFO - Started process (PID=46695) to work on /opt/airflow/dags/spark_pipeline_dag.py
[2026-09-03T14:51:13.356+0000] {processor.py:830} INFO - Processing file /opt/airflow/dags/spark_pipeline_dag.py for tasks to queue
[2026-09-03T14:51:13.356+0000] {logging_mixin.py:188} INFO - [2026-09-03T14:51:13.356+0000] {dagbag.py:538} INFO - Filling up the DagBag from /opt/airflow/dags/spark_pipeline_dag.py
[2026-09-03T14:51:13.379+0000] {processor.py:840} INFO - DAG(s) 'air_quality_pipeline' retrieved from /opt/airflow/dags/spark_pipeline_dag.py
[2026-09-03T14:51:13.397+0000] {logging_mixin.py:188} INFO - [2026-09-03T14:51:13.397+0000] {dag.py:3036} INFO - Sync 1 DAGs
[2026-09-03T14:51:13.426+0000] {logging_mixin.py:188} INFO - [2026-09-03T14:51:13.426+0000] {dag.py:3823} INFO - Setting next_dagrun for air_quality_pipeline to 2026-09-03 14:05:00+00:00, run_after=2026-09-03 15:05:00+00:00
[2026-09-03T14:51:13.447+0000] {processor.py:183} INFO - Processing /opt/airflow/dags/spark_pipeline_dag.py took 0.094 seconds
[2026-09-03T14:51:43.846+0000] {processor.py:161} INFO - Started process (PID=46705) to work on /opt/airflow/dags/spark_pipeline_dag.py
[2026-09-03T14:51:43.847+0000] {processor.py:830} INFO - Processing file /opt/airflow/dags/spark_pipeline_dag.py for tasks to queue
[2026-09-03T14:51:43.848+0000] {logging_mixin.py:188} INFO - [2026-09-03T14:51:43.848+0000] {dagbag.py:538} INFO - Filling up the DagBag from /opt/airflow/dags/spark_pipeline_dag.py
[2026-09-03T14:51:43.877+0000] {processor.py:840} INFO - DAG(s) 'air_quality_pipeline' retrieved from /opt/airflow/dags/spark_pipeline_dag.py
[2026-09-03T14:51:43.896+0000] {logging_mixin.py:188} INFO - [2026-09-03T14:51:43.896+0000] {dag.py:3036} INFO - Sync 1 DAGs
[2026-09-03T14:51:43.917+0000] {logging_mixin.py:188} INFO - [2026-09-03T14:51:43.917+0000] {dag.py:3823} INFO - Setting next_dagrun for air_quality_pipeline to 2026-09-03 14:05:00+00:00, run_after=2026-09-03 15:05:00+00:00
[2026-09-03T14:51:43.936+0000] {processor.py:183} INFO - Processing /opt/airflow/dags/spark_pipeline_dag.py took 0.093 seconds
[2026-09-03T14:52:14.370+0000] {processor.py:161} INFO - Started process (PID=46715) to work on /opt/airflow/dags/spark_pipeline_dag.py
[2026-09-03T14:52:14.372+0000] {processor.py:830} INFO - Processing file /opt/airflow/dags/spark_pipeline_dag.py for tasks to queue
[2026-09-03T14:52:14.373+0000] {logging_mixin.py:188} INFO - [2026-09-03T14:52:14.373+0000] {dagbag.py:538} INFO - Filling up the DagBag from /opt/airflow/dags/spark_pipeline_dag.py
[2026-09-03T14:52:14.400+0000] {processor.py:840} INFO - DAG(s) 'air_quality_pipeline' retrieved from /opt/airflow/dags/spark_pipeline_dag.py
[2026-09-03T14:52:14.417+0000] {logging_mixin.py:188} INFO - [2026-09-03T14:52:14.417+0000] {dag.py:3036} INFO - Sync 1 DAGs
[2026-09-03T14:52:14.437+0000] {logging_mixin.py:188} INFO - [2026-09-03T14:52:14.437+0000] {dag.py:3823} INFO - Setting next_dagrun for air_quality_pipeline to 2026-09-03 14:05:00+00:00, run_after=2026-09-03 15:05:00+00:00
[2026-09-03T14:52:14.458+0000] {processor.py:183} INFO - Processing /opt/airflow/dags/spark_pipeline_dag.py took 0.091 seconds
[2026-09-03T14:52:44.844+0000] {processor.py:161} INFO - Started process (PID=46725) to work on /opt/airflow/dags/spark_pipeline_dag.py
[2026-09-03T14:52:44.845+0000] {processor.py:830} INFO - Processing file /opt/airflow/dags/spark_pipeline_dag.py for tasks to queue
[2026-09-03T14:52:44.846+0000] {logging_mixin.py:188} INFO - [2026-09-03T14:52:44.846+0000] {dagbag.py:538} INFO - Filling up the DagBag from /opt/airflow/dags/spark_pipeline_dag.py
[2026-09-03T14:52:44.880+0000] {processor.py:840} INFO - DAG(s) 'air_quality_pipeline' retrieved from /opt/airflow/dags/spark_pipeline_dag.py
[2026-09-03T14:52:44.899+0000] {logging_mixin.py:188} INFO - [2026-09-03T14:52:44.898+0000] {dag.py:3036} INFO - Sync 1 DAGs
[2026-09-03T14:52:44.919+0000] {logging_mixin.py:188} INFO - [2026-09-03T14:52:44.919+0000] {dag.py:3823} INFO - Setting next_dagrun for air_quality_pipeline to 2026-09-03 14:05:00+00:00, run_after=2026-09-03 15:05:00+00:00
[2026-09-03T14:52:44.942+0000] {processor.py:183} INFO - Processing /opt/airflow/dags/spark_pipeline_dag.py took 0.101 seconds
[2026-09-03T14:53:15.241+0000] {processor.py:161} INFO - Started process (PID=46735) to work on /opt/airflow/dags/spark_pipeline_dag.py
[2026-09-03T14:53:15.243+0000] {processor.py:830} INFO - Processing file /opt/airflow/dags/spark_pipeline_dag.py for tasks to queue
[2026-09-03T14:53:15.244+0000] {logging_mixin.py:188} INFO - [2026-09-03T14:53:15.243+0000] {dagbag.py:538} INFO - Filling up the DagBag from /opt/airflow/dags/spark_pipeline_dag.py
[2026-09-03T14:53:15.264+0000] {processor.py:840} INFO - DAG(s) 'air_quality_pipeline' retrieved from /opt/airflow/dags/spark_pipeline_dag.py
[2026-09-03T14:53:15.282+0000] {logging_mixin.py:188} INFO - [2026-09-03T14:53:15.282+0000] {dag.py:3036} INFO - Sync 1 DAGs
[2026-09-03T14:53:15.301+0000] {logging_mixin.py:188} INFO - [2026-09-03T14:53:15.301+0000] {dag.py:3823} INFO - Setting next_dagrun for air_quality_pipeline to 2026-09-03 14:05:00+00:00, run_after=2026-09-03 15:05:00+00:00
[2026-09-03T14:53:15.319+0000] {processor.py:183} INFO - Processing /opt/airflow/dags/spark_pipeline_dag.py took 0.080 seconds
[2026-09-03T14:53:45.654+0000] {processor.py:161} INFO - Started process (PID=46745) to work on /opt/airflow/dags/spark_pipeline_dag.py
[2026-09-03T14:53:45.655+0000] {processor.py:830} INFO - Processing file /opt/airflow/dags/spark_pipeline_dag.py for tasks to queue
[2026-09-03T14:53:45.656+0000] {logging_mixin.py:188} INFO - [2026-09-03T14:53:45.656+0000] {dagbag.py:538} INFO - Filling up the DagBag from /opt/airflow/dags/spark_pipeline_dag.py
[2026-09-03T14:53:45.681+0000] {processor.py:840} INFO - DAG(s) 'air_quality_pipeline' retrieved from /opt/airflow/dags/spark_pipeline_dag.py
[2026-09-03T14:53:45.708+0000] {logging_mixin.py:188} INFO - [2026-09-03T14:53:45.707+0000] {dag.py:3036} INFO - Sync 1 DAGs
[2026-09-03T14:53:45.729+0000] {logging_mixin.py:188} INFO - [2026-09-03T14:53:45.729+0000] {dag.py:3823} INFO - Setting next_dagrun for air_quality_pipeline to 2026-09-03 14:05:00+00:00, run_after=2026-09-03 15:05:00+00:00
[2026-09-03T14:53:45.753+0000] {processor.py:183} INFO - Processing /opt/airflow/dags/spark_pipeline_dag.py took 0.102 seconds
[2026-09-03T14:54:15.997+0000] {processor.py:161} INFO - Started process (PID=46755) to work on /opt/airflow/dags/spark_pipeline_dag.py
[2026-09-03T14:54:15.998+0000] {processor.py:830} INFO - Processing file /opt/airflow/dags/spark_pipeline_dag.py for tasks to queue
[2026-09-03T14:54:15.999+0000] {logging_mixin.py:188} INFO - [2026-09-03T14:54:15.998+0000] {dagbag.py:538} INFO - Filling up the DagBag from /opt/airflow/dags/spark_pipeline_dag.py
[2026-09-03T14:54:16.023+0000] {processor.py:840} INFO - DAG(s) 'air_quality_pipeline' retrieved from /opt/airflow/dags/spark_pipeline_dag.py
[2026-09-03T14:54:16.042+0000] {logging_mixin.py:188} INFO - [2026-09-03T14:54:16.042+0000] {dag.py:3036} INFO - Sync 1 DAGs
[2026-09-03T14:54:16.068+0000] {logging_mixin.py:188} INFO - [2026-09-03T14:54:16.068+0000] {dag.py:3823} INFO - Setting next_dagrun for air_quality_pipeline to 2026-09-03 14:05:00+00:00, run_after=2026-09-03 15:05:00+00:00
[2026-09-03T14:54:16.092+0000] {processor.py:183} INFO - Processing /opt/airflow/dags/spark_pipeline_dag.py took 0.099 seconds
[2026-09-03T14:54:46.333+0000] {processor.py:161} INFO - Started process (PID=46765) to work on /opt/airflow/dags/spark_pipeline_dag.py
[2026-09-03T14:54:46.335+0000] {processor.py:830} INFO - Processing file /opt/airflow/dags/spark_pipeline_dag.py for tasks to queue
[2026-09-03T14:54:46.336+0000] {logging_mixin.py:188} INFO - [2026-09-03T14:54:46.336+0000] {dagbag.py:538} INFO - Filling up the DagBag from /opt/airflow/dags/spark_pipeline_dag.py
[2026-09-03T14:54:46.363+0000] {processor.py:840} INFO - DAG(s) 'air_quality_pipeline' retrieved from /opt/airflow/dags/spark_pipeline_dag.py
[2026-09-03T14:54:46.385+0000] {logging_mixin.py:188} INFO - [2026-09-03T14:54:46.385+0000] {dag.py:3036} INFO - Sync 1 DAGs
[2026-09-03T14:54:46.410+0000] {logging_mixin.py:188} INFO - [2026-09-03T14:54:46.409+0000] {dag.py:3823} INFO - Setting next_dagrun for air_quality_pipeline to 2026-09-03 14:05:00+00:00, run_after=2026-09-03 15:05:00+00:00
[2026-09-03T14:54:46.438+0000] {processor.py:183} INFO - Processing /opt/airflow/dags/spark_pipeline_dag.py took 0.108 seconds
[2026-09-03T14:55:16.704+0000] {processor.py:161} INFO - Started process (PID=46775) to work on /opt/airflow/dags/spark_pipeline_dag.py
[2026-09-03T14:55:16.705+0000] {processor.py:830} INFO - Processing file /opt/airflow/dags/spark_pipeline_dag.py for tasks to queue
[2026-09-03T14:55:16.706+0000] {logging_mixin.py:188} INFO - [2026-09-03T14:55:16.706+0000] {dagbag.py:538} INFO - Filling up the DagBag from /opt/airflow/dags/spark_pipeline_dag.py
[2026-09-03T14:55:16.730+0000] {processor.py:840} INFO - DAG(s) 'air_quality_pipeline' retrieved from /opt/airflow/dags/spark_pipeline_dag.py
[2026-09-03T14:55:16.755+0000] {logging_mixin.py:188} INFO - [2026-09-03T14:55:16.754+0000] {dag.py:3036} INFO - Sync 1 DAGs
[2026-09-03T14:55:16.786+0000] {logging_mixin.py:188} INFO - [2026-09-03T14:55:16.786+0000] {dag.py:3823} INFO - Setting next_dagrun for air_quality_pipeline to 2026-09-03 14:05:00+00:00, run_after=2026-09-03 15:05:00+00:00
[2026-09-03T14:55:16.816+0000] {processor.py:183} INFO - Processing /opt/airflow/dags/spark_pipeline_dag.py took 0.116 seconds
[2026-09-03T14:55:47.164+0000] {processor.py:161} INFO - Started process (PID=46785) to work on /opt/airflow/dags/spark_pipeline_dag.py
[2026-09-03T14:55:47.165+0000] {processor.py:830} INFO - Processing file /opt/airflow/dags/spark_pipeline_dag.py for tasks to queue
[2026-09-03T14:55:47.167+0000] {logging_mixin.py:188} INFO - [2026-09-03T14:55:47.166+0000] {dagbag.py:538} INFO - Filling up the DagBag from /opt/airflow/dags/spark_pipeline_dag.py
[2026-09-03T14:55:47.189+0000] {processor.py:840} INFO - DAG(s) 'air_quality_pipeline' retrieved from /opt/airflow/dags/spark_pipeline_dag.py
[2026-09-03T14:55:47.210+0000] {logging_mixin.py:188} INFO - [2026-09-03T14:55:47.210+0000] {dag.py:3036} INFO - Sync 1 DAGs
[2026-09-03T14:55:47.231+0000] {logging_mixin.py:188} INFO - [2026-09-03T14:55:47.231+0000] {dag.py:3823} INFO - Setting next_dagrun for air_quality_pipeline to 2026-09-03 14:05:00+00:00, run_after=2026-09-03 15:05:00+00:00
[2026-09-03T14:55:47.258+0000] {processor.py:183} INFO - Processing /opt/airflow/dags/spark_pipeline_dag.py took 0.096 seconds
[2026-09-03T14:56:17.603+0000] {processor.py:161} INFO - Started process (PID=46795) to work on /opt/airflow/dags/spark_pipeline_dag.py
[2026-09-03T14:56:17.605+0000] {processor.py:830} INFO - Processing file /opt/airflow/dags/spark_pipeline_dag.py for tasks to queue
[2026-09-03T14:56:17.606+0000] {logging_mixin.py:188} INFO - [2026-09-03T14:56:17.606+0000] {dagbag.py:538} INFO - Filling up the DagBag from /opt/airflow/dags/spark_pipeline_dag.py
[2026-09-03T14:56:17.634+0000] {processor.py:840} INFO - DAG(s) 'air_quality_pipeline' retrieved from /opt/airflow/dags/spark_pipeline_dag.py
[2026-09-03T14:56:17.652+0000] {logging_mixin.py:188} INFO - [2026-09-03T14:56:17.652+0000] {dag.py:3036} INFO - Sync 1 DAGs
[2026-09-03T14:56:17.672+0000] {logging_mixin.py:188} INFO - [2026-09-03T14:56:17.672+0000] {dag.py:3823} INFO - Setting next_dagrun for air_quality_pipeline to 2026-09-03 14:05:00+00:00, run_after=2026-09-03 15:05:00+00:00
[2026-09-03T14:56:17.695+0000] {processor.py:183} INFO - Processing /opt/airflow/dags/spark_pipeline_dag.py took 0.094 seconds
[2026-09-03T14:56:48.012+0000] {processor.py:161} INFO - Started process (PID=46805) to work on /opt/airflow/dags/spark_pipeline_dag.py
[2026-09-03T14:56:48.013+0000] {processor.py:830} INFO - Processing file /opt/airflow/dags/spark_pipeline_dag.py for tasks to queue
[2026-09-03T14:56:48.014+0000] {logging_mixin.py:188} INFO - [2026-09-03T14:56:48.014+0000] {dagbag.py:538} INFO - Filling up the DagBag from /opt/airflow/dags/spark_pipeline_dag.py
[2026-09-03T14:56:48.036+0000] {processor.py:840} INFO - DAG(s) 'air_quality_pipeline' retrieved from /opt/airflow/dags/spark_pipeline_dag.py
[2026-09-03T14:56:48.055+0000] {logging_mixin.py:188} INFO - [2026-09-03T14:56:48.055+0000] {dag.py:3036} INFO - Sync 1 DAGs
[2026-09-03T14:56:48.077+0000] {logging_mixin.py:188} INFO - [2026-09-03T14:56:48.076+0000] {dag.py:3823} INFO - Setting next_dagrun for air_quality_pipeline to 2026-09-03 14:05:00+00:00, run_after=2026-09-03 15:05:00+00:00
[2026-09-03T14:56:48.096+0000] {processor.py:183} INFO - Processing /opt/airflow/dags/spark_pipeline_dag.py took 0.086 seconds
[2026-09-03T14:57:18.380+0000] {processor.py:161} INFO - Started process (PID=46815) to work on /opt/airflow/dags/spark_pipeline_dag.py
[2026-09-03T14:57:18.382+0000] {processor.py:830} INFO - Processing file /opt/airflow/dags/spark_pipeline_dag.py for tasks to queue
[2026-09-03T14:57:18.383+0000] {logging_mixin.py:188} INFO - [2026-09-03T14:57:18.383+0000] {dagbag.py:538} INFO - Filling up the DagBag from /opt/airflow/dags/spark_pipeline_dag.py
[2026-09-03T14:57:18.405+0000] {processor.py:840} INFO - DAG(s) 'air_quality_pipeline' retrieved from /opt/airflow/dags/spark_pipeline_dag.py
[2026-09-03T14:57:18.424+0000] {logging_mixin.py:188} INFO - [2026-09-03T14:57:18.423+0000] {dag.py:3036} INFO - Sync 1 DAGs
[2026-09-03T14:57:18.442+0000] {logging_mixin.py:188} INFO - [2026-09-03T14:57:18.442+0000] {dag.py:3823} INFO - Setting next_dagrun for air_quality_pipeline to 2026-09-03 14:05:00+00:00, run_after=2026-09-03 15:05:00+00:00
[2026-09-03T14:57:18.461+0000] {processor.py:183} INFO - Processing /opt/airflow/dags/spark_pipeline_dag.py took 0.083 seconds
[2026-09-03T14:57:48.799+0000] {processor.py:161} INFO - Started process (PID=46825) to work on /opt/airflow/dags/spark_pipeline_dag.py
[2026-09-03T14:57:48.801+0000] {processor.py:830} INFO - Processing file /opt/airflow/dags/spark_pipeline_dag.py for tasks to queue
[2026-09-03T14:57:48.802+0000] {logging_mixin.py:188} INFO - [2026-09-03T14:57:48.801+0000] {dagbag.py:538} INFO - Filling up the DagBag from /opt/airflow/dags/spark_pipeline_dag.py
[2026-09-03T14:57:48.829+0000] {processor.py:840} INFO - DAG(s) 'air_quality_pipeline' retrieved from /opt/airflow/dags/spark_pipeline_dag.py
[2026-09-03T14:57:48.857+0000] {logging_mixin.py:188} INFO - [2026-09-03T14:57:48.857+0000] {dag.py:3036} INFO - Sync 1 DAGs
[2026-09-03T14:57:48.882+0000] {logging_mixin.py:188} INFO - [2026-09-03T14:57:48.882+0000] {dag.py:3823} INFO - Setting next_dagrun for air_quality_pipeline to 2026-09-03 14:05:00+00:00, run_after=2026-09-03 15:05:00+00:00
[2026-09-03T14:57:48.908+0000] {processor.py:183} INFO - Processing /opt/airflow/dags/spark_pipeline_dag.py took 0.111 seconds
[2026-09-03T14:58:19.332+0000] {processor.py:161} INFO - Started process (PID=46835) to work on /opt/airflow/dags/spark_pipeline_dag.py
[2026-09-03T14:58:19.334+0000] {processor.py:830} INFO - Processing file /opt/airflow/dags/spark_pipeline_dag.py for tasks to queue
[2026-09-03T14:58:19.334+0000] {logging_mixin.py:188} INFO - [2026-09-03T14:58:19.334+0000] {dagbag.py:538} INFO - Filling up the DagBag from /opt/airflow/dags/spark_pipeline_dag.py
[2026-09-03T14:58:19.359+0000] {processor.py:840} INFO - DAG(s) 'air_quality_pipeline' retrieved from /opt/airflow/dags/spark_pipeline_dag.py
[2026-09-03T14:58:19.376+0000] {logging_mixin.py:188} INFO - [2026-09-03T14:58:19.376+0000] {dag.py:3036} INFO - Sync 1 DAGs
[2026-09-03T14:58:19.397+0000] {logging_mixin.py:188} INFO - [2026-09-03T14:58:19.397+0000] {dag.py:3823} INFO - Setting next_dagrun for air_quality_pipeline to 2026-09-03 14:05:00+00:00, run_after=2026-09-03 15:05:00+00:00
[2026-09-03T14:58:19.416+0000] {processor.py:183} INFO - Processing /opt/airflow/dags/spark_pipeline_dag.py took 0.086 seconds
[2026-09-03T14:58:49.990+0000] {processor.py:161} INFO - Started process (PID=46845) to work on /opt/airflow/dags/spark_pipeline_dag.py
[2026-09-03T14:58:49.994+0000] {processor.py:830} INFO - Processing file /opt/airflow/dags/spark_pipeline_dag.py for tasks to queue
[2026-09-03T14:58:49.995+0000] {logging_mixin.py:188} INFO - [2026-09-03T14:58:49.995+0000] {dagbag.py:538} INFO - Filling up the DagBag from /opt/airflow/dags/spark_pipeline_dag.py
[2026-09-03T14:58:50.085+0000] {processor.py:840} INFO - DAG(s) 'air_quality_pipeline' retrieved from /opt/airflow/dags/spark_pipeline_dag.py
[2026-09-03T14:58:50.104+0000] {logging_mixin.py:188} INFO - [2026-09-03T14:58:50.104+0000] {dag.py:3036} INFO - Sync 1 DAGs
[2026-09-03T14:58:50.125+0000] {logging_mixin.py:188} INFO - [2026-09-03T14:58:50.124+0000] {dag.py:3823} INFO - Setting next_dagrun for air_quality_pipeline to 2026-09-03 14:05:00+00:00, run_after=2026-09-03 15:05:00+00:00
[2026-09-03T14:58:50.146+0000] {processor.py:183} INFO - Processing /opt/airflow/dags/spark_pipeline_dag.py took 0.158 seconds
[2026-09-03T14:59:20.571+0000] {processor.py:161} INFO - Started process (PID=46855) to work on /opt/airflow/dags/spark_pipeline_dag.py
[2026-09-03T14:59:20.572+0000] {processor.py:830} INFO - Processing file /opt/airflow/dags/spark_pipeline_dag.py for tasks to queue
[2026-09-03T14:59:20.573+0000] {logging_mixin.py:188} INFO - [2026-09-03T14:59:20.573+0000] {dagbag.py:538} INFO - Filling up the DagBag from /opt/airflow/dags/spark_pipeline_dag.py
[2026-09-03T14:59:20.596+0000] {processor.py:840} INFO - DAG(s) 'air_quality_pipeline' retrieved from /opt/airflow/dags/spark_pipeline_dag.py
[2026-09-03T14:59:20.618+0000] {logging_mixin.py:188} INFO - [2026-09-03T14:59:20.618+0000] {dag.py:3036} INFO - Sync 1 DAGs
[2026-09-03T14:59:20.640+0000] {logging_mixin.py:188} INFO - [2026-09-03T14:59:20.640+0000] {dag.py:3823} INFO - Setting next_dagrun for air_quality_pipeline to 2026-09-03 14:05:00+00:00, run_after=2026-09-03 15:05:00+00:00
[2026-09-03T14:59:20.661+0000] {processor.py:183} INFO - Processing /opt/airflow/dags/spark_pipeline_dag.py took 0.092 seconds
[2026-09-03T14:59:51.033+0000] {processor.py:161} INFO - Started process (PID=46865) to work on /opt/airflow/dags/spark_pipeline_dag.py
[2026-09-03T14:59:51.034+0000] {processor.py:830} INFO - Processing file /opt/airflow/dags/spark_pipeline_dag.py for tasks to queue
[2026-09-03T14:59:51.036+0000] {logging_mixin.py:188} INFO - [2026-09-03T14:59:51.036+0000] {dagbag.py:538} INFO - Filling up the DagBag from /opt/airflow/dags/spark_pipeline_dag.py
[2026-09-03T14:59:51.068+0000] {processor.py:840} INFO - DAG(s) 'air_quality_pipeline' retrieved from /opt/airflow/dags/spark_pipeline_dag.py
[2026-09-03T14:59:51.087+0000] {logging_mixin.py:188} INFO - [2026-09-03T14:59:51.086+0000] {dag.py:3036} INFO - Sync 1 DAGs
[2026-09-03T14:59:51.108+0000] {logging_mixin.py:188} INFO - [2026-09-03T14:59:51.108+0000] {dag.py:3823} INFO - Setting next_dagrun for air_quality_pipeline to 2026-09-03 14:05:00+00:00, run_after=2026-09-03 15:05:00+00:00
[2026-09-03T14:59:51.131+0000] {processor.py:183} INFO - Processing /opt/airflow/dags/spark_pipeline_dag.py took 0.101 seconds
[2026-09-03T15:00:21.498+0000] {processor.py:161} INFO - Started process (PID=46877) to work on /opt/airflow/dags/spark_pipeline_dag.py
[2026-09-03T15:00:21.499+0000] {processor.py:830} INFO - Processing file /opt/airflow/dags/spark_pipeline_dag.py for tasks to queue
[2026-09-03T15:00:21.500+0000] {logging_mixin.py:188} INFO - [2026-09-03T15:00:21.500+0000] {dagbag.py:538} INFO - Filling up the DagBag from /opt/airflow/dags/spark_pipeline_dag.py
[2026-09-03T15:00:21.522+0000] {processor.py:840} INFO - DAG(s) 'air_quality_pipeline' retrieved from /opt/airflow/dags/spark_pipeline_dag.py
[2026-09-03T15:00:21.543+0000] {logging_mixin.py:188} INFO - [2026-09-03T15:00:21.542+0000] {dag.py:3036} INFO - Sync 1 DAGs
[2026-09-03T15:00:21.561+0000] {logging_mixin.py:188} INFO - [2026-09-03T15:00:21.561+0000] {dag.py:3823} INFO - Setting next_dagrun for air_quality_pipeline to 2026-09-03 14:05:00+00:00, run_after=2026-09-03 15:05:00+00:00
[2026-09-03T15:00:21.586+0000] {processor.py:183} INFO - Processing /opt/airflow/dags/spark_pipeline_dag.py took 0.091 seconds
[2026-09-03T15:00:52.058+0000] {processor.py:161} INFO - Started process (PID=46887) to work on /opt/airflow/dags/spark_pipeline_dag.py
[2026-09-03T15:00:52.059+0000] {processor.py:830} INFO - Processing file /opt/airflow/dags/spark_pipeline_dag.py for tasks to queue
[2026-09-03T15:00:52.060+0000] {logging_mixin.py:188} INFO - [2026-09-03T15:00:52.059+0000] {dagbag.py:538} INFO - Filling up the DagBag from /opt/airflow/dags/spark_pipeline_dag.py
[2026-09-03T15:00:52.079+0000] {processor.py:840} INFO - DAG(s) 'air_quality_pipeline' retrieved from /opt/airflow/dags/spark_pipeline_dag.py
[2026-09-03T15:00:52.097+0000] {logging_mixin.py:188} INFO - [2026-09-03T15:00:52.097+0000] {dag.py:3036} INFO - Sync 1 DAGs
[2026-09-03T15:00:52.117+0000] {logging_mixin.py:188} INFO - [2026-09-03T15:00:52.116+0000] {dag.py:3823} INFO - Setting next_dagrun for air_quality_pipeline to 2026-09-03 14:05:00+00:00, run_after=2026-09-03 15:05:00+00:00
[2026-09-03T15:00:52.137+0000] {processor.py:183} INFO - Processing /opt/airflow/dags/spark_pipeline_dag.py took 0.082 seconds
[2026-09-03T15:01:22.384+0000] {processor.py:161} INFO - Started process (PID=46897) to work on /opt/airflow/dags/spark_pipeline_dag.py
[2026-09-03T15:01:22.385+0000] {processor.py:830} INFO - Processing file /opt/airflow/dags/spark_pipeline_dag.py for tasks to queue
[2026-09-03T15:01:22.386+0000] {logging_mixin.py:188} INFO - [2026-09-03T15:01:22.386+0000] {dagbag.py:538} INFO - Filling up the DagBag from /opt/airflow/dags/spark_pipeline_dag.py
[2026-09-03T15:01:22.408+0000] {processor.py:840} INFO - DAG(s) 'air_quality_pipeline' retrieved from /opt/airflow/dags/spark_pipeline_dag.py
[2026-09-03T15:01:22.427+0000] {logging_mixin.py:188} INFO - [2026-09-03T15:01:22.426+0000] {dag.py:3036} INFO - Sync 1 DAGs
[2026-09-03T15:01:22.445+0000] {logging_mixin.py:188} INFO - [2026-09-03T15:01:22.445+0000] {dag.py:3823} INFO - Setting next_dagrun for air_quality_pipeline to 2026-09-03 14:05:00+00:00, run_after=2026-09-03 15:05:00+00:00
[2026-09-03T15:01:22.461+0000] {processor.py:183} INFO - Processing /opt/airflow/dags/spark_pipeline_dag.py took 0.080 seconds
[2026-09-03T15:01:52.811+0000] {processor.py:161} INFO - Started process (PID=46907) to work on /opt/airflow/dags/spark_pipeline_dag.py
[2026-09-03T15:01:52.812+0000] {processor.py:830} INFO - Processing file /opt/airflow/dags/spark_pipeline_dag.py for tasks to queue
[2026-09-03T15:01:52.818+0000] {logging_mixin.py:188} INFO - [2026-09-03T15:01:52.818+0000] {dagbag.py:538} INFO - Filling up the DagBag from /opt/airflow/dags/spark_pipeline_dag.py
[2026-09-03T15:01:52.855+0000] {processor.py:840} INFO - DAG(s) 'air_quality_pipeline' retrieved from /opt/airflow/dags/spark_pipeline_dag.py
[2026-09-03T15:01:52.873+0000] {logging_mixin.py:188} INFO - [2026-09-03T15:01:52.873+0000] {dag.py:3036} INFO - Sync 1 DAGs
[2026-09-03T15:01:52.894+0000] {logging_mixin.py:188} INFO - [2026-09-03T15:01:52.893+0000] {dag.py:3823} INFO - Setting next_dagrun for air_quality_pipeline to 2026-09-03 14:05:00+00:00, run_after=2026-09-03 15:05:00+00:00
[2026-09-03T15:01:52.915+0000] {processor.py:183} INFO - Processing /opt/airflow/dags/spark_pipeline_dag.py took 0.106 seconds
[2026-09-03T15:02:23.462+0000] {processor.py:161} INFO - Started process (PID=46917) to work on /opt/airflow/dags/spark_pipeline_dag.py
[2026-09-03T15:02:23.463+0000] {processor.py:830} INFO - Processing file /opt/airflow/dags/spark_pipeline_dag.py for tasks to queue
[2026-09-03T15:02:23.464+0000] {logging_mixin.py:188} INFO - [2026-09-03T15:02:23.464+0000] {dagbag.py:538} INFO - Filling up the DagBag from /opt/airflow/dags/spark_pipeline_dag.py
[2026-09-03T15:02:23.481+0000] {processor.py:840} INFO - DAG(s) 'air_quality_pipeline' retrieved from /opt/airflow/dags/spark_pipeline_dag.py
[2026-09-03T15:02:23.501+0000] {logging_mixin.py:188} INFO - [2026-09-03T15:02:23.500+0000] {dag.py:3036} INFO - Sync 1 DAGs
[2026-09-03T15:02:23.519+0000] {logging_mixin.py:188} INFO - [2026-09-03T15:02:23.519+0000] {dag.py:3823} INFO - Setting next_dagrun for air_quality_pipeline to 2026-09-03 14:05:00+00:00, run_after=2026-09-03 15:05:00+00:00
[2026-09-03T15:02:23.539+0000] {processor.py:183} INFO - Processing /opt/airflow/dags/spark_pipeline_dag.py took 0.079 seconds
[2026-09-03T15:02:53.855+0000] {processor.py:161} INFO - Started process (PID=46927) to work on /opt/airflow/dags/spark_pipeline_dag.py
[2026-09-03T15:02:53.856+0000] {processor.py:830} INFO - Processing file /opt/airflow/dags/spark_pipeline_dag.py for tasks to queue
[2026-09-03T15:02:53.857+0000] {logging_mixin.py:188} INFO - [2026-09-03T15:02:53.857+0000] {dagbag.py:538} INFO - Filling up the DagBag from /opt/airflow/dags/spark_pipeline_dag.py
[2026-09-03T15:02:53.882+0000] {processor.py:840} INFO - DAG(s) 'air_quality_pipeline' retrieved from /opt/airflow/dags/spark_pipeline_dag.py
[2026-09-03T15:02:53.903+0000] {logging_mixin.py:188} INFO - [2026-09-03T15:02:53.902+0000] {dag.py:3036} INFO - Sync 1 DAGs
[2026-09-03T15:02:53.926+0000] {logging_mixin.py:188} INFO - [2026-09-03T15:02:53.925+0000] {dag.py:3823} INFO - Setting next_dagrun for air_quality_pipeline to 2026-09-03 14:05:00+00:00, run_after=2026-09-03 15:05:00+00:00
[2026-09-03T15:02:53.949+0000] {processor.py:183} INFO - Processing /opt/airflow/dags/spark_pipeline_dag.py took 0.097 seconds
[2026-09-03T15:03:24.352+0000] {processor.py:161} INFO - Started process (PID=46937) to work on /opt/airflow/dags/spark_pipeline_dag.py
[2026-09-03T15:03:24.353+0000] {processor.py:830} INFO - Processing file /opt/airflow/dags/spark_pipeline_dag.py for tasks to queue
[2026-09-03T15:03:24.355+0000] {logging_mixin.py:188} INFO - [2026-09-03T15:03:24.354+0000] {dagbag.py:538} INFO - Filling up the DagBag from /opt/airflow/dags/spark_pipeline_dag.py
[2026-09-03T15:03:24.382+0000] {processor.py:840} INFO - DAG(s) 'air_quality_pipeline' retrieved from /opt/airflow/dags/spark_pipeline_dag.py
[2026-09-03T15:03:24.403+0000] {logging_mixin.py:188} INFO - [2026-09-03T15:03:24.402+0000] {dag.py:3036} INFO - Sync 1 DAGs
[2026-09-03T15:03:24.423+0000] {logging_mixin.py:188} INFO - [2026-09-03T15:03:24.423+0000] {dag.py:3823} INFO - Setting next_dagrun for air_quality_pipeline to 2026-09-03 14:05:00+00:00, run_after=2026-09-03 15:05:00+00:00
[2026-09-03T15:03:24.444+0000] {processor.py:183} INFO - Processing /opt/airflow/dags/spark_pipeline_dag.py took 0.096 seconds
[2026-09-03T15:03:54.808+0000] {processor.py:161} INFO - Started process (PID=46947) to work on /opt/airflow/dags/spark_pipeline_dag.py
[2026-09-03T15:03:54.810+0000] {processor.py:830} INFO - Processing file /opt/airflow/dags/spark_pipeline_dag.py for tasks to queue
[2026-09-03T15:03:54.811+0000] {logging_mixin.py:188} INFO - [2026-09-03T15:03:54.811+0000] {dagbag.py:538} INFO - Filling up the DagBag from /opt/airflow/dags/spark_pipeline_dag.py
[2026-09-03T15:03:54.835+0000] {processor.py:840} INFO - DAG(s) 'air_quality_pipeline' retrieved from /opt/airflow/dags/spark_pipeline_dag.py
[2026-09-03T15:03:54.859+0000] {logging_mixin.py:188} INFO - [2026-09-03T15:03:54.859+0000] {dag.py:3036} INFO - Sync 1 DAGs
[2026-09-03T15:03:54.883+0000] {logging_mixin.py:188} INFO - [2026-09-03T15:03:54.882+0000] {dag.py:3823} INFO - Setting next_dagrun for air_quality_pipeline to 2026-09-03 14:05:00+00:00, run_after=2026-09-03 15:05:00+00:00
[2026-09-03T15:03:54.908+0000] {processor.py:183} INFO - Processing /opt/airflow/dags/spark_pipeline_dag.py took 0.103 seconds
[2026-09-03T15:04:25.164+0000] {processor.py:161} INFO - Started process (PID=46957) to work on /opt/airflow/dags/spark_pipeline_dag.py
[2026-09-03T15:04:25.166+0000] {processor.py:830} INFO - Processing file /opt/airflow/dags/spark_pipeline_dag.py for tasks to queue
[2026-09-03T15:04:25.167+0000] {logging_mixin.py:188} INFO - [2026-09-03T15:04:25.167+0000] {dagbag.py:538} INFO - Filling up the DagBag from /opt/airflow/dags/spark_pipeline_dag.py
[2026-09-03T15:04:25.193+0000] {processor.py:840} INFO - DAG(s) 'air_quality_pipeline' retrieved from /opt/airflow/dags/spark_pipeline_dag.py
[2026-09-03T15:04:25.226+0000] {logging_mixin.py:188} INFO - [2026-09-03T15:04:25.225+0000] {dag.py:3036} INFO - Sync 1 DAGs
[2026-09-03T15:04:25.264+0000] {logging_mixin.py:188} INFO - [2026-09-03T15:04:25.264+0000] {dag.py:3823} INFO - Setting next_dagrun for air_quality_pipeline to 2026-09-03 14:05:00+00:00, run_after=2026-09-03 15:05:00+00:00
[2026-09-03T15:04:25.294+0000] {processor.py:183} INFO - Processing /opt/airflow/dags/spark_pipeline_dag.py took 0.133 seconds
[2026-09-03T15:04:55.544+0000] {processor.py:161} INFO - Started process (PID=46967) to work on /opt/airflow/dags/spark_pipeline_dag.py
[2026-09-03T15:04:55.546+0000] {processor.py:830} INFO - Processing file /opt/airflow/dags/spark_pipeline_dag.py for tasks to queue
[2026-09-03T15:04:55.547+0000] {logging_mixin.py:188} INFO - [2026-09-03T15:04:55.546+0000] {dagbag.py:538} INFO - Filling up the DagBag from /opt/airflow/dags/spark_pipeline_dag.py
[2026-09-03T15:04:55.572+0000] {processor.py:840} INFO - DAG(s) 'air_quality_pipeline' retrieved from /opt/airflow/dags/spark_pipeline_dag.py
[2026-09-03T15:04:55.595+0000] {logging_mixin.py:188} INFO - [2026-09-03T15:04:55.595+0000] {dag.py:3036} INFO - Sync 1 DAGs
[2026-09-03T15:04:55.624+0000] {logging_mixin.py:188} INFO - [2026-09-03T15:04:55.623+0000] {dag.py:3823} INFO - Setting next_dagrun for air_quality_pipeline to 2026-09-03 14:05:00+00:00, run_after=2026-09-03 15:05:00+00:00
[2026-09-03T15:04:55.648+0000] {processor.py:183} INFO - Processing /opt/airflow/dags/spark_pipeline_dag.py took 0.107 seconds
[2026-09-03T15:05:25.891+0000] {processor.py:161} INFO - Started process (PID=46979) to work on /opt/airflow/dags/spark_pipeline_dag.py
[2026-09-03T15:05:25.892+0000] {processor.py:830} INFO - Processing file /opt/airflow/dags/spark_pipeline_dag.py for tasks to queue
[2026-09-03T15:05:25.893+0000] {logging_mixin.py:188} INFO - [2026-09-03T15:05:25.893+0000] {dagbag.py:538} INFO - Filling up the DagBag from /opt/airflow/dags/spark_pipeline_dag.py
[2026-09-03T15:05:25.917+0000] {processor.py:840} INFO - DAG(s) 'air_quality_pipeline' retrieved from /opt/airflow/dags/spark_pipeline_dag.py
[2026-09-03T15:05:25.940+0000] {logging_mixin.py:188} INFO - [2026-09-03T15:05:25.940+0000] {dag.py:3036} INFO - Sync 1 DAGs
[2026-09-03T15:05:25.962+0000] {logging_mixin.py:188} INFO - [2026-09-03T15:05:25.961+0000] {dag.py:3823} INFO - Setting next_dagrun for air_quality_pipeline to 2026-09-03 15:05:00+00:00, run_after=2026-09-03 16:05:00+00:00
[2026-09-03T15:05:25.981+0000] {processor.py:183} INFO - Processing /opt/airflow/dags/spark_pipeline_dag.py took 0.093 seconds
[2026-09-03T15:05:56.230+0000] {processor.py:161} INFO - Started process (PID=46989) to work on /opt/airflow/dags/spark_pipeline_dag.py
[2026-09-03T15:05:56.231+0000] {processor.py:830} INFO - Processing file /opt/airflow/dags/spark_pipeline_dag.py for tasks to queue
[2026-09-03T15:05:56.232+0000] {logging_mixin.py:188} INFO - [2026-09-03T15:05:56.232+0000] {dagbag.py:538} INFO - Filling up the DagBag from /opt/airflow/dags/spark_pipeline_dag.py
[2026-09-03T15:05:56.261+0000] {processor.py:840} INFO - DAG(s) 'air_quality_pipeline' retrieved from /opt/airflow/dags/spark_pipeline_dag.py
[2026-09-03T15:05:56.283+0000] {logging_mixin.py:188} INFO - [2026-09-03T15:05:56.283+0000] {dag.py:3036} INFO - Sync 1 DAGs
[2026-09-03T15:05:56.305+0000] {logging_mixin.py:188} INFO - [2026-09-03T15:05:56.305+0000] {dag.py:3823} INFO - Setting next_dagrun for air_quality_pipeline to 2026-09-03 15:05:00+00:00, run_after=2026-09-03 16:05:00+00:00
[2026-09-03T15:05:56.328+0000] {processor.py:183} INFO - Processing /opt/airflow/dags/spark_pipeline_dag.py took 0.101 seconds
[2026-09-03T15:06:26.605+0000] {processor.py:161} INFO - Started process (PID=46999) to work on /opt/airflow/dags/spark_pipeline_dag.py
[2026-09-03T15:06:26.606+0000] {processor.py:830} INFO - Processing file /opt/airflow/dags/spark_pipeline_dag.py for tasks to queue
[2026-09-03T15:06:26.608+0000] {logging_mixin.py:188} INFO - [2026-09-03T15:06:26.607+0000] {dagbag.py:538} INFO - Filling up the DagBag from /opt/airflow/dags/spark_pipeline_dag.py
[2026-09-03T15:06:26.655+0000] {processor.py:840} INFO - DAG(s) 'air_quality_pipeline' retrieved from /opt/airflow/dags/spark_pipeline_dag.py
[2026-09-03T15:06:26.716+0000] {logging_mixin.py:188} INFO - [2026-09-03T15:06:26.715+0000] {dag.py:3036} INFO - Sync 1 DAGs
[2026-09-03T15:06:26.747+0000] {logging_mixin.py:188} INFO - [2026-09-03T15:06:26.746+0000] {dag.py:3823} INFO - Setting next_dagrun for air_quality_pipeline to 2026-09-03 15:05:00+00:00, run_after=2026-09-03 16:05:00+00:00
[2026-09-03T15:06:26.787+0000] {processor.py:183} INFO - Processing /opt/airflow/dags/spark_pipeline_dag.py took 0.186 seconds
[2026-09-03T15:06:57.110+0000] {processor.py:161} INFO - Started process (PID=47009) to work on /opt/airflow/dags/spark_pipeline_dag.py
[2026-09-03T15:06:57.112+0000] {processor.py:830} INFO - Processing file /opt/airflow/dags/spark_pipeline_dag.py for tasks to queue
[2026-09-03T15:06:57.113+0000] {logging_mixin.py:188} INFO - [2026-09-03T15:06:57.113+0000] {dagbag.py:538} INFO - Filling up the DagBag from /opt/airflow/dags/spark_pipeline_dag.py
[2026-09-03T15:06:57.145+0000] {processor.py:840} INFO - DAG(s) 'air_quality_pipeline' retrieved from /opt/airflow/dags/spark_pipeline_dag.py
[2026-09-03T15:06:57.177+0000] {logging_mixin.py:188} INFO - [2026-09-03T15:06:57.176+0000] {dag.py:3036} INFO - Sync 1 DAGs
[2026-09-03T15:06:57.218+0000] {logging_mixin.py:188} INFO - [2026-09-03T15:06:57.218+0000] {dag.py:3823} INFO - Setting next_dagrun for air_quality_pipeline to 2026-09-03 15:05:00+00:00, run_after=2026-09-03 16:05:00+00:00
[2026-09-03T15:06:57.267+0000] {processor.py:183} INFO - Processing /opt/airflow/dags/spark_pipeline_dag.py took 0.160 seconds
[2026-09-03T15:07:27.693+0000] {processor.py:161} INFO - Started process (PID=47019) to work on /opt/airflow/dags/spark_pipeline_dag.py
[2026-09-03T15:07:27.694+0000] {processor.py:830} INFO - Processing file /opt/airflow/dags/spark_pipeline_dag.py for tasks to queue
[2026-09-03T15:07:27.696+0000] {logging_mixin.py:188} INFO - [2026-09-03T15:07:27.695+0000] {dagbag.py:538} INFO - Filling up the DagBag from /opt/airflow/dags/spark_pipeline_dag.py
[2026-09-03T15:07:27.728+0000] {processor.py:840} INFO - DAG(s) 'air_quality_pipeline' retrieved from /opt/airflow/dags/spark_pipeline_dag.py
[2026-09-03T15:07:27.762+0000] {logging_mixin.py:188} INFO - [2026-09-03T15:07:27.762+0000] {dag.py:3036} INFO - Sync 1 DAGs
[2026-09-03T15:07:27.791+0000] {logging_mixin.py:188} INFO - [2026-09-03T15:07:27.791+0000] {dag.py:3823} INFO - Setting next_dagrun for air_quality_pipeline to 2026-09-03 15:05:00+00:00, run_after=2026-09-03 16:05:00+00:00
[2026-09-03T15:07:27.811+0000] {processor.py:183} INFO - Processing /opt/airflow/dags/spark_pipeline_dag.py took 0.125 seconds
[2026-09-03T15:07:58.249+0000] {processor.py:161} INFO - Started process (PID=47029) to work on /opt/airflow/dags/spark_pipeline_dag.py
[2026-09-03T15:07:58.251+0000] {processor.py:830} INFO - Processing file /opt/airflow/dags/spark_pipeline_dag.py for tasks to queue
[2026-09-03T15:07:58.251+0000] {logging_mixin.py:188} INFO - [2026-09-03T15:07:58.251+0000] {dagbag.py:538} INFO - Filling up the DagBag from /opt/airflow/dags/spark_pipeline_dag.py
[2026-09-03T15:07:58.274+0000] {processor.py:840} INFO - DAG(s) 'air_quality_pipeline' retrieved from /opt/airflow/dags/spark_pipeline_dag.py
[2026-09-03T15:07:58.292+0000] {logging_mixin.py:188} INFO - [2026-09-03T15:07:58.292+0000] {dag.py:3036} INFO - Sync 1 DAGs
[2026-09-03T15:07:58.314+0000] {logging_mixin.py:188} INFO - [2026-09-03T15:07:58.314+0000] {dag.py:3823} INFO - Setting next_dagrun for air_quality_pipeline to 2026-09-03 15:05:00+00:00, run_after=2026-09-03 16:05:00+00:00
[2026-09-03T15:07:58.335+0000] {processor.py:183} INFO - Processing /opt/airflow/dags/spark_pipeline_dag.py took 0.088 seconds
[2026-09-03T15:08:28.742+0000] {processor.py:161} INFO - Started process (PID=47039) to work on /opt/airflow/dags/spark_pipeline_dag.py
[2026-09-03T15:08:28.743+0000] {processor.py:830} INFO - Processing file /opt/airflow/dags/spark_pipeline_dag.py for tasks to queue
[2026-09-03T15:08:28.744+0000] {logging_mixin.py:188} INFO - [2026-09-03T15:08:28.744+0000] {dagbag.py:538} INFO - Filling up the DagBag from /opt/airflow/dags/spark_pipeline_dag.py
[2026-09-03T15:08:28.764+0000] {processor.py:840} INFO - DAG(s) 'air_quality_pipeline' retrieved from /opt/airflow/dags/spark_pipeline_dag.py
[2026-09-03T15:08:28.783+0000] {logging_mixin.py:188} INFO - [2026-09-03T15:08:28.783+0000] {dag.py:3036} INFO - Sync 1 DAGs
[2026-09-03T15:08:28.808+0000] {logging_mixin.py:188} INFO - [2026-09-03T15:08:28.808+0000] {dag.py:3823} INFO - Setting next_dagrun for air_quality_pipeline to 2026-09-03 15:05:00+00:00, run_after=2026-09-03 16:05:00+00:00
[2026-09-03T15:08:28.828+0000] {processor.py:183} INFO - Processing /opt/airflow/dags/spark_pipeline_dag.py took 0.089 seconds
[2026-09-03T15:08:59.336+0000] {processor.py:161} INFO - Started process (PID=47049) to work on /opt/airflow/dags/spark_pipeline_dag.py
[2026-09-03T15:08:59.341+0000] {processor.py:830} INFO - Processing file /opt/airflow/dags/spark_pipeline_dag.py for tasks to queue
[2026-09-03T15:08:59.343+0000] {logging_mixin.py:188} INFO - [2026-09-03T15:08:59.343+0000] {dagbag.py:538} INFO - Filling up the DagBag from /opt/airflow/dags/spark_pipeline_dag.py
[2026-09-03T15:08:59.382+0000] {processor.py:840} INFO - DAG(s) 'air_quality_pipeline' retrieved from /opt/airflow/dags/spark_pipeline_dag.py
[2026-09-03T15:08:59.404+0000] {logging_mixin.py:188} INFO - [2026-09-03T15:08:59.404+0000] {dag.py:3036} INFO - Sync 1 DAGs
[2026-09-03T15:08:59.428+0000] {logging_mixin.py:188} INFO - [2026-09-03T15:08:59.428+0000] {dag.py:3823} INFO - Setting next_dagrun for air_quality_pipeline to 2026-09-03 15:05:00+00:00, run_after=2026-09-03 16:05:00+00:00
[2026-09-03T15:08:59.447+0000] {processor.py:183} INFO - Processing /opt/airflow/dags/spark_pipeline_dag.py took 0.114 seconds
[2026-09-03T15:09:29.824+0000] {processor.py:161} INFO - Started process (PID=47059) to work on /opt/airflow/dags/spark_pipeline_dag.py
[2026-09-03T15:09:29.825+0000] {processor.py:830} INFO - Processing file /opt/airflow/dags/spark_pipeline_dag.py for tasks to queue
[2026-09-03T15:09:29.826+0000] {logging_mixin.py:188} INFO - [2026-09-03T15:09:29.826+0000] {dagbag.py:538} INFO - Filling up the DagBag from /opt/airflow/dags/spark_pipeline_dag.py
[2026-09-03T15:09:29.850+0000] {processor.py:840} INFO - DAG(s) 'air_quality_pipeline' retrieved from /opt/airflow/dags/spark_pipeline_dag.py
[2026-09-03T15:09:29.869+0000] {logging_mixin.py:188} INFO - [2026-09-03T15:09:29.869+0000] {dag.py:3036} INFO - Sync 1 DAGs
[2026-09-03T15:09:29.890+0000] {logging_mixin.py:188} INFO - [2026-09-03T15:09:29.890+0000] {dag.py:3823} INFO - Setting next_dagrun for air_quality_pipeline to 2026-09-03 15:05:00+00:00, run_after=2026-09-03 16:05:00+00:00
[2026-09-03T15:09:29.909+0000] {processor.py:183} INFO - Processing /opt/airflow/dags/spark_pipeline_dag.py took 0.087 seconds
[2026-09-03T15:10:00.277+0000] {processor.py:161} INFO - Started process (PID=47069) to work on /opt/airflow/dags/spark_pipeline_dag.py
[2026-09-03T15:10:00.278+0000] {processor.py:830} INFO - Processing file /opt/airflow/dags/spark_pipeline_dag.py for tasks to queue
[2026-09-03T15:10:00.279+0000] {logging_mixin.py:188} INFO - [2026-09-03T15:10:00.279+0000] {dagbag.py:538} INFO - Filling up the DagBag from /opt/airflow/dags/spark_pipeline_dag.py
[2026-09-03T15:10:00.302+0000] {processor.py:840} INFO - DAG(s) 'air_quality_pipeline' retrieved from /opt/airflow/dags/spark_pipeline_dag.py
[2026-09-03T15:10:00.327+0000] {logging_mixin.py:188} INFO - [2026-09-03T15:10:00.327+0000] {dag.py:3036} INFO - Sync 1 DAGs
[2026-09-03T15:10:00.353+0000] {logging_mixin.py:188} INFO - [2026-09-03T15:10:00.352+0000] {dag.py:3823} INFO - Setting next_dagrun for air_quality_pipeline to 2026-09-03 15:05:00+00:00, run_after=2026-09-03 16:05:00+00:00
[2026-09-03T15:10:00.374+0000] {processor.py:183} INFO - Processing /opt/airflow/dags/spark_pipeline_dag.py took 0.100 seconds
[2026-09-03T15:10:30.825+0000] {processor.py:161} INFO - Started process (PID=47079) to work on /opt/airflow/dags/spark_pipeline_dag.py
[2026-09-03T15:10:30.826+0000] {processor.py:830} INFO - Processing file /opt/airflow/dags/spark_pipeline_dag.py for tasks to queue
[2026-09-03T15:10:30.827+0000] {logging_mixin.py:188} INFO - [2026-09-03T15:10:30.827+0000] {dagbag.py:538} INFO - Filling up the DagBag from /opt/airflow/dags/spark_pipeline_dag.py
[2026-09-03T15:10:30.852+0000] {processor.py:840} INFO - DAG(s) 'air_quality_pipeline' retrieved from /opt/airflow/dags/spark_pipeline_dag.py
[2026-09-03T15:10:30.871+0000] {logging_mixin.py:188} INFO - [2026-09-03T15:10:30.871+0000] {dag.py:3036} INFO - Sync 1 DAGs
[2026-09-03T15:10:30.888+0000] {logging_mixin.py:188} INFO - [2026-09-03T15:10:30.888+0000] {dag.py:3823} INFO - Setting next_dagrun for air_quality_pipeline to 2026-09-03 15:05:00+00:00, run_after=2026-09-03 16:05:00+00:00
[2026-09-03T15:10:30.907+0000] {processor.py:183} INFO - Processing /opt/airflow/dags/spark_pipeline_dag.py took 0.085 seconds
[2026-09-03T15:11:01.326+0000] {processor.py:161} INFO - Started process (PID=47089) to work on /opt/airflow/dags/spark_pipeline_dag.py
[2026-09-03T15:11:01.327+0000] {processor.py:830} INFO - Processing file /opt/airflow/dags/spark_pipeline_dag.py for tasks to queue
[2026-09-03T15:11:01.328+0000] {logging_mixin.py:188} INFO - [2026-09-03T15:11:01.328+0000] {dagbag.py:538} INFO - Filling up the DagBag from /opt/airflow/dags/spark_pipeline_dag.py
[2026-09-03T15:11:01.352+0000] {processor.py:840} INFO - DAG(s) 'air_quality_pipeline' retrieved from /opt/airflow/dags/spark_pipeline_dag.py
[2026-09-03T15:11:01.372+0000] {logging_mixin.py:188} INFO - [2026-09-03T15:11:01.372+0000] {dag.py:3036} INFO - Sync 1 DAGs
[2026-09-03T15:11:01.390+0000] {logging_mixin.py:188} INFO - [2026-09-03T15:11:01.390+0000] {dag.py:3823} INFO - Setting next_dagrun for air_quality_pipeline to 2026-09-03 15:05:00+00:00, run_after=2026-09-03 16:05:00+00:00
[2026-09-03T15:11:01.410+0000] {processor.py:183} INFO - Processing /opt/airflow/dags/spark_pipeline_dag.py took 0.086 seconds
[2026-09-03T15:11:31.759+0000] {processor.py:161} INFO - Started process (PID=47099) to work on /opt/airflow/dags/spark_pipeline_dag.py
[2026-09-03T15:11:31.761+0000] {processor.py:830} INFO - Processing file /opt/airflow/dags/spark_pipeline_dag.py for tasks to queue
[2026-09-03T15:11:31.762+0000] {logging_mixin.py:188} INFO - [2026-09-03T15:11:31.762+0000] {dagbag.py:538} INFO - Filling up the DagBag from /opt/airflow/dags/spark_pipeline_dag.py
[2026-09-03T15:11:31.785+0000] {processor.py:840} INFO - DAG(s) 'air_quality_pipeline' retrieved from /opt/airflow/dags/spark_pipeline_dag.py
[2026-09-03T15:11:31.803+0000] {logging_mixin.py:188} INFO - [2026-09-03T15:11:31.803+0000] {dag.py:3036} INFO - Sync 1 DAGs
[2026-09-03T15:11:31.820+0000] {logging_mixin.py:188} INFO - [2026-09-03T15:11:31.820+0000] {dag.py:3823} INFO - Setting next_dagrun for air_quality_pipeline to 2026-09-03 15:05:00+00:00, run_after=2026-09-03 16:05:00+00:00
[2026-09-03T15:11:31.839+0000] {processor.py:183} INFO - Processing /opt/airflow/dags/spark_pipeline_dag.py took 0.082 seconds
[2026-09-03T15:12:02.224+0000] {processor.py:161} INFO - Started process (PID=47109) to work on /opt/airflow/dags/spark_pipeline_dag.py
[2026-09-03T15:12:02.226+0000] {processor.py:830} INFO - Processing file /opt/airflow/dags/spark_pipeline_dag.py for tasks to queue
[2026-09-03T15:12:02.227+0000] {logging_mixin.py:188} INFO - [2026-09-03T15:12:02.226+0000] {dagbag.py:538} INFO - Filling up the DagBag from /opt/airflow/dags/spark_pipeline_dag.py
[2026-09-03T15:12:02.250+0000] {processor.py:840} INFO - DAG(s) 'air_quality_pipeline' retrieved from /opt/airflow/dags/spark_pipeline_dag.py
[2026-09-03T15:12:02.270+0000] {logging_mixin.py:188} INFO - [2026-09-03T15:12:02.269+0000] {dag.py:3036} INFO - Sync 1 DAGs
[2026-09-03T15:12:02.290+0000] {logging_mixin.py:188} INFO - [2026-09-03T15:12:02.289+0000] {dag.py:3823} INFO - Setting next_dagrun for air_quality_pipeline to 2026-09-03 15:05:00+00:00, run_after=2026-09-03 16:05:00+00:00
[2026-09-03T15:12:02.310+0000] {processor.py:183} INFO - Processing /opt/airflow/dags/spark_pipeline_dag.py took 0.089 seconds
[2026-09-03T15:12:32.746+0000] {processor.py:161} INFO - Started process (PID=47119) to work on /opt/airflow/dags/spark_pipeline_dag.py
[2026-09-03T15:12:32.770+0000] {processor.py:830} INFO - Processing file /opt/airflow/dags/spark_pipeline_dag.py for tasks to queue
[2026-09-03T15:12:32.771+0000] {logging_mixin.py:188} INFO - [2026-09-03T15:12:32.771+0000] {dagbag.py:538} INFO - Filling up the DagBag from /opt/airflow/dags/spark_pipeline_dag.py
[2026-09-03T15:12:32.799+0000] {processor.py:840} INFO - DAG(s) 'air_quality_pipeline' retrieved from /opt/airflow/dags/spark_pipeline_dag.py
[2026-09-03T15:12:32.819+0000] {logging_mixin.py:188} INFO - [2026-09-03T15:12:32.819+0000] {dag.py:3036} INFO - Sync 1 DAGs
[2026-09-03T15:12:32.840+0000] {logging_mixin.py:188} INFO - [2026-09-03T15:12:32.840+0000] {dag.py:3823} INFO - Setting next_dagrun for air_quality_pipeline to 2026-09-03 15:05:00+00:00, run_after=2026-09-03 16:05:00+00:00
[2026-09-03T15:12:32.862+0000] {processor.py:183} INFO - Processing /opt/airflow/dags/spark_pipeline_dag.py took 0.119 seconds
[2026-09-03T15:13:03.259+0000] {processor.py:161} INFO - Started process (PID=47129) to work on /opt/airflow/dags/spark_pipeline_dag.py
[2026-09-03T15:13:03.260+0000] {processor.py:830} INFO - Processing file /opt/airflow/dags/spark_pipeline_dag.py for tasks to queue
[2026-09-03T15:13:03.261+0000] {logging_mixin.py:188} INFO - [2026-09-03T15:13:03.260+0000] {dagbag.py:538} INFO - Filling up the DagBag from /opt/airflow/dags/spark_pipeline_dag.py
[2026-09-03T15:13:03.287+0000] {processor.py:840} INFO - DAG(s) 'air_quality_pipeline' retrieved from /opt/airflow/dags/spark_pipeline_dag.py
[2026-09-03T15:13:03.306+0000] {logging_mixin.py:188} INFO - [2026-09-03T15:13:03.306+0000] {dag.py:3036} INFO - Sync 1 DAGs
[2026-09-03T15:13:03.333+0000] {logging_mixin.py:188} INFO - [2026-09-03T15:13:03.333+0000] {dag.py:3823} INFO - Setting next_dagrun for air_quality_pipeline to 2026-09-03 15:05:00+00:00, run_after=2026-09-03 16:05:00+00:00
[2026-09-03T15:13:03.356+0000] {processor.py:183} INFO - Processing /opt/airflow/dags/spark_pipeline_dag.py took 0.100 seconds
[2026-09-03T15:13:33.840+0000] {processor.py:161} INFO - Started process (PID=47139) to work on /opt/airflow/dags/spark_pipeline_dag.py
[2026-09-03T15:13:33.841+0000] {processor.py:830} INFO - Processing file /opt/airflow/dags/spark_pipeline_dag.py for tasks to queue
[2026-09-03T15:13:33.843+0000] {logging_mixin.py:188} INFO - [2026-09-03T15:13:33.842+0000] {dagbag.py:538} INFO - Filling up the DagBag from /opt/airflow/dags/spark_pipeline_dag.py
[2026-09-03T15:13:33.863+0000] {processor.py:840} INFO - DAG(s) 'air_quality_pipeline' retrieved from /opt/airflow/dags/spark_pipeline_dag.py
[2026-09-03T15:13:33.880+0000] {logging_mixin.py:188} INFO - [2026-09-03T15:13:33.880+0000] {dag.py:3036} INFO - Sync 1 DAGs
[2026-09-03T15:13:33.897+0000] {logging_mixin.py:188} INFO - [2026-09-03T15:13:33.897+0000] {dag.py:3823} INFO - Setting next_dagrun for air_quality_pipeline to 2026-09-03 15:05:00+00:00, run_after=2026-09-03 16:05:00+00:00
[2026-09-03T15:13:33.916+0000] {processor.py:183} INFO - Processing /opt/airflow/dags/spark_pipeline_dag.py took 0.079 seconds
[2026-09-03T15:14:04.283+0000] {processor.py:161} INFO - Started process (PID=47149) to work on /opt/airflow/dags/spark_pipeline_dag.py
[2026-09-03T15:14:04.285+0000] {processor.py:830} INFO - Processing file /opt/airflow/dags/spark_pipeline_dag.py for tasks to queue
[2026-09-03T15:14:04.286+0000] {logging_mixin.py:188} INFO - [2026-09-03T15:14:04.286+0000] {dagbag.py:538} INFO - Filling up the DagBag from /opt/airflow/dags/spark_pipeline_dag.py
[2026-09-03T15:14:04.395+0000] {processor.py:840} INFO - DAG(s) 'air_quality_pipeline' retrieved from /opt/airflow/dags/spark_pipeline_dag.py
[2026-09-03T15:14:04.414+0000] {logging_mixin.py:188} INFO - [2026-09-03T15:14:04.414+0000] {dag.py:3036} INFO - Sync 1 DAGs
[2026-09-03T15:14:04.435+0000] {logging_mixin.py:188} INFO - [2026-09-03T15:14:04.435+0000] {dag.py:3823} INFO - Setting next_dagrun for air_quality_pipeline to 2026-09-03 15:05:00+00:00, run_after=2026-09-03 16:05:00+00:00
[2026-09-03T15:14:04.457+0000] {processor.py:183} INFO - Processing /opt/airflow/dags/spark_pipeline_dag.py took 0.178 seconds
[2026-09-03T15:14:34.809+0000] {processor.py:161} INFO - Started process (PID=47159) to work on /opt/airflow/dags/spark_pipeline_dag.py
[2026-09-03T15:14:34.810+0000] {processor.py:830} INFO - Processing file /opt/airflow/dags/spark_pipeline_dag.py for tasks to queue
[2026-09-03T15:14:34.812+0000] {logging_mixin.py:188} INFO - [2026-09-03T15:14:34.812+0000] {dagbag.py:538} INFO - Filling up the DagBag from /opt/airflow/dags/spark_pipeline_dag.py
[2026-09-03T15:14:34.835+0000] {processor.py:840} INFO - DAG(s) 'air_quality_pipeline' retrieved from /opt/airflow/dags/spark_pipeline_dag.py
[2026-09-03T15:14:34.853+0000] {logging_mixin.py:188} INFO - [2026-09-03T15:14:34.853+0000] {dag.py:3036} INFO - Sync 1 DAGs
[2026-09-03T15:14:34.869+0000] {logging_mixin.py:188} INFO - [2026-09-03T15:14:34.869+0000] {dag.py:3823} INFO - Setting next_dagrun for air_quality_pipeline to 2026-09-03 15:05:00+00:00, run_after=2026-09-03 16:05:00+00:00
[2026-09-03T15:14:34.888+0000] {processor.py:183} INFO - Processing /opt/airflow/dags/spark_pipeline_dag.py took 0.082 seconds
[2026-09-03T15:15:05.464+0000] {processor.py:161} INFO - Started process (PID=47169) to work on /opt/airflow/dags/spark_pipeline_dag.py
[2026-09-03T15:15:05.466+0000] {processor.py:830} INFO - Processing file /opt/airflow/dags/spark_pipeline_dag.py for tasks to queue
[2026-09-03T15:15:05.467+0000] {logging_mixin.py:188} INFO - [2026-09-03T15:15:05.466+0000] {dagbag.py:538} INFO - Filling up the DagBag from /opt/airflow/dags/spark_pipeline_dag.py
[2026-09-03T15:15:05.489+0000] {processor.py:840} INFO - DAG(s) 'air_quality_pipeline' retrieved from /opt/airflow/dags/spark_pipeline_dag.py
[2026-09-03T15:15:05.509+0000] {logging_mixin.py:188} INFO - [2026-09-03T15:15:05.509+0000] {dag.py:3036} INFO - Sync 1 DAGs
[2026-09-03T15:15:05.537+0000] {logging_mixin.py:188} INFO - [2026-09-03T15:15:05.537+0000] {dag.py:3823} INFO - Setting next_dagrun for air_quality_pipeline to 2026-09-03 15:05:00+00:00, run_after=2026-09-03 16:05:00+00:00
[2026-09-03T15:15:05.556+0000] {processor.py:183} INFO - Processing /opt/airflow/dags/spark_pipeline_dag.py took 0.097 seconds
[2026-09-03T15:15:36.040+0000] {processor.py:161} INFO - Started process (PID=47179) to work on /opt/airflow/dags/spark_pipeline_dag.py
[2026-09-03T15:15:36.042+0000] {processor.py:830} INFO - Processing file /opt/airflow/dags/spark_pipeline_dag.py for tasks to queue
[2026-09-03T15:15:36.043+0000] {logging_mixin.py:188} INFO - [2026-09-03T15:15:36.043+0000] {dagbag.py:538} INFO - Filling up the DagBag from /opt/airflow/dags/spark_pipeline_dag.py
[2026-09-03T15:15:36.067+0000] {processor.py:840} INFO - DAG(s) 'air_quality_pipeline' retrieved from /opt/airflow/dags/spark_pipeline_dag.py
[2026-09-03T15:15:36.086+0000] {logging_mixin.py:188} INFO - [2026-09-03T15:15:36.086+0000] {dag.py:3036} INFO - Sync 1 DAGs
[2026-09-03T15:15:36.109+0000] {logging_mixin.py:188} INFO - [2026-09-03T15:15:36.108+0000] {dag.py:3823} INFO - Setting next_dagrun for air_quality_pipeline to 2026-09-03 15:05:00+00:00, run_after=2026-09-03 16:05:00+00:00
[2026-09-03T15:15:36.130+0000] {processor.py:183} INFO - Processing /opt/airflow/dags/spark_pipeline_dag.py took 0.093 seconds
[2026-09-03T15:16:06.674+0000] {processor.py:161} INFO - Started process (PID=47189) to work on /opt/airflow/dags/spark_pipeline_dag.py
[2026-09-03T15:16:06.675+0000] {processor.py:830} INFO - Processing file /opt/airflow/dags/spark_pipeline_dag.py for tasks to queue
[2026-09-03T15:16:06.676+0000] {logging_mixin.py:188} INFO - [2026-09-03T15:16:06.676+0000] {dagbag.py:538} INFO - Filling up the DagBag from /opt/airflow/dags/spark_pipeline_dag.py
[2026-09-03T15:16:06.697+0000] {processor.py:840} INFO - DAG(s) 'air_quality_pipeline' retrieved from /opt/airflow/dags/spark_pipeline_dag.py
[2026-09-03T15:16:06.715+0000] {logging_mixin.py:188} INFO - [2026-09-03T15:16:06.715+0000] {dag.py:3036} INFO - Sync 1 DAGs
[2026-09-03T15:16:06.738+0000] {logging_mixin.py:188} INFO - [2026-09-03T15:16:06.738+0000] {dag.py:3823} INFO - Setting next_dagrun for air_quality_pipeline to 2026-09-03 15:05:00+00:00, run_after=2026-09-03 16:05:00+00:00
[2026-09-03T15:16:06.757+0000] {processor.py:183} INFO - Processing /opt/airflow/dags/spark_pipeline_dag.py took 0.086 seconds
[2026-09-03T15:16:37.114+0000] {processor.py:161} INFO - Started process (PID=47199) to work on /opt/airflow/dags/spark_pipeline_dag.py
[2026-09-03T15:16:37.116+0000] {processor.py:830} INFO - Processing file /opt/airflow/dags/spark_pipeline_dag.py for tasks to queue
[2026-09-03T15:16:37.117+0000] {logging_mixin.py:188} INFO - [2026-09-03T15:16:37.116+0000] {dagbag.py:538} INFO - Filling up the DagBag from /opt/airflow/dags/spark_pipeline_dag.py
[2026-09-03T15:16:37.141+0000] {processor.py:840} INFO - DAG(s) 'air_quality_pipeline' retrieved from /opt/airflow/dags/spark_pipeline_dag.py
[2026-09-03T15:16:37.161+0000] {logging_mixin.py:188} INFO - [2026-09-03T15:16:37.161+0000] {dag.py:3036} INFO - Sync 1 DAGs
[2026-09-03T15:16:37.185+0000] {logging_mixin.py:188} INFO - [2026-09-03T15:16:37.184+0000] {dag.py:3823} INFO - Setting next_dagrun for air_quality_pipeline to 2026-09-03 15:05:00+00:00, run_after=2026-09-03 16:05:00+00:00
[2026-09-03T15:16:37.204+0000] {processor.py:183} INFO - Processing /opt/airflow/dags/spark_pipeline_dag.py took 0.092 seconds
[2026-09-03T15:17:07.693+0000] {processor.py:161} INFO - Started process (PID=47209) to work on /opt/airflow/dags/spark_pipeline_dag.py
[2026-09-03T15:17:07.694+0000] {processor.py:830} INFO - Processing file /opt/airflow/dags/spark_pipeline_dag.py for tasks to queue
[2026-09-03T15:17:07.698+0000] {logging_mixin.py:188} INFO - [2026-09-03T15:17:07.698+0000] {dagbag.py:538} INFO - Filling up the DagBag from /opt/airflow/dags/spark_pipeline_dag.py
[2026-09-03T15:17:07.722+0000] {processor.py:840} INFO - DAG(s) 'air_quality_pipeline' retrieved from /opt/airflow/dags/spark_pipeline_dag.py
[2026-09-03T15:17:07.743+0000] {logging_mixin.py:188} INFO - [2026-09-03T15:17:07.743+0000] {dag.py:3036} INFO - Sync 1 DAGs
[2026-09-03T15:17:07.767+0000] {logging_mixin.py:188} INFO - [2026-09-03T15:17:07.766+0000] {dag.py:3823} INFO - Setting next_dagrun for air_quality_pipeline to 2026-09-03 15:05:00+00:00, run_after=2026-09-03 16:05:00+00:00
[2026-09-03T15:17:07.788+0000] {processor.py:183} INFO - Processing /opt/airflow/dags/spark_pipeline_dag.py took 0.098 seconds
[2026-09-03T15:17:38.165+0000] {processor.py:161} INFO - Started process (PID=47219) to work on /opt/airflow/dags/spark_pipeline_dag.py
[2026-09-03T15:17:38.167+0000] {processor.py:830} INFO - Processing file /opt/airflow/dags/spark_pipeline_dag.py for tasks to queue
[2026-09-03T15:17:38.169+0000] {logging_mixin.py:188} INFO - [2026-09-03T15:17:38.168+0000] {dagbag.py:538} INFO - Filling up the DagBag from /opt/airflow/dags/spark_pipeline_dag.py
[2026-09-03T15:17:38.185+0000] {processor.py:840} INFO - DAG(s) 'air_quality_pipeline' retrieved from /opt/airflow/dags/spark_pipeline_dag.py
[2026-09-03T15:17:38.202+0000] {logging_mixin.py:188} INFO - [2026-09-03T15:17:38.202+0000] {dag.py:3036} INFO - Sync 1 DAGs
[2026-09-03T15:17:38.218+0000] {logging_mixin.py:188} INFO - [2026-09-03T15:17:38.218+0000] {dag.py:3823} INFO - Setting next_dagrun for air_quality_pipeline to 2026-09-03 15:05:00+00:00, run_after=2026-09-03 16:05:00+00:00
[2026-09-03T15:17:38.235+0000] {processor.py:183} INFO - Processing /opt/airflow/dags/spark_pipeline_dag.py took 0.072 seconds
[2026-09-03T15:18:08.652+0000] {processor.py:161} INFO - Started process (PID=47229) to work on /opt/airflow/dags/spark_pipeline_dag.py
[2026-09-03T15:18:08.654+0000] {processor.py:830} INFO - Processing file /opt/airflow/dags/spark_pipeline_dag.py for tasks to queue
[2026-09-03T15:18:08.654+0000] {logging_mixin.py:188} INFO - [2026-09-03T15:18:08.654+0000] {dagbag.py:538} INFO - Filling up the DagBag from /opt/airflow/dags/spark_pipeline_dag.py
[2026-09-03T15:18:08.675+0000] {processor.py:840} INFO - DAG(s) 'air_quality_pipeline' retrieved from /opt/airflow/dags/spark_pipeline_dag.py
[2026-09-03T15:18:08.693+0000] {logging_mixin.py:188} INFO - [2026-09-03T15:18:08.693+0000] {dag.py:3036} INFO - Sync 1 DAGs
[2026-09-03T15:18:08.713+0000] {logging_mixin.py:188} INFO - [2026-09-03T15:18:08.713+0000] {dag.py:3823} INFO - Setting next_dagrun for air_quality_pipeline to 2026-09-03 15:05:00+00:00, run_after=2026-09-03 16:05:00+00:00
[2026-09-03T15:18:08.733+0000] {processor.py:183} INFO - Processing /opt/airflow/dags/spark_pipeline_dag.py took 0.084 seconds
[2026-09-03T15:18:39.138+0000] {processor.py:161} INFO - Started process (PID=47239) to work on /opt/airflow/dags/spark_pipeline_dag.py
[2026-09-03T15:18:39.139+0000] {processor.py:830} INFO - Processing file /opt/airflow/dags/spark_pipeline_dag.py for tasks to queue
[2026-09-03T15:18:39.140+0000] {logging_mixin.py:188} INFO - [2026-09-03T15:18:39.140+0000] {dagbag.py:538} INFO - Filling up the DagBag from /opt/airflow/dags/spark_pipeline_dag.py
[2026-09-03T15:18:39.167+0000] {processor.py:840} INFO - DAG(s) 'air_quality_pipeline' retrieved from /opt/airflow/dags/spark_pipeline_dag.py
[2026-09-03T15:18:39.195+0000] {logging_mixin.py:188} INFO - [2026-09-03T15:18:39.195+0000] {dag.py:3036} INFO - Sync 1 DAGs
[2026-09-03T15:18:39.219+0000] {logging_mixin.py:188} INFO - [2026-09-03T15:18:39.219+0000] {dag.py:3823} INFO - Setting next_dagrun for air_quality_pipeline to 2026-09-03 15:05:00+00:00, run_after=2026-09-03 16:05:00+00:00
[2026-09-03T15:18:39.243+0000] {processor.py:183} INFO - Processing /opt/airflow/dags/spark_pipeline_dag.py took 0.108 seconds
[2026-09-03T15:19:09.871+0000] {processor.py:161} INFO - Started process (PID=47249) to work on /opt/airflow/dags/spark_pipeline_dag.py
[2026-09-03T15:19:09.873+0000] {processor.py:830} INFO - Processing file /opt/airflow/dags/spark_pipeline_dag.py for tasks to queue
[2026-09-03T15:19:09.874+0000] {logging_mixin.py:188} INFO - [2026-09-03T15:19:09.874+0000] {dagbag.py:538} INFO - Filling up the DagBag from /opt/airflow/dags/spark_pipeline_dag.py
[2026-09-03T15:19:09.893+0000] {processor.py:840} INFO - DAG(s) 'air_quality_pipeline' retrieved from /opt/airflow/dags/spark_pipeline_dag.py
[2026-09-03T15:19:09.912+0000] {logging_mixin.py:188} INFO - [2026-09-03T15:19:09.912+0000] {dag.py:3036} INFO - Sync 1 DAGs
[2026-09-03T15:19:09.931+0000] {logging_mixin.py:188} INFO - [2026-09-03T15:19:09.931+0000] {dag.py:3823} INFO - Setting next_dagrun for air_quality_pipeline to 2026-09-03 15:05:00+00:00, run_after=2026-09-03 16:05:00+00:00
[2026-09-03T15:19:09.948+0000] {processor.py:183} INFO - Processing /opt/airflow/dags/spark_pipeline_dag.py took 0.080 seconds
[2026-09-03T15:19:40.376+0000] {processor.py:161} INFO - Started process (PID=47259) to work on /opt/airflow/dags/spark_pipeline_dag.py
[2026-09-03T15:19:40.377+0000] {processor.py:830} INFO - Processing file /opt/airflow/dags/spark_pipeline_dag.py for tasks to queue
[2026-09-03T15:19:40.378+0000] {logging_mixin.py:188} INFO - [2026-09-03T15:19:40.378+0000] {dagbag.py:538} INFO - Filling up the DagBag from /opt/airflow/dags/spark_pipeline_dag.py
[2026-09-03T15:19:40.402+0000] {processor.py:840} INFO - DAG(s) 'air_quality_pipeline' retrieved from /opt/airflow/dags/spark_pipeline_dag.py
[2026-09-03T15:19:40.421+0000] {logging_mixin.py:188} INFO - [2026-09-03T15:19:40.421+0000] {dag.py:3036} INFO - Sync 1 DAGs
[2026-09-03T15:19:40.442+0000] {logging_mixin.py:188} INFO - [2026-09-03T15:19:40.442+0000] {dag.py:3823} INFO - Setting next_dagrun for air_quality_pipeline to 2026-09-03 15:05:00+00:00, run_after=2026-09-03 16:05:00+00:00
[2026-09-03T15:19:40.464+0000] {processor.py:183} INFO - Processing /opt/airflow/dags/spark_pipeline_dag.py took 0.091 seconds
[2026-09-03T15:20:10.864+0000] {processor.py:161} INFO - Started process (PID=47269) to work on /opt/airflow/dags/spark_pipeline_dag.py
[2026-09-03T15:20:10.866+0000] {processor.py:830} INFO - Processing file /opt/airflow/dags/spark_pipeline_dag.py for tasks to queue
[2026-09-03T15:20:10.867+0000] {logging_mixin.py:188} INFO - [2026-09-03T15:20:10.866+0000] {dagbag.py:538} INFO - Filling up the DagBag from /opt/airflow/dags/spark_pipeline_dag.py
[2026-09-03T15:20:10.890+0000] {processor.py:840} INFO - DAG(s) 'air_quality_pipeline' retrieved from /opt/airflow/dags/spark_pipeline_dag.py
[2026-09-03T15:20:10.910+0000] {logging_mixin.py:188} INFO - [2026-09-03T15:20:10.909+0000] {dag.py:3036} INFO - Sync 1 DAGs
[2026-09-03T15:20:10.930+0000] {logging_mixin.py:188} INFO - [2026-09-03T15:20:10.929+0000] {dag.py:3823} INFO - Setting next_dagrun for air_quality_pipeline to 2026-09-03 15:05:00+00:00, run_after=2026-09-03 16:05:00+00:00
[2026-09-03T15:20:10.947+0000] {processor.py:183} INFO - Processing /opt/airflow/dags/spark_pipeline_dag.py took 0.085 seconds
[2026-09-03T15:20:41.326+0000] {processor.py:161} INFO - Started process (PID=47279) to work on /opt/airflow/dags/spark_pipeline_dag.py
[2026-09-03T15:20:41.327+0000] {processor.py:830} INFO - Processing file /opt/airflow/dags/spark_pipeline_dag.py for tasks to queue
[2026-09-03T15:20:41.328+0000] {logging_mixin.py:188} INFO - [2026-09-03T15:20:41.328+0000] {dagbag.py:538} INFO - Filling up the DagBag from /opt/airflow/dags/spark_pipeline_dag.py
[2026-09-03T15:20:41.352+0000] {processor.py:840} INFO - DAG(s) 'air_quality_pipeline' retrieved from /opt/airflow/dags/spark_pipeline_dag.py
[2026-09-03T15:20:41.372+0000] {logging_mixin.py:188} INFO - [2026-09-03T15:20:41.371+0000] {dag.py:3036} INFO - Sync 1 DAGs
[2026-09-03T15:20:41.393+0000] {logging_mixin.py:188} INFO - [2026-09-03T15:20:41.393+0000] {dag.py:3823} INFO - Setting next_dagrun for air_quality_pipeline to 2026-09-03 15:05:00+00:00, run_after=2026-09-03 16:05:00+00:00
[2026-09-03T15:20:41.415+0000] {processor.py:183} INFO - Processing /opt/airflow/dags/spark_pipeline_dag.py took 0.092 seconds
[2026-09-03T15:21:11.806+0000] {processor.py:161} INFO - Started process (PID=47289) to work on /opt/airflow/dags/spark_pipeline_dag.py
[2026-09-03T15:21:11.808+0000] {processor.py:830} INFO - Processing file /opt/airflow/dags/spark_pipeline_dag.py for tasks to queue
[2026-09-03T15:21:11.809+0000] {logging_mixin.py:188} INFO - [2026-09-03T15:21:11.809+0000] {dagbag.py:538} INFO - Filling up the DagBag from /opt/airflow/dags/spark_pipeline_dag.py
[2026-09-03T15:21:11.827+0000] {processor.py:840} INFO - DAG(s) 'air_quality_pipeline' retrieved from /opt/airflow/dags/spark_pipeline_dag.py
[2026-09-03T15:21:11.845+0000] {logging_mixin.py:188} INFO - [2026-09-03T15:21:11.844+0000] {dag.py:3036} INFO - Sync 1 DAGs
[2026-09-03T15:21:11.863+0000] {logging_mixin.py:188} INFO - [2026-09-03T15:21:11.863+0000] {dag.py:3823} INFO - Setting next_dagrun for air_quality_pipeline to 2026-09-03 15:05:00+00:00, run_after=2026-09-03 16:05:00+00:00
[2026-09-03T15:21:11.882+0000] {processor.py:183} INFO - Processing /opt/airflow/dags/spark_pipeline_dag.py took 0.079 seconds
[2026-09-03T15:21:42.328+0000] {processor.py:161} INFO - Started process (PID=47299) to work on /opt/airflow/dags/spark_pipeline_dag.py
[2026-09-03T15:21:42.329+0000] {processor.py:830} INFO - Processing file /opt/airflow/dags/spark_pipeline_dag.py for tasks to queue
[2026-09-03T15:21:42.330+0000] {logging_mixin.py:188} INFO - [2026-09-03T15:21:42.330+0000] {dagbag.py:538} INFO - Filling up the DagBag from /opt/airflow/dags/spark_pipeline_dag.py
[2026-09-03T15:21:42.355+0000] {processor.py:840} INFO - DAG(s) 'air_quality_pipeline' retrieved from /opt/airflow/dags/spark_pipeline_dag.py
[2026-09-03T15:21:42.375+0000] {logging_mixin.py:188} INFO - [2026-09-03T15:21:42.375+0000] {dag.py:3036} INFO - Sync 1 DAGs
[2026-09-03T15:21:42.395+0000] {logging_mixin.py:188} INFO - [2026-09-03T15:21:42.395+0000] {dag.py:3823} INFO - Setting next_dagrun for air_quality_pipeline to 2026-09-03 15:05:00+00:00, run_after=2026-09-03 16:05:00+00:00
[2026-09-03T15:21:42.417+0000] {processor.py:183} INFO - Processing /opt/airflow/dags/spark_pipeline_dag.py took 0.091 seconds
[2026-09-03T15:22:12.892+0000] {processor.py:161} INFO - Started process (PID=47309) to work on /opt/airflow/dags/spark_pipeline_dag.py
[2026-09-03T15:22:12.894+0000] {processor.py:830} INFO - Processing file /opt/airflow/dags/spark_pipeline_dag.py for tasks to queue
[2026-09-03T15:22:12.895+0000] {logging_mixin.py:188} INFO - [2026-09-03T15:22:12.895+0000] {dagbag.py:538} INFO - Filling up the DagBag from /opt/airflow/dags/spark_pipeline_dag.py
[2026-09-03T15:22:12.919+0000] {processor.py:840} INFO - DAG(s) 'air_quality_pipeline' retrieved from /opt/airflow/dags/spark_pipeline_dag.py
[2026-09-03T15:22:12.939+0000] {logging_mixin.py:188} INFO - [2026-09-03T15:22:12.938+0000] {dag.py:3036} INFO - Sync 1 DAGs
[2026-09-03T15:22:12.961+0000] {logging_mixin.py:188} INFO - [2026-09-03T15:22:12.961+0000] {dag.py:3823} INFO - Setting next_dagrun for air_quality_pipeline to 2026-09-03 15:05:00+00:00, run_after=2026-09-03 16:05:00+00:00
[2026-09-03T15:22:12.984+0000] {processor.py:183} INFO - Processing /opt/airflow/dags/spark_pipeline_dag.py took 0.096 seconds
[2026-09-03T15:22:43.309+0000] {processor.py:161} INFO - Started process (PID=47319) to work on /opt/airflow/dags/spark_pipeline_dag.py
[2026-09-03T15:22:43.310+0000] {processor.py:830} INFO - Processing file /opt/airflow/dags/spark_pipeline_dag.py for tasks to queue
[2026-09-03T15:22:43.314+0000] {logging_mixin.py:188} INFO - [2026-09-03T15:22:43.314+0000] {dagbag.py:538} INFO - Filling up the DagBag from /opt/airflow/dags/spark_pipeline_dag.py
[2026-09-03T15:22:43.341+0000] {processor.py:840} INFO - DAG(s) 'air_quality_pipeline' retrieved from /opt/airflow/dags/spark_pipeline_dag.py
[2026-09-03T15:22:43.362+0000] {logging_mixin.py:188} INFO - [2026-09-03T15:22:43.362+0000] {dag.py:3036} INFO - Sync 1 DAGs
[2026-09-03T15:22:43.385+0000] {logging_mixin.py:188} INFO - [2026-09-03T15:22:43.385+0000] {dag.py:3823} INFO - Setting next_dagrun for air_quality_pipeline to 2026-09-03 15:05:00+00:00, run_after=2026-09-03 16:05:00+00:00
[2026-09-03T15:22:43.412+0000] {processor.py:183} INFO - Processing /opt/airflow/dags/spark_pipeline_dag.py took 0.106 seconds
[2026-09-03T15:23:13.811+0000] {processor.py:161} INFO - Started process (PID=47329) to work on /opt/airflow/dags/spark_pipeline_dag.py
[2026-09-03T15:23:13.813+0000] {processor.py:830} INFO - Processing file /opt/airflow/dags/spark_pipeline_dag.py for tasks to queue
[2026-09-03T15:23:13.813+0000] {logging_mixin.py:188} INFO - [2026-09-03T15:23:13.813+0000] {dagbag.py:538} INFO - Filling up the DagBag from /opt/airflow/dags/spark_pipeline_dag.py
[2026-09-03T15:23:13.837+0000] {processor.py:840} INFO - DAG(s) 'air_quality_pipeline' retrieved from /opt/airflow/dags/spark_pipeline_dag.py
[2026-09-03T15:23:13.856+0000] {logging_mixin.py:188} INFO - [2026-09-03T15:23:13.855+0000] {dag.py:3036} INFO - Sync 1 DAGs
[2026-09-03T15:23:13.876+0000] {logging_mixin.py:188} INFO - [2026-09-03T15:23:13.876+0000] {dag.py:3823} INFO - Setting next_dagrun for air_quality_pipeline to 2026-09-03 15:05:00+00:00, run_after=2026-09-03 16:05:00+00:00
[2026-09-03T15:23:13.896+0000] {processor.py:183} INFO - Processing /opt/airflow/dags/spark_pipeline_dag.py took 0.088 seconds
[2026-09-03T15:23:44.238+0000] {processor.py:161} INFO - Started process (PID=47339) to work on /opt/airflow/dags/spark_pipeline_dag.py
[2026-09-03T15:23:44.239+0000] {processor.py:830} INFO - Processing file /opt/airflow/dags/spark_pipeline_dag.py for tasks to queue
[2026-09-03T15:23:44.240+0000] {logging_mixin.py:188} INFO - [2026-09-03T15:23:44.239+0000] {dagbag.py:538} INFO - Filling up the DagBag from /opt/airflow/dags/spark_pipeline_dag.py
[2026-09-03T15:23:44.264+0000] {processor.py:840} INFO - DAG(s) 'air_quality_pipeline' retrieved from /opt/airflow/dags/spark_pipeline_dag.py
[2026-09-03T15:23:44.285+0000] {logging_mixin.py:188} INFO - [2026-09-03T15:23:44.284+0000] {dag.py:3036} INFO - Sync 1 DAGs
[2026-09-03T15:23:44.306+0000] {logging_mixin.py:188} INFO - [2026-09-03T15:23:44.306+0000] {dag.py:3823} INFO - Setting next_dagrun for air_quality_pipeline to 2026-09-03 15:05:00+00:00, run_after=2026-09-03 16:05:00+00:00
[2026-09-03T15:23:44.326+0000] {processor.py:183} INFO - Processing /opt/airflow/dags/spark_pipeline_dag.py took 0.091 seconds
[2026-09-03T15:24:14.708+0000] {processor.py:161} INFO - Started process (PID=47349) to work on /opt/airflow/dags/spark_pipeline_dag.py
[2026-09-03T15:24:14.709+0000] {processor.py:830} INFO - Processing file /opt/airflow/dags/spark_pipeline_dag.py for tasks to queue
[2026-09-03T15:24:14.710+0000] {logging_mixin.py:188} INFO - [2026-09-03T15:24:14.709+0000] {dagbag.py:538} INFO - Filling up the DagBag from /opt/airflow/dags/spark_pipeline_dag.py
[2026-09-03T15:24:14.732+0000] {processor.py:840} INFO - DAG(s) 'air_quality_pipeline' retrieved from /opt/airflow/dags/spark_pipeline_dag.py
[2026-09-03T15:24:14.755+0000] {logging_mixin.py:188} INFO - [2026-09-03T15:24:14.755+0000] {dag.py:3036} INFO - Sync 1 DAGs
[2026-09-03T15:24:14.780+0000] {logging_mixin.py:188} INFO - [2026-09-03T15:24:14.780+0000] {dag.py:3823} INFO - Setting next_dagrun for air_quality_pipeline to 2026-09-03 15:05:00+00:00, run_after=2026-09-03 16:05:00+00:00
[2026-09-03T15:24:14.800+0000] {processor.py:183} INFO - Processing /opt/airflow/dags/spark_pipeline_dag.py took 0.096 seconds
[2026-09-03T15:24:45.111+0000] {processor.py:161} INFO - Started process (PID=47359) to work on /opt/airflow/dags/spark_pipeline_dag.py
[2026-09-03T15:24:45.112+0000] {processor.py:830} INFO - Processing file /opt/airflow/dags/spark_pipeline_dag.py for tasks to queue
[2026-09-03T15:24:45.113+0000] {logging_mixin.py:188} INFO - [2026-09-03T15:24:45.113+0000] {dagbag.py:538} INFO - Filling up the DagBag from /opt/airflow/dags/spark_pipeline_dag.py
[2026-09-03T15:24:45.142+0000] {processor.py:840} INFO - DAG(s) 'air_quality_pipeline' retrieved from /opt/airflow/dags/spark_pipeline_dag.py
[2026-09-03T15:24:45.162+0000] {logging_mixin.py:188} INFO - [2026-09-03T15:24:45.162+0000] {dag.py:3036} INFO - Sync 1 DAGs
[2026-09-03T15:24:45.182+0000] {logging_mixin.py:188} INFO - [2026-09-03T15:24:45.182+0000] {dag.py:3823} INFO - Setting next_dagrun for air_quality_pipeline to 2026-09-03 15:05:00+00:00, run_after=2026-09-03 16:05:00+00:00
[2026-09-03T15:24:45.204+0000] {processor.py:183} INFO - Processing /opt/airflow/dags/spark_pipeline_dag.py took 0.100 seconds
[2026-09-03T15:25:15.565+0000] {processor.py:161} INFO - Started process (PID=47369) to work on /opt/airflow/dags/spark_pipeline_dag.py
[2026-09-03T15:25:15.569+0000] {processor.py:830} INFO - Processing file /opt/airflow/dags/spark_pipeline_dag.py for tasks to queue
[2026-09-03T15:25:15.571+0000] {logging_mixin.py:188} INFO - [2026-09-03T15:25:15.570+0000] {dagbag.py:538} INFO - Filling up the DagBag from /opt/airflow/dags/spark_pipeline_dag.py
[2026-09-03T15:25:15.594+0000] {processor.py:840} INFO - DAG(s) 'air_quality_pipeline' retrieved from /opt/airflow/dags/spark_pipeline_dag.py
[2026-09-03T15:25:15.619+0000] {logging_mixin.py:188} INFO - [2026-09-03T15:25:15.618+0000] {dag.py:3036} INFO - Sync 1 DAGs
[2026-09-03T15:25:15.644+0000] {logging_mixin.py:188} INFO - [2026-09-03T15:25:15.643+0000] {dag.py:3823} INFO - Setting next_dagrun for air_quality_pipeline to 2026-09-03 15:05:00+00:00, run_after=2026-09-03 16:05:00+00:00
[2026-09-03T15:25:15.668+0000] {processor.py:183} INFO - Processing /opt/airflow/dags/spark_pipeline_dag.py took 0.106 seconds
[2026-09-03T15:25:46.025+0000] {processor.py:161} INFO - Started process (PID=47379) to work on /opt/airflow/dags/spark_pipeline_dag.py
[2026-09-03T15:25:46.026+0000] {processor.py:830} INFO - Processing file /opt/airflow/dags/spark_pipeline_dag.py for tasks to queue
[2026-09-03T15:25:46.027+0000] {logging_mixin.py:188} INFO - [2026-09-03T15:25:46.027+0000] {dagbag.py:538} INFO - Filling up the DagBag from /opt/airflow/dags/spark_pipeline_dag.py
[2026-09-03T15:25:46.047+0000] {processor.py:840} INFO - DAG(s) 'air_quality_pipeline' retrieved from /opt/airflow/dags/spark_pipeline_dag.py
[2026-09-03T15:25:46.066+0000] {logging_mixin.py:188} INFO - [2026-09-03T15:25:46.066+0000] {dag.py:3036} INFO - Sync 1 DAGs
[2026-09-03T15:25:46.087+0000] {logging_mixin.py:188} INFO - [2026-09-03T15:25:46.087+0000] {dag.py:3823} INFO - Setting next_dagrun for air_quality_pipeline to 2026-09-03 15:05:00+00:00, run_after=2026-09-03 16:05:00+00:00
[2026-09-03T15:25:46.108+0000] {processor.py:183} INFO - Processing /opt/airflow/dags/spark_pipeline_dag.py took 0.085 seconds
[2026-09-03T15:26:16.527+0000] {processor.py:161} INFO - Started process (PID=47389) to work on /opt/airflow/dags/spark_pipeline_dag.py
[2026-09-03T15:26:16.528+0000] {processor.py:830} INFO - Processing file /opt/airflow/dags/spark_pipeline_dag.py for tasks to queue
[2026-09-03T15:26:16.529+0000] {logging_mixin.py:188} INFO - [2026-09-03T15:26:16.528+0000] {dagbag.py:538} INFO - Filling up the DagBag from /opt/airflow/dags/spark_pipeline_dag.py
[2026-09-03T15:26:16.547+0000] {processor.py:840} INFO - DAG(s) 'air_quality_pipeline' retrieved from /opt/airflow/dags/spark_pipeline_dag.py
[2026-09-03T15:26:16.565+0000] {logging_mixin.py:188} INFO - [2026-09-03T15:26:16.565+0000] {dag.py:3036} INFO - Sync 1 DAGs
[2026-09-03T15:26:16.584+0000] {logging_mixin.py:188} INFO - [2026-09-03T15:26:16.584+0000] {dag.py:3823} INFO - Setting next_dagrun for air_quality_pipeline to 2026-09-03 15:05:00+00:00, run_after=2026-09-03 16:05:00+00:00
[2026-09-03T15:26:16.602+0000] {processor.py:183} INFO - Processing /opt/airflow/dags/spark_pipeline_dag.py took 0.078 seconds
[2026-09-03T15:26:46.964+0000] {processor.py:161} INFO - Started process (PID=47399) to work on /opt/airflow/dags/spark_pipeline_dag.py
[2026-09-03T15:26:46.965+0000] {processor.py:830} INFO - Processing file /opt/airflow/dags/spark_pipeline_dag.py for tasks to queue
[2026-09-03T15:26:46.966+0000] {logging_mixin.py:188} INFO - [2026-09-03T15:26:46.966+0000] {dagbag.py:538} INFO - Filling up the DagBag from /opt/airflow/dags/spark_pipeline_dag.py
[2026-09-03T15:26:46.992+0000] {processor.py:840} INFO - DAG(s) 'air_quality_pipeline' retrieved from /opt/airflow/dags/spark_pipeline_dag.py
[2026-09-03T15:26:47.010+0000] {logging_mixin.py:188} INFO - [2026-09-03T15:26:47.009+0000] {dag.py:3036} INFO - Sync 1 DAGs
[2026-09-03T15:26:47.027+0000] {logging_mixin.py:188} INFO - [2026-09-03T15:26:47.027+0000] {dag.py:3823} INFO - Setting next_dagrun for air_quality_pipeline to 2026-09-03 15:05:00+00:00, run_after=2026-09-03 16:05:00+00:00
[2026-09-03T15:26:47.046+0000] {processor.py:183} INFO - Processing /opt/airflow/dags/spark_pipeline_dag.py took 0.084 seconds
[2026-09-03T15:27:17.501+0000] {processor.py:161} INFO - Started process (PID=47409) to work on /opt/airflow/dags/spark_pipeline_dag.py
[2026-09-03T15:27:17.518+0000] {processor.py:830} INFO - Processing file /opt/airflow/dags/spark_pipeline_dag.py for tasks to queue
[2026-09-03T15:27:17.520+0000] {logging_mixin.py:188} INFO - [2026-09-03T15:27:17.519+0000] {dagbag.py:538} INFO - Filling up the DagBag from /opt/airflow/dags/spark_pipeline_dag.py
[2026-09-03T15:27:17.543+0000] {processor.py:840} INFO - DAG(s) 'air_quality_pipeline' retrieved from /opt/airflow/dags/spark_pipeline_dag.py
[2026-09-03T15:27:17.561+0000] {logging_mixin.py:188} INFO - [2026-09-03T15:27:17.561+0000] {dag.py:3036} INFO - Sync 1 DAGs
[2026-09-03T15:27:17.580+0000] {logging_mixin.py:188} INFO - [2026-09-03T15:27:17.580+0000] {dag.py:3823} INFO - Setting next_dagrun for air_quality_pipeline to 2026-09-03 15:05:00+00:00, run_after=2026-09-03 16:05:00+00:00
[2026-09-03T15:27:17.599+0000] {processor.py:183} INFO - Processing /opt/airflow/dags/spark_pipeline_dag.py took 0.100 seconds
[2026-09-03T15:27:47.973+0000] {processor.py:161} INFO - Started process (PID=47419) to work on /opt/airflow/dags/spark_pipeline_dag.py
[2026-09-03T15:27:47.974+0000] {processor.py:830} INFO - Processing file /opt/airflow/dags/spark_pipeline_dag.py for tasks to queue
[2026-09-03T15:27:47.975+0000] {logging_mixin.py:188} INFO - [2026-09-03T15:27:47.975+0000] {dagbag.py:538} INFO - Filling up the DagBag from /opt/airflow/dags/spark_pipeline_dag.py
[2026-09-03T15:27:47.997+0000] {processor.py:840} INFO - DAG(s) 'air_quality_pipeline' retrieved from /opt/airflow/dags/spark_pipeline_dag.py
[2026-09-03T15:27:48.017+0000] {logging_mixin.py:188} INFO - [2026-09-03T15:27:48.017+0000] {dag.py:3036} INFO - Sync 1 DAGs
[2026-09-03T15:27:48.038+0000] {logging_mixin.py:188} INFO - [2026-09-03T15:27:48.038+0000] {dag.py:3823} INFO - Setting next_dagrun for air_quality_pipeline to 2026-09-03 15:05:00+00:00, run_after=2026-09-03 16:05:00+00:00
[2026-09-03T15:27:48.056+0000] {processor.py:183} INFO - Processing /opt/airflow/dags/spark_pipeline_dag.py took 0.087 seconds
[2026-09-03T15:28:18.496+0000] {processor.py:161} INFO - Started process (PID=47429) to work on /opt/airflow/dags/spark_pipeline_dag.py
[2026-09-03T15:28:18.497+0000] {processor.py:830} INFO - Processing file /opt/airflow/dags/spark_pipeline_dag.py for tasks to queue
[2026-09-03T15:28:18.498+0000] {logging_mixin.py:188} INFO - [2026-09-03T15:28:18.498+0000] {dagbag.py:538} INFO - Filling up the DagBag from /opt/airflow/dags/spark_pipeline_dag.py
[2026-09-03T15:28:18.521+0000] {processor.py:840} INFO - DAG(s) 'air_quality_pipeline' retrieved from /opt/airflow/dags/spark_pipeline_dag.py
[2026-09-03T15:28:18.541+0000] {logging_mixin.py:188} INFO - [2026-09-03T15:28:18.541+0000] {dag.py:3036} INFO - Sync 1 DAGs
[2026-09-03T15:28:18.564+0000] {logging_mixin.py:188} INFO - [2026-09-03T15:28:18.563+0000] {dag.py:3823} INFO - Setting next_dagrun for air_quality_pipeline to 2026-09-03 15:05:00+00:00, run_after=2026-09-03 16:05:00+00:00
[2026-09-03T15:28:18.591+0000] {processor.py:183} INFO - Processing /opt/airflow/dags/spark_pipeline_dag.py took 0.097 seconds
[2026-09-03T15:28:49.058+0000] {processor.py:161} INFO - Started process (PID=47439) to work on /opt/airflow/dags/spark_pipeline_dag.py
[2026-09-03T15:28:49.063+0000] {processor.py:830} INFO - Processing file /opt/airflow/dags/spark_pipeline_dag.py for tasks to queue
[2026-09-03T15:28:49.064+0000] {logging_mixin.py:188} INFO - [2026-09-03T15:28:49.064+0000] {dagbag.py:538} INFO - Filling up the DagBag from /opt/airflow/dags/spark_pipeline_dag.py
[2026-09-03T15:28:49.082+0000] {processor.py:840} INFO - DAG(s) 'air_quality_pipeline' retrieved from /opt/airflow/dags/spark_pipeline_dag.py
[2026-09-03T15:28:49.099+0000] {logging_mixin.py:188} INFO - [2026-09-03T15:28:49.099+0000] {dag.py:3036} INFO - Sync 1 DAGs
[2026-09-03T15:28:49.119+0000] {logging_mixin.py:188} INFO - [2026-09-03T15:28:49.118+0000] {dag.py:3823} INFO - Setting next_dagrun for air_quality_pipeline to 2026-09-03 15:05:00+00:00, run_after=2026-09-03 16:05:00+00:00
[2026-09-03T15:28:49.138+0000] {processor.py:183} INFO - Processing /opt/airflow/dags/spark_pipeline_dag.py took 0.082 seconds
[2026-09-03T15:29:19.523+0000] {processor.py:161} INFO - Started process (PID=47449) to work on /opt/airflow/dags/spark_pipeline_dag.py
[2026-09-03T15:29:19.524+0000] {processor.py:830} INFO - Processing file /opt/airflow/dags/spark_pipeline_dag.py for tasks to queue
[2026-09-03T15:29:19.525+0000] {logging_mixin.py:188} INFO - [2026-09-03T15:29:19.525+0000] {dagbag.py:538} INFO - Filling up the DagBag from /opt/airflow/dags/spark_pipeline_dag.py
[2026-09-03T15:29:19.548+0000] {processor.py:840} INFO - DAG(s) 'air_quality_pipeline' retrieved from /opt/airflow/dags/spark_pipeline_dag.py
[2026-09-03T15:29:19.568+0000] {logging_mixin.py:188} INFO - [2026-09-03T15:29:19.568+0000] {dag.py:3036} INFO - Sync 1 DAGs
[2026-09-03T15:29:19.590+0000] {logging_mixin.py:188} INFO - [2026-09-03T15:29:19.590+0000] {dag.py:3823} INFO - Setting next_dagrun for air_quality_pipeline to 2026-09-03 15:05:00+00:00, run_after=2026-09-03 16:05:00+00:00
[2026-09-03T15:29:19.611+0000] {processor.py:183} INFO - Processing /opt/airflow/dags/spark_pipeline_dag.py took 0.091 seconds
[2026-09-03T15:29:49.973+0000] {processor.py:161} INFO - Started process (PID=47459) to work on /opt/airflow/dags/spark_pipeline_dag.py
[2026-09-03T15:29:49.977+0000] {processor.py:830} INFO - Processing file /opt/airflow/dags/spark_pipeline_dag.py for tasks to queue
[2026-09-03T15:29:49.978+0000] {logging_mixin.py:188} INFO - [2026-09-03T15:29:49.978+0000] {dagbag.py:538} INFO - Filling up the DagBag from /opt/airflow/dags/spark_pipeline_dag.py
[2026-09-03T15:29:50.004+0000] {processor.py:840} INFO - DAG(s) 'air_quality_pipeline' retrieved from /opt/airflow/dags/spark_pipeline_dag.py
[2026-09-03T15:29:50.022+0000] {logging_mixin.py:188} INFO - [2026-09-03T15:29:50.021+0000] {dag.py:3036} INFO - Sync 1 DAGs
[2026-09-03T15:29:50.040+0000] {logging_mixin.py:188} INFO - [2026-09-03T15:29:50.040+0000] {dag.py:3823} INFO - Setting next_dagrun for air_quality_pipeline to 2026-09-03 15:05:00+00:00, run_after=2026-09-03 16:05:00+00:00
[2026-09-03T15:29:50.059+0000] {processor.py:183} INFO - Processing /opt/airflow/dags/spark_pipeline_dag.py took 0.088 seconds
[2026-09-03T15:30:20.568+0000] {processor.py:161} INFO - Started process (PID=47469) to work on /opt/airflow/dags/spark_pipeline_dag.py
[2026-09-03T15:30:20.569+0000] {processor.py:830} INFO - Processing file /opt/airflow/dags/spark_pipeline_dag.py for tasks to queue
[2026-09-03T15:30:20.571+0000] {logging_mixin.py:188} INFO - [2026-09-03T15:30:20.570+0000] {dagbag.py:538} INFO - Filling up the DagBag from /opt/airflow/dags/spark_pipeline_dag.py
[2026-09-03T15:30:20.592+0000] {processor.py:840} INFO - DAG(s) 'air_quality_pipeline' retrieved from /opt/airflow/dags/spark_pipeline_dag.py
[2026-09-03T15:30:20.610+0000] {logging_mixin.py:188} INFO - [2026-09-03T15:30:20.610+0000] {dag.py:3036} INFO - Sync 1 DAGs
[2026-09-03T15:30:20.633+0000] {logging_mixin.py:188} INFO - [2026-09-03T15:30:20.633+0000] {dag.py:3823} INFO - Setting next_dagrun for air_quality_pipeline to 2026-09-03 15:05:00+00:00, run_after=2026-09-03 16:05:00+00:00
[2026-09-03T15:30:20.652+0000] {processor.py:183} INFO - Processing /opt/airflow/dags/spark_pipeline_dag.py took 0.088 seconds
[2026-09-03T15:30:51.131+0000] {processor.py:161} INFO - Started process (PID=47479) to work on /opt/airflow/dags/spark_pipeline_dag.py
[2026-09-03T15:30:51.132+0000] {processor.py:830} INFO - Processing file /opt/airflow/dags/spark_pipeline_dag.py for tasks to queue
[2026-09-03T15:30:51.134+0000] {logging_mixin.py:188} INFO - [2026-09-03T15:30:51.133+0000] {dagbag.py:538} INFO - Filling up the DagBag from /opt/airflow/dags/spark_pipeline_dag.py
[2026-09-03T15:30:51.158+0000] {processor.py:840} INFO - DAG(s) 'air_quality_pipeline' retrieved from /opt/airflow/dags/spark_pipeline_dag.py
[2026-09-03T15:30:51.177+0000] {logging_mixin.py:188} INFO - [2026-09-03T15:30:51.177+0000] {dag.py:3036} INFO - Sync 1 DAGs
[2026-09-03T15:30:51.196+0000] {logging_mixin.py:188} INFO - [2026-09-03T15:30:51.196+0000] {dag.py:3823} INFO - Setting next_dagrun for air_quality_pipeline to 2026-09-03 15:05:00+00:00, run_after=2026-09-03 16:05:00+00:00
[2026-09-03T15:30:51.215+0000] {processor.py:183} INFO - Processing /opt/airflow/dags/spark_pipeline_dag.py took 0.087 seconds
[2026-09-03T15:31:21.543+0000] {processor.py:161} INFO - Started process (PID=47489) to work on /opt/airflow/dags/spark_pipeline_dag.py
[2026-09-03T15:31:21.544+0000] {processor.py:830} INFO - Processing file /opt/airflow/dags/spark_pipeline_dag.py for tasks to queue
[2026-09-03T15:31:21.545+0000] {logging_mixin.py:188} INFO - [2026-09-03T15:31:21.544+0000] {dagbag.py:538} INFO - Filling up the DagBag from /opt/airflow/dags/spark_pipeline_dag.py
[2026-09-03T15:31:21.566+0000] {processor.py:840} INFO - DAG(s) 'air_quality_pipeline' retrieved from /opt/airflow/dags/spark_pipeline_dag.py
[2026-09-03T15:31:21.593+0000] {logging_mixin.py:188} INFO - [2026-09-03T15:31:21.593+0000] {dag.py:3036} INFO - Sync 1 DAGs
[2026-09-03T15:31:21.617+0000] {logging_mixin.py:188} INFO - [2026-09-03T15:31:21.617+0000] {dag.py:3823} INFO - Setting next_dagrun for air_quality_pipeline to 2026-09-03 15:05:00+00:00, run_after=2026-09-03 16:05:00+00:00
[2026-09-03T15:31:21.636+0000] {processor.py:183} INFO - Processing /opt/airflow/dags/spark_pipeline_dag.py took 0.097 seconds
[2026-09-03T15:31:51.975+0000] {processor.py:161} INFO - Started process (PID=47499) to work on /opt/airflow/dags/spark_pipeline_dag.py
[2026-09-03T15:31:51.976+0000] {processor.py:830} INFO - Processing file /opt/airflow/dags/spark_pipeline_dag.py for tasks to queue
[2026-09-03T15:31:51.977+0000] {logging_mixin.py:188} INFO - [2026-09-03T15:31:51.977+0000] {dagbag.py:538} INFO - Filling up the DagBag from /opt/airflow/dags/spark_pipeline_dag.py
[2026-09-03T15:31:51.998+0000] {processor.py:840} INFO - DAG(s) 'air_quality_pipeline' retrieved from /opt/airflow/dags/spark_pipeline_dag.py
[2026-09-03T15:31:52.018+0000] {logging_mixin.py:188} INFO - [2026-09-03T15:31:52.018+0000] {dag.py:3036} INFO - Sync 1 DAGs
[2026-09-03T15:31:52.040+0000] {logging_mixin.py:188} INFO - [2026-09-03T15:31:52.040+0000] {dag.py:3823} INFO - Setting next_dagrun for air_quality_pipeline to 2026-09-03 15:05:00+00:00, run_after=2026-09-03 16:05:00+00:00
[2026-09-03T15:31:52.059+0000] {processor.py:183} INFO - Processing /opt/airflow/dags/spark_pipeline_dag.py took 0.087 seconds
[2026-09-03T15:32:22.500+0000] {processor.py:161} INFO - Started process (PID=47509) to work on /opt/airflow/dags/spark_pipeline_dag.py
[2026-09-03T15:32:22.502+0000] {processor.py:830} INFO - Processing file /opt/airflow/dags/spark_pipeline_dag.py for tasks to queue
[2026-09-03T15:32:22.503+0000] {logging_mixin.py:188} INFO - [2026-09-03T15:32:22.503+0000] {dagbag.py:538} INFO - Filling up the DagBag from /opt/airflow/dags/spark_pipeline_dag.py
[2026-09-03T15:32:22.529+0000] {processor.py:840} INFO - DAG(s) 'air_quality_pipeline' retrieved from /opt/airflow/dags/spark_pipeline_dag.py
[2026-09-03T15:32:22.548+0000] {logging_mixin.py:188} INFO - [2026-09-03T15:32:22.547+0000] {dag.py:3036} INFO - Sync 1 DAGs
[2026-09-03T15:32:22.569+0000] {logging_mixin.py:188} INFO - [2026-09-03T15:32:22.568+0000] {dag.py:3823} INFO - Setting next_dagrun for air_quality_pipeline to 2026-09-03 15:05:00+00:00, run_after=2026-09-03 16:05:00+00:00
[2026-09-03T15:32:22.588+0000] {processor.py:183} INFO - Processing /opt/airflow/dags/spark_pipeline_dag.py took 0.092 seconds
[2026-09-03T15:32:52.941+0000] {processor.py:161} INFO - Started process (PID=47519) to work on /opt/airflow/dags/spark_pipeline_dag.py
[2026-09-03T15:32:52.943+0000] {processor.py:830} INFO - Processing file /opt/airflow/dags/spark_pipeline_dag.py for tasks to queue
[2026-09-03T15:32:52.943+0000] {logging_mixin.py:188} INFO - [2026-09-03T15:32:52.943+0000] {dagbag.py:538} INFO - Filling up the DagBag from /opt/airflow/dags/spark_pipeline_dag.py
[2026-09-03T15:32:52.960+0000] {processor.py:840} INFO - DAG(s) 'air_quality_pipeline' retrieved from /opt/airflow/dags/spark_pipeline_dag.py
[2026-09-03T15:32:52.980+0000] {logging_mixin.py:188} INFO - [2026-09-03T15:32:52.980+0000] {dag.py:3036} INFO - Sync 1 DAGs
[2026-09-03T15:32:52.997+0000] {logging_mixin.py:188} INFO - [2026-09-03T15:32:52.997+0000] {dag.py:3823} INFO - Setting next_dagrun for air_quality_pipeline to 2026-09-03 15:05:00+00:00, run_after=2026-09-03 16:05:00+00:00
[2026-09-03T15:32:53.017+0000] {processor.py:183} INFO - Processing /opt/airflow/dags/spark_pipeline_dag.py took 0.078 seconds
[2026-09-03T15:33:23.413+0000] {processor.py:161} INFO - Started process (PID=47529) to work on /opt/airflow/dags/spark_pipeline_dag.py
[2026-09-03T15:33:23.415+0000] {processor.py:830} INFO - Processing file /opt/airflow/dags/spark_pipeline_dag.py for tasks to queue
[2026-09-03T15:33:23.416+0000] {logging_mixin.py:188} INFO - [2026-09-03T15:33:23.416+0000] {dagbag.py:538} INFO - Filling up the DagBag from /opt/airflow/dags/spark_pipeline_dag.py
[2026-09-03T15:33:23.438+0000] {processor.py:840} INFO - DAG(s) 'air_quality_pipeline' retrieved from /opt/airflow/dags/spark_pipeline_dag.py
[2026-09-03T15:33:23.460+0000] {logging_mixin.py:188} INFO - [2026-09-03T15:33:23.460+0000] {dag.py:3036} INFO - Sync 1 DAGs
[2026-09-03T15:33:23.481+0000] {logging_mixin.py:188} INFO - [2026-09-03T15:33:23.481+0000] {dag.py:3823} INFO - Setting next_dagrun for air_quality_pipeline to 2026-09-03 15:05:00+00:00, run_after=2026-09-03 16:05:00+00:00
[2026-09-03T15:33:23.500+0000] {processor.py:183} INFO - Processing /opt/airflow/dags/spark_pipeline_dag.py took 0.089 seconds
[2026-09-03T15:33:53.919+0000] {processor.py:161} INFO - Started process (PID=47539) to work on /opt/airflow/dags/spark_pipeline_dag.py
[2026-09-03T15:33:53.920+0000] {processor.py:830} INFO - Processing file /opt/airflow/dags/spark_pipeline_dag.py for tasks to queue
[2026-09-03T15:33:53.921+0000] {logging_mixin.py:188} INFO - [2026-09-03T15:33:53.921+0000] {dagbag.py:538} INFO - Filling up the DagBag from /opt/airflow/dags/spark_pipeline_dag.py
[2026-09-03T15:33:53.941+0000] {processor.py:840} INFO - DAG(s) 'air_quality_pipeline' retrieved from /opt/airflow/dags/spark_pipeline_dag.py
[2026-09-03T15:33:53.961+0000] {logging_mixin.py:188} INFO - [2026-09-03T15:33:53.960+0000] {dag.py:3036} INFO - Sync 1 DAGs
[2026-09-03T15:33:53.980+0000] {logging_mixin.py:188} INFO - [2026-09-03T15:33:53.980+0000] {dag.py:3823} INFO - Setting next_dagrun for air_quality_pipeline to 2026-09-03 15:05:00+00:00, run_after=2026-09-03 16:05:00+00:00
[2026-09-03T15:33:53.999+0000] {processor.py:183} INFO - Processing /opt/airflow/dags/spark_pipeline_dag.py took 0.083 seconds
[2026-09-03T15:34:24.429+0000] {processor.py:161} INFO - Started process (PID=47549) to work on /opt/airflow/dags/spark_pipeline_dag.py
[2026-09-03T15:34:24.430+0000] {processor.py:830} INFO - Processing file /opt/airflow/dags/spark_pipeline_dag.py for tasks to queue
[2026-09-03T15:34:24.431+0000] {logging_mixin.py:188} INFO - [2026-09-03T15:34:24.431+0000] {dagbag.py:538} INFO - Filling up the DagBag from /opt/airflow/dags/spark_pipeline_dag.py
[2026-09-03T15:34:24.452+0000] {processor.py:840} INFO - DAG(s) 'air_quality_pipeline' retrieved from /opt/airflow/dags/spark_pipeline_dag.py
[2026-09-03T15:34:24.471+0000] {logging_mixin.py:188} INFO - [2026-09-03T15:34:24.471+0000] {dag.py:3036} INFO - Sync 1 DAGs
[2026-09-03T15:34:24.496+0000] {logging_mixin.py:188} INFO - [2026-09-03T15:34:24.496+0000] {dag.py:3823} INFO - Setting next_dagrun for air_quality_pipeline to 2026-09-03 15:05:00+00:00, run_after=2026-09-03 16:05:00+00:00
[2026-09-03T15:34:24.516+0000] {processor.py:183} INFO - Processing /opt/airflow/dags/spark_pipeline_dag.py took 0.089 seconds
[2026-09-03T15:34:54.876+0000] {processor.py:161} INFO - Started process (PID=47559) to work on /opt/airflow/dags/spark_pipeline_dag.py
[2026-09-03T15:34:54.877+0000] {processor.py:830} INFO - Processing file /opt/airflow/dags/spark_pipeline_dag.py for tasks to queue
[2026-09-03T15:34:54.878+0000] {logging_mixin.py:188} INFO - [2026-09-03T15:34:54.878+0000] {dagbag.py:538} INFO - Filling up the DagBag from /opt/airflow/dags/spark_pipeline_dag.py
[2026-09-03T15:34:54.900+0000] {processor.py:840} INFO - DAG(s) 'air_quality_pipeline' retrieved from /opt/airflow/dags/spark_pipeline_dag.py
[2026-09-03T15:34:54.919+0000] {logging_mixin.py:188} INFO - [2026-09-03T15:34:54.919+0000] {dag.py:3036} INFO - Sync 1 DAGs
[2026-09-03T15:34:54.940+0000] {logging_mixin.py:188} INFO - [2026-09-03T15:34:54.939+0000] {dag.py:3823} INFO - Setting next_dagrun for air_quality_pipeline to 2026-09-03 15:05:00+00:00, run_after=2026-09-03 16:05:00+00:00
[2026-09-03T15:34:54.958+0000] {processor.py:183} INFO - Processing /opt/airflow/dags/spark_pipeline_dag.py took 0.084 seconds
[2026-09-03T15:35:25.333+0000] {processor.py:161} INFO - Started process (PID=47569) to work on /opt/airflow/dags/spark_pipeline_dag.py
[2026-09-03T15:35:25.334+0000] {processor.py:830} INFO - Processing file /opt/airflow/dags/spark_pipeline_dag.py for tasks to queue
[2026-09-03T15:35:25.335+0000] {logging_mixin.py:188} INFO - [2026-09-03T15:35:25.335+0000] {dagbag.py:538} INFO - Filling up the DagBag from /opt/airflow/dags/spark_pipeline_dag.py
[2026-09-03T15:35:25.359+0000] {processor.py:840} INFO - DAG(s) 'air_quality_pipeline' retrieved from /opt/airflow/dags/spark_pipeline_dag.py
[2026-09-03T15:35:25.384+0000] {logging_mixin.py:188} INFO - [2026-09-03T15:35:25.384+0000] {dag.py:3036} INFO - Sync 1 DAGs
[2026-09-03T15:35:25.407+0000] {logging_mixin.py:188} INFO - [2026-09-03T15:35:25.407+0000] {dag.py:3823} INFO - Setting next_dagrun for air_quality_pipeline to 2026-09-03 15:05:00+00:00, run_after=2026-09-03 16:05:00+00:00
[2026-09-03T15:35:25.430+0000] {processor.py:183} INFO - Processing /opt/airflow/dags/spark_pipeline_dag.py took 0.100 seconds
[2026-09-03T15:35:55.852+0000] {processor.py:161} INFO - Started process (PID=47579) to work on /opt/airflow/dags/spark_pipeline_dag.py
[2026-09-03T15:35:55.853+0000] {processor.py:830} INFO - Processing file /opt/airflow/dags/spark_pipeline_dag.py for tasks to queue
[2026-09-03T15:35:55.854+0000] {logging_mixin.py:188} INFO - [2026-09-03T15:35:55.854+0000] {dagbag.py:538} INFO - Filling up the DagBag from /opt/airflow/dags/spark_pipeline_dag.py
[2026-09-03T15:35:55.876+0000] {processor.py:840} INFO - DAG(s) 'air_quality_pipeline' retrieved from /opt/airflow/dags/spark_pipeline_dag.py
[2026-09-03T15:35:55.895+0000] {logging_mixin.py:188} INFO - [2026-09-03T15:35:55.895+0000] {dag.py:3036} INFO - Sync 1 DAGs
[2026-09-03T15:35:55.915+0000] {logging_mixin.py:188} INFO - [2026-09-03T15:35:55.915+0000] {dag.py:3823} INFO - Setting next_dagrun for air_quality_pipeline to 2026-09-03 15:05:00+00:00, run_after=2026-09-03 16:05:00+00:00
[2026-09-03T15:35:55.934+0000] {processor.py:183} INFO - Processing /opt/airflow/dags/spark_pipeline_dag.py took 0.084 seconds
[2026-09-03T15:36:26.363+0000] {processor.py:161} INFO - Started process (PID=47589) to work on /opt/airflow/dags/spark_pipeline_dag.py
[2026-09-03T15:36:26.364+0000] {processor.py:830} INFO - Processing file /opt/airflow/dags/spark_pipeline_dag.py for tasks to queue
[2026-09-03T15:36:26.366+0000] {logging_mixin.py:188} INFO - [2026-09-03T15:36:26.365+0000] {dagbag.py:538} INFO - Filling up the DagBag from /opt/airflow/dags/spark_pipeline_dag.py
[2026-09-03T15:36:26.389+0000] {processor.py:840} INFO - DAG(s) 'air_quality_pipeline' retrieved from /opt/airflow/dags/spark_pipeline_dag.py
[2026-09-03T15:36:26.408+0000] {logging_mixin.py:188} INFO - [2026-09-03T15:36:26.407+0000] {dag.py:3036} INFO - Sync 1 DAGs
[2026-09-03T15:36:26.429+0000] {logging_mixin.py:188} INFO - [2026-09-03T15:36:26.429+0000] {dag.py:3823} INFO - Setting next_dagrun for air_quality_pipeline to 2026-09-03 15:05:00+00:00, run_after=2026-09-03 16:05:00+00:00
[2026-09-03T15:36:26.452+0000] {processor.py:183} INFO - Processing /opt/airflow/dags/spark_pipeline_dag.py took 0.092 seconds
[2026-09-03T15:36:56.883+0000] {processor.py:161} INFO - Started process (PID=47599) to work on /opt/airflow/dags/spark_pipeline_dag.py
[2026-09-03T15:36:56.884+0000] {processor.py:830} INFO - Processing file /opt/airflow/dags/spark_pipeline_dag.py for tasks to queue
[2026-09-03T15:36:56.885+0000] {logging_mixin.py:188} INFO - [2026-09-03T15:36:56.884+0000] {dagbag.py:538} INFO - Filling up the DagBag from /opt/airflow/dags/spark_pipeline_dag.py
[2026-09-03T15:36:56.910+0000] {processor.py:840} INFO - DAG(s) 'air_quality_pipeline' retrieved from /opt/airflow/dags/spark_pipeline_dag.py
[2026-09-03T15:36:56.931+0000] {logging_mixin.py:188} INFO - [2026-09-03T15:36:56.931+0000] {dag.py:3036} INFO - Sync 1 DAGs
[2026-09-03T15:36:56.953+0000] {logging_mixin.py:188} INFO - [2026-09-03T15:36:56.953+0000] {dag.py:3823} INFO - Setting next_dagrun for air_quality_pipeline to 2026-09-03 15:05:00+00:00, run_after=2026-09-03 16:05:00+00:00
[2026-09-03T15:36:56.976+0000] {processor.py:183} INFO - Processing /opt/airflow/dags/spark_pipeline_dag.py took 0.096 seconds
[2026-09-03T15:37:27.357+0000] {processor.py:161} INFO - Started process (PID=47609) to work on /opt/airflow/dags/spark_pipeline_dag.py
[2026-09-03T15:37:27.359+0000] {processor.py:830} INFO - Processing file /opt/airflow/dags/spark_pipeline_dag.py for tasks to queue
[2026-09-03T15:37:27.360+0000] {logging_mixin.py:188} INFO - [2026-09-03T15:37:27.360+0000] {dagbag.py:538} INFO - Filling up the DagBag from /opt/airflow/dags/spark_pipeline_dag.py
[2026-09-03T15:37:27.377+0000] {processor.py:840} INFO - DAG(s) 'air_quality_pipeline' retrieved from /opt/airflow/dags/spark_pipeline_dag.py
[2026-09-03T15:37:27.396+0000] {logging_mixin.py:188} INFO - [2026-09-03T15:37:27.396+0000] {dag.py:3036} INFO - Sync 1 DAGs
[2026-09-03T15:37:27.413+0000] {logging_mixin.py:188} INFO - [2026-09-03T15:37:27.413+0000] {dag.py:3823} INFO - Setting next_dagrun for air_quality_pipeline to 2026-09-03 15:05:00+00:00, run_after=2026-09-03 16:05:00+00:00
[2026-09-03T15:37:27.432+0000] {processor.py:183} INFO - Processing /opt/airflow/dags/spark_pipeline_dag.py took 0.077 seconds
[2026-09-03T15:37:57.963+0000] {processor.py:161} INFO - Started process (PID=47619) to work on /opt/airflow/dags/spark_pipeline_dag.py
[2026-09-03T15:37:57.964+0000] {processor.py:830} INFO - Processing file /opt/airflow/dags/spark_pipeline_dag.py for tasks to queue
[2026-09-03T15:37:57.965+0000] {logging_mixin.py:188} INFO - [2026-09-03T15:37:57.965+0000] {dagbag.py:538} INFO - Filling up the DagBag from /opt/airflow/dags/spark_pipeline_dag.py
[2026-09-03T15:37:57.986+0000] {processor.py:840} INFO - DAG(s) 'air_quality_pipeline' retrieved from /opt/airflow/dags/spark_pipeline_dag.py
[2026-09-03T15:37:58.006+0000] {logging_mixin.py:188} INFO - [2026-09-03T15:37:58.006+0000] {dag.py:3036} INFO - Sync 1 DAGs
[2026-09-03T15:37:58.028+0000] {logging_mixin.py:188} INFO - [2026-09-03T15:37:58.027+0000] {dag.py:3823} INFO - Setting next_dagrun for air_quality_pipeline to 2026-09-03 15:05:00+00:00, run_after=2026-09-03 16:05:00+00:00
[2026-09-03T15:37:58.048+0000] {processor.py:183} INFO - Processing /opt/airflow/dags/spark_pipeline_dag.py took 0.089 seconds
[2026-09-03T15:38:28.547+0000] {processor.py:161} INFO - Started process (PID=47629) to work on /opt/airflow/dags/spark_pipeline_dag.py
[2026-09-03T15:38:28.548+0000] {processor.py:830} INFO - Processing file /opt/airflow/dags/spark_pipeline_dag.py for tasks to queue
[2026-09-03T15:38:28.549+0000] {logging_mixin.py:188} INFO - [2026-09-03T15:38:28.549+0000] {dagbag.py:538} INFO - Filling up the DagBag from /opt/airflow/dags/spark_pipeline_dag.py
[2026-09-03T15:38:28.573+0000] {processor.py:840} INFO - DAG(s) 'air_quality_pipeline' retrieved from /opt/airflow/dags/spark_pipeline_dag.py
[2026-09-03T15:38:28.594+0000] {logging_mixin.py:188} INFO - [2026-09-03T15:38:28.594+0000] {dag.py:3036} INFO - Sync 1 DAGs
[2026-09-03T15:38:28.615+0000] {logging_mixin.py:188} INFO - [2026-09-03T15:38:28.615+0000] {dag.py:3823} INFO - Setting next_dagrun for air_quality_pipeline to 2026-09-03 15:05:00+00:00, run_after=2026-09-03 16:05:00+00:00
[2026-09-03T15:38:28.634+0000] {processor.py:183} INFO - Processing /opt/airflow/dags/spark_pipeline_dag.py took 0.090 seconds
[2026-09-03T15:38:59.256+0000] {processor.py:161} INFO - Started process (PID=47639) to work on /opt/airflow/dags/spark_pipeline_dag.py
[2026-09-03T15:38:59.261+0000] {processor.py:830} INFO - Processing file /opt/airflow/dags/spark_pipeline_dag.py for tasks to queue
[2026-09-03T15:38:59.262+0000] {logging_mixin.py:188} INFO - [2026-09-03T15:38:59.261+0000] {dagbag.py:538} INFO - Filling up the DagBag from /opt/airflow/dags/spark_pipeline_dag.py
[2026-09-03T15:38:59.287+0000] {processor.py:840} INFO - DAG(s) 'air_quality_pipeline' retrieved from /opt/airflow/dags/spark_pipeline_dag.py
[2026-09-03T15:38:59.306+0000] {logging_mixin.py:188} INFO - [2026-09-03T15:38:59.305+0000] {dag.py:3036} INFO - Sync 1 DAGs
[2026-09-03T15:38:59.329+0000] {logging_mixin.py:188} INFO - [2026-09-03T15:38:59.329+0000] {dag.py:3823} INFO - Setting next_dagrun for air_quality_pipeline to 2026-09-03 15:05:00+00:00, run_after=2026-09-03 16:05:00+00:00
[2026-09-03T15:38:59.352+0000] {processor.py:183} INFO - Processing /opt/airflow/dags/spark_pipeline_dag.py took 0.102 seconds
[2026-09-03T15:39:29.723+0000] {processor.py:161} INFO - Started process (PID=47649) to work on /opt/airflow/dags/spark_pipeline_dag.py
[2026-09-03T15:39:29.725+0000] {processor.py:830} INFO - Processing file /opt/airflow/dags/spark_pipeline_dag.py for tasks to queue
[2026-09-03T15:39:29.726+0000] {logging_mixin.py:188} INFO - [2026-09-03T15:39:29.725+0000] {dagbag.py:538} INFO - Filling up the DagBag from /opt/airflow/dags/spark_pipeline_dag.py
[2026-09-03T15:39:29.747+0000] {processor.py:840} INFO - DAG(s) 'air_quality_pipeline' retrieved from /opt/airflow/dags/spark_pipeline_dag.py
[2026-09-03T15:39:29.764+0000] {logging_mixin.py:188} INFO - [2026-09-03T15:39:29.764+0000] {dag.py:3036} INFO - Sync 1 DAGs
[2026-09-03T15:39:29.783+0000] {logging_mixin.py:188} INFO - [2026-09-03T15:39:29.783+0000] {dag.py:3823} INFO - Setting next_dagrun for air_quality_pipeline to 2026-09-03 15:05:00+00:00, run_after=2026-09-03 16:05:00+00:00
[2026-09-03T15:39:29.800+0000] {processor.py:183} INFO - Processing /opt/airflow/dags/spark_pipeline_dag.py took 0.080 seconds
[2026-09-03T15:40:00.284+0000] {processor.py:161} INFO - Started process (PID=47659) to work on /opt/airflow/dags/spark_pipeline_dag.py
[2026-09-03T15:40:00.285+0000] {processor.py:830} INFO - Processing file /opt/airflow/dags/spark_pipeline_dag.py for tasks to queue
[2026-09-03T15:40:00.288+0000] {logging_mixin.py:188} INFO - [2026-09-03T15:40:00.288+0000] {dagbag.py:538} INFO - Filling up the DagBag from /opt/airflow/dags/spark_pipeline_dag.py
[2026-09-03T15:40:00.312+0000] {processor.py:840} INFO - DAG(s) 'air_quality_pipeline' retrieved from /opt/airflow/dags/spark_pipeline_dag.py
[2026-09-03T15:40:00.332+0000] {logging_mixin.py:188} INFO - [2026-09-03T15:40:00.332+0000] {dag.py:3036} INFO - Sync 1 DAGs
[2026-09-03T15:40:00.353+0000] {logging_mixin.py:188} INFO - [2026-09-03T15:40:00.352+0000] {dag.py:3823} INFO - Setting next_dagrun for air_quality_pipeline to 2026-09-03 15:05:00+00:00, run_after=2026-09-03 16:05:00+00:00
[2026-09-03T15:40:00.373+0000] {processor.py:183} INFO - Processing /opt/airflow/dags/spark_pipeline_dag.py took 0.091 seconds
[2026-09-03T15:40:30.877+0000] {processor.py:161} INFO - Started process (PID=47669) to work on /opt/airflow/dags/spark_pipeline_dag.py
[2026-09-03T15:40:30.880+0000] {processor.py:830} INFO - Processing file /opt/airflow/dags/spark_pipeline_dag.py for tasks to queue
[2026-09-03T15:40:30.881+0000] {logging_mixin.py:188} INFO - [2026-09-03T15:40:30.881+0000] {dagbag.py:538} INFO - Filling up the DagBag from /opt/airflow/dags/spark_pipeline_dag.py
[2026-09-03T15:40:30.901+0000] {processor.py:840} INFO - DAG(s) 'air_quality_pipeline' retrieved from /opt/airflow/dags/spark_pipeline_dag.py
[2026-09-03T15:40:30.918+0000] {logging_mixin.py:188} INFO - [2026-09-03T15:40:30.918+0000] {dag.py:3036} INFO - Sync 1 DAGs
[2026-09-03T15:40:30.936+0000] {logging_mixin.py:188} INFO - [2026-09-03T15:40:30.936+0000] {dag.py:3823} INFO - Setting next_dagrun for air_quality_pipeline to 2026-09-03 15:05:00+00:00, run_after=2026-09-03 16:05:00+00:00
[2026-09-03T15:40:30.956+0000] {processor.py:183} INFO - Processing /opt/airflow/dags/spark_pipeline_dag.py took 0.081 seconds
[2026-09-03T15:41:01.395+0000] {processor.py:161} INFO - Started process (PID=47679) to work on /opt/airflow/dags/spark_pipeline_dag.py
[2026-09-03T15:41:01.396+0000] {processor.py:830} INFO - Processing file /opt/airflow/dags/spark_pipeline_dag.py for tasks to queue
[2026-09-03T15:41:01.397+0000] {logging_mixin.py:188} INFO - [2026-09-03T15:41:01.397+0000] {dagbag.py:538} INFO - Filling up the DagBag from /opt/airflow/dags/spark_pipeline_dag.py
[2026-09-03T15:41:01.415+0000] {processor.py:840} INFO - DAG(s) 'air_quality_pipeline' retrieved from /opt/airflow/dags/spark_pipeline_dag.py
[2026-09-03T15:41:01.434+0000] {logging_mixin.py:188} INFO - [2026-09-03T15:41:01.434+0000] {dag.py:3036} INFO - Sync 1 DAGs
[2026-09-03T15:41:01.454+0000] {logging_mixin.py:188} INFO - [2026-09-03T15:41:01.454+0000] {dag.py:3823} INFO - Setting next_dagrun for air_quality_pipeline to 2026-09-03 15:05:00+00:00, run_after=2026-09-03 16:05:00+00:00
[2026-09-03T15:41:01.474+0000] {processor.py:183} INFO - Processing /opt/airflow/dags/spark_pipeline_dag.py took 0.082 seconds
[2026-09-03T15:41:31.982+0000] {processor.py:161} INFO - Started process (PID=47689) to work on /opt/airflow/dags/spark_pipeline_dag.py
[2026-09-03T15:41:31.985+0000] {processor.py:830} INFO - Processing file /opt/airflow/dags/spark_pipeline_dag.py for tasks to queue
[2026-09-03T15:41:31.987+0000] {logging_mixin.py:188} INFO - [2026-09-03T15:41:31.986+0000] {dagbag.py:538} INFO - Filling up the DagBag from /opt/airflow/dags/spark_pipeline_dag.py
[2026-09-03T15:41:32.012+0000] {processor.py:840} INFO - DAG(s) 'air_quality_pipeline' retrieved from /opt/airflow/dags/spark_pipeline_dag.py
[2026-09-03T15:41:32.035+0000] {logging_mixin.py:188} INFO - [2026-09-03T15:41:32.034+0000] {dag.py:3036} INFO - Sync 1 DAGs
[2026-09-03T15:41:32.056+0000] {logging_mixin.py:188} INFO - [2026-09-03T15:41:32.055+0000] {dag.py:3823} INFO - Setting next_dagrun for air_quality_pipeline to 2026-09-03 15:05:00+00:00, run_after=2026-09-03 16:05:00+00:00
[2026-09-03T15:41:32.075+0000] {processor.py:183} INFO - Processing /opt/airflow/dags/spark_pipeline_dag.py took 0.095 seconds
[2026-09-03T15:42:02.619+0000] {processor.py:161} INFO - Started process (PID=47699) to work on /opt/airflow/dags/spark_pipeline_dag.py
[2026-09-03T15:42:02.620+0000] {processor.py:830} INFO - Processing file /opt/airflow/dags/spark_pipeline_dag.py for tasks to queue
[2026-09-03T15:42:02.622+0000] {logging_mixin.py:188} INFO - [2026-09-03T15:42:02.622+0000] {dagbag.py:538} INFO - Filling up the DagBag from /opt/airflow/dags/spark_pipeline_dag.py
[2026-09-03T15:42:02.644+0000] {processor.py:840} INFO - DAG(s) 'air_quality_pipeline' retrieved from /opt/airflow/dags/spark_pipeline_dag.py
[2026-09-03T15:42:02.662+0000] {logging_mixin.py:188} INFO - [2026-09-03T15:42:02.662+0000] {dag.py:3036} INFO - Sync 1 DAGs
[2026-09-03T15:42:02.681+0000] {logging_mixin.py:188} INFO - [2026-09-03T15:42:02.681+0000] {dag.py:3823} INFO - Setting next_dagrun for air_quality_pipeline to 2026-09-03 15:05:00+00:00, run_after=2026-09-03 16:05:00+00:00
[2026-09-03T15:42:02.699+0000] {processor.py:183} INFO - Processing /opt/airflow/dags/spark_pipeline_dag.py took 0.083 seconds
[2026-09-03T15:42:33.082+0000] {processor.py:161} INFO - Started process (PID=47709) to work on /opt/airflow/dags/spark_pipeline_dag.py
[2026-09-03T15:42:33.083+0000] {processor.py:830} INFO - Processing file /opt/airflow/dags/spark_pipeline_dag.py for tasks to queue
[2026-09-03T15:42:33.085+0000] {logging_mixin.py:188} INFO - [2026-09-03T15:42:33.084+0000] {dagbag.py:538} INFO - Filling up the DagBag from /opt/airflow/dags/spark_pipeline_dag.py
[2026-09-03T15:42:33.107+0000] {processor.py:840} INFO - DAG(s) 'air_quality_pipeline' retrieved from /opt/airflow/dags/spark_pipeline_dag.py
[2026-09-03T15:42:33.125+0000] {logging_mixin.py:188} INFO - [2026-09-03T15:42:33.125+0000] {dag.py:3036} INFO - Sync 1 DAGs
[2026-09-03T15:42:33.145+0000] {logging_mixin.py:188} INFO - [2026-09-03T15:42:33.145+0000] {dag.py:3823} INFO - Setting next_dagrun for air_quality_pipeline to 2026-09-03 15:05:00+00:00, run_after=2026-09-03 16:05:00+00:00
[2026-09-03T15:42:33.165+0000] {processor.py:183} INFO - Processing /opt/airflow/dags/spark_pipeline_dag.py took 0.086 seconds
[2026-09-03T15:43:03.481+0000] {processor.py:161} INFO - Started process (PID=47719) to work on /opt/airflow/dags/spark_pipeline_dag.py
[2026-09-03T15:43:03.482+0000] {processor.py:830} INFO - Processing file /opt/airflow/dags/spark_pipeline_dag.py for tasks to queue
[2026-09-03T15:43:03.483+0000] {logging_mixin.py:188} INFO - [2026-09-03T15:43:03.482+0000] {dagbag.py:538} INFO - Filling up the DagBag from /opt/airflow/dags/spark_pipeline_dag.py
[2026-09-03T15:43:03.503+0000] {processor.py:840} INFO - DAG(s) 'air_quality_pipeline' retrieved from /opt/airflow/dags/spark_pipeline_dag.py
[2026-09-03T15:43:03.524+0000] {logging_mixin.py:188} INFO - [2026-09-03T15:43:03.523+0000] {dag.py:3036} INFO - Sync 1 DAGs
[2026-09-03T15:43:03.546+0000] {logging_mixin.py:188} INFO - [2026-09-03T15:43:03.546+0000] {dag.py:3823} INFO - Setting next_dagrun for air_quality_pipeline to 2026-09-03 15:05:00+00:00, run_after=2026-09-03 16:05:00+00:00
[2026-09-03T15:43:03.568+0000] {processor.py:183} INFO - Processing /opt/airflow/dags/spark_pipeline_dag.py took 0.090 seconds
[2026-09-03T15:43:33.871+0000] {processor.py:161} INFO - Started process (PID=47729) to work on /opt/airflow/dags/spark_pipeline_dag.py
[2026-09-03T15:43:33.872+0000] {processor.py:830} INFO - Processing file /opt/airflow/dags/spark_pipeline_dag.py for tasks to queue
[2026-09-03T15:43:33.873+0000] {logging_mixin.py:188} INFO - [2026-09-03T15:43:33.873+0000] {dagbag.py:538} INFO - Filling up the DagBag from /opt/airflow/dags/spark_pipeline_dag.py
[2026-09-03T15:43:33.899+0000] {processor.py:840} INFO - DAG(s) 'air_quality_pipeline' retrieved from /opt/airflow/dags/spark_pipeline_dag.py
[2026-09-03T15:43:33.918+0000] {logging_mixin.py:188} INFO - [2026-09-03T15:43:33.917+0000] {dag.py:3036} INFO - Sync 1 DAGs
[2026-09-03T15:43:33.937+0000] {logging_mixin.py:188} INFO - [2026-09-03T15:43:33.937+0000] {dag.py:3823} INFO - Setting next_dagrun for air_quality_pipeline to 2026-09-03 15:05:00+00:00, run_after=2026-09-03 16:05:00+00:00
[2026-09-03T15:43:33.956+0000] {processor.py:183} INFO - Processing /opt/airflow/dags/spark_pipeline_dag.py took 0.088 seconds
[2026-09-03T15:44:04.346+0000] {processor.py:161} INFO - Started process (PID=47739) to work on /opt/airflow/dags/spark_pipeline_dag.py
[2026-09-03T15:44:04.350+0000] {processor.py:830} INFO - Processing file /opt/airflow/dags/spark_pipeline_dag.py for tasks to queue
[2026-09-03T15:44:04.351+0000] {logging_mixin.py:188} INFO - [2026-09-03T15:44:04.351+0000] {dagbag.py:538} INFO - Filling up the DagBag from /opt/airflow/dags/spark_pipeline_dag.py
[2026-09-03T15:44:04.371+0000] {processor.py:840} INFO - DAG(s) 'air_quality_pipeline' retrieved from /opt/airflow/dags/spark_pipeline_dag.py
[2026-09-03T15:44:04.389+0000] {logging_mixin.py:188} INFO - [2026-09-03T15:44:04.389+0000] {dag.py:3036} INFO - Sync 1 DAGs
[2026-09-03T15:44:04.408+0000] {logging_mixin.py:188} INFO - [2026-09-03T15:44:04.408+0000] {dag.py:3823} INFO - Setting next_dagrun for air_quality_pipeline to 2026-09-03 15:05:00+00:00, run_after=2026-09-03 16:05:00+00:00
[2026-09-03T15:44:04.426+0000] {processor.py:183} INFO - Processing /opt/airflow/dags/spark_pipeline_dag.py took 0.082 seconds
[2026-09-03T15:44:34.759+0000] {processor.py:161} INFO - Started process (PID=47749) to work on /opt/airflow/dags/spark_pipeline_dag.py
[2026-09-03T15:44:34.760+0000] {processor.py:830} INFO - Processing file /opt/airflow/dags/spark_pipeline_dag.py for tasks to queue
[2026-09-03T15:44:34.761+0000] {logging_mixin.py:188} INFO - [2026-09-03T15:44:34.761+0000] {dagbag.py:538} INFO - Filling up the DagBag from /opt/airflow/dags/spark_pipeline_dag.py
[2026-09-03T15:44:34.784+0000] {processor.py:840} INFO - DAG(s) 'air_quality_pipeline' retrieved from /opt/airflow/dags/spark_pipeline_dag.py
[2026-09-03T15:44:34.803+0000] {logging_mixin.py:188} INFO - [2026-09-03T15:44:34.803+0000] {dag.py:3036} INFO - Sync 1 DAGs
[2026-09-03T15:44:34.831+0000] {logging_mixin.py:188} INFO - [2026-09-03T15:44:34.831+0000] {dag.py:3823} INFO - Setting next_dagrun for air_quality_pipeline to 2026-09-03 15:05:00+00:00, run_after=2026-09-03 16:05:00+00:00
[2026-09-03T15:44:34.859+0000] {processor.py:183} INFO - Processing /opt/airflow/dags/spark_pipeline_dag.py took 0.102 seconds
[2026-09-03T15:45:05.239+0000] {processor.py:161} INFO - Started process (PID=47759) to work on /opt/airflow/dags/spark_pipeline_dag.py
[2026-09-03T15:45:05.241+0000] {processor.py:830} INFO - Processing file /opt/airflow/dags/spark_pipeline_dag.py for tasks to queue
[2026-09-03T15:45:05.242+0000] {logging_mixin.py:188} INFO - [2026-09-03T15:45:05.241+0000] {dagbag.py:538} INFO - Filling up the DagBag from /opt/airflow/dags/spark_pipeline_dag.py
[2026-09-03T15:45:05.264+0000] {processor.py:840} INFO - DAG(s) 'air_quality_pipeline' retrieved from /opt/airflow/dags/spark_pipeline_dag.py
[2026-09-03T15:45:05.286+0000] {logging_mixin.py:188} INFO - [2026-09-03T15:45:05.286+0000] {dag.py:3036} INFO - Sync 1 DAGs
[2026-09-03T15:45:05.309+0000] {logging_mixin.py:188} INFO - [2026-09-03T15:45:05.309+0000] {dag.py:3823} INFO - Setting next_dagrun for air_quality_pipeline to 2026-09-03 15:05:00+00:00, run_after=2026-09-03 16:05:00+00:00
[2026-09-03T15:45:05.330+0000] {processor.py:183} INFO - Processing /opt/airflow/dags/spark_pipeline_dag.py took 0.094 seconds
[2026-09-03T15:45:35.654+0000] {processor.py:161} INFO - Started process (PID=47769) to work on /opt/airflow/dags/spark_pipeline_dag.py
[2026-09-03T15:45:35.655+0000] {processor.py:830} INFO - Processing file /opt/airflow/dags/spark_pipeline_dag.py for tasks to queue
[2026-09-03T15:45:35.656+0000] {logging_mixin.py:188} INFO - [2026-09-03T15:45:35.655+0000] {dagbag.py:538} INFO - Filling up the DagBag from /opt/airflow/dags/spark_pipeline_dag.py
[2026-09-03T15:45:35.682+0000] {processor.py:840} INFO - DAG(s) 'air_quality_pipeline' retrieved from /opt/airflow/dags/spark_pipeline_dag.py
[2026-09-03T15:45:35.706+0000] {logging_mixin.py:188} INFO - [2026-09-03T15:45:35.706+0000] {dag.py:3036} INFO - Sync 1 DAGs
[2026-09-03T15:45:35.728+0000] {logging_mixin.py:188} INFO - [2026-09-03T15:45:35.727+0000] {dag.py:3823} INFO - Setting next_dagrun for air_quality_pipeline to 2026-09-03 15:05:00+00:00, run_after=2026-09-03 16:05:00+00:00
[2026-09-03T15:45:35.749+0000] {processor.py:183} INFO - Processing /opt/airflow/dags/spark_pipeline_dag.py took 0.098 seconds
[2026-09-03T15:46:06.085+0000] {processor.py:161} INFO - Started process (PID=47779) to work on /opt/airflow/dags/spark_pipeline_dag.py
[2026-09-03T15:46:06.086+0000] {processor.py:830} INFO - Processing file /opt/airflow/dags/spark_pipeline_dag.py for tasks to queue
[2026-09-03T15:46:06.087+0000] {logging_mixin.py:188} INFO - [2026-09-03T15:46:06.086+0000] {dagbag.py:538} INFO - Filling up the DagBag from /opt/airflow/dags/spark_pipeline_dag.py
[2026-09-03T15:46:06.108+0000] {processor.py:840} INFO - DAG(s) 'air_quality_pipeline' retrieved from /opt/airflow/dags/spark_pipeline_dag.py
[2026-09-03T15:46:06.128+0000] {logging_mixin.py:188} INFO - [2026-09-03T15:46:06.128+0000] {dag.py:3036} INFO - Sync 1 DAGs
[2026-09-03T15:46:06.149+0000] {logging_mixin.py:188} INFO - [2026-09-03T15:46:06.149+0000] {dag.py:3823} INFO - Setting next_dagrun for air_quality_pipeline to 2026-09-03 15:05:00+00:00, run_after=2026-09-03 16:05:00+00:00
[2026-09-03T15:46:06.169+0000] {processor.py:183} INFO - Processing /opt/airflow/dags/spark_pipeline_dag.py took 0.088 seconds
[2026-09-03T15:46:36.563+0000] {processor.py:161} INFO - Started process (PID=47789) to work on /opt/airflow/dags/spark_pipeline_dag.py
[2026-09-03T15:46:36.564+0000] {processor.py:830} INFO - Processing file /opt/airflow/dags/spark_pipeline_dag.py for tasks to queue
[2026-09-03T15:46:36.565+0000] {logging_mixin.py:188} INFO - [2026-09-03T15:46:36.565+0000] {dagbag.py:538} INFO - Filling up the DagBag from /opt/airflow/dags/spark_pipeline_dag.py
[2026-09-03T15:46:36.590+0000] {processor.py:840} INFO - DAG(s) 'air_quality_pipeline' retrieved from /opt/airflow/dags/spark_pipeline_dag.py
[2026-09-03T15:46:36.611+0000] {logging_mixin.py:188} INFO - [2026-09-03T15:46:36.611+0000] {dag.py:3036} INFO - Sync 1 DAGs
[2026-09-03T15:46:36.630+0000] {logging_mixin.py:188} INFO - [2026-09-03T15:46:36.630+0000] {dag.py:3823} INFO - Setting next_dagrun for air_quality_pipeline to 2026-09-03 15:05:00+00:00, run_after=2026-09-03 16:05:00+00:00
[2026-09-03T15:46:36.648+0000] {processor.py:183} INFO - Processing /opt/airflow/dags/spark_pipeline_dag.py took 0.088 seconds
[2026-09-03T15:47:07.004+0000] {processor.py:161} INFO - Started process (PID=47799) to work on /opt/airflow/dags/spark_pipeline_dag.py
[2026-09-03T15:47:07.006+0000] {processor.py:830} INFO - Processing file /opt/airflow/dags/spark_pipeline_dag.py for tasks to queue
[2026-09-03T15:47:07.007+0000] {logging_mixin.py:188} INFO - [2026-09-03T15:47:07.007+0000] {dagbag.py:538} INFO - Filling up the DagBag from /opt/airflow/dags/spark_pipeline_dag.py
[2026-09-03T15:47:07.044+0000] {processor.py:840} INFO - DAG(s) 'air_quality_pipeline' retrieved from /opt/airflow/dags/spark_pipeline_dag.py
[2026-09-03T15:47:07.069+0000] {logging_mixin.py:188} INFO - [2026-09-03T15:47:07.069+0000] {dag.py:3036} INFO - Sync 1 DAGs
[2026-09-03T15:47:07.093+0000] {logging_mixin.py:188} INFO - [2026-09-03T15:47:07.092+0000] {dag.py:3823} INFO - Setting next_dagrun for air_quality_pipeline to 2026-09-03 15:05:00+00:00, run_after=2026-09-03 16:05:00+00:00
[2026-09-03T15:47:07.118+0000] {processor.py:183} INFO - Processing /opt/airflow/dags/spark_pipeline_dag.py took 0.118 seconds
[2026-09-03T15:47:37.452+0000] {processor.py:161} INFO - Started process (PID=47809) to work on /opt/airflow/dags/spark_pipeline_dag.py
[2026-09-03T15:47:37.454+0000] {processor.py:830} INFO - Processing file /opt/airflow/dags/spark_pipeline_dag.py for tasks to queue
[2026-09-03T15:47:37.454+0000] {logging_mixin.py:188} INFO - [2026-09-03T15:47:37.454+0000] {dagbag.py:538} INFO - Filling up the DagBag from /opt/airflow/dags/spark_pipeline_dag.py
[2026-09-03T15:47:37.474+0000] {processor.py:840} INFO - DAG(s) 'air_quality_pipeline' retrieved from /opt/airflow/dags/spark_pipeline_dag.py
[2026-09-03T15:47:37.493+0000] {logging_mixin.py:188} INFO - [2026-09-03T15:47:37.492+0000] {dag.py:3036} INFO - Sync 1 DAGs
[2026-09-03T15:47:37.512+0000] {logging_mixin.py:188} INFO - [2026-09-03T15:47:37.512+0000] {dag.py:3823} INFO - Setting next_dagrun for air_quality_pipeline to 2026-09-03 15:05:00+00:00, run_after=2026-09-03 16:05:00+00:00
[2026-09-03T15:47:37.530+0000] {processor.py:183} INFO - Processing /opt/airflow/dags/spark_pipeline_dag.py took 0.080 seconds
[2026-09-03T15:48:07.908+0000] {processor.py:161} INFO - Started process (PID=47819) to work on /opt/airflow/dags/spark_pipeline_dag.py
[2026-09-03T15:48:07.909+0000] {processor.py:830} INFO - Processing file /opt/airflow/dags/spark_pipeline_dag.py for tasks to queue
[2026-09-03T15:48:07.910+0000] {logging_mixin.py:188} INFO - [2026-09-03T15:48:07.910+0000] {dagbag.py:538} INFO - Filling up the DagBag from /opt/airflow/dags/spark_pipeline_dag.py
[2026-09-03T15:48:07.934+0000] {processor.py:840} INFO - DAG(s) 'air_quality_pipeline' retrieved from /opt/airflow/dags/spark_pipeline_dag.py
[2026-09-03T15:48:07.960+0000] {logging_mixin.py:188} INFO - [2026-09-03T15:48:07.959+0000] {dag.py:3036} INFO - Sync 1 DAGs
[2026-09-03T15:48:07.987+0000] {logging_mixin.py:188} INFO - [2026-09-03T15:48:07.987+0000] {dag.py:3823} INFO - Setting next_dagrun for air_quality_pipeline to 2026-09-03 15:05:00+00:00, run_after=2026-09-03 16:05:00+00:00
[2026-09-03T15:48:08.009+0000] {processor.py:183} INFO - Processing /opt/airflow/dags/spark_pipeline_dag.py took 0.105 seconds
[2026-09-03T15:48:38.483+0000] {processor.py:161} INFO - Started process (PID=47829) to work on /opt/airflow/dags/spark_pipeline_dag.py
[2026-09-03T15:48:38.485+0000] {processor.py:830} INFO - Processing file /opt/airflow/dags/spark_pipeline_dag.py for tasks to queue
[2026-09-03T15:48:38.486+0000] {logging_mixin.py:188} INFO - [2026-09-03T15:48:38.485+0000] {dagbag.py:538} INFO - Filling up the DagBag from /opt/airflow/dags/spark_pipeline_dag.py
[2026-09-03T15:48:38.507+0000] {processor.py:840} INFO - DAG(s) 'air_quality_pipeline' retrieved from /opt/airflow/dags/spark_pipeline_dag.py
[2026-09-03T15:48:38.526+0000] {logging_mixin.py:188} INFO - [2026-09-03T15:48:38.525+0000] {dag.py:3036} INFO - Sync 1 DAGs
[2026-09-03T15:48:38.547+0000] {logging_mixin.py:188} INFO - [2026-09-03T15:48:38.547+0000] {dag.py:3823} INFO - Setting next_dagrun for air_quality_pipeline to 2026-09-03 15:05:00+00:00, run_after=2026-09-03 16:05:00+00:00
[2026-09-03T15:48:38.568+0000] {processor.py:183} INFO - Processing /opt/airflow/dags/spark_pipeline_dag.py took 0.088 seconds
[2026-09-03T15:49:09.016+0000] {processor.py:161} INFO - Started process (PID=47839) to work on /opt/airflow/dags/spark_pipeline_dag.py
[2026-09-03T15:49:09.017+0000] {processor.py:830} INFO - Processing file /opt/airflow/dags/spark_pipeline_dag.py for tasks to queue
[2026-09-03T15:49:09.018+0000] {logging_mixin.py:188} INFO - [2026-09-03T15:49:09.018+0000] {dagbag.py:538} INFO - Filling up the DagBag from /opt/airflow/dags/spark_pipeline_dag.py
[2026-09-03T15:49:09.039+0000] {processor.py:840} INFO - DAG(s) 'air_quality_pipeline' retrieved from /opt/airflow/dags/spark_pipeline_dag.py
[2026-09-03T15:49:09.058+0000] {logging_mixin.py:188} INFO - [2026-09-03T15:49:09.058+0000] {dag.py:3036} INFO - Sync 1 DAGs
[2026-09-03T15:49:09.078+0000] {logging_mixin.py:188} INFO - [2026-09-03T15:49:09.078+0000] {dag.py:3823} INFO - Setting next_dagrun for air_quality_pipeline to 2026-09-03 15:05:00+00:00, run_after=2026-09-03 16:05:00+00:00
[2026-09-03T15:49:09.103+0000] {processor.py:183} INFO - Processing /opt/airflow/dags/spark_pipeline_dag.py took 0.090 seconds
[2026-09-03T15:49:39.474+0000] {processor.py:161} INFO - Started process (PID=47849) to work on /opt/airflow/dags/spark_pipeline_dag.py
[2026-09-03T15:49:39.475+0000] {processor.py:830} INFO - Processing file /opt/airflow/dags/spark_pipeline_dag.py for tasks to queue
[2026-09-03T15:49:39.476+0000] {logging_mixin.py:188} INFO - [2026-09-03T15:49:39.476+0000] {dagbag.py:538} INFO - Filling up the DagBag from /opt/airflow/dags/spark_pipeline_dag.py
[2026-09-03T15:49:39.496+0000] {processor.py:840} INFO - DAG(s) 'air_quality_pipeline' retrieved from /opt/airflow/dags/spark_pipeline_dag.py
[2026-09-03T15:49:39.515+0000] {logging_mixin.py:188} INFO - [2026-09-03T15:49:39.514+0000] {dag.py:3036} INFO - Sync 1 DAGs
[2026-09-03T15:49:39.540+0000] {logging_mixin.py:188} INFO - [2026-09-03T15:49:39.540+0000] {dag.py:3823} INFO - Setting next_dagrun for air_quality_pipeline to 2026-09-03 15:05:00+00:00, run_after=2026-09-03 16:05:00+00:00
[2026-09-03T15:49:39.559+0000] {processor.py:183} INFO - Processing /opt/airflow/dags/spark_pipeline_dag.py took 0.087 seconds
[2026-09-03T15:50:09.971+0000] {processor.py:161} INFO - Started process (PID=47859) to work on /opt/airflow/dags/spark_pipeline_dag.py
[2026-09-03T15:50:09.972+0000] {processor.py:830} INFO - Processing file /opt/airflow/dags/spark_pipeline_dag.py for tasks to queue
[2026-09-03T15:50:09.973+0000] {logging_mixin.py:188} INFO - [2026-09-03T15:50:09.973+0000] {dagbag.py:538} INFO - Filling up the DagBag from /opt/airflow/dags/spark_pipeline_dag.py
[2026-09-03T15:50:09.997+0000] {processor.py:840} INFO - DAG(s) 'air_quality_pipeline' retrieved from /opt/airflow/dags/spark_pipeline_dag.py
[2026-09-03T15:50:10.019+0000] {logging_mixin.py:188} INFO - [2026-09-03T15:50:10.019+0000] {dag.py:3036} INFO - Sync 1 DAGs
[2026-09-03T15:50:10.040+0000] {logging_mixin.py:188} INFO - [2026-09-03T15:50:10.040+0000] {dag.py:3823} INFO - Setting next_dagrun for air_quality_pipeline to 2026-09-03 15:05:00+00:00, run_after=2026-09-03 16:05:00+00:00
[2026-09-03T15:50:10.060+0000] {processor.py:183} INFO - Processing /opt/airflow/dags/spark_pipeline_dag.py took 0.092 seconds
[2026-09-03T15:50:40.389+0000] {processor.py:161} INFO - Started process (PID=47869) to work on /opt/airflow/dags/spark_pipeline_dag.py
[2026-09-03T15:50:40.390+0000] {processor.py:830} INFO - Processing file /opt/airflow/dags/spark_pipeline_dag.py for tasks to queue
[2026-09-03T15:50:40.392+0000] {logging_mixin.py:188} INFO - [2026-09-03T15:50:40.392+0000] {dagbag.py:538} INFO - Filling up the DagBag from /opt/airflow/dags/spark_pipeline_dag.py
[2026-09-03T15:50:40.425+0000] {processor.py:840} INFO - DAG(s) 'air_quality_pipeline' retrieved from /opt/airflow/dags/spark_pipeline_dag.py
[2026-09-03T15:50:40.453+0000] {logging_mixin.py:188} INFO - [2026-09-03T15:50:40.453+0000] {dag.py:3036} INFO - Sync 1 DAGs
[2026-09-03T15:50:40.477+0000] {logging_mixin.py:188} INFO - [2026-09-03T15:50:40.477+0000] {dag.py:3823} INFO - Setting next_dagrun for air_quality_pipeline to 2026-09-03 15:05:00+00:00, run_after=2026-09-03 16:05:00+00:00
[2026-09-03T15:50:40.501+0000] {processor.py:183} INFO - Processing /opt/airflow/dags/spark_pipeline_dag.py took 0.117 seconds
[2026-09-03T15:51:10.906+0000] {processor.py:161} INFO - Started process (PID=47879) to work on /opt/airflow/dags/spark_pipeline_dag.py
[2026-09-03T15:51:10.907+0000] {processor.py:830} INFO - Processing file /opt/airflow/dags/spark_pipeline_dag.py for tasks to queue
[2026-09-03T15:51:10.908+0000] {logging_mixin.py:188} INFO - [2026-09-03T15:51:10.907+0000] {dagbag.py:538} INFO - Filling up the DagBag from /opt/airflow/dags/spark_pipeline_dag.py
[2026-09-03T15:51:10.928+0000] {processor.py:840} INFO - DAG(s) 'air_quality_pipeline' retrieved from /opt/airflow/dags/spark_pipeline_dag.py
[2026-09-03T15:51:10.948+0000] {logging_mixin.py:188} INFO - [2026-09-03T15:51:10.947+0000] {dag.py:3036} INFO - Sync 1 DAGs
[2026-09-03T15:51:10.969+0000] {logging_mixin.py:188} INFO - [2026-09-03T15:51:10.969+0000] {dag.py:3823} INFO - Setting next_dagrun for air_quality_pipeline to 2026-09-03 15:05:00+00:00, run_after=2026-09-03 16:05:00+00:00
[2026-09-03T15:51:10.990+0000] {processor.py:183} INFO - Processing /opt/airflow/dags/spark_pipeline_dag.py took 0.086 seconds
[2026-09-03T15:51:41.331+0000] {processor.py:161} INFO - Started process (PID=47889) to work on /opt/airflow/dags/spark_pipeline_dag.py
[2026-09-03T15:51:41.332+0000] {processor.py:830} INFO - Processing file /opt/airflow/dags/spark_pipeline_dag.py for tasks to queue
[2026-09-03T15:51:41.333+0000] {logging_mixin.py:188} INFO - [2026-09-03T15:51:41.332+0000] {dagbag.py:538} INFO - Filling up the DagBag from /opt/airflow/dags/spark_pipeline_dag.py
[2026-09-03T15:51:41.358+0000] {processor.py:840} INFO - DAG(s) 'air_quality_pipeline' retrieved from /opt/airflow/dags/spark_pipeline_dag.py
[2026-09-03T15:51:41.379+0000] {logging_mixin.py:188} INFO - [2026-09-03T15:51:41.379+0000] {dag.py:3036} INFO - Sync 1 DAGs
[2026-09-03T15:51:41.403+0000] {logging_mixin.py:188} INFO - [2026-09-03T15:51:41.403+0000] {dag.py:3823} INFO - Setting next_dagrun for air_quality_pipeline to 2026-09-03 15:05:00+00:00, run_after=2026-09-03 16:05:00+00:00
[2026-09-03T15:51:41.422+0000] {processor.py:183} INFO - Processing /opt/airflow/dags/spark_pipeline_dag.py took 0.094 seconds
[2026-09-03T15:52:11.759+0000] {processor.py:161} INFO - Started process (PID=47899) to work on /opt/airflow/dags/spark_pipeline_dag.py
[2026-09-03T15:52:11.760+0000] {processor.py:830} INFO - Processing file /opt/airflow/dags/spark_pipeline_dag.py for tasks to queue
[2026-09-03T15:52:11.762+0000] {logging_mixin.py:188} INFO - [2026-09-03T15:52:11.762+0000] {dagbag.py:538} INFO - Filling up the DagBag from /opt/airflow/dags/spark_pipeline_dag.py
[2026-09-03T15:52:11.787+0000] {processor.py:840} INFO - DAG(s) 'air_quality_pipeline' retrieved from /opt/airflow/dags/spark_pipeline_dag.py
[2026-09-03T15:52:11.810+0000] {logging_mixin.py:188} INFO - [2026-09-03T15:52:11.810+0000] {dag.py:3036} INFO - Sync 1 DAGs
[2026-09-03T15:52:11.834+0000] {logging_mixin.py:188} INFO - [2026-09-03T15:52:11.834+0000] {dag.py:3823} INFO - Setting next_dagrun for air_quality_pipeline to 2026-09-03 15:05:00+00:00, run_after=2026-09-03 16:05:00+00:00
[2026-09-03T15:52:11.857+0000] {processor.py:183} INFO - Processing /opt/airflow/dags/spark_pipeline_dag.py took 0.101 seconds
[2026-09-03T15:52:42.184+0000] {processor.py:161} INFO - Started process (PID=47909) to work on /opt/airflow/dags/spark_pipeline_dag.py
[2026-09-03T15:52:42.185+0000] {processor.py:830} INFO - Processing file /opt/airflow/dags/spark_pipeline_dag.py for tasks to queue
[2026-09-03T15:52:42.186+0000] {logging_mixin.py:188} INFO - [2026-09-03T15:52:42.186+0000] {dagbag.py:538} INFO - Filling up the DagBag from /opt/airflow/dags/spark_pipeline_dag.py
[2026-09-03T15:52:42.211+0000] {processor.py:840} INFO - DAG(s) 'air_quality_pipeline' retrieved from /opt/airflow/dags/spark_pipeline_dag.py
[2026-09-03T15:52:42.233+0000] {logging_mixin.py:188} INFO - [2026-09-03T15:52:42.233+0000] {dag.py:3036} INFO - Sync 1 DAGs
[2026-09-03T15:52:42.259+0000] {logging_mixin.py:188} INFO - [2026-09-03T15:52:42.259+0000] {dag.py:3823} INFO - Setting next_dagrun for air_quality_pipeline to 2026-09-03 15:05:00+00:00, run_after=2026-09-03 16:05:00+00:00
[2026-09-03T15:52:42.286+0000] {processor.py:183} INFO - Processing /opt/airflow/dags/spark_pipeline_dag.py took 0.105 seconds
[2026-09-03T15:53:12.634+0000] {processor.py:161} INFO - Started process (PID=47919) to work on /opt/airflow/dags/spark_pipeline_dag.py
[2026-09-03T15:53:12.635+0000] {processor.py:830} INFO - Processing file /opt/airflow/dags/spark_pipeline_dag.py for tasks to queue
[2026-09-03T15:53:12.636+0000] {logging_mixin.py:188} INFO - [2026-09-03T15:53:12.636+0000] {dagbag.py:538} INFO - Filling up the DagBag from /opt/airflow/dags/spark_pipeline_dag.py
[2026-09-03T15:53:12.657+0000] {processor.py:840} INFO - DAG(s) 'air_quality_pipeline' retrieved from /opt/airflow/dags/spark_pipeline_dag.py
[2026-09-03T15:53:12.676+0000] {logging_mixin.py:188} INFO - [2026-09-03T15:53:12.676+0000] {dag.py:3036} INFO - Sync 1 DAGs
[2026-09-03T15:53:12.697+0000] {logging_mixin.py:188} INFO - [2026-09-03T15:53:12.697+0000] {dag.py:3823} INFO - Setting next_dagrun for air_quality_pipeline to 2026-09-03 15:05:00+00:00, run_after=2026-09-03 16:05:00+00:00
[2026-09-03T15:53:12.719+0000] {processor.py:183} INFO - Processing /opt/airflow/dags/spark_pipeline_dag.py took 0.088 seconds
[2026-09-03T15:53:43.108+0000] {processor.py:161} INFO - Started process (PID=47929) to work on /opt/airflow/dags/spark_pipeline_dag.py
[2026-09-03T15:53:43.109+0000] {processor.py:830} INFO - Processing file /opt/airflow/dags/spark_pipeline_dag.py for tasks to queue
[2026-09-03T15:53:43.110+0000] {logging_mixin.py:188} INFO - [2026-09-03T15:53:43.110+0000] {dagbag.py:538} INFO - Filling up the DagBag from /opt/airflow/dags/spark_pipeline_dag.py
[2026-09-03T15:53:43.132+0000] {processor.py:840} INFO - DAG(s) 'air_quality_pipeline' retrieved from /opt/airflow/dags/spark_pipeline_dag.py
[2026-09-03T15:53:43.199+0000] {logging_mixin.py:188} INFO - [2026-09-03T15:53:43.199+0000] {dag.py:3036} INFO - Sync 1 DAGs
[2026-09-03T15:53:43.223+0000] {logging_mixin.py:188} INFO - [2026-09-03T15:53:43.223+0000] {dag.py:3823} INFO - Setting next_dagrun for air_quality_pipeline to 2026-09-03 15:05:00+00:00, run_after=2026-09-03 16:05:00+00:00
[2026-09-03T15:53:43.243+0000] {processor.py:183} INFO - Processing /opt/airflow/dags/spark_pipeline_dag.py took 0.138 seconds
[2026-09-03T15:54:13.661+0000] {processor.py:161} INFO - Started process (PID=47939) to work on /opt/airflow/dags/spark_pipeline_dag.py
[2026-09-03T15:54:13.662+0000] {processor.py:830} INFO - Processing file /opt/airflow/dags/spark_pipeline_dag.py for tasks to queue
[2026-09-03T15:54:13.663+0000] {logging_mixin.py:188} INFO - [2026-09-03T15:54:13.663+0000] {dagbag.py:538} INFO - Filling up the DagBag from /opt/airflow/dags/spark_pipeline_dag.py
[2026-09-03T15:54:13.688+0000] {processor.py:840} INFO - DAG(s) 'air_quality_pipeline' retrieved from /opt/airflow/dags/spark_pipeline_dag.py
[2026-09-03T15:54:13.708+0000] {logging_mixin.py:188} INFO - [2026-09-03T15:54:13.708+0000] {dag.py:3036} INFO - Sync 1 DAGs
[2026-09-03T15:54:13.730+0000] {logging_mixin.py:188} INFO - [2026-09-03T15:54:13.730+0000] {dag.py:3823} INFO - Setting next_dagrun for air_quality_pipeline to 2026-09-03 15:05:00+00:00, run_after=2026-09-03 16:05:00+00:00
[2026-09-03T15:54:13.751+0000] {processor.py:183} INFO - Processing /opt/airflow/dags/spark_pipeline_dag.py took 0.093 seconds
[2026-09-03T15:54:44.207+0000] {processor.py:161} INFO - Started process (PID=47949) to work on /opt/airflow/dags/spark_pipeline_dag.py
[2026-09-03T15:54:44.209+0000] {processor.py:830} INFO - Processing file /opt/airflow/dags/spark_pipeline_dag.py for tasks to queue
[2026-09-03T15:54:44.212+0000] {logging_mixin.py:188} INFO - [2026-09-03T15:54:44.211+0000] {dagbag.py:538} INFO - Filling up the DagBag from /opt/airflow/dags/spark_pipeline_dag.py
[2026-09-03T15:54:44.245+0000] {processor.py:840} INFO - DAG(s) 'air_quality_pipeline' retrieved from /opt/airflow/dags/spark_pipeline_dag.py
[2026-09-03T15:54:44.266+0000] {logging_mixin.py:188} INFO - [2026-09-03T15:54:44.266+0000] {dag.py:3036} INFO - Sync 1 DAGs
[2026-09-03T15:54:44.287+0000] {logging_mixin.py:188} INFO - [2026-09-03T15:54:44.287+0000] {dag.py:3823} INFO - Setting next_dagrun for air_quality_pipeline to 2026-09-03 15:05:00+00:00, run_after=2026-09-03 16:05:00+00:00
[2026-09-03T15:54:44.306+0000] {processor.py:183} INFO - Processing /opt/airflow/dags/spark_pipeline_dag.py took 0.102 seconds
[2026-09-03T15:55:14.759+0000] {processor.py:161} INFO - Started process (PID=47959) to work on /opt/airflow/dags/spark_pipeline_dag.py
[2026-09-03T15:55:14.760+0000] {processor.py:830} INFO - Processing file /opt/airflow/dags/spark_pipeline_dag.py for tasks to queue
[2026-09-03T15:55:14.761+0000] {logging_mixin.py:188} INFO - [2026-09-03T15:55:14.761+0000] {dagbag.py:538} INFO - Filling up the DagBag from /opt/airflow/dags/spark_pipeline_dag.py
[2026-09-03T15:55:14.782+0000] {processor.py:840} INFO - DAG(s) 'air_quality_pipeline' retrieved from /opt/airflow/dags/spark_pipeline_dag.py
[2026-09-03T15:55:14.809+0000] {logging_mixin.py:188} INFO - [2026-09-03T15:55:14.809+0000] {dag.py:3036} INFO - Sync 1 DAGs
[2026-09-03T15:55:14.830+0000] {logging_mixin.py:188} INFO - [2026-09-03T15:55:14.830+0000] {dag.py:3823} INFO - Setting next_dagrun for air_quality_pipeline to 2026-09-03 15:05:00+00:00, run_after=2026-09-03 16:05:00+00:00
[2026-09-03T15:55:14.854+0000] {processor.py:183} INFO - Processing /opt/airflow/dags/spark_pipeline_dag.py took 0.098 seconds
[2026-09-03T15:55:45.205+0000] {processor.py:161} INFO - Started process (PID=47969) to work on /opt/airflow/dags/spark_pipeline_dag.py
[2026-09-03T15:55:45.206+0000] {processor.py:830} INFO - Processing file /opt/airflow/dags/spark_pipeline_dag.py for tasks to queue
[2026-09-03T15:55:45.207+0000] {logging_mixin.py:188} INFO - [2026-09-03T15:55:45.207+0000] {dagbag.py:538} INFO - Filling up the DagBag from /opt/airflow/dags/spark_pipeline_dag.py
[2026-09-03T15:55:45.226+0000] {processor.py:840} INFO - DAG(s) 'air_quality_pipeline' retrieved from /opt/airflow/dags/spark_pipeline_dag.py
[2026-09-03T15:55:45.246+0000] {logging_mixin.py:188} INFO - [2026-09-03T15:55:45.246+0000] {dag.py:3036} INFO - Sync 1 DAGs
[2026-09-03T15:55:45.267+0000] {logging_mixin.py:188} INFO - [2026-09-03T15:55:45.267+0000] {dag.py:3823} INFO - Setting next_dagrun for air_quality_pipeline to 2026-09-03 15:05:00+00:00, run_after=2026-09-03 16:05:00+00:00
[2026-09-03T15:55:45.287+0000] {processor.py:183} INFO - Processing /opt/airflow/dags/spark_pipeline_dag.py took 0.084 seconds
[2026-09-03T15:56:15.713+0000] {processor.py:161} INFO - Started process (PID=47979) to work on /opt/airflow/dags/spark_pipeline_dag.py
[2026-09-03T15:56:15.714+0000] {processor.py:830} INFO - Processing file /opt/airflow/dags/spark_pipeline_dag.py for tasks to queue
[2026-09-03T15:56:15.715+0000] {logging_mixin.py:188} INFO - [2026-09-03T15:56:15.715+0000] {dagbag.py:538} INFO - Filling up the DagBag from /opt/airflow/dags/spark_pipeline_dag.py
[2026-09-03T15:56:15.739+0000] {processor.py:840} INFO - DAG(s) 'air_quality_pipeline' retrieved from /opt/airflow/dags/spark_pipeline_dag.py
[2026-09-03T15:56:15.757+0000] {logging_mixin.py:188} INFO - [2026-09-03T15:56:15.757+0000] {dag.py:3036} INFO - Sync 1 DAGs
[2026-09-03T15:56:15.779+0000] {logging_mixin.py:188} INFO - [2026-09-03T15:56:15.779+0000] {dag.py:3823} INFO - Setting next_dagrun for air_quality_pipeline to 2026-09-03 15:05:00+00:00, run_after=2026-09-03 16:05:00+00:00
[2026-09-03T15:56:15.798+0000] {processor.py:183} INFO - Processing /opt/airflow/dags/spark_pipeline_dag.py took 0.088 seconds
[2026-09-03T15:56:46.230+0000] {processor.py:161} INFO - Started process (PID=47989) to work on /opt/airflow/dags/spark_pipeline_dag.py
[2026-09-03T15:56:46.231+0000] {processor.py:830} INFO - Processing file /opt/airflow/dags/spark_pipeline_dag.py for tasks to queue
[2026-09-03T15:56:46.233+0000] {logging_mixin.py:188} INFO - [2026-09-03T15:56:46.232+0000] {dagbag.py:538} INFO - Filling up the DagBag from /opt/airflow/dags/spark_pipeline_dag.py
[2026-09-03T15:56:46.255+0000] {processor.py:840} INFO - DAG(s) 'air_quality_pipeline' retrieved from /opt/airflow/dags/spark_pipeline_dag.py
[2026-09-03T15:56:46.273+0000] {logging_mixin.py:188} INFO - [2026-09-03T15:56:46.272+0000] {dag.py:3036} INFO - Sync 1 DAGs
[2026-09-03T15:56:46.290+0000] {logging_mixin.py:188} INFO - [2026-09-03T15:56:46.290+0000] {dag.py:3823} INFO - Setting next_dagrun for air_quality_pipeline to 2026-09-03 15:05:00+00:00, run_after=2026-09-03 16:05:00+00:00
[2026-09-03T15:56:46.307+0000] {processor.py:183} INFO - Processing /opt/airflow/dags/spark_pipeline_dag.py took 0.080 seconds
[2026-09-03T15:57:16.755+0000] {processor.py:161} INFO - Started process (PID=47999) to work on /opt/airflow/dags/spark_pipeline_dag.py
[2026-09-03T15:57:16.756+0000] {processor.py:830} INFO - Processing file /opt/airflow/dags/spark_pipeline_dag.py for tasks to queue
[2026-09-03T15:57:16.757+0000] {logging_mixin.py:188} INFO - [2026-09-03T15:57:16.757+0000] {dagbag.py:538} INFO - Filling up the DagBag from /opt/airflow/dags/spark_pipeline_dag.py
[2026-09-03T15:57:16.784+0000] {processor.py:840} INFO - DAG(s) 'air_quality_pipeline' retrieved from /opt/airflow/dags/spark_pipeline_dag.py
[2026-09-03T15:57:16.803+0000] {logging_mixin.py:188} INFO - [2026-09-03T15:57:16.803+0000] {dag.py:3036} INFO - Sync 1 DAGs
[2026-09-03T15:57:16.828+0000] {logging_mixin.py:188} INFO - [2026-09-03T15:57:16.828+0000] {dag.py:3823} INFO - Setting next_dagrun for air_quality_pipeline to 2026-09-03 15:05:00+00:00, run_after=2026-09-03 16:05:00+00:00
[2026-09-03T15:57:16.852+0000] {processor.py:183} INFO - Processing /opt/airflow/dags/spark_pipeline_dag.py took 0.100 seconds
[2026-09-03T15:57:47.400+0000] {processor.py:161} INFO - Started process (PID=48009) to work on /opt/airflow/dags/spark_pipeline_dag.py
[2026-09-03T15:57:47.402+0000] {processor.py:830} INFO - Processing file /opt/airflow/dags/spark_pipeline_dag.py for tasks to queue
[2026-09-03T15:57:47.403+0000] {logging_mixin.py:188} INFO - [2026-09-03T15:57:47.402+0000] {dagbag.py:538} INFO - Filling up the DagBag from /opt/airflow/dags/spark_pipeline_dag.py
[2026-09-03T15:57:47.423+0000] {processor.py:840} INFO - DAG(s) 'air_quality_pipeline' retrieved from /opt/airflow/dags/spark_pipeline_dag.py
[2026-09-03T15:57:47.443+0000] {logging_mixin.py:188} INFO - [2026-09-03T15:57:47.443+0000] {dag.py:3036} INFO - Sync 1 DAGs
[2026-09-03T15:57:47.462+0000] {logging_mixin.py:188} INFO - [2026-09-03T15:57:47.461+0000] {dag.py:3823} INFO - Setting next_dagrun for air_quality_pipeline to 2026-09-03 15:05:00+00:00, run_after=2026-09-03 16:05:00+00:00
[2026-09-03T15:57:47.479+0000] {processor.py:183} INFO - Processing /opt/airflow/dags/spark_pipeline_dag.py took 0.082 seconds
[2026-09-03T15:58:17.852+0000] {processor.py:161} INFO - Started process (PID=48019) to work on /opt/airflow/dags/spark_pipeline_dag.py
[2026-09-03T15:58:17.853+0000] {processor.py:830} INFO - Processing file /opt/airflow/dags/spark_pipeline_dag.py for tasks to queue
[2026-09-03T15:58:17.855+0000] {logging_mixin.py:188} INFO - [2026-09-03T15:58:17.855+0000] {dagbag.py:538} INFO - Filling up the DagBag from /opt/airflow/dags/spark_pipeline_dag.py
[2026-09-03T15:58:17.876+0000] {processor.py:840} INFO - DAG(s) 'air_quality_pipeline' retrieved from /opt/airflow/dags/spark_pipeline_dag.py
[2026-09-03T15:58:17.895+0000] {logging_mixin.py:188} INFO - [2026-09-03T15:58:17.895+0000] {dag.py:3036} INFO - Sync 1 DAGs
[2026-09-03T15:58:17.915+0000] {logging_mixin.py:188} INFO - [2026-09-03T15:58:17.915+0000] {dag.py:3823} INFO - Setting next_dagrun for air_quality_pipeline to 2026-09-03 15:05:00+00:00, run_after=2026-09-03 16:05:00+00:00
[2026-09-03T15:58:17.933+0000] {processor.py:183} INFO - Processing /opt/airflow/dags/spark_pipeline_dag.py took 0.084 seconds
[2026-09-03T15:58:48.272+0000] {processor.py:161} INFO - Started process (PID=48029) to work on /opt/airflow/dags/spark_pipeline_dag.py
[2026-09-03T15:58:48.273+0000] {processor.py:830} INFO - Processing file /opt/airflow/dags/spark_pipeline_dag.py for tasks to queue
[2026-09-03T15:58:48.274+0000] {logging_mixin.py:188} INFO - [2026-09-03T15:58:48.274+0000] {dagbag.py:538} INFO - Filling up the DagBag from /opt/airflow/dags/spark_pipeline_dag.py
[2026-09-03T15:58:48.299+0000] {processor.py:840} INFO - DAG(s) 'air_quality_pipeline' retrieved from /opt/airflow/dags/spark_pipeline_dag.py
[2026-09-03T15:58:48.317+0000] {logging_mixin.py:188} INFO - [2026-09-03T15:58:48.317+0000] {dag.py:3036} INFO - Sync 1 DAGs
[2026-09-03T15:58:48.337+0000] {logging_mixin.py:188} INFO - [2026-09-03T15:58:48.337+0000] {dag.py:3823} INFO - Setting next_dagrun for air_quality_pipeline to 2026-09-03 15:05:00+00:00, run_after=2026-09-03 16:05:00+00:00
[2026-09-03T15:58:48.356+0000] {processor.py:183} INFO - Processing /opt/airflow/dags/spark_pipeline_dag.py took 0.087 seconds
[2026-09-03T15:59:18.850+0000] {processor.py:161} INFO - Started process (PID=48039) to work on /opt/airflow/dags/spark_pipeline_dag.py
[2026-09-03T15:59:18.852+0000] {processor.py:830} INFO - Processing file /opt/airflow/dags/spark_pipeline_dag.py for tasks to queue
[2026-09-03T15:59:18.853+0000] {logging_mixin.py:188} INFO - [2026-09-03T15:59:18.852+0000] {dagbag.py:538} INFO - Filling up the DagBag from /opt/airflow/dags/spark_pipeline_dag.py
[2026-09-03T15:59:18.878+0000] {processor.py:840} INFO - DAG(s) 'air_quality_pipeline' retrieved from /opt/airflow/dags/spark_pipeline_dag.py
[2026-09-03T15:59:18.896+0000] {logging_mixin.py:188} INFO - [2026-09-03T15:59:18.895+0000] {dag.py:3036} INFO - Sync 1 DAGs
[2026-09-03T15:59:18.915+0000] {logging_mixin.py:188} INFO - [2026-09-03T15:59:18.915+0000] {dag.py:3823} INFO - Setting next_dagrun for air_quality_pipeline to 2026-09-03 15:05:00+00:00, run_after=2026-09-03 16:05:00+00:00
[2026-09-03T15:59:18.936+0000] {processor.py:183} INFO - Processing /opt/airflow/dags/spark_pipeline_dag.py took 0.089 seconds
[2026-09-03T15:59:49.326+0000] {processor.py:161} INFO - Started process (PID=48049) to work on /opt/airflow/dags/spark_pipeline_dag.py
[2026-09-03T15:59:49.328+0000] {processor.py:830} INFO - Processing file /opt/airflow/dags/spark_pipeline_dag.py for tasks to queue
[2026-09-03T15:59:49.329+0000] {logging_mixin.py:188} INFO - [2026-09-03T15:59:49.328+0000] {dagbag.py:538} INFO - Filling up the DagBag from /opt/airflow/dags/spark_pipeline_dag.py
[2026-09-03T15:59:49.353+0000] {processor.py:840} INFO - DAG(s) 'air_quality_pipeline' retrieved from /opt/airflow/dags/spark_pipeline_dag.py
[2026-09-03T15:59:49.372+0000] {logging_mixin.py:188} INFO - [2026-09-03T15:59:49.372+0000] {dag.py:3036} INFO - Sync 1 DAGs
[2026-09-03T15:59:49.393+0000] {logging_mixin.py:188} INFO - [2026-09-03T15:59:49.393+0000] {dag.py:3823} INFO - Setting next_dagrun for air_quality_pipeline to 2026-09-03 15:05:00+00:00, run_after=2026-09-03 16:05:00+00:00
[2026-09-03T15:59:49.410+0000] {processor.py:183} INFO - Processing /opt/airflow/dags/spark_pipeline_dag.py took 0.087 seconds
[2026-09-03T16:00:19.893+0000] {processor.py:161} INFO - Started process (PID=48061) to work on /opt/airflow/dags/spark_pipeline_dag.py
[2026-09-03T16:00:19.894+0000] {processor.py:830} INFO - Processing file /opt/airflow/dags/spark_pipeline_dag.py for tasks to queue
[2026-09-03T16:00:19.895+0000] {logging_mixin.py:188} INFO - [2026-09-03T16:00:19.894+0000] {dagbag.py:538} INFO - Filling up the DagBag from /opt/airflow/dags/spark_pipeline_dag.py
[2026-09-03T16:00:19.925+0000] {processor.py:840} INFO - DAG(s) 'air_quality_pipeline' retrieved from /opt/airflow/dags/spark_pipeline_dag.py
[2026-09-03T16:00:19.944+0000] {logging_mixin.py:188} INFO - [2026-09-03T16:00:19.943+0000] {dag.py:3036} INFO - Sync 1 DAGs
[2026-09-03T16:00:19.962+0000] {logging_mixin.py:188} INFO - [2026-09-03T16:00:19.962+0000] {dag.py:3823} INFO - Setting next_dagrun for air_quality_pipeline to 2026-09-03 15:05:00+00:00, run_after=2026-09-03 16:05:00+00:00
[2026-09-03T16:00:19.981+0000] {processor.py:183} INFO - Processing /opt/airflow/dags/spark_pipeline_dag.py took 0.091 seconds
[2026-09-03T16:00:50.437+0000] {processor.py:161} INFO - Started process (PID=48071) to work on /opt/airflow/dags/spark_pipeline_dag.py
[2026-09-03T16:00:50.438+0000] {processor.py:830} INFO - Processing file /opt/airflow/dags/spark_pipeline_dag.py for tasks to queue
[2026-09-03T16:00:50.439+0000] {logging_mixin.py:188} INFO - [2026-09-03T16:00:50.439+0000] {dagbag.py:538} INFO - Filling up the DagBag from /opt/airflow/dags/spark_pipeline_dag.py
[2026-09-03T16:00:50.465+0000] {processor.py:840} INFO - DAG(s) 'air_quality_pipeline' retrieved from /opt/airflow/dags/spark_pipeline_dag.py
[2026-09-03T16:00:50.485+0000] {logging_mixin.py:188} INFO - [2026-09-03T16:00:50.485+0000] {dag.py:3036} INFO - Sync 1 DAGs
[2026-09-03T16:00:50.505+0000] {logging_mixin.py:188} INFO - [2026-09-03T16:00:50.505+0000] {dag.py:3823} INFO - Setting next_dagrun for air_quality_pipeline to 2026-09-03 15:05:00+00:00, run_after=2026-09-03 16:05:00+00:00
[2026-09-03T16:00:50.523+0000] {processor.py:183} INFO - Processing /opt/airflow/dags/spark_pipeline_dag.py took 0.089 seconds
[2026-09-03T16:01:21.104+0000] {processor.py:161} INFO - Started process (PID=48081) to work on /opt/airflow/dags/spark_pipeline_dag.py
[2026-09-03T16:01:21.104+0000] {processor.py:830} INFO - Processing file /opt/airflow/dags/spark_pipeline_dag.py for tasks to queue
[2026-09-03T16:01:21.105+0000] {logging_mixin.py:188} INFO - [2026-09-03T16:01:21.105+0000] {dagbag.py:538} INFO - Filling up the DagBag from /opt/airflow/dags/spark_pipeline_dag.py
[2026-09-03T16:01:21.123+0000] {processor.py:840} INFO - DAG(s) 'air_quality_pipeline' retrieved from /opt/airflow/dags/spark_pipeline_dag.py
[2026-09-03T16:01:21.140+0000] {logging_mixin.py:188} INFO - [2026-09-03T16:01:21.140+0000] {dag.py:3036} INFO - Sync 1 DAGs
[2026-09-03T16:01:21.158+0000] {logging_mixin.py:188} INFO - [2026-09-03T16:01:21.158+0000] {dag.py:3823} INFO - Setting next_dagrun for air_quality_pipeline to 2026-09-03 15:05:00+00:00, run_after=2026-09-03 16:05:00+00:00
[2026-09-03T16:01:21.279+0000] {processor.py:183} INFO - Processing /opt/airflow/dags/spark_pipeline_dag.py took 0.178 seconds
[2026-09-03T16:01:51.691+0000] {processor.py:161} INFO - Started process (PID=48091) to work on /opt/airflow/dags/spark_pipeline_dag.py
[2026-09-03T16:01:51.692+0000] {processor.py:830} INFO - Processing file /opt/airflow/dags/spark_pipeline_dag.py for tasks to queue
[2026-09-03T16:01:51.693+0000] {logging_mixin.py:188} INFO - [2026-09-03T16:01:51.693+0000] {dagbag.py:538} INFO - Filling up the DagBag from /opt/airflow/dags/spark_pipeline_dag.py
[2026-09-03T16:01:51.715+0000] {processor.py:840} INFO - DAG(s) 'air_quality_pipeline' retrieved from /opt/airflow/dags/spark_pipeline_dag.py
[2026-09-03T16:01:51.739+0000] {logging_mixin.py:188} INFO - [2026-09-03T16:01:51.739+0000] {dag.py:3036} INFO - Sync 1 DAGs
[2026-09-03T16:01:51.766+0000] {logging_mixin.py:188} INFO - [2026-09-03T16:01:51.766+0000] {dag.py:3823} INFO - Setting next_dagrun for air_quality_pipeline to 2026-09-03 15:05:00+00:00, run_after=2026-09-03 16:05:00+00:00
[2026-09-03T16:01:51.793+0000] {processor.py:183} INFO - Processing /opt/airflow/dags/spark_pipeline_dag.py took 0.105 seconds
[2026-09-03T16:02:22.245+0000] {processor.py:161} INFO - Started process (PID=48101) to work on /opt/airflow/dags/spark_pipeline_dag.py
[2026-09-03T16:02:22.246+0000] {processor.py:830} INFO - Processing file /opt/airflow/dags/spark_pipeline_dag.py for tasks to queue
[2026-09-03T16:02:22.247+0000] {logging_mixin.py:188} INFO - [2026-09-03T16:02:22.247+0000] {dagbag.py:538} INFO - Filling up the DagBag from /opt/airflow/dags/spark_pipeline_dag.py
[2026-09-03T16:02:22.269+0000] {processor.py:840} INFO - DAG(s) 'air_quality_pipeline' retrieved from /opt/airflow/dags/spark_pipeline_dag.py
[2026-09-03T16:02:22.290+0000] {logging_mixin.py:188} INFO - [2026-09-03T16:02:22.290+0000] {dag.py:3036} INFO - Sync 1 DAGs
[2026-09-03T16:02:22.310+0000] {logging_mixin.py:188} INFO - [2026-09-03T16:02:22.310+0000] {dag.py:3823} INFO - Setting next_dagrun for air_quality_pipeline to 2026-09-03 15:05:00+00:00, run_after=2026-09-03 16:05:00+00:00
[2026-09-03T16:02:22.327+0000] {processor.py:183} INFO - Processing /opt/airflow/dags/spark_pipeline_dag.py took 0.084 seconds
[2026-09-03T16:02:52.843+0000] {processor.py:161} INFO - Started process (PID=48111) to work on /opt/airflow/dags/spark_pipeline_dag.py
[2026-09-03T16:02:52.844+0000] {processor.py:830} INFO - Processing file /opt/airflow/dags/spark_pipeline_dag.py for tasks to queue
[2026-09-03T16:02:52.845+0000] {logging_mixin.py:188} INFO - [2026-09-03T16:02:52.845+0000] {dagbag.py:538} INFO - Filling up the DagBag from /opt/airflow/dags/spark_pipeline_dag.py
[2026-09-03T16:02:52.868+0000] {processor.py:840} INFO - DAG(s) 'air_quality_pipeline' retrieved from /opt/airflow/dags/spark_pipeline_dag.py
[2026-09-03T16:02:52.893+0000] {logging_mixin.py:188} INFO - [2026-09-03T16:02:52.893+0000] {dag.py:3036} INFO - Sync 1 DAGs
[2026-09-03T16:02:52.917+0000] {logging_mixin.py:188} INFO - [2026-09-03T16:02:52.916+0000] {dag.py:3823} INFO - Setting next_dagrun for air_quality_pipeline to 2026-09-03 15:05:00+00:00, run_after=2026-09-03 16:05:00+00:00
[2026-09-03T16:02:52.941+0000] {processor.py:183} INFO - Processing /opt/airflow/dags/spark_pipeline_dag.py took 0.101 seconds
[2026-09-03T16:03:23.528+0000] {processor.py:161} INFO - Started process (PID=48121) to work on /opt/airflow/dags/spark_pipeline_dag.py
[2026-09-03T16:03:23.529+0000] {processor.py:830} INFO - Processing file /opt/airflow/dags/spark_pipeline_dag.py for tasks to queue
[2026-09-03T16:03:23.530+0000] {logging_mixin.py:188} INFO - [2026-09-03T16:03:23.530+0000] {dagbag.py:538} INFO - Filling up the DagBag from /opt/airflow/dags/spark_pipeline_dag.py
[2026-09-03T16:03:23.550+0000] {processor.py:840} INFO - DAG(s) 'air_quality_pipeline' retrieved from /opt/airflow/dags/spark_pipeline_dag.py
[2026-09-03T16:03:23.568+0000] {logging_mixin.py:188} INFO - [2026-09-03T16:03:23.567+0000] {dag.py:3036} INFO - Sync 1 DAGs
[2026-09-03T16:03:23.587+0000] {logging_mixin.py:188} INFO - [2026-09-03T16:03:23.587+0000] {dag.py:3823} INFO - Setting next_dagrun for air_quality_pipeline to 2026-09-03 15:05:00+00:00, run_after=2026-09-03 16:05:00+00:00
[2026-09-03T16:03:23.609+0000] {processor.py:183} INFO - Processing /opt/airflow/dags/spark_pipeline_dag.py took 0.084 seconds
[2026-09-03T16:03:54.000+0000] {processor.py:161} INFO - Started process (PID=48131) to work on /opt/airflow/dags/spark_pipeline_dag.py
[2026-09-03T16:03:54.002+0000] {processor.py:830} INFO - Processing file /opt/airflow/dags/spark_pipeline_dag.py for tasks to queue
[2026-09-03T16:03:54.004+0000] {logging_mixin.py:188} INFO - [2026-09-03T16:03:54.003+0000] {dagbag.py:538} INFO - Filling up the DagBag from /opt/airflow/dags/spark_pipeline_dag.py
[2026-09-03T16:03:54.032+0000] {processor.py:840} INFO - DAG(s) 'air_quality_pipeline' retrieved from /opt/airflow/dags/spark_pipeline_dag.py
[2026-09-03T16:03:54.050+0000] {logging_mixin.py:188} INFO - [2026-09-03T16:03:54.050+0000] {dag.py:3036} INFO - Sync 1 DAGs
[2026-09-03T16:03:54.070+0000] {logging_mixin.py:188} INFO - [2026-09-03T16:03:54.070+0000] {dag.py:3823} INFO - Setting next_dagrun for air_quality_pipeline to 2026-09-03 15:05:00+00:00, run_after=2026-09-03 16:05:00+00:00
[2026-09-03T16:03:54.090+0000] {processor.py:183} INFO - Processing /opt/airflow/dags/spark_pipeline_dag.py took 0.093 seconds
[2026-09-03T16:04:24.412+0000] {processor.py:161} INFO - Started process (PID=48141) to work on /opt/airflow/dags/spark_pipeline_dag.py
[2026-09-03T16:04:24.413+0000] {processor.py:830} INFO - Processing file /opt/airflow/dags/spark_pipeline_dag.py for tasks to queue
[2026-09-03T16:04:24.414+0000] {logging_mixin.py:188} INFO - [2026-09-03T16:04:24.414+0000] {dagbag.py:538} INFO - Filling up the DagBag from /opt/airflow/dags/spark_pipeline_dag.py
[2026-09-03T16:04:24.443+0000] {processor.py:840} INFO - DAG(s) 'air_quality_pipeline' retrieved from /opt/airflow/dags/spark_pipeline_dag.py
[2026-09-03T16:04:24.463+0000] {logging_mixin.py:188} INFO - [2026-09-03T16:04:24.462+0000] {dag.py:3036} INFO - Sync 1 DAGs
[2026-09-03T16:04:24.542+0000] {logging_mixin.py:188} INFO - [2026-09-03T16:04:24.542+0000] {dag.py:3823} INFO - Setting next_dagrun for air_quality_pipeline to 2026-09-03 15:05:00+00:00, run_after=2026-09-03 16:05:00+00:00
[2026-09-03T16:04:24.563+0000] {processor.py:183} INFO - Processing /opt/airflow/dags/spark_pipeline_dag.py took 0.153 seconds
[2026-09-03T16:04:55.003+0000] {processor.py:161} INFO - Started process (PID=48151) to work on /opt/airflow/dags/spark_pipeline_dag.py
[2026-09-03T16:04:55.004+0000] {processor.py:830} INFO - Processing file /opt/airflow/dags/spark_pipeline_dag.py for tasks to queue
[2026-09-03T16:04:55.004+0000] {logging_mixin.py:188} INFO - [2026-09-03T16:04:55.004+0000] {dagbag.py:538} INFO - Filling up the DagBag from /opt/airflow/dags/spark_pipeline_dag.py
[2026-09-03T16:04:55.023+0000] {processor.py:840} INFO - DAG(s) 'air_quality_pipeline' retrieved from /opt/airflow/dags/spark_pipeline_dag.py
[2026-09-03T16:04:55.042+0000] {logging_mixin.py:188} INFO - [2026-09-03T16:04:55.042+0000] {dag.py:3036} INFO - Sync 1 DAGs
[2026-09-03T16:04:55.063+0000] {logging_mixin.py:188} INFO - [2026-09-03T16:04:55.063+0000] {dag.py:3823} INFO - Setting next_dagrun for air_quality_pipeline to 2026-09-03 15:05:00+00:00, run_after=2026-09-03 16:05:00+00:00
[2026-09-03T16:04:55.082+0000] {processor.py:183} INFO - Processing /opt/airflow/dags/spark_pipeline_dag.py took 0.082 seconds
[2026-09-03T16:05:25.440+0000] {processor.py:161} INFO - Started process (PID=48163) to work on /opt/airflow/dags/spark_pipeline_dag.py
[2026-09-03T16:05:25.441+0000] {processor.py:830} INFO - Processing file /opt/airflow/dags/spark_pipeline_dag.py for tasks to queue
[2026-09-03T16:05:25.442+0000] {logging_mixin.py:188} INFO - [2026-09-03T16:05:25.442+0000] {dagbag.py:538} INFO - Filling up the DagBag from /opt/airflow/dags/spark_pipeline_dag.py
[2026-09-03T16:05:25.462+0000] {processor.py:840} INFO - DAG(s) 'air_quality_pipeline' retrieved from /opt/airflow/dags/spark_pipeline_dag.py
[2026-09-03T16:05:25.480+0000] {logging_mixin.py:188} INFO - [2026-09-03T16:05:25.480+0000] {dag.py:3036} INFO - Sync 1 DAGs
[2026-09-03T16:05:25.499+0000] {logging_mixin.py:188} INFO - [2026-09-03T16:05:25.499+0000] {dag.py:3823} INFO - Setting next_dagrun for air_quality_pipeline to 2026-09-03 16:05:00+00:00, run_after=2026-09-03 17:05:00+00:00
[2026-09-03T16:05:25.517+0000] {processor.py:183} INFO - Processing /opt/airflow/dags/spark_pipeline_dag.py took 0.080 seconds
[2026-09-03T16:05:55.994+0000] {processor.py:161} INFO - Started process (PID=48173) to work on /opt/airflow/dags/spark_pipeline_dag.py
[2026-09-03T16:05:55.995+0000] {processor.py:830} INFO - Processing file /opt/airflow/dags/spark_pipeline_dag.py for tasks to queue
[2026-09-03T16:05:55.996+0000] {logging_mixin.py:188} INFO - [2026-09-03T16:05:55.995+0000] {dagbag.py:538} INFO - Filling up the DagBag from /opt/airflow/dags/spark_pipeline_dag.py
[2026-09-03T16:05:56.017+0000] {processor.py:840} INFO - DAG(s) 'air_quality_pipeline' retrieved from /opt/airflow/dags/spark_pipeline_dag.py
[2026-09-03T16:05:56.037+0000] {logging_mixin.py:188} INFO - [2026-09-03T16:05:56.037+0000] {dag.py:3036} INFO - Sync 1 DAGs
[2026-09-03T16:05:56.058+0000] {logging_mixin.py:188} INFO - [2026-09-03T16:05:56.057+0000] {dag.py:3823} INFO - Setting next_dagrun for air_quality_pipeline to 2026-09-03 16:05:00+00:00, run_after=2026-09-03 17:05:00+00:00
[2026-09-03T16:05:56.076+0000] {processor.py:183} INFO - Processing /opt/airflow/dags/spark_pipeline_dag.py took 0.085 seconds
[2026-09-03T16:06:26.451+0000] {processor.py:161} INFO - Started process (PID=48183) to work on /opt/airflow/dags/spark_pipeline_dag.py
[2026-09-03T16:06:26.454+0000] {processor.py:830} INFO - Processing file /opt/airflow/dags/spark_pipeline_dag.py for tasks to queue
[2026-09-03T16:06:26.455+0000] {logging_mixin.py:188} INFO - [2026-09-03T16:06:26.455+0000] {dagbag.py:538} INFO - Filling up the DagBag from /opt/airflow/dags/spark_pipeline_dag.py
[2026-09-03T16:06:26.473+0000] {processor.py:840} INFO - DAG(s) 'air_quality_pipeline' retrieved from /opt/airflow/dags/spark_pipeline_dag.py
[2026-09-03T16:06:26.492+0000] {logging_mixin.py:188} INFO - [2026-09-03T16:06:26.491+0000] {dag.py:3036} INFO - Sync 1 DAGs
[2026-09-03T16:06:26.511+0000] {logging_mixin.py:188} INFO - [2026-09-03T16:06:26.511+0000] {dag.py:3823} INFO - Setting next_dagrun for air_quality_pipeline to 2026-09-03 16:05:00+00:00, run_after=2026-09-03 17:05:00+00:00
[2026-09-03T16:06:26.530+0000] {processor.py:183} INFO - Processing /opt/airflow/dags/spark_pipeline_dag.py took 0.081 seconds
[2026-09-03T16:06:56.935+0000] {processor.py:161} INFO - Started process (PID=48193) to work on /opt/airflow/dags/spark_pipeline_dag.py
[2026-09-03T16:06:56.936+0000] {processor.py:830} INFO - Processing file /opt/airflow/dags/spark_pipeline_dag.py for tasks to queue
[2026-09-03T16:06:56.938+0000] {logging_mixin.py:188} INFO - [2026-09-03T16:06:56.938+0000] {dagbag.py:538} INFO - Filling up the DagBag from /opt/airflow/dags/spark_pipeline_dag.py
[2026-09-03T16:06:56.967+0000] {processor.py:840} INFO - DAG(s) 'air_quality_pipeline' retrieved from /opt/airflow/dags/spark_pipeline_dag.py
[2026-09-03T16:06:56.990+0000] {logging_mixin.py:188} INFO - [2026-09-03T16:06:56.990+0000] {dag.py:3036} INFO - Sync 1 DAGs
[2026-09-03T16:06:57.012+0000] {logging_mixin.py:188} INFO - [2026-09-03T16:06:57.012+0000] {dag.py:3823} INFO - Setting next_dagrun for air_quality_pipeline to 2026-09-03 16:05:00+00:00, run_after=2026-09-03 17:05:00+00:00
[2026-09-03T16:06:57.028+0000] {processor.py:183} INFO - Processing /opt/airflow/dags/spark_pipeline_dag.py took 0.097 seconds
[2026-09-03T16:07:27.410+0000] {processor.py:161} INFO - Started process (PID=48203) to work on /opt/airflow/dags/spark_pipeline_dag.py
[2026-09-03T16:07:27.411+0000] {processor.py:830} INFO - Processing file /opt/airflow/dags/spark_pipeline_dag.py for tasks to queue
[2026-09-03T16:07:27.412+0000] {logging_mixin.py:188} INFO - [2026-09-03T16:07:27.411+0000] {dagbag.py:538} INFO - Filling up the DagBag from /opt/airflow/dags/spark_pipeline_dag.py
[2026-09-03T16:07:27.434+0000] {processor.py:840} INFO - DAG(s) 'air_quality_pipeline' retrieved from /opt/airflow/dags/spark_pipeline_dag.py
[2026-09-03T16:07:27.452+0000] {logging_mixin.py:188} INFO - [2026-09-03T16:07:27.452+0000] {dag.py:3036} INFO - Sync 1 DAGs
[2026-09-03T16:07:27.470+0000] {logging_mixin.py:188} INFO - [2026-09-03T16:07:27.470+0000] {dag.py:3823} INFO - Setting next_dagrun for air_quality_pipeline to 2026-09-03 16:05:00+00:00, run_after=2026-09-03 17:05:00+00:00
[2026-09-03T16:07:27.487+0000] {processor.py:183} INFO - Processing /opt/airflow/dags/spark_pipeline_dag.py took 0.080 seconds
[2026-09-03T16:07:57.855+0000] {processor.py:161} INFO - Started process (PID=48213) to work on /opt/airflow/dags/spark_pipeline_dag.py
[2026-09-03T16:07:57.856+0000] {processor.py:830} INFO - Processing file /opt/airflow/dags/spark_pipeline_dag.py for tasks to queue
[2026-09-03T16:07:57.857+0000] {logging_mixin.py:188} INFO - [2026-09-03T16:07:57.857+0000] {dagbag.py:538} INFO - Filling up the DagBag from /opt/airflow/dags/spark_pipeline_dag.py
[2026-09-03T16:07:57.878+0000] {processor.py:840} INFO - DAG(s) 'air_quality_pipeline' retrieved from /opt/airflow/dags/spark_pipeline_dag.py
[2026-09-03T16:07:57.901+0000] {logging_mixin.py:188} INFO - [2026-09-03T16:07:57.901+0000] {dag.py:3036} INFO - Sync 1 DAGs
[2026-09-03T16:07:57.926+0000] {logging_mixin.py:188} INFO - [2026-09-03T16:07:57.926+0000] {dag.py:3823} INFO - Setting next_dagrun for air_quality_pipeline to 2026-09-03 16:05:00+00:00, run_after=2026-09-03 17:05:00+00:00
[2026-09-03T16:07:57.950+0000] {processor.py:183} INFO - Processing /opt/airflow/dags/spark_pipeline_dag.py took 0.097 seconds
[2026-09-03T16:08:28.302+0000] {processor.py:161} INFO - Started process (PID=48223) to work on /opt/airflow/dags/spark_pipeline_dag.py
[2026-09-03T16:08:28.303+0000] {processor.py:830} INFO - Processing file /opt/airflow/dags/spark_pipeline_dag.py for tasks to queue
[2026-09-03T16:08:28.304+0000] {logging_mixin.py:188} INFO - [2026-09-03T16:08:28.304+0000] {dagbag.py:538} INFO - Filling up the DagBag from /opt/airflow/dags/spark_pipeline_dag.py
[2026-09-03T16:08:28.323+0000] {processor.py:840} INFO - DAG(s) 'air_quality_pipeline' retrieved from /opt/airflow/dags/spark_pipeline_dag.py
[2026-09-03T16:08:28.340+0000] {logging_mixin.py:188} INFO - [2026-09-03T16:08:28.340+0000] {dag.py:3036} INFO - Sync 1 DAGs
[2026-09-03T16:08:28.358+0000] {logging_mixin.py:188} INFO - [2026-09-03T16:08:28.358+0000] {dag.py:3823} INFO - Setting next_dagrun for air_quality_pipeline to 2026-09-03 16:05:00+00:00, run_after=2026-09-03 17:05:00+00:00
[2026-09-03T16:08:28.378+0000] {processor.py:183} INFO - Processing /opt/airflow/dags/spark_pipeline_dag.py took 0.078 seconds
[2026-09-03T16:08:58.919+0000] {processor.py:161} INFO - Started process (PID=48233) to work on /opt/airflow/dags/spark_pipeline_dag.py
[2026-09-03T16:08:58.920+0000] {processor.py:830} INFO - Processing file /opt/airflow/dags/spark_pipeline_dag.py for tasks to queue
[2026-09-03T16:08:58.921+0000] {logging_mixin.py:188} INFO - [2026-09-03T16:08:58.921+0000] {dagbag.py:538} INFO - Filling up the DagBag from /opt/airflow/dags/spark_pipeline_dag.py
[2026-09-03T16:08:58.942+0000] {processor.py:840} INFO - DAG(s) 'air_quality_pipeline' retrieved from /opt/airflow/dags/spark_pipeline_dag.py
[2026-09-03T16:08:58.961+0000] {logging_mixin.py:188} INFO - [2026-09-03T16:08:58.961+0000] {dag.py:3036} INFO - Sync 1 DAGs
[2026-09-03T16:08:58.982+0000] {logging_mixin.py:188} INFO - [2026-09-03T16:08:58.982+0000] {dag.py:3823} INFO - Setting next_dagrun for air_quality_pipeline to 2026-09-03 16:05:00+00:00, run_after=2026-09-03 17:05:00+00:00
[2026-09-03T16:08:59.001+0000] {processor.py:183} INFO - Processing /opt/airflow/dags/spark_pipeline_dag.py took 0.085 seconds
[2026-09-03T16:09:29.334+0000] {processor.py:161} INFO - Started process (PID=48243) to work on /opt/airflow/dags/spark_pipeline_dag.py
[2026-09-03T16:09:29.335+0000] {processor.py:830} INFO - Processing file /opt/airflow/dags/spark_pipeline_dag.py for tasks to queue
[2026-09-03T16:09:29.336+0000] {logging_mixin.py:188} INFO - [2026-09-03T16:09:29.336+0000] {dagbag.py:538} INFO - Filling up the DagBag from /opt/airflow/dags/spark_pipeline_dag.py
[2026-09-03T16:09:29.359+0000] {processor.py:840} INFO - DAG(s) 'air_quality_pipeline' retrieved from /opt/airflow/dags/spark_pipeline_dag.py
[2026-09-03T16:09:29.378+0000] {logging_mixin.py:188} INFO - [2026-09-03T16:09:29.378+0000] {dag.py:3036} INFO - Sync 1 DAGs
[2026-09-03T16:09:29.397+0000] {logging_mixin.py:188} INFO - [2026-09-03T16:09:29.397+0000] {dag.py:3823} INFO - Setting next_dagrun for air_quality_pipeline to 2026-09-03 16:05:00+00:00, run_after=2026-09-03 17:05:00+00:00
[2026-09-03T16:09:29.418+0000] {processor.py:183} INFO - Processing /opt/airflow/dags/spark_pipeline_dag.py took 0.086 seconds
[2026-09-03T16:09:59.804+0000] {processor.py:161} INFO - Started process (PID=48253) to work on /opt/airflow/dags/spark_pipeline_dag.py
[2026-09-03T16:09:59.805+0000] {processor.py:830} INFO - Processing file /opt/airflow/dags/spark_pipeline_dag.py for tasks to queue
[2026-09-03T16:09:59.806+0000] {logging_mixin.py:188} INFO - [2026-09-03T16:09:59.805+0000] {dagbag.py:538} INFO - Filling up the DagBag from /opt/airflow/dags/spark_pipeline_dag.py
[2026-09-03T16:09:59.829+0000] {processor.py:840} INFO - DAG(s) 'air_quality_pipeline' retrieved from /opt/airflow/dags/spark_pipeline_dag.py
[2026-09-03T16:09:59.852+0000] {logging_mixin.py:188} INFO - [2026-09-03T16:09:59.852+0000] {dag.py:3036} INFO - Sync 1 DAGs
[2026-09-03T16:09:59.874+0000] {logging_mixin.py:188} INFO - [2026-09-03T16:09:59.873+0000] {dag.py:3823} INFO - Setting next_dagrun for air_quality_pipeline to 2026-09-03 16:05:00+00:00, run_after=2026-09-03 17:05:00+00:00
[2026-09-03T16:09:59.896+0000] {processor.py:183} INFO - Processing /opt/airflow/dags/spark_pipeline_dag.py took 0.095 seconds
[2026-09-03T16:10:30.303+0000] {processor.py:161} INFO - Started process (PID=48263) to work on /opt/airflow/dags/spark_pipeline_dag.py
[2026-09-03T16:10:30.307+0000] {processor.py:830} INFO - Processing file /opt/airflow/dags/spark_pipeline_dag.py for tasks to queue
[2026-09-03T16:10:30.310+0000] {logging_mixin.py:188} INFO - [2026-09-03T16:10:30.309+0000] {dagbag.py:538} INFO - Filling up the DagBag from /opt/airflow/dags/spark_pipeline_dag.py
[2026-09-03T16:10:30.374+0000] {processor.py:840} INFO - DAG(s) 'air_quality_pipeline' retrieved from /opt/airflow/dags/spark_pipeline_dag.py
[2026-09-03T16:10:30.437+0000] {logging_mixin.py:188} INFO - [2026-09-03T16:10:30.436+0000] {dag.py:3036} INFO - Sync 1 DAGs
[2026-09-03T16:10:30.507+0000] {logging_mixin.py:188} INFO - [2026-09-03T16:10:30.506+0000] {dag.py:3823} INFO - Setting next_dagrun for air_quality_pipeline to 2026-09-03 16:05:00+00:00, run_after=2026-09-03 17:05:00+00:00
[2026-09-03T16:10:30.551+0000] {processor.py:183} INFO - Processing /opt/airflow/dags/spark_pipeline_dag.py took 0.266 seconds
[2026-09-03T16:11:00.978+0000] {processor.py:161} INFO - Started process (PID=48273) to work on /opt/airflow/dags/spark_pipeline_dag.py
[2026-09-03T16:11:00.979+0000] {processor.py:830} INFO - Processing file /opt/airflow/dags/spark_pipeline_dag.py for tasks to queue
[2026-09-03T16:11:00.980+0000] {logging_mixin.py:188} INFO - [2026-09-03T16:11:00.980+0000] {dagbag.py:538} INFO - Filling up the DagBag from /opt/airflow/dags/spark_pipeline_dag.py
[2026-09-03T16:11:01.005+0000] {processor.py:840} INFO - DAG(s) 'air_quality_pipeline' retrieved from /opt/airflow/dags/spark_pipeline_dag.py
[2026-09-03T16:11:01.033+0000] {logging_mixin.py:188} INFO - [2026-09-03T16:11:01.033+0000] {dag.py:3036} INFO - Sync 1 DAGs
[2026-09-03T16:11:01.058+0000] {logging_mixin.py:188} INFO - [2026-09-03T16:11:01.058+0000] {dag.py:3823} INFO - Setting next_dagrun for air_quality_pipeline to 2026-09-03 16:05:00+00:00, run_after=2026-09-03 17:05:00+00:00
[2026-09-03T16:11:01.079+0000] {processor.py:183} INFO - Processing /opt/airflow/dags/spark_pipeline_dag.py took 0.105 seconds
[2026-09-03T16:11:31.487+0000] {processor.py:161} INFO - Started process (PID=48283) to work on /opt/airflow/dags/spark_pipeline_dag.py
[2026-09-03T16:11:31.489+0000] {processor.py:830} INFO - Processing file /opt/airflow/dags/spark_pipeline_dag.py for tasks to queue
[2026-09-03T16:11:31.491+0000] {logging_mixin.py:188} INFO - [2026-09-03T16:11:31.490+0000] {dagbag.py:538} INFO - Filling up the DagBag from /opt/airflow/dags/spark_pipeline_dag.py
[2026-09-03T16:11:31.529+0000] {processor.py:840} INFO - DAG(s) 'air_quality_pipeline' retrieved from /opt/airflow/dags/spark_pipeline_dag.py
[2026-09-03T16:11:31.557+0000] {logging_mixin.py:188} INFO - [2026-09-03T16:11:31.557+0000] {dag.py:3036} INFO - Sync 1 DAGs
[2026-09-03T16:11:31.585+0000] {logging_mixin.py:188} INFO - [2026-09-03T16:11:31.584+0000] {dag.py:3823} INFO - Setting next_dagrun for air_quality_pipeline to 2026-09-03 16:05:00+00:00, run_after=2026-09-03 17:05:00+00:00
[2026-09-03T16:11:31.616+0000] {processor.py:183} INFO - Processing /opt/airflow/dags/spark_pipeline_dag.py took 0.133 seconds
[2026-09-03T16:12:01.957+0000] {processor.py:161} INFO - Started process (PID=48293) to work on /opt/airflow/dags/spark_pipeline_dag.py
[2026-09-03T16:12:01.960+0000] {processor.py:830} INFO - Processing file /opt/airflow/dags/spark_pipeline_dag.py for tasks to queue
[2026-09-03T16:12:01.961+0000] {logging_mixin.py:188} INFO - [2026-09-03T16:12:01.961+0000] {dagbag.py:538} INFO - Filling up the DagBag from /opt/airflow/dags/spark_pipeline_dag.py
[2026-09-03T16:12:01.981+0000] {processor.py:840} INFO - DAG(s) 'air_quality_pipeline' retrieved from /opt/airflow/dags/spark_pipeline_dag.py
[2026-09-03T16:12:02.006+0000] {logging_mixin.py:188} INFO - [2026-09-03T16:12:02.006+0000] {dag.py:3036} INFO - Sync 1 DAGs
[2026-09-03T16:12:02.028+0000] {logging_mixin.py:188} INFO - [2026-09-03T16:12:02.028+0000] {dag.py:3823} INFO - Setting next_dagrun for air_quality_pipeline to 2026-09-03 16:05:00+00:00, run_after=2026-09-03 17:05:00+00:00
[2026-09-03T16:12:02.082+0000] {processor.py:183} INFO - Processing /opt/airflow/dags/spark_pipeline_dag.py took 0.131 seconds
[2026-09-03T16:12:32.447+0000] {processor.py:161} INFO - Started process (PID=48303) to work on /opt/airflow/dags/spark_pipeline_dag.py
[2026-09-03T16:12:32.448+0000] {processor.py:830} INFO - Processing file /opt/airflow/dags/spark_pipeline_dag.py for tasks to queue
[2026-09-03T16:12:32.449+0000] {logging_mixin.py:188} INFO - [2026-09-03T16:12:32.449+0000] {dagbag.py:538} INFO - Filling up the DagBag from /opt/airflow/dags/spark_pipeline_dag.py
[2026-09-03T16:12:32.470+0000] {processor.py:840} INFO - DAG(s) 'air_quality_pipeline' retrieved from /opt/airflow/dags/spark_pipeline_dag.py
[2026-09-03T16:12:32.491+0000] {logging_mixin.py:188} INFO - [2026-09-03T16:12:32.491+0000] {dag.py:3036} INFO - Sync 1 DAGs
[2026-09-03T16:12:32.514+0000] {logging_mixin.py:188} INFO - [2026-09-03T16:12:32.514+0000] {dag.py:3823} INFO - Setting next_dagrun for air_quality_pipeline to 2026-09-03 16:05:00+00:00, run_after=2026-09-03 17:05:00+00:00
[2026-09-03T16:12:32.574+0000] {processor.py:183} INFO - Processing /opt/airflow/dags/spark_pipeline_dag.py took 0.130 seconds
[2026-09-03T16:13:02.997+0000] {processor.py:161} INFO - Started process (PID=48313) to work on /opt/airflow/dags/spark_pipeline_dag.py
[2026-09-03T16:13:02.998+0000] {processor.py:830} INFO - Processing file /opt/airflow/dags/spark_pipeline_dag.py for tasks to queue
[2026-09-03T16:13:02.999+0000] {logging_mixin.py:188} INFO - [2026-09-03T16:13:02.999+0000] {dagbag.py:538} INFO - Filling up the DagBag from /opt/airflow/dags/spark_pipeline_dag.py
[2026-09-03T16:13:03.023+0000] {processor.py:840} INFO - DAG(s) 'air_quality_pipeline' retrieved from /opt/airflow/dags/spark_pipeline_dag.py
[2026-09-03T16:13:03.044+0000] {logging_mixin.py:188} INFO - [2026-09-03T16:13:03.044+0000] {dag.py:3036} INFO - Sync 1 DAGs
[2026-09-03T16:13:03.067+0000] {logging_mixin.py:188} INFO - [2026-09-03T16:13:03.067+0000] {dag.py:3823} INFO - Setting next_dagrun for air_quality_pipeline to 2026-09-03 16:05:00+00:00, run_after=2026-09-03 17:05:00+00:00
[2026-09-03T16:13:03.087+0000] {processor.py:183} INFO - Processing /opt/airflow/dags/spark_pipeline_dag.py took 0.094 seconds
[2026-09-03T16:13:33.454+0000] {processor.py:161} INFO - Started process (PID=48323) to work on /opt/airflow/dags/spark_pipeline_dag.py
[2026-09-03T16:13:33.455+0000] {processor.py:830} INFO - Processing file /opt/airflow/dags/spark_pipeline_dag.py for tasks to queue
[2026-09-03T16:13:33.457+0000] {logging_mixin.py:188} INFO - [2026-09-03T16:13:33.456+0000] {dagbag.py:538} INFO - Filling up the DagBag from /opt/airflow/dags/spark_pipeline_dag.py
[2026-09-03T16:13:33.490+0000] {processor.py:840} INFO - DAG(s) 'air_quality_pipeline' retrieved from /opt/airflow/dags/spark_pipeline_dag.py
[2026-09-03T16:13:33.518+0000] {logging_mixin.py:188} INFO - [2026-09-03T16:13:33.518+0000] {dag.py:3036} INFO - Sync 1 DAGs
[2026-09-03T16:13:33.542+0000] {logging_mixin.py:188} INFO - [2026-09-03T16:13:33.541+0000] {dag.py:3823} INFO - Setting next_dagrun for air_quality_pipeline to 2026-09-03 16:05:00+00:00, run_after=2026-09-03 17:05:00+00:00
[2026-09-03T16:13:33.608+0000] {processor.py:183} INFO - Processing /opt/airflow/dags/spark_pipeline_dag.py took 0.158 seconds
[2026-09-03T16:14:04.159+0000] {processor.py:161} INFO - Started process (PID=48333) to work on /opt/airflow/dags/spark_pipeline_dag.py
[2026-09-03T16:14:04.160+0000] {processor.py:830} INFO - Processing file /opt/airflow/dags/spark_pipeline_dag.py for tasks to queue
[2026-09-03T16:14:04.162+0000] {logging_mixin.py:188} INFO - [2026-09-03T16:14:04.161+0000] {dagbag.py:538} INFO - Filling up the DagBag from /opt/airflow/dags/spark_pipeline_dag.py
[2026-09-03T16:14:04.210+0000] {processor.py:840} INFO - DAG(s) 'air_quality_pipeline' retrieved from /opt/airflow/dags/spark_pipeline_dag.py
[2026-09-03T16:14:04.260+0000] {logging_mixin.py:188} INFO - [2026-09-03T16:14:04.259+0000] {dag.py:3036} INFO - Sync 1 DAGs
[2026-09-03T16:14:04.306+0000] {logging_mixin.py:188} INFO - [2026-09-03T16:14:04.305+0000] {dag.py:3823} INFO - Setting next_dagrun for air_quality_pipeline to 2026-09-03 16:05:00+00:00, run_after=2026-09-03 17:05:00+00:00
[2026-09-03T16:14:04.367+0000] {processor.py:183} INFO - Processing /opt/airflow/dags/spark_pipeline_dag.py took 0.219 seconds
[2026-09-03T16:14:34.435+0000] {processor.py:161} INFO - Started process (PID=48343) to work on /opt/airflow/dags/spark_pipeline_dag.py
[2026-09-03T16:14:34.436+0000] {processor.py:830} INFO - Processing file /opt/airflow/dags/spark_pipeline_dag.py for tasks to queue
[2026-09-03T16:14:34.437+0000] {logging_mixin.py:188} INFO - [2026-09-03T16:14:34.436+0000] {dagbag.py:538} INFO - Filling up the DagBag from /opt/airflow/dags/spark_pipeline_dag.py
[2026-09-03T16:14:34.452+0000] {processor.py:840} INFO - DAG(s) 'air_quality_pipeline' retrieved from /opt/airflow/dags/spark_pipeline_dag.py
[2026-09-03T16:14:34.470+0000] {logging_mixin.py:188} INFO - [2026-09-03T16:14:34.470+0000] {dag.py:3036} INFO - Sync 1 DAGs
[2026-09-03T16:14:34.491+0000] {logging_mixin.py:188} INFO - [2026-09-03T16:14:34.491+0000] {dag.py:3823} INFO - Setting next_dagrun for air_quality_pipeline to 2026-09-03 16:05:00+00:00, run_after=2026-09-03 17:05:00+00:00
[2026-09-03T16:14:34.526+0000] {processor.py:183} INFO - Processing /opt/airflow/dags/spark_pipeline_dag.py took 0.094 seconds
[2026-09-03T16:15:04.857+0000] {processor.py:161} INFO - Started process (PID=48353) to work on /opt/airflow/dags/spark_pipeline_dag.py
[2026-09-03T16:15:04.858+0000] {processor.py:830} INFO - Processing file /opt/airflow/dags/spark_pipeline_dag.py for tasks to queue
[2026-09-03T16:15:04.859+0000] {logging_mixin.py:188} INFO - [2026-09-03T16:15:04.859+0000] {dagbag.py:538} INFO - Filling up the DagBag from /opt/airflow/dags/spark_pipeline_dag.py
[2026-09-03T16:15:04.884+0000] {processor.py:840} INFO - DAG(s) 'air_quality_pipeline' retrieved from /opt/airflow/dags/spark_pipeline_dag.py
[2026-09-03T16:15:04.909+0000] {logging_mixin.py:188} INFO - [2026-09-03T16:15:04.909+0000] {dag.py:3036} INFO - Sync 1 DAGs
[2026-09-03T16:15:04.939+0000] {logging_mixin.py:188} INFO - [2026-09-03T16:15:04.939+0000] {dag.py:3823} INFO - Setting next_dagrun for air_quality_pipeline to 2026-09-03 16:05:00+00:00, run_after=2026-09-03 17:05:00+00:00
[2026-09-03T16:15:04.961+0000] {processor.py:183} INFO - Processing /opt/airflow/dags/spark_pipeline_dag.py took 0.108 seconds
[2026-09-03T16:15:35.421+0000] {processor.py:161} INFO - Started process (PID=48363) to work on /opt/airflow/dags/spark_pipeline_dag.py
[2026-09-03T16:15:35.423+0000] {processor.py:830} INFO - Processing file /opt/airflow/dags/spark_pipeline_dag.py for tasks to queue
[2026-09-03T16:15:35.424+0000] {logging_mixin.py:188} INFO - [2026-09-03T16:15:35.423+0000] {dagbag.py:538} INFO - Filling up the DagBag from /opt/airflow/dags/spark_pipeline_dag.py
[2026-09-03T16:15:35.445+0000] {processor.py:840} INFO - DAG(s) 'air_quality_pipeline' retrieved from /opt/airflow/dags/spark_pipeline_dag.py
[2026-09-03T16:15:35.472+0000] {logging_mixin.py:188} INFO - [2026-09-03T16:15:35.471+0000] {dag.py:3036} INFO - Sync 1 DAGs
[2026-09-03T16:15:35.494+0000] {logging_mixin.py:188} INFO - [2026-09-03T16:15:35.494+0000] {dag.py:3823} INFO - Setting next_dagrun for air_quality_pipeline to 2026-09-03 16:05:00+00:00, run_after=2026-09-03 17:05:00+00:00
[2026-09-03T16:15:35.510+0000] {processor.py:183} INFO - Processing /opt/airflow/dags/spark_pipeline_dag.py took 0.093 seconds
[2026-09-03T16:16:05.842+0000] {processor.py:161} INFO - Started process (PID=48373) to work on /opt/airflow/dags/spark_pipeline_dag.py
[2026-09-03T16:16:05.844+0000] {processor.py:830} INFO - Processing file /opt/airflow/dags/spark_pipeline_dag.py for tasks to queue
[2026-09-03T16:16:05.845+0000] {logging_mixin.py:188} INFO - [2026-09-03T16:16:05.844+0000] {dagbag.py:538} INFO - Filling up the DagBag from /opt/airflow/dags/spark_pipeline_dag.py
[2026-09-03T16:16:05.870+0000] {processor.py:840} INFO - DAG(s) 'air_quality_pipeline' retrieved from /opt/airflow/dags/spark_pipeline_dag.py
[2026-09-03T16:16:05.890+0000] {logging_mixin.py:188} INFO - [2026-09-03T16:16:05.890+0000] {dag.py:3036} INFO - Sync 1 DAGs
[2026-09-03T16:16:05.915+0000] {logging_mixin.py:188} INFO - [2026-09-03T16:16:05.915+0000] {dag.py:3823} INFO - Setting next_dagrun for air_quality_pipeline to 2026-09-03 16:05:00+00:00, run_after=2026-09-03 17:05:00+00:00
[2026-09-03T16:16:05.937+0000] {processor.py:183} INFO - Processing /opt/airflow/dags/spark_pipeline_dag.py took 0.097 seconds
[2026-09-03T16:16:36.422+0000] {processor.py:161} INFO - Started process (PID=48383) to work on /opt/airflow/dags/spark_pipeline_dag.py
[2026-09-03T16:16:36.423+0000] {processor.py:830} INFO - Processing file /opt/airflow/dags/spark_pipeline_dag.py for tasks to queue
[2026-09-03T16:16:36.424+0000] {logging_mixin.py:188} INFO - [2026-09-03T16:16:36.424+0000] {dagbag.py:538} INFO - Filling up the DagBag from /opt/airflow/dags/spark_pipeline_dag.py
[2026-09-03T16:16:36.444+0000] {processor.py:840} INFO - DAG(s) 'air_quality_pipeline' retrieved from /opt/airflow/dags/spark_pipeline_dag.py
[2026-09-03T16:16:36.470+0000] {logging_mixin.py:188} INFO - [2026-09-03T16:16:36.470+0000] {dag.py:3036} INFO - Sync 1 DAGs
[2026-09-03T16:16:36.492+0000] {logging_mixin.py:188} INFO - [2026-09-03T16:16:36.491+0000] {dag.py:3823} INFO - Setting next_dagrun for air_quality_pipeline to 2026-09-03 16:05:00+00:00, run_after=2026-09-03 17:05:00+00:00
[2026-09-03T16:16:36.526+0000] {processor.py:183} INFO - Processing /opt/airflow/dags/spark_pipeline_dag.py took 0.111 seconds
[2026-09-03T16:17:06.878+0000] {processor.py:161} INFO - Started process (PID=48393) to work on /opt/airflow/dags/spark_pipeline_dag.py
[2026-09-03T16:17:06.880+0000] {processor.py:830} INFO - Processing file /opt/airflow/dags/spark_pipeline_dag.py for tasks to queue
[2026-09-03T16:17:06.881+0000] {logging_mixin.py:188} INFO - [2026-09-03T16:17:06.880+0000] {dagbag.py:538} INFO - Filling up the DagBag from /opt/airflow/dags/spark_pipeline_dag.py
[2026-09-03T16:17:06.902+0000] {processor.py:840} INFO - DAG(s) 'air_quality_pipeline' retrieved from /opt/airflow/dags/spark_pipeline_dag.py
[2026-09-03T16:17:06.920+0000] {logging_mixin.py:188} INFO - [2026-09-03T16:17:06.920+0000] {dag.py:3036} INFO - Sync 1 DAGs
[2026-09-03T16:17:06.936+0000] {logging_mixin.py:188} INFO - [2026-09-03T16:17:06.936+0000] {dag.py:3823} INFO - Setting next_dagrun for air_quality_pipeline to 2026-09-03 16:05:00+00:00, run_after=2026-09-03 17:05:00+00:00
[2026-09-03T16:17:06.950+0000] {processor.py:183} INFO - Processing /opt/airflow/dags/spark_pipeline_dag.py took 0.075 seconds
[2026-09-03T16:17:37.384+0000] {processor.py:161} INFO - Started process (PID=48403) to work on /opt/airflow/dags/spark_pipeline_dag.py
[2026-09-03T16:17:37.385+0000] {processor.py:830} INFO - Processing file /opt/airflow/dags/spark_pipeline_dag.py for tasks to queue
[2026-09-03T16:17:37.386+0000] {logging_mixin.py:188} INFO - [2026-09-03T16:17:37.386+0000] {dagbag.py:538} INFO - Filling up the DagBag from /opt/airflow/dags/spark_pipeline_dag.py
[2026-09-03T16:17:37.421+0000] {processor.py:840} INFO - DAG(s) 'air_quality_pipeline' retrieved from /opt/airflow/dags/spark_pipeline_dag.py
[2026-09-03T16:17:37.439+0000] {logging_mixin.py:188} INFO - [2026-09-03T16:17:37.439+0000] {dag.py:3036} INFO - Sync 1 DAGs
[2026-09-03T16:17:37.455+0000] {logging_mixin.py:188} INFO - [2026-09-03T16:17:37.455+0000] {dag.py:3823} INFO - Setting next_dagrun for air_quality_pipeline to 2026-09-03 16:05:00+00:00, run_after=2026-09-03 17:05:00+00:00
[2026-09-03T16:17:37.526+0000] {processor.py:183} INFO - Processing /opt/airflow/dags/spark_pipeline_dag.py took 0.145 seconds
[2026-09-03T16:18:07.895+0000] {processor.py:161} INFO - Started process (PID=48413) to work on /opt/airflow/dags/spark_pipeline_dag.py
[2026-09-03T16:18:07.896+0000] {processor.py:830} INFO - Processing file /opt/airflow/dags/spark_pipeline_dag.py for tasks to queue
[2026-09-03T16:18:07.898+0000] {logging_mixin.py:188} INFO - [2026-09-03T16:18:07.897+0000] {dagbag.py:538} INFO - Filling up the DagBag from /opt/airflow/dags/spark_pipeline_dag.py
[2026-09-03T16:18:07.932+0000] {processor.py:840} INFO - DAG(s) 'air_quality_pipeline' retrieved from /opt/airflow/dags/spark_pipeline_dag.py
[2026-09-03T16:18:07.966+0000] {logging_mixin.py:188} INFO - [2026-09-03T16:18:07.966+0000] {dag.py:3036} INFO - Sync 1 DAGs
[2026-09-03T16:18:07.983+0000] {logging_mixin.py:188} INFO - [2026-09-03T16:18:07.983+0000] {dag.py:3823} INFO - Setting next_dagrun for air_quality_pipeline to 2026-09-03 16:05:00+00:00, run_after=2026-09-03 17:05:00+00:00
[2026-09-03T16:18:07.999+0000] {processor.py:183} INFO - Processing /opt/airflow/dags/spark_pipeline_dag.py took 0.108 seconds
[2026-09-03T16:18:38.359+0000] {processor.py:161} INFO - Started process (PID=48423) to work on /opt/airflow/dags/spark_pipeline_dag.py
[2026-09-03T16:18:38.362+0000] {processor.py:830} INFO - Processing file /opt/airflow/dags/spark_pipeline_dag.py for tasks to queue
[2026-09-03T16:18:38.369+0000] {logging_mixin.py:188} INFO - [2026-09-03T16:18:38.368+0000] {dagbag.py:538} INFO - Filling up the DagBag from /opt/airflow/dags/spark_pipeline_dag.py
[2026-09-03T16:18:38.397+0000] {processor.py:840} INFO - DAG(s) 'air_quality_pipeline' retrieved from /opt/airflow/dags/spark_pipeline_dag.py
[2026-09-03T16:18:38.424+0000] {logging_mixin.py:188} INFO - [2026-09-03T16:18:38.423+0000] {dag.py:3036} INFO - Sync 1 DAGs
[2026-09-03T16:18:38.452+0000] {logging_mixin.py:188} INFO - [2026-09-03T16:18:38.452+0000] {dag.py:3823} INFO - Setting next_dagrun for air_quality_pipeline to 2026-09-03 16:05:00+00:00, run_after=2026-09-03 17:05:00+00:00
[2026-09-03T16:18:38.477+0000] {processor.py:183} INFO - Processing /opt/airflow/dags/spark_pipeline_dag.py took 0.122 seconds
[2026-09-03T16:19:08.820+0000] {processor.py:161} INFO - Started process (PID=48433) to work on /opt/airflow/dags/spark_pipeline_dag.py
[2026-09-03T16:19:08.822+0000] {processor.py:830} INFO - Processing file /opt/airflow/dags/spark_pipeline_dag.py for tasks to queue
[2026-09-03T16:19:08.824+0000] {logging_mixin.py:188} INFO - [2026-09-03T16:19:08.823+0000] {dagbag.py:538} INFO - Filling up the DagBag from /opt/airflow/dags/spark_pipeline_dag.py
[2026-09-03T16:19:08.856+0000] {processor.py:840} INFO - DAG(s) 'air_quality_pipeline' retrieved from /opt/airflow/dags/spark_pipeline_dag.py
[2026-09-03T16:19:08.881+0000] {logging_mixin.py:188} INFO - [2026-09-03T16:19:08.881+0000] {dag.py:3036} INFO - Sync 1 DAGs
[2026-09-03T16:19:08.905+0000] {logging_mixin.py:188} INFO - [2026-09-03T16:19:08.905+0000] {dag.py:3823} INFO - Setting next_dagrun for air_quality_pipeline to 2026-09-03 16:05:00+00:00, run_after=2026-09-03 17:05:00+00:00
[2026-09-03T16:19:08.922+0000] {processor.py:183} INFO - Processing /opt/airflow/dags/spark_pipeline_dag.py took 0.106 seconds
[2026-09-03T16:19:39.324+0000] {processor.py:161} INFO - Started process (PID=48443) to work on /opt/airflow/dags/spark_pipeline_dag.py
[2026-09-03T16:19:39.325+0000] {processor.py:830} INFO - Processing file /opt/airflow/dags/spark_pipeline_dag.py for tasks to queue
[2026-09-03T16:19:39.327+0000] {logging_mixin.py:188} INFO - [2026-09-03T16:19:39.326+0000] {dagbag.py:538} INFO - Filling up the DagBag from /opt/airflow/dags/spark_pipeline_dag.py
[2026-09-03T16:19:39.352+0000] {processor.py:840} INFO - DAG(s) 'air_quality_pipeline' retrieved from /opt/airflow/dags/spark_pipeline_dag.py
[2026-09-03T16:19:39.371+0000] {logging_mixin.py:188} INFO - [2026-09-03T16:19:39.371+0000] {dag.py:3036} INFO - Sync 1 DAGs
[2026-09-03T16:19:39.393+0000] {logging_mixin.py:188} INFO - [2026-09-03T16:19:39.393+0000] {dag.py:3823} INFO - Setting next_dagrun for air_quality_pipeline to 2026-09-03 16:05:00+00:00, run_after=2026-09-03 17:05:00+00:00
[2026-09-03T16:19:39.437+0000] {processor.py:183} INFO - Processing /opt/airflow/dags/spark_pipeline_dag.py took 0.116 seconds
[2026-09-03T16:20:09.831+0000] {processor.py:161} INFO - Started process (PID=48453) to work on /opt/airflow/dags/spark_pipeline_dag.py
[2026-09-03T16:20:09.833+0000] {processor.py:830} INFO - Processing file /opt/airflow/dags/spark_pipeline_dag.py for tasks to queue
[2026-09-03T16:20:09.835+0000] {logging_mixin.py:188} INFO - [2026-09-03T16:20:09.834+0000] {dagbag.py:538} INFO - Filling up the DagBag from /opt/airflow/dags/spark_pipeline_dag.py
[2026-09-03T16:20:09.864+0000] {processor.py:840} INFO - DAG(s) 'air_quality_pipeline' retrieved from /opt/airflow/dags/spark_pipeline_dag.py
[2026-09-03T16:20:09.892+0000] {logging_mixin.py:188} INFO - [2026-09-03T16:20:09.892+0000] {dag.py:3036} INFO - Sync 1 DAGs
[2026-09-03T16:20:09.930+0000] {logging_mixin.py:188} INFO - [2026-09-03T16:20:09.930+0000] {dag.py:3823} INFO - Setting next_dagrun for air_quality_pipeline to 2026-09-03 16:05:00+00:00, run_after=2026-09-03 17:05:00+00:00
[2026-09-03T16:20:09.959+0000] {processor.py:183} INFO - Processing /opt/airflow/dags/spark_pipeline_dag.py took 0.131 seconds
[2026-09-03T16:20:40.324+0000] {processor.py:161} INFO - Started process (PID=48463) to work on /opt/airflow/dags/spark_pipeline_dag.py
[2026-09-03T16:20:40.326+0000] {processor.py:830} INFO - Processing file /opt/airflow/dags/spark_pipeline_dag.py for tasks to queue
[2026-09-03T16:20:40.327+0000] {logging_mixin.py:188} INFO - [2026-09-03T16:20:40.327+0000] {dagbag.py:538} INFO - Filling up the DagBag from /opt/airflow/dags/spark_pipeline_dag.py
[2026-09-03T16:20:40.356+0000] {processor.py:840} INFO - DAG(s) 'air_quality_pipeline' retrieved from /opt/airflow/dags/spark_pipeline_dag.py
[2026-09-03T16:20:40.378+0000] {logging_mixin.py:188} INFO - [2026-09-03T16:20:40.378+0000] {dag.py:3036} INFO - Sync 1 DAGs
[2026-09-03T16:20:40.399+0000] {logging_mixin.py:188} INFO - [2026-09-03T16:20:40.399+0000] {dag.py:3823} INFO - Setting next_dagrun for air_quality_pipeline to 2026-09-03 16:05:00+00:00, run_after=2026-09-03 17:05:00+00:00
[2026-09-03T16:20:40.423+0000] {processor.py:183} INFO - Processing /opt/airflow/dags/spark_pipeline_dag.py took 0.101 seconds
[2026-09-03T16:21:10.743+0000] {processor.py:161} INFO - Started process (PID=48473) to work on /opt/airflow/dags/spark_pipeline_dag.py
[2026-09-03T16:21:10.744+0000] {processor.py:830} INFO - Processing file /opt/airflow/dags/spark_pipeline_dag.py for tasks to queue
[2026-09-03T16:21:10.745+0000] {logging_mixin.py:188} INFO - [2026-09-03T16:21:10.745+0000] {dagbag.py:538} INFO - Filling up the DagBag from /opt/airflow/dags/spark_pipeline_dag.py
[2026-09-03T16:21:10.765+0000] {processor.py:840} INFO - DAG(s) 'air_quality_pipeline' retrieved from /opt/airflow/dags/spark_pipeline_dag.py
[2026-09-03T16:21:10.812+0000] {logging_mixin.py:188} INFO - [2026-09-03T16:21:10.811+0000] {dag.py:3036} INFO - Sync 1 DAGs
[2026-09-03T16:21:10.852+0000] {logging_mixin.py:188} INFO - [2026-09-03T16:21:10.852+0000] {dag.py:3823} INFO - Setting next_dagrun for air_quality_pipeline to 2026-09-03 16:05:00+00:00, run_after=2026-09-03 17:05:00+00:00
[2026-09-03T16:21:10.886+0000] {processor.py:183} INFO - Processing /opt/airflow/dags/spark_pipeline_dag.py took 0.147 seconds
[2026-09-03T16:21:41.266+0000] {processor.py:161} INFO - Started process (PID=48483) to work on /opt/airflow/dags/spark_pipeline_dag.py
[2026-09-03T16:21:41.268+0000] {processor.py:830} INFO - Processing file /opt/airflow/dags/spark_pipeline_dag.py for tasks to queue
[2026-09-03T16:21:41.269+0000] {logging_mixin.py:188} INFO - [2026-09-03T16:21:41.269+0000] {dagbag.py:538} INFO - Filling up the DagBag from /opt/airflow/dags/spark_pipeline_dag.py
[2026-09-03T16:21:41.294+0000] {processor.py:840} INFO - DAG(s) 'air_quality_pipeline' retrieved from /opt/airflow/dags/spark_pipeline_dag.py
[2026-09-03T16:21:41.311+0000] {logging_mixin.py:188} INFO - [2026-09-03T16:21:41.311+0000] {dag.py:3036} INFO - Sync 1 DAGs
[2026-09-03T16:21:41.328+0000] {logging_mixin.py:188} INFO - [2026-09-03T16:21:41.328+0000] {dag.py:3823} INFO - Setting next_dagrun for air_quality_pipeline to 2026-09-03 16:05:00+00:00, run_after=2026-09-03 17:05:00+00:00
[2026-09-03T16:21:41.374+0000] {processor.py:183} INFO - Processing /opt/airflow/dags/spark_pipeline_dag.py took 0.110 seconds
[2026-09-03T16:22:11.764+0000] {processor.py:161} INFO - Started process (PID=48493) to work on /opt/airflow/dags/spark_pipeline_dag.py
[2026-09-03T16:22:11.764+0000] {processor.py:830} INFO - Processing file /opt/airflow/dags/spark_pipeline_dag.py for tasks to queue
[2026-09-03T16:22:11.765+0000] {logging_mixin.py:188} INFO - [2026-09-03T16:22:11.765+0000] {dagbag.py:538} INFO - Filling up the DagBag from /opt/airflow/dags/spark_pipeline_dag.py
[2026-09-03T16:22:11.780+0000] {processor.py:840} INFO - DAG(s) 'air_quality_pipeline' retrieved from /opt/airflow/dags/spark_pipeline_dag.py
[2026-09-03T16:22:11.797+0000] {logging_mixin.py:188} INFO - [2026-09-03T16:22:11.797+0000] {dag.py:3036} INFO - Sync 1 DAGs
[2026-09-03T16:22:11.816+0000] {logging_mixin.py:188} INFO - [2026-09-03T16:22:11.816+0000] {dag.py:3823} INFO - Setting next_dagrun for air_quality_pipeline to 2026-09-03 16:05:00+00:00, run_after=2026-09-03 17:05:00+00:00
[2026-09-03T16:22:11.849+0000] {processor.py:183} INFO - Processing /opt/airflow/dags/spark_pipeline_dag.py took 0.088 seconds
[2026-09-03T16:22:42.166+0000] {processor.py:161} INFO - Started process (PID=48503) to work on /opt/airflow/dags/spark_pipeline_dag.py
[2026-09-03T16:22:42.168+0000] {processor.py:830} INFO - Processing file /opt/airflow/dags/spark_pipeline_dag.py for tasks to queue
[2026-09-03T16:22:42.169+0000] {logging_mixin.py:188} INFO - [2026-09-03T16:22:42.169+0000] {dagbag.py:538} INFO - Filling up the DagBag from /opt/airflow/dags/spark_pipeline_dag.py
[2026-09-03T16:22:42.198+0000] {processor.py:840} INFO - DAG(s) 'air_quality_pipeline' retrieved from /opt/airflow/dags/spark_pipeline_dag.py
[2026-09-03T16:22:42.222+0000] {logging_mixin.py:188} INFO - [2026-09-03T16:22:42.222+0000] {dag.py:3036} INFO - Sync 1 DAGs
[2026-09-03T16:22:42.251+0000] {logging_mixin.py:188} INFO - [2026-09-03T16:22:42.251+0000] {dag.py:3823} INFO - Setting next_dagrun for air_quality_pipeline to 2026-09-03 16:05:00+00:00, run_after=2026-09-03 17:05:00+00:00
[2026-09-03T16:22:42.288+0000] {processor.py:183} INFO - Processing /opt/airflow/dags/spark_pipeline_dag.py took 0.125 seconds
[2026-09-03T16:23:12.737+0000] {processor.py:161} INFO - Started process (PID=48513) to work on /opt/airflow/dags/spark_pipeline_dag.py
[2026-09-03T16:23:12.738+0000] {processor.py:830} INFO - Processing file /opt/airflow/dags/spark_pipeline_dag.py for tasks to queue
[2026-09-03T16:23:12.739+0000] {logging_mixin.py:188} INFO - [2026-09-03T16:23:12.739+0000] {dagbag.py:538} INFO - Filling up the DagBag from /opt/airflow/dags/spark_pipeline_dag.py
[2026-09-03T16:23:12.766+0000] {processor.py:840} INFO - DAG(s) 'air_quality_pipeline' retrieved from /opt/airflow/dags/spark_pipeline_dag.py
[2026-09-03T16:23:12.784+0000] {logging_mixin.py:188} INFO - [2026-09-03T16:23:12.784+0000] {dag.py:3036} INFO - Sync 1 DAGs
[2026-09-03T16:23:12.802+0000] {logging_mixin.py:188} INFO - [2026-09-03T16:23:12.801+0000] {dag.py:3823} INFO - Setting next_dagrun for air_quality_pipeline to 2026-09-03 16:05:00+00:00, run_after=2026-09-03 17:05:00+00:00
[2026-09-03T16:23:12.842+0000] {processor.py:183} INFO - Processing /opt/airflow/dags/spark_pipeline_dag.py took 0.108 seconds
[2026-09-03T16:23:43.247+0000] {processor.py:161} INFO - Started process (PID=48523) to work on /opt/airflow/dags/spark_pipeline_dag.py
[2026-09-03T16:23:43.249+0000] {processor.py:830} INFO - Processing file /opt/airflow/dags/spark_pipeline_dag.py for tasks to queue
[2026-09-03T16:23:43.250+0000] {logging_mixin.py:188} INFO - [2026-09-03T16:23:43.250+0000] {dagbag.py:538} INFO - Filling up the DagBag from /opt/airflow/dags/spark_pipeline_dag.py
[2026-09-03T16:23:43.272+0000] {processor.py:840} INFO - DAG(s) 'air_quality_pipeline' retrieved from /opt/airflow/dags/spark_pipeline_dag.py
[2026-09-03T16:23:43.295+0000] {logging_mixin.py:188} INFO - [2026-09-03T16:23:43.295+0000] {dag.py:3036} INFO - Sync 1 DAGs
[2026-09-03T16:23:43.315+0000] {logging_mixin.py:188} INFO - [2026-09-03T16:23:43.315+0000] {dag.py:3823} INFO - Setting next_dagrun for air_quality_pipeline to 2026-09-03 16:05:00+00:00, run_after=2026-09-03 17:05:00+00:00
[2026-09-03T16:23:43.334+0000] {processor.py:183} INFO - Processing /opt/airflow/dags/spark_pipeline_dag.py took 0.090 seconds
[2026-09-03T16:24:13.727+0000] {processor.py:161} INFO - Started process (PID=48533) to work on /opt/airflow/dags/spark_pipeline_dag.py
[2026-09-03T16:24:13.728+0000] {processor.py:830} INFO - Processing file /opt/airflow/dags/spark_pipeline_dag.py for tasks to queue
[2026-09-03T16:24:13.728+0000] {logging_mixin.py:188} INFO - [2026-09-03T16:24:13.728+0000] {dagbag.py:538} INFO - Filling up the DagBag from /opt/airflow/dags/spark_pipeline_dag.py
[2026-09-03T16:24:13.744+0000] {processor.py:840} INFO - DAG(s) 'air_quality_pipeline' retrieved from /opt/airflow/dags/spark_pipeline_dag.py
[2026-09-03T16:24:13.760+0000] {logging_mixin.py:188} INFO - [2026-09-03T16:24:13.760+0000] {dag.py:3036} INFO - Sync 1 DAGs
[2026-09-03T16:24:13.776+0000] {logging_mixin.py:188} INFO - [2026-09-03T16:24:13.776+0000] {dag.py:3823} INFO - Setting next_dagrun for air_quality_pipeline to 2026-09-03 16:05:00+00:00, run_after=2026-09-03 17:05:00+00:00
[2026-09-03T16:24:13.794+0000] {processor.py:183} INFO - Processing /opt/airflow/dags/spark_pipeline_dag.py took 0.069 seconds
[2026-09-03T16:24:44.121+0000] {processor.py:161} INFO - Started process (PID=48543) to work on /opt/airflow/dags/spark_pipeline_dag.py
[2026-09-03T16:24:44.122+0000] {processor.py:830} INFO - Processing file /opt/airflow/dags/spark_pipeline_dag.py for tasks to queue
[2026-09-03T16:24:44.124+0000] {logging_mixin.py:188} INFO - [2026-09-03T16:24:44.123+0000] {dagbag.py:538} INFO - Filling up the DagBag from /opt/airflow/dags/spark_pipeline_dag.py
[2026-09-03T16:24:44.151+0000] {processor.py:840} INFO - DAG(s) 'air_quality_pipeline' retrieved from /opt/airflow/dags/spark_pipeline_dag.py
[2026-09-03T16:24:44.176+0000] {logging_mixin.py:188} INFO - [2026-09-03T16:24:44.176+0000] {dag.py:3036} INFO - Sync 1 DAGs
[2026-09-03T16:24:44.194+0000] {logging_mixin.py:188} INFO - [2026-09-03T16:24:44.194+0000] {dag.py:3823} INFO - Setting next_dagrun for air_quality_pipeline to 2026-09-03 16:05:00+00:00, run_after=2026-09-03 17:05:00+00:00
[2026-09-03T16:24:44.208+0000] {processor.py:183} INFO - Processing /opt/airflow/dags/spark_pipeline_dag.py took 0.091 seconds
[2026-09-03T17:53:01.703+0000] {processor.py:161} INFO - Started process (PID=48554) to work on /opt/airflow/dags/spark_pipeline_dag.py
[2026-09-03T17:53:01.737+0000] {processor.py:830} INFO - Processing file /opt/airflow/dags/spark_pipeline_dag.py for tasks to queue
[2026-09-03T17:53:01.748+0000] {logging_mixin.py:188} INFO - [2026-09-03T17:53:01.747+0000] {dagbag.py:538} INFO - Filling up the DagBag from /opt/airflow/dags/spark_pipeline_dag.py
[2026-09-03T17:53:32.667+0000] {processor.py:161} INFO - Started process (PID=48568) to work on /opt/airflow/dags/spark_pipeline_dag.py
[2026-09-03T17:53:32.669+0000] {processor.py:830} INFO - Processing file /opt/airflow/dags/spark_pipeline_dag.py for tasks to queue
[2026-09-03T17:53:32.670+0000] {logging_mixin.py:188} INFO - [2026-09-03T17:53:32.670+0000] {dagbag.py:538} INFO - Filling up the DagBag from /opt/airflow/dags/spark_pipeline_dag.py
[2026-09-03T17:53:32.695+0000] {processor.py:840} INFO - DAG(s) 'air_quality_pipeline' retrieved from /opt/airflow/dags/spark_pipeline_dag.py
[2026-09-03T17:53:32.717+0000] {logging_mixin.py:188} INFO - [2026-09-03T17:53:32.716+0000] {dag.py:3036} INFO - Sync 1 DAGs
[2026-09-03T17:53:32.736+0000] {logging_mixin.py:188} INFO - [2026-09-03T17:53:32.736+0000] {dag.py:3823} INFO - Setting next_dagrun for air_quality_pipeline to 2026-09-03 17:05:00+00:00, run_after=2026-09-03 18:05:00+00:00
[2026-09-03T17:53:32.755+0000] {processor.py:183} INFO - Processing /opt/airflow/dags/spark_pipeline_dag.py took 0.092 seconds
[2026-09-03T17:54:03.058+0000] {processor.py:161} INFO - Started process (PID=48578) to work on /opt/airflow/dags/spark_pipeline_dag.py
[2026-09-03T17:54:03.062+0000] {processor.py:830} INFO - Processing file /opt/airflow/dags/spark_pipeline_dag.py for tasks to queue
[2026-09-03T17:54:03.070+0000] {logging_mixin.py:188} INFO - [2026-09-03T17:54:03.070+0000] {dagbag.py:538} INFO - Filling up the DagBag from /opt/airflow/dags/spark_pipeline_dag.py
[2026-09-03T17:54:03.111+0000] {processor.py:840} INFO - DAG(s) 'air_quality_pipeline' retrieved from /opt/airflow/dags/spark_pipeline_dag.py
[2026-09-03T17:54:03.138+0000] {logging_mixin.py:188} INFO - [2026-09-03T17:54:03.138+0000] {dag.py:3036} INFO - Sync 1 DAGs
[2026-09-03T17:54:03.166+0000] {logging_mixin.py:188} INFO - [2026-09-03T17:54:03.165+0000] {dag.py:3823} INFO - Setting next_dagrun for air_quality_pipeline to 2026-09-03 17:05:00+00:00, run_after=2026-09-03 18:05:00+00:00
[2026-09-03T17:54:03.190+0000] {processor.py:183} INFO - Processing /opt/airflow/dags/spark_pipeline_dag.py took 0.137 seconds
[2026-09-03T17:54:33.466+0000] {processor.py:161} INFO - Started process (PID=48588) to work on /opt/airflow/dags/spark_pipeline_dag.py
[2026-09-03T17:54:33.467+0000] {processor.py:830} INFO - Processing file /opt/airflow/dags/spark_pipeline_dag.py for tasks to queue
[2026-09-03T17:54:33.468+0000] {logging_mixin.py:188} INFO - [2026-09-03T17:54:33.468+0000] {dagbag.py:538} INFO - Filling up the DagBag from /opt/airflow/dags/spark_pipeline_dag.py
[2026-09-03T17:54:33.492+0000] {processor.py:840} INFO - DAG(s) 'air_quality_pipeline' retrieved from /opt/airflow/dags/spark_pipeline_dag.py
[2026-09-03T17:54:33.516+0000] {logging_mixin.py:188} INFO - [2026-09-03T17:54:33.516+0000] {dag.py:3036} INFO - Sync 1 DAGs
[2026-09-03T17:54:33.541+0000] {logging_mixin.py:188} INFO - [2026-09-03T17:54:33.541+0000] {dag.py:3823} INFO - Setting next_dagrun for air_quality_pipeline to 2026-09-03 17:05:00+00:00, run_after=2026-09-03 18:05:00+00:00
[2026-09-03T17:54:33.565+0000] {processor.py:183} INFO - Processing /opt/airflow/dags/spark_pipeline_dag.py took 0.102 seconds
[2026-09-03T17:55:03.839+0000] {processor.py:161} INFO - Started process (PID=48598) to work on /opt/airflow/dags/spark_pipeline_dag.py
[2026-09-03T17:55:03.841+0000] {processor.py:830} INFO - Processing file /opt/airflow/dags/spark_pipeline_dag.py for tasks to queue
[2026-09-03T17:55:03.842+0000] {logging_mixin.py:188} INFO - [2026-09-03T17:55:03.841+0000] {dagbag.py:538} INFO - Filling up the DagBag from /opt/airflow/dags/spark_pipeline_dag.py
[2026-09-03T17:55:03.860+0000] {processor.py:840} INFO - DAG(s) 'air_quality_pipeline' retrieved from /opt/airflow/dags/spark_pipeline_dag.py
[2026-09-03T17:55:03.881+0000] {logging_mixin.py:188} INFO - [2026-09-03T17:55:03.880+0000] {dag.py:3036} INFO - Sync 1 DAGs
[2026-09-03T17:55:03.901+0000] {logging_mixin.py:188} INFO - [2026-09-03T17:55:03.901+0000] {dag.py:3823} INFO - Setting next_dagrun for air_quality_pipeline to 2026-09-03 17:05:00+00:00, run_after=2026-09-03 18:05:00+00:00
[2026-09-03T17:55:03.938+0000] {processor.py:183} INFO - Processing /opt/airflow/dags/spark_pipeline_dag.py took 0.102 seconds
[2026-09-03T17:55:34.285+0000] {processor.py:161} INFO - Started process (PID=48608) to work on /opt/airflow/dags/spark_pipeline_dag.py
[2026-09-03T17:55:34.286+0000] {processor.py:830} INFO - Processing file /opt/airflow/dags/spark_pipeline_dag.py for tasks to queue
[2026-09-03T17:55:34.287+0000] {logging_mixin.py:188} INFO - [2026-09-03T17:55:34.287+0000] {dagbag.py:538} INFO - Filling up the DagBag from /opt/airflow/dags/spark_pipeline_dag.py
[2026-09-03T17:55:34.313+0000] {processor.py:840} INFO - DAG(s) 'air_quality_pipeline' retrieved from /opt/airflow/dags/spark_pipeline_dag.py
[2026-09-03T17:55:34.340+0000] {logging_mixin.py:188} INFO - [2026-09-03T17:55:34.340+0000] {dag.py:3036} INFO - Sync 1 DAGs
[2026-09-03T17:55:34.369+0000] {logging_mixin.py:188} INFO - [2026-09-03T17:55:34.369+0000] {dag.py:3823} INFO - Setting next_dagrun for air_quality_pipeline to 2026-09-03 17:05:00+00:00, run_after=2026-09-03 18:05:00+00:00
[2026-09-03T17:55:34.412+0000] {processor.py:183} INFO - Processing /opt/airflow/dags/spark_pipeline_dag.py took 0.132 seconds
[2026-09-03T17:56:04.753+0000] {processor.py:161} INFO - Started process (PID=48618) to work on /opt/airflow/dags/spark_pipeline_dag.py
[2026-09-03T17:56:04.755+0000] {processor.py:830} INFO - Processing file /opt/airflow/dags/spark_pipeline_dag.py for tasks to queue
[2026-09-03T17:56:04.756+0000] {logging_mixin.py:188} INFO - [2026-09-03T17:56:04.756+0000] {dagbag.py:538} INFO - Filling up the DagBag from /opt/airflow/dags/spark_pipeline_dag.py
[2026-09-03T17:56:04.774+0000] {processor.py:840} INFO - DAG(s) 'air_quality_pipeline' retrieved from /opt/airflow/dags/spark_pipeline_dag.py
[2026-09-03T17:56:04.796+0000] {logging_mixin.py:188} INFO - [2026-09-03T17:56:04.796+0000] {dag.py:3036} INFO - Sync 1 DAGs
[2026-09-03T17:56:04.817+0000] {logging_mixin.py:188} INFO - [2026-09-03T17:56:04.817+0000] {dag.py:3823} INFO - Setting next_dagrun for air_quality_pipeline to 2026-09-03 17:05:00+00:00, run_after=2026-09-03 18:05:00+00:00
[2026-09-03T17:56:04.833+0000] {processor.py:183} INFO - Processing /opt/airflow/dags/spark_pipeline_dag.py took 0.083 seconds
[2026-09-03T17:56:35.182+0000] {processor.py:161} INFO - Started process (PID=48628) to work on /opt/airflow/dags/spark_pipeline_dag.py
[2026-09-03T17:56:35.183+0000] {processor.py:830} INFO - Processing file /opt/airflow/dags/spark_pipeline_dag.py for tasks to queue
[2026-09-03T17:56:35.184+0000] {logging_mixin.py:188} INFO - [2026-09-03T17:56:35.184+0000] {dagbag.py:538} INFO - Filling up the DagBag from /opt/airflow/dags/spark_pipeline_dag.py
[2026-09-03T17:56:35.199+0000] {processor.py:840} INFO - DAG(s) 'air_quality_pipeline' retrieved from /opt/airflow/dags/spark_pipeline_dag.py
[2026-09-03T17:56:35.216+0000] {logging_mixin.py:188} INFO - [2026-09-03T17:56:35.216+0000] {dag.py:3036} INFO - Sync 1 DAGs
[2026-09-03T17:56:35.234+0000] {logging_mixin.py:188} INFO - [2026-09-03T17:56:35.234+0000] {dag.py:3823} INFO - Setting next_dagrun for air_quality_pipeline to 2026-09-03 17:05:00+00:00, run_after=2026-09-03 18:05:00+00:00
[2026-09-03T17:56:35.250+0000] {processor.py:183} INFO - Processing /opt/airflow/dags/spark_pipeline_dag.py took 0.070 seconds
[2026-09-03T17:57:05.563+0000] {processor.py:161} INFO - Started process (PID=48638) to work on /opt/airflow/dags/spark_pipeline_dag.py
[2026-09-03T17:57:05.564+0000] {processor.py:830} INFO - Processing file /opt/airflow/dags/spark_pipeline_dag.py for tasks to queue
[2026-09-03T17:57:05.566+0000] {logging_mixin.py:188} INFO - [2026-09-03T17:57:05.565+0000] {dagbag.py:538} INFO - Filling up the DagBag from /opt/airflow/dags/spark_pipeline_dag.py
[2026-09-03T17:57:05.620+0000] {processor.py:840} INFO - DAG(s) 'air_quality_pipeline' retrieved from /opt/airflow/dags/spark_pipeline_dag.py
[2026-09-03T17:57:05.651+0000] {logging_mixin.py:188} INFO - [2026-09-03T17:57:05.650+0000] {dag.py:3036} INFO - Sync 1 DAGs
[2026-09-03T17:57:05.678+0000] {logging_mixin.py:188} INFO - [2026-09-03T17:57:05.678+0000] {dag.py:3823} INFO - Setting next_dagrun for air_quality_pipeline to 2026-09-03 17:05:00+00:00, run_after=2026-09-03 18:05:00+00:00
[2026-09-03T17:57:05.701+0000] {processor.py:183} INFO - Processing /opt/airflow/dags/spark_pipeline_dag.py took 0.141 seconds
[2026-09-03T17:57:36.130+0000] {processor.py:161} INFO - Started process (PID=48648) to work on /opt/airflow/dags/spark_pipeline_dag.py
[2026-09-03T17:57:36.131+0000] {processor.py:830} INFO - Processing file /opt/airflow/dags/spark_pipeline_dag.py for tasks to queue
[2026-09-03T17:57:36.132+0000] {logging_mixin.py:188} INFO - [2026-09-03T17:57:36.132+0000] {dagbag.py:538} INFO - Filling up the DagBag from /opt/airflow/dags/spark_pipeline_dag.py
[2026-09-03T17:57:36.161+0000] {processor.py:840} INFO - DAG(s) 'air_quality_pipeline' retrieved from /opt/airflow/dags/spark_pipeline_dag.py
[2026-09-03T17:57:36.177+0000] {logging_mixin.py:188} INFO - [2026-09-03T17:57:36.177+0000] {dag.py:3036} INFO - Sync 1 DAGs
[2026-09-03T17:57:36.193+0000] {logging_mixin.py:188} INFO - [2026-09-03T17:57:36.193+0000] {dag.py:3823} INFO - Setting next_dagrun for air_quality_pipeline to 2026-09-03 17:05:00+00:00, run_after=2026-09-03 18:05:00+00:00
[2026-09-03T17:57:36.229+0000] {processor.py:183} INFO - Processing /opt/airflow/dags/spark_pipeline_dag.py took 0.102 seconds
[2026-09-03T17:58:06.551+0000] {processor.py:161} INFO - Started process (PID=48658) to work on /opt/airflow/dags/spark_pipeline_dag.py
[2026-09-03T17:58:06.553+0000] {processor.py:830} INFO - Processing file /opt/airflow/dags/spark_pipeline_dag.py for tasks to queue
[2026-09-03T17:58:06.554+0000] {logging_mixin.py:188} INFO - [2026-09-03T17:58:06.553+0000] {dagbag.py:538} INFO - Filling up the DagBag from /opt/airflow/dags/spark_pipeline_dag.py
[2026-09-03T17:58:06.572+0000] {processor.py:840} INFO - DAG(s) 'air_quality_pipeline' retrieved from /opt/airflow/dags/spark_pipeline_dag.py
[2026-09-03T17:58:06.595+0000] {logging_mixin.py:188} INFO - [2026-09-03T17:58:06.594+0000] {dag.py:3036} INFO - Sync 1 DAGs
[2026-09-03T17:58:06.619+0000] {logging_mixin.py:188} INFO - [2026-09-03T17:58:06.619+0000] {dag.py:3823} INFO - Setting next_dagrun for air_quality_pipeline to 2026-09-03 17:05:00+00:00, run_after=2026-09-03 18:05:00+00:00
[2026-09-03T17:58:06.646+0000] {processor.py:183} INFO - Processing /opt/airflow/dags/spark_pipeline_dag.py took 0.098 seconds
[2026-09-03T17:58:36.956+0000] {processor.py:161} INFO - Started process (PID=48668) to work on /opt/airflow/dags/spark_pipeline_dag.py
[2026-09-03T17:58:36.957+0000] {processor.py:830} INFO - Processing file /opt/airflow/dags/spark_pipeline_dag.py for tasks to queue
[2026-09-03T17:58:36.958+0000] {logging_mixin.py:188} INFO - [2026-09-03T17:58:36.957+0000] {dagbag.py:538} INFO - Filling up the DagBag from /opt/airflow/dags/spark_pipeline_dag.py
[2026-09-03T17:58:36.973+0000] {processor.py:840} INFO - DAG(s) 'air_quality_pipeline' retrieved from /opt/airflow/dags/spark_pipeline_dag.py
[2026-09-03T17:58:36.990+0000] {logging_mixin.py:188} INFO - [2026-09-03T17:58:36.990+0000] {dag.py:3036} INFO - Sync 1 DAGs
[2026-09-03T17:58:37.005+0000] {logging_mixin.py:188} INFO - [2026-09-03T17:58:37.005+0000] {dag.py:3823} INFO - Setting next_dagrun for air_quality_pipeline to 2026-09-03 17:05:00+00:00, run_after=2026-09-03 18:05:00+00:00
[2026-09-03T17:58:37.043+0000] {processor.py:183} INFO - Processing /opt/airflow/dags/spark_pipeline_dag.py took 0.090 seconds
[2026-09-03T17:59:07.425+0000] {processor.py:161} INFO - Started process (PID=48678) to work on /opt/airflow/dags/spark_pipeline_dag.py
[2026-09-03T17:59:07.426+0000] {processor.py:830} INFO - Processing file /opt/airflow/dags/spark_pipeline_dag.py for tasks to queue
[2026-09-03T17:59:07.427+0000] {logging_mixin.py:188} INFO - [2026-09-03T17:59:07.427+0000] {dagbag.py:538} INFO - Filling up the DagBag from /opt/airflow/dags/spark_pipeline_dag.py
[2026-09-03T17:59:07.465+0000] {processor.py:840} INFO - DAG(s) 'air_quality_pipeline' retrieved from /opt/airflow/dags/spark_pipeline_dag.py
[2026-09-03T17:59:07.481+0000] {logging_mixin.py:188} INFO - [2026-09-03T17:59:07.481+0000] {dag.py:3036} INFO - Sync 1 DAGs
[2026-09-03T17:59:07.496+0000] {logging_mixin.py:188} INFO - [2026-09-03T17:59:07.496+0000] {dag.py:3823} INFO - Setting next_dagrun for air_quality_pipeline to 2026-09-03 17:05:00+00:00, run_after=2026-09-03 18:05:00+00:00
[2026-09-03T17:59:07.511+0000] {processor.py:183} INFO - Processing /opt/airflow/dags/spark_pipeline_dag.py took 0.089 seconds
[2026-09-03T17:59:37.914+0000] {processor.py:161} INFO - Started process (PID=48688) to work on /opt/airflow/dags/spark_pipeline_dag.py
[2026-09-03T17:59:37.915+0000] {processor.py:830} INFO - Processing file /opt/airflow/dags/spark_pipeline_dag.py for tasks to queue
[2026-09-03T17:59:37.917+0000] {logging_mixin.py:188} INFO - [2026-09-03T17:59:37.917+0000] {dagbag.py:538} INFO - Filling up the DagBag from /opt/airflow/dags/spark_pipeline_dag.py
[2026-09-03T17:59:37.945+0000] {processor.py:840} INFO - DAG(s) 'air_quality_pipeline' retrieved from /opt/airflow/dags/spark_pipeline_dag.py
[2026-09-03T17:59:37.968+0000] {logging_mixin.py:188} INFO - [2026-09-03T17:59:37.968+0000] {dag.py:3036} INFO - Sync 1 DAGs
[2026-09-03T17:59:37.989+0000] {logging_mixin.py:188} INFO - [2026-09-03T17:59:37.988+0000] {dag.py:3823} INFO - Setting next_dagrun for air_quality_pipeline to 2026-09-03 17:05:00+00:00, run_after=2026-09-03 18:05:00+00:00
[2026-09-03T17:59:38.008+0000] {processor.py:183} INFO - Processing /opt/airflow/dags/spark_pipeline_dag.py took 0.099 seconds
[2026-09-03T18:00:29.591+0000] {processor.py:161} INFO - Started process (PID=48700) to work on /opt/airflow/dags/spark_pipeline_dag.py
[2026-09-03T18:00:29.592+0000] {processor.py:830} INFO - Processing file /opt/airflow/dags/spark_pipeline_dag.py for tasks to queue
[2026-09-03T18:00:29.593+0000] {logging_mixin.py:188} INFO - [2026-09-03T18:00:29.593+0000] {dagbag.py:538} INFO - Filling up the DagBag from /opt/airflow/dags/spark_pipeline_dag.py
[2026-09-03T18:00:29.621+0000] {processor.py:840} INFO - DAG(s) 'air_quality_pipeline' retrieved from /opt/airflow/dags/spark_pipeline_dag.py
[2026-09-03T18:00:29.650+0000] {logging_mixin.py:188} INFO - [2026-09-03T18:00:29.649+0000] {dag.py:3036} INFO - Sync 1 DAGs
[2026-09-03T18:00:29.679+0000] {logging_mixin.py:188} INFO - [2026-09-03T18:00:29.679+0000] {dag.py:3823} INFO - Setting next_dagrun for air_quality_pipeline to 2026-09-03 17:05:00+00:00, run_after=2026-09-03 18:05:00+00:00
[2026-09-03T18:00:29.733+0000] {processor.py:183} INFO - Processing /opt/airflow/dags/spark_pipeline_dag.py took 0.148 seconds
[2026-09-03T18:01:00.113+0000] {processor.py:161} INFO - Started process (PID=48712) to work on /opt/airflow/dags/spark_pipeline_dag.py
[2026-09-03T18:01:00.115+0000] {processor.py:830} INFO - Processing file /opt/airflow/dags/spark_pipeline_dag.py for tasks to queue
[2026-09-03T18:01:00.117+0000] {logging_mixin.py:188} INFO - [2026-09-03T18:01:00.116+0000] {dagbag.py:538} INFO - Filling up the DagBag from /opt/airflow/dags/spark_pipeline_dag.py
[2026-09-03T18:01:00.137+0000] {processor.py:840} INFO - DAG(s) 'air_quality_pipeline' retrieved from /opt/airflow/dags/spark_pipeline_dag.py
[2026-09-03T18:01:00.162+0000] {logging_mixin.py:188} INFO - [2026-09-03T18:01:00.162+0000] {dag.py:3036} INFO - Sync 1 DAGs
[2026-09-03T18:01:00.191+0000] {logging_mixin.py:188} INFO - [2026-09-03T18:01:00.191+0000] {dag.py:3823} INFO - Setting next_dagrun for air_quality_pipeline to 2026-09-03 17:05:00+00:00, run_after=2026-09-03 18:05:00+00:00
[2026-09-03T18:01:00.214+0000] {processor.py:183} INFO - Processing /opt/airflow/dags/spark_pipeline_dag.py took 0.104 seconds
[2026-09-03T18:01:30.580+0000] {processor.py:161} INFO - Started process (PID=48722) to work on /opt/airflow/dags/spark_pipeline_dag.py
[2026-09-03T18:01:30.582+0000] {processor.py:830} INFO - Processing file /opt/airflow/dags/spark_pipeline_dag.py for tasks to queue
[2026-09-03T18:01:30.583+0000] {logging_mixin.py:188} INFO - [2026-09-03T18:01:30.582+0000] {dagbag.py:538} INFO - Filling up the DagBag from /opt/airflow/dags/spark_pipeline_dag.py
[2026-09-03T18:01:30.615+0000] {processor.py:840} INFO - DAG(s) 'air_quality_pipeline' retrieved from /opt/airflow/dags/spark_pipeline_dag.py
[2026-09-03T18:01:30.639+0000] {logging_mixin.py:188} INFO - [2026-09-03T18:01:30.639+0000] {dag.py:3036} INFO - Sync 1 DAGs
[2026-09-03T18:01:30.662+0000] {logging_mixin.py:188} INFO - [2026-09-03T18:01:30.662+0000] {dag.py:3823} INFO - Setting next_dagrun for air_quality_pipeline to 2026-09-03 17:05:00+00:00, run_after=2026-09-03 18:05:00+00:00
[2026-09-03T18:01:30.705+0000] {processor.py:183} INFO - Processing /opt/airflow/dags/spark_pipeline_dag.py took 0.128 seconds
[2026-09-03T18:02:01.068+0000] {processor.py:161} INFO - Started process (PID=48732) to work on /opt/airflow/dags/spark_pipeline_dag.py
[2026-09-03T18:02:01.069+0000] {processor.py:830} INFO - Processing file /opt/airflow/dags/spark_pipeline_dag.py for tasks to queue
[2026-09-03T18:02:01.070+0000] {logging_mixin.py:188} INFO - [2026-09-03T18:02:01.070+0000] {dagbag.py:538} INFO - Filling up the DagBag from /opt/airflow/dags/spark_pipeline_dag.py
[2026-09-03T18:02:01.092+0000] {processor.py:840} INFO - DAG(s) 'air_quality_pipeline' retrieved from /opt/airflow/dags/spark_pipeline_dag.py
[2026-09-03T18:02:01.114+0000] {logging_mixin.py:188} INFO - [2026-09-03T18:02:01.114+0000] {dag.py:3036} INFO - Sync 1 DAGs
[2026-09-03T18:02:01.136+0000] {logging_mixin.py:188} INFO - [2026-09-03T18:02:01.135+0000] {dag.py:3823} INFO - Setting next_dagrun for air_quality_pipeline to 2026-09-03 17:05:00+00:00, run_after=2026-09-03 18:05:00+00:00
[2026-09-03T18:02:01.176+0000] {processor.py:183} INFO - Processing /opt/airflow/dags/spark_pipeline_dag.py took 0.112 seconds
[2026-09-03T18:02:31.477+0000] {processor.py:161} INFO - Started process (PID=48742) to work on /opt/airflow/dags/spark_pipeline_dag.py
[2026-09-03T18:02:31.478+0000] {processor.py:830} INFO - Processing file /opt/airflow/dags/spark_pipeline_dag.py for tasks to queue
[2026-09-03T18:02:31.480+0000] {logging_mixin.py:188} INFO - [2026-09-03T18:02:31.479+0000] {dagbag.py:538} INFO - Filling up the DagBag from /opt/airflow/dags/spark_pipeline_dag.py
[2026-09-03T18:02:31.511+0000] {processor.py:840} INFO - DAG(s) 'air_quality_pipeline' retrieved from /opt/airflow/dags/spark_pipeline_dag.py
[2026-09-03T18:02:31.538+0000] {logging_mixin.py:188} INFO - [2026-09-03T18:02:31.538+0000] {dag.py:3036} INFO - Sync 1 DAGs
[2026-09-03T18:02:31.565+0000] {logging_mixin.py:188} INFO - [2026-09-03T18:02:31.565+0000] {dag.py:3823} INFO - Setting next_dagrun for air_quality_pipeline to 2026-09-03 17:05:00+00:00, run_after=2026-09-03 18:05:00+00:00
[2026-09-03T18:02:31.608+0000] {processor.py:183} INFO - Processing /opt/airflow/dags/spark_pipeline_dag.py took 0.134 seconds
[2026-09-03T18:03:02.106+0000] {processor.py:161} INFO - Started process (PID=48752) to work on /opt/airflow/dags/spark_pipeline_dag.py
[2026-09-03T18:03:02.110+0000] {processor.py:830} INFO - Processing file /opt/airflow/dags/spark_pipeline_dag.py for tasks to queue
[2026-09-03T18:03:02.114+0000] {logging_mixin.py:188} INFO - [2026-09-03T18:03:02.114+0000] {dagbag.py:538} INFO - Filling up the DagBag from /opt/airflow/dags/spark_pipeline_dag.py
[2026-09-03T18:03:02.139+0000] {processor.py:840} INFO - DAG(s) 'air_quality_pipeline' retrieved from /opt/airflow/dags/spark_pipeline_dag.py
[2026-09-03T18:03:02.168+0000] {logging_mixin.py:188} INFO - [2026-09-03T18:03:02.167+0000] {dag.py:3036} INFO - Sync 1 DAGs
[2026-09-03T18:03:02.193+0000] {logging_mixin.py:188} INFO - [2026-09-03T18:03:02.193+0000] {dag.py:3823} INFO - Setting next_dagrun for air_quality_pipeline to 2026-09-03 17:05:00+00:00, run_after=2026-09-03 18:05:00+00:00
[2026-09-03T18:03:02.221+0000] {processor.py:183} INFO - Processing /opt/airflow/dags/spark_pipeline_dag.py took 0.119 seconds
[2026-09-03T18:03:32.555+0000] {processor.py:161} INFO - Started process (PID=48762) to work on /opt/airflow/dags/spark_pipeline_dag.py
[2026-09-03T18:03:32.556+0000] {processor.py:830} INFO - Processing file /opt/airflow/dags/spark_pipeline_dag.py for tasks to queue
[2026-09-03T18:03:32.557+0000] {logging_mixin.py:188} INFO - [2026-09-03T18:03:32.557+0000] {dagbag.py:538} INFO - Filling up the DagBag from /opt/airflow/dags/spark_pipeline_dag.py
[2026-09-03T18:03:32.586+0000] {processor.py:840} INFO - DAG(s) 'air_quality_pipeline' retrieved from /opt/airflow/dags/spark_pipeline_dag.py
[2026-09-03T18:03:32.615+0000] {logging_mixin.py:188} INFO - [2026-09-03T18:03:32.615+0000] {dag.py:3036} INFO - Sync 1 DAGs
[2026-09-03T18:03:32.639+0000] {logging_mixin.py:188} INFO - [2026-09-03T18:03:32.638+0000] {dag.py:3823} INFO - Setting next_dagrun for air_quality_pipeline to 2026-09-03 17:05:00+00:00, run_after=2026-09-03 18:05:00+00:00
[2026-09-03T18:03:32.707+0000] {processor.py:183} INFO - Processing /opt/airflow/dags/spark_pipeline_dag.py took 0.155 seconds
[2026-09-03T18:04:03.069+0000] {processor.py:161} INFO - Started process (PID=48772) to work on /opt/airflow/dags/spark_pipeline_dag.py
[2026-09-03T18:04:03.070+0000] {processor.py:830} INFO - Processing file /opt/airflow/dags/spark_pipeline_dag.py for tasks to queue
[2026-09-03T18:04:03.071+0000] {logging_mixin.py:188} INFO - [2026-09-03T18:04:03.071+0000] {dagbag.py:538} INFO - Filling up the DagBag from /opt/airflow/dags/spark_pipeline_dag.py
[2026-09-03T18:04:03.097+0000] {processor.py:840} INFO - DAG(s) 'air_quality_pipeline' retrieved from /opt/airflow/dags/spark_pipeline_dag.py
[2026-09-03T18:04:03.123+0000] {logging_mixin.py:188} INFO - [2026-09-03T18:04:03.122+0000] {dag.py:3036} INFO - Sync 1 DAGs
[2026-09-03T18:04:03.149+0000] {logging_mixin.py:188} INFO - [2026-09-03T18:04:03.148+0000] {dag.py:3823} INFO - Setting next_dagrun for air_quality_pipeline to 2026-09-03 17:05:00+00:00, run_after=2026-09-03 18:05:00+00:00
[2026-09-03T18:04:03.193+0000] {processor.py:183} INFO - Processing /opt/airflow/dags/spark_pipeline_dag.py took 0.128 seconds
[2026-09-03T18:04:33.554+0000] {processor.py:161} INFO - Started process (PID=48782) to work on /opt/airflow/dags/spark_pipeline_dag.py
[2026-09-03T18:04:33.556+0000] {processor.py:830} INFO - Processing file /opt/airflow/dags/spark_pipeline_dag.py for tasks to queue
[2026-09-03T18:04:33.558+0000] {logging_mixin.py:188} INFO - [2026-09-03T18:04:33.557+0000] {dagbag.py:538} INFO - Filling up the DagBag from /opt/airflow/dags/spark_pipeline_dag.py
[2026-09-03T18:04:33.593+0000] {processor.py:840} INFO - DAG(s) 'air_quality_pipeline' retrieved from /opt/airflow/dags/spark_pipeline_dag.py
[2026-09-03T18:04:33.626+0000] {logging_mixin.py:188} INFO - [2026-09-03T18:04:33.626+0000] {dag.py:3036} INFO - Sync 1 DAGs
[2026-09-03T18:04:33.671+0000] {logging_mixin.py:188} INFO - [2026-09-03T18:04:33.671+0000] {dag.py:3823} INFO - Setting next_dagrun for air_quality_pipeline to 2026-09-03 17:05:00+00:00, run_after=2026-09-03 18:05:00+00:00
[2026-09-03T18:04:33.718+0000] {processor.py:183} INFO - Processing /opt/airflow/dags/spark_pipeline_dag.py took 0.168 seconds
[2026-09-03T18:05:04.110+0000] {processor.py:161} INFO - Started process (PID=48794) to work on /opt/airflow/dags/spark_pipeline_dag.py
[2026-09-03T18:05:04.112+0000] {processor.py:830} INFO - Processing file /opt/airflow/dags/spark_pipeline_dag.py for tasks to queue
[2026-09-03T18:05:04.114+0000] {logging_mixin.py:188} INFO - [2026-09-03T18:05:04.113+0000] {dagbag.py:538} INFO - Filling up the DagBag from /opt/airflow/dags/spark_pipeline_dag.py
[2026-09-03T18:05:04.149+0000] {processor.py:840} INFO - DAG(s) 'air_quality_pipeline' retrieved from /opt/airflow/dags/spark_pipeline_dag.py
[2026-09-03T18:05:04.187+0000] {logging_mixin.py:188} INFO - [2026-09-03T18:05:04.187+0000] {dag.py:3036} INFO - Sync 1 DAGs
[2026-09-03T18:05:04.228+0000] {logging_mixin.py:188} INFO - [2026-09-03T18:05:04.227+0000] {dag.py:3823} INFO - Setting next_dagrun for air_quality_pipeline to 2026-09-03 18:05:00+00:00, run_after=2026-09-03 19:05:00+00:00
[2026-09-03T18:05:04.269+0000] {processor.py:183} INFO - Processing /opt/airflow/dags/spark_pipeline_dag.py took 0.163 seconds
[2026-09-03T18:05:34.664+0000] {processor.py:161} INFO - Started process (PID=48804) to work on /opt/airflow/dags/spark_pipeline_dag.py
[2026-09-03T18:05:34.666+0000] {processor.py:830} INFO - Processing file /opt/airflow/dags/spark_pipeline_dag.py for tasks to queue
[2026-09-03T18:05:34.667+0000] {logging_mixin.py:188} INFO - [2026-09-03T18:05:34.666+0000] {dagbag.py:538} INFO - Filling up the DagBag from /opt/airflow/dags/spark_pipeline_dag.py
[2026-09-03T18:05:34.698+0000] {processor.py:840} INFO - DAG(s) 'air_quality_pipeline' retrieved from /opt/airflow/dags/spark_pipeline_dag.py
[2026-09-03T18:05:34.730+0000] {logging_mixin.py:188} INFO - [2026-09-03T18:05:34.730+0000] {dag.py:3036} INFO - Sync 1 DAGs
[2026-09-03T18:05:34.753+0000] {logging_mixin.py:188} INFO - [2026-09-03T18:05:34.753+0000] {dag.py:3823} INFO - Setting next_dagrun for air_quality_pipeline to 2026-09-03 18:05:00+00:00, run_after=2026-09-03 19:05:00+00:00
[2026-09-03T18:05:34.794+0000] {processor.py:183} INFO - Processing /opt/airflow/dags/spark_pipeline_dag.py took 0.133 seconds
[2026-09-03T18:06:05.194+0000] {processor.py:161} INFO - Started process (PID=48814) to work on /opt/airflow/dags/spark_pipeline_dag.py
[2026-09-03T18:06:05.203+0000] {processor.py:830} INFO - Processing file /opt/airflow/dags/spark_pipeline_dag.py for tasks to queue
[2026-09-03T18:06:05.205+0000] {logging_mixin.py:188} INFO - [2026-09-03T18:06:05.204+0000] {dagbag.py:538} INFO - Filling up the DagBag from /opt/airflow/dags/spark_pipeline_dag.py
[2026-09-03T18:06:05.230+0000] {processor.py:840} INFO - DAG(s) 'air_quality_pipeline' retrieved from /opt/airflow/dags/spark_pipeline_dag.py
[2026-09-03T18:06:05.256+0000] {logging_mixin.py:188} INFO - [2026-09-03T18:06:05.256+0000] {dag.py:3036} INFO - Sync 1 DAGs
[2026-09-03T18:06:05.287+0000] {logging_mixin.py:188} INFO - [2026-09-03T18:06:05.287+0000] {dag.py:3823} INFO - Setting next_dagrun for air_quality_pipeline to 2026-09-03 18:05:00+00:00, run_after=2026-09-03 19:05:00+00:00
[2026-09-03T18:06:05.337+0000] {processor.py:183} INFO - Processing /opt/airflow/dags/spark_pipeline_dag.py took 0.146 seconds
[2026-09-03T18:06:35.700+0000] {processor.py:161} INFO - Started process (PID=48824) to work on /opt/airflow/dags/spark_pipeline_dag.py
[2026-09-03T18:06:35.707+0000] {processor.py:830} INFO - Processing file /opt/airflow/dags/spark_pipeline_dag.py for tasks to queue
[2026-09-03T18:06:35.708+0000] {logging_mixin.py:188} INFO - [2026-09-03T18:06:35.707+0000] {dagbag.py:538} INFO - Filling up the DagBag from /opt/airflow/dags/spark_pipeline_dag.py
[2026-09-03T18:06:35.731+0000] {processor.py:840} INFO - DAG(s) 'air_quality_pipeline' retrieved from /opt/airflow/dags/spark_pipeline_dag.py
[2026-09-03T18:06:35.762+0000] {logging_mixin.py:188} INFO - [2026-09-03T18:06:35.762+0000] {dag.py:3036} INFO - Sync 1 DAGs
[2026-09-03T18:06:35.785+0000] {logging_mixin.py:188} INFO - [2026-09-03T18:06:35.785+0000] {dag.py:3823} INFO - Setting next_dagrun for air_quality_pipeline to 2026-09-03 18:05:00+00:00, run_after=2026-09-03 19:05:00+00:00
[2026-09-03T18:06:35.826+0000] {processor.py:183} INFO - Processing /opt/airflow/dags/spark_pipeline_dag.py took 0.130 seconds
[2026-09-03T18:07:06.122+0000] {processor.py:161} INFO - Started process (PID=48834) to work on /opt/airflow/dags/spark_pipeline_dag.py
[2026-09-03T18:07:06.124+0000] {processor.py:830} INFO - Processing file /opt/airflow/dags/spark_pipeline_dag.py for tasks to queue
[2026-09-03T18:07:06.125+0000] {logging_mixin.py:188} INFO - [2026-09-03T18:07:06.125+0000] {dagbag.py:538} INFO - Filling up the DagBag from /opt/airflow/dags/spark_pipeline_dag.py
[2026-09-03T18:07:06.151+0000] {processor.py:840} INFO - DAG(s) 'air_quality_pipeline' retrieved from /opt/airflow/dags/spark_pipeline_dag.py
[2026-09-03T18:07:06.179+0000] {logging_mixin.py:188} INFO - [2026-09-03T18:07:06.179+0000] {dag.py:3036} INFO - Sync 1 DAGs
[2026-09-03T18:07:06.207+0000] {logging_mixin.py:188} INFO - [2026-09-03T18:07:06.207+0000] {dag.py:3823} INFO - Setting next_dagrun for air_quality_pipeline to 2026-09-03 18:05:00+00:00, run_after=2026-09-03 19:05:00+00:00
[2026-09-03T18:07:06.249+0000] {processor.py:183} INFO - Processing /opt/airflow/dags/spark_pipeline_dag.py took 0.131 seconds
[2026-09-03T18:07:36.596+0000] {processor.py:161} INFO - Started process (PID=48844) to work on /opt/airflow/dags/spark_pipeline_dag.py
[2026-09-03T18:07:36.598+0000] {processor.py:830} INFO - Processing file /opt/airflow/dags/spark_pipeline_dag.py for tasks to queue
[2026-09-03T18:07:36.599+0000] {logging_mixin.py:188} INFO - [2026-09-03T18:07:36.599+0000] {dagbag.py:538} INFO - Filling up the DagBag from /opt/airflow/dags/spark_pipeline_dag.py
[2026-09-03T18:07:36.624+0000] {processor.py:840} INFO - DAG(s) 'air_quality_pipeline' retrieved from /opt/airflow/dags/spark_pipeline_dag.py
[2026-09-03T18:07:36.652+0000] {logging_mixin.py:188} INFO - [2026-09-03T18:07:36.652+0000] {dag.py:3036} INFO - Sync 1 DAGs
[2026-09-03T18:07:36.682+0000] {logging_mixin.py:188} INFO - [2026-09-03T18:07:36.682+0000] {dag.py:3823} INFO - Setting next_dagrun for air_quality_pipeline to 2026-09-03 18:05:00+00:00, run_after=2026-09-03 19:05:00+00:00
[2026-09-03T18:07:36.723+0000] {processor.py:183} INFO - Processing /opt/airflow/dags/spark_pipeline_dag.py took 0.130 seconds
[2026-09-03T18:08:07.179+0000] {processor.py:161} INFO - Started process (PID=48854) to work on /opt/airflow/dags/spark_pipeline_dag.py
[2026-09-03T18:08:07.180+0000] {processor.py:830} INFO - Processing file /opt/airflow/dags/spark_pipeline_dag.py for tasks to queue
[2026-09-03T18:08:07.181+0000] {logging_mixin.py:188} INFO - [2026-09-03T18:08:07.181+0000] {dagbag.py:538} INFO - Filling up the DagBag from /opt/airflow/dags/spark_pipeline_dag.py
[2026-09-03T18:08:07.220+0000] {processor.py:840} INFO - DAG(s) 'air_quality_pipeline' retrieved from /opt/airflow/dags/spark_pipeline_dag.py
[2026-09-03T18:08:07.255+0000] {logging_mixin.py:188} INFO - [2026-09-03T18:08:07.255+0000] {dag.py:3036} INFO - Sync 1 DAGs
[2026-09-03T18:08:07.294+0000] {logging_mixin.py:188} INFO - [2026-09-03T18:08:07.294+0000] {dag.py:3823} INFO - Setting next_dagrun for air_quality_pipeline to 2026-09-03 18:05:00+00:00, run_after=2026-09-03 19:05:00+00:00
[2026-09-03T18:08:07.328+0000] {processor.py:183} INFO - Processing /opt/airflow/dags/spark_pipeline_dag.py took 0.153 seconds
[2026-09-03T18:08:37.660+0000] {processor.py:161} INFO - Started process (PID=48864) to work on /opt/airflow/dags/spark_pipeline_dag.py
[2026-09-03T18:08:37.661+0000] {processor.py:830} INFO - Processing file /opt/airflow/dags/spark_pipeline_dag.py for tasks to queue
[2026-09-03T18:08:37.663+0000] {logging_mixin.py:188} INFO - [2026-09-03T18:08:37.662+0000] {dagbag.py:538} INFO - Filling up the DagBag from /opt/airflow/dags/spark_pipeline_dag.py
[2026-09-03T18:08:37.696+0000] {processor.py:840} INFO - DAG(s) 'air_quality_pipeline' retrieved from /opt/airflow/dags/spark_pipeline_dag.py
[2026-09-03T18:08:37.719+0000] {logging_mixin.py:188} INFO - [2026-09-03T18:08:37.719+0000] {dag.py:3036} INFO - Sync 1 DAGs
[2026-09-03T18:08:37.753+0000] {logging_mixin.py:188} INFO - [2026-09-03T18:08:37.753+0000] {dag.py:3823} INFO - Setting next_dagrun for air_quality_pipeline to 2026-09-03 18:05:00+00:00, run_after=2026-09-03 19:05:00+00:00
[2026-09-03T18:08:37.804+0000] {processor.py:183} INFO - Processing /opt/airflow/dags/spark_pipeline_dag.py took 0.148 seconds
[2026-09-03T18:09:08.172+0000] {processor.py:161} INFO - Started process (PID=48874) to work on /opt/airflow/dags/spark_pipeline_dag.py
[2026-09-03T18:09:08.174+0000] {processor.py:830} INFO - Processing file /opt/airflow/dags/spark_pipeline_dag.py for tasks to queue
[2026-09-03T18:09:08.176+0000] {logging_mixin.py:188} INFO - [2026-09-03T18:09:08.175+0000] {dagbag.py:538} INFO - Filling up the DagBag from /opt/airflow/dags/spark_pipeline_dag.py
[2026-09-03T18:09:08.221+0000] {processor.py:840} INFO - DAG(s) 'air_quality_pipeline' retrieved from /opt/airflow/dags/spark_pipeline_dag.py
[2026-09-03T18:09:08.245+0000] {logging_mixin.py:188} INFO - [2026-09-03T18:09:08.245+0000] {dag.py:3036} INFO - Sync 1 DAGs
[2026-09-03T18:09:08.276+0000] {logging_mixin.py:188} INFO - [2026-09-03T18:09:08.276+0000] {dag.py:3823} INFO - Setting next_dagrun for air_quality_pipeline to 2026-09-03 18:05:00+00:00, run_after=2026-09-03 19:05:00+00:00
[2026-09-03T18:09:08.304+0000] {processor.py:183} INFO - Processing /opt/airflow/dags/spark_pipeline_dag.py took 0.135 seconds
[2026-09-03T18:09:38.622+0000] {processor.py:161} INFO - Started process (PID=48884) to work on /opt/airflow/dags/spark_pipeline_dag.py
[2026-09-03T18:09:38.623+0000] {processor.py:830} INFO - Processing file /opt/airflow/dags/spark_pipeline_dag.py for tasks to queue
[2026-09-03T18:09:38.625+0000] {logging_mixin.py:188} INFO - [2026-09-03T18:09:38.624+0000] {dagbag.py:538} INFO - Filling up the DagBag from /opt/airflow/dags/spark_pipeline_dag.py
[2026-09-03T18:09:38.655+0000] {processor.py:840} INFO - DAG(s) 'air_quality_pipeline' retrieved from /opt/airflow/dags/spark_pipeline_dag.py
[2026-09-03T18:09:38.687+0000] {logging_mixin.py:188} INFO - [2026-09-03T18:09:38.687+0000] {dag.py:3036} INFO - Sync 1 DAGs
[2026-09-03T18:09:38.717+0000] {logging_mixin.py:188} INFO - [2026-09-03T18:09:38.717+0000] {dag.py:3823} INFO - Setting next_dagrun for air_quality_pipeline to 2026-09-03 18:05:00+00:00, run_after=2026-09-03 19:05:00+00:00
[2026-09-03T18:09:38.765+0000] {processor.py:183} INFO - Processing /opt/airflow/dags/spark_pipeline_dag.py took 0.147 seconds
[2026-09-03T18:10:09.092+0000] {processor.py:161} INFO - Started process (PID=48894) to work on /opt/airflow/dags/spark_pipeline_dag.py
[2026-09-03T18:10:09.097+0000] {processor.py:830} INFO - Processing file /opt/airflow/dags/spark_pipeline_dag.py for tasks to queue
[2026-09-03T18:10:09.098+0000] {logging_mixin.py:188} INFO - [2026-09-03T18:10:09.098+0000] {dagbag.py:538} INFO - Filling up the DagBag from /opt/airflow/dags/spark_pipeline_dag.py
[2026-09-03T18:10:09.152+0000] {processor.py:840} INFO - DAG(s) 'air_quality_pipeline' retrieved from /opt/airflow/dags/spark_pipeline_dag.py
[2026-09-03T18:10:09.196+0000] {logging_mixin.py:188} INFO - [2026-09-03T18:10:09.195+0000] {dag.py:3036} INFO - Sync 1 DAGs
[2026-09-03T18:10:09.229+0000] {logging_mixin.py:188} INFO - [2026-09-03T18:10:09.228+0000] {dag.py:3823} INFO - Setting next_dagrun for air_quality_pipeline to 2026-09-03 18:05:00+00:00, run_after=2026-09-03 19:05:00+00:00
[2026-09-03T18:10:09.255+0000] {processor.py:183} INFO - Processing /opt/airflow/dags/spark_pipeline_dag.py took 0.167 seconds
[2026-09-03T18:10:39.628+0000] {processor.py:161} INFO - Started process (PID=48904) to work on /opt/airflow/dags/spark_pipeline_dag.py
[2026-09-03T18:10:39.636+0000] {processor.py:830} INFO - Processing file /opt/airflow/dags/spark_pipeline_dag.py for tasks to queue
[2026-09-03T18:10:39.637+0000] {logging_mixin.py:188} INFO - [2026-09-03T18:10:39.637+0000] {dagbag.py:538} INFO - Filling up the DagBag from /opt/airflow/dags/spark_pipeline_dag.py
[2026-09-03T18:10:39.668+0000] {processor.py:840} INFO - DAG(s) 'air_quality_pipeline' retrieved from /opt/airflow/dags/spark_pipeline_dag.py
[2026-09-03T18:10:39.695+0000] {logging_mixin.py:188} INFO - [2026-09-03T18:10:39.695+0000] {dag.py:3036} INFO - Sync 1 DAGs
[2026-09-03T18:10:39.735+0000] {logging_mixin.py:188} INFO - [2026-09-03T18:10:39.735+0000] {dag.py:3823} INFO - Setting next_dagrun for air_quality_pipeline to 2026-09-03 18:05:00+00:00, run_after=2026-09-03 19:05:00+00:00
[2026-09-03T18:10:39.792+0000] {processor.py:183} INFO - Processing /opt/airflow/dags/spark_pipeline_dag.py took 0.168 seconds
[2026-09-03T18:11:10.211+0000] {processor.py:161} INFO - Started process (PID=48914) to work on /opt/airflow/dags/spark_pipeline_dag.py
[2026-09-03T18:11:10.213+0000] {processor.py:830} INFO - Processing file /opt/airflow/dags/spark_pipeline_dag.py for tasks to queue
[2026-09-03T18:11:10.214+0000] {logging_mixin.py:188} INFO - [2026-09-03T18:11:10.213+0000] {dagbag.py:538} INFO - Filling up the DagBag from /opt/airflow/dags/spark_pipeline_dag.py
[2026-09-03T18:11:10.244+0000] {processor.py:840} INFO - DAG(s) 'air_quality_pipeline' retrieved from /opt/airflow/dags/spark_pipeline_dag.py
[2026-09-03T18:11:10.270+0000] {logging_mixin.py:188} INFO - [2026-09-03T18:11:10.270+0000] {dag.py:3036} INFO - Sync 1 DAGs
[2026-09-03T18:11:10.303+0000] {logging_mixin.py:188} INFO - [2026-09-03T18:11:10.303+0000] {dag.py:3823} INFO - Setting next_dagrun for air_quality_pipeline to 2026-09-03 18:05:00+00:00, run_after=2026-09-03 19:05:00+00:00
[2026-09-03T18:11:10.336+0000] {processor.py:183} INFO - Processing /opt/airflow/dags/spark_pipeline_dag.py took 0.129 seconds
[2026-09-03T18:11:40.647+0000] {processor.py:161} INFO - Started process (PID=48924) to work on /opt/airflow/dags/spark_pipeline_dag.py
[2026-09-03T18:11:40.648+0000] {processor.py:830} INFO - Processing file /opt/airflow/dags/spark_pipeline_dag.py for tasks to queue
[2026-09-03T18:11:40.649+0000] {logging_mixin.py:188} INFO - [2026-09-03T18:11:40.649+0000] {dagbag.py:538} INFO - Filling up the DagBag from /opt/airflow/dags/spark_pipeline_dag.py
[2026-09-03T18:11:40.675+0000] {processor.py:840} INFO - DAG(s) 'air_quality_pipeline' retrieved from /opt/airflow/dags/spark_pipeline_dag.py
[2026-09-03T18:11:40.699+0000] {logging_mixin.py:188} INFO - [2026-09-03T18:11:40.699+0000] {dag.py:3036} INFO - Sync 1 DAGs
[2026-09-03T18:11:40.719+0000] {logging_mixin.py:188} INFO - [2026-09-03T18:11:40.719+0000] {dag.py:3823} INFO - Setting next_dagrun for air_quality_pipeline to 2026-09-03 18:05:00+00:00, run_after=2026-09-03 19:05:00+00:00
[2026-09-03T18:11:40.760+0000] {processor.py:183} INFO - Processing /opt/airflow/dags/spark_pipeline_dag.py took 0.117 seconds
[2026-09-03T18:12:11.070+0000] {processor.py:161} INFO - Started process (PID=48934) to work on /opt/airflow/dags/spark_pipeline_dag.py
[2026-09-03T18:12:11.072+0000] {processor.py:830} INFO - Processing file /opt/airflow/dags/spark_pipeline_dag.py for tasks to queue
[2026-09-03T18:12:11.073+0000] {logging_mixin.py:188} INFO - [2026-09-03T18:12:11.073+0000] {dagbag.py:538} INFO - Filling up the DagBag from /opt/airflow/dags/spark_pipeline_dag.py
[2026-09-03T18:12:11.099+0000] {processor.py:840} INFO - DAG(s) 'air_quality_pipeline' retrieved from /opt/airflow/dags/spark_pipeline_dag.py
[2026-09-03T18:12:11.141+0000] {logging_mixin.py:188} INFO - [2026-09-03T18:12:11.141+0000] {dag.py:3036} INFO - Sync 1 DAGs
[2026-09-03T18:12:11.167+0000] {logging_mixin.py:188} INFO - [2026-09-03T18:12:11.167+0000] {dag.py:3823} INFO - Setting next_dagrun for air_quality_pipeline to 2026-09-03 18:05:00+00:00, run_after=2026-09-03 19:05:00+00:00
[2026-09-03T18:12:11.194+0000] {processor.py:183} INFO - Processing /opt/airflow/dags/spark_pipeline_dag.py took 0.128 seconds
[2026-09-03T18:12:41.542+0000] {processor.py:161} INFO - Started process (PID=48944) to work on /opt/airflow/dags/spark_pipeline_dag.py
[2026-09-03T18:12:41.546+0000] {processor.py:830} INFO - Processing file /opt/airflow/dags/spark_pipeline_dag.py for tasks to queue
[2026-09-03T18:12:41.547+0000] {logging_mixin.py:188} INFO - [2026-09-03T18:12:41.547+0000] {dagbag.py:538} INFO - Filling up the DagBag from /opt/airflow/dags/spark_pipeline_dag.py
[2026-09-03T18:12:41.584+0000] {processor.py:840} INFO - DAG(s) 'air_quality_pipeline' retrieved from /opt/airflow/dags/spark_pipeline_dag.py
[2026-09-03T18:12:41.606+0000] {logging_mixin.py:188} INFO - [2026-09-03T18:12:41.606+0000] {dag.py:3036} INFO - Sync 1 DAGs
[2026-09-03T18:12:41.641+0000] {logging_mixin.py:188} INFO - [2026-09-03T18:12:41.641+0000] {dag.py:3823} INFO - Setting next_dagrun for air_quality_pipeline to 2026-09-03 18:05:00+00:00, run_after=2026-09-03 19:05:00+00:00
[2026-09-03T18:12:41.663+0000] {processor.py:183} INFO - Processing /opt/airflow/dags/spark_pipeline_dag.py took 0.125 seconds
[2026-09-03T18:13:12.056+0000] {processor.py:161} INFO - Started process (PID=48954) to work on /opt/airflow/dags/spark_pipeline_dag.py
[2026-09-03T18:13:12.058+0000] {processor.py:830} INFO - Processing file /opt/airflow/dags/spark_pipeline_dag.py for tasks to queue
[2026-09-03T18:13:12.059+0000] {logging_mixin.py:188} INFO - [2026-09-03T18:13:12.059+0000] {dagbag.py:538} INFO - Filling up the DagBag from /opt/airflow/dags/spark_pipeline_dag.py
[2026-09-03T18:13:12.135+0000] {processor.py:840} INFO - DAG(s) 'air_quality_pipeline' retrieved from /opt/airflow/dags/spark_pipeline_dag.py
[2026-09-03T18:13:12.172+0000] {logging_mixin.py:188} INFO - [2026-09-03T18:13:12.171+0000] {dag.py:3036} INFO - Sync 1 DAGs
[2026-09-03T18:13:12.215+0000] {logging_mixin.py:188} INFO - [2026-09-03T18:13:12.215+0000] {dag.py:3823} INFO - Setting next_dagrun for air_quality_pipeline to 2026-09-03 18:05:00+00:00, run_after=2026-09-03 19:05:00+00:00
[2026-09-03T18:13:12.249+0000] {processor.py:183} INFO - Processing /opt/airflow/dags/spark_pipeline_dag.py took 0.196 seconds
[2026-09-03T18:13:42.555+0000] {processor.py:161} INFO - Started process (PID=48964) to work on /opt/airflow/dags/spark_pipeline_dag.py
[2026-09-03T18:13:42.558+0000] {processor.py:830} INFO - Processing file /opt/airflow/dags/spark_pipeline_dag.py for tasks to queue
[2026-09-03T18:13:42.560+0000] {logging_mixin.py:188} INFO - [2026-09-03T18:13:42.560+0000] {dagbag.py:538} INFO - Filling up the DagBag from /opt/airflow/dags/spark_pipeline_dag.py
[2026-09-03T18:13:42.590+0000] {processor.py:840} INFO - DAG(s) 'air_quality_pipeline' retrieved from /opt/airflow/dags/spark_pipeline_dag.py
[2026-09-03T18:13:42.615+0000] {logging_mixin.py:188} INFO - [2026-09-03T18:13:42.614+0000] {dag.py:3036} INFO - Sync 1 DAGs
[2026-09-03T18:13:42.643+0000] {logging_mixin.py:188} INFO - [2026-09-03T18:13:42.642+0000] {dag.py:3823} INFO - Setting next_dagrun for air_quality_pipeline to 2026-09-03 18:05:00+00:00, run_after=2026-09-03 19:05:00+00:00
[2026-09-03T18:13:42.689+0000] {processor.py:183} INFO - Processing /opt/airflow/dags/spark_pipeline_dag.py took 0.137 seconds
[2026-09-03T18:14:13.001+0000] {processor.py:161} INFO - Started process (PID=48974) to work on /opt/airflow/dags/spark_pipeline_dag.py
[2026-09-03T18:14:13.002+0000] {processor.py:830} INFO - Processing file /opt/airflow/dags/spark_pipeline_dag.py for tasks to queue
[2026-09-03T18:14:13.003+0000] {logging_mixin.py:188} INFO - [2026-09-03T18:14:13.003+0000] {dagbag.py:538} INFO - Filling up the DagBag from /opt/airflow/dags/spark_pipeline_dag.py
[2026-09-03T18:14:13.021+0000] {processor.py:840} INFO - DAG(s) 'air_quality_pipeline' retrieved from /opt/airflow/dags/spark_pipeline_dag.py
[2026-09-03T18:14:13.041+0000] {logging_mixin.py:188} INFO - [2026-09-03T18:14:13.041+0000] {dag.py:3036} INFO - Sync 1 DAGs
[2026-09-03T18:14:13.066+0000] {logging_mixin.py:188} INFO - [2026-09-03T18:14:13.065+0000] {dag.py:3823} INFO - Setting next_dagrun for air_quality_pipeline to 2026-09-03 18:05:00+00:00, run_after=2026-09-03 19:05:00+00:00
[2026-09-03T18:14:13.082+0000] {processor.py:183} INFO - Processing /opt/airflow/dags/spark_pipeline_dag.py took 0.084 seconds
[2026-09-03T18:14:43.497+0000] {processor.py:161} INFO - Started process (PID=48984) to work on /opt/airflow/dags/spark_pipeline_dag.py
[2026-09-03T18:14:43.499+0000] {processor.py:830} INFO - Processing file /opt/airflow/dags/spark_pipeline_dag.py for tasks to queue
[2026-09-03T18:14:43.502+0000] {logging_mixin.py:188} INFO - [2026-09-03T18:14:43.501+0000] {dagbag.py:538} INFO - Filling up the DagBag from /opt/airflow/dags/spark_pipeline_dag.py
[2026-09-03T18:14:43.524+0000] {processor.py:840} INFO - DAG(s) 'air_quality_pipeline' retrieved from /opt/airflow/dags/spark_pipeline_dag.py
[2026-09-03T18:14:43.575+0000] {logging_mixin.py:188} INFO - [2026-09-03T18:14:43.575+0000] {dag.py:3036} INFO - Sync 1 DAGs
[2026-09-03T18:14:43.606+0000] {logging_mixin.py:188} INFO - [2026-09-03T18:14:43.606+0000] {dag.py:3823} INFO - Setting next_dagrun for air_quality_pipeline to 2026-09-03 18:05:00+00:00, run_after=2026-09-03 19:05:00+00:00
[2026-09-03T18:14:43.629+0000] {processor.py:183} INFO - Processing /opt/airflow/dags/spark_pipeline_dag.py took 0.136 seconds
[2026-09-03T18:15:13.998+0000] {processor.py:161} INFO - Started process (PID=48994) to work on /opt/airflow/dags/spark_pipeline_dag.py
[2026-09-03T18:15:13.999+0000] {processor.py:830} INFO - Processing file /opt/airflow/dags/spark_pipeline_dag.py for tasks to queue
[2026-09-03T18:15:14.000+0000] {logging_mixin.py:188} INFO - [2026-09-03T18:15:14.000+0000] {dagbag.py:538} INFO - Filling up the DagBag from /opt/airflow/dags/spark_pipeline_dag.py
[2026-09-03T18:15:14.023+0000] {processor.py:840} INFO - DAG(s) 'air_quality_pipeline' retrieved from /opt/airflow/dags/spark_pipeline_dag.py
[2026-09-03T18:15:14.043+0000] {logging_mixin.py:188} INFO - [2026-09-03T18:15:14.043+0000] {dag.py:3036} INFO - Sync 1 DAGs
[2026-09-03T18:15:14.067+0000] {logging_mixin.py:188} INFO - [2026-09-03T18:15:14.067+0000] {dag.py:3823} INFO - Setting next_dagrun for air_quality_pipeline to 2026-09-03 18:05:00+00:00, run_after=2026-09-03 19:05:00+00:00
[2026-09-03T18:15:14.108+0000] {processor.py:183} INFO - Processing /opt/airflow/dags/spark_pipeline_dag.py took 0.113 seconds
[2026-09-03T18:15:44.432+0000] {processor.py:161} INFO - Started process (PID=49004) to work on /opt/airflow/dags/spark_pipeline_dag.py
[2026-09-03T18:15:44.434+0000] {processor.py:830} INFO - Processing file /opt/airflow/dags/spark_pipeline_dag.py for tasks to queue
[2026-09-03T18:15:44.435+0000] {logging_mixin.py:188} INFO - [2026-09-03T18:15:44.434+0000] {dagbag.py:538} INFO - Filling up the DagBag from /opt/airflow/dags/spark_pipeline_dag.py
[2026-09-03T18:15:44.458+0000] {processor.py:840} INFO - DAG(s) 'air_quality_pipeline' retrieved from /opt/airflow/dags/spark_pipeline_dag.py
[2026-09-03T18:15:44.480+0000] {logging_mixin.py:188} INFO - [2026-09-03T18:15:44.480+0000] {dag.py:3036} INFO - Sync 1 DAGs
[2026-09-03T18:15:44.500+0000] {logging_mixin.py:188} INFO - [2026-09-03T18:15:44.500+0000] {dag.py:3823} INFO - Setting next_dagrun for air_quality_pipeline to 2026-09-03 18:05:00+00:00, run_after=2026-09-03 19:05:00+00:00
[2026-09-03T18:15:44.542+0000] {processor.py:183} INFO - Processing /opt/airflow/dags/spark_pipeline_dag.py took 0.114 seconds
[2026-09-03T18:16:14.913+0000] {processor.py:161} INFO - Started process (PID=49014) to work on /opt/airflow/dags/spark_pipeline_dag.py
[2026-09-03T18:16:14.915+0000] {processor.py:830} INFO - Processing file /opt/airflow/dags/spark_pipeline_dag.py for tasks to queue
[2026-09-03T18:16:14.916+0000] {logging_mixin.py:188} INFO - [2026-09-03T18:16:14.916+0000] {dagbag.py:538} INFO - Filling up the DagBag from /opt/airflow/dags/spark_pipeline_dag.py
[2026-09-03T18:16:14.951+0000] {processor.py:840} INFO - DAG(s) 'air_quality_pipeline' retrieved from /opt/airflow/dags/spark_pipeline_dag.py
[2026-09-03T18:16:14.980+0000] {logging_mixin.py:188} INFO - [2026-09-03T18:16:14.980+0000] {dag.py:3036} INFO - Sync 1 DAGs
[2026-09-03T18:16:15.004+0000] {logging_mixin.py:188} INFO - [2026-09-03T18:16:15.003+0000] {dag.py:3823} INFO - Setting next_dagrun for air_quality_pipeline to 2026-09-03 18:05:00+00:00, run_after=2026-09-03 19:05:00+00:00
[2026-09-03T18:16:15.023+0000] {processor.py:183} INFO - Processing /opt/airflow/dags/spark_pipeline_dag.py took 0.113 seconds
[2026-09-03T18:16:45.441+0000] {processor.py:161} INFO - Started process (PID=49024) to work on /opt/airflow/dags/spark_pipeline_dag.py
[2026-09-03T18:16:45.448+0000] {processor.py:830} INFO - Processing file /opt/airflow/dags/spark_pipeline_dag.py for tasks to queue
[2026-09-03T18:16:45.449+0000] {logging_mixin.py:188} INFO - [2026-09-03T18:16:45.449+0000] {dagbag.py:538} INFO - Filling up the DagBag from /opt/airflow/dags/spark_pipeline_dag.py
[2026-09-03T18:16:45.472+0000] {processor.py:840} INFO - DAG(s) 'air_quality_pipeline' retrieved from /opt/airflow/dags/spark_pipeline_dag.py
[2026-09-03T18:16:45.511+0000] {logging_mixin.py:188} INFO - [2026-09-03T18:16:45.511+0000] {dag.py:3036} INFO - Sync 1 DAGs
[2026-09-03T18:16:45.550+0000] {logging_mixin.py:188} INFO - [2026-09-03T18:16:45.550+0000] {dag.py:3823} INFO - Setting next_dagrun for air_quality_pipeline to 2026-09-03 18:05:00+00:00, run_after=2026-09-03 19:05:00+00:00
[2026-09-03T18:16:45.574+0000] {processor.py:183} INFO - Processing /opt/airflow/dags/spark_pipeline_dag.py took 0.136 seconds
[2026-09-03T18:17:15.990+0000] {processor.py:161} INFO - Started process (PID=49034) to work on /opt/airflow/dags/spark_pipeline_dag.py
[2026-09-03T18:17:15.993+0000] {processor.py:830} INFO - Processing file /opt/airflow/dags/spark_pipeline_dag.py for tasks to queue
[2026-09-03T18:17:15.994+0000] {logging_mixin.py:188} INFO - [2026-09-03T18:17:15.994+0000] {dagbag.py:538} INFO - Filling up the DagBag from /opt/airflow/dags/spark_pipeline_dag.py
[2026-09-03T18:17:16.030+0000] {processor.py:840} INFO - DAG(s) 'air_quality_pipeline' retrieved from /opt/airflow/dags/spark_pipeline_dag.py
[2026-09-03T18:17:16.075+0000] {logging_mixin.py:188} INFO - [2026-09-03T18:17:16.075+0000] {dag.py:3036} INFO - Sync 1 DAGs
[2026-09-03T18:17:16.103+0000] {logging_mixin.py:188} INFO - [2026-09-03T18:17:16.102+0000] {dag.py:3823} INFO - Setting next_dagrun for air_quality_pipeline to 2026-09-03 18:05:00+00:00, run_after=2026-09-03 19:05:00+00:00
[2026-09-03T18:17:16.124+0000] {processor.py:183} INFO - Processing /opt/airflow/dags/spark_pipeline_dag.py took 0.137 seconds
[2026-09-03T18:17:46.500+0000] {processor.py:161} INFO - Started process (PID=49044) to work on /opt/airflow/dags/spark_pipeline_dag.py
[2026-09-03T18:17:46.502+0000] {processor.py:830} INFO - Processing file /opt/airflow/dags/spark_pipeline_dag.py for tasks to queue
[2026-09-03T18:17:46.503+0000] {logging_mixin.py:188} INFO - [2026-09-03T18:17:46.503+0000] {dagbag.py:538} INFO - Filling up the DagBag from /opt/airflow/dags/spark_pipeline_dag.py
[2026-09-03T18:17:46.532+0000] {processor.py:840} INFO - DAG(s) 'air_quality_pipeline' retrieved from /opt/airflow/dags/spark_pipeline_dag.py
[2026-09-03T18:17:46.557+0000] {logging_mixin.py:188} INFO - [2026-09-03T18:17:46.557+0000] {dag.py:3036} INFO - Sync 1 DAGs
[2026-09-03T18:17:46.584+0000] {logging_mixin.py:188} INFO - [2026-09-03T18:17:46.584+0000] {dag.py:3823} INFO - Setting next_dagrun for air_quality_pipeline to 2026-09-03 18:05:00+00:00, run_after=2026-09-03 19:05:00+00:00
[2026-09-03T18:17:46.627+0000] {processor.py:183} INFO - Processing /opt/airflow/dags/spark_pipeline_dag.py took 0.131 seconds
[2026-09-03T18:18:17.049+0000] {processor.py:161} INFO - Started process (PID=49054) to work on /opt/airflow/dags/spark_pipeline_dag.py
[2026-09-03T18:18:17.052+0000] {processor.py:830} INFO - Processing file /opt/airflow/dags/spark_pipeline_dag.py for tasks to queue
[2026-09-03T18:18:17.053+0000] {logging_mixin.py:188} INFO - [2026-09-03T18:18:17.053+0000] {dagbag.py:538} INFO - Filling up the DagBag from /opt/airflow/dags/spark_pipeline_dag.py
[2026-09-03T18:18:17.079+0000] {processor.py:840} INFO - DAG(s) 'air_quality_pipeline' retrieved from /opt/airflow/dags/spark_pipeline_dag.py
[2026-09-03T18:18:17.106+0000] {logging_mixin.py:188} INFO - [2026-09-03T18:18:17.106+0000] {dag.py:3036} INFO - Sync 1 DAGs
[2026-09-03T18:18:17.131+0000] {logging_mixin.py:188} INFO - [2026-09-03T18:18:17.131+0000] {dag.py:3823} INFO - Setting next_dagrun for air_quality_pipeline to 2026-09-03 18:05:00+00:00, run_after=2026-09-03 19:05:00+00:00
[2026-09-03T18:18:17.155+0000] {processor.py:183} INFO - Processing /opt/airflow/dags/spark_pipeline_dag.py took 0.110 seconds
[2026-09-03T18:18:47.544+0000] {processor.py:161} INFO - Started process (PID=49064) to work on /opt/airflow/dags/spark_pipeline_dag.py
[2026-09-03T18:18:47.545+0000] {processor.py:830} INFO - Processing file /opt/airflow/dags/spark_pipeline_dag.py for tasks to queue
[2026-09-03T18:18:47.547+0000] {logging_mixin.py:188} INFO - [2026-09-03T18:18:47.546+0000] {dagbag.py:538} INFO - Filling up the DagBag from /opt/airflow/dags/spark_pipeline_dag.py
[2026-09-03T18:18:47.576+0000] {processor.py:840} INFO - DAG(s) 'air_quality_pipeline' retrieved from /opt/airflow/dags/spark_pipeline_dag.py
[2026-09-03T18:18:47.602+0000] {logging_mixin.py:188} INFO - [2026-09-03T18:18:47.601+0000] {dag.py:3036} INFO - Sync 1 DAGs
[2026-09-03T18:18:47.630+0000] {logging_mixin.py:188} INFO - [2026-09-03T18:18:47.630+0000] {dag.py:3823} INFO - Setting next_dagrun for air_quality_pipeline to 2026-09-03 18:05:00+00:00, run_after=2026-09-03 19:05:00+00:00
[2026-09-03T18:18:47.654+0000] {processor.py:183} INFO - Processing /opt/airflow/dags/spark_pipeline_dag.py took 0.113 seconds
[2026-09-03T18:19:18.010+0000] {processor.py:161} INFO - Started process (PID=49074) to work on /opt/airflow/dags/spark_pipeline_dag.py
[2026-09-03T18:19:18.011+0000] {processor.py:830} INFO - Processing file /opt/airflow/dags/spark_pipeline_dag.py for tasks to queue
[2026-09-03T18:19:18.012+0000] {logging_mixin.py:188} INFO - [2026-09-03T18:19:18.012+0000] {dagbag.py:538} INFO - Filling up the DagBag from /opt/airflow/dags/spark_pipeline_dag.py
[2026-09-03T18:19:18.033+0000] {processor.py:840} INFO - DAG(s) 'air_quality_pipeline' retrieved from /opt/airflow/dags/spark_pipeline_dag.py
[2026-09-03T18:19:18.056+0000] {logging_mixin.py:188} INFO - [2026-09-03T18:19:18.056+0000] {dag.py:3036} INFO - Sync 1 DAGs
[2026-09-03T18:19:18.084+0000] {logging_mixin.py:188} INFO - [2026-09-03T18:19:18.084+0000] {dag.py:3823} INFO - Setting next_dagrun for air_quality_pipeline to 2026-09-03 18:05:00+00:00, run_after=2026-09-03 19:05:00+00:00
[2026-09-03T18:19:18.104+0000] {processor.py:183} INFO - Processing /opt/airflow/dags/spark_pipeline_dag.py took 0.098 seconds
[2026-09-03T18:19:48.511+0000] {processor.py:161} INFO - Started process (PID=49084) to work on /opt/airflow/dags/spark_pipeline_dag.py
[2026-09-03T18:19:48.512+0000] {processor.py:830} INFO - Processing file /opt/airflow/dags/spark_pipeline_dag.py for tasks to queue
[2026-09-03T18:19:48.515+0000] {logging_mixin.py:188} INFO - [2026-09-03T18:19:48.513+0000] {dagbag.py:538} INFO - Filling up the DagBag from /opt/airflow/dags/spark_pipeline_dag.py
[2026-09-03T18:19:48.535+0000] {processor.py:840} INFO - DAG(s) 'air_quality_pipeline' retrieved from /opt/airflow/dags/spark_pipeline_dag.py
[2026-09-03T18:19:48.583+0000] {logging_mixin.py:188} INFO - [2026-09-03T18:19:48.583+0000] {dag.py:3036} INFO - Sync 1 DAGs
[2026-09-03T18:19:48.612+0000] {logging_mixin.py:188} INFO - [2026-09-03T18:19:48.611+0000] {dag.py:3823} INFO - Setting next_dagrun for air_quality_pipeline to 2026-09-03 18:05:00+00:00, run_after=2026-09-03 19:05:00+00:00
[2026-09-03T18:19:48.633+0000] {processor.py:183} INFO - Processing /opt/airflow/dags/spark_pipeline_dag.py took 0.126 seconds
[2026-09-03T18:20:19.018+0000] {processor.py:161} INFO - Started process (PID=49094) to work on /opt/airflow/dags/spark_pipeline_dag.py
[2026-09-03T18:20:19.019+0000] {processor.py:830} INFO - Processing file /opt/airflow/dags/spark_pipeline_dag.py for tasks to queue
[2026-09-03T18:20:19.021+0000] {logging_mixin.py:188} INFO - [2026-09-03T18:20:19.020+0000] {dagbag.py:538} INFO - Filling up the DagBag from /opt/airflow/dags/spark_pipeline_dag.py
[2026-09-03T18:20:19.048+0000] {processor.py:840} INFO - DAG(s) 'air_quality_pipeline' retrieved from /opt/airflow/dags/spark_pipeline_dag.py
[2026-09-03T18:20:19.084+0000] {logging_mixin.py:188} INFO - [2026-09-03T18:20:19.084+0000] {dag.py:3036} INFO - Sync 1 DAGs
[2026-09-03T18:20:19.114+0000] {logging_mixin.py:188} INFO - [2026-09-03T18:20:19.114+0000] {dag.py:3823} INFO - Setting next_dagrun for air_quality_pipeline to 2026-09-03 18:05:00+00:00, run_after=2026-09-03 19:05:00+00:00
[2026-09-03T18:20:19.141+0000] {processor.py:183} INFO - Processing /opt/airflow/dags/spark_pipeline_dag.py took 0.127 seconds
[2026-09-03T18:20:49.495+0000] {processor.py:161} INFO - Started process (PID=49104) to work on /opt/airflow/dags/spark_pipeline_dag.py
[2026-09-03T18:20:49.497+0000] {processor.py:830} INFO - Processing file /opt/airflow/dags/spark_pipeline_dag.py for tasks to queue
[2026-09-03T18:20:49.498+0000] {logging_mixin.py:188} INFO - [2026-09-03T18:20:49.497+0000] {dagbag.py:538} INFO - Filling up the DagBag from /opt/airflow/dags/spark_pipeline_dag.py
[2026-09-03T18:20:49.524+0000] {processor.py:840} INFO - DAG(s) 'air_quality_pipeline' retrieved from /opt/airflow/dags/spark_pipeline_dag.py
[2026-09-03T18:20:49.549+0000] {logging_mixin.py:188} INFO - [2026-09-03T18:20:49.548+0000] {dag.py:3036} INFO - Sync 1 DAGs
[2026-09-03T18:20:49.581+0000] {logging_mixin.py:188} INFO - [2026-09-03T18:20:49.581+0000] {dag.py:3823} INFO - Setting next_dagrun for air_quality_pipeline to 2026-09-03 18:05:00+00:00, run_after=2026-09-03 19:05:00+00:00
[2026-09-03T18:20:49.623+0000] {processor.py:183} INFO - Processing /opt/airflow/dags/spark_pipeline_dag.py took 0.132 seconds
[2026-09-03T18:21:19.970+0000] {processor.py:161} INFO - Started process (PID=49114) to work on /opt/airflow/dags/spark_pipeline_dag.py
[2026-09-03T18:21:19.972+0000] {processor.py:830} INFO - Processing file /opt/airflow/dags/spark_pipeline_dag.py for tasks to queue
[2026-09-03T18:21:19.973+0000] {logging_mixin.py:188} INFO - [2026-09-03T18:21:19.972+0000] {dagbag.py:538} INFO - Filling up the DagBag from /opt/airflow/dags/spark_pipeline_dag.py
[2026-09-03T18:21:19.995+0000] {processor.py:840} INFO - DAG(s) 'air_quality_pipeline' retrieved from /opt/airflow/dags/spark_pipeline_dag.py
[2026-09-03T18:21:20.019+0000] {logging_mixin.py:188} INFO - [2026-09-03T18:21:20.019+0000] {dag.py:3036} INFO - Sync 1 DAGs
[2026-09-03T18:21:20.040+0000] {logging_mixin.py:188} INFO - [2026-09-03T18:21:20.040+0000] {dag.py:3823} INFO - Setting next_dagrun for air_quality_pipeline to 2026-09-03 18:05:00+00:00, run_after=2026-09-03 19:05:00+00:00
[2026-09-03T18:21:20.061+0000] {processor.py:183} INFO - Processing /opt/airflow/dags/spark_pipeline_dag.py took 0.095 seconds
[2026-09-03T18:21:50.418+0000] {processor.py:161} INFO - Started process (PID=49124) to work on /opt/airflow/dags/spark_pipeline_dag.py
[2026-09-03T18:21:50.419+0000] {processor.py:830} INFO - Processing file /opt/airflow/dags/spark_pipeline_dag.py for tasks to queue
[2026-09-03T18:21:50.420+0000] {logging_mixin.py:188} INFO - [2026-09-03T18:21:50.420+0000] {dagbag.py:538} INFO - Filling up the DagBag from /opt/airflow/dags/spark_pipeline_dag.py
[2026-09-03T18:21:50.449+0000] {processor.py:840} INFO - DAG(s) 'air_quality_pipeline' retrieved from /opt/airflow/dags/spark_pipeline_dag.py
[2026-09-03T18:21:50.480+0000] {logging_mixin.py:188} INFO - [2026-09-03T18:21:50.480+0000] {dag.py:3036} INFO - Sync 1 DAGs
[2026-09-03T18:21:50.515+0000] {logging_mixin.py:188} INFO - [2026-09-03T18:21:50.514+0000] {dag.py:3823} INFO - Setting next_dagrun for air_quality_pipeline to 2026-09-03 18:05:00+00:00, run_after=2026-09-03 19:05:00+00:00
[2026-09-03T18:21:50.539+0000] {processor.py:183} INFO - Processing /opt/airflow/dags/spark_pipeline_dag.py took 0.125 seconds
[2026-09-03T18:22:20.909+0000] {processor.py:161} INFO - Started process (PID=49134) to work on /opt/airflow/dags/spark_pipeline_dag.py
[2026-09-03T18:22:20.916+0000] {processor.py:830} INFO - Processing file /opt/airflow/dags/spark_pipeline_dag.py for tasks to queue
[2026-09-03T18:22:20.917+0000] {logging_mixin.py:188} INFO - [2026-09-03T18:22:20.917+0000] {dagbag.py:538} INFO - Filling up the DagBag from /opt/airflow/dags/spark_pipeline_dag.py
[2026-09-03T18:22:20.952+0000] {processor.py:840} INFO - DAG(s) 'air_quality_pipeline' retrieved from /opt/airflow/dags/spark_pipeline_dag.py
[2026-09-03T18:22:20.983+0000] {logging_mixin.py:188} INFO - [2026-09-03T18:22:20.983+0000] {dag.py:3036} INFO - Sync 1 DAGs
[2026-09-03T18:22:21.022+0000] {logging_mixin.py:188} INFO - [2026-09-03T18:22:21.022+0000] {dag.py:3823} INFO - Setting next_dagrun for air_quality_pipeline to 2026-09-03 18:05:00+00:00, run_after=2026-09-03 19:05:00+00:00
[2026-09-03T18:22:21.051+0000] {processor.py:183} INFO - Processing /opt/airflow/dags/spark_pipeline_dag.py took 0.148 seconds
[2026-09-03T18:22:51.358+0000] {processor.py:161} INFO - Started process (PID=49144) to work on /opt/airflow/dags/spark_pipeline_dag.py
[2026-09-03T18:22:51.361+0000] {processor.py:830} INFO - Processing file /opt/airflow/dags/spark_pipeline_dag.py for tasks to queue
[2026-09-03T18:22:51.362+0000] {logging_mixin.py:188} INFO - [2026-09-03T18:22:51.362+0000] {dagbag.py:538} INFO - Filling up the DagBag from /opt/airflow/dags/spark_pipeline_dag.py
[2026-09-03T18:22:51.408+0000] {processor.py:840} INFO - DAG(s) 'air_quality_pipeline' retrieved from /opt/airflow/dags/spark_pipeline_dag.py
[2026-09-03T18:22:51.442+0000] {logging_mixin.py:188} INFO - [2026-09-03T18:22:51.441+0000] {dag.py:3036} INFO - Sync 1 DAGs
[2026-09-03T18:22:51.472+0000] {logging_mixin.py:188} INFO - [2026-09-03T18:22:51.472+0000] {dag.py:3823} INFO - Setting next_dagrun for air_quality_pipeline to 2026-09-03 18:05:00+00:00, run_after=2026-09-03 19:05:00+00:00
[2026-09-03T18:22:51.518+0000] {processor.py:183} INFO - Processing /opt/airflow/dags/spark_pipeline_dag.py took 0.164 seconds
[2026-09-03T18:23:21.875+0000] {processor.py:161} INFO - Started process (PID=49154) to work on /opt/airflow/dags/spark_pipeline_dag.py
[2026-09-03T18:23:21.877+0000] {processor.py:830} INFO - Processing file /opt/airflow/dags/spark_pipeline_dag.py for tasks to queue
[2026-09-03T18:23:21.878+0000] {logging_mixin.py:188} INFO - [2026-09-03T18:23:21.878+0000] {dagbag.py:538} INFO - Filling up the DagBag from /opt/airflow/dags/spark_pipeline_dag.py
[2026-09-03T18:23:21.914+0000] {processor.py:840} INFO - DAG(s) 'air_quality_pipeline' retrieved from /opt/airflow/dags/spark_pipeline_dag.py
[2026-09-03T18:23:21.949+0000] {logging_mixin.py:188} INFO - [2026-09-03T18:23:21.948+0000] {dag.py:3036} INFO - Sync 1 DAGs
[2026-09-03T18:23:21.997+0000] {logging_mixin.py:188} INFO - [2026-09-03T18:23:21.996+0000] {dag.py:3823} INFO - Setting next_dagrun for air_quality_pipeline to 2026-09-03 18:05:00+00:00, run_after=2026-09-03 19:05:00+00:00
[2026-09-03T18:23:22.049+0000] {processor.py:183} INFO - Processing /opt/airflow/dags/spark_pipeline_dag.py took 0.178 seconds
[2026-09-03T18:23:52.347+0000] {processor.py:161} INFO - Started process (PID=49164) to work on /opt/airflow/dags/spark_pipeline_dag.py
[2026-09-03T18:23:52.349+0000] {processor.py:830} INFO - Processing file /opt/airflow/dags/spark_pipeline_dag.py for tasks to queue
[2026-09-03T18:23:52.350+0000] {logging_mixin.py:188} INFO - [2026-09-03T18:23:52.349+0000] {dagbag.py:538} INFO - Filling up the DagBag from /opt/airflow/dags/spark_pipeline_dag.py
[2026-09-03T18:23:52.372+0000] {processor.py:840} INFO - DAG(s) 'air_quality_pipeline' retrieved from /opt/airflow/dags/spark_pipeline_dag.py
[2026-09-03T18:23:52.402+0000] {logging_mixin.py:188} INFO - [2026-09-03T18:23:52.402+0000] {dag.py:3036} INFO - Sync 1 DAGs
[2026-09-03T18:23:52.424+0000] {logging_mixin.py:188} INFO - [2026-09-03T18:23:52.424+0000] {dag.py:3823} INFO - Setting next_dagrun for air_quality_pipeline to 2026-09-03 18:05:00+00:00, run_after=2026-09-03 19:05:00+00:00
[2026-09-03T18:23:52.443+0000] {processor.py:183} INFO - Processing /opt/airflow/dags/spark_pipeline_dag.py took 0.099 seconds
[2026-09-03T18:24:22.820+0000] {processor.py:161} INFO - Started process (PID=49174) to work on /opt/airflow/dags/spark_pipeline_dag.py
[2026-09-03T18:24:22.821+0000] {processor.py:830} INFO - Processing file /opt/airflow/dags/spark_pipeline_dag.py for tasks to queue
[2026-09-03T18:24:22.822+0000] {logging_mixin.py:188} INFO - [2026-09-03T18:24:22.822+0000] {dagbag.py:538} INFO - Filling up the DagBag from /opt/airflow/dags/spark_pipeline_dag.py
[2026-09-03T18:24:22.847+0000] {processor.py:840} INFO - DAG(s) 'air_quality_pipeline' retrieved from /opt/airflow/dags/spark_pipeline_dag.py
[2026-09-03T18:24:22.876+0000] {logging_mixin.py:188} INFO - [2026-09-03T18:24:22.876+0000] {dag.py:3036} INFO - Sync 1 DAGs
[2026-09-03T18:24:22.900+0000] {logging_mixin.py:188} INFO - [2026-09-03T18:24:22.900+0000] {dag.py:3823} INFO - Setting next_dagrun for air_quality_pipeline to 2026-09-03 18:05:00+00:00, run_after=2026-09-03 19:05:00+00:00
[2026-09-03T18:24:22.927+0000] {processor.py:183} INFO - Processing /opt/airflow/dags/spark_pipeline_dag.py took 0.111 seconds
[2026-09-03T18:24:53.231+0000] {processor.py:161} INFO - Started process (PID=49184) to work on /opt/airflow/dags/spark_pipeline_dag.py
[2026-09-03T18:24:53.232+0000] {processor.py:830} INFO - Processing file /opt/airflow/dags/spark_pipeline_dag.py for tasks to queue
[2026-09-03T18:24:53.233+0000] {logging_mixin.py:188} INFO - [2026-09-03T18:24:53.233+0000] {dagbag.py:538} INFO - Filling up the DagBag from /opt/airflow/dags/spark_pipeline_dag.py
[2026-09-03T18:24:53.257+0000] {processor.py:840} INFO - DAG(s) 'air_quality_pipeline' retrieved from /opt/airflow/dags/spark_pipeline_dag.py
[2026-09-03T18:24:53.283+0000] {logging_mixin.py:188} INFO - [2026-09-03T18:24:53.282+0000] {dag.py:3036} INFO - Sync 1 DAGs
[2026-09-03T18:24:53.307+0000] {logging_mixin.py:188} INFO - [2026-09-03T18:24:53.307+0000] {dag.py:3823} INFO - Setting next_dagrun for air_quality_pipeline to 2026-09-03 18:05:00+00:00, run_after=2026-09-03 19:05:00+00:00
[2026-09-03T18:24:53.355+0000] {processor.py:183} INFO - Processing /opt/airflow/dags/spark_pipeline_dag.py took 0.129 seconds
[2026-09-03T18:25:23.711+0000] {processor.py:161} INFO - Started process (PID=49194) to work on /opt/airflow/dags/spark_pipeline_dag.py
[2026-09-03T18:25:23.713+0000] {processor.py:830} INFO - Processing file /opt/airflow/dags/spark_pipeline_dag.py for tasks to queue
[2026-09-03T18:25:23.714+0000] {logging_mixin.py:188} INFO - [2026-09-03T18:25:23.714+0000] {dagbag.py:538} INFO - Filling up the DagBag from /opt/airflow/dags/spark_pipeline_dag.py
[2026-09-03T18:25:23.755+0000] {processor.py:840} INFO - DAG(s) 'air_quality_pipeline' retrieved from /opt/airflow/dags/spark_pipeline_dag.py
[2026-09-03T18:25:23.791+0000] {logging_mixin.py:188} INFO - [2026-09-03T18:25:23.791+0000] {dag.py:3036} INFO - Sync 1 DAGs
[2026-09-03T18:25:23.821+0000] {logging_mixin.py:188} INFO - [2026-09-03T18:25:23.821+0000] {dag.py:3823} INFO - Setting next_dagrun for air_quality_pipeline to 2026-09-03 18:05:00+00:00, run_after=2026-09-03 19:05:00+00:00
[2026-09-03T18:25:23.848+0000] {processor.py:183} INFO - Processing /opt/airflow/dags/spark_pipeline_dag.py took 0.140 seconds
[2026-09-03T18:25:54.194+0000] {processor.py:161} INFO - Started process (PID=49204) to work on /opt/airflow/dags/spark_pipeline_dag.py
[2026-09-03T18:25:54.195+0000] {processor.py:830} INFO - Processing file /opt/airflow/dags/spark_pipeline_dag.py for tasks to queue
[2026-09-03T18:25:54.196+0000] {logging_mixin.py:188} INFO - [2026-09-03T18:25:54.196+0000] {dagbag.py:538} INFO - Filling up the DagBag from /opt/airflow/dags/spark_pipeline_dag.py
[2026-09-03T18:25:54.217+0000] {processor.py:840} INFO - DAG(s) 'air_quality_pipeline' retrieved from /opt/airflow/dags/spark_pipeline_dag.py
[2026-09-03T18:25:54.239+0000] {logging_mixin.py:188} INFO - [2026-09-03T18:25:54.239+0000] {dag.py:3036} INFO - Sync 1 DAGs
[2026-09-03T18:25:54.265+0000] {logging_mixin.py:188} INFO - [2026-09-03T18:25:54.265+0000] {dag.py:3823} INFO - Setting next_dagrun for air_quality_pipeline to 2026-09-03 18:05:00+00:00, run_after=2026-09-03 19:05:00+00:00
[2026-09-03T18:25:54.288+0000] {processor.py:183} INFO - Processing /opt/airflow/dags/spark_pipeline_dag.py took 0.100 seconds
[2026-09-03T18:26:24.640+0000] {processor.py:161} INFO - Started process (PID=49214) to work on /opt/airflow/dags/spark_pipeline_dag.py
[2026-09-03T18:26:24.642+0000] {processor.py:830} INFO - Processing file /opt/airflow/dags/spark_pipeline_dag.py for tasks to queue
[2026-09-03T18:26:24.643+0000] {logging_mixin.py:188} INFO - [2026-09-03T18:26:24.642+0000] {dagbag.py:538} INFO - Filling up the DagBag from /opt/airflow/dags/spark_pipeline_dag.py
[2026-09-03T18:26:24.669+0000] {processor.py:840} INFO - DAG(s) 'air_quality_pipeline' retrieved from /opt/airflow/dags/spark_pipeline_dag.py
[2026-09-03T18:26:24.702+0000] {logging_mixin.py:188} INFO - [2026-09-03T18:26:24.701+0000] {dag.py:3036} INFO - Sync 1 DAGs
[2026-09-03T18:26:24.729+0000] {logging_mixin.py:188} INFO - [2026-09-03T18:26:24.729+0000] {dag.py:3823} INFO - Setting next_dagrun for air_quality_pipeline to 2026-09-03 18:05:00+00:00, run_after=2026-09-03 19:05:00+00:00
[2026-09-03T18:26:24.755+0000] {processor.py:183} INFO - Processing /opt/airflow/dags/spark_pipeline_dag.py took 0.119 seconds
[2026-09-03T18:26:55.100+0000] {processor.py:161} INFO - Started process (PID=49224) to work on /opt/airflow/dags/spark_pipeline_dag.py
[2026-09-03T18:26:55.101+0000] {processor.py:830} INFO - Processing file /opt/airflow/dags/spark_pipeline_dag.py for tasks to queue
[2026-09-03T18:26:55.103+0000] {logging_mixin.py:188} INFO - [2026-09-03T18:26:55.102+0000] {dagbag.py:538} INFO - Filling up the DagBag from /opt/airflow/dags/spark_pipeline_dag.py
[2026-09-03T18:26:55.126+0000] {processor.py:840} INFO - DAG(s) 'air_quality_pipeline' retrieved from /opt/airflow/dags/spark_pipeline_dag.py
[2026-09-03T18:26:55.148+0000] {logging_mixin.py:188} INFO - [2026-09-03T18:26:55.148+0000] {dag.py:3036} INFO - Sync 1 DAGs
[2026-09-03T18:26:55.175+0000] {logging_mixin.py:188} INFO - [2026-09-03T18:26:55.174+0000] {dag.py:3823} INFO - Setting next_dagrun for air_quality_pipeline to 2026-09-03 18:05:00+00:00, run_after=2026-09-03 19:05:00+00:00
[2026-09-03T18:26:55.217+0000] {processor.py:183} INFO - Processing /opt/airflow/dags/spark_pipeline_dag.py took 0.121 seconds
[2026-09-03T18:27:25.561+0000] {processor.py:161} INFO - Started process (PID=49234) to work on /opt/airflow/dags/spark_pipeline_dag.py
[2026-09-03T18:27:25.565+0000] {processor.py:830} INFO - Processing file /opt/airflow/dags/spark_pipeline_dag.py for tasks to queue
[2026-09-03T18:27:25.566+0000] {logging_mixin.py:188} INFO - [2026-09-03T18:27:25.566+0000] {dagbag.py:538} INFO - Filling up the DagBag from /opt/airflow/dags/spark_pipeline_dag.py
[2026-09-03T18:27:25.593+0000] {processor.py:840} INFO - DAG(s) 'air_quality_pipeline' retrieved from /opt/airflow/dags/spark_pipeline_dag.py
[2026-09-03T18:27:25.617+0000] {logging_mixin.py:188} INFO - [2026-09-03T18:27:25.616+0000] {dag.py:3036} INFO - Sync 1 DAGs
[2026-09-03T18:27:25.643+0000] {logging_mixin.py:188} INFO - [2026-09-03T18:27:25.643+0000] {dag.py:3823} INFO - Setting next_dagrun for air_quality_pipeline to 2026-09-03 18:05:00+00:00, run_after=2026-09-03 19:05:00+00:00
[2026-09-03T18:27:25.665+0000] {processor.py:183} INFO - Processing /opt/airflow/dags/spark_pipeline_dag.py took 0.108 seconds
[2026-09-03T18:27:56.032+0000] {processor.py:161} INFO - Started process (PID=49244) to work on /opt/airflow/dags/spark_pipeline_dag.py
[2026-09-03T18:27:56.036+0000] {processor.py:830} INFO - Processing file /opt/airflow/dags/spark_pipeline_dag.py for tasks to queue
[2026-09-03T18:27:56.038+0000] {logging_mixin.py:188} INFO - [2026-09-03T18:27:56.037+0000] {dagbag.py:538} INFO - Filling up the DagBag from /opt/airflow/dags/spark_pipeline_dag.py
[2026-09-03T18:27:56.061+0000] {processor.py:840} INFO - DAG(s) 'air_quality_pipeline' retrieved from /opt/airflow/dags/spark_pipeline_dag.py
[2026-09-03T18:27:56.087+0000] {logging_mixin.py:188} INFO - [2026-09-03T18:27:56.087+0000] {dag.py:3036} INFO - Sync 1 DAGs
[2026-09-03T18:27:56.111+0000] {logging_mixin.py:188} INFO - [2026-09-03T18:27:56.111+0000] {dag.py:3823} INFO - Setting next_dagrun for air_quality_pipeline to 2026-09-03 18:05:00+00:00, run_after=2026-09-03 19:05:00+00:00
[2026-09-03T18:27:56.131+0000] {processor.py:183} INFO - Processing /opt/airflow/dags/spark_pipeline_dag.py took 0.102 seconds
[2026-09-03T18:28:26.550+0000] {processor.py:161} INFO - Started process (PID=49254) to work on /opt/airflow/dags/spark_pipeline_dag.py
[2026-09-03T18:28:26.551+0000] {processor.py:830} INFO - Processing file /opt/airflow/dags/spark_pipeline_dag.py for tasks to queue
[2026-09-03T18:28:26.552+0000] {logging_mixin.py:188} INFO - [2026-09-03T18:28:26.552+0000] {dagbag.py:538} INFO - Filling up the DagBag from /opt/airflow/dags/spark_pipeline_dag.py
[2026-09-03T18:28:26.577+0000] {processor.py:840} INFO - DAG(s) 'air_quality_pipeline' retrieved from /opt/airflow/dags/spark_pipeline_dag.py
[2026-09-03T18:28:26.599+0000] {logging_mixin.py:188} INFO - [2026-09-03T18:28:26.599+0000] {dag.py:3036} INFO - Sync 1 DAGs
[2026-09-03T18:28:26.628+0000] {logging_mixin.py:188} INFO - [2026-09-03T18:28:26.627+0000] {dag.py:3823} INFO - Setting next_dagrun for air_quality_pipeline to 2026-09-03 18:05:00+00:00, run_after=2026-09-03 19:05:00+00:00
[2026-09-03T18:28:26.648+0000] {processor.py:183} INFO - Processing /opt/airflow/dags/spark_pipeline_dag.py took 0.101 seconds
[2026-09-03T18:28:56.997+0000] {processor.py:161} INFO - Started process (PID=49264) to work on /opt/airflow/dags/spark_pipeline_dag.py
[2026-09-03T18:28:56.998+0000] {processor.py:830} INFO - Processing file /opt/airflow/dags/spark_pipeline_dag.py for tasks to queue
[2026-09-03T18:28:57.000+0000] {logging_mixin.py:188} INFO - [2026-09-03T18:28:56.999+0000] {dagbag.py:538} INFO - Filling up the DagBag from /opt/airflow/dags/spark_pipeline_dag.py
[2026-09-03T18:28:57.022+0000] {processor.py:840} INFO - DAG(s) 'air_quality_pipeline' retrieved from /opt/airflow/dags/spark_pipeline_dag.py
[2026-09-03T18:28:57.045+0000] {logging_mixin.py:188} INFO - [2026-09-03T18:28:57.045+0000] {dag.py:3036} INFO - Sync 1 DAGs
[2026-09-03T18:28:57.072+0000] {logging_mixin.py:188} INFO - [2026-09-03T18:28:57.072+0000] {dag.py:3823} INFO - Setting next_dagrun for air_quality_pipeline to 2026-09-03 18:05:00+00:00, run_after=2026-09-03 19:05:00+00:00
[2026-09-03T18:28:57.094+0000] {processor.py:183} INFO - Processing /opt/airflow/dags/spark_pipeline_dag.py took 0.101 seconds
[2026-09-03T18:29:27.494+0000] {processor.py:161} INFO - Started process (PID=49274) to work on /opt/airflow/dags/spark_pipeline_dag.py
[2026-09-03T18:29:27.496+0000] {processor.py:830} INFO - Processing file /opt/airflow/dags/spark_pipeline_dag.py for tasks to queue
[2026-09-03T18:29:27.497+0000] {logging_mixin.py:188} INFO - [2026-09-03T18:29:27.496+0000] {dagbag.py:538} INFO - Filling up the DagBag from /opt/airflow/dags/spark_pipeline_dag.py
[2026-09-03T18:29:27.521+0000] {processor.py:840} INFO - DAG(s) 'air_quality_pipeline' retrieved from /opt/airflow/dags/spark_pipeline_dag.py
[2026-09-03T18:29:27.545+0000] {logging_mixin.py:188} INFO - [2026-09-03T18:29:27.545+0000] {dag.py:3036} INFO - Sync 1 DAGs
[2026-09-03T18:29:27.579+0000] {logging_mixin.py:188} INFO - [2026-09-03T18:29:27.579+0000] {dag.py:3823} INFO - Setting next_dagrun for air_quality_pipeline to 2026-09-03 18:05:00+00:00, run_after=2026-09-03 19:05:00+00:00
[2026-09-03T18:29:27.599+0000] {processor.py:183} INFO - Processing /opt/airflow/dags/spark_pipeline_dag.py took 0.108 seconds
[2026-09-03T18:29:57.990+0000] {processor.py:161} INFO - Started process (PID=49284) to work on /opt/airflow/dags/spark_pipeline_dag.py
[2026-09-03T18:29:57.991+0000] {processor.py:830} INFO - Processing file /opt/airflow/dags/spark_pipeline_dag.py for tasks to queue
[2026-09-03T18:29:57.993+0000] {logging_mixin.py:188} INFO - [2026-09-03T18:29:57.992+0000] {dagbag.py:538} INFO - Filling up the DagBag from /opt/airflow/dags/spark_pipeline_dag.py
[2026-09-03T18:29:58.018+0000] {processor.py:840} INFO - DAG(s) 'air_quality_pipeline' retrieved from /opt/airflow/dags/spark_pipeline_dag.py
[2026-09-03T18:29:58.059+0000] {logging_mixin.py:188} INFO - [2026-09-03T18:29:58.059+0000] {dag.py:3036} INFO - Sync 1 DAGs
[2026-09-03T18:29:58.096+0000] {logging_mixin.py:188} INFO - [2026-09-03T18:29:58.092+0000] {dag.py:3823} INFO - Setting next_dagrun for air_quality_pipeline to 2026-09-03 18:05:00+00:00, run_after=2026-09-03 19:05:00+00:00
[2026-09-03T18:29:58.116+0000] {processor.py:183} INFO - Processing /opt/airflow/dags/spark_pipeline_dag.py took 0.130 seconds
[2026-09-03T18:30:28.444+0000] {processor.py:161} INFO - Started process (PID=49294) to work on /opt/airflow/dags/spark_pipeline_dag.py
[2026-09-03T18:30:28.446+0000] {processor.py:830} INFO - Processing file /opt/airflow/dags/spark_pipeline_dag.py for tasks to queue
[2026-09-03T18:30:28.447+0000] {logging_mixin.py:188} INFO - [2026-09-03T18:30:28.446+0000] {dagbag.py:538} INFO - Filling up the DagBag from /opt/airflow/dags/spark_pipeline_dag.py
[2026-09-03T18:30:28.468+0000] {processor.py:840} INFO - DAG(s) 'air_quality_pipeline' retrieved from /opt/airflow/dags/spark_pipeline_dag.py
[2026-09-03T18:30:28.492+0000] {logging_mixin.py:188} INFO - [2026-09-03T18:30:28.492+0000] {dag.py:3036} INFO - Sync 1 DAGs
[2026-09-03T18:30:28.513+0000] {logging_mixin.py:188} INFO - [2026-09-03T18:30:28.513+0000] {dag.py:3823} INFO - Setting next_dagrun for air_quality_pipeline to 2026-09-03 18:05:00+00:00, run_after=2026-09-03 19:05:00+00:00
[2026-09-03T18:30:28.535+0000] {processor.py:183} INFO - Processing /opt/airflow/dags/spark_pipeline_dag.py took 0.094 seconds
[2026-09-03T18:30:58.970+0000] {processor.py:161} INFO - Started process (PID=49304) to work on /opt/airflow/dags/spark_pipeline_dag.py
[2026-09-03T18:30:58.973+0000] {processor.py:830} INFO - Processing file /opt/airflow/dags/spark_pipeline_dag.py for tasks to queue
[2026-09-03T18:30:58.974+0000] {logging_mixin.py:188} INFO - [2026-09-03T18:30:58.974+0000] {dagbag.py:538} INFO - Filling up the DagBag from /opt/airflow/dags/spark_pipeline_dag.py
[2026-09-03T18:30:59.017+0000] {processor.py:840} INFO - DAG(s) 'air_quality_pipeline' retrieved from /opt/airflow/dags/spark_pipeline_dag.py
[2026-09-03T18:30:59.063+0000] {logging_mixin.py:188} INFO - [2026-09-03T18:30:59.063+0000] {dag.py:3036} INFO - Sync 1 DAGs
[2026-09-03T18:30:59.108+0000] {logging_mixin.py:188} INFO - [2026-09-03T18:30:59.107+0000] {dag.py:3823} INFO - Setting next_dagrun for air_quality_pipeline to 2026-09-03 18:05:00+00:00, run_after=2026-09-03 19:05:00+00:00
[2026-09-03T18:30:59.137+0000] {processor.py:183} INFO - Processing /opt/airflow/dags/spark_pipeline_dag.py took 0.173 seconds
[2026-09-03T18:31:29.508+0000] {processor.py:161} INFO - Started process (PID=49314) to work on /opt/airflow/dags/spark_pipeline_dag.py
[2026-09-03T18:31:29.510+0000] {processor.py:830} INFO - Processing file /opt/airflow/dags/spark_pipeline_dag.py for tasks to queue
[2026-09-03T18:31:29.516+0000] {logging_mixin.py:188} INFO - [2026-09-03T18:31:29.516+0000] {dagbag.py:538} INFO - Filling up the DagBag from /opt/airflow/dags/spark_pipeline_dag.py
[2026-09-03T18:31:29.552+0000] {processor.py:840} INFO - DAG(s) 'air_quality_pipeline' retrieved from /opt/airflow/dags/spark_pipeline_dag.py
[2026-09-03T18:31:29.582+0000] {logging_mixin.py:188} INFO - [2026-09-03T18:31:29.582+0000] {dag.py:3036} INFO - Sync 1 DAGs
[2026-09-03T18:31:29.609+0000] {logging_mixin.py:188} INFO - [2026-09-03T18:31:29.609+0000] {dag.py:3823} INFO - Setting next_dagrun for air_quality_pipeline to 2026-09-03 18:05:00+00:00, run_after=2026-09-03 19:05:00+00:00
[2026-09-03T18:31:29.651+0000] {processor.py:183} INFO - Processing /opt/airflow/dags/spark_pipeline_dag.py took 0.147 seconds
[2026-09-03T18:32:00.138+0000] {processor.py:161} INFO - Started process (PID=49324) to work on /opt/airflow/dags/spark_pipeline_dag.py
[2026-09-03T18:32:00.141+0000] {processor.py:830} INFO - Processing file /opt/airflow/dags/spark_pipeline_dag.py for tasks to queue
[2026-09-03T18:32:00.145+0000] {logging_mixin.py:188} INFO - [2026-09-03T18:32:00.143+0000] {dagbag.py:538} INFO - Filling up the DagBag from /opt/airflow/dags/spark_pipeline_dag.py
[2026-09-03T18:32:00.194+0000] {processor.py:840} INFO - DAG(s) 'air_quality_pipeline' retrieved from /opt/airflow/dags/spark_pipeline_dag.py
[2026-09-03T18:32:00.230+0000] {logging_mixin.py:188} INFO - [2026-09-03T18:32:00.229+0000] {dag.py:3036} INFO - Sync 1 DAGs
[2026-09-03T18:32:00.266+0000] {logging_mixin.py:188} INFO - [2026-09-03T18:32:00.266+0000] {dag.py:3823} INFO - Setting next_dagrun for air_quality_pipeline to 2026-09-03 18:05:00+00:00, run_after=2026-09-03 19:05:00+00:00
[2026-09-03T18:32:00.302+0000] {processor.py:183} INFO - Processing /opt/airflow/dags/spark_pipeline_dag.py took 0.175 seconds
[2026-09-03T18:32:30.627+0000] {processor.py:161} INFO - Started process (PID=49334) to work on /opt/airflow/dags/spark_pipeline_dag.py
[2026-09-03T18:32:30.628+0000] {processor.py:830} INFO - Processing file /opt/airflow/dags/spark_pipeline_dag.py for tasks to queue
[2026-09-03T18:32:30.630+0000] {logging_mixin.py:188} INFO - [2026-09-03T18:32:30.629+0000] {dagbag.py:538} INFO - Filling up the DagBag from /opt/airflow/dags/spark_pipeline_dag.py
[2026-09-03T18:32:30.653+0000] {processor.py:840} INFO - DAG(s) 'air_quality_pipeline' retrieved from /opt/airflow/dags/spark_pipeline_dag.py
[2026-09-03T18:32:30.681+0000] {logging_mixin.py:188} INFO - [2026-09-03T18:32:30.681+0000] {dag.py:3036} INFO - Sync 1 DAGs
[2026-09-03T18:32:30.704+0000] {logging_mixin.py:188} INFO - [2026-09-03T18:32:30.704+0000] {dag.py:3823} INFO - Setting next_dagrun for air_quality_pipeline to 2026-09-03 18:05:00+00:00, run_after=2026-09-03 19:05:00+00:00
[2026-09-03T18:32:30.724+0000] {processor.py:183} INFO - Processing /opt/airflow/dags/spark_pipeline_dag.py took 0.101 seconds
[2026-09-03T18:33:01.046+0000] {processor.py:161} INFO - Started process (PID=49344) to work on /opt/airflow/dags/spark_pipeline_dag.py
[2026-09-03T18:33:01.048+0000] {processor.py:830} INFO - Processing file /opt/airflow/dags/spark_pipeline_dag.py for tasks to queue
[2026-09-03T18:33:01.049+0000] {logging_mixin.py:188} INFO - [2026-09-03T18:33:01.049+0000] {dagbag.py:538} INFO - Filling up the DagBag from /opt/airflow/dags/spark_pipeline_dag.py
[2026-09-03T18:33:01.070+0000] {processor.py:840} INFO - DAG(s) 'air_quality_pipeline' retrieved from /opt/airflow/dags/spark_pipeline_dag.py
[2026-09-03T18:33:01.094+0000] {logging_mixin.py:188} INFO - [2026-09-03T18:33:01.094+0000] {dag.py:3036} INFO - Sync 1 DAGs
[2026-09-03T18:33:01.121+0000] {logging_mixin.py:188} INFO - [2026-09-03T18:33:01.121+0000] {dag.py:3823} INFO - Setting next_dagrun for air_quality_pipeline to 2026-09-03 18:05:00+00:00, run_after=2026-09-03 19:05:00+00:00
[2026-09-03T18:33:01.140+0000] {processor.py:183} INFO - Processing /opt/airflow/dags/spark_pipeline_dag.py took 0.098 seconds
[2026-09-03T18:33:31.530+0000] {processor.py:161} INFO - Started process (PID=49354) to work on /opt/airflow/dags/spark_pipeline_dag.py
[2026-09-03T18:33:31.532+0000] {processor.py:830} INFO - Processing file /opt/airflow/dags/spark_pipeline_dag.py for tasks to queue
[2026-09-03T18:33:31.533+0000] {logging_mixin.py:188} INFO - [2026-09-03T18:33:31.533+0000] {dagbag.py:538} INFO - Filling up the DagBag from /opt/airflow/dags/spark_pipeline_dag.py
[2026-09-03T18:33:31.558+0000] {processor.py:840} INFO - DAG(s) 'air_quality_pipeline' retrieved from /opt/airflow/dags/spark_pipeline_dag.py
[2026-09-03T18:33:31.581+0000] {logging_mixin.py:188} INFO - [2026-09-03T18:33:31.581+0000] {dag.py:3036} INFO - Sync 1 DAGs
[2026-09-03T18:33:31.612+0000] {logging_mixin.py:188} INFO - [2026-09-03T18:33:31.612+0000] {dag.py:3823} INFO - Setting next_dagrun for air_quality_pipeline to 2026-09-03 18:05:00+00:00, run_after=2026-09-03 19:05:00+00:00
[2026-09-03T18:33:31.657+0000] {processor.py:183} INFO - Processing /opt/airflow/dags/spark_pipeline_dag.py took 0.130 seconds
[2026-09-03T18:34:01.999+0000] {processor.py:161} INFO - Started process (PID=49364) to work on /opt/airflow/dags/spark_pipeline_dag.py
[2026-09-03T18:34:02.000+0000] {processor.py:830} INFO - Processing file /opt/airflow/dags/spark_pipeline_dag.py for tasks to queue
[2026-09-03T18:34:02.001+0000] {logging_mixin.py:188} INFO - [2026-09-03T18:34:02.001+0000] {dagbag.py:538} INFO - Filling up the DagBag from /opt/airflow/dags/spark_pipeline_dag.py
[2026-09-03T18:34:02.086+0000] {processor.py:840} INFO - DAG(s) 'air_quality_pipeline' retrieved from /opt/airflow/dags/spark_pipeline_dag.py
[2026-09-03T18:34:02.124+0000] {logging_mixin.py:188} INFO - [2026-09-03T18:34:02.123+0000] {dag.py:3036} INFO - Sync 1 DAGs
[2026-09-03T18:34:02.153+0000] {logging_mixin.py:188} INFO - [2026-09-03T18:34:02.152+0000] {dag.py:3823} INFO - Setting next_dagrun for air_quality_pipeline to 2026-09-03 18:05:00+00:00, run_after=2026-09-03 19:05:00+00:00
[2026-09-03T18:34:02.175+0000] {processor.py:183} INFO - Processing /opt/airflow/dags/spark_pipeline_dag.py took 0.181 seconds
[2026-09-03T18:34:32.596+0000] {processor.py:161} INFO - Started process (PID=49374) to work on /opt/airflow/dags/spark_pipeline_dag.py
[2026-09-03T18:34:32.597+0000] {processor.py:830} INFO - Processing file /opt/airflow/dags/spark_pipeline_dag.py for tasks to queue
[2026-09-03T18:34:32.598+0000] {logging_mixin.py:188} INFO - [2026-09-03T18:34:32.598+0000] {dagbag.py:538} INFO - Filling up the DagBag from /opt/airflow/dags/spark_pipeline_dag.py
[2026-09-03T18:34:32.621+0000] {processor.py:840} INFO - DAG(s) 'air_quality_pipeline' retrieved from /opt/airflow/dags/spark_pipeline_dag.py
[2026-09-03T18:34:32.641+0000] {logging_mixin.py:188} INFO - [2026-09-03T18:34:32.641+0000] {dag.py:3036} INFO - Sync 1 DAGs
[2026-09-03T18:34:32.663+0000] {logging_mixin.py:188} INFO - [2026-09-03T18:34:32.663+0000] {dag.py:3823} INFO - Setting next_dagrun for air_quality_pipeline to 2026-09-03 18:05:00+00:00, run_after=2026-09-03 19:05:00+00:00
[2026-09-03T18:34:32.708+0000] {processor.py:183} INFO - Processing /opt/airflow/dags/spark_pipeline_dag.py took 0.118 seconds
[2026-09-03T18:35:03.107+0000] {processor.py:161} INFO - Started process (PID=49384) to work on /opt/airflow/dags/spark_pipeline_dag.py
[2026-09-03T18:35:03.108+0000] {processor.py:830} INFO - Processing file /opt/airflow/dags/spark_pipeline_dag.py for tasks to queue
[2026-09-03T18:35:03.109+0000] {logging_mixin.py:188} INFO - [2026-09-03T18:35:03.109+0000] {dagbag.py:538} INFO - Filling up the DagBag from /opt/airflow/dags/spark_pipeline_dag.py
[2026-09-03T18:35:03.136+0000] {processor.py:840} INFO - DAG(s) 'air_quality_pipeline' retrieved from /opt/airflow/dags/spark_pipeline_dag.py
[2026-09-03T18:35:03.167+0000] {logging_mixin.py:188} INFO - [2026-09-03T18:35:03.166+0000] {dag.py:3036} INFO - Sync 1 DAGs
[2026-09-03T18:35:03.191+0000] {logging_mixin.py:188} INFO - [2026-09-03T18:35:03.191+0000] {dag.py:3823} INFO - Setting next_dagrun for air_quality_pipeline to 2026-09-03 18:05:00+00:00, run_after=2026-09-03 19:05:00+00:00
[2026-09-03T18:35:03.211+0000] {processor.py:183} INFO - Processing /opt/airflow/dags/spark_pipeline_dag.py took 0.110 seconds
[2026-09-03T18:35:33.589+0000] {processor.py:161} INFO - Started process (PID=49394) to work on /opt/airflow/dags/spark_pipeline_dag.py
[2026-09-03T18:35:33.596+0000] {processor.py:830} INFO - Processing file /opt/airflow/dags/spark_pipeline_dag.py for tasks to queue
[2026-09-03T18:35:33.597+0000] {logging_mixin.py:188} INFO - [2026-09-03T18:35:33.597+0000] {dagbag.py:538} INFO - Filling up the DagBag from /opt/airflow/dags/spark_pipeline_dag.py
[2026-09-03T18:35:33.635+0000] {processor.py:840} INFO - DAG(s) 'air_quality_pipeline' retrieved from /opt/airflow/dags/spark_pipeline_dag.py
[2026-09-03T18:35:33.659+0000] {logging_mixin.py:188} INFO - [2026-09-03T18:35:33.658+0000] {dag.py:3036} INFO - Sync 1 DAGs
[2026-09-03T18:35:33.702+0000] {logging_mixin.py:188} INFO - [2026-09-03T18:35:33.702+0000] {dag.py:3823} INFO - Setting next_dagrun for air_quality_pipeline to 2026-09-03 18:05:00+00:00, run_after=2026-09-03 19:05:00+00:00
[2026-09-03T18:35:33.744+0000] {processor.py:183} INFO - Processing /opt/airflow/dags/spark_pipeline_dag.py took 0.159 seconds
[2026-09-03T18:36:04.088+0000] {processor.py:161} INFO - Started process (PID=49404) to work on /opt/airflow/dags/spark_pipeline_dag.py
[2026-09-03T18:36:04.090+0000] {processor.py:830} INFO - Processing file /opt/airflow/dags/spark_pipeline_dag.py for tasks to queue
[2026-09-03T18:36:04.091+0000] {logging_mixin.py:188} INFO - [2026-09-03T18:36:04.090+0000] {dagbag.py:538} INFO - Filling up the DagBag from /opt/airflow/dags/spark_pipeline_dag.py
[2026-09-03T18:36:04.111+0000] {processor.py:840} INFO - DAG(s) 'air_quality_pipeline' retrieved from /opt/airflow/dags/spark_pipeline_dag.py
[2026-09-03T18:36:04.134+0000] {logging_mixin.py:188} INFO - [2026-09-03T18:36:04.134+0000] {dag.py:3036} INFO - Sync 1 DAGs
[2026-09-03T18:36:04.156+0000] {logging_mixin.py:188} INFO - [2026-09-03T18:36:04.155+0000] {dag.py:3823} INFO - Setting next_dagrun for air_quality_pipeline to 2026-09-03 18:05:00+00:00, run_after=2026-09-03 19:05:00+00:00
[2026-09-03T18:36:04.175+0000] {processor.py:183} INFO - Processing /opt/airflow/dags/spark_pipeline_dag.py took 0.099 seconds
[2026-09-03T18:36:34.557+0000] {processor.py:161} INFO - Started process (PID=49414) to work on /opt/airflow/dags/spark_pipeline_dag.py
[2026-09-03T18:36:34.560+0000] {processor.py:830} INFO - Processing file /opt/airflow/dags/spark_pipeline_dag.py for tasks to queue
[2026-09-03T18:36:34.561+0000] {logging_mixin.py:188} INFO - [2026-09-03T18:36:34.561+0000] {dagbag.py:538} INFO - Filling up the DagBag from /opt/airflow/dags/spark_pipeline_dag.py
[2026-09-03T18:36:34.584+0000] {processor.py:840} INFO - DAG(s) 'air_quality_pipeline' retrieved from /opt/airflow/dags/spark_pipeline_dag.py
[2026-09-03T18:36:34.611+0000] {logging_mixin.py:188} INFO - [2026-09-03T18:36:34.611+0000] {dag.py:3036} INFO - Sync 1 DAGs
[2026-09-03T18:36:34.633+0000] {logging_mixin.py:188} INFO - [2026-09-03T18:36:34.632+0000] {dag.py:3823} INFO - Setting next_dagrun for air_quality_pipeline to 2026-09-03 18:05:00+00:00, run_after=2026-09-03 19:05:00+00:00
[2026-09-03T18:36:34.651+0000] {processor.py:183} INFO - Processing /opt/airflow/dags/spark_pipeline_dag.py took 0.099 seconds
[2026-09-03T18:37:05.162+0000] {processor.py:161} INFO - Started process (PID=49424) to work on /opt/airflow/dags/spark_pipeline_dag.py
[2026-09-03T18:37:05.165+0000] {processor.py:830} INFO - Processing file /opt/airflow/dags/spark_pipeline_dag.py for tasks to queue
[2026-09-03T18:37:05.166+0000] {logging_mixin.py:188} INFO - [2026-09-03T18:37:05.166+0000] {dagbag.py:538} INFO - Filling up the DagBag from /opt/airflow/dags/spark_pipeline_dag.py
[2026-09-03T18:37:05.195+0000] {processor.py:840} INFO - DAG(s) 'air_quality_pipeline' retrieved from /opt/airflow/dags/spark_pipeline_dag.py
[2026-09-03T18:37:05.223+0000] {logging_mixin.py:188} INFO - [2026-09-03T18:37:05.222+0000] {dag.py:3036} INFO - Sync 1 DAGs
[2026-09-03T18:37:05.254+0000] {logging_mixin.py:188} INFO - [2026-09-03T18:37:05.254+0000] {dag.py:3823} INFO - Setting next_dagrun for air_quality_pipeline to 2026-09-03 18:05:00+00:00, run_after=2026-09-03 19:05:00+00:00
[2026-09-03T18:37:05.303+0000] {processor.py:183} INFO - Processing /opt/airflow/dags/spark_pipeline_dag.py took 0.144 seconds
[2026-09-03T18:37:35.731+0000] {processor.py:161} INFO - Started process (PID=49434) to work on /opt/airflow/dags/spark_pipeline_dag.py
[2026-09-03T18:37:35.732+0000] {processor.py:830} INFO - Processing file /opt/airflow/dags/spark_pipeline_dag.py for tasks to queue
[2026-09-03T18:37:35.733+0000] {logging_mixin.py:188} INFO - [2026-09-03T18:37:35.733+0000] {dagbag.py:538} INFO - Filling up the DagBag from /opt/airflow/dags/spark_pipeline_dag.py
[2026-09-03T18:37:35.757+0000] {processor.py:840} INFO - DAG(s) 'air_quality_pipeline' retrieved from /opt/airflow/dags/spark_pipeline_dag.py
[2026-09-03T18:37:35.778+0000] {logging_mixin.py:188} INFO - [2026-09-03T18:37:35.778+0000] {dag.py:3036} INFO - Sync 1 DAGs
[2026-09-03T18:37:35.801+0000] {logging_mixin.py:188} INFO - [2026-09-03T18:37:35.801+0000] {dag.py:3823} INFO - Setting next_dagrun for air_quality_pipeline to 2026-09-03 18:05:00+00:00, run_after=2026-09-03 19:05:00+00:00
[2026-09-03T18:37:35.823+0000] {processor.py:183} INFO - Processing /opt/airflow/dags/spark_pipeline_dag.py took 0.095 seconds
[2026-09-03T18:38:06.209+0000] {processor.py:161} INFO - Started process (PID=49444) to work on /opt/airflow/dags/spark_pipeline_dag.py
[2026-09-03T18:38:06.211+0000] {processor.py:830} INFO - Processing file /opt/airflow/dags/spark_pipeline_dag.py for tasks to queue
[2026-09-03T18:38:06.212+0000] {logging_mixin.py:188} INFO - [2026-09-03T18:38:06.211+0000] {dagbag.py:538} INFO - Filling up the DagBag from /opt/airflow/dags/spark_pipeline_dag.py
[2026-09-03T18:38:06.245+0000] {processor.py:840} INFO - DAG(s) 'air_quality_pipeline' retrieved from /opt/airflow/dags/spark_pipeline_dag.py
[2026-09-03T18:38:06.268+0000] {logging_mixin.py:188} INFO - [2026-09-03T18:38:06.268+0000] {dag.py:3036} INFO - Sync 1 DAGs
[2026-09-03T18:38:06.292+0000] {logging_mixin.py:188} INFO - [2026-09-03T18:38:06.292+0000] {dag.py:3823} INFO - Setting next_dagrun for air_quality_pipeline to 2026-09-03 18:05:00+00:00, run_after=2026-09-03 19:05:00+00:00
[2026-09-03T18:38:06.311+0000] {processor.py:183} INFO - Processing /opt/airflow/dags/spark_pipeline_dag.py took 0.106 seconds
[2026-09-03T18:38:36.588+0000] {processor.py:161} INFO - Started process (PID=49454) to work on /opt/airflow/dags/spark_pipeline_dag.py
[2026-09-03T18:38:36.590+0000] {processor.py:830} INFO - Processing file /opt/airflow/dags/spark_pipeline_dag.py for tasks to queue
[2026-09-03T18:38:36.591+0000] {logging_mixin.py:188} INFO - [2026-09-03T18:38:36.591+0000] {dagbag.py:538} INFO - Filling up the DagBag from /opt/airflow/dags/spark_pipeline_dag.py
[2026-09-03T18:38:36.618+0000] {processor.py:840} INFO - DAG(s) 'air_quality_pipeline' retrieved from /opt/airflow/dags/spark_pipeline_dag.py
[2026-09-03T18:38:36.643+0000] {logging_mixin.py:188} INFO - [2026-09-03T18:38:36.643+0000] {dag.py:3036} INFO - Sync 1 DAGs
[2026-09-03T18:38:36.668+0000] {logging_mixin.py:188} INFO - [2026-09-03T18:38:36.668+0000] {dag.py:3823} INFO - Setting next_dagrun for air_quality_pipeline to 2026-09-03 18:05:00+00:00, run_after=2026-09-03 19:05:00+00:00
[2026-09-03T18:38:36.708+0000] {processor.py:183} INFO - Processing /opt/airflow/dags/spark_pipeline_dag.py took 0.123 seconds
[2026-09-03T18:39:08.153+0000] {processor.py:161} INFO - Started process (PID=49464) to work on /opt/airflow/dags/spark_pipeline_dag.py
[2026-09-03T18:39:08.168+0000] {processor.py:830} INFO - Processing file /opt/airflow/dags/spark_pipeline_dag.py for tasks to queue
[2026-09-03T18:39:08.179+0000] {logging_mixin.py:188} INFO - [2026-09-03T18:39:08.178+0000] {dagbag.py:538} INFO - Filling up the DagBag from /opt/airflow/dags/spark_pipeline_dag.py
[2026-09-03T18:39:08.482+0000] {processor.py:840} INFO - DAG(s) 'air_quality_pipeline' retrieved from /opt/airflow/dags/spark_pipeline_dag.py
[2026-09-03T18:39:08.587+0000] {logging_mixin.py:188} INFO - [2026-09-03T18:39:08.586+0000] {dag.py:3036} INFO - Sync 1 DAGs
[2026-09-03T18:39:08.704+0000] {logging_mixin.py:188} INFO - [2026-09-03T18:39:08.704+0000] {dag.py:3823} INFO - Setting next_dagrun for air_quality_pipeline to 2026-09-03 18:05:00+00:00, run_after=2026-09-03 19:05:00+00:00
[2026-09-03T18:39:08.816+0000] {processor.py:183} INFO - Processing /opt/airflow/dags/spark_pipeline_dag.py took 0.670 seconds
[2026-09-03T18:40:02.059+0000] {processor.py:161} INFO - Started process (PID=49474) to work on /opt/airflow/dags/spark_pipeline_dag.py
[2026-09-03T18:40:02.062+0000] {processor.py:830} INFO - Processing file /opt/airflow/dags/spark_pipeline_dag.py for tasks to queue
[2026-09-03T18:40:02.073+0000] {logging_mixin.py:188} INFO - [2026-09-03T18:40:02.072+0000] {dagbag.py:538} INFO - Filling up the DagBag from /opt/airflow/dags/spark_pipeline_dag.py
[2026-09-03T18:40:02.278+0000] {processor.py:840} INFO - DAG(s) 'air_quality_pipeline' retrieved from /opt/airflow/dags/spark_pipeline_dag.py
[2026-09-03T18:40:02.377+0000] {logging_mixin.py:188} INFO - [2026-09-03T18:40:02.377+0000] {dag.py:3036} INFO - Sync 1 DAGs
[2026-09-03T18:40:02.496+0000] {logging_mixin.py:188} INFO - [2026-09-03T18:40:02.495+0000] {dag.py:3823} INFO - Setting next_dagrun for air_quality_pipeline to 2026-09-03 18:05:00+00:00, run_after=2026-09-03 19:05:00+00:00
[2026-09-03T18:40:02.594+0000] {processor.py:183} INFO - Processing /opt/airflow/dags/spark_pipeline_dag.py took 0.541 seconds
[2026-09-03T18:40:32.678+0000] {processor.py:161} INFO - Started process (PID=49486) to work on /opt/airflow/dags/spark_pipeline_dag.py
[2026-09-03T18:40:32.680+0000] {processor.py:830} INFO - Processing file /opt/airflow/dags/spark_pipeline_dag.py for tasks to queue
[2026-09-03T18:40:32.681+0000] {logging_mixin.py:188} INFO - [2026-09-03T18:40:32.680+0000] {dagbag.py:538} INFO - Filling up the DagBag from /opt/airflow/dags/spark_pipeline_dag.py
[2026-09-03T18:40:32.709+0000] {processor.py:840} INFO - DAG(s) 'air_quality_pipeline' retrieved from /opt/airflow/dags/spark_pipeline_dag.py
[2026-09-03T18:40:32.729+0000] {logging_mixin.py:188} INFO - [2026-09-03T18:40:32.729+0000] {dag.py:3036} INFO - Sync 1 DAGs
[2026-09-03T18:40:32.757+0000] {logging_mixin.py:188} INFO - [2026-09-03T18:40:32.756+0000] {dag.py:3823} INFO - Setting next_dagrun for air_quality_pipeline to 2026-09-03 18:05:00+00:00, run_after=2026-09-03 19:05:00+00:00
[2026-09-03T18:40:32.781+0000] {processor.py:183} INFO - Processing /opt/airflow/dags/spark_pipeline_dag.py took 0.107 seconds
[2026-09-03T18:41:03.108+0000] {processor.py:161} INFO - Started process (PID=49496) to work on /opt/airflow/dags/spark_pipeline_dag.py
[2026-09-03T18:41:03.113+0000] {processor.py:830} INFO - Processing file /opt/airflow/dags/spark_pipeline_dag.py for tasks to queue
[2026-09-03T18:41:03.115+0000] {logging_mixin.py:188} INFO - [2026-09-03T18:41:03.114+0000] {dagbag.py:538} INFO - Filling up the DagBag from /opt/airflow/dags/spark_pipeline_dag.py
[2026-09-03T18:41:03.137+0000] {processor.py:840} INFO - DAG(s) 'air_quality_pipeline' retrieved from /opt/airflow/dags/spark_pipeline_dag.py
[2026-09-03T18:41:03.160+0000] {logging_mixin.py:188} INFO - [2026-09-03T18:41:03.159+0000] {dag.py:3036} INFO - Sync 1 DAGs
[2026-09-03T18:41:03.185+0000] {logging_mixin.py:188} INFO - [2026-09-03T18:41:03.185+0000] {dag.py:3823} INFO - Setting next_dagrun for air_quality_pipeline to 2026-09-03 18:05:00+00:00, run_after=2026-09-03 19:05:00+00:00
[2026-09-03T18:41:03.234+0000] {processor.py:183} INFO - Processing /opt/airflow/dags/spark_pipeline_dag.py took 0.128 seconds
[2026-09-03T18:41:33.565+0000] {processor.py:161} INFO - Started process (PID=49506) to work on /opt/airflow/dags/spark_pipeline_dag.py
[2026-09-03T18:41:33.567+0000] {processor.py:830} INFO - Processing file /opt/airflow/dags/spark_pipeline_dag.py for tasks to queue
[2026-09-03T18:41:33.568+0000] {logging_mixin.py:188} INFO - [2026-09-03T18:41:33.568+0000] {dagbag.py:538} INFO - Filling up the DagBag from /opt/airflow/dags/spark_pipeline_dag.py
[2026-09-03T18:41:33.595+0000] {processor.py:840} INFO - DAG(s) 'air_quality_pipeline' retrieved from /opt/airflow/dags/spark_pipeline_dag.py
[2026-09-03T18:41:33.619+0000] {logging_mixin.py:188} INFO - [2026-09-03T18:41:33.619+0000] {dag.py:3036} INFO - Sync 1 DAGs
[2026-09-03T18:41:33.645+0000] {logging_mixin.py:188} INFO - [2026-09-03T18:41:33.645+0000] {dag.py:3823} INFO - Setting next_dagrun for air_quality_pipeline to 2026-09-03 18:05:00+00:00, run_after=2026-09-03 19:05:00+00:00
[2026-09-03T18:41:33.689+0000] {processor.py:183} INFO - Processing /opt/airflow/dags/spark_pipeline_dag.py took 0.127 seconds
[2026-09-03T18:42:04.009+0000] {processor.py:161} INFO - Started process (PID=49516) to work on /opt/airflow/dags/spark_pipeline_dag.py
[2026-09-03T18:42:04.010+0000] {processor.py:830} INFO - Processing file /opt/airflow/dags/spark_pipeline_dag.py for tasks to queue
[2026-09-03T18:42:04.011+0000] {logging_mixin.py:188} INFO - [2026-09-03T18:42:04.011+0000] {dagbag.py:538} INFO - Filling up the DagBag from /opt/airflow/dags/spark_pipeline_dag.py
[2026-09-03T18:42:04.031+0000] {processor.py:840} INFO - DAG(s) 'air_quality_pipeline' retrieved from /opt/airflow/dags/spark_pipeline_dag.py
[2026-09-03T18:42:04.052+0000] {logging_mixin.py:188} INFO - [2026-09-03T18:42:04.052+0000] {dag.py:3036} INFO - Sync 1 DAGs
[2026-09-03T18:42:04.071+0000] {logging_mixin.py:188} INFO - [2026-09-03T18:42:04.071+0000] {dag.py:3823} INFO - Setting next_dagrun for air_quality_pipeline to 2026-09-03 18:05:00+00:00, run_after=2026-09-03 19:05:00+00:00
[2026-09-03T18:42:04.088+0000] {processor.py:183} INFO - Processing /opt/airflow/dags/spark_pipeline_dag.py took 0.083 seconds
[2026-09-03T18:42:34.398+0000] {processor.py:161} INFO - Started process (PID=49526) to work on /opt/airflow/dags/spark_pipeline_dag.py
[2026-09-03T18:42:34.399+0000] {processor.py:830} INFO - Processing file /opt/airflow/dags/spark_pipeline_dag.py for tasks to queue
[2026-09-03T18:42:34.400+0000] {logging_mixin.py:188} INFO - [2026-09-03T18:42:34.400+0000] {dagbag.py:538} INFO - Filling up the DagBag from /opt/airflow/dags/spark_pipeline_dag.py
[2026-09-03T18:42:34.415+0000] {processor.py:840} INFO - DAG(s) 'air_quality_pipeline' retrieved from /opt/airflow/dags/spark_pipeline_dag.py
[2026-09-03T18:42:34.439+0000] {logging_mixin.py:188} INFO - [2026-09-03T18:42:34.439+0000] {dag.py:3036} INFO - Sync 1 DAGs
[2026-09-03T18:42:34.592+0000] {logging_mixin.py:188} INFO - [2026-09-03T18:42:34.592+0000] {dag.py:3823} INFO - Setting next_dagrun for air_quality_pipeline to 2026-09-03 18:05:00+00:00, run_after=2026-09-03 19:05:00+00:00
[2026-09-03T18:42:34.635+0000] {processor.py:183} INFO - Processing /opt/airflow/dags/spark_pipeline_dag.py took 0.241 seconds
[2026-09-03T18:43:04.988+0000] {processor.py:161} INFO - Started process (PID=49536) to work on /opt/airflow/dags/spark_pipeline_dag.py
[2026-09-03T18:43:04.990+0000] {processor.py:830} INFO - Processing file /opt/airflow/dags/spark_pipeline_dag.py for tasks to queue
[2026-09-03T18:43:04.991+0000] {logging_mixin.py:188} INFO - [2026-09-03T18:43:04.990+0000] {dagbag.py:538} INFO - Filling up the DagBag from /opt/airflow/dags/spark_pipeline_dag.py
[2026-09-03T18:43:05.012+0000] {processor.py:840} INFO - DAG(s) 'air_quality_pipeline' retrieved from /opt/airflow/dags/spark_pipeline_dag.py
[2026-09-03T18:43:05.036+0000] {logging_mixin.py:188} INFO - [2026-09-03T18:43:05.036+0000] {dag.py:3036} INFO - Sync 1 DAGs
[2026-09-03T18:43:05.054+0000] {logging_mixin.py:188} INFO - [2026-09-03T18:43:05.054+0000] {dag.py:3823} INFO - Setting next_dagrun for air_quality_pipeline to 2026-09-03 18:05:00+00:00, run_after=2026-09-03 19:05:00+00:00
[2026-09-03T18:43:05.088+0000] {processor.py:183} INFO - Processing /opt/airflow/dags/spark_pipeline_dag.py took 0.103 seconds
[2026-09-03T18:43:35.472+0000] {processor.py:161} INFO - Started process (PID=49546) to work on /opt/airflow/dags/spark_pipeline_dag.py
[2026-09-03T18:43:35.474+0000] {processor.py:830} INFO - Processing file /opt/airflow/dags/spark_pipeline_dag.py for tasks to queue
[2026-09-03T18:43:35.475+0000] {logging_mixin.py:188} INFO - [2026-09-03T18:43:35.475+0000] {dagbag.py:538} INFO - Filling up the DagBag from /opt/airflow/dags/spark_pipeline_dag.py
[2026-09-03T18:43:35.492+0000] {processor.py:840} INFO - DAG(s) 'air_quality_pipeline' retrieved from /opt/airflow/dags/spark_pipeline_dag.py
[2026-09-03T18:43:35.515+0000] {logging_mixin.py:188} INFO - [2026-09-03T18:43:35.515+0000] {dag.py:3036} INFO - Sync 1 DAGs
[2026-09-03T18:43:35.534+0000] {logging_mixin.py:188} INFO - [2026-09-03T18:43:35.534+0000] {dag.py:3823} INFO - Setting next_dagrun for air_quality_pipeline to 2026-09-03 18:05:00+00:00, run_after=2026-09-03 19:05:00+00:00
[2026-09-03T18:43:35.550+0000] {processor.py:183} INFO - Processing /opt/airflow/dags/spark_pipeline_dag.py took 0.081 seconds
[2026-09-03T18:44:05.963+0000] {processor.py:161} INFO - Started process (PID=49556) to work on /opt/airflow/dags/spark_pipeline_dag.py
[2026-09-03T18:44:05.967+0000] {processor.py:830} INFO - Processing file /opt/airflow/dags/spark_pipeline_dag.py for tasks to queue
[2026-09-03T18:44:05.968+0000] {logging_mixin.py:188} INFO - [2026-09-03T18:44:05.968+0000] {dagbag.py:538} INFO - Filling up the DagBag from /opt/airflow/dags/spark_pipeline_dag.py
[2026-09-03T18:44:05.987+0000] {processor.py:840} INFO - DAG(s) 'air_quality_pipeline' retrieved from /opt/airflow/dags/spark_pipeline_dag.py
[2026-09-03T18:44:06.009+0000] {logging_mixin.py:188} INFO - [2026-09-03T18:44:06.009+0000] {dag.py:3036} INFO - Sync 1 DAGs
[2026-09-03T18:44:06.036+0000] {logging_mixin.py:188} INFO - [2026-09-03T18:44:06.032+0000] {dag.py:3823} INFO - Setting next_dagrun for air_quality_pipeline to 2026-09-03 18:05:00+00:00, run_after=2026-09-03 19:05:00+00:00
[2026-09-03T18:44:06.071+0000] {processor.py:183} INFO - Processing /opt/airflow/dags/spark_pipeline_dag.py took 0.111 seconds
[2026-09-03T18:44:36.450+0000] {processor.py:161} INFO - Started process (PID=49566) to work on /opt/airflow/dags/spark_pipeline_dag.py
[2026-09-03T18:44:36.451+0000] {processor.py:830} INFO - Processing file /opt/airflow/dags/spark_pipeline_dag.py for tasks to queue
[2026-09-03T18:44:36.452+0000] {logging_mixin.py:188} INFO - [2026-09-03T18:44:36.452+0000] {dagbag.py:538} INFO - Filling up the DagBag from /opt/airflow/dags/spark_pipeline_dag.py
[2026-09-03T18:44:36.480+0000] {processor.py:840} INFO - DAG(s) 'air_quality_pipeline' retrieved from /opt/airflow/dags/spark_pipeline_dag.py
[2026-09-03T18:44:36.504+0000] {logging_mixin.py:188} INFO - [2026-09-03T18:44:36.503+0000] {dag.py:3036} INFO - Sync 1 DAGs
[2026-09-03T18:44:36.675+0000] {logging_mixin.py:188} INFO - [2026-09-03T18:44:36.675+0000] {dag.py:3823} INFO - Setting next_dagrun for air_quality_pipeline to 2026-09-03 18:05:00+00:00, run_after=2026-09-03 19:05:00+00:00
[2026-09-03T18:44:36.721+0000] {processor.py:183} INFO - Processing /opt/airflow/dags/spark_pipeline_dag.py took 0.274 seconds
[2026-09-03T18:45:07.053+0000] {processor.py:161} INFO - Started process (PID=49576) to work on /opt/airflow/dags/spark_pipeline_dag.py
[2026-09-03T18:45:07.054+0000] {processor.py:830} INFO - Processing file /opt/airflow/dags/spark_pipeline_dag.py for tasks to queue
[2026-09-03T18:45:07.055+0000] {logging_mixin.py:188} INFO - [2026-09-03T18:45:07.055+0000] {dagbag.py:538} INFO - Filling up the DagBag from /opt/airflow/dags/spark_pipeline_dag.py
[2026-09-03T18:45:07.080+0000] {processor.py:840} INFO - DAG(s) 'air_quality_pipeline' retrieved from /opt/airflow/dags/spark_pipeline_dag.py
[2026-09-03T18:45:07.100+0000] {logging_mixin.py:188} INFO - [2026-09-03T18:45:07.100+0000] {dag.py:3036} INFO - Sync 1 DAGs
[2026-09-03T18:45:07.127+0000] {logging_mixin.py:188} INFO - [2026-09-03T18:45:07.127+0000] {dag.py:3823} INFO - Setting next_dagrun for air_quality_pipeline to 2026-09-03 18:05:00+00:00, run_after=2026-09-03 19:05:00+00:00
[2026-09-03T18:45:07.150+0000] {processor.py:183} INFO - Processing /opt/airflow/dags/spark_pipeline_dag.py took 0.101 seconds
[2026-09-03T18:45:37.489+0000] {processor.py:161} INFO - Started process (PID=49586) to work on /opt/airflow/dags/spark_pipeline_dag.py
[2026-09-03T18:45:37.490+0000] {processor.py:830} INFO - Processing file /opt/airflow/dags/spark_pipeline_dag.py for tasks to queue
[2026-09-03T18:45:37.491+0000] {logging_mixin.py:188} INFO - [2026-09-03T18:45:37.491+0000] {dagbag.py:538} INFO - Filling up the DagBag from /opt/airflow/dags/spark_pipeline_dag.py
[2026-09-03T18:45:37.510+0000] {processor.py:840} INFO - DAG(s) 'air_quality_pipeline' retrieved from /opt/airflow/dags/spark_pipeline_dag.py
[2026-09-03T18:45:37.530+0000] {logging_mixin.py:188} INFO - [2026-09-03T18:45:37.530+0000] {dag.py:3036} INFO - Sync 1 DAGs
[2026-09-03T18:45:37.552+0000] {logging_mixin.py:188} INFO - [2026-09-03T18:45:37.552+0000] {dag.py:3823} INFO - Setting next_dagrun for air_quality_pipeline to 2026-09-03 18:05:00+00:00, run_after=2026-09-03 19:05:00+00:00
[2026-09-03T18:45:37.569+0000] {processor.py:183} INFO - Processing /opt/airflow/dags/spark_pipeline_dag.py took 0.083 seconds
[2026-09-03T18:46:07.976+0000] {processor.py:161} INFO - Started process (PID=49596) to work on /opt/airflow/dags/spark_pipeline_dag.py
[2026-09-03T18:46:07.978+0000] {processor.py:830} INFO - Processing file /opt/airflow/dags/spark_pipeline_dag.py for tasks to queue
[2026-09-03T18:46:07.979+0000] {logging_mixin.py:188} INFO - [2026-09-03T18:46:07.978+0000] {dagbag.py:538} INFO - Filling up the DagBag from /opt/airflow/dags/spark_pipeline_dag.py
[2026-09-03T18:46:07.999+0000] {processor.py:840} INFO - DAG(s) 'air_quality_pipeline' retrieved from /opt/airflow/dags/spark_pipeline_dag.py
[2026-09-03T18:46:08.018+0000] {logging_mixin.py:188} INFO - [2026-09-03T18:46:08.017+0000] {dag.py:3036} INFO - Sync 1 DAGs
[2026-09-03T18:46:08.036+0000] {logging_mixin.py:188} INFO - [2026-09-03T18:46:08.036+0000] {dag.py:3823} INFO - Setting next_dagrun for air_quality_pipeline to 2026-09-03 18:05:00+00:00, run_after=2026-09-03 19:05:00+00:00
[2026-09-03T18:46:08.080+0000] {processor.py:183} INFO - Processing /opt/airflow/dags/spark_pipeline_dag.py took 0.108 seconds
[2026-09-03T18:46:38.497+0000] {processor.py:161} INFO - Started process (PID=49606) to work on /opt/airflow/dags/spark_pipeline_dag.py
[2026-09-03T18:46:38.498+0000] {processor.py:830} INFO - Processing file /opt/airflow/dags/spark_pipeline_dag.py for tasks to queue
[2026-09-03T18:46:38.499+0000] {logging_mixin.py:188} INFO - [2026-09-03T18:46:38.499+0000] {dagbag.py:538} INFO - Filling up the DagBag from /opt/airflow/dags/spark_pipeline_dag.py
[2026-09-03T18:46:38.526+0000] {processor.py:840} INFO - DAG(s) 'air_quality_pipeline' retrieved from /opt/airflow/dags/spark_pipeline_dag.py
[2026-09-03T18:46:38.549+0000] {logging_mixin.py:188} INFO - [2026-09-03T18:46:38.548+0000] {dag.py:3036} INFO - Sync 1 DAGs
[2026-09-03T18:46:38.697+0000] {logging_mixin.py:188} INFO - [2026-09-03T18:46:38.697+0000] {dag.py:3823} INFO - Setting next_dagrun for air_quality_pipeline to 2026-09-03 18:05:00+00:00, run_after=2026-09-03 19:05:00+00:00
[2026-09-03T18:46:38.712+0000] {processor.py:183} INFO - Processing /opt/airflow/dags/spark_pipeline_dag.py took 0.219 seconds
[2026-09-03T18:47:09.107+0000] {processor.py:161} INFO - Started process (PID=49616) to work on /opt/airflow/dags/spark_pipeline_dag.py
[2026-09-03T18:47:09.108+0000] {processor.py:830} INFO - Processing file /opt/airflow/dags/spark_pipeline_dag.py for tasks to queue
[2026-09-03T18:47:09.109+0000] {logging_mixin.py:188} INFO - [2026-09-03T18:47:09.109+0000] {dagbag.py:538} INFO - Filling up the DagBag from /opt/airflow/dags/spark_pipeline_dag.py
[2026-09-03T18:47:09.132+0000] {processor.py:840} INFO - DAG(s) 'air_quality_pipeline' retrieved from /opt/airflow/dags/spark_pipeline_dag.py
[2026-09-03T18:47:09.155+0000] {logging_mixin.py:188} INFO - [2026-09-03T18:47:09.155+0000] {dag.py:3036} INFO - Sync 1 DAGs
[2026-09-03T18:47:09.179+0000] {logging_mixin.py:188} INFO - [2026-09-03T18:47:09.179+0000] {dag.py:3823} INFO - Setting next_dagrun for air_quality_pipeline to 2026-09-03 18:05:00+00:00, run_after=2026-09-03 19:05:00+00:00
[2026-09-03T18:47:09.221+0000] {processor.py:183} INFO - Processing /opt/airflow/dags/spark_pipeline_dag.py took 0.119 seconds
[2026-09-03T18:47:39.606+0000] {processor.py:161} INFO - Started process (PID=49626) to work on /opt/airflow/dags/spark_pipeline_dag.py
[2026-09-03T18:47:39.608+0000] {processor.py:830} INFO - Processing file /opt/airflow/dags/spark_pipeline_dag.py for tasks to queue
[2026-09-03T18:47:39.609+0000] {logging_mixin.py:188} INFO - [2026-09-03T18:47:39.609+0000] {dagbag.py:538} INFO - Filling up the DagBag from /opt/airflow/dags/spark_pipeline_dag.py
[2026-09-03T18:47:39.629+0000] {processor.py:840} INFO - DAG(s) 'air_quality_pipeline' retrieved from /opt/airflow/dags/spark_pipeline_dag.py
[2026-09-03T18:47:39.653+0000] {logging_mixin.py:188} INFO - [2026-09-03T18:47:39.652+0000] {dag.py:3036} INFO - Sync 1 DAGs
[2026-09-03T18:47:39.673+0000] {logging_mixin.py:188} INFO - [2026-09-03T18:47:39.673+0000] {dag.py:3823} INFO - Setting next_dagrun for air_quality_pipeline to 2026-09-03 18:05:00+00:00, run_after=2026-09-03 19:05:00+00:00
[2026-09-03T18:47:39.718+0000] {processor.py:183} INFO - Processing /opt/airflow/dags/spark_pipeline_dag.py took 0.115 seconds
[2026-09-03T18:48:10.118+0000] {processor.py:161} INFO - Started process (PID=49636) to work on /opt/airflow/dags/spark_pipeline_dag.py
[2026-09-03T18:48:10.119+0000] {processor.py:830} INFO - Processing file /opt/airflow/dags/spark_pipeline_dag.py for tasks to queue
[2026-09-03T18:48:10.119+0000] {logging_mixin.py:188} INFO - [2026-09-03T18:48:10.119+0000] {dagbag.py:538} INFO - Filling up the DagBag from /opt/airflow/dags/spark_pipeline_dag.py
[2026-09-03T18:48:10.136+0000] {processor.py:840} INFO - DAG(s) 'air_quality_pipeline' retrieved from /opt/airflow/dags/spark_pipeline_dag.py
[2026-09-03T18:48:10.154+0000] {logging_mixin.py:188} INFO - [2026-09-03T18:48:10.153+0000] {dag.py:3036} INFO - Sync 1 DAGs
[2026-09-03T18:48:10.170+0000] {logging_mixin.py:188} INFO - [2026-09-03T18:48:10.170+0000] {dag.py:3823} INFO - Setting next_dagrun for air_quality_pipeline to 2026-09-03 18:05:00+00:00, run_after=2026-09-03 19:05:00+00:00
[2026-09-03T18:48:10.211+0000] {processor.py:183} INFO - Processing /opt/airflow/dags/spark_pipeline_dag.py took 0.096 seconds
[2026-09-03T18:48:40.540+0000] {processor.py:161} INFO - Started process (PID=49646) to work on /opt/airflow/dags/spark_pipeline_dag.py
[2026-09-03T18:48:40.545+0000] {processor.py:830} INFO - Processing file /opt/airflow/dags/spark_pipeline_dag.py for tasks to queue
[2026-09-03T18:48:40.548+0000] {logging_mixin.py:188} INFO - [2026-09-03T18:48:40.547+0000] {dagbag.py:538} INFO - Filling up the DagBag from /opt/airflow/dags/spark_pipeline_dag.py
[2026-09-03T18:48:40.578+0000] {processor.py:840} INFO - DAG(s) 'air_quality_pipeline' retrieved from /opt/airflow/dags/spark_pipeline_dag.py
[2026-09-03T18:48:40.619+0000] {logging_mixin.py:188} INFO - [2026-09-03T18:48:40.619+0000] {dag.py:3036} INFO - Sync 1 DAGs
[2026-09-03T18:48:40.839+0000] {logging_mixin.py:188} INFO - [2026-09-03T18:48:40.839+0000] {dag.py:3823} INFO - Setting next_dagrun for air_quality_pipeline to 2026-09-03 18:05:00+00:00, run_after=2026-09-03 19:05:00+00:00
[2026-09-03T18:48:40.874+0000] {processor.py:183} INFO - Processing /opt/airflow/dags/spark_pipeline_dag.py took 0.346 seconds
[2026-09-03T18:49:11.251+0000] {processor.py:161} INFO - Started process (PID=49656) to work on /opt/airflow/dags/spark_pipeline_dag.py
[2026-09-03T18:49:11.253+0000] {processor.py:830} INFO - Processing file /opt/airflow/dags/spark_pipeline_dag.py for tasks to queue
[2026-09-03T18:49:11.253+0000] {logging_mixin.py:188} INFO - [2026-09-03T18:49:11.253+0000] {dagbag.py:538} INFO - Filling up the DagBag from /opt/airflow/dags/spark_pipeline_dag.py
[2026-09-03T18:49:11.281+0000] {processor.py:840} INFO - DAG(s) 'air_quality_pipeline' retrieved from /opt/airflow/dags/spark_pipeline_dag.py
[2026-09-03T18:49:11.467+0000] {logging_mixin.py:188} INFO - [2026-09-03T18:49:11.467+0000] {dag.py:3036} INFO - Sync 1 DAGs
[2026-09-03T18:49:11.499+0000] {logging_mixin.py:188} INFO - [2026-09-03T18:49:11.498+0000] {dag.py:3823} INFO - Setting next_dagrun for air_quality_pipeline to 2026-09-03 18:05:00+00:00, run_after=2026-09-03 19:05:00+00:00
[2026-09-03T18:49:11.534+0000] {processor.py:183} INFO - Processing /opt/airflow/dags/spark_pipeline_dag.py took 0.286 seconds
[2026-09-03T18:49:41.968+0000] {processor.py:161} INFO - Started process (PID=49666) to work on /opt/airflow/dags/spark_pipeline_dag.py
[2026-09-03T18:49:41.969+0000] {processor.py:830} INFO - Processing file /opt/airflow/dags/spark_pipeline_dag.py for tasks to queue
[2026-09-03T18:49:41.970+0000] {logging_mixin.py:188} INFO - [2026-09-03T18:49:41.970+0000] {dagbag.py:538} INFO - Filling up the DagBag from /opt/airflow/dags/spark_pipeline_dag.py
[2026-09-03T18:49:42.011+0000] {processor.py:840} INFO - DAG(s) 'air_quality_pipeline' retrieved from /opt/airflow/dags/spark_pipeline_dag.py
[2026-09-03T18:49:42.051+0000] {logging_mixin.py:188} INFO - [2026-09-03T18:49:42.051+0000] {dag.py:3036} INFO - Sync 1 DAGs
[2026-09-03T18:49:42.082+0000] {logging_mixin.py:188} INFO - [2026-09-03T18:49:42.082+0000] {dag.py:3823} INFO - Setting next_dagrun for air_quality_pipeline to 2026-09-03 18:05:00+00:00, run_after=2026-09-03 19:05:00+00:00
[2026-09-03T18:49:42.107+0000] {processor.py:183} INFO - Processing /opt/airflow/dags/spark_pipeline_dag.py took 0.142 seconds
[2026-09-03T18:50:12.477+0000] {processor.py:161} INFO - Started process (PID=49676) to work on /opt/airflow/dags/spark_pipeline_dag.py
[2026-09-03T18:50:12.479+0000] {processor.py:830} INFO - Processing file /opt/airflow/dags/spark_pipeline_dag.py for tasks to queue
[2026-09-03T18:50:12.480+0000] {logging_mixin.py:188} INFO - [2026-09-03T18:50:12.480+0000] {dagbag.py:538} INFO - Filling up the DagBag from /opt/airflow/dags/spark_pipeline_dag.py
[2026-09-03T18:50:12.518+0000] {processor.py:840} INFO - DAG(s) 'air_quality_pipeline' retrieved from /opt/airflow/dags/spark_pipeline_dag.py
[2026-09-03T18:50:12.543+0000] {logging_mixin.py:188} INFO - [2026-09-03T18:50:12.543+0000] {dag.py:3036} INFO - Sync 1 DAGs
[2026-09-03T18:50:12.570+0000] {logging_mixin.py:188} INFO - [2026-09-03T18:50:12.570+0000] {dag.py:3823} INFO - Setting next_dagrun for air_quality_pipeline to 2026-09-03 18:05:00+00:00, run_after=2026-09-03 19:05:00+00:00
[2026-09-03T18:50:12.619+0000] {processor.py:183} INFO - Processing /opt/airflow/dags/spark_pipeline_dag.py took 0.146 seconds
[2026-09-03T18:50:42.952+0000] {processor.py:161} INFO - Started process (PID=49686) to work on /opt/airflow/dags/spark_pipeline_dag.py
[2026-09-03T18:50:42.954+0000] {processor.py:830} INFO - Processing file /opt/airflow/dags/spark_pipeline_dag.py for tasks to queue
[2026-09-03T18:50:42.954+0000] {logging_mixin.py:188} INFO - [2026-09-03T18:50:42.954+0000] {dagbag.py:538} INFO - Filling up the DagBag from /opt/airflow/dags/spark_pipeline_dag.py
[2026-09-03T18:50:42.978+0000] {processor.py:840} INFO - DAG(s) 'air_quality_pipeline' retrieved from /opt/airflow/dags/spark_pipeline_dag.py
[2026-09-03T18:50:43.000+0000] {logging_mixin.py:188} INFO - [2026-09-03T18:50:43.000+0000] {dag.py:3036} INFO - Sync 1 DAGs
[2026-09-03T18:50:43.028+0000] {logging_mixin.py:188} INFO - [2026-09-03T18:50:43.028+0000] {dag.py:3823} INFO - Setting next_dagrun for air_quality_pipeline to 2026-09-03 18:05:00+00:00, run_after=2026-09-03 19:05:00+00:00
[2026-09-03T18:50:43.081+0000] {processor.py:183} INFO - Processing /opt/airflow/dags/spark_pipeline_dag.py took 0.135 seconds
[2026-09-03T18:51:13.451+0000] {processor.py:161} INFO - Started process (PID=49696) to work on /opt/airflow/dags/spark_pipeline_dag.py
[2026-09-03T18:51:13.452+0000] {processor.py:830} INFO - Processing file /opt/airflow/dags/spark_pipeline_dag.py for tasks to queue
[2026-09-03T18:51:13.455+0000] {logging_mixin.py:188} INFO - [2026-09-03T18:51:13.454+0000] {dagbag.py:538} INFO - Filling up the DagBag from /opt/airflow/dags/spark_pipeline_dag.py
[2026-09-03T18:51:13.498+0000] {processor.py:840} INFO - DAG(s) 'air_quality_pipeline' retrieved from /opt/airflow/dags/spark_pipeline_dag.py
[2026-09-03T18:51:13.524+0000] {logging_mixin.py:188} INFO - [2026-09-03T18:51:13.524+0000] {dag.py:3036} INFO - Sync 1 DAGs
[2026-09-03T18:51:13.553+0000] {logging_mixin.py:188} INFO - [2026-09-03T18:51:13.553+0000] {dag.py:3823} INFO - Setting next_dagrun for air_quality_pipeline to 2026-09-03 18:05:00+00:00, run_after=2026-09-03 19:05:00+00:00
[2026-09-03T18:51:13.606+0000] {processor.py:183} INFO - Processing /opt/airflow/dags/spark_pipeline_dag.py took 0.158 seconds
[2026-09-03T18:51:43.969+0000] {processor.py:161} INFO - Started process (PID=49706) to work on /opt/airflow/dags/spark_pipeline_dag.py
[2026-09-03T18:51:43.978+0000] {processor.py:830} INFO - Processing file /opt/airflow/dags/spark_pipeline_dag.py for tasks to queue
[2026-09-03T18:51:43.982+0000] {logging_mixin.py:188} INFO - [2026-09-03T18:51:43.981+0000] {dagbag.py:538} INFO - Filling up the DagBag from /opt/airflow/dags/spark_pipeline_dag.py
[2026-09-03T18:51:44.037+0000] {processor.py:840} INFO - DAG(s) 'air_quality_pipeline' retrieved from /opt/airflow/dags/spark_pipeline_dag.py
[2026-09-03T18:51:44.075+0000] {logging_mixin.py:188} INFO - [2026-09-03T18:51:44.075+0000] {dag.py:3036} INFO - Sync 1 DAGs
[2026-09-03T18:51:44.109+0000] {logging_mixin.py:188} INFO - [2026-09-03T18:51:44.109+0000] {dag.py:3823} INFO - Setting next_dagrun for air_quality_pipeline to 2026-09-03 18:05:00+00:00, run_after=2026-09-03 19:05:00+00:00
[2026-09-03T18:51:44.152+0000] {processor.py:183} INFO - Processing /opt/airflow/dags/spark_pipeline_dag.py took 0.186 seconds
[2026-09-03T18:52:14.606+0000] {processor.py:161} INFO - Started process (PID=49716) to work on /opt/airflow/dags/spark_pipeline_dag.py
[2026-09-03T18:52:14.607+0000] {processor.py:830} INFO - Processing file /opt/airflow/dags/spark_pipeline_dag.py for tasks to queue
[2026-09-03T18:52:14.608+0000] {logging_mixin.py:188} INFO - [2026-09-03T18:52:14.608+0000] {dagbag.py:538} INFO - Filling up the DagBag from /opt/airflow/dags/spark_pipeline_dag.py
[2026-09-03T18:52:14.640+0000] {processor.py:840} INFO - DAG(s) 'air_quality_pipeline' retrieved from /opt/airflow/dags/spark_pipeline_dag.py
[2026-09-03T18:52:14.664+0000] {logging_mixin.py:188} INFO - [2026-09-03T18:52:14.664+0000] {dag.py:3036} INFO - Sync 1 DAGs
[2026-09-03T18:52:14.690+0000] {logging_mixin.py:188} INFO - [2026-09-03T18:52:14.690+0000] {dag.py:3823} INFO - Setting next_dagrun for air_quality_pipeline to 2026-09-03 18:05:00+00:00, run_after=2026-09-03 19:05:00+00:00
[2026-09-03T18:52:14.733+0000] {processor.py:183} INFO - Processing /opt/airflow/dags/spark_pipeline_dag.py took 0.133 seconds
[2026-09-03T19:52:50.288+0000] {processor.py:161} INFO - Started process (PID=49728) to work on /opt/airflow/dags/spark_pipeline_dag.py
[2026-09-03T19:52:50.310+0000] {processor.py:830} INFO - Processing file /opt/airflow/dags/spark_pipeline_dag.py for tasks to queue
[2026-09-03T19:52:50.328+0000] {logging_mixin.py:188} INFO - [2026-09-03T19:52:50.325+0000] {dagbag.py:538} INFO - Filling up the DagBag from /opt/airflow/dags/spark_pipeline_dag.py
[2026-09-03T19:52:50.610+0000] {processor.py:840} INFO - DAG(s) 'air_quality_pipeline' retrieved from /opt/airflow/dags/spark_pipeline_dag.py
[2026-09-03T19:52:50.766+0000] {logging_mixin.py:188} INFO - [2026-09-03T19:52:50.765+0000] {dag.py:3036} INFO - Sync 1 DAGs
[2026-09-03T19:52:51.039+0000] {logging_mixin.py:188} INFO - [2026-09-03T19:52:51.038+0000] {dag.py:3823} INFO - Setting next_dagrun for air_quality_pipeline to 2026-09-03 19:05:00+00:00, run_after=2026-09-03 20:05:00+00:00
[2026-09-03T19:52:51.168+0000] {processor.py:183} INFO - Processing /opt/airflow/dags/spark_pipeline_dag.py took 0.977 seconds
[2026-09-03T19:53:21.598+0000] {processor.py:161} INFO - Started process (PID=49742) to work on /opt/airflow/dags/spark_pipeline_dag.py
[2026-09-03T19:53:21.599+0000] {processor.py:830} INFO - Processing file /opt/airflow/dags/spark_pipeline_dag.py for tasks to queue
[2026-09-03T19:53:21.601+0000] {logging_mixin.py:188} INFO - [2026-09-03T19:53:21.600+0000] {dagbag.py:538} INFO - Filling up the DagBag from /opt/airflow/dags/spark_pipeline_dag.py
[2026-09-03T19:53:21.638+0000] {processor.py:840} INFO - DAG(s) 'air_quality_pipeline' retrieved from /opt/airflow/dags/spark_pipeline_dag.py
[2026-09-03T19:53:21.679+0000] {logging_mixin.py:188} INFO - [2026-09-03T19:53:21.679+0000] {dag.py:3036} INFO - Sync 1 DAGs
[2026-09-03T19:53:21.716+0000] {logging_mixin.py:188} INFO - [2026-09-03T19:53:21.716+0000] {dag.py:3823} INFO - Setting next_dagrun for air_quality_pipeline to 2026-09-03 19:05:00+00:00, run_after=2026-09-03 20:05:00+00:00
[2026-09-03T19:53:21.755+0000] {processor.py:183} INFO - Processing /opt/airflow/dags/spark_pipeline_dag.py took 0.164 seconds
[2026-09-03T19:53:52.265+0000] {processor.py:161} INFO - Started process (PID=49752) to work on /opt/airflow/dags/spark_pipeline_dag.py
[2026-09-03T19:53:52.267+0000] {processor.py:830} INFO - Processing file /opt/airflow/dags/spark_pipeline_dag.py for tasks to queue
[2026-09-03T19:53:52.270+0000] {logging_mixin.py:188} INFO - [2026-09-03T19:53:52.269+0000] {dagbag.py:538} INFO - Filling up the DagBag from /opt/airflow/dags/spark_pipeline_dag.py
[2026-09-03T19:53:52.315+0000] {processor.py:840} INFO - DAG(s) 'air_quality_pipeline' retrieved from /opt/airflow/dags/spark_pipeline_dag.py
[2026-09-03T19:53:52.361+0000] {logging_mixin.py:188} INFO - [2026-09-03T19:53:52.361+0000] {dag.py:3036} INFO - Sync 1 DAGs
[2026-09-03T19:53:52.408+0000] {logging_mixin.py:188} INFO - [2026-09-03T19:53:52.407+0000] {dag.py:3823} INFO - Setting next_dagrun for air_quality_pipeline to 2026-09-03 19:05:00+00:00, run_after=2026-09-03 20:05:00+00:00
[2026-09-03T19:53:52.449+0000] {processor.py:183} INFO - Processing /opt/airflow/dags/spark_pipeline_dag.py took 0.190 seconds
[2026-09-03T19:54:22.504+0000] {processor.py:161} INFO - Started process (PID=49762) to work on /opt/airflow/dags/spark_pipeline_dag.py
[2026-09-03T19:54:22.505+0000] {processor.py:830} INFO - Processing file /opt/airflow/dags/spark_pipeline_dag.py for tasks to queue
[2026-09-03T19:54:22.506+0000] {logging_mixin.py:188} INFO - [2026-09-03T19:54:22.506+0000] {dagbag.py:538} INFO - Filling up the DagBag from /opt/airflow/dags/spark_pipeline_dag.py
[2026-09-03T19:54:22.528+0000] {processor.py:840} INFO - DAG(s) 'air_quality_pipeline' retrieved from /opt/airflow/dags/spark_pipeline_dag.py
[2026-09-03T19:54:22.553+0000] {logging_mixin.py:188} INFO - [2026-09-03T19:54:22.553+0000] {dag.py:3036} INFO - Sync 1 DAGs
[2026-09-03T19:54:22.573+0000] {logging_mixin.py:188} INFO - [2026-09-03T19:54:22.573+0000] {dag.py:3823} INFO - Setting next_dagrun for air_quality_pipeline to 2026-09-03 19:05:00+00:00, run_after=2026-09-03 20:05:00+00:00
[2026-09-03T19:54:22.594+0000] {processor.py:183} INFO - Processing /opt/airflow/dags/spark_pipeline_dag.py took 0.094 seconds
[2026-09-03T19:54:52.834+0000] {processor.py:161} INFO - Started process (PID=49772) to work on /opt/airflow/dags/spark_pipeline_dag.py
[2026-09-03T19:54:52.836+0000] {processor.py:830} INFO - Processing file /opt/airflow/dags/spark_pipeline_dag.py for tasks to queue
[2026-09-03T19:54:52.837+0000] {logging_mixin.py:188} INFO - [2026-09-03T19:54:52.836+0000] {dagbag.py:538} INFO - Filling up the DagBag from /opt/airflow/dags/spark_pipeline_dag.py
[2026-09-03T19:54:52.862+0000] {processor.py:840} INFO - DAG(s) 'air_quality_pipeline' retrieved from /opt/airflow/dags/spark_pipeline_dag.py
[2026-09-03T19:54:52.883+0000] {logging_mixin.py:188} INFO - [2026-09-03T19:54:52.883+0000] {dag.py:3036} INFO - Sync 1 DAGs
[2026-09-03T19:54:52.905+0000] {logging_mixin.py:188} INFO - [2026-09-03T19:54:52.904+0000] {dag.py:3823} INFO - Setting next_dagrun for air_quality_pipeline to 2026-09-03 19:05:00+00:00, run_after=2026-09-03 20:05:00+00:00
[2026-09-03T19:54:52.926+0000] {processor.py:183} INFO - Processing /opt/airflow/dags/spark_pipeline_dag.py took 0.095 seconds
[2026-09-03T19:55:23.252+0000] {processor.py:161} INFO - Started process (PID=49782) to work on /opt/airflow/dags/spark_pipeline_dag.py
[2026-09-03T19:55:23.254+0000] {processor.py:830} INFO - Processing file /opt/airflow/dags/spark_pipeline_dag.py for tasks to queue
[2026-09-03T19:55:23.255+0000] {logging_mixin.py:188} INFO - [2026-09-03T19:55:23.255+0000] {dagbag.py:538} INFO - Filling up the DagBag from /opt/airflow/dags/spark_pipeline_dag.py
[2026-09-03T19:55:23.291+0000] {processor.py:840} INFO - DAG(s) 'air_quality_pipeline' retrieved from /opt/airflow/dags/spark_pipeline_dag.py
[2026-09-03T19:55:23.316+0000] {logging_mixin.py:188} INFO - [2026-09-03T19:55:23.316+0000] {dag.py:3036} INFO - Sync 1 DAGs
[2026-09-03T19:55:23.339+0000] {logging_mixin.py:188} INFO - [2026-09-03T19:55:23.339+0000] {dag.py:3823} INFO - Setting next_dagrun for air_quality_pipeline to 2026-09-03 19:05:00+00:00, run_after=2026-09-03 20:05:00+00:00
[2026-09-03T19:55:23.364+0000] {processor.py:183} INFO - Processing /opt/airflow/dags/spark_pipeline_dag.py took 0.116 seconds
[2026-09-03T19:55:53.757+0000] {processor.py:161} INFO - Started process (PID=49792) to work on /opt/airflow/dags/spark_pipeline_dag.py
[2026-09-03T19:55:53.758+0000] {processor.py:830} INFO - Processing file /opt/airflow/dags/spark_pipeline_dag.py for tasks to queue
[2026-09-03T19:55:53.759+0000] {logging_mixin.py:188} INFO - [2026-09-03T19:55:53.758+0000] {dagbag.py:538} INFO - Filling up the DagBag from /opt/airflow/dags/spark_pipeline_dag.py
[2026-09-03T19:55:53.774+0000] {processor.py:840} INFO - DAG(s) 'air_quality_pipeline' retrieved from /opt/airflow/dags/spark_pipeline_dag.py
[2026-09-03T19:55:53.789+0000] {logging_mixin.py:188} INFO - [2026-09-03T19:55:53.789+0000] {dag.py:3036} INFO - Sync 1 DAGs
[2026-09-03T19:55:53.805+0000] {logging_mixin.py:188} INFO - [2026-09-03T19:55:53.804+0000] {dag.py:3823} INFO - Setting next_dagrun for air_quality_pipeline to 2026-09-03 19:05:00+00:00, run_after=2026-09-03 20:05:00+00:00
[2026-09-03T19:55:53.840+0000] {processor.py:183} INFO - Processing /opt/airflow/dags/spark_pipeline_dag.py took 0.085 seconds
[2026-09-03T19:56:24.149+0000] {processor.py:161} INFO - Started process (PID=49802) to work on /opt/airflow/dags/spark_pipeline_dag.py
[2026-09-03T19:56:24.150+0000] {processor.py:830} INFO - Processing file /opt/airflow/dags/spark_pipeline_dag.py for tasks to queue
[2026-09-03T19:56:24.150+0000] {logging_mixin.py:188} INFO - [2026-09-03T19:56:24.150+0000] {dagbag.py:538} INFO - Filling up the DagBag from /opt/airflow/dags/spark_pipeline_dag.py
[2026-09-03T19:56:24.187+0000] {processor.py:840} INFO - DAG(s) 'air_quality_pipeline' retrieved from /opt/airflow/dags/spark_pipeline_dag.py
[2026-09-03T19:56:24.203+0000] {logging_mixin.py:188} INFO - [2026-09-03T19:56:24.203+0000] {dag.py:3036} INFO - Sync 1 DAGs
[2026-09-03T19:56:24.218+0000] {logging_mixin.py:188} INFO - [2026-09-03T19:56:24.218+0000] {dag.py:3823} INFO - Setting next_dagrun for air_quality_pipeline to 2026-09-03 19:05:00+00:00, run_after=2026-09-03 20:05:00+00:00
[2026-09-03T19:56:24.230+0000] {processor.py:183} INFO - Processing /opt/airflow/dags/spark_pipeline_dag.py took 0.084 seconds
[2026-09-03T19:56:54.575+0000] {processor.py:161} INFO - Started process (PID=49812) to work on /opt/airflow/dags/spark_pipeline_dag.py
[2026-09-03T19:56:54.576+0000] {processor.py:830} INFO - Processing file /opt/airflow/dags/spark_pipeline_dag.py for tasks to queue
[2026-09-03T19:56:54.578+0000] {logging_mixin.py:188} INFO - [2026-09-03T19:56:54.578+0000] {dagbag.py:538} INFO - Filling up the DagBag from /opt/airflow/dags/spark_pipeline_dag.py
[2026-09-03T19:56:54.609+0000] {processor.py:840} INFO - DAG(s) 'air_quality_pipeline' retrieved from /opt/airflow/dags/spark_pipeline_dag.py
[2026-09-03T19:56:54.636+0000] {logging_mixin.py:188} INFO - [2026-09-03T19:56:54.636+0000] {dag.py:3036} INFO - Sync 1 DAGs
[2026-09-03T19:56:54.655+0000] {logging_mixin.py:188} INFO - [2026-09-03T19:56:54.655+0000] {dag.py:3823} INFO - Setting next_dagrun for air_quality_pipeline to 2026-09-03 19:05:00+00:00, run_after=2026-09-03 20:05:00+00:00
[2026-09-03T19:56:54.692+0000] {processor.py:183} INFO - Processing /opt/airflow/dags/spark_pipeline_dag.py took 0.121 seconds
[2026-09-03T19:57:25.078+0000] {processor.py:161} INFO - Started process (PID=49822) to work on /opt/airflow/dags/spark_pipeline_dag.py
[2026-09-03T19:57:25.079+0000] {processor.py:830} INFO - Processing file /opt/airflow/dags/spark_pipeline_dag.py for tasks to queue
[2026-09-03T19:57:25.080+0000] {logging_mixin.py:188} INFO - [2026-09-03T19:57:25.080+0000] {dagbag.py:538} INFO - Filling up the DagBag from /opt/airflow/dags/spark_pipeline_dag.py
[2026-09-03T19:57:25.108+0000] {processor.py:840} INFO - DAG(s) 'air_quality_pipeline' retrieved from /opt/airflow/dags/spark_pipeline_dag.py
[2026-09-03T19:57:25.129+0000] {logging_mixin.py:188} INFO - [2026-09-03T19:57:25.129+0000] {dag.py:3036} INFO - Sync 1 DAGs
[2026-09-03T19:57:25.212+0000] {logging_mixin.py:188} INFO - [2026-09-03T19:57:25.212+0000] {dag.py:3823} INFO - Setting next_dagrun for air_quality_pipeline to 2026-09-03 19:05:00+00:00, run_after=2026-09-03 20:05:00+00:00
[2026-09-03T19:57:25.263+0000] {processor.py:183} INFO - Processing /opt/airflow/dags/spark_pipeline_dag.py took 0.187 seconds
[2026-09-03T19:57:55.651+0000] {processor.py:161} INFO - Started process (PID=49832) to work on /opt/airflow/dags/spark_pipeline_dag.py
[2026-09-03T19:57:55.652+0000] {processor.py:830} INFO - Processing file /opt/airflow/dags/spark_pipeline_dag.py for tasks to queue
[2026-09-03T19:57:55.653+0000] {logging_mixin.py:188} INFO - [2026-09-03T19:57:55.653+0000] {dagbag.py:538} INFO - Filling up the DagBag from /opt/airflow/dags/spark_pipeline_dag.py
[2026-09-03T19:57:55.671+0000] {processor.py:840} INFO - DAG(s) 'air_quality_pipeline' retrieved from /opt/airflow/dags/spark_pipeline_dag.py
[2026-09-03T19:57:55.693+0000] {logging_mixin.py:188} INFO - [2026-09-03T19:57:55.693+0000] {dag.py:3036} INFO - Sync 1 DAGs
[2026-09-03T19:57:55.712+0000] {logging_mixin.py:188} INFO - [2026-09-03T19:57:55.712+0000] {dag.py:3823} INFO - Setting next_dagrun for air_quality_pipeline to 2026-09-03 19:05:00+00:00, run_after=2026-09-03 20:05:00+00:00
[2026-09-03T19:57:55.752+0000] {processor.py:183} INFO - Processing /opt/airflow/dags/spark_pipeline_dag.py took 0.104 seconds
[2026-09-03T19:58:26.114+0000] {processor.py:161} INFO - Started process (PID=49842) to work on /opt/airflow/dags/spark_pipeline_dag.py
[2026-09-03T19:58:26.115+0000] {processor.py:830} INFO - Processing file /opt/airflow/dags/spark_pipeline_dag.py for tasks to queue
[2026-09-03T19:58:26.116+0000] {logging_mixin.py:188} INFO - [2026-09-03T19:58:26.116+0000] {dagbag.py:538} INFO - Filling up the DagBag from /opt/airflow/dags/spark_pipeline_dag.py
[2026-09-03T19:58:26.152+0000] {processor.py:840} INFO - DAG(s) 'air_quality_pipeline' retrieved from /opt/airflow/dags/spark_pipeline_dag.py
[2026-09-03T19:58:26.191+0000] {logging_mixin.py:188} INFO - [2026-09-03T19:58:26.190+0000] {dag.py:3036} INFO - Sync 1 DAGs
[2026-09-03T19:58:26.213+0000] {logging_mixin.py:188} INFO - [2026-09-03T19:58:26.213+0000] {dag.py:3823} INFO - Setting next_dagrun for air_quality_pipeline to 2026-09-03 19:05:00+00:00, run_after=2026-09-03 20:05:00+00:00
[2026-09-03T19:58:26.232+0000] {processor.py:183} INFO - Processing /opt/airflow/dags/spark_pipeline_dag.py took 0.121 seconds
[2026-09-03T19:58:56.560+0000] {processor.py:161} INFO - Started process (PID=49852) to work on /opt/airflow/dags/spark_pipeline_dag.py
[2026-09-03T19:58:56.561+0000] {processor.py:830} INFO - Processing file /opt/airflow/dags/spark_pipeline_dag.py for tasks to queue
[2026-09-03T19:58:56.563+0000] {logging_mixin.py:188} INFO - [2026-09-03T19:58:56.562+0000] {dagbag.py:538} INFO - Filling up the DagBag from /opt/airflow/dags/spark_pipeline_dag.py
[2026-09-03T19:58:56.591+0000] {processor.py:840} INFO - DAG(s) 'air_quality_pipeline' retrieved from /opt/airflow/dags/spark_pipeline_dag.py
[2026-09-03T19:58:56.607+0000] {logging_mixin.py:188} INFO - [2026-09-03T19:58:56.607+0000] {dag.py:3036} INFO - Sync 1 DAGs
[2026-09-03T19:58:56.622+0000] {logging_mixin.py:188} INFO - [2026-09-03T19:58:56.622+0000] {dag.py:3823} INFO - Setting next_dagrun for air_quality_pipeline to 2026-09-03 19:05:00+00:00, run_after=2026-09-03 20:05:00+00:00
[2026-09-03T19:58:56.661+0000] {processor.py:183} INFO - Processing /opt/airflow/dags/spark_pipeline_dag.py took 0.105 seconds
[2026-09-03T19:59:27.062+0000] {processor.py:161} INFO - Started process (PID=49862) to work on /opt/airflow/dags/spark_pipeline_dag.py
[2026-09-03T19:59:27.063+0000] {processor.py:830} INFO - Processing file /opt/airflow/dags/spark_pipeline_dag.py for tasks to queue
[2026-09-03T19:59:27.064+0000] {logging_mixin.py:188} INFO - [2026-09-03T19:59:27.064+0000] {dagbag.py:538} INFO - Filling up the DagBag from /opt/airflow/dags/spark_pipeline_dag.py
[2026-09-03T19:59:27.101+0000] {processor.py:840} INFO - DAG(s) 'air_quality_pipeline' retrieved from /opt/airflow/dags/spark_pipeline_dag.py
[2026-09-03T19:59:27.117+0000] {logging_mixin.py:188} INFO - [2026-09-03T19:59:27.117+0000] {dag.py:3036} INFO - Sync 1 DAGs
[2026-09-03T19:59:27.132+0000] {logging_mixin.py:188} INFO - [2026-09-03T19:59:27.132+0000] {dag.py:3823} INFO - Setting next_dagrun for air_quality_pipeline to 2026-09-03 19:05:00+00:00, run_after=2026-09-03 20:05:00+00:00
[2026-09-03T19:59:27.171+0000] {processor.py:183} INFO - Processing /opt/airflow/dags/spark_pipeline_dag.py took 0.111 seconds
[2026-09-03T19:59:57.468+0000] {processor.py:161} INFO - Started process (PID=49872) to work on /opt/airflow/dags/spark_pipeline_dag.py
[2026-09-03T19:59:57.469+0000] {processor.py:830} INFO - Processing file /opt/airflow/dags/spark_pipeline_dag.py for tasks to queue
[2026-09-03T19:59:57.470+0000] {logging_mixin.py:188} INFO - [2026-09-03T19:59:57.470+0000] {dagbag.py:538} INFO - Filling up the DagBag from /opt/airflow/dags/spark_pipeline_dag.py
[2026-09-03T19:59:57.487+0000] {processor.py:840} INFO - DAG(s) 'air_quality_pipeline' retrieved from /opt/airflow/dags/spark_pipeline_dag.py
[2026-09-03T19:59:57.505+0000] {logging_mixin.py:188} INFO - [2026-09-03T19:59:57.505+0000] {dag.py:3036} INFO - Sync 1 DAGs
[2026-09-03T19:59:57.537+0000] {logging_mixin.py:188} INFO - [2026-09-03T19:59:57.537+0000] {dag.py:3823} INFO - Setting next_dagrun for air_quality_pipeline to 2026-09-03 19:05:00+00:00, run_after=2026-09-03 20:05:00+00:00
[2026-09-03T19:59:57.574+0000] {processor.py:183} INFO - Processing /opt/airflow/dags/spark_pipeline_dag.py took 0.108 seconds
[2026-09-03T20:00:27.945+0000] {processor.py:161} INFO - Started process (PID=49884) to work on /opt/airflow/dags/spark_pipeline_dag.py
[2026-09-03T20:00:27.947+0000] {processor.py:830} INFO - Processing file /opt/airflow/dags/spark_pipeline_dag.py for tasks to queue
[2026-09-03T20:00:27.948+0000] {logging_mixin.py:188} INFO - [2026-09-03T20:00:27.948+0000] {dagbag.py:538} INFO - Filling up the DagBag from /opt/airflow/dags/spark_pipeline_dag.py
[2026-09-03T20:00:27.964+0000] {processor.py:840} INFO - DAG(s) 'air_quality_pipeline' retrieved from /opt/airflow/dags/spark_pipeline_dag.py
[2026-09-03T20:00:27.981+0000] {logging_mixin.py:188} INFO - [2026-09-03T20:00:27.980+0000] {dag.py:3036} INFO - Sync 1 DAGs
[2026-09-03T20:00:27.996+0000] {logging_mixin.py:188} INFO - [2026-09-03T20:00:27.996+0000] {dag.py:3823} INFO - Setting next_dagrun for air_quality_pipeline to 2026-09-03 19:05:00+00:00, run_after=2026-09-03 20:05:00+00:00
[2026-09-03T20:00:28.033+0000] {processor.py:183} INFO - Processing /opt/airflow/dags/spark_pipeline_dag.py took 0.090 seconds
[2026-09-03T20:00:58.520+0000] {processor.py:161} INFO - Started process (PID=49894) to work on /opt/airflow/dags/spark_pipeline_dag.py
[2026-09-03T20:00:58.522+0000] {processor.py:830} INFO - Processing file /opt/airflow/dags/spark_pipeline_dag.py for tasks to queue
[2026-09-03T20:00:58.524+0000] {logging_mixin.py:188} INFO - [2026-09-03T20:00:58.523+0000] {dagbag.py:538} INFO - Filling up the DagBag from /opt/airflow/dags/spark_pipeline_dag.py
[2026-09-03T20:00:58.544+0000] {processor.py:840} INFO - DAG(s) 'air_quality_pipeline' retrieved from /opt/airflow/dags/spark_pipeline_dag.py
[2026-09-03T20:00:58.571+0000] {logging_mixin.py:188} INFO - [2026-09-03T20:00:58.570+0000] {dag.py:3036} INFO - Sync 1 DAGs
[2026-09-03T20:00:58.599+0000] {logging_mixin.py:188} INFO - [2026-09-03T20:00:58.599+0000] {dag.py:3823} INFO - Setting next_dagrun for air_quality_pipeline to 2026-09-03 19:05:00+00:00, run_after=2026-09-03 20:05:00+00:00
[2026-09-03T20:00:58.615+0000] {processor.py:183} INFO - Processing /opt/airflow/dags/spark_pipeline_dag.py took 0.097 seconds
[2026-09-03T20:01:28.987+0000] {processor.py:161} INFO - Started process (PID=49904) to work on /opt/airflow/dags/spark_pipeline_dag.py
[2026-09-03T20:01:28.988+0000] {processor.py:830} INFO - Processing file /opt/airflow/dags/spark_pipeline_dag.py for tasks to queue
[2026-09-03T20:01:28.990+0000] {logging_mixin.py:188} INFO - [2026-09-03T20:01:28.989+0000] {dagbag.py:538} INFO - Filling up the DagBag from /opt/airflow/dags/spark_pipeline_dag.py
[2026-09-03T20:01:29.029+0000] {processor.py:840} INFO - DAG(s) 'air_quality_pipeline' retrieved from /opt/airflow/dags/spark_pipeline_dag.py
[2026-09-03T20:01:29.057+0000] {logging_mixin.py:188} INFO - [2026-09-03T20:01:29.057+0000] {dag.py:3036} INFO - Sync 1 DAGs
[2026-09-03T20:01:29.080+0000] {logging_mixin.py:188} INFO - [2026-09-03T20:01:29.080+0000] {dag.py:3823} INFO - Setting next_dagrun for air_quality_pipeline to 2026-09-03 19:05:00+00:00, run_after=2026-09-03 20:05:00+00:00
[2026-09-03T20:01:29.125+0000] {processor.py:183} INFO - Processing /opt/airflow/dags/spark_pipeline_dag.py took 0.142 seconds
[2026-09-03T20:01:59.448+0000] {processor.py:161} INFO - Started process (PID=49914) to work on /opt/airflow/dags/spark_pipeline_dag.py
[2026-09-03T20:01:59.450+0000] {processor.py:830} INFO - Processing file /opt/airflow/dags/spark_pipeline_dag.py for tasks to queue
[2026-09-03T20:01:59.451+0000] {logging_mixin.py:188} INFO - [2026-09-03T20:01:59.451+0000] {dagbag.py:538} INFO - Filling up the DagBag from /opt/airflow/dags/spark_pipeline_dag.py
[2026-09-03T20:01:59.476+0000] {processor.py:840} INFO - DAG(s) 'air_quality_pipeline' retrieved from /opt/airflow/dags/spark_pipeline_dag.py
[2026-09-03T20:01:59.501+0000] {logging_mixin.py:188} INFO - [2026-09-03T20:01:59.501+0000] {dag.py:3036} INFO - Sync 1 DAGs
[2026-09-03T20:01:59.535+0000] {logging_mixin.py:188} INFO - [2026-09-03T20:01:59.535+0000] {dag.py:3823} INFO - Setting next_dagrun for air_quality_pipeline to 2026-09-03 19:05:00+00:00, run_after=2026-09-03 20:05:00+00:00
[2026-09-03T20:01:59.561+0000] {processor.py:183} INFO - Processing /opt/airflow/dags/spark_pipeline_dag.py took 0.116 seconds
[2026-09-03T20:02:30.035+0000] {processor.py:161} INFO - Started process (PID=49924) to work on /opt/airflow/dags/spark_pipeline_dag.py
[2026-09-03T20:02:30.036+0000] {processor.py:830} INFO - Processing file /opt/airflow/dags/spark_pipeline_dag.py for tasks to queue
[2026-09-03T20:02:30.037+0000] {logging_mixin.py:188} INFO - [2026-09-03T20:02:30.037+0000] {dagbag.py:538} INFO - Filling up the DagBag from /opt/airflow/dags/spark_pipeline_dag.py
[2026-09-03T20:02:30.051+0000] {processor.py:840} INFO - DAG(s) 'air_quality_pipeline' retrieved from /opt/airflow/dags/spark_pipeline_dag.py
[2026-09-03T20:02:30.066+0000] {logging_mixin.py:188} INFO - [2026-09-03T20:02:30.065+0000] {dag.py:3036} INFO - Sync 1 DAGs
[2026-09-03T20:02:30.080+0000] {logging_mixin.py:188} INFO - [2026-09-03T20:02:30.080+0000] {dag.py:3823} INFO - Setting next_dagrun for air_quality_pipeline to 2026-09-03 19:05:00+00:00, run_after=2026-09-03 20:05:00+00:00
[2026-09-03T20:02:30.093+0000] {processor.py:183} INFO - Processing /opt/airflow/dags/spark_pipeline_dag.py took 0.060 seconds
[2026-09-03T20:03:00.508+0000] {processor.py:161} INFO - Started process (PID=49934) to work on /opt/airflow/dags/spark_pipeline_dag.py
[2026-09-03T20:03:00.509+0000] {processor.py:830} INFO - Processing file /opt/airflow/dags/spark_pipeline_dag.py for tasks to queue
[2026-09-03T20:03:00.510+0000] {logging_mixin.py:188} INFO - [2026-09-03T20:03:00.510+0000] {dagbag.py:538} INFO - Filling up the DagBag from /opt/airflow/dags/spark_pipeline_dag.py
[2026-09-03T20:03:00.539+0000] {processor.py:840} INFO - DAG(s) 'air_quality_pipeline' retrieved from /opt/airflow/dags/spark_pipeline_dag.py
[2026-09-03T20:03:00.554+0000] {logging_mixin.py:188} INFO - [2026-09-03T20:03:00.554+0000] {dag.py:3036} INFO - Sync 1 DAGs
[2026-09-03T20:03:00.570+0000] {logging_mixin.py:188} INFO - [2026-09-03T20:03:00.570+0000] {dag.py:3823} INFO - Setting next_dagrun for air_quality_pipeline to 2026-09-03 19:05:00+00:00, run_after=2026-09-03 20:05:00+00:00
[2026-09-03T20:03:00.613+0000] {processor.py:183} INFO - Processing /opt/airflow/dags/spark_pipeline_dag.py took 0.107 seconds
[2026-09-03T20:03:31.039+0000] {processor.py:161} INFO - Started process (PID=49944) to work on /opt/airflow/dags/spark_pipeline_dag.py
[2026-09-03T20:03:31.041+0000] {processor.py:830} INFO - Processing file /opt/airflow/dags/spark_pipeline_dag.py for tasks to queue
[2026-09-03T20:03:31.042+0000] {logging_mixin.py:188} INFO - [2026-09-03T20:03:31.042+0000] {dagbag.py:538} INFO - Filling up the DagBag from /opt/airflow/dags/spark_pipeline_dag.py
[2026-09-03T20:03:31.069+0000] {processor.py:840} INFO - DAG(s) 'air_quality_pipeline' retrieved from /opt/airflow/dags/spark_pipeline_dag.py
[2026-09-03T20:03:31.087+0000] {logging_mixin.py:188} INFO - [2026-09-03T20:03:31.086+0000] {dag.py:3036} INFO - Sync 1 DAGs
[2026-09-03T20:03:31.103+0000] {logging_mixin.py:188} INFO - [2026-09-03T20:03:31.103+0000] {dag.py:3823} INFO - Setting next_dagrun for air_quality_pipeline to 2026-09-03 19:05:00+00:00, run_after=2026-09-03 20:05:00+00:00
[2026-09-03T20:03:31.118+0000] {processor.py:183} INFO - Processing /opt/airflow/dags/spark_pipeline_dag.py took 0.083 seconds
[2026-09-03T20:04:01.430+0000] {processor.py:161} INFO - Started process (PID=49954) to work on /opt/airflow/dags/spark_pipeline_dag.py
[2026-09-03T20:04:01.431+0000] {processor.py:830} INFO - Processing file /opt/airflow/dags/spark_pipeline_dag.py for tasks to queue
[2026-09-03T20:04:01.432+0000] {logging_mixin.py:188} INFO - [2026-09-03T20:04:01.432+0000] {dagbag.py:538} INFO - Filling up the DagBag from /opt/airflow/dags/spark_pipeline_dag.py
[2026-09-03T20:04:01.447+0000] {processor.py:840} INFO - DAG(s) 'air_quality_pipeline' retrieved from /opt/airflow/dags/spark_pipeline_dag.py
[2026-09-03T20:04:01.463+0000] {logging_mixin.py:188} INFO - [2026-09-03T20:04:01.463+0000] {dag.py:3036} INFO - Sync 1 DAGs
[2026-09-03T20:04:01.477+0000] {logging_mixin.py:188} INFO - [2026-09-03T20:04:01.477+0000] {dag.py:3823} INFO - Setting next_dagrun for air_quality_pipeline to 2026-09-03 19:05:00+00:00, run_after=2026-09-03 20:05:00+00:00
[2026-09-03T20:04:01.491+0000] {processor.py:183} INFO - Processing /opt/airflow/dags/spark_pipeline_dag.py took 0.064 seconds
[2026-09-03T20:04:31.818+0000] {processor.py:161} INFO - Started process (PID=49964) to work on /opt/airflow/dags/spark_pipeline_dag.py
[2026-09-03T20:04:31.819+0000] {processor.py:830} INFO - Processing file /opt/airflow/dags/spark_pipeline_dag.py for tasks to queue
[2026-09-03T20:04:31.820+0000] {logging_mixin.py:188} INFO - [2026-09-03T20:04:31.820+0000] {dagbag.py:538} INFO - Filling up the DagBag from /opt/airflow/dags/spark_pipeline_dag.py
[2026-09-03T20:04:31.849+0000] {processor.py:840} INFO - DAG(s) 'air_quality_pipeline' retrieved from /opt/airflow/dags/spark_pipeline_dag.py
[2026-09-03T20:04:31.876+0000] {logging_mixin.py:188} INFO - [2026-09-03T20:04:31.875+0000] {dag.py:3036} INFO - Sync 1 DAGs
[2026-09-03T20:04:31.893+0000] {logging_mixin.py:188} INFO - [2026-09-03T20:04:31.893+0000] {dag.py:3823} INFO - Setting next_dagrun for air_quality_pipeline to 2026-09-03 19:05:00+00:00, run_after=2026-09-03 20:05:00+00:00
[2026-09-03T20:04:31.910+0000] {processor.py:183} INFO - Processing /opt/airflow/dags/spark_pipeline_dag.py took 0.095 seconds
[2026-09-03T20:05:02.290+0000] {processor.py:161} INFO - Started process (PID=49976) to work on /opt/airflow/dags/spark_pipeline_dag.py
[2026-09-03T20:05:02.292+0000] {processor.py:830} INFO - Processing file /opt/airflow/dags/spark_pipeline_dag.py for tasks to queue
[2026-09-03T20:05:02.293+0000] {logging_mixin.py:188} INFO - [2026-09-03T20:05:02.292+0000] {dagbag.py:538} INFO - Filling up the DagBag from /opt/airflow/dags/spark_pipeline_dag.py
[2026-09-03T20:05:02.328+0000] {processor.py:840} INFO - DAG(s) 'air_quality_pipeline' retrieved from /opt/airflow/dags/spark_pipeline_dag.py
[2026-09-03T20:05:02.369+0000] {logging_mixin.py:188} INFO - [2026-09-03T20:05:02.369+0000] {dag.py:3036} INFO - Sync 1 DAGs
[2026-09-03T20:05:02.398+0000] {logging_mixin.py:188} INFO - [2026-09-03T20:05:02.398+0000] {dag.py:3823} INFO - Setting next_dagrun for air_quality_pipeline to 2026-09-03 20:05:00+00:00, run_after=2026-09-03 21:05:00+00:00
[2026-09-03T20:05:02.420+0000] {processor.py:183} INFO - Processing /opt/airflow/dags/spark_pipeline_dag.py took 0.134 seconds
[2026-09-03T20:05:32.837+0000] {processor.py:161} INFO - Started process (PID=49986) to work on /opt/airflow/dags/spark_pipeline_dag.py
[2026-09-03T20:05:32.839+0000] {processor.py:830} INFO - Processing file /opt/airflow/dags/spark_pipeline_dag.py for tasks to queue
[2026-09-03T20:05:32.840+0000] {logging_mixin.py:188} INFO - [2026-09-03T20:05:32.839+0000] {dagbag.py:538} INFO - Filling up the DagBag from /opt/airflow/dags/spark_pipeline_dag.py
[2026-09-03T20:05:32.869+0000] {processor.py:840} INFO - DAG(s) 'air_quality_pipeline' retrieved from /opt/airflow/dags/spark_pipeline_dag.py
[2026-09-03T20:05:32.888+0000] {logging_mixin.py:188} INFO - [2026-09-03T20:05:32.888+0000] {dag.py:3036} INFO - Sync 1 DAGs
[2026-09-03T20:05:32.904+0000] {logging_mixin.py:188} INFO - [2026-09-03T20:05:32.904+0000] {dag.py:3823} INFO - Setting next_dagrun for air_quality_pipeline to 2026-09-03 20:05:00+00:00, run_after=2026-09-03 21:05:00+00:00
[2026-09-03T20:05:32.941+0000] {processor.py:183} INFO - Processing /opt/airflow/dags/spark_pipeline_dag.py took 0.106 seconds
[2026-09-03T20:06:03.327+0000] {processor.py:161} INFO - Started process (PID=49996) to work on /opt/airflow/dags/spark_pipeline_dag.py
[2026-09-03T20:06:03.328+0000] {processor.py:830} INFO - Processing file /opt/airflow/dags/spark_pipeline_dag.py for tasks to queue
[2026-09-03T20:06:03.329+0000] {logging_mixin.py:188} INFO - [2026-09-03T20:06:03.329+0000] {dagbag.py:538} INFO - Filling up the DagBag from /opt/airflow/dags/spark_pipeline_dag.py
[2026-09-03T20:06:03.343+0000] {processor.py:840} INFO - DAG(s) 'air_quality_pipeline' retrieved from /opt/airflow/dags/spark_pipeline_dag.py
[2026-09-03T20:06:03.358+0000] {logging_mixin.py:188} INFO - [2026-09-03T20:06:03.358+0000] {dag.py:3036} INFO - Sync 1 DAGs
[2026-09-03T20:06:03.373+0000] {logging_mixin.py:188} INFO - [2026-09-03T20:06:03.373+0000] {dag.py:3823} INFO - Setting next_dagrun for air_quality_pipeline to 2026-09-03 20:05:00+00:00, run_after=2026-09-03 21:05:00+00:00
[2026-09-03T20:06:03.386+0000] {processor.py:183} INFO - Processing /opt/airflow/dags/spark_pipeline_dag.py took 0.061 seconds
[2026-09-03T20:06:33.658+0000] {processor.py:161} INFO - Started process (PID=50006) to work on /opt/airflow/dags/spark_pipeline_dag.py
[2026-09-03T20:06:33.659+0000] {processor.py:830} INFO - Processing file /opt/airflow/dags/spark_pipeline_dag.py for tasks to queue
[2026-09-03T20:06:33.660+0000] {logging_mixin.py:188} INFO - [2026-09-03T20:06:33.660+0000] {dagbag.py:538} INFO - Filling up the DagBag from /opt/airflow/dags/spark_pipeline_dag.py
[2026-09-03T20:06:33.678+0000] {processor.py:840} INFO - DAG(s) 'air_quality_pipeline' retrieved from /opt/airflow/dags/spark_pipeline_dag.py
[2026-09-03T20:06:33.694+0000] {logging_mixin.py:188} INFO - [2026-09-03T20:06:33.694+0000] {dag.py:3036} INFO - Sync 1 DAGs
[2026-09-03T20:06:33.708+0000] {logging_mixin.py:188} INFO - [2026-09-03T20:06:33.708+0000] {dag.py:3823} INFO - Setting next_dagrun for air_quality_pipeline to 2026-09-03 20:05:00+00:00, run_after=2026-09-03 21:05:00+00:00
[2026-09-03T20:06:33.744+0000] {processor.py:183} INFO - Processing /opt/airflow/dags/spark_pipeline_dag.py took 0.089 seconds
[2026-09-03T20:07:04.116+0000] {processor.py:161} INFO - Started process (PID=50016) to work on /opt/airflow/dags/spark_pipeline_dag.py
[2026-09-03T20:07:04.117+0000] {processor.py:830} INFO - Processing file /opt/airflow/dags/spark_pipeline_dag.py for tasks to queue
[2026-09-03T20:07:04.118+0000] {logging_mixin.py:188} INFO - [2026-09-03T20:07:04.118+0000] {dagbag.py:538} INFO - Filling up the DagBag from /opt/airflow/dags/spark_pipeline_dag.py
[2026-09-03T20:07:04.137+0000] {processor.py:840} INFO - DAG(s) 'air_quality_pipeline' retrieved from /opt/airflow/dags/spark_pipeline_dag.py
[2026-09-03T20:07:04.153+0000] {logging_mixin.py:188} INFO - [2026-09-03T20:07:04.153+0000] {dag.py:3036} INFO - Sync 1 DAGs
[2026-09-03T20:07:04.169+0000] {logging_mixin.py:188} INFO - [2026-09-03T20:07:04.169+0000] {dag.py:3823} INFO - Setting next_dagrun for air_quality_pipeline to 2026-09-03 20:05:00+00:00, run_after=2026-09-03 21:05:00+00:00
[2026-09-03T20:07:04.184+0000] {processor.py:183} INFO - Processing /opt/airflow/dags/spark_pipeline_dag.py took 0.070 seconds
[2026-09-03T20:07:34.601+0000] {processor.py:161} INFO - Started process (PID=50026) to work on /opt/airflow/dags/spark_pipeline_dag.py
[2026-09-03T20:07:34.603+0000] {processor.py:830} INFO - Processing file /opt/airflow/dags/spark_pipeline_dag.py for tasks to queue
[2026-09-03T20:07:34.604+0000] {logging_mixin.py:188} INFO - [2026-09-03T20:07:34.604+0000] {dagbag.py:538} INFO - Filling up the DagBag from /opt/airflow/dags/spark_pipeline_dag.py
[2026-09-03T20:07:34.631+0000] {processor.py:840} INFO - DAG(s) 'air_quality_pipeline' retrieved from /opt/airflow/dags/spark_pipeline_dag.py
[2026-09-03T20:07:34.656+0000] {logging_mixin.py:188} INFO - [2026-09-03T20:07:34.655+0000] {dag.py:3036} INFO - Sync 1 DAGs
[2026-09-03T20:07:34.677+0000] {logging_mixin.py:188} INFO - [2026-09-03T20:07:34.677+0000] {dag.py:3823} INFO - Setting next_dagrun for air_quality_pipeline to 2026-09-03 20:05:00+00:00, run_after=2026-09-03 21:05:00+00:00
[2026-09-03T20:07:34.692+0000] {processor.py:183} INFO - Processing /opt/airflow/dags/spark_pipeline_dag.py took 0.095 seconds
[2026-09-03T20:08:05.155+0000] {processor.py:161} INFO - Started process (PID=50036) to work on /opt/airflow/dags/spark_pipeline_dag.py
[2026-09-03T20:08:05.156+0000] {processor.py:830} INFO - Processing file /opt/airflow/dags/spark_pipeline_dag.py for tasks to queue
[2026-09-03T20:08:05.157+0000] {logging_mixin.py:188} INFO - [2026-09-03T20:08:05.157+0000] {dagbag.py:538} INFO - Filling up the DagBag from /opt/airflow/dags/spark_pipeline_dag.py
[2026-09-03T20:08:05.171+0000] {processor.py:840} INFO - DAG(s) 'air_quality_pipeline' retrieved from /opt/airflow/dags/spark_pipeline_dag.py
[2026-09-03T20:08:05.187+0000] {logging_mixin.py:188} INFO - [2026-09-03T20:08:05.186+0000] {dag.py:3036} INFO - Sync 1 DAGs
[2026-09-03T20:08:05.203+0000] {logging_mixin.py:188} INFO - [2026-09-03T20:08:05.203+0000] {dag.py:3823} INFO - Setting next_dagrun for air_quality_pipeline to 2026-09-03 20:05:00+00:00, run_after=2026-09-03 21:05:00+00:00
[2026-09-03T20:08:05.217+0000] {processor.py:183} INFO - Processing /opt/airflow/dags/spark_pipeline_dag.py took 0.065 seconds
[2026-09-03T20:08:35.594+0000] {processor.py:161} INFO - Started process (PID=50046) to work on /opt/airflow/dags/spark_pipeline_dag.py
[2026-09-03T20:08:35.595+0000] {processor.py:830} INFO - Processing file /opt/airflow/dags/spark_pipeline_dag.py for tasks to queue
[2026-09-03T20:08:35.596+0000] {logging_mixin.py:188} INFO - [2026-09-03T20:08:35.595+0000] {dagbag.py:538} INFO - Filling up the DagBag from /opt/airflow/dags/spark_pipeline_dag.py
[2026-09-03T20:08:35.610+0000] {processor.py:840} INFO - DAG(s) 'air_quality_pipeline' retrieved from /opt/airflow/dags/spark_pipeline_dag.py
[2026-09-03T20:08:35.625+0000] {logging_mixin.py:188} INFO - [2026-09-03T20:08:35.625+0000] {dag.py:3036} INFO - Sync 1 DAGs
[2026-09-03T20:08:35.640+0000] {logging_mixin.py:188} INFO - [2026-09-03T20:08:35.640+0000] {dag.py:3823} INFO - Setting next_dagrun for air_quality_pipeline to 2026-09-03 20:05:00+00:00, run_after=2026-09-03 21:05:00+00:00
[2026-09-03T20:08:35.654+0000] {processor.py:183} INFO - Processing /opt/airflow/dags/spark_pipeline_dag.py took 0.062 seconds
[2026-09-03T20:09:06.023+0000] {processor.py:161} INFO - Started process (PID=50056) to work on /opt/airflow/dags/spark_pipeline_dag.py
[2026-09-03T20:09:06.024+0000] {processor.py:830} INFO - Processing file /opt/airflow/dags/spark_pipeline_dag.py for tasks to queue
[2026-09-03T20:09:06.026+0000] {logging_mixin.py:188} INFO - [2026-09-03T20:09:06.025+0000] {dagbag.py:538} INFO - Filling up the DagBag from /opt/airflow/dags/spark_pipeline_dag.py
[2026-09-03T20:09:06.046+0000] {processor.py:840} INFO - DAG(s) 'air_quality_pipeline' retrieved from /opt/airflow/dags/spark_pipeline_dag.py
[2026-09-03T20:09:06.066+0000] {logging_mixin.py:188} INFO - [2026-09-03T20:09:06.065+0000] {dag.py:3036} INFO - Sync 1 DAGs
[2026-09-03T20:09:06.084+0000] {logging_mixin.py:188} INFO - [2026-09-03T20:09:06.084+0000] {dag.py:3823} INFO - Setting next_dagrun for air_quality_pipeline to 2026-09-03 20:05:00+00:00, run_after=2026-09-03 21:05:00+00:00
[2026-09-03T20:09:06.100+0000] {processor.py:183} INFO - Processing /opt/airflow/dags/spark_pipeline_dag.py took 0.081 seconds
[2026-09-03T20:09:36.518+0000] {processor.py:161} INFO - Started process (PID=50066) to work on /opt/airflow/dags/spark_pipeline_dag.py
[2026-09-03T20:09:36.521+0000] {processor.py:830} INFO - Processing file /opt/airflow/dags/spark_pipeline_dag.py for tasks to queue
[2026-09-03T20:09:36.523+0000] {logging_mixin.py:188} INFO - [2026-09-03T20:09:36.523+0000] {dagbag.py:538} INFO - Filling up the DagBag from /opt/airflow/dags/spark_pipeline_dag.py
[2026-09-03T20:09:36.548+0000] {processor.py:840} INFO - DAG(s) 'air_quality_pipeline' retrieved from /opt/airflow/dags/spark_pipeline_dag.py
[2026-09-03T20:09:36.566+0000] {logging_mixin.py:188} INFO - [2026-09-03T20:09:36.566+0000] {dag.py:3036} INFO - Sync 1 DAGs
[2026-09-03T20:09:36.584+0000] {logging_mixin.py:188} INFO - [2026-09-03T20:09:36.583+0000] {dag.py:3823} INFO - Setting next_dagrun for air_quality_pipeline to 2026-09-03 20:05:00+00:00, run_after=2026-09-03 21:05:00+00:00
[2026-09-03T20:09:36.599+0000] {processor.py:183} INFO - Processing /opt/airflow/dags/spark_pipeline_dag.py took 0.084 seconds
[2026-09-03T20:10:06.917+0000] {processor.py:161} INFO - Started process (PID=50076) to work on /opt/airflow/dags/spark_pipeline_dag.py
[2026-09-03T20:10:06.919+0000] {processor.py:830} INFO - Processing file /opt/airflow/dags/spark_pipeline_dag.py for tasks to queue
[2026-09-03T20:10:06.920+0000] {logging_mixin.py:188} INFO - [2026-09-03T20:10:06.919+0000] {dagbag.py:538} INFO - Filling up the DagBag from /opt/airflow/dags/spark_pipeline_dag.py
[2026-09-03T20:10:06.941+0000] {processor.py:840} INFO - DAG(s) 'air_quality_pipeline' retrieved from /opt/airflow/dags/spark_pipeline_dag.py
[2026-09-03T20:10:06.968+0000] {logging_mixin.py:188} INFO - [2026-09-03T20:10:06.967+0000] {dag.py:3036} INFO - Sync 1 DAGs
[2026-09-03T20:10:06.989+0000] {logging_mixin.py:188} INFO - [2026-09-03T20:10:06.989+0000] {dag.py:3823} INFO - Setting next_dagrun for air_quality_pipeline to 2026-09-03 20:05:00+00:00, run_after=2026-09-03 21:05:00+00:00
[2026-09-03T20:10:07.037+0000] {processor.py:183} INFO - Processing /opt/airflow/dags/spark_pipeline_dag.py took 0.123 seconds
[2026-09-03T20:10:37.420+0000] {processor.py:161} INFO - Started process (PID=50086) to work on /opt/airflow/dags/spark_pipeline_dag.py
[2026-09-03T20:10:37.421+0000] {processor.py:830} INFO - Processing file /opt/airflow/dags/spark_pipeline_dag.py for tasks to queue
[2026-09-03T20:10:37.422+0000] {logging_mixin.py:188} INFO - [2026-09-03T20:10:37.421+0000] {dagbag.py:538} INFO - Filling up the DagBag from /opt/airflow/dags/spark_pipeline_dag.py
[2026-09-03T20:10:37.441+0000] {processor.py:840} INFO - DAG(s) 'air_quality_pipeline' retrieved from /opt/airflow/dags/spark_pipeline_dag.py
[2026-09-03T20:10:37.463+0000] {logging_mixin.py:188} INFO - [2026-09-03T20:10:37.463+0000] {dag.py:3036} INFO - Sync 1 DAGs
[2026-09-03T20:10:37.483+0000] {logging_mixin.py:188} INFO - [2026-09-03T20:10:37.482+0000] {dag.py:3823} INFO - Setting next_dagrun for air_quality_pipeline to 2026-09-03 20:05:00+00:00, run_after=2026-09-03 21:05:00+00:00
[2026-09-03T20:10:37.522+0000] {processor.py:183} INFO - Processing /opt/airflow/dags/spark_pipeline_dag.py took 0.105 seconds
[2026-09-03T20:11:08.018+0000] {processor.py:161} INFO - Started process (PID=50096) to work on /opt/airflow/dags/spark_pipeline_dag.py
[2026-09-03T20:11:08.020+0000] {processor.py:830} INFO - Processing file /opt/airflow/dags/spark_pipeline_dag.py for tasks to queue
[2026-09-03T20:11:08.021+0000] {logging_mixin.py:188} INFO - [2026-09-03T20:11:08.021+0000] {dagbag.py:538} INFO - Filling up the DagBag from /opt/airflow/dags/spark_pipeline_dag.py
[2026-09-03T20:11:08.056+0000] {processor.py:840} INFO - DAG(s) 'air_quality_pipeline' retrieved from /opt/airflow/dags/spark_pipeline_dag.py
[2026-09-03T20:11:08.089+0000] {logging_mixin.py:188} INFO - [2026-09-03T20:11:08.088+0000] {dag.py:3036} INFO - Sync 1 DAGs
[2026-09-03T20:11:08.120+0000] {logging_mixin.py:188} INFO - [2026-09-03T20:11:08.120+0000] {dag.py:3823} INFO - Setting next_dagrun for air_quality_pipeline to 2026-09-03 20:05:00+00:00, run_after=2026-09-03 21:05:00+00:00
[2026-09-03T20:11:08.143+0000] {processor.py:183} INFO - Processing /opt/airflow/dags/spark_pipeline_dag.py took 0.131 seconds
[2026-09-03T20:11:38.550+0000] {processor.py:161} INFO - Started process (PID=50106) to work on /opt/airflow/dags/spark_pipeline_dag.py
[2026-09-03T20:11:38.551+0000] {processor.py:830} INFO - Processing file /opt/airflow/dags/spark_pipeline_dag.py for tasks to queue
[2026-09-03T20:11:38.552+0000] {logging_mixin.py:188} INFO - [2026-09-03T20:11:38.552+0000] {dagbag.py:538} INFO - Filling up the DagBag from /opt/airflow/dags/spark_pipeline_dag.py
[2026-09-03T20:11:38.573+0000] {processor.py:840} INFO - DAG(s) 'air_quality_pipeline' retrieved from /opt/airflow/dags/spark_pipeline_dag.py
[2026-09-03T20:11:38.592+0000] {logging_mixin.py:188} INFO - [2026-09-03T20:11:38.591+0000] {dag.py:3036} INFO - Sync 1 DAGs
[2026-09-03T20:11:38.609+0000] {logging_mixin.py:188} INFO - [2026-09-03T20:11:38.609+0000] {dag.py:3823} INFO - Setting next_dagrun for air_quality_pipeline to 2026-09-03 20:05:00+00:00, run_after=2026-09-03 21:05:00+00:00
[2026-09-03T20:11:38.633+0000] {processor.py:183} INFO - Processing /opt/airflow/dags/spark_pipeline_dag.py took 0.086 seconds
[2026-09-03T20:12:08.942+0000] {processor.py:161} INFO - Started process (PID=50116) to work on /opt/airflow/dags/spark_pipeline_dag.py
[2026-09-03T20:12:08.943+0000] {processor.py:830} INFO - Processing file /opt/airflow/dags/spark_pipeline_dag.py for tasks to queue
[2026-09-03T20:12:08.944+0000] {logging_mixin.py:188} INFO - [2026-09-03T20:12:08.944+0000] {dagbag.py:538} INFO - Filling up the DagBag from /opt/airflow/dags/spark_pipeline_dag.py
[2026-09-03T20:12:08.959+0000] {processor.py:840} INFO - DAG(s) 'air_quality_pipeline' retrieved from /opt/airflow/dags/spark_pipeline_dag.py
[2026-09-03T20:12:08.976+0000] {logging_mixin.py:188} INFO - [2026-09-03T20:12:08.976+0000] {dag.py:3036} INFO - Sync 1 DAGs
[2026-09-03T20:12:08.992+0000] {logging_mixin.py:188} INFO - [2026-09-03T20:12:08.992+0000] {dag.py:3823} INFO - Setting next_dagrun for air_quality_pipeline to 2026-09-03 20:05:00+00:00, run_after=2026-09-03 21:05:00+00:00
[2026-09-03T20:12:09.030+0000] {processor.py:183} INFO - Processing /opt/airflow/dags/spark_pipeline_dag.py took 0.091 seconds
[2026-09-03T20:12:39.334+0000] {processor.py:161} INFO - Started process (PID=50126) to work on /opt/airflow/dags/spark_pipeline_dag.py
[2026-09-03T20:12:39.335+0000] {processor.py:830} INFO - Processing file /opt/airflow/dags/spark_pipeline_dag.py for tasks to queue
[2026-09-03T20:12:39.336+0000] {logging_mixin.py:188} INFO - [2026-09-03T20:12:39.336+0000] {dagbag.py:538} INFO - Filling up the DagBag from /opt/airflow/dags/spark_pipeline_dag.py
[2026-09-03T20:12:39.360+0000] {processor.py:840} INFO - DAG(s) 'air_quality_pipeline' retrieved from /opt/airflow/dags/spark_pipeline_dag.py
[2026-09-03T20:12:39.384+0000] {logging_mixin.py:188} INFO - [2026-09-03T20:12:39.384+0000] {dag.py:3036} INFO - Sync 1 DAGs
[2026-09-03T20:12:39.408+0000] {logging_mixin.py:188} INFO - [2026-09-03T20:12:39.408+0000] {dag.py:3823} INFO - Setting next_dagrun for air_quality_pipeline to 2026-09-03 20:05:00+00:00, run_after=2026-09-03 21:05:00+00:00
[2026-09-03T20:12:39.448+0000] {processor.py:183} INFO - Processing /opt/airflow/dags/spark_pipeline_dag.py took 0.117 seconds
[2026-09-03T20:13:09.933+0000] {processor.py:161} INFO - Started process (PID=50136) to work on /opt/airflow/dags/spark_pipeline_dag.py
[2026-09-03T20:13:09.934+0000] {processor.py:830} INFO - Processing file /opt/airflow/dags/spark_pipeline_dag.py for tasks to queue
[2026-09-03T20:13:09.935+0000] {logging_mixin.py:188} INFO - [2026-09-03T20:13:09.935+0000] {dagbag.py:538} INFO - Filling up the DagBag from /opt/airflow/dags/spark_pipeline_dag.py
[2026-09-03T20:13:09.965+0000] {processor.py:840} INFO - DAG(s) 'air_quality_pipeline' retrieved from /opt/airflow/dags/spark_pipeline_dag.py
[2026-09-03T20:13:09.982+0000] {logging_mixin.py:188} INFO - [2026-09-03T20:13:09.981+0000] {dag.py:3036} INFO - Sync 1 DAGs
[2026-09-03T20:13:09.998+0000] {logging_mixin.py:188} INFO - [2026-09-03T20:13:09.998+0000] {dag.py:3823} INFO - Setting next_dagrun for air_quality_pipeline to 2026-09-03 20:05:00+00:00, run_after=2026-09-03 21:05:00+00:00
[2026-09-03T20:13:10.037+0000] {processor.py:183} INFO - Processing /opt/airflow/dags/spark_pipeline_dag.py took 0.107 seconds
[2026-09-03T20:13:40.434+0000] {processor.py:161} INFO - Started process (PID=50146) to work on /opt/airflow/dags/spark_pipeline_dag.py
[2026-09-03T20:13:40.435+0000] {processor.py:830} INFO - Processing file /opt/airflow/dags/spark_pipeline_dag.py for tasks to queue
[2026-09-03T20:13:40.437+0000] {logging_mixin.py:188} INFO - [2026-09-03T20:13:40.436+0000] {dagbag.py:538} INFO - Filling up the DagBag from /opt/airflow/dags/spark_pipeline_dag.py
[2026-09-03T20:13:40.474+0000] {processor.py:840} INFO - DAG(s) 'air_quality_pipeline' retrieved from /opt/airflow/dags/spark_pipeline_dag.py
[2026-09-03T20:13:40.496+0000] {logging_mixin.py:188} INFO - [2026-09-03T20:13:40.496+0000] {dag.py:3036} INFO - Sync 1 DAGs
[2026-09-03T20:13:40.514+0000] {logging_mixin.py:188} INFO - [2026-09-03T20:13:40.513+0000] {dag.py:3823} INFO - Setting next_dagrun for air_quality_pipeline to 2026-09-03 20:05:00+00:00, run_after=2026-09-03 21:05:00+00:00
[2026-09-03T20:13:40.529+0000] {processor.py:183} INFO - Processing /opt/airflow/dags/spark_pipeline_dag.py took 0.100 seconds
[2026-09-03T20:14:11.005+0000] {processor.py:161} INFO - Started process (PID=50156) to work on /opt/airflow/dags/spark_pipeline_dag.py
[2026-09-03T20:14:11.007+0000] {processor.py:830} INFO - Processing file /opt/airflow/dags/spark_pipeline_dag.py for tasks to queue
[2026-09-03T20:14:11.009+0000] {logging_mixin.py:188} INFO - [2026-09-03T20:14:11.008+0000] {dagbag.py:538} INFO - Filling up the DagBag from /opt/airflow/dags/spark_pipeline_dag.py
[2026-09-03T20:14:11.041+0000] {processor.py:840} INFO - DAG(s) 'air_quality_pipeline' retrieved from /opt/airflow/dags/spark_pipeline_dag.py
[2026-09-03T20:14:11.065+0000] {logging_mixin.py:188} INFO - [2026-09-03T20:14:11.065+0000] {dag.py:3036} INFO - Sync 1 DAGs
[2026-09-03T20:14:11.116+0000] {logging_mixin.py:188} INFO - [2026-09-03T20:14:11.116+0000] {dag.py:3823} INFO - Setting next_dagrun for air_quality_pipeline to 2026-09-03 20:05:00+00:00, run_after=2026-09-03 21:05:00+00:00
[2026-09-03T20:14:11.168+0000] {processor.py:183} INFO - Processing /opt/airflow/dags/spark_pipeline_dag.py took 0.165 seconds
[2026-09-03T20:14:41.340+0000] {processor.py:161} INFO - Started process (PID=50166) to work on /opt/airflow/dags/spark_pipeline_dag.py
[2026-09-03T20:14:41.342+0000] {processor.py:830} INFO - Processing file /opt/airflow/dags/spark_pipeline_dag.py for tasks to queue
[2026-09-03T20:14:41.343+0000] {logging_mixin.py:188} INFO - [2026-09-03T20:14:41.342+0000] {dagbag.py:538} INFO - Filling up the DagBag from /opt/airflow/dags/spark_pipeline_dag.py
[2026-09-03T20:14:41.365+0000] {processor.py:840} INFO - DAG(s) 'air_quality_pipeline' retrieved from /opt/airflow/dags/spark_pipeline_dag.py
[2026-09-03T20:14:41.387+0000] {logging_mixin.py:188} INFO - [2026-09-03T20:14:41.387+0000] {dag.py:3036} INFO - Sync 1 DAGs
[2026-09-03T20:14:41.405+0000] {logging_mixin.py:188} INFO - [2026-09-03T20:14:41.405+0000] {dag.py:3823} INFO - Setting next_dagrun for air_quality_pipeline to 2026-09-03 20:05:00+00:00, run_after=2026-09-03 21:05:00+00:00
[2026-09-03T20:14:41.423+0000] {processor.py:183} INFO - Processing /opt/airflow/dags/spark_pipeline_dag.py took 0.087 seconds
[2026-09-03T20:15:11.840+0000] {processor.py:161} INFO - Started process (PID=50176) to work on /opt/airflow/dags/spark_pipeline_dag.py
[2026-09-03T20:15:11.842+0000] {processor.py:830} INFO - Processing file /opt/airflow/dags/spark_pipeline_dag.py for tasks to queue
[2026-09-03T20:15:11.843+0000] {logging_mixin.py:188} INFO - [2026-09-03T20:15:11.843+0000] {dagbag.py:538} INFO - Filling up the DagBag from /opt/airflow/dags/spark_pipeline_dag.py
[2026-09-03T20:15:11.872+0000] {processor.py:840} INFO - DAG(s) 'air_quality_pipeline' retrieved from /opt/airflow/dags/spark_pipeline_dag.py
[2026-09-03T20:15:11.898+0000] {logging_mixin.py:188} INFO - [2026-09-03T20:15:11.898+0000] {dag.py:3036} INFO - Sync 1 DAGs
[2026-09-03T20:15:11.929+0000] {logging_mixin.py:188} INFO - [2026-09-03T20:15:11.929+0000] {dag.py:3823} INFO - Setting next_dagrun for air_quality_pipeline to 2026-09-03 20:05:00+00:00, run_after=2026-09-03 21:05:00+00:00
[2026-09-03T20:15:11.953+0000] {processor.py:183} INFO - Processing /opt/airflow/dags/spark_pipeline_dag.py took 0.117 seconds
[2026-09-03T20:15:42.361+0000] {processor.py:161} INFO - Started process (PID=50186) to work on /opt/airflow/dags/spark_pipeline_dag.py
[2026-09-03T20:15:42.363+0000] {processor.py:830} INFO - Processing file /opt/airflow/dags/spark_pipeline_dag.py for tasks to queue
[2026-09-03T20:15:42.364+0000] {logging_mixin.py:188} INFO - [2026-09-03T20:15:42.363+0000] {dagbag.py:538} INFO - Filling up the DagBag from /opt/airflow/dags/spark_pipeline_dag.py
[2026-09-03T20:15:42.380+0000] {processor.py:840} INFO - DAG(s) 'air_quality_pipeline' retrieved from /opt/airflow/dags/spark_pipeline_dag.py
[2026-09-03T20:15:42.397+0000] {logging_mixin.py:188} INFO - [2026-09-03T20:15:42.397+0000] {dag.py:3036} INFO - Sync 1 DAGs
[2026-09-03T20:15:42.412+0000] {logging_mixin.py:188} INFO - [2026-09-03T20:15:42.412+0000] {dag.py:3823} INFO - Setting next_dagrun for air_quality_pipeline to 2026-09-03 20:05:00+00:00, run_after=2026-09-03 21:05:00+00:00
[2026-09-03T20:15:42.450+0000] {processor.py:183} INFO - Processing /opt/airflow/dags/spark_pipeline_dag.py took 0.092 seconds
[2026-09-03T20:16:12.845+0000] {processor.py:161} INFO - Started process (PID=50196) to work on /opt/airflow/dags/spark_pipeline_dag.py
[2026-09-03T20:16:12.850+0000] {processor.py:830} INFO - Processing file /opt/airflow/dags/spark_pipeline_dag.py for tasks to queue
[2026-09-03T20:16:12.852+0000] {logging_mixin.py:188} INFO - [2026-09-03T20:16:12.852+0000] {dagbag.py:538} INFO - Filling up the DagBag from /opt/airflow/dags/spark_pipeline_dag.py
[2026-09-03T20:16:12.872+0000] {processor.py:840} INFO - DAG(s) 'air_quality_pipeline' retrieved from /opt/airflow/dags/spark_pipeline_dag.py
[2026-09-03T20:16:12.893+0000] {logging_mixin.py:188} INFO - [2026-09-03T20:16:12.893+0000] {dag.py:3036} INFO - Sync 1 DAGs
[2026-09-03T20:16:12.911+0000] {logging_mixin.py:188} INFO - [2026-09-03T20:16:12.911+0000] {dag.py:3823} INFO - Setting next_dagrun for air_quality_pipeline to 2026-09-03 20:05:00+00:00, run_after=2026-09-03 21:05:00+00:00
[2026-09-03T20:16:12.927+0000] {processor.py:183} INFO - Processing /opt/airflow/dags/spark_pipeline_dag.py took 0.085 seconds
[2026-09-03T20:16:43.268+0000] {processor.py:161} INFO - Started process (PID=50206) to work on /opt/airflow/dags/spark_pipeline_dag.py
[2026-09-03T20:16:43.270+0000] {processor.py:830} INFO - Processing file /opt/airflow/dags/spark_pipeline_dag.py for tasks to queue
[2026-09-03T20:16:43.272+0000] {logging_mixin.py:188} INFO - [2026-09-03T20:16:43.271+0000] {dagbag.py:538} INFO - Filling up the DagBag from /opt/airflow/dags/spark_pipeline_dag.py
[2026-09-03T20:16:43.314+0000] {processor.py:840} INFO - DAG(s) 'air_quality_pipeline' retrieved from /opt/airflow/dags/spark_pipeline_dag.py
[2026-09-03T20:16:43.334+0000] {logging_mixin.py:188} INFO - [2026-09-03T20:16:43.334+0000] {dag.py:3036} INFO - Sync 1 DAGs
[2026-09-03T20:16:43.357+0000] {logging_mixin.py:188} INFO - [2026-09-03T20:16:43.357+0000] {dag.py:3823} INFO - Setting next_dagrun for air_quality_pipeline to 2026-09-03 20:05:00+00:00, run_after=2026-09-03 21:05:00+00:00
[2026-09-03T20:16:43.396+0000] {processor.py:183} INFO - Processing /opt/airflow/dags/spark_pipeline_dag.py took 0.133 seconds
[2026-09-03T20:17:13.920+0000] {processor.py:161} INFO - Started process (PID=50216) to work on /opt/airflow/dags/spark_pipeline_dag.py
[2026-09-03T20:17:13.922+0000] {processor.py:830} INFO - Processing file /opt/airflow/dags/spark_pipeline_dag.py for tasks to queue
[2026-09-03T20:17:13.923+0000] {logging_mixin.py:188} INFO - [2026-09-03T20:17:13.923+0000] {dagbag.py:538} INFO - Filling up the DagBag from /opt/airflow/dags/spark_pipeline_dag.py
[2026-09-03T20:17:13.958+0000] {processor.py:840} INFO - DAG(s) 'air_quality_pipeline' retrieved from /opt/airflow/dags/spark_pipeline_dag.py
[2026-09-03T20:17:13.981+0000] {logging_mixin.py:188} INFO - [2026-09-03T20:17:13.981+0000] {dag.py:3036} INFO - Sync 1 DAGs
[2026-09-03T20:17:14.028+0000] {logging_mixin.py:188} INFO - [2026-09-03T20:17:14.027+0000] {dag.py:3823} INFO - Setting next_dagrun for air_quality_pipeline to 2026-09-03 20:05:00+00:00, run_after=2026-09-03 21:05:00+00:00
[2026-09-03T20:17:14.050+0000] {processor.py:183} INFO - Processing /opt/airflow/dags/spark_pipeline_dag.py took 0.133 seconds
[2026-09-03T20:17:44.435+0000] {processor.py:161} INFO - Started process (PID=50226) to work on /opt/airflow/dags/spark_pipeline_dag.py
[2026-09-03T20:17:44.436+0000] {processor.py:830} INFO - Processing file /opt/airflow/dags/spark_pipeline_dag.py for tasks to queue
[2026-09-03T20:17:44.437+0000] {logging_mixin.py:188} INFO - [2026-09-03T20:17:44.437+0000] {dagbag.py:538} INFO - Filling up the DagBag from /opt/airflow/dags/spark_pipeline_dag.py
[2026-09-03T20:17:44.456+0000] {processor.py:840} INFO - DAG(s) 'air_quality_pipeline' retrieved from /opt/airflow/dags/spark_pipeline_dag.py
[2026-09-03T20:17:44.489+0000] {logging_mixin.py:188} INFO - [2026-09-03T20:17:44.489+0000] {dag.py:3036} INFO - Sync 1 DAGs
[2026-09-03T20:17:44.520+0000] {logging_mixin.py:188} INFO - [2026-09-03T20:17:44.519+0000] {dag.py:3823} INFO - Setting next_dagrun for air_quality_pipeline to 2026-09-03 20:05:00+00:00, run_after=2026-09-03 21:05:00+00:00
[2026-09-03T20:17:44.541+0000] {processor.py:183} INFO - Processing /opt/airflow/dags/spark_pipeline_dag.py took 0.109 seconds
[2026-09-03T20:18:14.985+0000] {processor.py:161} INFO - Started process (PID=50236) to work on /opt/airflow/dags/spark_pipeline_dag.py
[2026-09-03T20:18:14.986+0000] {processor.py:830} INFO - Processing file /opt/airflow/dags/spark_pipeline_dag.py for tasks to queue
[2026-09-03T20:18:14.987+0000] {logging_mixin.py:188} INFO - [2026-09-03T20:18:14.987+0000] {dagbag.py:538} INFO - Filling up the DagBag from /opt/airflow/dags/spark_pipeline_dag.py
[2026-09-03T20:18:15.015+0000] {processor.py:840} INFO - DAG(s) 'air_quality_pipeline' retrieved from /opt/airflow/dags/spark_pipeline_dag.py
[2026-09-03T20:18:15.037+0000] {logging_mixin.py:188} INFO - [2026-09-03T20:18:15.036+0000] {dag.py:3036} INFO - Sync 1 DAGs
[2026-09-03T20:18:15.057+0000] {logging_mixin.py:188} INFO - [2026-09-03T20:18:15.057+0000] {dag.py:3823} INFO - Setting next_dagrun for air_quality_pipeline to 2026-09-03 20:05:00+00:00, run_after=2026-09-03 21:05:00+00:00
[2026-09-03T20:18:15.102+0000] {processor.py:183} INFO - Processing /opt/airflow/dags/spark_pipeline_dag.py took 0.122 seconds
[2026-09-03T20:18:45.570+0000] {processor.py:161} INFO - Started process (PID=50246) to work on /opt/airflow/dags/spark_pipeline_dag.py
[2026-09-03T20:18:45.573+0000] {processor.py:830} INFO - Processing file /opt/airflow/dags/spark_pipeline_dag.py for tasks to queue
[2026-09-03T20:18:45.575+0000] {logging_mixin.py:188} INFO - [2026-09-03T20:18:45.574+0000] {dagbag.py:538} INFO - Filling up the DagBag from /opt/airflow/dags/spark_pipeline_dag.py
[2026-09-03T20:18:45.609+0000] {processor.py:840} INFO - DAG(s) 'air_quality_pipeline' retrieved from /opt/airflow/dags/spark_pipeline_dag.py
[2026-09-03T20:18:45.641+0000] {logging_mixin.py:188} INFO - [2026-09-03T20:18:45.640+0000] {dag.py:3036} INFO - Sync 1 DAGs
[2026-09-03T20:18:45.666+0000] {logging_mixin.py:188} INFO - [2026-09-03T20:18:45.666+0000] {dag.py:3823} INFO - Setting next_dagrun for air_quality_pipeline to 2026-09-03 20:05:00+00:00, run_after=2026-09-03 21:05:00+00:00
[2026-09-03T20:18:45.691+0000] {processor.py:183} INFO - Processing /opt/airflow/dags/spark_pipeline_dag.py took 0.130 seconds
[2026-09-03T20:19:16.211+0000] {processor.py:161} INFO - Started process (PID=50256) to work on /opt/airflow/dags/spark_pipeline_dag.py
[2026-09-03T20:19:16.212+0000] {processor.py:830} INFO - Processing file /opt/airflow/dags/spark_pipeline_dag.py for tasks to queue
[2026-09-03T20:19:16.213+0000] {logging_mixin.py:188} INFO - [2026-09-03T20:19:16.213+0000] {dagbag.py:538} INFO - Filling up the DagBag from /opt/airflow/dags/spark_pipeline_dag.py
[2026-09-03T20:19:16.233+0000] {processor.py:840} INFO - DAG(s) 'air_quality_pipeline' retrieved from /opt/airflow/dags/spark_pipeline_dag.py
[2026-09-03T20:19:16.253+0000] {logging_mixin.py:188} INFO - [2026-09-03T20:19:16.253+0000] {dag.py:3036} INFO - Sync 1 DAGs
[2026-09-03T20:19:16.275+0000] {logging_mixin.py:188} INFO - [2026-09-03T20:19:16.275+0000] {dag.py:3823} INFO - Setting next_dagrun for air_quality_pipeline to 2026-09-03 20:05:00+00:00, run_after=2026-09-03 21:05:00+00:00
[2026-09-03T20:19:16.292+0000] {processor.py:183} INFO - Processing /opt/airflow/dags/spark_pipeline_dag.py took 0.084 seconds
[2026-09-03T20:19:46.739+0000] {processor.py:161} INFO - Started process (PID=50266) to work on /opt/airflow/dags/spark_pipeline_dag.py
[2026-09-03T20:19:46.740+0000] {processor.py:830} INFO - Processing file /opt/airflow/dags/spark_pipeline_dag.py for tasks to queue
[2026-09-03T20:19:46.741+0000] {logging_mixin.py:188} INFO - [2026-09-03T20:19:46.741+0000] {dagbag.py:538} INFO - Filling up the DagBag from /opt/airflow/dags/spark_pipeline_dag.py
[2026-09-03T20:19:46.771+0000] {processor.py:840} INFO - DAG(s) 'air_quality_pipeline' retrieved from /opt/airflow/dags/spark_pipeline_dag.py
[2026-09-03T20:19:46.795+0000] {logging_mixin.py:188} INFO - [2026-09-03T20:19:46.795+0000] {dag.py:3036} INFO - Sync 1 DAGs
[2026-09-03T20:19:46.814+0000] {logging_mixin.py:188} INFO - [2026-09-03T20:19:46.814+0000] {dag.py:3823} INFO - Setting next_dagrun for air_quality_pipeline to 2026-09-03 20:05:00+00:00, run_after=2026-09-03 21:05:00+00:00
[2026-09-03T20:19:46.861+0000] {processor.py:183} INFO - Processing /opt/airflow/dags/spark_pipeline_dag.py took 0.126 seconds
[2026-09-03T20:20:17.211+0000] {processor.py:161} INFO - Started process (PID=50276) to work on /opt/airflow/dags/spark_pipeline_dag.py
[2026-09-03T20:20:17.212+0000] {processor.py:830} INFO - Processing file /opt/airflow/dags/spark_pipeline_dag.py for tasks to queue
[2026-09-03T20:20:17.214+0000] {logging_mixin.py:188} INFO - [2026-09-03T20:20:17.213+0000] {dagbag.py:538} INFO - Filling up the DagBag from /opt/airflow/dags/spark_pipeline_dag.py
[2026-09-03T20:20:17.238+0000] {processor.py:840} INFO - DAG(s) 'air_quality_pipeline' retrieved from /opt/airflow/dags/spark_pipeline_dag.py
[2026-09-03T20:20:17.264+0000] {logging_mixin.py:188} INFO - [2026-09-03T20:20:17.263+0000] {dag.py:3036} INFO - Sync 1 DAGs
[2026-09-03T20:20:17.291+0000] {logging_mixin.py:188} INFO - [2026-09-03T20:20:17.291+0000] {dag.py:3823} INFO - Setting next_dagrun for air_quality_pipeline to 2026-09-03 20:05:00+00:00, run_after=2026-09-03 21:05:00+00:00
[2026-09-03T20:20:17.333+0000] {processor.py:183} INFO - Processing /opt/airflow/dags/spark_pipeline_dag.py took 0.126 seconds
[2026-09-03T20:20:47.702+0000] {processor.py:161} INFO - Started process (PID=50286) to work on /opt/airflow/dags/spark_pipeline_dag.py
[2026-09-03T20:20:47.703+0000] {processor.py:830} INFO - Processing file /opt/airflow/dags/spark_pipeline_dag.py for tasks to queue
[2026-09-03T20:20:47.704+0000] {logging_mixin.py:188} INFO - [2026-09-03T20:20:47.704+0000] {dagbag.py:538} INFO - Filling up the DagBag from /opt/airflow/dags/spark_pipeline_dag.py
[2026-09-03T20:20:47.737+0000] {processor.py:840} INFO - DAG(s) 'air_quality_pipeline' retrieved from /opt/airflow/dags/spark_pipeline_dag.py
[2026-09-03T20:20:47.762+0000] {logging_mixin.py:188} INFO - [2026-09-03T20:20:47.762+0000] {dag.py:3036} INFO - Sync 1 DAGs
[2026-09-03T20:20:47.788+0000] {logging_mixin.py:188} INFO - [2026-09-03T20:20:47.788+0000] {dag.py:3823} INFO - Setting next_dagrun for air_quality_pipeline to 2026-09-03 20:05:00+00:00, run_after=2026-09-03 21:05:00+00:00
[2026-09-03T20:20:47.806+0000] {processor.py:183} INFO - Processing /opt/airflow/dags/spark_pipeline_dag.py took 0.107 seconds
[2026-09-03T20:21:18.236+0000] {processor.py:161} INFO - Started process (PID=50296) to work on /opt/airflow/dags/spark_pipeline_dag.py
[2026-09-03T20:21:18.238+0000] {processor.py:830} INFO - Processing file /opt/airflow/dags/spark_pipeline_dag.py for tasks to queue
[2026-09-03T20:21:18.240+0000] {logging_mixin.py:188} INFO - [2026-09-03T20:21:18.239+0000] {dagbag.py:538} INFO - Filling up the DagBag from /opt/airflow/dags/spark_pipeline_dag.py
[2026-09-03T20:21:18.264+0000] {processor.py:840} INFO - DAG(s) 'air_quality_pipeline' retrieved from /opt/airflow/dags/spark_pipeline_dag.py
[2026-09-03T20:21:18.292+0000] {logging_mixin.py:188} INFO - [2026-09-03T20:21:18.292+0000] {dag.py:3036} INFO - Sync 1 DAGs
[2026-09-03T20:21:18.318+0000] {logging_mixin.py:188} INFO - [2026-09-03T20:21:18.318+0000] {dag.py:3823} INFO - Setting next_dagrun for air_quality_pipeline to 2026-09-03 20:05:00+00:00, run_after=2026-09-03 21:05:00+00:00
[2026-09-03T20:21:18.357+0000] {processor.py:183} INFO - Processing /opt/airflow/dags/spark_pipeline_dag.py took 0.125 seconds
[2026-09-03T20:21:48.757+0000] {processor.py:161} INFO - Started process (PID=50306) to work on /opt/airflow/dags/spark_pipeline_dag.py
[2026-09-03T20:21:48.759+0000] {processor.py:830} INFO - Processing file /opt/airflow/dags/spark_pipeline_dag.py for tasks to queue
[2026-09-03T20:21:48.760+0000] {logging_mixin.py:188} INFO - [2026-09-03T20:21:48.760+0000] {dagbag.py:538} INFO - Filling up the DagBag from /opt/airflow/dags/spark_pipeline_dag.py
[2026-09-03T20:21:48.785+0000] {processor.py:840} INFO - DAG(s) 'air_quality_pipeline' retrieved from /opt/airflow/dags/spark_pipeline_dag.py
[2026-09-03T20:21:48.812+0000] {logging_mixin.py:188} INFO - [2026-09-03T20:21:48.811+0000] {dag.py:3036} INFO - Sync 1 DAGs
[2026-09-03T20:21:48.831+0000] {logging_mixin.py:188} INFO - [2026-09-03T20:21:48.831+0000] {dag.py:3823} INFO - Setting next_dagrun for air_quality_pipeline to 2026-09-03 20:05:00+00:00, run_after=2026-09-03 21:05:00+00:00
[2026-09-03T20:21:48.850+0000] {processor.py:183} INFO - Processing /opt/airflow/dags/spark_pipeline_dag.py took 0.098 seconds
[2026-09-03T20:22:19.195+0000] {processor.py:161} INFO - Started process (PID=50316) to work on /opt/airflow/dags/spark_pipeline_dag.py
[2026-09-03T20:22:19.196+0000] {processor.py:830} INFO - Processing file /opt/airflow/dags/spark_pipeline_dag.py for tasks to queue
[2026-09-03T20:22:19.197+0000] {logging_mixin.py:188} INFO - [2026-09-03T20:22:19.197+0000] {dagbag.py:538} INFO - Filling up the DagBag from /opt/airflow/dags/spark_pipeline_dag.py
[2026-09-03T20:22:19.211+0000] {processor.py:840} INFO - DAG(s) 'air_quality_pipeline' retrieved from /opt/airflow/dags/spark_pipeline_dag.py
[2026-09-03T20:22:19.233+0000] {logging_mixin.py:188} INFO - [2026-09-03T20:22:19.233+0000] {dag.py:3036} INFO - Sync 1 DAGs
[2026-09-03T20:22:19.252+0000] {logging_mixin.py:188} INFO - [2026-09-03T20:22:19.252+0000] {dag.py:3823} INFO - Setting next_dagrun for air_quality_pipeline to 2026-09-03 20:05:00+00:00, run_after=2026-09-03 21:05:00+00:00
[2026-09-03T20:22:19.288+0000] {processor.py:183} INFO - Processing /opt/airflow/dags/spark_pipeline_dag.py took 0.097 seconds
[2026-09-03T20:22:49.625+0000] {processor.py:161} INFO - Started process (PID=50326) to work on /opt/airflow/dags/spark_pipeline_dag.py
[2026-09-03T20:22:49.627+0000] {processor.py:830} INFO - Processing file /opt/airflow/dags/spark_pipeline_dag.py for tasks to queue
[2026-09-03T20:22:49.628+0000] {logging_mixin.py:188} INFO - [2026-09-03T20:22:49.628+0000] {dagbag.py:538} INFO - Filling up the DagBag from /opt/airflow/dags/spark_pipeline_dag.py
[2026-09-03T20:22:49.655+0000] {processor.py:840} INFO - DAG(s) 'air_quality_pipeline' retrieved from /opt/airflow/dags/spark_pipeline_dag.py
[2026-09-03T20:22:49.697+0000] {logging_mixin.py:188} INFO - [2026-09-03T20:22:49.697+0000] {dag.py:3036} INFO - Sync 1 DAGs
[2026-09-03T20:22:49.723+0000] {logging_mixin.py:188} INFO - [2026-09-03T20:22:49.722+0000] {dag.py:3823} INFO - Setting next_dagrun for air_quality_pipeline to 2026-09-03 20:05:00+00:00, run_after=2026-09-03 21:05:00+00:00
[2026-09-03T20:22:49.743+0000] {processor.py:183} INFO - Processing /opt/airflow/dags/spark_pipeline_dag.py took 0.123 seconds
[2026-09-03T20:23:20.144+0000] {processor.py:161} INFO - Started process (PID=50336) to work on /opt/airflow/dags/spark_pipeline_dag.py
[2026-09-03T20:23:20.146+0000] {processor.py:830} INFO - Processing file /opt/airflow/dags/spark_pipeline_dag.py for tasks to queue
[2026-09-03T20:23:20.147+0000] {logging_mixin.py:188} INFO - [2026-09-03T20:23:20.147+0000] {dagbag.py:538} INFO - Filling up the DagBag from /opt/airflow/dags/spark_pipeline_dag.py
[2026-09-03T20:23:20.167+0000] {processor.py:840} INFO - DAG(s) 'air_quality_pipeline' retrieved from /opt/airflow/dags/spark_pipeline_dag.py
[2026-09-03T20:23:20.187+0000] {logging_mixin.py:188} INFO - [2026-09-03T20:23:20.186+0000] {dag.py:3036} INFO - Sync 1 DAGs
[2026-09-03T20:23:20.205+0000] {logging_mixin.py:188} INFO - [2026-09-03T20:23:20.204+0000] {dag.py:3823} INFO - Setting next_dagrun for air_quality_pipeline to 2026-09-03 20:05:00+00:00, run_after=2026-09-03 21:05:00+00:00
[2026-09-03T20:23:20.220+0000] {processor.py:183} INFO - Processing /opt/airflow/dags/spark_pipeline_dag.py took 0.080 seconds
[2026-09-03T20:23:50.629+0000] {processor.py:161} INFO - Started process (PID=50346) to work on /opt/airflow/dags/spark_pipeline_dag.py
[2026-09-03T20:23:50.630+0000] {processor.py:830} INFO - Processing file /opt/airflow/dags/spark_pipeline_dag.py for tasks to queue
[2026-09-03T20:23:50.631+0000] {logging_mixin.py:188} INFO - [2026-09-03T20:23:50.631+0000] {dagbag.py:538} INFO - Filling up the DagBag from /opt/airflow/dags/spark_pipeline_dag.py
[2026-09-03T20:23:50.649+0000] {processor.py:840} INFO - DAG(s) 'air_quality_pipeline' retrieved from /opt/airflow/dags/spark_pipeline_dag.py
[2026-09-03T20:23:50.669+0000] {logging_mixin.py:188} INFO - [2026-09-03T20:23:50.669+0000] {dag.py:3036} INFO - Sync 1 DAGs
[2026-09-03T20:23:50.686+0000] {logging_mixin.py:188} INFO - [2026-09-03T20:23:50.686+0000] {dag.py:3823} INFO - Setting next_dagrun for air_quality_pipeline to 2026-09-03 20:05:00+00:00, run_after=2026-09-03 21:05:00+00:00
[2026-09-03T20:23:50.722+0000] {processor.py:183} INFO - Processing /opt/airflow/dags/spark_pipeline_dag.py took 0.096 seconds
[2026-09-03T20:24:21.048+0000] {processor.py:161} INFO - Started process (PID=50356) to work on /opt/airflow/dags/spark_pipeline_dag.py
[2026-09-03T20:24:21.050+0000] {processor.py:830} INFO - Processing file /opt/airflow/dags/spark_pipeline_dag.py for tasks to queue
[2026-09-03T20:24:21.051+0000] {logging_mixin.py:188} INFO - [2026-09-03T20:24:21.051+0000] {dagbag.py:538} INFO - Filling up the DagBag from /opt/airflow/dags/spark_pipeline_dag.py
[2026-09-03T20:24:21.066+0000] {processor.py:840} INFO - DAG(s) 'air_quality_pipeline' retrieved from /opt/airflow/dags/spark_pipeline_dag.py
[2026-09-03T20:24:21.086+0000] {logging_mixin.py:188} INFO - [2026-09-03T20:24:21.086+0000] {dag.py:3036} INFO - Sync 1 DAGs
[2026-09-03T20:24:21.102+0000] {logging_mixin.py:188} INFO - [2026-09-03T20:24:21.102+0000] {dag.py:3823} INFO - Setting next_dagrun for air_quality_pipeline to 2026-09-03 20:05:00+00:00, run_after=2026-09-03 21:05:00+00:00
[2026-09-03T20:24:21.141+0000] {processor.py:183} INFO - Processing /opt/airflow/dags/spark_pipeline_dag.py took 0.096 seconds
[2026-09-03T20:24:51.557+0000] {processor.py:161} INFO - Started process (PID=50366) to work on /opt/airflow/dags/spark_pipeline_dag.py
[2026-09-03T20:24:51.558+0000] {processor.py:830} INFO - Processing file /opt/airflow/dags/spark_pipeline_dag.py for tasks to queue
[2026-09-03T20:24:51.560+0000] {logging_mixin.py:188} INFO - [2026-09-03T20:24:51.560+0000] {dagbag.py:538} INFO - Filling up the DagBag from /opt/airflow/dags/spark_pipeline_dag.py
[2026-09-03T20:24:51.586+0000] {processor.py:840} INFO - DAG(s) 'air_quality_pipeline' retrieved from /opt/airflow/dags/spark_pipeline_dag.py
[2026-09-03T20:24:51.616+0000] {logging_mixin.py:188} INFO - [2026-09-03T20:24:51.615+0000] {dag.py:3036} INFO - Sync 1 DAGs
[2026-09-03T20:24:51.641+0000] {logging_mixin.py:188} INFO - [2026-09-03T20:24:51.641+0000] {dag.py:3823} INFO - Setting next_dagrun for air_quality_pipeline to 2026-09-03 20:05:00+00:00, run_after=2026-09-03 21:05:00+00:00
[2026-09-03T20:24:51.679+0000] {processor.py:183} INFO - Processing /opt/airflow/dags/spark_pipeline_dag.py took 0.126 seconds
[2026-09-03T20:25:22.029+0000] {processor.py:161} INFO - Started process (PID=50376) to work on /opt/airflow/dags/spark_pipeline_dag.py
[2026-09-03T20:25:22.030+0000] {processor.py:830} INFO - Processing file /opt/airflow/dags/spark_pipeline_dag.py for tasks to queue
[2026-09-03T20:25:22.031+0000] {logging_mixin.py:188} INFO - [2026-09-03T20:25:22.031+0000] {dagbag.py:538} INFO - Filling up the DagBag from /opt/airflow/dags/spark_pipeline_dag.py
[2026-09-03T20:25:22.057+0000] {processor.py:840} INFO - DAG(s) 'air_quality_pipeline' retrieved from /opt/airflow/dags/spark_pipeline_dag.py
[2026-09-03T20:25:22.075+0000] {logging_mixin.py:188} INFO - [2026-09-03T20:25:22.075+0000] {dag.py:3036} INFO - Sync 1 DAGs
[2026-09-03T20:25:22.093+0000] {logging_mixin.py:188} INFO - [2026-09-03T20:25:22.093+0000] {dag.py:3823} INFO - Setting next_dagrun for air_quality_pipeline to 2026-09-03 20:05:00+00:00, run_after=2026-09-03 21:05:00+00:00
[2026-09-03T20:25:22.112+0000] {processor.py:183} INFO - Processing /opt/airflow/dags/spark_pipeline_dag.py took 0.088 seconds
[2026-09-03T20:25:52.523+0000] {processor.py:161} INFO - Started process (PID=50386) to work on /opt/airflow/dags/spark_pipeline_dag.py
[2026-09-03T20:25:52.524+0000] {processor.py:830} INFO - Processing file /opt/airflow/dags/spark_pipeline_dag.py for tasks to queue
[2026-09-03T20:25:52.525+0000] {logging_mixin.py:188} INFO - [2026-09-03T20:25:52.525+0000] {dagbag.py:538} INFO - Filling up the DagBag from /opt/airflow/dags/spark_pipeline_dag.py
[2026-09-03T20:25:52.542+0000] {processor.py:840} INFO - DAG(s) 'air_quality_pipeline' retrieved from /opt/airflow/dags/spark_pipeline_dag.py
[2026-09-03T20:25:52.560+0000] {logging_mixin.py:188} INFO - [2026-09-03T20:25:52.560+0000] {dag.py:3036} INFO - Sync 1 DAGs
[2026-09-03T20:25:52.576+0000] {logging_mixin.py:188} INFO - [2026-09-03T20:25:52.576+0000] {dag.py:3823} INFO - Setting next_dagrun for air_quality_pipeline to 2026-09-03 20:05:00+00:00, run_after=2026-09-03 21:05:00+00:00
[2026-09-03T20:25:52.631+0000] {processor.py:183} INFO - Processing /opt/airflow/dags/spark_pipeline_dag.py took 0.112 seconds
[2026-09-03T20:26:23.014+0000] {processor.py:161} INFO - Started process (PID=50396) to work on /opt/airflow/dags/spark_pipeline_dag.py
[2026-09-03T20:26:23.015+0000] {processor.py:830} INFO - Processing file /opt/airflow/dags/spark_pipeline_dag.py for tasks to queue
[2026-09-03T20:26:23.016+0000] {logging_mixin.py:188} INFO - [2026-09-03T20:26:23.016+0000] {dagbag.py:538} INFO - Filling up the DagBag from /opt/airflow/dags/spark_pipeline_dag.py
[2026-09-03T20:26:23.040+0000] {processor.py:840} INFO - DAG(s) 'air_quality_pipeline' retrieved from /opt/airflow/dags/spark_pipeline_dag.py
[2026-09-03T20:26:23.060+0000] {logging_mixin.py:188} INFO - [2026-09-03T20:26:23.059+0000] {dag.py:3036} INFO - Sync 1 DAGs
[2026-09-03T20:26:23.076+0000] {logging_mixin.py:188} INFO - [2026-09-03T20:26:23.076+0000] {dag.py:3823} INFO - Setting next_dagrun for air_quality_pipeline to 2026-09-03 20:05:00+00:00, run_after=2026-09-03 21:05:00+00:00
[2026-09-03T20:26:23.092+0000] {processor.py:183} INFO - Processing /opt/airflow/dags/spark_pipeline_dag.py took 0.082 seconds
[2026-09-03T20:26:53.555+0000] {processor.py:161} INFO - Started process (PID=50406) to work on /opt/airflow/dags/spark_pipeline_dag.py
[2026-09-03T20:26:53.556+0000] {processor.py:830} INFO - Processing file /opt/airflow/dags/spark_pipeline_dag.py for tasks to queue
[2026-09-03T20:26:53.557+0000] {logging_mixin.py:188} INFO - [2026-09-03T20:26:53.557+0000] {dagbag.py:538} INFO - Filling up the DagBag from /opt/airflow/dags/spark_pipeline_dag.py
[2026-09-03T20:26:53.593+0000] {processor.py:840} INFO - DAG(s) 'air_quality_pipeline' retrieved from /opt/airflow/dags/spark_pipeline_dag.py
[2026-09-03T20:26:53.609+0000] {logging_mixin.py:188} INFO - [2026-09-03T20:26:53.609+0000] {dag.py:3036} INFO - Sync 1 DAGs
[2026-09-03T20:26:53.634+0000] {logging_mixin.py:188} INFO - [2026-09-03T20:26:53.634+0000] {dag.py:3823} INFO - Setting next_dagrun for air_quality_pipeline to 2026-09-03 20:05:00+00:00, run_after=2026-09-03 21:05:00+00:00
[2026-09-03T20:26:53.648+0000] {processor.py:183} INFO - Processing /opt/airflow/dags/spark_pipeline_dag.py took 0.097 seconds
[2026-09-03T20:27:24.334+0000] {processor.py:161} INFO - Started process (PID=50416) to work on /opt/airflow/dags/spark_pipeline_dag.py
[2026-09-03T20:27:24.335+0000] {processor.py:830} INFO - Processing file /opt/airflow/dags/spark_pipeline_dag.py for tasks to queue
[2026-09-03T20:27:24.336+0000] {logging_mixin.py:188} INFO - [2026-09-03T20:27:24.336+0000] {dagbag.py:538} INFO - Filling up the DagBag from /opt/airflow/dags/spark_pipeline_dag.py
[2026-09-03T20:27:24.366+0000] {processor.py:840} INFO - DAG(s) 'air_quality_pipeline' retrieved from /opt/airflow/dags/spark_pipeline_dag.py
[2026-09-03T20:27:24.390+0000] {logging_mixin.py:188} INFO - [2026-09-03T20:27:24.390+0000] {dag.py:3036} INFO - Sync 1 DAGs
[2026-09-03T20:27:24.418+0000] {logging_mixin.py:188} INFO - [2026-09-03T20:27:24.418+0000] {dag.py:3823} INFO - Setting next_dagrun for air_quality_pipeline to 2026-09-03 20:05:00+00:00, run_after=2026-09-03 21:05:00+00:00
[2026-09-03T20:27:24.450+0000] {processor.py:183} INFO - Processing /opt/airflow/dags/spark_pipeline_dag.py took 0.120 seconds
[2026-09-03T20:27:55.444+0000] {processor.py:161} INFO - Started process (PID=50426) to work on /opt/airflow/dags/spark_pipeline_dag.py
[2026-09-03T20:27:55.446+0000] {processor.py:830} INFO - Processing file /opt/airflow/dags/spark_pipeline_dag.py for tasks to queue
[2026-09-03T20:27:55.446+0000] {logging_mixin.py:188} INFO - [2026-09-03T20:27:55.446+0000] {dagbag.py:538} INFO - Filling up the DagBag from /opt/airflow/dags/spark_pipeline_dag.py
[2026-09-03T20:27:55.468+0000] {processor.py:840} INFO - DAG(s) 'air_quality_pipeline' retrieved from /opt/airflow/dags/spark_pipeline_dag.py
[2026-09-03T20:27:55.488+0000] {logging_mixin.py:188} INFO - [2026-09-03T20:27:55.488+0000] {dag.py:3036} INFO - Sync 1 DAGs
[2026-09-03T20:27:55.508+0000] {logging_mixin.py:188} INFO - [2026-09-03T20:27:55.507+0000] {dag.py:3823} INFO - Setting next_dagrun for air_quality_pipeline to 2026-09-03 20:05:00+00:00, run_after=2026-09-03 21:05:00+00:00
[2026-09-03T20:27:55.523+0000] {processor.py:183} INFO - Processing /opt/airflow/dags/spark_pipeline_dag.py took 0.081 seconds
[2026-09-03T20:28:26.198+0000] {processor.py:161} INFO - Started process (PID=50436) to work on /opt/airflow/dags/spark_pipeline_dag.py
[2026-09-03T20:28:26.199+0000] {processor.py:830} INFO - Processing file /opt/airflow/dags/spark_pipeline_dag.py for tasks to queue
[2026-09-03T20:28:26.200+0000] {logging_mixin.py:188} INFO - [2026-09-03T20:28:26.199+0000] {dagbag.py:538} INFO - Filling up the DagBag from /opt/airflow/dags/spark_pipeline_dag.py
[2026-09-03T20:28:26.231+0000] {processor.py:840} INFO - DAG(s) 'air_quality_pipeline' retrieved from /opt/airflow/dags/spark_pipeline_dag.py
[2026-09-03T20:28:26.250+0000] {logging_mixin.py:188} INFO - [2026-09-03T20:28:26.250+0000] {dag.py:3036} INFO - Sync 1 DAGs
[2026-09-03T20:28:26.268+0000] {logging_mixin.py:188} INFO - [2026-09-03T20:28:26.268+0000] {dag.py:3823} INFO - Setting next_dagrun for air_quality_pipeline to 2026-09-03 20:05:00+00:00, run_after=2026-09-03 21:05:00+00:00
[2026-09-03T20:28:26.285+0000] {processor.py:183} INFO - Processing /opt/airflow/dags/spark_pipeline_dag.py took 0.090 seconds
[2026-09-03T20:28:56.474+0000] {processor.py:161} INFO - Started process (PID=50446) to work on /opt/airflow/dags/spark_pipeline_dag.py
[2026-09-03T20:28:56.475+0000] {processor.py:830} INFO - Processing file /opt/airflow/dags/spark_pipeline_dag.py for tasks to queue
[2026-09-03T20:28:56.476+0000] {logging_mixin.py:188} INFO - [2026-09-03T20:28:56.476+0000] {dagbag.py:538} INFO - Filling up the DagBag from /opt/airflow/dags/spark_pipeline_dag.py
[2026-09-03T20:28:56.498+0000] {processor.py:840} INFO - DAG(s) 'air_quality_pipeline' retrieved from /opt/airflow/dags/spark_pipeline_dag.py
[2026-09-03T20:28:56.516+0000] {logging_mixin.py:188} INFO - [2026-09-03T20:28:56.516+0000] {dag.py:3036} INFO - Sync 1 DAGs
[2026-09-03T20:28:56.534+0000] {logging_mixin.py:188} INFO - [2026-09-03T20:28:56.534+0000] {dag.py:3823} INFO - Setting next_dagrun for air_quality_pipeline to 2026-09-03 20:05:00+00:00, run_after=2026-09-03 21:05:00+00:00
[2026-09-03T20:28:56.550+0000] {processor.py:183} INFO - Processing /opt/airflow/dags/spark_pipeline_dag.py took 0.078 seconds
[2026-09-03T20:29:26.861+0000] {processor.py:161} INFO - Started process (PID=50456) to work on /opt/airflow/dags/spark_pipeline_dag.py
[2026-09-03T20:29:26.863+0000] {processor.py:830} INFO - Processing file /opt/airflow/dags/spark_pipeline_dag.py for tasks to queue
[2026-09-03T20:29:26.865+0000] {logging_mixin.py:188} INFO - [2026-09-03T20:29:26.864+0000] {dagbag.py:538} INFO - Filling up the DagBag from /opt/airflow/dags/spark_pipeline_dag.py
[2026-09-03T20:29:26.899+0000] {processor.py:840} INFO - DAG(s) 'air_quality_pipeline' retrieved from /opt/airflow/dags/spark_pipeline_dag.py
[2026-09-03T20:29:26.917+0000] {logging_mixin.py:188} INFO - [2026-09-03T20:29:26.917+0000] {dag.py:3036} INFO - Sync 1 DAGs
[2026-09-03T20:29:26.935+0000] {logging_mixin.py:188} INFO - [2026-09-03T20:29:26.935+0000] {dag.py:3823} INFO - Setting next_dagrun for air_quality_pipeline to 2026-09-03 20:05:00+00:00, run_after=2026-09-03 21:05:00+00:00
[2026-09-03T20:29:26.954+0000] {processor.py:183} INFO - Processing /opt/airflow/dags/spark_pipeline_dag.py took 0.096 seconds
[2026-09-03T20:29:57.523+0000] {processor.py:161} INFO - Started process (PID=50466) to work on /opt/airflow/dags/spark_pipeline_dag.py
[2026-09-03T20:29:57.524+0000] {processor.py:830} INFO - Processing file /opt/airflow/dags/spark_pipeline_dag.py for tasks to queue
[2026-09-03T20:29:57.526+0000] {logging_mixin.py:188} INFO - [2026-09-03T20:29:57.526+0000] {dagbag.py:538} INFO - Filling up the DagBag from /opt/airflow/dags/spark_pipeline_dag.py
[2026-09-03T20:29:57.563+0000] {processor.py:840} INFO - DAG(s) 'air_quality_pipeline' retrieved from /opt/airflow/dags/spark_pipeline_dag.py
[2026-09-03T20:29:57.580+0000] {logging_mixin.py:188} INFO - [2026-09-03T20:29:57.579+0000] {dag.py:3036} INFO - Sync 1 DAGs
[2026-09-03T20:29:57.597+0000] {logging_mixin.py:188} INFO - [2026-09-03T20:29:57.597+0000] {dag.py:3823} INFO - Setting next_dagrun for air_quality_pipeline to 2026-09-03 20:05:00+00:00, run_after=2026-09-03 21:05:00+00:00
[2026-09-03T20:29:57.614+0000] {processor.py:183} INFO - Processing /opt/airflow/dags/spark_pipeline_dag.py took 0.094 seconds
[2026-09-03T20:30:27.996+0000] {processor.py:161} INFO - Started process (PID=50476) to work on /opt/airflow/dags/spark_pipeline_dag.py
[2026-09-03T20:30:27.997+0000] {processor.py:830} INFO - Processing file /opt/airflow/dags/spark_pipeline_dag.py for tasks to queue
[2026-09-03T20:30:27.998+0000] {logging_mixin.py:188} INFO - [2026-09-03T20:30:27.998+0000] {dagbag.py:538} INFO - Filling up the DagBag from /opt/airflow/dags/spark_pipeline_dag.py
[2026-09-03T20:30:28.017+0000] {processor.py:840} INFO - DAG(s) 'air_quality_pipeline' retrieved from /opt/airflow/dags/spark_pipeline_dag.py
[2026-09-03T20:30:28.034+0000] {logging_mixin.py:188} INFO - [2026-09-03T20:30:28.034+0000] {dag.py:3036} INFO - Sync 1 DAGs
[2026-09-03T20:30:28.050+0000] {logging_mixin.py:188} INFO - [2026-09-03T20:30:28.049+0000] {dag.py:3823} INFO - Setting next_dagrun for air_quality_pipeline to 2026-09-03 20:05:00+00:00, run_after=2026-09-03 21:05:00+00:00
[2026-09-03T20:30:28.065+0000] {processor.py:183} INFO - Processing /opt/airflow/dags/spark_pipeline_dag.py took 0.071 seconds
[2026-09-03T20:30:58.442+0000] {processor.py:161} INFO - Started process (PID=50486) to work on /opt/airflow/dags/spark_pipeline_dag.py
[2026-09-03T20:30:58.446+0000] {processor.py:830} INFO - Processing file /opt/airflow/dags/spark_pipeline_dag.py for tasks to queue
[2026-09-03T20:30:58.450+0000] {logging_mixin.py:188} INFO - [2026-09-03T20:30:58.450+0000] {dagbag.py:538} INFO - Filling up the DagBag from /opt/airflow/dags/spark_pipeline_dag.py
[2026-09-03T20:30:58.475+0000] {processor.py:840} INFO - DAG(s) 'air_quality_pipeline' retrieved from /opt/airflow/dags/spark_pipeline_dag.py
[2026-09-03T20:30:58.493+0000] {logging_mixin.py:188} INFO - [2026-09-03T20:30:58.492+0000] {dag.py:3036} INFO - Sync 1 DAGs
[2026-09-03T20:30:58.508+0000] {logging_mixin.py:188} INFO - [2026-09-03T20:30:58.508+0000] {dag.py:3823} INFO - Setting next_dagrun for air_quality_pipeline to 2026-09-03 20:05:00+00:00, run_after=2026-09-03 21:05:00+00:00
[2026-09-03T20:30:58.527+0000] {processor.py:183} INFO - Processing /opt/airflow/dags/spark_pipeline_dag.py took 0.089 seconds
[2026-09-03T20:31:29.090+0000] {processor.py:161} INFO - Started process (PID=50496) to work on /opt/airflow/dags/spark_pipeline_dag.py
[2026-09-03T20:31:29.091+0000] {processor.py:830} INFO - Processing file /opt/airflow/dags/spark_pipeline_dag.py for tasks to queue
[2026-09-03T20:31:29.092+0000] {logging_mixin.py:188} INFO - [2026-09-03T20:31:29.092+0000] {dagbag.py:538} INFO - Filling up the DagBag from /opt/airflow/dags/spark_pipeline_dag.py
[2026-09-03T20:31:29.133+0000] {processor.py:840} INFO - DAG(s) 'air_quality_pipeline' retrieved from /opt/airflow/dags/spark_pipeline_dag.py
[2026-09-03T20:31:29.152+0000] {logging_mixin.py:188} INFO - [2026-09-03T20:31:29.151+0000] {dag.py:3036} INFO - Sync 1 DAGs
[2026-09-03T20:31:29.170+0000] {logging_mixin.py:188} INFO - [2026-09-03T20:31:29.170+0000] {dag.py:3823} INFO - Setting next_dagrun for air_quality_pipeline to 2026-09-03 20:05:00+00:00, run_after=2026-09-03 21:05:00+00:00
[2026-09-03T20:31:29.186+0000] {processor.py:183} INFO - Processing /opt/airflow/dags/spark_pipeline_dag.py took 0.099 seconds
[2026-09-03T20:31:59.580+0000] {processor.py:161} INFO - Started process (PID=50506) to work on /opt/airflow/dags/spark_pipeline_dag.py
[2026-09-03T20:31:59.581+0000] {processor.py:830} INFO - Processing file /opt/airflow/dags/spark_pipeline_dag.py for tasks to queue
[2026-09-03T20:31:59.582+0000] {logging_mixin.py:188} INFO - [2026-09-03T20:31:59.582+0000] {dagbag.py:538} INFO - Filling up the DagBag from /opt/airflow/dags/spark_pipeline_dag.py
[2026-09-03T20:31:59.597+0000] {processor.py:840} INFO - DAG(s) 'air_quality_pipeline' retrieved from /opt/airflow/dags/spark_pipeline_dag.py
[2026-09-03T20:31:59.616+0000] {logging_mixin.py:188} INFO - [2026-09-03T20:31:59.616+0000] {dag.py:3036} INFO - Sync 1 DAGs
[2026-09-03T20:31:59.638+0000] {logging_mixin.py:188} INFO - [2026-09-03T20:31:59.638+0000] {dag.py:3823} INFO - Setting next_dagrun for air_quality_pipeline to 2026-09-03 20:05:00+00:00, run_after=2026-09-03 21:05:00+00:00
[2026-09-03T20:31:59.652+0000] {processor.py:183} INFO - Processing /opt/airflow/dags/spark_pipeline_dag.py took 0.075 seconds
[2026-09-03T20:32:30.039+0000] {processor.py:161} INFO - Started process (PID=50516) to work on /opt/airflow/dags/spark_pipeline_dag.py
[2026-09-03T20:32:30.041+0000] {processor.py:830} INFO - Processing file /opt/airflow/dags/spark_pipeline_dag.py for tasks to queue
[2026-09-03T20:32:30.043+0000] {logging_mixin.py:188} INFO - [2026-09-03T20:32:30.042+0000] {dagbag.py:538} INFO - Filling up the DagBag from /opt/airflow/dags/spark_pipeline_dag.py
[2026-09-03T20:32:30.068+0000] {processor.py:840} INFO - DAG(s) 'air_quality_pipeline' retrieved from /opt/airflow/dags/spark_pipeline_dag.py
[2026-09-03T20:32:30.089+0000] {logging_mixin.py:188} INFO - [2026-09-03T20:32:30.089+0000] {dag.py:3036} INFO - Sync 1 DAGs
[2026-09-03T20:32:30.111+0000] {logging_mixin.py:188} INFO - [2026-09-03T20:32:30.110+0000] {dag.py:3823} INFO - Setting next_dagrun for air_quality_pipeline to 2026-09-03 20:05:00+00:00, run_after=2026-09-03 21:05:00+00:00
[2026-09-03T20:32:30.131+0000] {processor.py:183} INFO - Processing /opt/airflow/dags/spark_pipeline_dag.py took 0.096 seconds
[2026-09-03T20:33:00.418+0000] {processor.py:161} INFO - Started process (PID=50526) to work on /opt/airflow/dags/spark_pipeline_dag.py
[2026-09-03T20:33:00.419+0000] {processor.py:830} INFO - Processing file /opt/airflow/dags/spark_pipeline_dag.py for tasks to queue
[2026-09-03T20:33:00.420+0000] {logging_mixin.py:188} INFO - [2026-09-03T20:33:00.420+0000] {dagbag.py:538} INFO - Filling up the DagBag from /opt/airflow/dags/spark_pipeline_dag.py
[2026-09-03T20:33:00.446+0000] {processor.py:840} INFO - DAG(s) 'air_quality_pipeline' retrieved from /opt/airflow/dags/spark_pipeline_dag.py
[2026-09-03T20:33:00.467+0000] {logging_mixin.py:188} INFO - [2026-09-03T20:33:00.467+0000] {dag.py:3036} INFO - Sync 1 DAGs
[2026-09-03T20:33:00.485+0000] {logging_mixin.py:188} INFO - [2026-09-03T20:33:00.485+0000] {dag.py:3823} INFO - Setting next_dagrun for air_quality_pipeline to 2026-09-03 20:05:00+00:00, run_after=2026-09-03 21:05:00+00:00
[2026-09-03T20:33:00.503+0000] {processor.py:183} INFO - Processing /opt/airflow/dags/spark_pipeline_dag.py took 0.088 seconds
[2026-09-03T20:33:30.791+0000] {processor.py:161} INFO - Started process (PID=50536) to work on /opt/airflow/dags/spark_pipeline_dag.py
[2026-09-03T20:33:30.792+0000] {processor.py:830} INFO - Processing file /opt/airflow/dags/spark_pipeline_dag.py for tasks to queue
[2026-09-03T20:33:30.793+0000] {logging_mixin.py:188} INFO - [2026-09-03T20:33:30.793+0000] {dagbag.py:538} INFO - Filling up the DagBag from /opt/airflow/dags/spark_pipeline_dag.py
[2026-09-03T20:33:30.818+0000] {processor.py:840} INFO - DAG(s) 'air_quality_pipeline' retrieved from /opt/airflow/dags/spark_pipeline_dag.py
[2026-09-03T20:33:30.837+0000] {logging_mixin.py:188} INFO - [2026-09-03T20:33:30.837+0000] {dag.py:3036} INFO - Sync 1 DAGs
[2026-09-03T20:33:30.855+0000] {logging_mixin.py:188} INFO - [2026-09-03T20:33:30.855+0000] {dag.py:3823} INFO - Setting next_dagrun for air_quality_pipeline to 2026-09-03 20:05:00+00:00, run_after=2026-09-03 21:05:00+00:00
[2026-09-03T20:33:30.869+0000] {processor.py:183} INFO - Processing /opt/airflow/dags/spark_pipeline_dag.py took 0.080 seconds
[2026-09-03T20:34:01.332+0000] {processor.py:161} INFO - Started process (PID=50546) to work on /opt/airflow/dags/spark_pipeline_dag.py
[2026-09-03T20:34:01.333+0000] {processor.py:830} INFO - Processing file /opt/airflow/dags/spark_pipeline_dag.py for tasks to queue
[2026-09-03T20:34:01.334+0000] {logging_mixin.py:188} INFO - [2026-09-03T20:34:01.334+0000] {dagbag.py:538} INFO - Filling up the DagBag from /opt/airflow/dags/spark_pipeline_dag.py
[2026-09-03T20:34:01.353+0000] {processor.py:840} INFO - DAG(s) 'air_quality_pipeline' retrieved from /opt/airflow/dags/spark_pipeline_dag.py
[2026-09-03T20:34:01.369+0000] {logging_mixin.py:188} INFO - [2026-09-03T20:34:01.369+0000] {dag.py:3036} INFO - Sync 1 DAGs
[2026-09-03T20:34:01.384+0000] {logging_mixin.py:188} INFO - [2026-09-03T20:34:01.384+0000] {dag.py:3823} INFO - Setting next_dagrun for air_quality_pipeline to 2026-09-03 20:05:00+00:00, run_after=2026-09-03 21:05:00+00:00
[2026-09-03T20:34:01.400+0000] {processor.py:183} INFO - Processing /opt/airflow/dags/spark_pipeline_dag.py took 0.070 seconds
[2026-09-03T20:34:31.928+0000] {processor.py:161} INFO - Started process (PID=50556) to work on /opt/airflow/dags/spark_pipeline_dag.py
[2026-09-03T20:34:31.929+0000] {processor.py:830} INFO - Processing file /opt/airflow/dags/spark_pipeline_dag.py for tasks to queue
[2026-09-03T20:34:31.930+0000] {logging_mixin.py:188} INFO - [2026-09-03T20:34:31.930+0000] {dagbag.py:538} INFO - Filling up the DagBag from /opt/airflow/dags/spark_pipeline_dag.py
[2026-09-03T20:34:31.946+0000] {processor.py:840} INFO - DAG(s) 'air_quality_pipeline' retrieved from /opt/airflow/dags/spark_pipeline_dag.py
[2026-09-03T20:34:31.962+0000] {logging_mixin.py:188} INFO - [2026-09-03T20:34:31.962+0000] {dag.py:3036} INFO - Sync 1 DAGs
[2026-09-03T20:34:31.979+0000] {logging_mixin.py:188} INFO - [2026-09-03T20:34:31.979+0000] {dag.py:3823} INFO - Setting next_dagrun for air_quality_pipeline to 2026-09-03 20:05:00+00:00, run_after=2026-09-03 21:05:00+00:00
[2026-09-03T20:34:32.000+0000] {processor.py:183} INFO - Processing /opt/airflow/dags/spark_pipeline_dag.py took 0.074 seconds
[2026-09-03T20:35:02.346+0000] {processor.py:161} INFO - Started process (PID=50566) to work on /opt/airflow/dags/spark_pipeline_dag.py
[2026-09-03T20:35:02.347+0000] {processor.py:830} INFO - Processing file /opt/airflow/dags/spark_pipeline_dag.py for tasks to queue
[2026-09-03T20:35:02.348+0000] {logging_mixin.py:188} INFO - [2026-09-03T20:35:02.348+0000] {dagbag.py:538} INFO - Filling up the DagBag from /opt/airflow/dags/spark_pipeline_dag.py
[2026-09-03T20:35:02.368+0000] {processor.py:840} INFO - DAG(s) 'air_quality_pipeline' retrieved from /opt/airflow/dags/spark_pipeline_dag.py
[2026-09-03T20:35:02.384+0000] {logging_mixin.py:188} INFO - [2026-09-03T20:35:02.384+0000] {dag.py:3036} INFO - Sync 1 DAGs
[2026-09-03T20:35:02.400+0000] {logging_mixin.py:188} INFO - [2026-09-03T20:35:02.400+0000] {dag.py:3823} INFO - Setting next_dagrun for air_quality_pipeline to 2026-09-03 20:05:00+00:00, run_after=2026-09-03 21:05:00+00:00
[2026-09-03T20:35:02.417+0000] {processor.py:183} INFO - Processing /opt/airflow/dags/spark_pipeline_dag.py took 0.073 seconds
[2026-09-03T20:35:33.055+0000] {processor.py:161} INFO - Started process (PID=50576) to work on /opt/airflow/dags/spark_pipeline_dag.py
[2026-09-03T20:35:33.060+0000] {processor.py:830} INFO - Processing file /opt/airflow/dags/spark_pipeline_dag.py for tasks to queue
[2026-09-03T20:35:33.065+0000] {logging_mixin.py:188} INFO - [2026-09-03T20:35:33.064+0000] {dagbag.py:538} INFO - Filling up the DagBag from /opt/airflow/dags/spark_pipeline_dag.py
[2026-09-03T20:35:33.080+0000] {processor.py:840} INFO - DAG(s) 'air_quality_pipeline' retrieved from /opt/airflow/dags/spark_pipeline_dag.py
[2026-09-03T20:35:33.096+0000] {logging_mixin.py:188} INFO - [2026-09-03T20:35:33.096+0000] {dag.py:3036} INFO - Sync 1 DAGs
[2026-09-03T20:35:33.111+0000] {logging_mixin.py:188} INFO - [2026-09-03T20:35:33.111+0000] {dag.py:3823} INFO - Setting next_dagrun for air_quality_pipeline to 2026-09-03 20:05:00+00:00, run_after=2026-09-03 21:05:00+00:00
[2026-09-03T20:35:33.139+0000] {processor.py:183} INFO - Processing /opt/airflow/dags/spark_pipeline_dag.py took 0.087 seconds
[2026-09-03T20:36:03.472+0000] {processor.py:161} INFO - Started process (PID=50586) to work on /opt/airflow/dags/spark_pipeline_dag.py
[2026-09-03T20:36:03.473+0000] {processor.py:830} INFO - Processing file /opt/airflow/dags/spark_pipeline_dag.py for tasks to queue
[2026-09-03T20:36:03.475+0000] {logging_mixin.py:188} INFO - [2026-09-03T20:36:03.474+0000] {dagbag.py:538} INFO - Filling up the DagBag from /opt/airflow/dags/spark_pipeline_dag.py
[2026-09-03T20:36:03.505+0000] {processor.py:840} INFO - DAG(s) 'air_quality_pipeline' retrieved from /opt/airflow/dags/spark_pipeline_dag.py
[2026-09-03T20:36:03.524+0000] {logging_mixin.py:188} INFO - [2026-09-03T20:36:03.524+0000] {dag.py:3036} INFO - Sync 1 DAGs
[2026-09-03T20:36:03.542+0000] {logging_mixin.py:188} INFO - [2026-09-03T20:36:03.542+0000] {dag.py:3823} INFO - Setting next_dagrun for air_quality_pipeline to 2026-09-03 20:05:00+00:00, run_after=2026-09-03 21:05:00+00:00
[2026-09-03T20:36:03.560+0000] {processor.py:183} INFO - Processing /opt/airflow/dags/spark_pipeline_dag.py took 0.092 seconds
[2026-09-03T20:36:34.119+0000] {processor.py:161} INFO - Started process (PID=50596) to work on /opt/airflow/dags/spark_pipeline_dag.py
[2026-09-03T20:36:34.120+0000] {processor.py:830} INFO - Processing file /opt/airflow/dags/spark_pipeline_dag.py for tasks to queue
[2026-09-03T20:36:34.121+0000] {logging_mixin.py:188} INFO - [2026-09-03T20:36:34.120+0000] {dagbag.py:538} INFO - Filling up the DagBag from /opt/airflow/dags/spark_pipeline_dag.py
[2026-09-03T20:36:34.147+0000] {processor.py:840} INFO - DAG(s) 'air_quality_pipeline' retrieved from /opt/airflow/dags/spark_pipeline_dag.py
[2026-09-03T20:36:34.165+0000] {logging_mixin.py:188} INFO - [2026-09-03T20:36:34.165+0000] {dag.py:3036} INFO - Sync 1 DAGs
[2026-09-03T20:36:34.190+0000] {logging_mixin.py:188} INFO - [2026-09-03T20:36:34.190+0000] {dag.py:3823} INFO - Setting next_dagrun for air_quality_pipeline to 2026-09-03 20:05:00+00:00, run_after=2026-09-03 21:05:00+00:00
[2026-09-03T20:36:34.204+0000] {processor.py:183} INFO - Processing /opt/airflow/dags/spark_pipeline_dag.py took 0.088 seconds
[2026-09-03T20:37:04.696+0000] {processor.py:161} INFO - Started process (PID=50606) to work on /opt/airflow/dags/spark_pipeline_dag.py
[2026-09-03T20:37:04.697+0000] {processor.py:830} INFO - Processing file /opt/airflow/dags/spark_pipeline_dag.py for tasks to queue
[2026-09-03T20:37:04.698+0000] {logging_mixin.py:188} INFO - [2026-09-03T20:37:04.698+0000] {dagbag.py:538} INFO - Filling up the DagBag from /opt/airflow/dags/spark_pipeline_dag.py
[2026-09-03T20:37:04.720+0000] {processor.py:840} INFO - DAG(s) 'air_quality_pipeline' retrieved from /opt/airflow/dags/spark_pipeline_dag.py
[2026-09-03T20:37:04.736+0000] {logging_mixin.py:188} INFO - [2026-09-03T20:37:04.736+0000] {dag.py:3036} INFO - Sync 1 DAGs
[2026-09-03T20:37:04.752+0000] {logging_mixin.py:188} INFO - [2026-09-03T20:37:04.752+0000] {dag.py:3823} INFO - Setting next_dagrun for air_quality_pipeline to 2026-09-03 20:05:00+00:00, run_after=2026-09-03 21:05:00+00:00
[2026-09-03T20:37:04.768+0000] {processor.py:183} INFO - Processing /opt/airflow/dags/spark_pipeline_dag.py took 0.076 seconds
[2026-09-03T20:37:35.232+0000] {processor.py:161} INFO - Started process (PID=50616) to work on /opt/airflow/dags/spark_pipeline_dag.py
[2026-09-03T20:37:35.233+0000] {processor.py:830} INFO - Processing file /opt/airflow/dags/spark_pipeline_dag.py for tasks to queue
[2026-09-03T20:37:35.234+0000] {logging_mixin.py:188} INFO - [2026-09-03T20:37:35.233+0000] {dagbag.py:538} INFO - Filling up the DagBag from /opt/airflow/dags/spark_pipeline_dag.py
[2026-09-03T20:37:35.257+0000] {processor.py:840} INFO - DAG(s) 'air_quality_pipeline' retrieved from /opt/airflow/dags/spark_pipeline_dag.py
[2026-09-03T20:37:35.273+0000] {logging_mixin.py:188} INFO - [2026-09-03T20:37:35.273+0000] {dag.py:3036} INFO - Sync 1 DAGs
[2026-09-03T20:37:35.288+0000] {logging_mixin.py:188} INFO - [2026-09-03T20:37:35.288+0000] {dag.py:3823} INFO - Setting next_dagrun for air_quality_pipeline to 2026-09-03 20:05:00+00:00, run_after=2026-09-03 21:05:00+00:00
[2026-09-03T20:37:35.303+0000] {processor.py:183} INFO - Processing /opt/airflow/dags/spark_pipeline_dag.py took 0.074 seconds
[2026-09-03T20:38:05.811+0000] {processor.py:161} INFO - Started process (PID=50626) to work on /opt/airflow/dags/spark_pipeline_dag.py
[2026-09-03T20:38:05.812+0000] {processor.py:830} INFO - Processing file /opt/airflow/dags/spark_pipeline_dag.py for tasks to queue
[2026-09-03T20:38:05.813+0000] {logging_mixin.py:188} INFO - [2026-09-03T20:38:05.813+0000] {dagbag.py:538} INFO - Filling up the DagBag from /opt/airflow/dags/spark_pipeline_dag.py
[2026-09-03T20:38:05.837+0000] {processor.py:840} INFO - DAG(s) 'air_quality_pipeline' retrieved from /opt/airflow/dags/spark_pipeline_dag.py
[2026-09-03T20:38:05.855+0000] {logging_mixin.py:188} INFO - [2026-09-03T20:38:05.854+0000] {dag.py:3036} INFO - Sync 1 DAGs
[2026-09-03T20:38:05.871+0000] {logging_mixin.py:188} INFO - [2026-09-03T20:38:05.871+0000] {dag.py:3823} INFO - Setting next_dagrun for air_quality_pipeline to 2026-09-03 20:05:00+00:00, run_after=2026-09-03 21:05:00+00:00
[2026-09-03T20:38:05.887+0000] {processor.py:183} INFO - Processing /opt/airflow/dags/spark_pipeline_dag.py took 0.079 seconds
[2026-09-03T20:38:36.387+0000] {processor.py:161} INFO - Started process (PID=50636) to work on /opt/airflow/dags/spark_pipeline_dag.py
[2026-09-03T20:38:36.389+0000] {processor.py:830} INFO - Processing file /opt/airflow/dags/spark_pipeline_dag.py for tasks to queue
[2026-09-03T20:38:36.390+0000] {logging_mixin.py:188} INFO - [2026-09-03T20:38:36.389+0000] {dagbag.py:538} INFO - Filling up the DagBag from /opt/airflow/dags/spark_pipeline_dag.py
[2026-09-03T20:38:36.411+0000] {processor.py:840} INFO - DAG(s) 'air_quality_pipeline' retrieved from /opt/airflow/dags/spark_pipeline_dag.py
[2026-09-03T20:38:36.426+0000] {logging_mixin.py:188} INFO - [2026-09-03T20:38:36.426+0000] {dag.py:3036} INFO - Sync 1 DAGs
[2026-09-03T20:38:36.442+0000] {logging_mixin.py:188} INFO - [2026-09-03T20:38:36.442+0000] {dag.py:3823} INFO - Setting next_dagrun for air_quality_pipeline to 2026-09-03 20:05:00+00:00, run_after=2026-09-03 21:05:00+00:00
[2026-09-03T20:38:36.458+0000] {processor.py:183} INFO - Processing /opt/airflow/dags/spark_pipeline_dag.py took 0.073 seconds
[2026-09-03T20:39:06.925+0000] {processor.py:161} INFO - Started process (PID=50646) to work on /opt/airflow/dags/spark_pipeline_dag.py
[2026-09-03T20:39:06.926+0000] {processor.py:830} INFO - Processing file /opt/airflow/dags/spark_pipeline_dag.py for tasks to queue
[2026-09-03T20:39:06.927+0000] {logging_mixin.py:188} INFO - [2026-09-03T20:39:06.927+0000] {dagbag.py:538} INFO - Filling up the DagBag from /opt/airflow/dags/spark_pipeline_dag.py
[2026-09-03T20:39:06.957+0000] {processor.py:840} INFO - DAG(s) 'air_quality_pipeline' retrieved from /opt/airflow/dags/spark_pipeline_dag.py
[2026-09-03T20:39:06.978+0000] {logging_mixin.py:188} INFO - [2026-09-03T20:39:06.978+0000] {dag.py:3036} INFO - Sync 1 DAGs
[2026-09-03T20:39:06.995+0000] {logging_mixin.py:188} INFO - [2026-09-03T20:39:06.995+0000] {dag.py:3823} INFO - Setting next_dagrun for air_quality_pipeline to 2026-09-03 20:05:00+00:00, run_after=2026-09-03 21:05:00+00:00
[2026-09-03T20:39:07.031+0000] {processor.py:183} INFO - Processing /opt/airflow/dags/spark_pipeline_dag.py took 0.108 seconds
[2026-09-03T20:40:42.407+0000] {processor.py:161} INFO - Started process (PID=50656) to work on /opt/airflow/dags/spark_pipeline_dag.py
[2026-09-03T20:40:42.410+0000] {processor.py:830} INFO - Processing file /opt/airflow/dags/spark_pipeline_dag.py for tasks to queue
[2026-09-03T20:40:42.423+0000] {logging_mixin.py:188} INFO - [2026-09-03T20:40:42.422+0000] {dagbag.py:538} INFO - Filling up the DagBag from /opt/airflow/dags/spark_pipeline_dag.py
[2026-09-03T20:59:54.538+0000] {processor.py:840} INFO - DAG(s) 'air_quality_pipeline' retrieved from /opt/airflow/dags/spark_pipeline_dag.py
[2026-09-03T20:59:54.734+0000] {logging_mixin.py:188} INFO - [2026-09-03T20:59:54.733+0000] {dag.py:3036} INFO - Sync 1 DAGs
[2026-09-03T20:59:54.924+0000] {logging_mixin.py:188} INFO - [2026-09-03T20:59:54.923+0000] {dag.py:3823} INFO - Setting next_dagrun for air_quality_pipeline to 2026-09-03 20:05:00+00:00, run_after=2026-09-03 21:05:00+00:00
[2026-09-03T20:59:55.042+0000] {processor.py:183} INFO - Processing /opt/airflow/dags/spark_pipeline_dag.py took 1.029 seconds
[2026-09-03T21:07:38.496+0000] {processor.py:161} INFO - Started process (PID=50671) to work on /opt/airflow/dags/spark_pipeline_dag.py
[2026-09-03T21:07:38.498+0000] {processor.py:830} INFO - Processing file /opt/airflow/dags/spark_pipeline_dag.py for tasks to queue
[2026-09-03T21:07:38.508+0000] {logging_mixin.py:188} INFO - [2026-09-03T21:07:38.500+0000] {dagbag.py:538} INFO - Filling up the DagBag from /opt/airflow/dags/spark_pipeline_dag.py
[2026-09-03T21:07:38.567+0000] {processor.py:840} INFO - DAG(s) 'air_quality_pipeline' retrieved from /opt/airflow/dags/spark_pipeline_dag.py
[2026-09-03T21:07:38.638+0000] {logging_mixin.py:188} INFO - [2026-09-03T21:07:38.637+0000] {dag.py:3036} INFO - Sync 1 DAGs
[2026-09-03T21:07:38.702+0000] {logging_mixin.py:188} INFO - [2026-09-03T21:07:38.701+0000] {dag.py:3823} INFO - Setting next_dagrun for air_quality_pipeline to 2026-09-03 21:05:00+00:00, run_after=2026-09-03 22:05:00+00:00
[2026-09-03T21:07:38.749+0000] {processor.py:183} INFO - Processing /opt/airflow/dags/spark_pipeline_dag.py took 0.260 seconds
[2026-09-03T21:08:16.682+0000] {processor.py:161} INFO - Started process (PID=50686) to work on /opt/airflow/dags/spark_pipeline_dag.py
[2026-09-03T21:08:16.684+0000] {processor.py:830} INFO - Processing file /opt/airflow/dags/spark_pipeline_dag.py for tasks to queue
[2026-09-03T21:08:16.687+0000] {logging_mixin.py:188} INFO - [2026-09-03T21:08:16.686+0000] {dagbag.py:538} INFO - Filling up the DagBag from /opt/airflow/dags/spark_pipeline_dag.py
[2026-09-03T21:08:16.792+0000] {processor.py:840} INFO - DAG(s) 'air_quality_pipeline' retrieved from /opt/airflow/dags/spark_pipeline_dag.py
[2026-09-03T21:08:16.819+0000] {logging_mixin.py:188} INFO - [2026-09-03T21:08:16.819+0000] {dag.py:3036} INFO - Sync 1 DAGs
[2026-09-03T21:08:16.848+0000] {logging_mixin.py:188} INFO - [2026-09-03T21:08:16.848+0000] {dag.py:3823} INFO - Setting next_dagrun for air_quality_pipeline to 2026-09-03 21:05:00+00:00, run_after=2026-09-03 22:05:00+00:00
[2026-09-03T21:08:16.882+0000] {processor.py:183} INFO - Processing /opt/airflow/dags/spark_pipeline_dag.py took 0.203 seconds
[2026-09-03T21:08:47.298+0000] {processor.py:161} INFO - Started process (PID=50696) to work on /opt/airflow/dags/spark_pipeline_dag.py
[2026-09-03T21:08:47.299+0000] {processor.py:830} INFO - Processing file /opt/airflow/dags/spark_pipeline_dag.py for tasks to queue
[2026-09-03T21:08:47.300+0000] {logging_mixin.py:188} INFO - [2026-09-03T21:08:47.300+0000] {dagbag.py:538} INFO - Filling up the DagBag from /opt/airflow/dags/spark_pipeline_dag.py
[2026-09-03T21:08:47.321+0000] {processor.py:840} INFO - DAG(s) 'air_quality_pipeline' retrieved from /opt/airflow/dags/spark_pipeline_dag.py
[2026-09-03T21:08:47.341+0000] {logging_mixin.py:188} INFO - [2026-09-03T21:08:47.341+0000] {dag.py:3036} INFO - Sync 1 DAGs
[2026-09-03T21:08:47.365+0000] {logging_mixin.py:188} INFO - [2026-09-03T21:08:47.365+0000] {dag.py:3823} INFO - Setting next_dagrun for air_quality_pipeline to 2026-09-03 21:05:00+00:00, run_after=2026-09-03 22:05:00+00:00
[2026-09-03T21:08:47.385+0000] {processor.py:183} INFO - Processing /opt/airflow/dags/spark_pipeline_dag.py took 0.090 seconds
[2026-09-03T21:09:17.677+0000] {processor.py:161} INFO - Started process (PID=50706) to work on /opt/airflow/dags/spark_pipeline_dag.py
[2026-09-03T21:09:17.678+0000] {processor.py:830} INFO - Processing file /opt/airflow/dags/spark_pipeline_dag.py for tasks to queue
[2026-09-03T21:09:17.679+0000] {logging_mixin.py:188} INFO - [2026-09-03T21:09:17.679+0000] {dagbag.py:538} INFO - Filling up the DagBag from /opt/airflow/dags/spark_pipeline_dag.py
[2026-09-03T21:09:17.702+0000] {processor.py:840} INFO - DAG(s) 'air_quality_pipeline' retrieved from /opt/airflow/dags/spark_pipeline_dag.py
[2026-09-03T21:09:17.724+0000] {logging_mixin.py:188} INFO - [2026-09-03T21:09:17.723+0000] {dag.py:3036} INFO - Sync 1 DAGs
[2026-09-03T21:09:17.747+0000] {logging_mixin.py:188} INFO - [2026-09-03T21:09:17.747+0000] {dag.py:3823} INFO - Setting next_dagrun for air_quality_pipeline to 2026-09-03 21:05:00+00:00, run_after=2026-09-03 22:05:00+00:00
[2026-09-03T21:09:17.766+0000] {processor.py:183} INFO - Processing /opt/airflow/dags/spark_pipeline_dag.py took 0.092 seconds
[2026-09-03T21:09:48.149+0000] {processor.py:161} INFO - Started process (PID=50716) to work on /opt/airflow/dags/spark_pipeline_dag.py
[2026-09-03T21:09:48.150+0000] {processor.py:830} INFO - Processing file /opt/airflow/dags/spark_pipeline_dag.py for tasks to queue
[2026-09-03T21:09:48.151+0000] {logging_mixin.py:188} INFO - [2026-09-03T21:09:48.151+0000] {dagbag.py:538} INFO - Filling up the DagBag from /opt/airflow/dags/spark_pipeline_dag.py
[2026-09-03T21:09:48.175+0000] {processor.py:840} INFO - DAG(s) 'air_quality_pipeline' retrieved from /opt/airflow/dags/spark_pipeline_dag.py
[2026-09-03T21:09:48.199+0000] {logging_mixin.py:188} INFO - [2026-09-03T21:09:48.199+0000] {dag.py:3036} INFO - Sync 1 DAGs
[2026-09-03T21:09:48.222+0000] {logging_mixin.py:188} INFO - [2026-09-03T21:09:48.222+0000] {dag.py:3823} INFO - Setting next_dagrun for air_quality_pipeline to 2026-09-03 21:05:00+00:00, run_after=2026-09-03 22:05:00+00:00
[2026-09-03T21:09:48.244+0000] {processor.py:183} INFO - Processing /opt/airflow/dags/spark_pipeline_dag.py took 0.098 seconds
[2026-09-03T21:10:18.575+0000] {processor.py:161} INFO - Started process (PID=50726) to work on /opt/airflow/dags/spark_pipeline_dag.py
[2026-09-03T21:10:18.576+0000] {processor.py:830} INFO - Processing file /opt/airflow/dags/spark_pipeline_dag.py for tasks to queue
[2026-09-03T21:10:18.577+0000] {logging_mixin.py:188} INFO - [2026-09-03T21:10:18.577+0000] {dagbag.py:538} INFO - Filling up the DagBag from /opt/airflow/dags/spark_pipeline_dag.py
[2026-09-03T21:10:18.608+0000] {processor.py:840} INFO - DAG(s) 'air_quality_pipeline' retrieved from /opt/airflow/dags/spark_pipeline_dag.py
[2026-09-03T21:10:18.643+0000] {logging_mixin.py:188} INFO - [2026-09-03T21:10:18.643+0000] {dag.py:3036} INFO - Sync 1 DAGs
[2026-09-03T21:10:18.673+0000] {logging_mixin.py:188} INFO - [2026-09-03T21:10:18.673+0000] {dag.py:3823} INFO - Setting next_dagrun for air_quality_pipeline to 2026-09-03 21:05:00+00:00, run_after=2026-09-03 22:05:00+00:00
[2026-09-03T21:10:18.698+0000] {processor.py:183} INFO - Processing /opt/airflow/dags/spark_pipeline_dag.py took 0.126 seconds
[2026-09-03T21:10:49.038+0000] {processor.py:161} INFO - Started process (PID=50736) to work on /opt/airflow/dags/spark_pipeline_dag.py
[2026-09-03T21:10:49.040+0000] {processor.py:830} INFO - Processing file /opt/airflow/dags/spark_pipeline_dag.py for tasks to queue
[2026-09-03T21:10:49.041+0000] {logging_mixin.py:188} INFO - [2026-09-03T21:10:49.040+0000] {dagbag.py:538} INFO - Filling up the DagBag from /opt/airflow/dags/spark_pipeline_dag.py
[2026-09-03T21:10:49.069+0000] {processor.py:840} INFO - DAG(s) 'air_quality_pipeline' retrieved from /opt/airflow/dags/spark_pipeline_dag.py
[2026-09-03T21:10:49.091+0000] {logging_mixin.py:188} INFO - [2026-09-03T21:10:49.091+0000] {dag.py:3036} INFO - Sync 1 DAGs
[2026-09-03T21:10:49.114+0000] {logging_mixin.py:188} INFO - [2026-09-03T21:10:49.113+0000] {dag.py:3823} INFO - Setting next_dagrun for air_quality_pipeline to 2026-09-03 21:05:00+00:00, run_after=2026-09-03 22:05:00+00:00
[2026-09-03T21:10:49.131+0000] {processor.py:183} INFO - Processing /opt/airflow/dags/spark_pipeline_dag.py took 0.095 seconds
[2026-09-03T21:11:19.550+0000] {processor.py:161} INFO - Started process (PID=50746) to work on /opt/airflow/dags/spark_pipeline_dag.py
[2026-09-03T21:11:19.551+0000] {processor.py:830} INFO - Processing file /opt/airflow/dags/spark_pipeline_dag.py for tasks to queue
[2026-09-03T21:11:19.552+0000] {logging_mixin.py:188} INFO - [2026-09-03T21:11:19.552+0000] {dagbag.py:538} INFO - Filling up the DagBag from /opt/airflow/dags/spark_pipeline_dag.py
[2026-09-03T21:11:19.575+0000] {processor.py:840} INFO - DAG(s) 'air_quality_pipeline' retrieved from /opt/airflow/dags/spark_pipeline_dag.py
[2026-09-03T21:11:19.598+0000] {logging_mixin.py:188} INFO - [2026-09-03T21:11:19.598+0000] {dag.py:3036} INFO - Sync 1 DAGs
[2026-09-03T21:11:19.619+0000] {logging_mixin.py:188} INFO - [2026-09-03T21:11:19.619+0000] {dag.py:3823} INFO - Setting next_dagrun for air_quality_pipeline to 2026-09-03 21:05:00+00:00, run_after=2026-09-03 22:05:00+00:00
[2026-09-03T21:11:19.639+0000] {processor.py:183} INFO - Processing /opt/airflow/dags/spark_pipeline_dag.py took 0.092 seconds
[2026-09-03T21:11:49.988+0000] {processor.py:161} INFO - Started process (PID=50756) to work on /opt/airflow/dags/spark_pipeline_dag.py
[2026-09-03T21:11:49.989+0000] {processor.py:830} INFO - Processing file /opt/airflow/dags/spark_pipeline_dag.py for tasks to queue
[2026-09-03T21:11:49.990+0000] {logging_mixin.py:188} INFO - [2026-09-03T21:11:49.990+0000] {dagbag.py:538} INFO - Filling up the DagBag from /opt/airflow/dags/spark_pipeline_dag.py
[2026-09-03T21:11:50.016+0000] {processor.py:840} INFO - DAG(s) 'air_quality_pipeline' retrieved from /opt/airflow/dags/spark_pipeline_dag.py
[2026-09-03T21:11:50.043+0000] {logging_mixin.py:188} INFO - [2026-09-03T21:11:50.043+0000] {dag.py:3036} INFO - Sync 1 DAGs
[2026-09-03T21:11:50.064+0000] {logging_mixin.py:188} INFO - [2026-09-03T21:11:50.064+0000] {dag.py:3823} INFO - Setting next_dagrun for air_quality_pipeline to 2026-09-03 21:05:00+00:00, run_after=2026-09-03 22:05:00+00:00
[2026-09-03T21:11:50.083+0000] {processor.py:183} INFO - Processing /opt/airflow/dags/spark_pipeline_dag.py took 0.097 seconds
[2026-09-03T21:12:20.373+0000] {processor.py:161} INFO - Started process (PID=50766) to work on /opt/airflow/dags/spark_pipeline_dag.py
[2026-09-03T21:12:20.374+0000] {processor.py:830} INFO - Processing file /opt/airflow/dags/spark_pipeline_dag.py for tasks to queue
[2026-09-03T21:12:20.375+0000] {logging_mixin.py:188} INFO - [2026-09-03T21:12:20.375+0000] {dagbag.py:538} INFO - Filling up the DagBag from /opt/airflow/dags/spark_pipeline_dag.py
[2026-09-03T21:12:20.399+0000] {processor.py:840} INFO - DAG(s) 'air_quality_pipeline' retrieved from /opt/airflow/dags/spark_pipeline_dag.py
[2026-09-03T21:12:20.423+0000] {logging_mixin.py:188} INFO - [2026-09-03T21:12:20.423+0000] {dag.py:3036} INFO - Sync 1 DAGs
[2026-09-03T21:12:20.445+0000] {logging_mixin.py:188} INFO - [2026-09-03T21:12:20.445+0000] {dag.py:3823} INFO - Setting next_dagrun for air_quality_pipeline to 2026-09-03 21:05:00+00:00, run_after=2026-09-03 22:05:00+00:00
[2026-09-03T21:12:20.465+0000] {processor.py:183} INFO - Processing /opt/airflow/dags/spark_pipeline_dag.py took 0.095 seconds
[2026-09-03T21:12:50.891+0000] {processor.py:161} INFO - Started process (PID=50776) to work on /opt/airflow/dags/spark_pipeline_dag.py
[2026-09-03T21:12:50.893+0000] {processor.py:830} INFO - Processing file /opt/airflow/dags/spark_pipeline_dag.py for tasks to queue
[2026-09-03T21:12:50.894+0000] {logging_mixin.py:188} INFO - [2026-09-03T21:12:50.893+0000] {dagbag.py:538} INFO - Filling up the DagBag from /opt/airflow/dags/spark_pipeline_dag.py
[2026-09-03T21:12:50.924+0000] {processor.py:840} INFO - DAG(s) 'air_quality_pipeline' retrieved from /opt/airflow/dags/spark_pipeline_dag.py
[2026-09-03T21:12:50.946+0000] {logging_mixin.py:188} INFO - [2026-09-03T21:12:50.946+0000] {dag.py:3036} INFO - Sync 1 DAGs
[2026-09-03T21:12:50.968+0000] {logging_mixin.py:188} INFO - [2026-09-03T21:12:50.967+0000] {dag.py:3823} INFO - Setting next_dagrun for air_quality_pipeline to 2026-09-03 21:05:00+00:00, run_after=2026-09-03 22:05:00+00:00
[2026-09-03T21:12:50.987+0000] {processor.py:183} INFO - Processing /opt/airflow/dags/spark_pipeline_dag.py took 0.099 seconds
[2026-09-03T21:13:21.343+0000] {processor.py:161} INFO - Started process (PID=50786) to work on /opt/airflow/dags/spark_pipeline_dag.py
[2026-09-03T21:13:21.344+0000] {processor.py:830} INFO - Processing file /opt/airflow/dags/spark_pipeline_dag.py for tasks to queue
[2026-09-03T21:13:21.345+0000] {logging_mixin.py:188} INFO - [2026-09-03T21:13:21.345+0000] {dagbag.py:538} INFO - Filling up the DagBag from /opt/airflow/dags/spark_pipeline_dag.py
[2026-09-03T21:13:21.367+0000] {processor.py:840} INFO - DAG(s) 'air_quality_pipeline' retrieved from /opt/airflow/dags/spark_pipeline_dag.py
[2026-09-03T21:13:21.386+0000] {logging_mixin.py:188} INFO - [2026-09-03T21:13:21.386+0000] {dag.py:3036} INFO - Sync 1 DAGs
[2026-09-03T21:13:21.406+0000] {logging_mixin.py:188} INFO - [2026-09-03T21:13:21.406+0000] {dag.py:3823} INFO - Setting next_dagrun for air_quality_pipeline to 2026-09-03 21:05:00+00:00, run_after=2026-09-03 22:05:00+00:00
[2026-09-03T21:13:21.425+0000] {processor.py:183} INFO - Processing /opt/airflow/dags/spark_pipeline_dag.py took 0.085 seconds
[2026-09-03T21:13:51.829+0000] {processor.py:161} INFO - Started process (PID=50796) to work on /opt/airflow/dags/spark_pipeline_dag.py
[2026-09-03T21:13:51.830+0000] {processor.py:830} INFO - Processing file /opt/airflow/dags/spark_pipeline_dag.py for tasks to queue
[2026-09-03T21:13:51.831+0000] {logging_mixin.py:188} INFO - [2026-09-03T21:13:51.831+0000] {dagbag.py:538} INFO - Filling up the DagBag from /opt/airflow/dags/spark_pipeline_dag.py
[2026-09-03T21:13:51.861+0000] {processor.py:840} INFO - DAG(s) 'air_quality_pipeline' retrieved from /opt/airflow/dags/spark_pipeline_dag.py
[2026-09-03T21:13:51.881+0000] {logging_mixin.py:188} INFO - [2026-09-03T21:13:51.880+0000] {dag.py:3036} INFO - Sync 1 DAGs
[2026-09-03T21:13:51.905+0000] {logging_mixin.py:188} INFO - [2026-09-03T21:13:51.905+0000] {dag.py:3823} INFO - Setting next_dagrun for air_quality_pipeline to 2026-09-03 21:05:00+00:00, run_after=2026-09-03 22:05:00+00:00
[2026-09-03T21:13:51.926+0000] {processor.py:183} INFO - Processing /opt/airflow/dags/spark_pipeline_dag.py took 0.101 seconds
[2026-09-03T21:14:22.256+0000] {processor.py:161} INFO - Started process (PID=50806) to work on /opt/airflow/dags/spark_pipeline_dag.py
[2026-09-03T21:14:22.257+0000] {processor.py:830} INFO - Processing file /opt/airflow/dags/spark_pipeline_dag.py for tasks to queue
[2026-09-03T21:14:22.258+0000] {logging_mixin.py:188} INFO - [2026-09-03T21:14:22.258+0000] {dagbag.py:538} INFO - Filling up the DagBag from /opt/airflow/dags/spark_pipeline_dag.py
[2026-09-03T21:14:22.384+0000] {processor.py:840} INFO - DAG(s) 'air_quality_pipeline' retrieved from /opt/airflow/dags/spark_pipeline_dag.py
[2026-09-03T21:14:22.407+0000] {logging_mixin.py:188} INFO - [2026-09-03T21:14:22.407+0000] {dag.py:3036} INFO - Sync 1 DAGs
[2026-09-03T21:14:22.428+0000] {logging_mixin.py:188} INFO - [2026-09-03T21:14:22.428+0000] {dag.py:3823} INFO - Setting next_dagrun for air_quality_pipeline to 2026-09-03 21:05:00+00:00, run_after=2026-09-03 22:05:00+00:00
[2026-09-03T21:14:22.447+0000] {processor.py:183} INFO - Processing /opt/airflow/dags/spark_pipeline_dag.py took 0.193 seconds
[2026-09-03T21:14:52.834+0000] {processor.py:161} INFO - Started process (PID=50816) to work on /opt/airflow/dags/spark_pipeline_dag.py
[2026-09-03T21:14:52.835+0000] {processor.py:830} INFO - Processing file /opt/airflow/dags/spark_pipeline_dag.py for tasks to queue
[2026-09-03T21:14:52.836+0000] {logging_mixin.py:188} INFO - [2026-09-03T21:14:52.836+0000] {dagbag.py:538} INFO - Filling up the DagBag from /opt/airflow/dags/spark_pipeline_dag.py
[2026-09-03T21:14:52.858+0000] {processor.py:840} INFO - DAG(s) 'air_quality_pipeline' retrieved from /opt/airflow/dags/spark_pipeline_dag.py
[2026-09-03T21:14:52.876+0000] {logging_mixin.py:188} INFO - [2026-09-03T21:14:52.876+0000] {dag.py:3036} INFO - Sync 1 DAGs
[2026-09-03T21:14:52.896+0000] {logging_mixin.py:188} INFO - [2026-09-03T21:14:52.895+0000] {dag.py:3823} INFO - Setting next_dagrun for air_quality_pipeline to 2026-09-03 21:05:00+00:00, run_after=2026-09-03 22:05:00+00:00
[2026-09-03T21:14:52.916+0000] {processor.py:183} INFO - Processing /opt/airflow/dags/spark_pipeline_dag.py took 0.085 seconds
[2026-09-03T21:15:23.292+0000] {processor.py:161} INFO - Started process (PID=50826) to work on /opt/airflow/dags/spark_pipeline_dag.py
[2026-09-03T21:15:23.293+0000] {processor.py:830} INFO - Processing file /opt/airflow/dags/spark_pipeline_dag.py for tasks to queue
[2026-09-03T21:15:23.294+0000] {logging_mixin.py:188} INFO - [2026-09-03T21:15:23.294+0000] {dagbag.py:538} INFO - Filling up the DagBag from /opt/airflow/dags/spark_pipeline_dag.py
[2026-09-03T21:15:23.312+0000] {processor.py:840} INFO - DAG(s) 'air_quality_pipeline' retrieved from /opt/airflow/dags/spark_pipeline_dag.py
[2026-09-03T21:15:23.331+0000] {logging_mixin.py:188} INFO - [2026-09-03T21:15:23.330+0000] {dag.py:3036} INFO - Sync 1 DAGs
[2026-09-03T21:15:23.349+0000] {logging_mixin.py:188} INFO - [2026-09-03T21:15:23.349+0000] {dag.py:3823} INFO - Setting next_dagrun for air_quality_pipeline to 2026-09-03 21:05:00+00:00, run_after=2026-09-03 22:05:00+00:00
[2026-09-03T21:15:23.366+0000] {processor.py:183} INFO - Processing /opt/airflow/dags/spark_pipeline_dag.py took 0.077 seconds
[2026-09-03T21:15:53.715+0000] {processor.py:161} INFO - Started process (PID=50836) to work on /opt/airflow/dags/spark_pipeline_dag.py
[2026-09-03T21:15:53.716+0000] {processor.py:830} INFO - Processing file /opt/airflow/dags/spark_pipeline_dag.py for tasks to queue
[2026-09-03T21:15:53.717+0000] {logging_mixin.py:188} INFO - [2026-09-03T21:15:53.717+0000] {dagbag.py:538} INFO - Filling up the DagBag from /opt/airflow/dags/spark_pipeline_dag.py
[2026-09-03T21:15:53.737+0000] {processor.py:840} INFO - DAG(s) 'air_quality_pipeline' retrieved from /opt/airflow/dags/spark_pipeline_dag.py
[2026-09-03T21:15:53.754+0000] {logging_mixin.py:188} INFO - [2026-09-03T21:15:53.754+0000] {dag.py:3036} INFO - Sync 1 DAGs
[2026-09-03T21:15:53.773+0000] {logging_mixin.py:188} INFO - [2026-09-03T21:15:53.773+0000] {dag.py:3823} INFO - Setting next_dagrun for air_quality_pipeline to 2026-09-03 21:05:00+00:00, run_after=2026-09-03 22:05:00+00:00
[2026-09-03T21:15:53.793+0000] {processor.py:183} INFO - Processing /opt/airflow/dags/spark_pipeline_dag.py took 0.080 seconds
[2026-09-03T21:16:24.187+0000] {processor.py:161} INFO - Started process (PID=50846) to work on /opt/airflow/dags/spark_pipeline_dag.py
[2026-09-03T21:16:24.189+0000] {processor.py:830} INFO - Processing file /opt/airflow/dags/spark_pipeline_dag.py for tasks to queue
[2026-09-03T21:16:24.190+0000] {logging_mixin.py:188} INFO - [2026-09-03T21:16:24.189+0000] {dagbag.py:538} INFO - Filling up the DagBag from /opt/airflow/dags/spark_pipeline_dag.py
[2026-09-03T21:16:24.210+0000] {processor.py:840} INFO - DAG(s) 'air_quality_pipeline' retrieved from /opt/airflow/dags/spark_pipeline_dag.py
[2026-09-03T21:16:24.228+0000] {logging_mixin.py:188} INFO - [2026-09-03T21:16:24.228+0000] {dag.py:3036} INFO - Sync 1 DAGs
[2026-09-03T21:16:24.246+0000] {logging_mixin.py:188} INFO - [2026-09-03T21:16:24.246+0000] {dag.py:3823} INFO - Setting next_dagrun for air_quality_pipeline to 2026-09-03 21:05:00+00:00, run_after=2026-09-03 22:05:00+00:00
[2026-09-03T21:16:24.267+0000] {processor.py:183} INFO - Processing /opt/airflow/dags/spark_pipeline_dag.py took 0.082 seconds
[2026-09-03T21:16:54.691+0000] {processor.py:161} INFO - Started process (PID=50856) to work on /opt/airflow/dags/spark_pipeline_dag.py
[2026-09-03T21:16:54.692+0000] {processor.py:830} INFO - Processing file /opt/airflow/dags/spark_pipeline_dag.py for tasks to queue
[2026-09-03T21:16:54.693+0000] {logging_mixin.py:188} INFO - [2026-09-03T21:16:54.693+0000] {dagbag.py:538} INFO - Filling up the DagBag from /opt/airflow/dags/spark_pipeline_dag.py
[2026-09-03T21:16:54.713+0000] {processor.py:840} INFO - DAG(s) 'air_quality_pipeline' retrieved from /opt/airflow/dags/spark_pipeline_dag.py
[2026-09-03T21:16:54.731+0000] {logging_mixin.py:188} INFO - [2026-09-03T21:16:54.731+0000] {dag.py:3036} INFO - Sync 1 DAGs
[2026-09-03T21:16:54.750+0000] {logging_mixin.py:188} INFO - [2026-09-03T21:16:54.750+0000] {dag.py:3823} INFO - Setting next_dagrun for air_quality_pipeline to 2026-09-03 21:05:00+00:00, run_after=2026-09-03 22:05:00+00:00
[2026-09-03T21:16:54.771+0000] {processor.py:183} INFO - Processing /opt/airflow/dags/spark_pipeline_dag.py took 0.083 seconds
[2026-09-03T21:17:25.179+0000] {processor.py:161} INFO - Started process (PID=50866) to work on /opt/airflow/dags/spark_pipeline_dag.py
[2026-09-03T21:17:25.181+0000] {processor.py:830} INFO - Processing file /opt/airflow/dags/spark_pipeline_dag.py for tasks to queue
[2026-09-03T21:17:25.181+0000] {logging_mixin.py:188} INFO - [2026-09-03T21:17:25.181+0000] {dagbag.py:538} INFO - Filling up the DagBag from /opt/airflow/dags/spark_pipeline_dag.py
[2026-09-03T21:17:25.201+0000] {processor.py:840} INFO - DAG(s) 'air_quality_pipeline' retrieved from /opt/airflow/dags/spark_pipeline_dag.py
[2026-09-03T21:17:25.220+0000] {logging_mixin.py:188} INFO - [2026-09-03T21:17:25.220+0000] {dag.py:3036} INFO - Sync 1 DAGs
[2026-09-03T21:17:25.241+0000] {logging_mixin.py:188} INFO - [2026-09-03T21:17:25.241+0000] {dag.py:3823} INFO - Setting next_dagrun for air_quality_pipeline to 2026-09-03 21:05:00+00:00, run_after=2026-09-03 22:05:00+00:00
[2026-09-03T21:17:25.259+0000] {processor.py:183} INFO - Processing /opt/airflow/dags/spark_pipeline_dag.py took 0.082 seconds
[2026-09-03T21:17:55.695+0000] {processor.py:161} INFO - Started process (PID=50876) to work on /opt/airflow/dags/spark_pipeline_dag.py
[2026-09-03T21:17:55.696+0000] {processor.py:830} INFO - Processing file /opt/airflow/dags/spark_pipeline_dag.py for tasks to queue
[2026-09-03T21:17:55.697+0000] {logging_mixin.py:188} INFO - [2026-09-03T21:17:55.697+0000] {dagbag.py:538} INFO - Filling up the DagBag from /opt/airflow/dags/spark_pipeline_dag.py
[2026-09-03T21:17:55.716+0000] {processor.py:840} INFO - DAG(s) 'air_quality_pipeline' retrieved from /opt/airflow/dags/spark_pipeline_dag.py
[2026-09-03T21:17:55.734+0000] {logging_mixin.py:188} INFO - [2026-09-03T21:17:55.733+0000] {dag.py:3036} INFO - Sync 1 DAGs
[2026-09-03T21:17:55.752+0000] {logging_mixin.py:188} INFO - [2026-09-03T21:17:55.752+0000] {dag.py:3823} INFO - Setting next_dagrun for air_quality_pipeline to 2026-09-03 21:05:00+00:00, run_after=2026-09-03 22:05:00+00:00
[2026-09-03T21:17:55.770+0000] {processor.py:183} INFO - Processing /opt/airflow/dags/spark_pipeline_dag.py took 0.077 seconds
[2026-09-03T21:18:26.111+0000] {processor.py:161} INFO - Started process (PID=50886) to work on /opt/airflow/dags/spark_pipeline_dag.py
[2026-09-03T21:18:26.113+0000] {processor.py:830} INFO - Processing file /opt/airflow/dags/spark_pipeline_dag.py for tasks to queue
[2026-09-03T21:18:26.114+0000] {logging_mixin.py:188} INFO - [2026-09-03T21:18:26.114+0000] {dagbag.py:538} INFO - Filling up the DagBag from /opt/airflow/dags/spark_pipeline_dag.py
[2026-09-03T21:18:26.141+0000] {processor.py:840} INFO - DAG(s) 'air_quality_pipeline' retrieved from /opt/airflow/dags/spark_pipeline_dag.py
[2026-09-03T21:18:26.165+0000] {logging_mixin.py:188} INFO - [2026-09-03T21:18:26.165+0000] {dag.py:3036} INFO - Sync 1 DAGs
[2026-09-03T21:18:26.189+0000] {logging_mixin.py:188} INFO - [2026-09-03T21:18:26.188+0000] {dag.py:3823} INFO - Setting next_dagrun for air_quality_pipeline to 2026-09-03 21:05:00+00:00, run_after=2026-09-03 22:05:00+00:00
[2026-09-03T21:18:26.210+0000] {processor.py:183} INFO - Processing /opt/airflow/dags/spark_pipeline_dag.py took 0.101 seconds
[2026-09-03T21:18:56.603+0000] {processor.py:161} INFO - Started process (PID=50896) to work on /opt/airflow/dags/spark_pipeline_dag.py
[2026-09-03T21:18:56.604+0000] {processor.py:830} INFO - Processing file /opt/airflow/dags/spark_pipeline_dag.py for tasks to queue
[2026-09-03T21:18:56.605+0000] {logging_mixin.py:188} INFO - [2026-09-03T21:18:56.604+0000] {dagbag.py:538} INFO - Filling up the DagBag from /opt/airflow/dags/spark_pipeline_dag.py
[2026-09-03T21:18:56.624+0000] {processor.py:840} INFO - DAG(s) 'air_quality_pipeline' retrieved from /opt/airflow/dags/spark_pipeline_dag.py
[2026-09-03T21:18:56.641+0000] {logging_mixin.py:188} INFO - [2026-09-03T21:18:56.641+0000] {dag.py:3036} INFO - Sync 1 DAGs
[2026-09-03T21:18:56.661+0000] {logging_mixin.py:188} INFO - [2026-09-03T21:18:56.661+0000] {dag.py:3823} INFO - Setting next_dagrun for air_quality_pipeline to 2026-09-03 21:05:00+00:00, run_after=2026-09-03 22:05:00+00:00
[2026-09-03T21:18:56.680+0000] {processor.py:183} INFO - Processing /opt/airflow/dags/spark_pipeline_dag.py took 0.079 seconds
[2026-09-03T21:19:27.259+0000] {processor.py:161} INFO - Started process (PID=50906) to work on /opt/airflow/dags/spark_pipeline_dag.py
[2026-09-03T21:19:27.260+0000] {processor.py:830} INFO - Processing file /opt/airflow/dags/spark_pipeline_dag.py for tasks to queue
[2026-09-03T21:19:27.261+0000] {logging_mixin.py:188} INFO - [2026-09-03T21:19:27.261+0000] {dagbag.py:538} INFO - Filling up the DagBag from /opt/airflow/dags/spark_pipeline_dag.py
[2026-09-03T21:19:27.283+0000] {processor.py:840} INFO - DAG(s) 'air_quality_pipeline' retrieved from /opt/airflow/dags/spark_pipeline_dag.py
[2026-09-03T21:19:27.300+0000] {logging_mixin.py:188} INFO - [2026-09-03T21:19:27.300+0000] {dag.py:3036} INFO - Sync 1 DAGs
[2026-09-03T21:19:27.320+0000] {logging_mixin.py:188} INFO - [2026-09-03T21:19:27.320+0000] {dag.py:3823} INFO - Setting next_dagrun for air_quality_pipeline to 2026-09-03 21:05:00+00:00, run_after=2026-09-03 22:05:00+00:00
[2026-09-03T21:19:27.386+0000] {processor.py:183} INFO - Processing /opt/airflow/dags/spark_pipeline_dag.py took 0.130 seconds
[2026-09-03T21:19:57.720+0000] {processor.py:161} INFO - Started process (PID=50916) to work on /opt/airflow/dags/spark_pipeline_dag.py
[2026-09-03T21:19:57.721+0000] {processor.py:830} INFO - Processing file /opt/airflow/dags/spark_pipeline_dag.py for tasks to queue
[2026-09-03T21:19:57.722+0000] {logging_mixin.py:188} INFO - [2026-09-03T21:19:57.722+0000] {dagbag.py:538} INFO - Filling up the DagBag from /opt/airflow/dags/spark_pipeline_dag.py
[2026-09-03T21:19:57.743+0000] {processor.py:840} INFO - DAG(s) 'air_quality_pipeline' retrieved from /opt/airflow/dags/spark_pipeline_dag.py
[2026-09-03T21:19:57.763+0000] {logging_mixin.py:188} INFO - [2026-09-03T21:19:57.762+0000] {dag.py:3036} INFO - Sync 1 DAGs
[2026-09-03T21:19:57.786+0000] {logging_mixin.py:188} INFO - [2026-09-03T21:19:57.786+0000] {dag.py:3823} INFO - Setting next_dagrun for air_quality_pipeline to 2026-09-03 21:05:00+00:00, run_after=2026-09-03 22:05:00+00:00
[2026-09-03T21:19:57.806+0000] {processor.py:183} INFO - Processing /opt/airflow/dags/spark_pipeline_dag.py took 0.088 seconds
[2026-09-03T21:20:28.150+0000] {processor.py:161} INFO - Started process (PID=50926) to work on /opt/airflow/dags/spark_pipeline_dag.py
[2026-09-03T21:20:28.152+0000] {processor.py:830} INFO - Processing file /opt/airflow/dags/spark_pipeline_dag.py for tasks to queue
[2026-09-03T21:20:28.153+0000] {logging_mixin.py:188} INFO - [2026-09-03T21:20:28.153+0000] {dagbag.py:538} INFO - Filling up the DagBag from /opt/airflow/dags/spark_pipeline_dag.py
[2026-09-03T21:20:28.177+0000] {processor.py:840} INFO - DAG(s) 'air_quality_pipeline' retrieved from /opt/airflow/dags/spark_pipeline_dag.py
[2026-09-03T21:20:28.194+0000] {logging_mixin.py:188} INFO - [2026-09-03T21:20:28.194+0000] {dag.py:3036} INFO - Sync 1 DAGs
[2026-09-03T21:20:28.218+0000] {logging_mixin.py:188} INFO - [2026-09-03T21:20:28.217+0000] {dag.py:3823} INFO - Setting next_dagrun for air_quality_pipeline to 2026-09-03 21:05:00+00:00, run_after=2026-09-03 22:05:00+00:00
[2026-09-03T21:20:28.242+0000] {processor.py:183} INFO - Processing /opt/airflow/dags/spark_pipeline_dag.py took 0.094 seconds
[2026-09-03T21:20:58.565+0000] {processor.py:161} INFO - Started process (PID=50936) to work on /opt/airflow/dags/spark_pipeline_dag.py
[2026-09-03T21:20:58.566+0000] {processor.py:830} INFO - Processing file /opt/airflow/dags/spark_pipeline_dag.py for tasks to queue
[2026-09-03T21:20:58.568+0000] {logging_mixin.py:188} INFO - [2026-09-03T21:20:58.568+0000] {dagbag.py:538} INFO - Filling up the DagBag from /opt/airflow/dags/spark_pipeline_dag.py
[2026-09-03T21:20:58.591+0000] {processor.py:840} INFO - DAG(s) 'air_quality_pipeline' retrieved from /opt/airflow/dags/spark_pipeline_dag.py
[2026-09-03T21:20:58.609+0000] {logging_mixin.py:188} INFO - [2026-09-03T21:20:58.609+0000] {dag.py:3036} INFO - Sync 1 DAGs
[2026-09-03T21:20:58.634+0000] {logging_mixin.py:188} INFO - [2026-09-03T21:20:58.634+0000] {dag.py:3823} INFO - Setting next_dagrun for air_quality_pipeline to 2026-09-03 21:05:00+00:00, run_after=2026-09-03 22:05:00+00:00
[2026-09-03T21:20:58.654+0000] {processor.py:183} INFO - Processing /opt/airflow/dags/spark_pipeline_dag.py took 0.092 seconds
[2026-09-03T21:21:29.043+0000] {processor.py:161} INFO - Started process (PID=50946) to work on /opt/airflow/dags/spark_pipeline_dag.py
[2026-09-03T21:21:29.044+0000] {processor.py:830} INFO - Processing file /opt/airflow/dags/spark_pipeline_dag.py for tasks to queue
[2026-09-03T21:21:29.045+0000] {logging_mixin.py:188} INFO - [2026-09-03T21:21:29.045+0000] {dagbag.py:538} INFO - Filling up the DagBag from /opt/airflow/dags/spark_pipeline_dag.py
[2026-09-03T21:21:29.071+0000] {processor.py:840} INFO - DAG(s) 'air_quality_pipeline' retrieved from /opt/airflow/dags/spark_pipeline_dag.py
[2026-09-03T21:21:29.093+0000] {logging_mixin.py:188} INFO - [2026-09-03T21:21:29.093+0000] {dag.py:3036} INFO - Sync 1 DAGs
[2026-09-03T21:21:29.117+0000] {logging_mixin.py:188} INFO - [2026-09-03T21:21:29.117+0000] {dag.py:3823} INFO - Setting next_dagrun for air_quality_pipeline to 2026-09-03 21:05:00+00:00, run_after=2026-09-03 22:05:00+00:00
[2026-09-03T21:21:29.138+0000] {processor.py:183} INFO - Processing /opt/airflow/dags/spark_pipeline_dag.py took 0.098 seconds
[2026-09-03T21:21:59.471+0000] {processor.py:161} INFO - Started process (PID=50956) to work on /opt/airflow/dags/spark_pipeline_dag.py
[2026-09-03T21:21:59.474+0000] {processor.py:830} INFO - Processing file /opt/airflow/dags/spark_pipeline_dag.py for tasks to queue
[2026-09-03T21:21:59.475+0000] {logging_mixin.py:188} INFO - [2026-09-03T21:21:59.475+0000] {dagbag.py:538} INFO - Filling up the DagBag from /opt/airflow/dags/spark_pipeline_dag.py
[2026-09-03T21:21:59.498+0000] {processor.py:840} INFO - DAG(s) 'air_quality_pipeline' retrieved from /opt/airflow/dags/spark_pipeline_dag.py
[2026-09-03T21:21:59.516+0000] {logging_mixin.py:188} INFO - [2026-09-03T21:21:59.516+0000] {dag.py:3036} INFO - Sync 1 DAGs
[2026-09-03T21:21:59.533+0000] {logging_mixin.py:188} INFO - [2026-09-03T21:21:59.533+0000] {dag.py:3823} INFO - Setting next_dagrun for air_quality_pipeline to 2026-09-03 21:05:00+00:00, run_after=2026-09-03 22:05:00+00:00
[2026-09-03T21:21:59.551+0000] {processor.py:183} INFO - Processing /opt/airflow/dags/spark_pipeline_dag.py took 0.082 seconds
[2026-09-03T21:22:29.895+0000] {processor.py:161} INFO - Started process (PID=50966) to work on /opt/airflow/dags/spark_pipeline_dag.py
[2026-09-03T21:22:29.896+0000] {processor.py:830} INFO - Processing file /opt/airflow/dags/spark_pipeline_dag.py for tasks to queue
[2026-09-03T21:22:29.896+0000] {logging_mixin.py:188} INFO - [2026-09-03T21:22:29.896+0000] {dagbag.py:538} INFO - Filling up the DagBag from /opt/airflow/dags/spark_pipeline_dag.py
[2026-09-03T21:22:29.919+0000] {processor.py:840} INFO - DAG(s) 'air_quality_pipeline' retrieved from /opt/airflow/dags/spark_pipeline_dag.py
[2026-09-03T21:22:29.938+0000] {logging_mixin.py:188} INFO - [2026-09-03T21:22:29.938+0000] {dag.py:3036} INFO - Sync 1 DAGs
[2026-09-03T21:22:29.959+0000] {logging_mixin.py:188} INFO - [2026-09-03T21:22:29.959+0000] {dag.py:3823} INFO - Setting next_dagrun for air_quality_pipeline to 2026-09-03 21:05:00+00:00, run_after=2026-09-03 22:05:00+00:00
[2026-09-03T21:22:29.978+0000] {processor.py:183} INFO - Processing /opt/airflow/dags/spark_pipeline_dag.py took 0.086 seconds
[2026-09-03T21:23:00.372+0000] {processor.py:161} INFO - Started process (PID=50976) to work on /opt/airflow/dags/spark_pipeline_dag.py
[2026-09-03T21:23:00.373+0000] {processor.py:830} INFO - Processing file /opt/airflow/dags/spark_pipeline_dag.py for tasks to queue
[2026-09-03T21:23:00.375+0000] {logging_mixin.py:188} INFO - [2026-09-03T21:23:00.374+0000] {dagbag.py:538} INFO - Filling up the DagBag from /opt/airflow/dags/spark_pipeline_dag.py
[2026-09-03T21:23:00.398+0000] {processor.py:840} INFO - DAG(s) 'air_quality_pipeline' retrieved from /opt/airflow/dags/spark_pipeline_dag.py
[2026-09-03T21:23:00.422+0000] {logging_mixin.py:188} INFO - [2026-09-03T21:23:00.421+0000] {dag.py:3036} INFO - Sync 1 DAGs
[2026-09-03T21:23:00.446+0000] {logging_mixin.py:188} INFO - [2026-09-03T21:23:00.446+0000] {dag.py:3823} INFO - Setting next_dagrun for air_quality_pipeline to 2026-09-03 21:05:00+00:00, run_after=2026-09-03 22:05:00+00:00
[2026-09-03T21:23:00.472+0000] {processor.py:183} INFO - Processing /opt/airflow/dags/spark_pipeline_dag.py took 0.103 seconds
[2026-09-03T21:23:30.806+0000] {processor.py:161} INFO - Started process (PID=50986) to work on /opt/airflow/dags/spark_pipeline_dag.py
[2026-09-03T21:23:30.807+0000] {processor.py:830} INFO - Processing file /opt/airflow/dags/spark_pipeline_dag.py for tasks to queue
[2026-09-03T21:23:30.808+0000] {logging_mixin.py:188} INFO - [2026-09-03T21:23:30.808+0000] {dagbag.py:538} INFO - Filling up the DagBag from /opt/airflow/dags/spark_pipeline_dag.py
[2026-09-03T21:23:30.834+0000] {processor.py:840} INFO - DAG(s) 'air_quality_pipeline' retrieved from /opt/airflow/dags/spark_pipeline_dag.py
[2026-09-03T21:23:30.855+0000] {logging_mixin.py:188} INFO - [2026-09-03T21:23:30.855+0000] {dag.py:3036} INFO - Sync 1 DAGs
[2026-09-03T21:23:30.877+0000] {logging_mixin.py:188} INFO - [2026-09-03T21:23:30.877+0000] {dag.py:3823} INFO - Setting next_dagrun for air_quality_pipeline to 2026-09-03 21:05:00+00:00, run_after=2026-09-03 22:05:00+00:00
[2026-09-03T21:23:30.900+0000] {processor.py:183} INFO - Processing /opt/airflow/dags/spark_pipeline_dag.py took 0.098 seconds
[2026-09-03T21:24:01.290+0000] {processor.py:161} INFO - Started process (PID=50996) to work on /opt/airflow/dags/spark_pipeline_dag.py
[2026-09-03T21:24:01.292+0000] {processor.py:830} INFO - Processing file /opt/airflow/dags/spark_pipeline_dag.py for tasks to queue
[2026-09-03T21:24:01.293+0000] {logging_mixin.py:188} INFO - [2026-09-03T21:24:01.292+0000] {dagbag.py:538} INFO - Filling up the DagBag from /opt/airflow/dags/spark_pipeline_dag.py
[2026-09-03T21:24:01.314+0000] {processor.py:840} INFO - DAG(s) 'air_quality_pipeline' retrieved from /opt/airflow/dags/spark_pipeline_dag.py
[2026-09-03T21:24:01.334+0000] {logging_mixin.py:188} INFO - [2026-09-03T21:24:01.334+0000] {dag.py:3036} INFO - Sync 1 DAGs
[2026-09-03T21:24:01.356+0000] {logging_mixin.py:188} INFO - [2026-09-03T21:24:01.355+0000] {dag.py:3823} INFO - Setting next_dagrun for air_quality_pipeline to 2026-09-03 21:05:00+00:00, run_after=2026-09-03 22:05:00+00:00
[2026-09-03T21:24:01.378+0000] {processor.py:183} INFO - Processing /opt/airflow/dags/spark_pipeline_dag.py took 0.091 seconds
[2026-09-03T21:24:31.715+0000] {processor.py:161} INFO - Started process (PID=51006) to work on /opt/airflow/dags/spark_pipeline_dag.py
[2026-09-03T21:24:31.715+0000] {processor.py:830} INFO - Processing file /opt/airflow/dags/spark_pipeline_dag.py for tasks to queue
[2026-09-03T21:24:31.716+0000] {logging_mixin.py:188} INFO - [2026-09-03T21:24:31.716+0000] {dagbag.py:538} INFO - Filling up the DagBag from /opt/airflow/dags/spark_pipeline_dag.py
[2026-09-03T21:24:31.738+0000] {processor.py:840} INFO - DAG(s) 'air_quality_pipeline' retrieved from /opt/airflow/dags/spark_pipeline_dag.py
[2026-09-03T21:24:31.757+0000] {logging_mixin.py:188} INFO - [2026-09-03T21:24:31.757+0000] {dag.py:3036} INFO - Sync 1 DAGs
[2026-09-03T21:24:31.779+0000] {logging_mixin.py:188} INFO - [2026-09-03T21:24:31.779+0000] {dag.py:3823} INFO - Setting next_dagrun for air_quality_pipeline to 2026-09-03 21:05:00+00:00, run_after=2026-09-03 22:05:00+00:00
[2026-09-03T21:24:31.797+0000] {processor.py:183} INFO - Processing /opt/airflow/dags/spark_pipeline_dag.py took 0.086 seconds
[2026-09-03T21:25:02.149+0000] {processor.py:161} INFO - Started process (PID=51016) to work on /opt/airflow/dags/spark_pipeline_dag.py
[2026-09-03T21:25:02.154+0000] {processor.py:830} INFO - Processing file /opt/airflow/dags/spark_pipeline_dag.py for tasks to queue
[2026-09-03T21:25:02.155+0000] {logging_mixin.py:188} INFO - [2026-09-03T21:25:02.155+0000] {dagbag.py:538} INFO - Filling up the DagBag from /opt/airflow/dags/spark_pipeline_dag.py
[2026-09-03T21:25:02.175+0000] {processor.py:840} INFO - DAG(s) 'air_quality_pipeline' retrieved from /opt/airflow/dags/spark_pipeline_dag.py
[2026-09-03T21:25:02.194+0000] {logging_mixin.py:188} INFO - [2026-09-03T21:25:02.194+0000] {dag.py:3036} INFO - Sync 1 DAGs
[2026-09-03T21:25:02.211+0000] {logging_mixin.py:188} INFO - [2026-09-03T21:25:02.211+0000] {dag.py:3823} INFO - Setting next_dagrun for air_quality_pipeline to 2026-09-03 21:05:00+00:00, run_after=2026-09-03 22:05:00+00:00
[2026-09-03T21:25:02.228+0000] {processor.py:183} INFO - Processing /opt/airflow/dags/spark_pipeline_dag.py took 0.082 seconds
[2026-09-03T21:25:32.607+0000] {processor.py:161} INFO - Started process (PID=51026) to work on /opt/airflow/dags/spark_pipeline_dag.py
[2026-09-03T21:25:32.608+0000] {processor.py:830} INFO - Processing file /opt/airflow/dags/spark_pipeline_dag.py for tasks to queue
[2026-09-03T21:25:32.609+0000] {logging_mixin.py:188} INFO - [2026-09-03T21:25:32.609+0000] {dagbag.py:538} INFO - Filling up the DagBag from /opt/airflow/dags/spark_pipeline_dag.py
[2026-09-03T21:25:32.627+0000] {processor.py:840} INFO - DAG(s) 'air_quality_pipeline' retrieved from /opt/airflow/dags/spark_pipeline_dag.py
[2026-09-03T21:25:32.646+0000] {logging_mixin.py:188} INFO - [2026-09-03T21:25:32.646+0000] {dag.py:3036} INFO - Sync 1 DAGs
[2026-09-03T21:25:32.664+0000] {logging_mixin.py:188} INFO - [2026-09-03T21:25:32.664+0000] {dag.py:3823} INFO - Setting next_dagrun for air_quality_pipeline to 2026-09-03 21:05:00+00:00, run_after=2026-09-03 22:05:00+00:00
[2026-09-03T21:25:32.682+0000] {processor.py:183} INFO - Processing /opt/airflow/dags/spark_pipeline_dag.py took 0.077 seconds
[2026-09-03T21:26:03.074+0000] {processor.py:161} INFO - Started process (PID=51036) to work on /opt/airflow/dags/spark_pipeline_dag.py
[2026-09-03T21:26:03.075+0000] {processor.py:830} INFO - Processing file /opt/airflow/dags/spark_pipeline_dag.py for tasks to queue
[2026-09-03T21:26:03.076+0000] {logging_mixin.py:188} INFO - [2026-09-03T21:26:03.076+0000] {dagbag.py:538} INFO - Filling up the DagBag from /opt/airflow/dags/spark_pipeline_dag.py
[2026-09-03T21:26:03.100+0000] {processor.py:840} INFO - DAG(s) 'air_quality_pipeline' retrieved from /opt/airflow/dags/spark_pipeline_dag.py
[2026-09-03T21:26:03.119+0000] {logging_mixin.py:188} INFO - [2026-09-03T21:26:03.119+0000] {dag.py:3036} INFO - Sync 1 DAGs
[2026-09-03T21:26:03.138+0000] {logging_mixin.py:188} INFO - [2026-09-03T21:26:03.138+0000] {dag.py:3823} INFO - Setting next_dagrun for air_quality_pipeline to 2026-09-03 21:05:00+00:00, run_after=2026-09-03 22:05:00+00:00
[2026-09-03T21:26:03.162+0000] {processor.py:183} INFO - Processing /opt/airflow/dags/spark_pipeline_dag.py took 0.090 seconds
[2026-09-03T21:26:33.600+0000] {processor.py:161} INFO - Started process (PID=51046) to work on /opt/airflow/dags/spark_pipeline_dag.py
[2026-09-03T21:26:33.600+0000] {processor.py:830} INFO - Processing file /opt/airflow/dags/spark_pipeline_dag.py for tasks to queue
[2026-09-03T21:26:33.601+0000] {logging_mixin.py:188} INFO - [2026-09-03T21:26:33.601+0000] {dagbag.py:538} INFO - Filling up the DagBag from /opt/airflow/dags/spark_pipeline_dag.py
[2026-09-03T21:26:33.622+0000] {processor.py:840} INFO - DAG(s) 'air_quality_pipeline' retrieved from /opt/airflow/dags/spark_pipeline_dag.py
[2026-09-03T21:26:33.640+0000] {logging_mixin.py:188} INFO - [2026-09-03T21:26:33.640+0000] {dag.py:3036} INFO - Sync 1 DAGs
[2026-09-03T21:26:33.660+0000] {logging_mixin.py:188} INFO - [2026-09-03T21:26:33.659+0000] {dag.py:3823} INFO - Setting next_dagrun for air_quality_pipeline to 2026-09-03 21:05:00+00:00, run_after=2026-09-03 22:05:00+00:00
[2026-09-03T21:26:33.679+0000] {processor.py:183} INFO - Processing /opt/airflow/dags/spark_pipeline_dag.py took 0.082 seconds
[2026-09-03T21:27:04.119+0000] {processor.py:161} INFO - Started process (PID=51056) to work on /opt/airflow/dags/spark_pipeline_dag.py
[2026-09-03T21:27:04.120+0000] {processor.py:830} INFO - Processing file /opt/airflow/dags/spark_pipeline_dag.py for tasks to queue
[2026-09-03T21:27:04.121+0000] {logging_mixin.py:188} INFO - [2026-09-03T21:27:04.121+0000] {dagbag.py:538} INFO - Filling up the DagBag from /opt/airflow/dags/spark_pipeline_dag.py
[2026-09-03T21:27:04.151+0000] {processor.py:840} INFO - DAG(s) 'air_quality_pipeline' retrieved from /opt/airflow/dags/spark_pipeline_dag.py
[2026-09-03T21:27:04.175+0000] {logging_mixin.py:188} INFO - [2026-09-03T21:27:04.174+0000] {dag.py:3036} INFO - Sync 1 DAGs
[2026-09-03T21:27:04.196+0000] {logging_mixin.py:188} INFO - [2026-09-03T21:27:04.195+0000] {dag.py:3823} INFO - Setting next_dagrun for air_quality_pipeline to 2026-09-03 21:05:00+00:00, run_after=2026-09-03 22:05:00+00:00
[2026-09-03T21:27:04.218+0000] {processor.py:183} INFO - Processing /opt/airflow/dags/spark_pipeline_dag.py took 0.102 seconds
[2026-09-03T21:27:34.716+0000] {processor.py:161} INFO - Started process (PID=51066) to work on /opt/airflow/dags/spark_pipeline_dag.py
[2026-09-03T21:27:34.723+0000] {processor.py:830} INFO - Processing file /opt/airflow/dags/spark_pipeline_dag.py for tasks to queue
[2026-09-03T21:27:34.816+0000] {logging_mixin.py:188} INFO - [2026-09-03T21:27:34.816+0000] {dagbag.py:538} INFO - Filling up the DagBag from /opt/airflow/dags/spark_pipeline_dag.py
[2026-09-03T21:27:34.841+0000] {processor.py:840} INFO - DAG(s) 'air_quality_pipeline' retrieved from /opt/airflow/dags/spark_pipeline_dag.py
[2026-09-03T21:27:34.864+0000] {logging_mixin.py:188} INFO - [2026-09-03T21:27:34.863+0000] {dag.py:3036} INFO - Sync 1 DAGs
[2026-09-03T21:27:34.886+0000] {logging_mixin.py:188} INFO - [2026-09-03T21:27:34.886+0000] {dag.py:3823} INFO - Setting next_dagrun for air_quality_pipeline to 2026-09-03 21:05:00+00:00, run_after=2026-09-03 22:05:00+00:00
[2026-09-03T21:27:34.906+0000] {processor.py:183} INFO - Processing /opt/airflow/dags/spark_pipeline_dag.py took 0.195 seconds
[2026-09-03T21:28:05.399+0000] {processor.py:161} INFO - Started process (PID=51076) to work on /opt/airflow/dags/spark_pipeline_dag.py
[2026-09-03T21:28:05.401+0000] {processor.py:830} INFO - Processing file /opt/airflow/dags/spark_pipeline_dag.py for tasks to queue
[2026-09-03T21:28:05.402+0000] {logging_mixin.py:188} INFO - [2026-09-03T21:28:05.401+0000] {dagbag.py:538} INFO - Filling up the DagBag from /opt/airflow/dags/spark_pipeline_dag.py
[2026-09-03T21:28:05.424+0000] {processor.py:840} INFO - DAG(s) 'air_quality_pipeline' retrieved from /opt/airflow/dags/spark_pipeline_dag.py
[2026-09-03T21:28:05.443+0000] {logging_mixin.py:188} INFO - [2026-09-03T21:28:05.442+0000] {dag.py:3036} INFO - Sync 1 DAGs
[2026-09-03T21:28:05.464+0000] {logging_mixin.py:188} INFO - [2026-09-03T21:28:05.464+0000] {dag.py:3823} INFO - Setting next_dagrun for air_quality_pipeline to 2026-09-03 21:05:00+00:00, run_after=2026-09-03 22:05:00+00:00
[2026-09-03T21:28:05.482+0000] {processor.py:183} INFO - Processing /opt/airflow/dags/spark_pipeline_dag.py took 0.086 seconds
[2026-09-03T21:28:35.848+0000] {processor.py:161} INFO - Started process (PID=51086) to work on /opt/airflow/dags/spark_pipeline_dag.py
[2026-09-03T21:28:35.849+0000] {processor.py:830} INFO - Processing file /opt/airflow/dags/spark_pipeline_dag.py for tasks to queue
[2026-09-03T21:28:35.850+0000] {logging_mixin.py:188} INFO - [2026-09-03T21:28:35.849+0000] {dagbag.py:538} INFO - Filling up the DagBag from /opt/airflow/dags/spark_pipeline_dag.py
[2026-09-03T21:28:35.871+0000] {processor.py:840} INFO - DAG(s) 'air_quality_pipeline' retrieved from /opt/airflow/dags/spark_pipeline_dag.py
[2026-09-03T21:28:35.890+0000] {logging_mixin.py:188} INFO - [2026-09-03T21:28:35.890+0000] {dag.py:3036} INFO - Sync 1 DAGs
[2026-09-03T21:28:35.912+0000] {logging_mixin.py:188} INFO - [2026-09-03T21:28:35.911+0000] {dag.py:3823} INFO - Setting next_dagrun for air_quality_pipeline to 2026-09-03 21:05:00+00:00, run_after=2026-09-03 22:05:00+00:00
[2026-09-03T21:28:35.933+0000] {processor.py:183} INFO - Processing /opt/airflow/dags/spark_pipeline_dag.py took 0.088 seconds
[2026-09-03T21:29:06.318+0000] {processor.py:161} INFO - Started process (PID=51096) to work on /opt/airflow/dags/spark_pipeline_dag.py
[2026-09-03T21:29:06.319+0000] {processor.py:830} INFO - Processing file /opt/airflow/dags/spark_pipeline_dag.py for tasks to queue
[2026-09-03T21:29:06.320+0000] {logging_mixin.py:188} INFO - [2026-09-03T21:29:06.320+0000] {dagbag.py:538} INFO - Filling up the DagBag from /opt/airflow/dags/spark_pipeline_dag.py
[2026-09-03T21:29:06.343+0000] {processor.py:840} INFO - DAG(s) 'air_quality_pipeline' retrieved from /opt/airflow/dags/spark_pipeline_dag.py
[2026-09-03T21:29:06.363+0000] {logging_mixin.py:188} INFO - [2026-09-03T21:29:06.363+0000] {dag.py:3036} INFO - Sync 1 DAGs
[2026-09-03T21:29:06.384+0000] {logging_mixin.py:188} INFO - [2026-09-03T21:29:06.384+0000] {dag.py:3823} INFO - Setting next_dagrun for air_quality_pipeline to 2026-09-03 21:05:00+00:00, run_after=2026-09-03 22:05:00+00:00
[2026-09-03T21:29:06.409+0000] {processor.py:183} INFO - Processing /opt/airflow/dags/spark_pipeline_dag.py took 0.095 seconds
[2026-09-03T21:29:36.755+0000] {processor.py:161} INFO - Started process (PID=51106) to work on /opt/airflow/dags/spark_pipeline_dag.py
[2026-09-03T21:29:36.757+0000] {processor.py:830} INFO - Processing file /opt/airflow/dags/spark_pipeline_dag.py for tasks to queue
[2026-09-03T21:29:36.759+0000] {logging_mixin.py:188} INFO - [2026-09-03T21:29:36.758+0000] {dagbag.py:538} INFO - Filling up the DagBag from /opt/airflow/dags/spark_pipeline_dag.py
[2026-09-03T21:29:36.776+0000] {processor.py:840} INFO - DAG(s) 'air_quality_pipeline' retrieved from /opt/airflow/dags/spark_pipeline_dag.py
[2026-09-03T21:29:36.793+0000] {logging_mixin.py:188} INFO - [2026-09-03T21:29:36.793+0000] {dag.py:3036} INFO - Sync 1 DAGs
[2026-09-03T21:29:36.811+0000] {logging_mixin.py:188} INFO - [2026-09-03T21:29:36.811+0000] {dag.py:3823} INFO - Setting next_dagrun for air_quality_pipeline to 2026-09-03 21:05:00+00:00, run_after=2026-09-03 22:05:00+00:00
[2026-09-03T21:29:36.831+0000] {processor.py:183} INFO - Processing /opt/airflow/dags/spark_pipeline_dag.py took 0.078 seconds
[2026-09-03T21:30:07.411+0000] {processor.py:161} INFO - Started process (PID=51116) to work on /opt/airflow/dags/spark_pipeline_dag.py
[2026-09-03T21:30:07.413+0000] {processor.py:830} INFO - Processing file /opt/airflow/dags/spark_pipeline_dag.py for tasks to queue
[2026-09-03T21:30:07.415+0000] {logging_mixin.py:188} INFO - [2026-09-03T21:30:07.414+0000] {dagbag.py:538} INFO - Filling up the DagBag from /opt/airflow/dags/spark_pipeline_dag.py
[2026-09-03T21:30:07.431+0000] {processor.py:840} INFO - DAG(s) 'air_quality_pipeline' retrieved from /opt/airflow/dags/spark_pipeline_dag.py
[2026-09-03T21:30:07.452+0000] {logging_mixin.py:188} INFO - [2026-09-03T21:30:07.451+0000] {dag.py:3036} INFO - Sync 1 DAGs
[2026-09-03T21:30:07.470+0000] {logging_mixin.py:188} INFO - [2026-09-03T21:30:07.470+0000] {dag.py:3823} INFO - Setting next_dagrun for air_quality_pipeline to 2026-09-03 21:05:00+00:00, run_after=2026-09-03 22:05:00+00:00
[2026-09-03T21:30:07.487+0000] {processor.py:183} INFO - Processing /opt/airflow/dags/spark_pipeline_dag.py took 0.079 seconds
[2026-09-03T21:30:37.877+0000] {processor.py:161} INFO - Started process (PID=51126) to work on /opt/airflow/dags/spark_pipeline_dag.py
[2026-09-03T21:30:37.879+0000] {processor.py:830} INFO - Processing file /opt/airflow/dags/spark_pipeline_dag.py for tasks to queue
[2026-09-03T21:30:37.880+0000] {logging_mixin.py:188} INFO - [2026-09-03T21:30:37.879+0000] {dagbag.py:538} INFO - Filling up the DagBag from /opt/airflow/dags/spark_pipeline_dag.py
[2026-09-03T21:30:37.905+0000] {processor.py:840} INFO - DAG(s) 'air_quality_pipeline' retrieved from /opt/airflow/dags/spark_pipeline_dag.py
[2026-09-03T21:30:37.923+0000] {logging_mixin.py:188} INFO - [2026-09-03T21:30:37.923+0000] {dag.py:3036} INFO - Sync 1 DAGs
[2026-09-03T21:30:37.945+0000] {logging_mixin.py:188} INFO - [2026-09-03T21:30:37.945+0000] {dag.py:3823} INFO - Setting next_dagrun for air_quality_pipeline to 2026-09-03 21:05:00+00:00, run_after=2026-09-03 22:05:00+00:00
[2026-09-03T21:30:37.971+0000] {processor.py:183} INFO - Processing /opt/airflow/dags/spark_pipeline_dag.py took 0.096 seconds
[2026-09-03T21:31:08.400+0000] {processor.py:161} INFO - Started process (PID=51136) to work on /opt/airflow/dags/spark_pipeline_dag.py
[2026-09-03T21:31:08.402+0000] {processor.py:830} INFO - Processing file /opt/airflow/dags/spark_pipeline_dag.py for tasks to queue
[2026-09-03T21:31:08.403+0000] {logging_mixin.py:188} INFO - [2026-09-03T21:31:08.403+0000] {dagbag.py:538} INFO - Filling up the DagBag from /opt/airflow/dags/spark_pipeline_dag.py
[2026-09-03T21:31:08.426+0000] {processor.py:840} INFO - DAG(s) 'air_quality_pipeline' retrieved from /opt/airflow/dags/spark_pipeline_dag.py
[2026-09-03T21:31:08.443+0000] {logging_mixin.py:188} INFO - [2026-09-03T21:31:08.443+0000] {dag.py:3036} INFO - Sync 1 DAGs
[2026-09-03T21:31:08.462+0000] {logging_mixin.py:188} INFO - [2026-09-03T21:31:08.462+0000] {dag.py:3823} INFO - Setting next_dagrun for air_quality_pipeline to 2026-09-03 21:05:00+00:00, run_after=2026-09-03 22:05:00+00:00
[2026-09-03T21:31:08.482+0000] {processor.py:183} INFO - Processing /opt/airflow/dags/spark_pipeline_dag.py took 0.085 seconds
[2026-09-03T21:31:38.869+0000] {processor.py:161} INFO - Started process (PID=51146) to work on /opt/airflow/dags/spark_pipeline_dag.py
[2026-09-03T21:31:38.870+0000] {processor.py:830} INFO - Processing file /opt/airflow/dags/spark_pipeline_dag.py for tasks to queue
[2026-09-03T21:31:38.871+0000] {logging_mixin.py:188} INFO - [2026-09-03T21:31:38.871+0000] {dagbag.py:538} INFO - Filling up the DagBag from /opt/airflow/dags/spark_pipeline_dag.py
[2026-09-03T21:31:38.893+0000] {processor.py:840} INFO - DAG(s) 'air_quality_pipeline' retrieved from /opt/airflow/dags/spark_pipeline_dag.py
[2026-09-03T21:31:38.912+0000] {logging_mixin.py:188} INFO - [2026-09-03T21:31:38.912+0000] {dag.py:3036} INFO - Sync 1 DAGs
[2026-09-03T21:31:38.932+0000] {logging_mixin.py:188} INFO - [2026-09-03T21:31:38.931+0000] {dag.py:3823} INFO - Setting next_dagrun for air_quality_pipeline to 2026-09-03 21:05:00+00:00, run_after=2026-09-03 22:05:00+00:00
[2026-09-03T21:31:38.950+0000] {processor.py:183} INFO - Processing /opt/airflow/dags/spark_pipeline_dag.py took 0.084 seconds
[2026-09-03T21:32:09.359+0000] {processor.py:161} INFO - Started process (PID=51156) to work on /opt/airflow/dags/spark_pipeline_dag.py
[2026-09-03T21:32:09.360+0000] {processor.py:830} INFO - Processing file /opt/airflow/dags/spark_pipeline_dag.py for tasks to queue
[2026-09-03T21:32:09.361+0000] {logging_mixin.py:188} INFO - [2026-09-03T21:32:09.361+0000] {dagbag.py:538} INFO - Filling up the DagBag from /opt/airflow/dags/spark_pipeline_dag.py
[2026-09-03T21:32:09.381+0000] {processor.py:840} INFO - DAG(s) 'air_quality_pipeline' retrieved from /opt/airflow/dags/spark_pipeline_dag.py
[2026-09-03T21:32:09.401+0000] {logging_mixin.py:188} INFO - [2026-09-03T21:32:09.400+0000] {dag.py:3036} INFO - Sync 1 DAGs
[2026-09-03T21:32:09.421+0000] {logging_mixin.py:188} INFO - [2026-09-03T21:32:09.421+0000] {dag.py:3823} INFO - Setting next_dagrun for air_quality_pipeline to 2026-09-03 21:05:00+00:00, run_after=2026-09-03 22:05:00+00:00
[2026-09-03T21:32:09.441+0000] {processor.py:183} INFO - Processing /opt/airflow/dags/spark_pipeline_dag.py took 0.085 seconds
[2026-09-03T21:32:39.820+0000] {processor.py:161} INFO - Started process (PID=51166) to work on /opt/airflow/dags/spark_pipeline_dag.py
[2026-09-03T21:32:39.821+0000] {processor.py:830} INFO - Processing file /opt/airflow/dags/spark_pipeline_dag.py for tasks to queue
[2026-09-03T21:32:39.822+0000] {logging_mixin.py:188} INFO - [2026-09-03T21:32:39.821+0000] {dagbag.py:538} INFO - Filling up the DagBag from /opt/airflow/dags/spark_pipeline_dag.py
[2026-09-03T21:32:39.847+0000] {processor.py:840} INFO - DAG(s) 'air_quality_pipeline' retrieved from /opt/airflow/dags/spark_pipeline_dag.py
[2026-09-03T21:32:39.867+0000] {logging_mixin.py:188} INFO - [2026-09-03T21:32:39.866+0000] {dag.py:3036} INFO - Sync 1 DAGs
[2026-09-03T21:32:39.886+0000] {logging_mixin.py:188} INFO - [2026-09-03T21:32:39.886+0000] {dag.py:3823} INFO - Setting next_dagrun for air_quality_pipeline to 2026-09-03 21:05:00+00:00, run_after=2026-09-03 22:05:00+00:00
[2026-09-03T21:32:39.904+0000] {processor.py:183} INFO - Processing /opt/airflow/dags/spark_pipeline_dag.py took 0.087 seconds
[2026-09-03T21:33:10.320+0000] {processor.py:161} INFO - Started process (PID=51176) to work on /opt/airflow/dags/spark_pipeline_dag.py
[2026-09-03T21:33:10.321+0000] {processor.py:830} INFO - Processing file /opt/airflow/dags/spark_pipeline_dag.py for tasks to queue
[2026-09-03T21:33:10.322+0000] {logging_mixin.py:188} INFO - [2026-09-03T21:33:10.322+0000] {dagbag.py:538} INFO - Filling up the DagBag from /opt/airflow/dags/spark_pipeline_dag.py
[2026-09-03T21:33:10.345+0000] {processor.py:840} INFO - DAG(s) 'air_quality_pipeline' retrieved from /opt/airflow/dags/spark_pipeline_dag.py
[2026-09-03T21:33:10.363+0000] {logging_mixin.py:188} INFO - [2026-09-03T21:33:10.363+0000] {dag.py:3036} INFO - Sync 1 DAGs
[2026-09-03T21:33:10.380+0000] {logging_mixin.py:188} INFO - [2026-09-03T21:33:10.380+0000] {dag.py:3823} INFO - Setting next_dagrun for air_quality_pipeline to 2026-09-03 21:05:00+00:00, run_after=2026-09-03 22:05:00+00:00
[2026-09-03T21:33:10.397+0000] {processor.py:183} INFO - Processing /opt/airflow/dags/spark_pipeline_dag.py took 0.080 seconds
[2026-09-03T21:33:40.818+0000] {processor.py:161} INFO - Started process (PID=51186) to work on /opt/airflow/dags/spark_pipeline_dag.py
[2026-09-03T21:33:40.819+0000] {processor.py:830} INFO - Processing file /opt/airflow/dags/spark_pipeline_dag.py for tasks to queue
[2026-09-03T21:33:40.820+0000] {logging_mixin.py:188} INFO - [2026-09-03T21:33:40.820+0000] {dagbag.py:538} INFO - Filling up the DagBag from /opt/airflow/dags/spark_pipeline_dag.py
[2026-09-03T21:33:40.845+0000] {processor.py:840} INFO - DAG(s) 'air_quality_pipeline' retrieved from /opt/airflow/dags/spark_pipeline_dag.py
[2026-09-03T21:33:40.864+0000] {logging_mixin.py:188} INFO - [2026-09-03T21:33:40.864+0000] {dag.py:3036} INFO - Sync 1 DAGs
[2026-09-03T21:33:40.884+0000] {logging_mixin.py:188} INFO - [2026-09-03T21:33:40.883+0000] {dag.py:3823} INFO - Setting next_dagrun for air_quality_pipeline to 2026-09-03 21:05:00+00:00, run_after=2026-09-03 22:05:00+00:00
[2026-09-03T21:33:40.903+0000] {processor.py:183} INFO - Processing /opt/airflow/dags/spark_pipeline_dag.py took 0.088 seconds
[2026-09-03T21:34:11.280+0000] {processor.py:161} INFO - Started process (PID=51196) to work on /opt/airflow/dags/spark_pipeline_dag.py
[2026-09-03T21:34:11.283+0000] {processor.py:830} INFO - Processing file /opt/airflow/dags/spark_pipeline_dag.py for tasks to queue
[2026-09-03T21:34:11.284+0000] {logging_mixin.py:188} INFO - [2026-09-03T21:34:11.283+0000] {dagbag.py:538} INFO - Filling up the DagBag from /opt/airflow/dags/spark_pipeline_dag.py
[2026-09-03T21:34:11.310+0000] {processor.py:840} INFO - DAG(s) 'air_quality_pipeline' retrieved from /opt/airflow/dags/spark_pipeline_dag.py
[2026-09-03T21:34:11.329+0000] {logging_mixin.py:188} INFO - [2026-09-03T21:34:11.329+0000] {dag.py:3036} INFO - Sync 1 DAGs
[2026-09-03T21:34:11.349+0000] {logging_mixin.py:188} INFO - [2026-09-03T21:34:11.349+0000] {dag.py:3823} INFO - Setting next_dagrun for air_quality_pipeline to 2026-09-03 21:05:00+00:00, run_after=2026-09-03 22:05:00+00:00
[2026-09-03T21:34:11.369+0000] {processor.py:183} INFO - Processing /opt/airflow/dags/spark_pipeline_dag.py took 0.093 seconds
[2026-09-03T21:34:41.784+0000] {processor.py:161} INFO - Started process (PID=51206) to work on /opt/airflow/dags/spark_pipeline_dag.py
[2026-09-03T21:34:41.785+0000] {processor.py:830} INFO - Processing file /opt/airflow/dags/spark_pipeline_dag.py for tasks to queue
[2026-09-03T21:34:41.786+0000] {logging_mixin.py:188} INFO - [2026-09-03T21:34:41.786+0000] {dagbag.py:538} INFO - Filling up the DagBag from /opt/airflow/dags/spark_pipeline_dag.py
[2026-09-03T21:34:41.807+0000] {processor.py:840} INFO - DAG(s) 'air_quality_pipeline' retrieved from /opt/airflow/dags/spark_pipeline_dag.py
[2026-09-03T21:34:41.828+0000] {logging_mixin.py:188} INFO - [2026-09-03T21:34:41.828+0000] {dag.py:3036} INFO - Sync 1 DAGs
[2026-09-03T21:34:41.853+0000] {logging_mixin.py:188} INFO - [2026-09-03T21:34:41.853+0000] {dag.py:3823} INFO - Setting next_dagrun for air_quality_pipeline to 2026-09-03 21:05:00+00:00, run_after=2026-09-03 22:05:00+00:00
[2026-09-03T21:34:41.871+0000] {processor.py:183} INFO - Processing /opt/airflow/dags/spark_pipeline_dag.py took 0.090 seconds
[2026-09-03T21:35:12.251+0000] {processor.py:161} INFO - Started process (PID=51216) to work on /opt/airflow/dags/spark_pipeline_dag.py
[2026-09-03T21:35:12.252+0000] {processor.py:830} INFO - Processing file /opt/airflow/dags/spark_pipeline_dag.py for tasks to queue
[2026-09-03T21:35:12.253+0000] {logging_mixin.py:188} INFO - [2026-09-03T21:35:12.253+0000] {dagbag.py:538} INFO - Filling up the DagBag from /opt/airflow/dags/spark_pipeline_dag.py
[2026-09-03T21:35:12.278+0000] {processor.py:840} INFO - DAG(s) 'air_quality_pipeline' retrieved from /opt/airflow/dags/spark_pipeline_dag.py
[2026-09-03T21:35:12.304+0000] {logging_mixin.py:188} INFO - [2026-09-03T21:35:12.304+0000] {dag.py:3036} INFO - Sync 1 DAGs
[2026-09-03T21:35:12.325+0000] {logging_mixin.py:188} INFO - [2026-09-03T21:35:12.324+0000] {dag.py:3823} INFO - Setting next_dagrun for air_quality_pipeline to 2026-09-03 21:05:00+00:00, run_after=2026-09-03 22:05:00+00:00
[2026-09-03T21:35:12.346+0000] {processor.py:183} INFO - Processing /opt/airflow/dags/spark_pipeline_dag.py took 0.098 seconds
[2026-09-03T21:35:42.732+0000] {processor.py:161} INFO - Started process (PID=51226) to work on /opt/airflow/dags/spark_pipeline_dag.py
[2026-09-03T21:35:42.734+0000] {processor.py:830} INFO - Processing file /opt/airflow/dags/spark_pipeline_dag.py for tasks to queue
[2026-09-03T21:35:42.735+0000] {logging_mixin.py:188} INFO - [2026-09-03T21:35:42.734+0000] {dagbag.py:538} INFO - Filling up the DagBag from /opt/airflow/dags/spark_pipeline_dag.py
[2026-09-03T21:35:42.764+0000] {processor.py:840} INFO - DAG(s) 'air_quality_pipeline' retrieved from /opt/airflow/dags/spark_pipeline_dag.py
[2026-09-03T21:35:42.788+0000] {logging_mixin.py:188} INFO - [2026-09-03T21:35:42.788+0000] {dag.py:3036} INFO - Sync 1 DAGs
[2026-09-03T21:35:42.814+0000] {logging_mixin.py:188} INFO - [2026-09-03T21:35:42.814+0000] {dag.py:3823} INFO - Setting next_dagrun for air_quality_pipeline to 2026-09-03 21:05:00+00:00, run_after=2026-09-03 22:05:00+00:00
[2026-09-03T21:35:42.835+0000] {processor.py:183} INFO - Processing /opt/airflow/dags/spark_pipeline_dag.py took 0.106 seconds
[2026-09-03T21:36:13.197+0000] {processor.py:161} INFO - Started process (PID=51236) to work on /opt/airflow/dags/spark_pipeline_dag.py
[2026-09-03T21:36:13.198+0000] {processor.py:830} INFO - Processing file /opt/airflow/dags/spark_pipeline_dag.py for tasks to queue
[2026-09-03T21:36:13.199+0000] {logging_mixin.py:188} INFO - [2026-09-03T21:36:13.199+0000] {dagbag.py:538} INFO - Filling up the DagBag from /opt/airflow/dags/spark_pipeline_dag.py
[2026-09-03T21:36:13.220+0000] {processor.py:840} INFO - DAG(s) 'air_quality_pipeline' retrieved from /opt/airflow/dags/spark_pipeline_dag.py
[2026-09-03T21:36:13.238+0000] {logging_mixin.py:188} INFO - [2026-09-03T21:36:13.238+0000] {dag.py:3036} INFO - Sync 1 DAGs
[2026-09-03T21:36:13.257+0000] {logging_mixin.py:188} INFO - [2026-09-03T21:36:13.256+0000] {dag.py:3823} INFO - Setting next_dagrun for air_quality_pipeline to 2026-09-03 21:05:00+00:00, run_after=2026-09-03 22:05:00+00:00
[2026-09-03T21:36:13.277+0000] {processor.py:183} INFO - Processing /opt/airflow/dags/spark_pipeline_dag.py took 0.083 seconds
[2026-09-03T21:36:43.692+0000] {processor.py:161} INFO - Started process (PID=51246) to work on /opt/airflow/dags/spark_pipeline_dag.py
[2026-09-03T21:36:43.693+0000] {processor.py:830} INFO - Processing file /opt/airflow/dags/spark_pipeline_dag.py for tasks to queue
[2026-09-03T21:36:43.694+0000] {logging_mixin.py:188} INFO - [2026-09-03T21:36:43.694+0000] {dagbag.py:538} INFO - Filling up the DagBag from /opt/airflow/dags/spark_pipeline_dag.py
[2026-09-03T21:36:43.727+0000] {processor.py:840} INFO - DAG(s) 'air_quality_pipeline' retrieved from /opt/airflow/dags/spark_pipeline_dag.py
[2026-09-03T21:36:43.757+0000] {logging_mixin.py:188} INFO - [2026-09-03T21:36:43.757+0000] {dag.py:3036} INFO - Sync 1 DAGs
[2026-09-03T21:36:43.784+0000] {logging_mixin.py:188} INFO - [2026-09-03T21:36:43.784+0000] {dag.py:3823} INFO - Setting next_dagrun for air_quality_pipeline to 2026-09-03 21:05:00+00:00, run_after=2026-09-03 22:05:00+00:00
[2026-09-03T21:36:43.809+0000] {processor.py:183} INFO - Processing /opt/airflow/dags/spark_pipeline_dag.py took 0.121 seconds
[2026-09-03T21:37:14.230+0000] {processor.py:161} INFO - Started process (PID=51256) to work on /opt/airflow/dags/spark_pipeline_dag.py
[2026-09-03T21:37:14.233+0000] {processor.py:830} INFO - Processing file /opt/airflow/dags/spark_pipeline_dag.py for tasks to queue
[2026-09-03T21:37:14.234+0000] {logging_mixin.py:188} INFO - [2026-09-03T21:37:14.234+0000] {dagbag.py:538} INFO - Filling up the DagBag from /opt/airflow/dags/spark_pipeline_dag.py
[2026-09-03T21:37:14.252+0000] {processor.py:840} INFO - DAG(s) 'air_quality_pipeline' retrieved from /opt/airflow/dags/spark_pipeline_dag.py
[2026-09-03T21:37:14.270+0000] {logging_mixin.py:188} INFO - [2026-09-03T21:37:14.270+0000] {dag.py:3036} INFO - Sync 1 DAGs
[2026-09-03T21:37:14.287+0000] {logging_mixin.py:188} INFO - [2026-09-03T21:37:14.286+0000] {dag.py:3823} INFO - Setting next_dagrun for air_quality_pipeline to 2026-09-03 21:05:00+00:00, run_after=2026-09-03 22:05:00+00:00
[2026-09-03T21:37:14.304+0000] {processor.py:183} INFO - Processing /opt/airflow/dags/spark_pipeline_dag.py took 0.077 seconds
[2026-09-03T21:37:44.744+0000] {processor.py:161} INFO - Started process (PID=51266) to work on /opt/airflow/dags/spark_pipeline_dag.py
[2026-09-03T21:37:44.746+0000] {processor.py:830} INFO - Processing file /opt/airflow/dags/spark_pipeline_dag.py for tasks to queue
[2026-09-03T21:37:44.747+0000] {logging_mixin.py:188} INFO - [2026-09-03T21:37:44.747+0000] {dagbag.py:538} INFO - Filling up the DagBag from /opt/airflow/dags/spark_pipeline_dag.py
[2026-09-03T21:37:44.767+0000] {processor.py:840} INFO - DAG(s) 'air_quality_pipeline' retrieved from /opt/airflow/dags/spark_pipeline_dag.py
[2026-09-03T21:37:44.788+0000] {logging_mixin.py:188} INFO - [2026-09-03T21:37:44.788+0000] {dag.py:3036} INFO - Sync 1 DAGs
[2026-09-03T21:37:44.808+0000] {logging_mixin.py:188} INFO - [2026-09-03T21:37:44.807+0000] {dag.py:3823} INFO - Setting next_dagrun for air_quality_pipeline to 2026-09-03 21:05:00+00:00, run_after=2026-09-03 22:05:00+00:00
[2026-09-03T21:37:44.826+0000] {processor.py:183} INFO - Processing /opt/airflow/dags/spark_pipeline_dag.py took 0.084 seconds
[2026-09-03T21:38:15.161+0000] {processor.py:161} INFO - Started process (PID=51276) to work on /opt/airflow/dags/spark_pipeline_dag.py
[2026-09-03T21:38:15.163+0000] {processor.py:830} INFO - Processing file /opt/airflow/dags/spark_pipeline_dag.py for tasks to queue
[2026-09-03T21:38:15.164+0000] {logging_mixin.py:188} INFO - [2026-09-03T21:38:15.164+0000] {dagbag.py:538} INFO - Filling up the DagBag from /opt/airflow/dags/spark_pipeline_dag.py
[2026-09-03T21:38:15.188+0000] {processor.py:840} INFO - DAG(s) 'air_quality_pipeline' retrieved from /opt/airflow/dags/spark_pipeline_dag.py
[2026-09-03T21:38:15.206+0000] {logging_mixin.py:188} INFO - [2026-09-03T21:38:15.206+0000] {dag.py:3036} INFO - Sync 1 DAGs
[2026-09-03T21:38:15.227+0000] {logging_mixin.py:188} INFO - [2026-09-03T21:38:15.227+0000] {dag.py:3823} INFO - Setting next_dagrun for air_quality_pipeline to 2026-09-03 21:05:00+00:00, run_after=2026-09-03 22:05:00+00:00
[2026-09-03T21:38:15.247+0000] {processor.py:183} INFO - Processing /opt/airflow/dags/spark_pipeline_dag.py took 0.089 seconds
[2026-09-03T21:38:45.754+0000] {processor.py:161} INFO - Started process (PID=51286) to work on /opt/airflow/dags/spark_pipeline_dag.py
[2026-09-03T21:38:45.755+0000] {processor.py:830} INFO - Processing file /opt/airflow/dags/spark_pipeline_dag.py for tasks to queue
[2026-09-03T21:38:45.756+0000] {logging_mixin.py:188} INFO - [2026-09-03T21:38:45.755+0000] {dagbag.py:538} INFO - Filling up the DagBag from /opt/airflow/dags/spark_pipeline_dag.py
[2026-09-03T21:38:45.773+0000] {processor.py:840} INFO - DAG(s) 'air_quality_pipeline' retrieved from /opt/airflow/dags/spark_pipeline_dag.py
[2026-09-03T21:38:45.792+0000] {logging_mixin.py:188} INFO - [2026-09-03T21:38:45.792+0000] {dag.py:3036} INFO - Sync 1 DAGs
[2026-09-03T21:38:45.812+0000] {logging_mixin.py:188} INFO - [2026-09-03T21:38:45.812+0000] {dag.py:3823} INFO - Setting next_dagrun for air_quality_pipeline to 2026-09-03 21:05:00+00:00, run_after=2026-09-03 22:05:00+00:00
[2026-09-03T21:38:45.830+0000] {processor.py:183} INFO - Processing /opt/airflow/dags/spark_pipeline_dag.py took 0.079 seconds
[2026-09-03T21:39:16.239+0000] {processor.py:161} INFO - Started process (PID=51296) to work on /opt/airflow/dags/spark_pipeline_dag.py
[2026-09-03T21:39:16.240+0000] {processor.py:830} INFO - Processing file /opt/airflow/dags/spark_pipeline_dag.py for tasks to queue
[2026-09-03T21:39:16.242+0000] {logging_mixin.py:188} INFO - [2026-09-03T21:39:16.242+0000] {dagbag.py:538} INFO - Filling up the DagBag from /opt/airflow/dags/spark_pipeline_dag.py
[2026-09-03T21:39:16.265+0000] {processor.py:840} INFO - DAG(s) 'air_quality_pipeline' retrieved from /opt/airflow/dags/spark_pipeline_dag.py
[2026-09-03T21:39:16.282+0000] {logging_mixin.py:188} INFO - [2026-09-03T21:39:16.282+0000] {dag.py:3036} INFO - Sync 1 DAGs
[2026-09-03T21:39:16.302+0000] {logging_mixin.py:188} INFO - [2026-09-03T21:39:16.302+0000] {dag.py:3823} INFO - Setting next_dagrun for air_quality_pipeline to 2026-09-03 21:05:00+00:00, run_after=2026-09-03 22:05:00+00:00
[2026-09-03T21:39:16.325+0000] {processor.py:183} INFO - Processing /opt/airflow/dags/spark_pipeline_dag.py took 0.089 seconds
[2026-09-03T21:39:46.660+0000] {processor.py:161} INFO - Started process (PID=51306) to work on /opt/airflow/dags/spark_pipeline_dag.py
[2026-09-03T21:39:46.661+0000] {processor.py:830} INFO - Processing file /opt/airflow/dags/spark_pipeline_dag.py for tasks to queue
[2026-09-03T21:39:46.662+0000] {logging_mixin.py:188} INFO - [2026-09-03T21:39:46.662+0000] {dagbag.py:538} INFO - Filling up the DagBag from /opt/airflow/dags/spark_pipeline_dag.py
[2026-09-03T21:39:46.690+0000] {processor.py:840} INFO - DAG(s) 'air_quality_pipeline' retrieved from /opt/airflow/dags/spark_pipeline_dag.py
[2026-09-03T21:39:46.715+0000] {logging_mixin.py:188} INFO - [2026-09-03T21:39:46.715+0000] {dag.py:3036} INFO - Sync 1 DAGs
[2026-09-03T21:39:46.737+0000] {logging_mixin.py:188} INFO - [2026-09-03T21:39:46.737+0000] {dag.py:3823} INFO - Setting next_dagrun for air_quality_pipeline to 2026-09-03 21:05:00+00:00, run_after=2026-09-03 22:05:00+00:00
[2026-09-03T21:39:46.758+0000] {processor.py:183} INFO - Processing /opt/airflow/dags/spark_pipeline_dag.py took 0.101 seconds
[2026-09-03T21:40:17.120+0000] {processor.py:161} INFO - Started process (PID=51316) to work on /opt/airflow/dags/spark_pipeline_dag.py
[2026-09-03T21:40:17.121+0000] {processor.py:830} INFO - Processing file /opt/airflow/dags/spark_pipeline_dag.py for tasks to queue
[2026-09-03T21:40:17.122+0000] {logging_mixin.py:188} INFO - [2026-09-03T21:40:17.122+0000] {dagbag.py:538} INFO - Filling up the DagBag from /opt/airflow/dags/spark_pipeline_dag.py
[2026-09-03T21:40:17.140+0000] {processor.py:840} INFO - DAG(s) 'air_quality_pipeline' retrieved from /opt/airflow/dags/spark_pipeline_dag.py
[2026-09-03T21:40:17.170+0000] {logging_mixin.py:188} INFO - [2026-09-03T21:40:17.170+0000] {dag.py:3036} INFO - Sync 1 DAGs
[2026-09-03T21:40:17.194+0000] {logging_mixin.py:188} INFO - [2026-09-03T21:40:17.194+0000] {dag.py:3823} INFO - Setting next_dagrun for air_quality_pipeline to 2026-09-03 21:05:00+00:00, run_after=2026-09-03 22:05:00+00:00
[2026-09-03T21:40:17.214+0000] {processor.py:183} INFO - Processing /opt/airflow/dags/spark_pipeline_dag.py took 0.096 seconds
[2026-09-03T21:40:47.624+0000] {processor.py:161} INFO - Started process (PID=51326) to work on /opt/airflow/dags/spark_pipeline_dag.py
[2026-09-03T21:40:47.625+0000] {processor.py:830} INFO - Processing file /opt/airflow/dags/spark_pipeline_dag.py for tasks to queue
[2026-09-03T21:40:47.626+0000] {logging_mixin.py:188} INFO - [2026-09-03T21:40:47.626+0000] {dagbag.py:538} INFO - Filling up the DagBag from /opt/airflow/dags/spark_pipeline_dag.py
[2026-09-03T21:40:47.650+0000] {processor.py:840} INFO - DAG(s) 'air_quality_pipeline' retrieved from /opt/airflow/dags/spark_pipeline_dag.py
[2026-09-03T21:40:47.671+0000] {logging_mixin.py:188} INFO - [2026-09-03T21:40:47.671+0000] {dag.py:3036} INFO - Sync 1 DAGs
[2026-09-03T21:40:47.694+0000] {logging_mixin.py:188} INFO - [2026-09-03T21:40:47.694+0000] {dag.py:3823} INFO - Setting next_dagrun for air_quality_pipeline to 2026-09-03 21:05:00+00:00, run_after=2026-09-03 22:05:00+00:00
[2026-09-03T21:40:47.716+0000] {processor.py:183} INFO - Processing /opt/airflow/dags/spark_pipeline_dag.py took 0.095 seconds
[2026-09-03T21:41:18.107+0000] {processor.py:161} INFO - Started process (PID=51336) to work on /opt/airflow/dags/spark_pipeline_dag.py
[2026-09-03T21:41:18.108+0000] {processor.py:830} INFO - Processing file /opt/airflow/dags/spark_pipeline_dag.py for tasks to queue
[2026-09-03T21:41:18.109+0000] {logging_mixin.py:188} INFO - [2026-09-03T21:41:18.108+0000] {dagbag.py:538} INFO - Filling up the DagBag from /opt/airflow/dags/spark_pipeline_dag.py
[2026-09-03T21:41:18.134+0000] {processor.py:840} INFO - DAG(s) 'air_quality_pipeline' retrieved from /opt/airflow/dags/spark_pipeline_dag.py
[2026-09-03T21:41:18.160+0000] {logging_mixin.py:188} INFO - [2026-09-03T21:41:18.160+0000] {dag.py:3036} INFO - Sync 1 DAGs
[2026-09-03T21:41:18.182+0000] {logging_mixin.py:188} INFO - [2026-09-03T21:41:18.182+0000] {dag.py:3823} INFO - Setting next_dagrun for air_quality_pipeline to 2026-09-03 21:05:00+00:00, run_after=2026-09-03 22:05:00+00:00
[2026-09-03T21:41:18.207+0000] {processor.py:183} INFO - Processing /opt/airflow/dags/spark_pipeline_dag.py took 0.104 seconds
[2026-09-03T21:41:48.512+0000] {processor.py:161} INFO - Started process (PID=51346) to work on /opt/airflow/dags/spark_pipeline_dag.py
[2026-09-03T21:41:48.513+0000] {processor.py:830} INFO - Processing file /opt/airflow/dags/spark_pipeline_dag.py for tasks to queue
[2026-09-03T21:41:48.514+0000] {logging_mixin.py:188} INFO - [2026-09-03T21:41:48.514+0000] {dagbag.py:538} INFO - Filling up the DagBag from /opt/airflow/dags/spark_pipeline_dag.py
[2026-09-03T21:41:48.540+0000] {processor.py:840} INFO - DAG(s) 'air_quality_pipeline' retrieved from /opt/airflow/dags/spark_pipeline_dag.py
[2026-09-03T21:41:48.558+0000] {logging_mixin.py:188} INFO - [2026-09-03T21:41:48.557+0000] {dag.py:3036} INFO - Sync 1 DAGs
[2026-09-03T21:41:48.576+0000] {logging_mixin.py:188} INFO - [2026-09-03T21:41:48.576+0000] {dag.py:3823} INFO - Setting next_dagrun for air_quality_pipeline to 2026-09-03 21:05:00+00:00, run_after=2026-09-03 22:05:00+00:00
[2026-09-03T21:41:48.594+0000] {processor.py:183} INFO - Processing /opt/airflow/dags/spark_pipeline_dag.py took 0.086 seconds
[2026-09-03T21:42:18.922+0000] {processor.py:161} INFO - Started process (PID=51356) to work on /opt/airflow/dags/spark_pipeline_dag.py
[2026-09-03T21:42:18.923+0000] {processor.py:830} INFO - Processing file /opt/airflow/dags/spark_pipeline_dag.py for tasks to queue
[2026-09-03T21:42:18.924+0000] {logging_mixin.py:188} INFO - [2026-09-03T21:42:18.924+0000] {dagbag.py:538} INFO - Filling up the DagBag from /opt/airflow/dags/spark_pipeline_dag.py
[2026-09-03T21:42:18.952+0000] {processor.py:840} INFO - DAG(s) 'air_quality_pipeline' retrieved from /opt/airflow/dags/spark_pipeline_dag.py
[2026-09-03T21:42:18.977+0000] {logging_mixin.py:188} INFO - [2026-09-03T21:42:18.977+0000] {dag.py:3036} INFO - Sync 1 DAGs
[2026-09-03T21:42:18.999+0000] {logging_mixin.py:188} INFO - [2026-09-03T21:42:18.999+0000] {dag.py:3823} INFO - Setting next_dagrun for air_quality_pipeline to 2026-09-03 21:05:00+00:00, run_after=2026-09-03 22:05:00+00:00
[2026-09-03T21:42:19.023+0000] {processor.py:183} INFO - Processing /opt/airflow/dags/spark_pipeline_dag.py took 0.104 seconds
[2026-09-03T21:42:49.392+0000] {processor.py:161} INFO - Started process (PID=51366) to work on /opt/airflow/dags/spark_pipeline_dag.py
[2026-09-03T21:42:49.394+0000] {processor.py:830} INFO - Processing file /opt/airflow/dags/spark_pipeline_dag.py for tasks to queue
[2026-09-03T21:42:49.395+0000] {logging_mixin.py:188} INFO - [2026-09-03T21:42:49.394+0000] {dagbag.py:538} INFO - Filling up the DagBag from /opt/airflow/dags/spark_pipeline_dag.py
[2026-09-03T21:42:49.415+0000] {processor.py:840} INFO - DAG(s) 'air_quality_pipeline' retrieved from /opt/airflow/dags/spark_pipeline_dag.py
[2026-09-03T21:42:49.433+0000] {logging_mixin.py:188} INFO - [2026-09-03T21:42:49.433+0000] {dag.py:3036} INFO - Sync 1 DAGs
[2026-09-03T21:42:49.453+0000] {logging_mixin.py:188} INFO - [2026-09-03T21:42:49.453+0000] {dag.py:3823} INFO - Setting next_dagrun for air_quality_pipeline to 2026-09-03 21:05:00+00:00, run_after=2026-09-03 22:05:00+00:00
[2026-09-03T21:42:49.477+0000] {processor.py:183} INFO - Processing /opt/airflow/dags/spark_pipeline_dag.py took 0.087 seconds
[2026-09-03T21:43:19.837+0000] {processor.py:161} INFO - Started process (PID=51376) to work on /opt/airflow/dags/spark_pipeline_dag.py
[2026-09-03T21:43:19.838+0000] {processor.py:830} INFO - Processing file /opt/airflow/dags/spark_pipeline_dag.py for tasks to queue
[2026-09-03T21:43:19.839+0000] {logging_mixin.py:188} INFO - [2026-09-03T21:43:19.839+0000] {dagbag.py:538} INFO - Filling up the DagBag from /opt/airflow/dags/spark_pipeline_dag.py
[2026-09-03T21:43:19.871+0000] {processor.py:840} INFO - DAG(s) 'air_quality_pipeline' retrieved from /opt/airflow/dags/spark_pipeline_dag.py
[2026-09-03T21:43:19.893+0000] {logging_mixin.py:188} INFO - [2026-09-03T21:43:19.892+0000] {dag.py:3036} INFO - Sync 1 DAGs
[2026-09-03T21:43:19.919+0000] {logging_mixin.py:188} INFO - [2026-09-03T21:43:19.919+0000] {dag.py:3823} INFO - Setting next_dagrun for air_quality_pipeline to 2026-09-03 21:05:00+00:00, run_after=2026-09-03 22:05:00+00:00
[2026-09-03T21:43:19.943+0000] {processor.py:183} INFO - Processing /opt/airflow/dags/spark_pipeline_dag.py took 0.111 seconds
[2026-09-03T21:43:50.290+0000] {processor.py:161} INFO - Started process (PID=51386) to work on /opt/airflow/dags/spark_pipeline_dag.py
[2026-09-03T21:43:50.291+0000] {processor.py:830} INFO - Processing file /opt/airflow/dags/spark_pipeline_dag.py for tasks to queue
[2026-09-03T21:43:50.292+0000] {logging_mixin.py:188} INFO - [2026-09-03T21:43:50.292+0000] {dagbag.py:538} INFO - Filling up the DagBag from /opt/airflow/dags/spark_pipeline_dag.py
[2026-09-03T21:43:50.312+0000] {processor.py:840} INFO - DAG(s) 'air_quality_pipeline' retrieved from /opt/airflow/dags/spark_pipeline_dag.py
[2026-09-03T21:43:50.330+0000] {logging_mixin.py:188} INFO - [2026-09-03T21:43:50.330+0000] {dag.py:3036} INFO - Sync 1 DAGs
[2026-09-03T21:43:50.348+0000] {logging_mixin.py:188} INFO - [2026-09-03T21:43:50.348+0000] {dag.py:3823} INFO - Setting next_dagrun for air_quality_pipeline to 2026-09-03 21:05:00+00:00, run_after=2026-09-03 22:05:00+00:00
[2026-09-03T21:43:50.365+0000] {processor.py:183} INFO - Processing /opt/airflow/dags/spark_pipeline_dag.py took 0.077 seconds
[2026-09-03T21:44:20.818+0000] {processor.py:161} INFO - Started process (PID=51396) to work on /opt/airflow/dags/spark_pipeline_dag.py
[2026-09-03T21:44:20.819+0000] {processor.py:830} INFO - Processing file /opt/airflow/dags/spark_pipeline_dag.py for tasks to queue
[2026-09-03T21:44:20.821+0000] {logging_mixin.py:188} INFO - [2026-09-03T21:44:20.820+0000] {dagbag.py:538} INFO - Filling up the DagBag from /opt/airflow/dags/spark_pipeline_dag.py
[2026-09-03T21:44:20.838+0000] {processor.py:840} INFO - DAG(s) 'air_quality_pipeline' retrieved from /opt/airflow/dags/spark_pipeline_dag.py
[2026-09-03T21:44:20.856+0000] {logging_mixin.py:188} INFO - [2026-09-03T21:44:20.856+0000] {dag.py:3036} INFO - Sync 1 DAGs
[2026-09-03T21:44:20.876+0000] {logging_mixin.py:188} INFO - [2026-09-03T21:44:20.876+0000] {dag.py:3823} INFO - Setting next_dagrun for air_quality_pipeline to 2026-09-03 21:05:00+00:00, run_after=2026-09-03 22:05:00+00:00
[2026-09-03T21:44:20.895+0000] {processor.py:183} INFO - Processing /opt/airflow/dags/spark_pipeline_dag.py took 0.079 seconds
[2026-09-03T21:44:51.363+0000] {processor.py:161} INFO - Started process (PID=51406) to work on /opt/airflow/dags/spark_pipeline_dag.py
[2026-09-03T21:44:51.365+0000] {processor.py:830} INFO - Processing file /opt/airflow/dags/spark_pipeline_dag.py for tasks to queue
[2026-09-03T21:44:51.367+0000] {logging_mixin.py:188} INFO - [2026-09-03T21:44:51.367+0000] {dagbag.py:538} INFO - Filling up the DagBag from /opt/airflow/dags/spark_pipeline_dag.py
[2026-09-03T21:44:51.385+0000] {processor.py:840} INFO - DAG(s) 'air_quality_pipeline' retrieved from /opt/airflow/dags/spark_pipeline_dag.py
[2026-09-03T21:44:51.402+0000] {logging_mixin.py:188} INFO - [2026-09-03T21:44:51.402+0000] {dag.py:3036} INFO - Sync 1 DAGs
[2026-09-03T21:44:51.420+0000] {logging_mixin.py:188} INFO - [2026-09-03T21:44:51.420+0000] {dag.py:3823} INFO - Setting next_dagrun for air_quality_pipeline to 2026-09-03 21:05:00+00:00, run_after=2026-09-03 22:05:00+00:00
[2026-09-03T21:44:51.439+0000] {processor.py:183} INFO - Processing /opt/airflow/dags/spark_pipeline_dag.py took 0.079 seconds
[2026-09-03T21:45:21.838+0000] {processor.py:161} INFO - Started process (PID=51416) to work on /opt/airflow/dags/spark_pipeline_dag.py
[2026-09-03T21:45:21.840+0000] {processor.py:830} INFO - Processing file /opt/airflow/dags/spark_pipeline_dag.py for tasks to queue
[2026-09-03T21:45:21.842+0000] {logging_mixin.py:188} INFO - [2026-09-03T21:45:21.842+0000] {dagbag.py:538} INFO - Filling up the DagBag from /opt/airflow/dags/spark_pipeline_dag.py
[2026-09-03T21:45:21.883+0000] {processor.py:840} INFO - DAG(s) 'air_quality_pipeline' retrieved from /opt/airflow/dags/spark_pipeline_dag.py
[2026-09-03T21:45:21.908+0000] {logging_mixin.py:188} INFO - [2026-09-03T21:45:21.908+0000] {dag.py:3036} INFO - Sync 1 DAGs
[2026-09-03T21:45:21.936+0000] {logging_mixin.py:188} INFO - [2026-09-03T21:45:21.935+0000] {dag.py:3823} INFO - Setting next_dagrun for air_quality_pipeline to 2026-09-03 21:05:00+00:00, run_after=2026-09-03 22:05:00+00:00
[2026-09-03T21:45:21.964+0000] {processor.py:183} INFO - Processing /opt/airflow/dags/spark_pipeline_dag.py took 0.129 seconds
[2026-09-03T21:45:52.331+0000] {processor.py:161} INFO - Started process (PID=51426) to work on /opt/airflow/dags/spark_pipeline_dag.py
[2026-09-03T21:45:52.332+0000] {processor.py:830} INFO - Processing file /opt/airflow/dags/spark_pipeline_dag.py for tasks to queue
[2026-09-03T21:45:52.333+0000] {logging_mixin.py:188} INFO - [2026-09-03T21:45:52.333+0000] {dagbag.py:538} INFO - Filling up the DagBag from /opt/airflow/dags/spark_pipeline_dag.py
[2026-09-03T21:45:52.358+0000] {processor.py:840} INFO - DAG(s) 'air_quality_pipeline' retrieved from /opt/airflow/dags/spark_pipeline_dag.py
[2026-09-03T21:45:52.378+0000] {logging_mixin.py:188} INFO - [2026-09-03T21:45:52.378+0000] {dag.py:3036} INFO - Sync 1 DAGs
[2026-09-03T21:45:52.400+0000] {logging_mixin.py:188} INFO - [2026-09-03T21:45:52.400+0000] {dag.py:3823} INFO - Setting next_dagrun for air_quality_pipeline to 2026-09-03 21:05:00+00:00, run_after=2026-09-03 22:05:00+00:00
[2026-09-03T21:45:52.419+0000] {processor.py:183} INFO - Processing /opt/airflow/dags/spark_pipeline_dag.py took 0.092 seconds
[2026-09-03T21:46:22.758+0000] {processor.py:161} INFO - Started process (PID=51436) to work on /opt/airflow/dags/spark_pipeline_dag.py
[2026-09-03T21:46:22.759+0000] {processor.py:830} INFO - Processing file /opt/airflow/dags/spark_pipeline_dag.py for tasks to queue
[2026-09-03T21:46:22.760+0000] {logging_mixin.py:188} INFO - [2026-09-03T21:46:22.760+0000] {dagbag.py:538} INFO - Filling up the DagBag from /opt/airflow/dags/spark_pipeline_dag.py
[2026-09-03T21:46:22.789+0000] {processor.py:840} INFO - DAG(s) 'air_quality_pipeline' retrieved from /opt/airflow/dags/spark_pipeline_dag.py
[2026-09-03T21:46:22.821+0000] {logging_mixin.py:188} INFO - [2026-09-03T21:46:22.821+0000] {dag.py:3036} INFO - Sync 1 DAGs
[2026-09-03T21:46:22.844+0000] {logging_mixin.py:188} INFO - [2026-09-03T21:46:22.844+0000] {dag.py:3823} INFO - Setting next_dagrun for air_quality_pipeline to 2026-09-03 21:05:00+00:00, run_after=2026-09-03 22:05:00+00:00
[2026-09-03T21:46:22.867+0000] {processor.py:183} INFO - Processing /opt/airflow/dags/spark_pipeline_dag.py took 0.112 seconds
[2026-09-03T21:46:53.273+0000] {processor.py:161} INFO - Started process (PID=51446) to work on /opt/airflow/dags/spark_pipeline_dag.py
[2026-09-03T21:46:53.275+0000] {processor.py:830} INFO - Processing file /opt/airflow/dags/spark_pipeline_dag.py for tasks to queue
[2026-09-03T21:46:53.277+0000] {logging_mixin.py:188} INFO - [2026-09-03T21:46:53.276+0000] {dagbag.py:538} INFO - Filling up the DagBag from /opt/airflow/dags/spark_pipeline_dag.py
[2026-09-03T21:46:53.299+0000] {processor.py:840} INFO - DAG(s) 'air_quality_pipeline' retrieved from /opt/airflow/dags/spark_pipeline_dag.py
[2026-09-03T21:46:53.317+0000] {logging_mixin.py:188} INFO - [2026-09-03T21:46:53.317+0000] {dag.py:3036} INFO - Sync 1 DAGs
[2026-09-03T21:46:53.337+0000] {logging_mixin.py:188} INFO - [2026-09-03T21:46:53.337+0000] {dag.py:3823} INFO - Setting next_dagrun for air_quality_pipeline to 2026-09-03 21:05:00+00:00, run_after=2026-09-03 22:05:00+00:00
[2026-09-03T21:46:53.360+0000] {processor.py:183} INFO - Processing /opt/airflow/dags/spark_pipeline_dag.py took 0.089 seconds
[2026-09-03T21:47:23.840+0000] {processor.py:161} INFO - Started process (PID=51456) to work on /opt/airflow/dags/spark_pipeline_dag.py
[2026-09-03T21:47:23.841+0000] {processor.py:830} INFO - Processing file /opt/airflow/dags/spark_pipeline_dag.py for tasks to queue
[2026-09-03T21:47:23.842+0000] {logging_mixin.py:188} INFO - [2026-09-03T21:47:23.841+0000] {dagbag.py:538} INFO - Filling up the DagBag from /opt/airflow/dags/spark_pipeline_dag.py
[2026-09-03T21:47:23.864+0000] {processor.py:840} INFO - DAG(s) 'air_quality_pipeline' retrieved from /opt/airflow/dags/spark_pipeline_dag.py
[2026-09-03T21:47:23.883+0000] {logging_mixin.py:188} INFO - [2026-09-03T21:47:23.883+0000] {dag.py:3036} INFO - Sync 1 DAGs
[2026-09-03T21:47:23.903+0000] {logging_mixin.py:188} INFO - [2026-09-03T21:47:23.903+0000] {dag.py:3823} INFO - Setting next_dagrun for air_quality_pipeline to 2026-09-03 21:05:00+00:00, run_after=2026-09-03 22:05:00+00:00
[2026-09-03T21:47:23.924+0000] {processor.py:183} INFO - Processing /opt/airflow/dags/spark_pipeline_dag.py took 0.087 seconds
[2026-09-03T21:47:54.354+0000] {processor.py:161} INFO - Started process (PID=51466) to work on /opt/airflow/dags/spark_pipeline_dag.py
[2026-09-03T21:47:54.356+0000] {processor.py:830} INFO - Processing file /opt/airflow/dags/spark_pipeline_dag.py for tasks to queue
[2026-09-03T21:47:54.357+0000] {logging_mixin.py:188} INFO - [2026-09-03T21:47:54.356+0000] {dagbag.py:538} INFO - Filling up the DagBag from /opt/airflow/dags/spark_pipeline_dag.py
[2026-09-03T21:47:54.378+0000] {processor.py:840} INFO - DAG(s) 'air_quality_pipeline' retrieved from /opt/airflow/dags/spark_pipeline_dag.py
[2026-09-03T21:47:54.395+0000] {logging_mixin.py:188} INFO - [2026-09-03T21:47:54.395+0000] {dag.py:3036} INFO - Sync 1 DAGs
[2026-09-03T21:47:54.413+0000] {logging_mixin.py:188} INFO - [2026-09-03T21:47:54.412+0000] {dag.py:3823} INFO - Setting next_dagrun for air_quality_pipeline to 2026-09-03 21:05:00+00:00, run_after=2026-09-03 22:05:00+00:00
[2026-09-03T21:47:54.431+0000] {processor.py:183} INFO - Processing /opt/airflow/dags/spark_pipeline_dag.py took 0.083 seconds
[2026-09-03T21:48:24.917+0000] {processor.py:161} INFO - Started process (PID=51476) to work on /opt/airflow/dags/spark_pipeline_dag.py
[2026-09-03T21:48:24.918+0000] {processor.py:830} INFO - Processing file /opt/airflow/dags/spark_pipeline_dag.py for tasks to queue
[2026-09-03T21:48:24.919+0000] {logging_mixin.py:188} INFO - [2026-09-03T21:48:24.919+0000] {dagbag.py:538} INFO - Filling up the DagBag from /opt/airflow/dags/spark_pipeline_dag.py
[2026-09-03T21:48:25.011+0000] {processor.py:840} INFO - DAG(s) 'air_quality_pipeline' retrieved from /opt/airflow/dags/spark_pipeline_dag.py
[2026-09-03T21:48:25.038+0000] {logging_mixin.py:188} INFO - [2026-09-03T21:48:25.038+0000] {dag.py:3036} INFO - Sync 1 DAGs
[2026-09-03T21:48:25.067+0000] {logging_mixin.py:188} INFO - [2026-09-03T21:48:25.067+0000] {dag.py:3823} INFO - Setting next_dagrun for air_quality_pipeline to 2026-09-03 21:05:00+00:00, run_after=2026-09-03 22:05:00+00:00
[2026-09-03T21:48:25.114+0000] {processor.py:183} INFO - Processing /opt/airflow/dags/spark_pipeline_dag.py took 0.201 seconds
[2026-09-03T21:48:55.442+0000] {processor.py:161} INFO - Started process (PID=51486) to work on /opt/airflow/dags/spark_pipeline_dag.py
[2026-09-03T21:48:55.443+0000] {processor.py:830} INFO - Processing file /opt/airflow/dags/spark_pipeline_dag.py for tasks to queue
[2026-09-03T21:48:55.472+0000] {logging_mixin.py:188} INFO - [2026-09-03T21:48:55.472+0000] {dagbag.py:538} INFO - Filling up the DagBag from /opt/airflow/dags/spark_pipeline_dag.py
[2026-09-03T21:48:55.506+0000] {processor.py:840} INFO - DAG(s) 'air_quality_pipeline' retrieved from /opt/airflow/dags/spark_pipeline_dag.py
[2026-09-03T21:48:55.535+0000] {logging_mixin.py:188} INFO - [2026-09-03T21:48:55.535+0000] {dag.py:3036} INFO - Sync 1 DAGs
[2026-09-03T21:48:55.565+0000] {logging_mixin.py:188} INFO - [2026-09-03T21:48:55.565+0000] {dag.py:3823} INFO - Setting next_dagrun for air_quality_pipeline to 2026-09-03 21:05:00+00:00, run_after=2026-09-03 22:05:00+00:00
[2026-09-03T21:48:55.594+0000] {processor.py:183} INFO - Processing /opt/airflow/dags/spark_pipeline_dag.py took 0.155 seconds
[2026-09-03T21:49:25.966+0000] {processor.py:161} INFO - Started process (PID=51496) to work on /opt/airflow/dags/spark_pipeline_dag.py
[2026-09-03T21:49:25.968+0000] {processor.py:830} INFO - Processing file /opt/airflow/dags/spark_pipeline_dag.py for tasks to queue
[2026-09-03T21:49:25.969+0000] {logging_mixin.py:188} INFO - [2026-09-03T21:49:25.968+0000] {dagbag.py:538} INFO - Filling up the DagBag from /opt/airflow/dags/spark_pipeline_dag.py
[2026-09-03T21:49:25.990+0000] {processor.py:840} INFO - DAG(s) 'air_quality_pipeline' retrieved from /opt/airflow/dags/spark_pipeline_dag.py
[2026-09-03T21:49:26.010+0000] {logging_mixin.py:188} INFO - [2026-09-03T21:49:26.010+0000] {dag.py:3036} INFO - Sync 1 DAGs
[2026-09-03T21:49:26.041+0000] {logging_mixin.py:188} INFO - [2026-09-03T21:49:26.041+0000] {dag.py:3823} INFO - Setting next_dagrun for air_quality_pipeline to 2026-09-03 21:05:00+00:00, run_after=2026-09-03 22:05:00+00:00
[2026-09-03T21:49:26.071+0000] {processor.py:183} INFO - Processing /opt/airflow/dags/spark_pipeline_dag.py took 0.116 seconds
[2026-09-03T21:49:56.411+0000] {processor.py:161} INFO - Started process (PID=51506) to work on /opt/airflow/dags/spark_pipeline_dag.py
[2026-09-03T21:49:56.412+0000] {processor.py:830} INFO - Processing file /opt/airflow/dags/spark_pipeline_dag.py for tasks to queue
[2026-09-03T21:49:56.413+0000] {logging_mixin.py:188} INFO - [2026-09-03T21:49:56.413+0000] {dagbag.py:538} INFO - Filling up the DagBag from /opt/airflow/dags/spark_pipeline_dag.py
[2026-09-03T21:49:56.445+0000] {processor.py:840} INFO - DAG(s) 'air_quality_pipeline' retrieved from /opt/airflow/dags/spark_pipeline_dag.py
[2026-09-03T21:49:56.472+0000] {logging_mixin.py:188} INFO - [2026-09-03T21:49:56.472+0000] {dag.py:3036} INFO - Sync 1 DAGs
[2026-09-03T21:49:56.500+0000] {logging_mixin.py:188} INFO - [2026-09-03T21:49:56.499+0000] {dag.py:3823} INFO - Setting next_dagrun for air_quality_pipeline to 2026-09-03 21:05:00+00:00, run_after=2026-09-03 22:05:00+00:00
[2026-09-03T21:49:56.521+0000] {processor.py:183} INFO - Processing /opt/airflow/dags/spark_pipeline_dag.py took 0.112 seconds
[2026-09-03T21:50:26.866+0000] {processor.py:161} INFO - Started process (PID=51516) to work on /opt/airflow/dags/spark_pipeline_dag.py
[2026-09-03T21:50:26.867+0000] {processor.py:830} INFO - Processing file /opt/airflow/dags/spark_pipeline_dag.py for tasks to queue
[2026-09-03T21:50:26.868+0000] {logging_mixin.py:188} INFO - [2026-09-03T21:50:26.868+0000] {dagbag.py:538} INFO - Filling up the DagBag from /opt/airflow/dags/spark_pipeline_dag.py
[2026-09-03T21:50:26.906+0000] {processor.py:840} INFO - DAG(s) 'air_quality_pipeline' retrieved from /opt/airflow/dags/spark_pipeline_dag.py
[2026-09-03T21:50:26.928+0000] {logging_mixin.py:188} INFO - [2026-09-03T21:50:26.928+0000] {dag.py:3036} INFO - Sync 1 DAGs
[2026-09-03T21:50:26.953+0000] {logging_mixin.py:188} INFO - [2026-09-03T21:50:26.953+0000] {dag.py:3823} INFO - Setting next_dagrun for air_quality_pipeline to 2026-09-03 21:05:00+00:00, run_after=2026-09-03 22:05:00+00:00
[2026-09-03T21:50:26.980+0000] {processor.py:183} INFO - Processing /opt/airflow/dags/spark_pipeline_dag.py took 0.117 seconds
[2026-09-03T21:50:57.333+0000] {processor.py:161} INFO - Started process (PID=51526) to work on /opt/airflow/dags/spark_pipeline_dag.py
[2026-09-03T21:50:57.334+0000] {processor.py:830} INFO - Processing file /opt/airflow/dags/spark_pipeline_dag.py for tasks to queue
[2026-09-03T21:50:57.335+0000] {logging_mixin.py:188} INFO - [2026-09-03T21:50:57.335+0000] {dagbag.py:538} INFO - Filling up the DagBag from /opt/airflow/dags/spark_pipeline_dag.py
[2026-09-03T21:50:57.356+0000] {processor.py:840} INFO - DAG(s) 'air_quality_pipeline' retrieved from /opt/airflow/dags/spark_pipeline_dag.py
[2026-09-03T21:50:57.375+0000] {logging_mixin.py:188} INFO - [2026-09-03T21:50:57.375+0000] {dag.py:3036} INFO - Sync 1 DAGs
[2026-09-03T21:50:57.395+0000] {logging_mixin.py:188} INFO - [2026-09-03T21:50:57.395+0000] {dag.py:3823} INFO - Setting next_dagrun for air_quality_pipeline to 2026-09-03 21:05:00+00:00, run_after=2026-09-03 22:05:00+00:00
[2026-09-03T21:50:57.416+0000] {processor.py:183} INFO - Processing /opt/airflow/dags/spark_pipeline_dag.py took 0.086 seconds
[2026-09-03T21:51:27.873+0000] {processor.py:161} INFO - Started process (PID=51536) to work on /opt/airflow/dags/spark_pipeline_dag.py
[2026-09-03T21:51:27.874+0000] {processor.py:830} INFO - Processing file /opt/airflow/dags/spark_pipeline_dag.py for tasks to queue
[2026-09-03T21:51:27.875+0000] {logging_mixin.py:188} INFO - [2026-09-03T21:51:27.875+0000] {dagbag.py:538} INFO - Filling up the DagBag from /opt/airflow/dags/spark_pipeline_dag.py
[2026-09-03T21:51:27.898+0000] {processor.py:840} INFO - DAG(s) 'air_quality_pipeline' retrieved from /opt/airflow/dags/spark_pipeline_dag.py
[2026-09-03T21:51:27.916+0000] {logging_mixin.py:188} INFO - [2026-09-03T21:51:27.916+0000] {dag.py:3036} INFO - Sync 1 DAGs
[2026-09-03T21:51:27.937+0000] {logging_mixin.py:188} INFO - [2026-09-03T21:51:27.937+0000] {dag.py:3823} INFO - Setting next_dagrun for air_quality_pipeline to 2026-09-03 21:05:00+00:00, run_after=2026-09-03 22:05:00+00:00
[2026-09-03T21:51:27.957+0000] {processor.py:183} INFO - Processing /opt/airflow/dags/spark_pipeline_dag.py took 0.086 seconds
[2026-09-03T21:51:58.316+0000] {processor.py:161} INFO - Started process (PID=51546) to work on /opt/airflow/dags/spark_pipeline_dag.py
[2026-09-03T21:51:58.317+0000] {processor.py:830} INFO - Processing file /opt/airflow/dags/spark_pipeline_dag.py for tasks to queue
[2026-09-03T21:51:58.318+0000] {logging_mixin.py:188} INFO - [2026-09-03T21:51:58.318+0000] {dagbag.py:538} INFO - Filling up the DagBag from /opt/airflow/dags/spark_pipeline_dag.py
[2026-09-03T21:51:58.337+0000] {processor.py:840} INFO - DAG(s) 'air_quality_pipeline' retrieved from /opt/airflow/dags/spark_pipeline_dag.py
[2026-09-03T21:51:58.357+0000] {logging_mixin.py:188} INFO - [2026-09-03T21:51:58.357+0000] {dag.py:3036} INFO - Sync 1 DAGs
[2026-09-03T21:51:58.377+0000] {logging_mixin.py:188} INFO - [2026-09-03T21:51:58.377+0000] {dag.py:3823} INFO - Setting next_dagrun for air_quality_pipeline to 2026-09-03 21:05:00+00:00, run_after=2026-09-03 22:05:00+00:00
[2026-09-03T21:51:58.396+0000] {processor.py:183} INFO - Processing /opt/airflow/dags/spark_pipeline_dag.py took 0.083 seconds
[2026-09-03T21:52:28.757+0000] {processor.py:161} INFO - Started process (PID=51556) to work on /opt/airflow/dags/spark_pipeline_dag.py
[2026-09-03T21:52:28.758+0000] {processor.py:830} INFO - Processing file /opt/airflow/dags/spark_pipeline_dag.py for tasks to queue
[2026-09-03T21:52:28.759+0000] {logging_mixin.py:188} INFO - [2026-09-03T21:52:28.759+0000] {dagbag.py:538} INFO - Filling up the DagBag from /opt/airflow/dags/spark_pipeline_dag.py
[2026-09-03T21:52:28.780+0000] {processor.py:840} INFO - DAG(s) 'air_quality_pipeline' retrieved from /opt/airflow/dags/spark_pipeline_dag.py
[2026-09-03T21:52:28.798+0000] {logging_mixin.py:188} INFO - [2026-09-03T21:52:28.798+0000] {dag.py:3036} INFO - Sync 1 DAGs
[2026-09-03T21:52:28.818+0000] {logging_mixin.py:188} INFO - [2026-09-03T21:52:28.818+0000] {dag.py:3823} INFO - Setting next_dagrun for air_quality_pipeline to 2026-09-03 21:05:00+00:00, run_after=2026-09-03 22:05:00+00:00
[2026-09-03T21:52:28.837+0000] {processor.py:183} INFO - Processing /opt/airflow/dags/spark_pipeline_dag.py took 0.082 seconds
[2026-09-03T21:52:59.250+0000] {processor.py:161} INFO - Started process (PID=51566) to work on /opt/airflow/dags/spark_pipeline_dag.py
[2026-09-03T21:52:59.251+0000] {processor.py:830} INFO - Processing file /opt/airflow/dags/spark_pipeline_dag.py for tasks to queue
[2026-09-03T21:52:59.252+0000] {logging_mixin.py:188} INFO - [2026-09-03T21:52:59.252+0000] {dagbag.py:538} INFO - Filling up the DagBag from /opt/airflow/dags/spark_pipeline_dag.py
[2026-09-03T21:52:59.274+0000] {processor.py:840} INFO - DAG(s) 'air_quality_pipeline' retrieved from /opt/airflow/dags/spark_pipeline_dag.py
[2026-09-03T21:52:59.293+0000] {logging_mixin.py:188} INFO - [2026-09-03T21:52:59.293+0000] {dag.py:3036} INFO - Sync 1 DAGs
[2026-09-03T21:52:59.314+0000] {logging_mixin.py:188} INFO - [2026-09-03T21:52:59.314+0000] {dag.py:3823} INFO - Setting next_dagrun for air_quality_pipeline to 2026-09-03 21:05:00+00:00, run_after=2026-09-03 22:05:00+00:00
[2026-09-03T21:52:59.335+0000] {processor.py:183} INFO - Processing /opt/airflow/dags/spark_pipeline_dag.py took 0.088 seconds
[2026-09-03T21:53:29.769+0000] {processor.py:161} INFO - Started process (PID=51576) to work on /opt/airflow/dags/spark_pipeline_dag.py
[2026-09-03T21:53:29.772+0000] {processor.py:830} INFO - Processing file /opt/airflow/dags/spark_pipeline_dag.py for tasks to queue
[2026-09-03T21:53:29.775+0000] {logging_mixin.py:188} INFO - [2026-09-03T21:53:29.774+0000] {dagbag.py:538} INFO - Filling up the DagBag from /opt/airflow/dags/spark_pipeline_dag.py
[2026-09-03T21:53:29.811+0000] {processor.py:840} INFO - DAG(s) 'air_quality_pipeline' retrieved from /opt/airflow/dags/spark_pipeline_dag.py
[2026-09-03T21:53:29.833+0000] {logging_mixin.py:188} INFO - [2026-09-03T21:53:29.832+0000] {dag.py:3036} INFO - Sync 1 DAGs
[2026-09-03T21:53:29.858+0000] {logging_mixin.py:188} INFO - [2026-09-03T21:53:29.857+0000] {dag.py:3823} INFO - Setting next_dagrun for air_quality_pipeline to 2026-09-03 21:05:00+00:00, run_after=2026-09-03 22:05:00+00:00
[2026-09-03T21:53:29.878+0000] {processor.py:183} INFO - Processing /opt/airflow/dags/spark_pipeline_dag.py took 0.114 seconds
[2026-09-03T21:54:00.209+0000] {processor.py:161} INFO - Started process (PID=51586) to work on /opt/airflow/dags/spark_pipeline_dag.py
[2026-09-03T21:54:00.210+0000] {processor.py:830} INFO - Processing file /opt/airflow/dags/spark_pipeline_dag.py for tasks to queue
[2026-09-03T21:54:00.212+0000] {logging_mixin.py:188} INFO - [2026-09-03T21:54:00.211+0000] {dagbag.py:538} INFO - Filling up the DagBag from /opt/airflow/dags/spark_pipeline_dag.py
[2026-09-03T21:54:00.235+0000] {processor.py:840} INFO - DAG(s) 'air_quality_pipeline' retrieved from /opt/airflow/dags/spark_pipeline_dag.py
[2026-09-03T21:54:00.257+0000] {logging_mixin.py:188} INFO - [2026-09-03T21:54:00.257+0000] {dag.py:3036} INFO - Sync 1 DAGs
[2026-09-03T21:54:00.282+0000] {logging_mixin.py:188} INFO - [2026-09-03T21:54:00.282+0000] {dag.py:3823} INFO - Setting next_dagrun for air_quality_pipeline to 2026-09-03 21:05:00+00:00, run_after=2026-09-03 22:05:00+00:00
[2026-09-03T21:54:00.302+0000] {processor.py:183} INFO - Processing /opt/airflow/dags/spark_pipeline_dag.py took 0.096 seconds
[2026-09-03T21:54:30.703+0000] {processor.py:161} INFO - Started process (PID=51596) to work on /opt/airflow/dags/spark_pipeline_dag.py
[2026-09-03T21:54:30.704+0000] {processor.py:830} INFO - Processing file /opt/airflow/dags/spark_pipeline_dag.py for tasks to queue
[2026-09-03T21:54:30.705+0000] {logging_mixin.py:188} INFO - [2026-09-03T21:54:30.705+0000] {dagbag.py:538} INFO - Filling up the DagBag from /opt/airflow/dags/spark_pipeline_dag.py
[2026-09-03T21:54:30.726+0000] {processor.py:840} INFO - DAG(s) 'air_quality_pipeline' retrieved from /opt/airflow/dags/spark_pipeline_dag.py
[2026-09-03T21:54:30.744+0000] {logging_mixin.py:188} INFO - [2026-09-03T21:54:30.744+0000] {dag.py:3036} INFO - Sync 1 DAGs
[2026-09-03T21:54:30.765+0000] {logging_mixin.py:188} INFO - [2026-09-03T21:54:30.765+0000] {dag.py:3823} INFO - Setting next_dagrun for air_quality_pipeline to 2026-09-03 21:05:00+00:00, run_after=2026-09-03 22:05:00+00:00
[2026-09-03T21:54:30.786+0000] {processor.py:183} INFO - Processing /opt/airflow/dags/spark_pipeline_dag.py took 0.086 seconds
[2026-09-03T21:55:01.144+0000] {processor.py:161} INFO - Started process (PID=51606) to work on /opt/airflow/dags/spark_pipeline_dag.py
[2026-09-03T21:55:01.146+0000] {processor.py:830} INFO - Processing file /opt/airflow/dags/spark_pipeline_dag.py for tasks to queue
[2026-09-03T21:55:01.147+0000] {logging_mixin.py:188} INFO - [2026-09-03T21:55:01.146+0000] {dagbag.py:538} INFO - Filling up the DagBag from /opt/airflow/dags/spark_pipeline_dag.py
[2026-09-03T21:55:01.177+0000] {processor.py:840} INFO - DAG(s) 'air_quality_pipeline' retrieved from /opt/airflow/dags/spark_pipeline_dag.py
[2026-09-03T21:55:01.200+0000] {logging_mixin.py:188} INFO - [2026-09-03T21:55:01.200+0000] {dag.py:3036} INFO - Sync 1 DAGs
[2026-09-03T21:55:01.230+0000] {logging_mixin.py:188} INFO - [2026-09-03T21:55:01.230+0000] {dag.py:3823} INFO - Setting next_dagrun for air_quality_pipeline to 2026-09-03 21:05:00+00:00, run_after=2026-09-03 22:05:00+00:00
[2026-09-03T21:55:01.258+0000] {processor.py:183} INFO - Processing /opt/airflow/dags/spark_pipeline_dag.py took 0.119 seconds
[2026-09-03T21:55:31.631+0000] {processor.py:161} INFO - Started process (PID=51616) to work on /opt/airflow/dags/spark_pipeline_dag.py
[2026-09-03T21:55:31.632+0000] {processor.py:830} INFO - Processing file /opt/airflow/dags/spark_pipeline_dag.py for tasks to queue
[2026-09-03T21:55:31.634+0000] {logging_mixin.py:188} INFO - [2026-09-03T21:55:31.633+0000] {dagbag.py:538} INFO - Filling up the DagBag from /opt/airflow/dags/spark_pipeline_dag.py
[2026-09-03T21:55:31.655+0000] {processor.py:840} INFO - DAG(s) 'air_quality_pipeline' retrieved from /opt/airflow/dags/spark_pipeline_dag.py
[2026-09-03T21:55:31.673+0000] {logging_mixin.py:188} INFO - [2026-09-03T21:55:31.672+0000] {dag.py:3036} INFO - Sync 1 DAGs
[2026-09-03T21:55:31.692+0000] {logging_mixin.py:188} INFO - [2026-09-03T21:55:31.692+0000] {dag.py:3823} INFO - Setting next_dagrun for air_quality_pipeline to 2026-09-03 21:05:00+00:00, run_after=2026-09-03 22:05:00+00:00
[2026-09-03T21:55:31.708+0000] {processor.py:183} INFO - Processing /opt/airflow/dags/spark_pipeline_dag.py took 0.081 seconds
[2026-09-03T21:56:02.052+0000] {processor.py:161} INFO - Started process (PID=51626) to work on /opt/airflow/dags/spark_pipeline_dag.py
[2026-09-03T21:56:02.053+0000] {processor.py:830} INFO - Processing file /opt/airflow/dags/spark_pipeline_dag.py for tasks to queue
[2026-09-03T21:56:02.054+0000] {logging_mixin.py:188} INFO - [2026-09-03T21:56:02.053+0000] {dagbag.py:538} INFO - Filling up the DagBag from /opt/airflow/dags/spark_pipeline_dag.py
[2026-09-03T21:56:02.072+0000] {processor.py:840} INFO - DAG(s) 'air_quality_pipeline' retrieved from /opt/airflow/dags/spark_pipeline_dag.py
[2026-09-03T21:56:02.090+0000] {logging_mixin.py:188} INFO - [2026-09-03T21:56:02.090+0000] {dag.py:3036} INFO - Sync 1 DAGs
[2026-09-03T21:56:02.110+0000] {logging_mixin.py:188} INFO - [2026-09-03T21:56:02.109+0000] {dag.py:3823} INFO - Setting next_dagrun for air_quality_pipeline to 2026-09-03 21:05:00+00:00, run_after=2026-09-03 22:05:00+00:00
[2026-09-03T21:56:02.130+0000] {processor.py:183} INFO - Processing /opt/airflow/dags/spark_pipeline_dag.py took 0.081 seconds
[2026-09-03T21:56:32.486+0000] {processor.py:161} INFO - Started process (PID=51636) to work on /opt/airflow/dags/spark_pipeline_dag.py
[2026-09-03T21:56:32.488+0000] {processor.py:830} INFO - Processing file /opt/airflow/dags/spark_pipeline_dag.py for tasks to queue
[2026-09-03T21:56:32.489+0000] {logging_mixin.py:188} INFO - [2026-09-03T21:56:32.489+0000] {dagbag.py:538} INFO - Filling up the DagBag from /opt/airflow/dags/spark_pipeline_dag.py
[2026-09-03T21:56:32.516+0000] {processor.py:840} INFO - DAG(s) 'air_quality_pipeline' retrieved from /opt/airflow/dags/spark_pipeline_dag.py
[2026-09-03T21:56:32.541+0000] {logging_mixin.py:188} INFO - [2026-09-03T21:56:32.540+0000] {dag.py:3036} INFO - Sync 1 DAGs
[2026-09-03T21:56:32.565+0000] {logging_mixin.py:188} INFO - [2026-09-03T21:56:32.565+0000] {dag.py:3823} INFO - Setting next_dagrun for air_quality_pipeline to 2026-09-03 21:05:00+00:00, run_after=2026-09-03 22:05:00+00:00
[2026-09-03T21:56:32.587+0000] {processor.py:183} INFO - Processing /opt/airflow/dags/spark_pipeline_dag.py took 0.104 seconds
[2026-09-03T21:57:02.956+0000] {processor.py:161} INFO - Started process (PID=51646) to work on /opt/airflow/dags/spark_pipeline_dag.py
[2026-09-03T21:57:02.957+0000] {processor.py:830} INFO - Processing file /opt/airflow/dags/spark_pipeline_dag.py for tasks to queue
[2026-09-03T21:57:02.958+0000] {logging_mixin.py:188} INFO - [2026-09-03T21:57:02.958+0000] {dagbag.py:538} INFO - Filling up the DagBag from /opt/airflow/dags/spark_pipeline_dag.py
[2026-09-03T21:57:02.977+0000] {processor.py:840} INFO - DAG(s) 'air_quality_pipeline' retrieved from /opt/airflow/dags/spark_pipeline_dag.py
[2026-09-03T21:57:02.996+0000] {logging_mixin.py:188} INFO - [2026-09-03T21:57:02.995+0000] {dag.py:3036} INFO - Sync 1 DAGs
[2026-09-03T21:57:03.016+0000] {logging_mixin.py:188} INFO - [2026-09-03T21:57:03.016+0000] {dag.py:3823} INFO - Setting next_dagrun for air_quality_pipeline to 2026-09-03 21:05:00+00:00, run_after=2026-09-03 22:05:00+00:00
[2026-09-03T21:57:03.036+0000] {processor.py:183} INFO - Processing /opt/airflow/dags/spark_pipeline_dag.py took 0.082 seconds
[2026-09-03T21:57:33.479+0000] {processor.py:161} INFO - Started process (PID=51656) to work on /opt/airflow/dags/spark_pipeline_dag.py
[2026-09-03T21:57:33.480+0000] {processor.py:830} INFO - Processing file /opt/airflow/dags/spark_pipeline_dag.py for tasks to queue
[2026-09-03T21:57:33.481+0000] {logging_mixin.py:188} INFO - [2026-09-03T21:57:33.481+0000] {dagbag.py:538} INFO - Filling up the DagBag from /opt/airflow/dags/spark_pipeline_dag.py
[2026-09-03T21:57:33.508+0000] {processor.py:840} INFO - DAG(s) 'air_quality_pipeline' retrieved from /opt/airflow/dags/spark_pipeline_dag.py
[2026-09-03T21:57:33.527+0000] {logging_mixin.py:188} INFO - [2026-09-03T21:57:33.527+0000] {dag.py:3036} INFO - Sync 1 DAGs
[2026-09-03T21:57:33.547+0000] {logging_mixin.py:188} INFO - [2026-09-03T21:57:33.546+0000] {dag.py:3823} INFO - Setting next_dagrun for air_quality_pipeline to 2026-09-03 21:05:00+00:00, run_after=2026-09-03 22:05:00+00:00
[2026-09-03T21:57:33.567+0000] {processor.py:183} INFO - Processing /opt/airflow/dags/spark_pipeline_dag.py took 0.091 seconds
[2026-09-03T21:58:04.111+0000] {processor.py:161} INFO - Started process (PID=51666) to work on /opt/airflow/dags/spark_pipeline_dag.py
[2026-09-03T21:58:04.113+0000] {processor.py:830} INFO - Processing file /opt/airflow/dags/spark_pipeline_dag.py for tasks to queue
[2026-09-03T21:58:04.114+0000] {logging_mixin.py:188} INFO - [2026-09-03T21:58:04.114+0000] {dagbag.py:538} INFO - Filling up the DagBag from /opt/airflow/dags/spark_pipeline_dag.py
[2026-09-03T21:58:04.139+0000] {processor.py:840} INFO - DAG(s) 'air_quality_pipeline' retrieved from /opt/airflow/dags/spark_pipeline_dag.py
[2026-09-03T21:58:04.160+0000] {logging_mixin.py:188} INFO - [2026-09-03T21:58:04.159+0000] {dag.py:3036} INFO - Sync 1 DAGs
[2026-09-03T21:58:04.182+0000] {logging_mixin.py:188} INFO - [2026-09-03T21:58:04.182+0000] {dag.py:3823} INFO - Setting next_dagrun for air_quality_pipeline to 2026-09-03 21:05:00+00:00, run_after=2026-09-03 22:05:00+00:00
[2026-09-03T21:58:04.201+0000] {processor.py:183} INFO - Processing /opt/airflow/dags/spark_pipeline_dag.py took 0.093 seconds
[2026-09-03T21:58:34.583+0000] {processor.py:161} INFO - Started process (PID=51676) to work on /opt/airflow/dags/spark_pipeline_dag.py
[2026-09-03T21:58:34.585+0000] {processor.py:830} INFO - Processing file /opt/airflow/dags/spark_pipeline_dag.py for tasks to queue
[2026-09-03T21:58:34.586+0000] {logging_mixin.py:188} INFO - [2026-09-03T21:58:34.586+0000] {dagbag.py:538} INFO - Filling up the DagBag from /opt/airflow/dags/spark_pipeline_dag.py
[2026-09-03T21:58:34.609+0000] {processor.py:840} INFO - DAG(s) 'air_quality_pipeline' retrieved from /opt/airflow/dags/spark_pipeline_dag.py
[2026-09-03T21:58:34.628+0000] {logging_mixin.py:188} INFO - [2026-09-03T21:58:34.628+0000] {dag.py:3036} INFO - Sync 1 DAGs
[2026-09-03T21:58:34.646+0000] {logging_mixin.py:188} INFO - [2026-09-03T21:58:34.645+0000] {dag.py:3823} INFO - Setting next_dagrun for air_quality_pipeline to 2026-09-03 21:05:00+00:00, run_after=2026-09-03 22:05:00+00:00
[2026-09-03T21:58:34.665+0000] {processor.py:183} INFO - Processing /opt/airflow/dags/spark_pipeline_dag.py took 0.084 seconds
[2026-09-03T21:59:05.035+0000] {processor.py:161} INFO - Started process (PID=51686) to work on /opt/airflow/dags/spark_pipeline_dag.py
[2026-09-03T21:59:05.036+0000] {processor.py:830} INFO - Processing file /opt/airflow/dags/spark_pipeline_dag.py for tasks to queue
[2026-09-03T21:59:05.037+0000] {logging_mixin.py:188} INFO - [2026-09-03T21:59:05.037+0000] {dagbag.py:538} INFO - Filling up the DagBag from /opt/airflow/dags/spark_pipeline_dag.py
[2026-09-03T21:59:05.060+0000] {processor.py:840} INFO - DAG(s) 'air_quality_pipeline' retrieved from /opt/airflow/dags/spark_pipeline_dag.py
[2026-09-03T21:59:05.080+0000] {logging_mixin.py:188} INFO - [2026-09-03T21:59:05.080+0000] {dag.py:3036} INFO - Sync 1 DAGs
[2026-09-03T21:59:05.101+0000] {logging_mixin.py:188} INFO - [2026-09-03T21:59:05.101+0000] {dag.py:3823} INFO - Setting next_dagrun for air_quality_pipeline to 2026-09-03 21:05:00+00:00, run_after=2026-09-03 22:05:00+00:00
[2026-09-03T21:59:05.119+0000] {processor.py:183} INFO - Processing /opt/airflow/dags/spark_pipeline_dag.py took 0.086 seconds
[2026-09-03T21:59:35.503+0000] {processor.py:161} INFO - Started process (PID=51696) to work on /opt/airflow/dags/spark_pipeline_dag.py
[2026-09-03T21:59:35.504+0000] {processor.py:830} INFO - Processing file /opt/airflow/dags/spark_pipeline_dag.py for tasks to queue
[2026-09-03T21:59:35.505+0000] {logging_mixin.py:188} INFO - [2026-09-03T21:59:35.504+0000] {dagbag.py:538} INFO - Filling up the DagBag from /opt/airflow/dags/spark_pipeline_dag.py
[2026-09-03T21:59:35.523+0000] {processor.py:840} INFO - DAG(s) 'air_quality_pipeline' retrieved from /opt/airflow/dags/spark_pipeline_dag.py
[2026-09-03T21:59:35.542+0000] {logging_mixin.py:188} INFO - [2026-09-03T21:59:35.542+0000] {dag.py:3036} INFO - Sync 1 DAGs
[2026-09-03T21:59:35.562+0000] {logging_mixin.py:188} INFO - [2026-09-03T21:59:35.561+0000] {dag.py:3823} INFO - Setting next_dagrun for air_quality_pipeline to 2026-09-03 21:05:00+00:00, run_after=2026-09-03 22:05:00+00:00
[2026-09-03T21:59:35.579+0000] {processor.py:183} INFO - Processing /opt/airflow/dags/spark_pipeline_dag.py took 0.078 seconds
[2026-09-03T22:00:05.917+0000] {processor.py:161} INFO - Started process (PID=51708) to work on /opt/airflow/dags/spark_pipeline_dag.py
[2026-09-03T22:00:05.918+0000] {processor.py:830} INFO - Processing file /opt/airflow/dags/spark_pipeline_dag.py for tasks to queue
[2026-09-03T22:00:05.919+0000] {logging_mixin.py:188} INFO - [2026-09-03T22:00:05.919+0000] {dagbag.py:538} INFO - Filling up the DagBag from /opt/airflow/dags/spark_pipeline_dag.py
[2026-09-03T22:00:05.943+0000] {processor.py:840} INFO - DAG(s) 'air_quality_pipeline' retrieved from /opt/airflow/dags/spark_pipeline_dag.py
[2026-09-03T22:00:05.970+0000] {logging_mixin.py:188} INFO - [2026-09-03T22:00:05.969+0000] {dag.py:3036} INFO - Sync 1 DAGs
[2026-09-03T22:00:05.993+0000] {logging_mixin.py:188} INFO - [2026-09-03T22:00:05.993+0000] {dag.py:3823} INFO - Setting next_dagrun for air_quality_pipeline to 2026-09-03 21:05:00+00:00, run_after=2026-09-03 22:05:00+00:00
[2026-09-03T22:00:06.013+0000] {processor.py:183} INFO - Processing /opt/airflow/dags/spark_pipeline_dag.py took 0.099 seconds
[2026-09-03T22:00:36.417+0000] {processor.py:161} INFO - Started process (PID=51718) to work on /opt/airflow/dags/spark_pipeline_dag.py
[2026-09-03T22:00:36.418+0000] {processor.py:830} INFO - Processing file /opt/airflow/dags/spark_pipeline_dag.py for tasks to queue
[2026-09-03T22:00:36.420+0000] {logging_mixin.py:188} INFO - [2026-09-03T22:00:36.419+0000] {dagbag.py:538} INFO - Filling up the DagBag from /opt/airflow/dags/spark_pipeline_dag.py
[2026-09-03T22:00:36.445+0000] {processor.py:840} INFO - DAG(s) 'air_quality_pipeline' retrieved from /opt/airflow/dags/spark_pipeline_dag.py
[2026-09-03T22:00:36.464+0000] {logging_mixin.py:188} INFO - [2026-09-03T22:00:36.464+0000] {dag.py:3036} INFO - Sync 1 DAGs
[2026-09-03T22:00:36.485+0000] {logging_mixin.py:188} INFO - [2026-09-03T22:00:36.485+0000] {dag.py:3823} INFO - Setting next_dagrun for air_quality_pipeline to 2026-09-03 21:05:00+00:00, run_after=2026-09-03 22:05:00+00:00
[2026-09-03T22:00:36.505+0000] {processor.py:183} INFO - Processing /opt/airflow/dags/spark_pipeline_dag.py took 0.090 seconds
[2026-09-03T22:01:06.853+0000] {processor.py:161} INFO - Started process (PID=51728) to work on /opt/airflow/dags/spark_pipeline_dag.py
[2026-09-03T22:01:06.854+0000] {processor.py:830} INFO - Processing file /opt/airflow/dags/spark_pipeline_dag.py for tasks to queue
[2026-09-03T22:01:06.855+0000] {logging_mixin.py:188} INFO - [2026-09-03T22:01:06.854+0000] {dagbag.py:538} INFO - Filling up the DagBag from /opt/airflow/dags/spark_pipeline_dag.py
[2026-09-03T22:01:06.872+0000] {processor.py:840} INFO - DAG(s) 'air_quality_pipeline' retrieved from /opt/airflow/dags/spark_pipeline_dag.py
[2026-09-03T22:01:06.890+0000] {logging_mixin.py:188} INFO - [2026-09-03T22:01:06.890+0000] {dag.py:3036} INFO - Sync 1 DAGs
[2026-09-03T22:01:06.911+0000] {logging_mixin.py:188} INFO - [2026-09-03T22:01:06.911+0000] {dag.py:3823} INFO - Setting next_dagrun for air_quality_pipeline to 2026-09-03 21:05:00+00:00, run_after=2026-09-03 22:05:00+00:00
[2026-09-03T22:01:06.930+0000] {processor.py:183} INFO - Processing /opt/airflow/dags/spark_pipeline_dag.py took 0.079 seconds
[2026-09-03T22:01:37.341+0000] {processor.py:161} INFO - Started process (PID=51738) to work on /opt/airflow/dags/spark_pipeline_dag.py
[2026-09-03T22:01:37.343+0000] {processor.py:830} INFO - Processing file /opt/airflow/dags/spark_pipeline_dag.py for tasks to queue
[2026-09-03T22:01:37.344+0000] {logging_mixin.py:188} INFO - [2026-09-03T22:01:37.344+0000] {dagbag.py:538} INFO - Filling up the DagBag from /opt/airflow/dags/spark_pipeline_dag.py
[2026-09-03T22:01:37.370+0000] {processor.py:840} INFO - DAG(s) 'air_quality_pipeline' retrieved from /opt/airflow/dags/spark_pipeline_dag.py
[2026-09-03T22:01:37.392+0000] {logging_mixin.py:188} INFO - [2026-09-03T22:01:37.392+0000] {dag.py:3036} INFO - Sync 1 DAGs
[2026-09-03T22:01:37.412+0000] {logging_mixin.py:188} INFO - [2026-09-03T22:01:37.412+0000] {dag.py:3823} INFO - Setting next_dagrun for air_quality_pipeline to 2026-09-03 21:05:00+00:00, run_after=2026-09-03 22:05:00+00:00
[2026-09-03T22:01:37.431+0000] {processor.py:183} INFO - Processing /opt/airflow/dags/spark_pipeline_dag.py took 0.093 seconds
[2026-09-03T22:02:07.781+0000] {processor.py:161} INFO - Started process (PID=51748) to work on /opt/airflow/dags/spark_pipeline_dag.py
[2026-09-03T22:02:07.783+0000] {processor.py:830} INFO - Processing file /opt/airflow/dags/spark_pipeline_dag.py for tasks to queue
[2026-09-03T22:02:07.784+0000] {logging_mixin.py:188} INFO - [2026-09-03T22:02:07.783+0000] {dagbag.py:538} INFO - Filling up the DagBag from /opt/airflow/dags/spark_pipeline_dag.py
[2026-09-03T22:02:07.805+0000] {processor.py:840} INFO - DAG(s) 'air_quality_pipeline' retrieved from /opt/airflow/dags/spark_pipeline_dag.py
[2026-09-03T22:02:07.824+0000] {logging_mixin.py:188} INFO - [2026-09-03T22:02:07.824+0000] {dag.py:3036} INFO - Sync 1 DAGs
[2026-09-03T22:02:07.844+0000] {logging_mixin.py:188} INFO - [2026-09-03T22:02:07.844+0000] {dag.py:3823} INFO - Setting next_dagrun for air_quality_pipeline to 2026-09-03 21:05:00+00:00, run_after=2026-09-03 22:05:00+00:00
[2026-09-03T22:02:07.862+0000] {processor.py:183} INFO - Processing /opt/airflow/dags/spark_pipeline_dag.py took 0.084 seconds
[2026-09-03T22:02:38.180+0000] {processor.py:161} INFO - Started process (PID=51758) to work on /opt/airflow/dags/spark_pipeline_dag.py
[2026-09-03T22:02:38.181+0000] {processor.py:830} INFO - Processing file /opt/airflow/dags/spark_pipeline_dag.py for tasks to queue
[2026-09-03T22:02:38.182+0000] {logging_mixin.py:188} INFO - [2026-09-03T22:02:38.181+0000] {dagbag.py:538} INFO - Filling up the DagBag from /opt/airflow/dags/spark_pipeline_dag.py
[2026-09-03T22:02:38.206+0000] {processor.py:840} INFO - DAG(s) 'air_quality_pipeline' retrieved from /opt/airflow/dags/spark_pipeline_dag.py
[2026-09-03T22:02:38.230+0000] {logging_mixin.py:188} INFO - [2026-09-03T22:02:38.230+0000] {dag.py:3036} INFO - Sync 1 DAGs
[2026-09-03T22:02:38.253+0000] {logging_mixin.py:188} INFO - [2026-09-03T22:02:38.253+0000] {dag.py:3823} INFO - Setting next_dagrun for air_quality_pipeline to 2026-09-03 21:05:00+00:00, run_after=2026-09-03 22:05:00+00:00
[2026-09-03T22:02:38.276+0000] {processor.py:183} INFO - Processing /opt/airflow/dags/spark_pipeline_dag.py took 0.099 seconds
[2026-09-03T22:03:08.738+0000] {processor.py:161} INFO - Started process (PID=51768) to work on /opt/airflow/dags/spark_pipeline_dag.py
[2026-09-03T22:03:08.739+0000] {processor.py:830} INFO - Processing file /opt/airflow/dags/spark_pipeline_dag.py for tasks to queue
[2026-09-03T22:03:08.740+0000] {logging_mixin.py:188} INFO - [2026-09-03T22:03:08.740+0000] {dagbag.py:538} INFO - Filling up the DagBag from /opt/airflow/dags/spark_pipeline_dag.py
[2026-09-03T22:03:08.761+0000] {processor.py:840} INFO - DAG(s) 'air_quality_pipeline' retrieved from /opt/airflow/dags/spark_pipeline_dag.py
[2026-09-03T22:03:08.781+0000] {logging_mixin.py:188} INFO - [2026-09-03T22:03:08.781+0000] {dag.py:3036} INFO - Sync 1 DAGs
[2026-09-03T22:03:08.800+0000] {logging_mixin.py:188} INFO - [2026-09-03T22:03:08.800+0000] {dag.py:3823} INFO - Setting next_dagrun for air_quality_pipeline to 2026-09-03 21:05:00+00:00, run_after=2026-09-03 22:05:00+00:00
[2026-09-03T22:03:08.819+0000] {processor.py:183} INFO - Processing /opt/airflow/dags/spark_pipeline_dag.py took 0.083 seconds
[2026-09-03T22:03:39.266+0000] {processor.py:161} INFO - Started process (PID=51778) to work on /opt/airflow/dags/spark_pipeline_dag.py
[2026-09-03T22:03:39.268+0000] {processor.py:830} INFO - Processing file /opt/airflow/dags/spark_pipeline_dag.py for tasks to queue
[2026-09-03T22:03:39.269+0000] {logging_mixin.py:188} INFO - [2026-09-03T22:03:39.269+0000] {dagbag.py:538} INFO - Filling up the DagBag from /opt/airflow/dags/spark_pipeline_dag.py
[2026-09-03T22:03:39.289+0000] {processor.py:840} INFO - DAG(s) 'air_quality_pipeline' retrieved from /opt/airflow/dags/spark_pipeline_dag.py
[2026-09-03T22:03:39.307+0000] {logging_mixin.py:188} INFO - [2026-09-03T22:03:39.307+0000] {dag.py:3036} INFO - Sync 1 DAGs
[2026-09-03T22:03:39.327+0000] {logging_mixin.py:188} INFO - [2026-09-03T22:03:39.326+0000] {dag.py:3823} INFO - Setting next_dagrun for air_quality_pipeline to 2026-09-03 21:05:00+00:00, run_after=2026-09-03 22:05:00+00:00
[2026-09-03T22:03:39.346+0000] {processor.py:183} INFO - Processing /opt/airflow/dags/spark_pipeline_dag.py took 0.082 seconds
[2026-09-03T22:04:09.689+0000] {processor.py:161} INFO - Started process (PID=51788) to work on /opt/airflow/dags/spark_pipeline_dag.py
[2026-09-03T22:04:09.690+0000] {processor.py:830} INFO - Processing file /opt/airflow/dags/spark_pipeline_dag.py for tasks to queue
[2026-09-03T22:04:09.691+0000] {logging_mixin.py:188} INFO - [2026-09-03T22:04:09.690+0000] {dagbag.py:538} INFO - Filling up the DagBag from /opt/airflow/dags/spark_pipeline_dag.py
[2026-09-03T22:04:09.712+0000] {processor.py:840} INFO - DAG(s) 'air_quality_pipeline' retrieved from /opt/airflow/dags/spark_pipeline_dag.py
[2026-09-03T22:04:09.732+0000] {logging_mixin.py:188} INFO - [2026-09-03T22:04:09.732+0000] {dag.py:3036} INFO - Sync 1 DAGs
[2026-09-03T22:04:09.753+0000] {logging_mixin.py:188} INFO - [2026-09-03T22:04:09.753+0000] {dag.py:3823} INFO - Setting next_dagrun for air_quality_pipeline to 2026-09-03 21:05:00+00:00, run_after=2026-09-03 22:05:00+00:00
[2026-09-03T22:04:09.771+0000] {processor.py:183} INFO - Processing /opt/airflow/dags/spark_pipeline_dag.py took 0.085 seconds
[2026-09-03T22:04:40.162+0000] {processor.py:161} INFO - Started process (PID=51798) to work on /opt/airflow/dags/spark_pipeline_dag.py
[2026-09-03T22:04:40.164+0000] {processor.py:830} INFO - Processing file /opt/airflow/dags/spark_pipeline_dag.py for tasks to queue
[2026-09-03T22:04:40.174+0000] {logging_mixin.py:188} INFO - [2026-09-03T22:04:40.174+0000] {dagbag.py:538} INFO - Filling up the DagBag from /opt/airflow/dags/spark_pipeline_dag.py
[2026-09-03T22:04:40.198+0000] {processor.py:840} INFO - DAG(s) 'air_quality_pipeline' retrieved from /opt/airflow/dags/spark_pipeline_dag.py
[2026-09-03T22:04:40.224+0000] {logging_mixin.py:188} INFO - [2026-09-03T22:04:40.223+0000] {dag.py:3036} INFO - Sync 1 DAGs
[2026-09-03T22:04:40.252+0000] {logging_mixin.py:188} INFO - [2026-09-03T22:04:40.252+0000] {dag.py:3823} INFO - Setting next_dagrun for air_quality_pipeline to 2026-09-03 21:05:00+00:00, run_after=2026-09-03 22:05:00+00:00
[2026-09-03T22:04:40.279+0000] {processor.py:183} INFO - Processing /opt/airflow/dags/spark_pipeline_dag.py took 0.119 seconds
[2026-09-03T22:05:10.684+0000] {processor.py:161} INFO - Started process (PID=51810) to work on /opt/airflow/dags/spark_pipeline_dag.py
[2026-09-03T22:05:10.687+0000] {processor.py:830} INFO - Processing file /opt/airflow/dags/spark_pipeline_dag.py for tasks to queue
[2026-09-03T22:05:10.691+0000] {logging_mixin.py:188} INFO - [2026-09-03T22:05:10.688+0000] {dagbag.py:538} INFO - Filling up the DagBag from /opt/airflow/dags/spark_pipeline_dag.py
[2026-09-03T22:05:10.715+0000] {processor.py:840} INFO - DAG(s) 'air_quality_pipeline' retrieved from /opt/airflow/dags/spark_pipeline_dag.py
[2026-09-03T22:05:10.736+0000] {logging_mixin.py:188} INFO - [2026-09-03T22:05:10.736+0000] {dag.py:3036} INFO - Sync 1 DAGs
[2026-09-03T22:05:10.757+0000] {logging_mixin.py:188} INFO - [2026-09-03T22:05:10.757+0000] {dag.py:3823} INFO - Setting next_dagrun for air_quality_pipeline to 2026-09-03 22:05:00+00:00, run_after=2026-09-03 23:05:00+00:00
[2026-09-03T22:05:10.778+0000] {processor.py:183} INFO - Processing /opt/airflow/dags/spark_pipeline_dag.py took 0.097 seconds
[2026-09-03T22:05:41.289+0000] {processor.py:161} INFO - Started process (PID=51820) to work on /opt/airflow/dags/spark_pipeline_dag.py
[2026-09-03T22:05:41.290+0000] {processor.py:830} INFO - Processing file /opt/airflow/dags/spark_pipeline_dag.py for tasks to queue
[2026-09-03T22:05:41.291+0000] {logging_mixin.py:188} INFO - [2026-09-03T22:05:41.291+0000] {dagbag.py:538} INFO - Filling up the DagBag from /opt/airflow/dags/spark_pipeline_dag.py
[2026-09-03T22:05:41.314+0000] {processor.py:840} INFO - DAG(s) 'air_quality_pipeline' retrieved from /opt/airflow/dags/spark_pipeline_dag.py
[2026-09-03T22:05:41.335+0000] {logging_mixin.py:188} INFO - [2026-09-03T22:05:41.335+0000] {dag.py:3036} INFO - Sync 1 DAGs
[2026-09-03T22:05:41.356+0000] {logging_mixin.py:188} INFO - [2026-09-03T22:05:41.356+0000] {dag.py:3823} INFO - Setting next_dagrun for air_quality_pipeline to 2026-09-03 22:05:00+00:00, run_after=2026-09-03 23:05:00+00:00
[2026-09-03T22:05:41.378+0000] {processor.py:183} INFO - Processing /opt/airflow/dags/spark_pipeline_dag.py took 0.091 seconds
[2026-09-03T22:06:11.845+0000] {processor.py:161} INFO - Started process (PID=51830) to work on /opt/airflow/dags/spark_pipeline_dag.py
[2026-09-03T22:06:11.846+0000] {processor.py:830} INFO - Processing file /opt/airflow/dags/spark_pipeline_dag.py for tasks to queue
[2026-09-03T22:06:11.847+0000] {logging_mixin.py:188} INFO - [2026-09-03T22:06:11.847+0000] {dagbag.py:538} INFO - Filling up the DagBag from /opt/airflow/dags/spark_pipeline_dag.py
[2026-09-03T22:06:11.869+0000] {processor.py:840} INFO - DAG(s) 'air_quality_pipeline' retrieved from /opt/airflow/dags/spark_pipeline_dag.py
[2026-09-03T22:06:11.890+0000] {logging_mixin.py:188} INFO - [2026-09-03T22:06:11.890+0000] {dag.py:3036} INFO - Sync 1 DAGs
[2026-09-03T22:06:11.912+0000] {logging_mixin.py:188} INFO - [2026-09-03T22:06:11.912+0000] {dag.py:3823} INFO - Setting next_dagrun for air_quality_pipeline to 2026-09-03 22:05:00+00:00, run_after=2026-09-03 23:05:00+00:00
[2026-09-03T22:06:11.930+0000] {processor.py:183} INFO - Processing /opt/airflow/dags/spark_pipeline_dag.py took 0.088 seconds
[2026-09-03T22:06:42.297+0000] {processor.py:161} INFO - Started process (PID=51840) to work on /opt/airflow/dags/spark_pipeline_dag.py
[2026-09-03T22:06:42.300+0000] {processor.py:830} INFO - Processing file /opt/airflow/dags/spark_pipeline_dag.py for tasks to queue
[2026-09-03T22:06:42.303+0000] {logging_mixin.py:188} INFO - [2026-09-03T22:06:42.303+0000] {dagbag.py:538} INFO - Filling up the DagBag from /opt/airflow/dags/spark_pipeline_dag.py
[2026-09-03T22:06:42.328+0000] {processor.py:840} INFO - DAG(s) 'air_quality_pipeline' retrieved from /opt/airflow/dags/spark_pipeline_dag.py
[2026-09-03T22:06:42.347+0000] {logging_mixin.py:188} INFO - [2026-09-03T22:06:42.347+0000] {dag.py:3036} INFO - Sync 1 DAGs
[2026-09-03T22:06:42.366+0000] {logging_mixin.py:188} INFO - [2026-09-03T22:06:42.365+0000] {dag.py:3823} INFO - Setting next_dagrun for air_quality_pipeline to 2026-09-03 22:05:00+00:00, run_after=2026-09-03 23:05:00+00:00
[2026-09-03T22:06:42.383+0000] {processor.py:183} INFO - Processing /opt/airflow/dags/spark_pipeline_dag.py took 0.089 seconds
[2026-09-03T22:07:12.855+0000] {processor.py:161} INFO - Started process (PID=51850) to work on /opt/airflow/dags/spark_pipeline_dag.py
[2026-09-03T22:07:12.856+0000] {processor.py:830} INFO - Processing file /opt/airflow/dags/spark_pipeline_dag.py for tasks to queue
[2026-09-03T22:07:12.857+0000] {logging_mixin.py:188} INFO - [2026-09-03T22:07:12.857+0000] {dagbag.py:538} INFO - Filling up the DagBag from /opt/airflow/dags/spark_pipeline_dag.py
[2026-09-03T22:07:12.877+0000] {processor.py:840} INFO - DAG(s) 'air_quality_pipeline' retrieved from /opt/airflow/dags/spark_pipeline_dag.py
[2026-09-03T22:07:12.895+0000] {logging_mixin.py:188} INFO - [2026-09-03T22:07:12.895+0000] {dag.py:3036} INFO - Sync 1 DAGs
[2026-09-03T22:07:12.916+0000] {logging_mixin.py:188} INFO - [2026-09-03T22:07:12.916+0000] {dag.py:3823} INFO - Setting next_dagrun for air_quality_pipeline to 2026-09-03 22:05:00+00:00, run_after=2026-09-03 23:05:00+00:00
[2026-09-03T22:07:12.935+0000] {processor.py:183} INFO - Processing /opt/airflow/dags/spark_pipeline_dag.py took 0.082 seconds
[2026-09-03T22:07:43.459+0000] {processor.py:161} INFO - Started process (PID=51860) to work on /opt/airflow/dags/spark_pipeline_dag.py
[2026-09-03T22:07:43.460+0000] {processor.py:830} INFO - Processing file /opt/airflow/dags/spark_pipeline_dag.py for tasks to queue
[2026-09-03T22:07:43.461+0000] {logging_mixin.py:188} INFO - [2026-09-03T22:07:43.460+0000] {dagbag.py:538} INFO - Filling up the DagBag from /opt/airflow/dags/spark_pipeline_dag.py
[2026-09-03T22:07:43.481+0000] {processor.py:840} INFO - DAG(s) 'air_quality_pipeline' retrieved from /opt/airflow/dags/spark_pipeline_dag.py
[2026-09-03T22:07:43.501+0000] {logging_mixin.py:188} INFO - [2026-09-03T22:07:43.501+0000] {dag.py:3036} INFO - Sync 1 DAGs
[2026-09-03T22:07:43.520+0000] {logging_mixin.py:188} INFO - [2026-09-03T22:07:43.520+0000] {dag.py:3823} INFO - Setting next_dagrun for air_quality_pipeline to 2026-09-03 22:05:00+00:00, run_after=2026-09-03 23:05:00+00:00
[2026-09-03T22:07:43.540+0000] {processor.py:183} INFO - Processing /opt/airflow/dags/spark_pipeline_dag.py took 0.084 seconds
[2026-09-03T22:08:14.089+0000] {processor.py:161} INFO - Started process (PID=51870) to work on /opt/airflow/dags/spark_pipeline_dag.py
[2026-09-03T22:08:14.092+0000] {processor.py:830} INFO - Processing file /opt/airflow/dags/spark_pipeline_dag.py for tasks to queue
[2026-09-03T22:08:14.093+0000] {logging_mixin.py:188} INFO - [2026-09-03T22:08:14.093+0000] {dagbag.py:538} INFO - Filling up the DagBag from /opt/airflow/dags/spark_pipeline_dag.py
[2026-09-03T22:08:14.113+0000] {processor.py:840} INFO - DAG(s) 'air_quality_pipeline' retrieved from /opt/airflow/dags/spark_pipeline_dag.py
[2026-09-03T22:08:14.146+0000] {logging_mixin.py:188} INFO - [2026-09-03T22:08:14.146+0000] {dag.py:3036} INFO - Sync 1 DAGs
[2026-09-03T22:08:14.168+0000] {logging_mixin.py:188} INFO - [2026-09-03T22:08:14.168+0000] {dag.py:3823} INFO - Setting next_dagrun for air_quality_pipeline to 2026-09-03 22:05:00+00:00, run_after=2026-09-03 23:05:00+00:00
[2026-09-03T22:08:14.189+0000] {processor.py:183} INFO - Processing /opt/airflow/dags/spark_pipeline_dag.py took 0.102 seconds
[2026-09-03T22:08:44.629+0000] {processor.py:161} INFO - Started process (PID=51880) to work on /opt/airflow/dags/spark_pipeline_dag.py
[2026-09-03T22:08:44.631+0000] {processor.py:830} INFO - Processing file /opt/airflow/dags/spark_pipeline_dag.py for tasks to queue
[2026-09-03T22:08:44.631+0000] {logging_mixin.py:188} INFO - [2026-09-03T22:08:44.631+0000] {dagbag.py:538} INFO - Filling up the DagBag from /opt/airflow/dags/spark_pipeline_dag.py
[2026-09-03T22:08:44.651+0000] {processor.py:840} INFO - DAG(s) 'air_quality_pipeline' retrieved from /opt/airflow/dags/spark_pipeline_dag.py
[2026-09-03T22:08:44.671+0000] {logging_mixin.py:188} INFO - [2026-09-03T22:08:44.670+0000] {dag.py:3036} INFO - Sync 1 DAGs
[2026-09-03T22:08:44.690+0000] {logging_mixin.py:188} INFO - [2026-09-03T22:08:44.690+0000] {dag.py:3823} INFO - Setting next_dagrun for air_quality_pipeline to 2026-09-03 22:05:00+00:00, run_after=2026-09-03 23:05:00+00:00
[2026-09-03T22:08:44.709+0000] {processor.py:183} INFO - Processing /opt/airflow/dags/spark_pipeline_dag.py took 0.083 seconds
[2026-09-03T22:09:15.102+0000] {processor.py:161} INFO - Started process (PID=51890) to work on /opt/airflow/dags/spark_pipeline_dag.py
[2026-09-03T22:09:15.104+0000] {processor.py:830} INFO - Processing file /opt/airflow/dags/spark_pipeline_dag.py for tasks to queue
[2026-09-03T22:09:15.105+0000] {logging_mixin.py:188} INFO - [2026-09-03T22:09:15.104+0000] {dagbag.py:538} INFO - Filling up the DagBag from /opt/airflow/dags/spark_pipeline_dag.py
[2026-09-03T22:09:15.122+0000] {processor.py:840} INFO - DAG(s) 'air_quality_pipeline' retrieved from /opt/airflow/dags/spark_pipeline_dag.py
[2026-09-03T22:09:15.141+0000] {logging_mixin.py:188} INFO - [2026-09-03T22:09:15.141+0000] {dag.py:3036} INFO - Sync 1 DAGs
[2026-09-03T22:09:15.159+0000] {logging_mixin.py:188} INFO - [2026-09-03T22:09:15.159+0000] {dag.py:3823} INFO - Setting next_dagrun for air_quality_pipeline to 2026-09-03 22:05:00+00:00, run_after=2026-09-03 23:05:00+00:00
[2026-09-03T22:09:15.177+0000] {processor.py:183} INFO - Processing /opt/airflow/dags/spark_pipeline_dag.py took 0.078 seconds
[2026-09-03T22:09:45.544+0000] {processor.py:161} INFO - Started process (PID=51900) to work on /opt/airflow/dags/spark_pipeline_dag.py
[2026-09-03T22:09:45.545+0000] {processor.py:830} INFO - Processing file /opt/airflow/dags/spark_pipeline_dag.py for tasks to queue
[2026-09-03T22:09:45.547+0000] {logging_mixin.py:188} INFO - [2026-09-03T22:09:45.546+0000] {dagbag.py:538} INFO - Filling up the DagBag from /opt/airflow/dags/spark_pipeline_dag.py
[2026-09-03T22:09:45.567+0000] {processor.py:840} INFO - DAG(s) 'air_quality_pipeline' retrieved from /opt/airflow/dags/spark_pipeline_dag.py
[2026-09-03T22:09:45.586+0000] {logging_mixin.py:188} INFO - [2026-09-03T22:09:45.586+0000] {dag.py:3036} INFO - Sync 1 DAGs
[2026-09-03T22:09:45.604+0000] {logging_mixin.py:188} INFO - [2026-09-03T22:09:45.603+0000] {dag.py:3823} INFO - Setting next_dagrun for air_quality_pipeline to 2026-09-03 22:05:00+00:00, run_after=2026-09-03 23:05:00+00:00
[2026-09-03T22:09:45.621+0000] {processor.py:183} INFO - Processing /opt/airflow/dags/spark_pipeline_dag.py took 0.079 seconds
[2026-09-03T22:10:16.121+0000] {processor.py:161} INFO - Started process (PID=51910) to work on /opt/airflow/dags/spark_pipeline_dag.py
[2026-09-03T22:10:16.122+0000] {processor.py:830} INFO - Processing file /opt/airflow/dags/spark_pipeline_dag.py for tasks to queue
[2026-09-03T22:10:16.123+0000] {logging_mixin.py:188} INFO - [2026-09-03T22:10:16.123+0000] {dagbag.py:538} INFO - Filling up the DagBag from /opt/airflow/dags/spark_pipeline_dag.py
[2026-09-03T22:10:16.143+0000] {processor.py:840} INFO - DAG(s) 'air_quality_pipeline' retrieved from /opt/airflow/dags/spark_pipeline_dag.py
[2026-09-03T22:10:16.161+0000] {logging_mixin.py:188} INFO - [2026-09-03T22:10:16.161+0000] {dag.py:3036} INFO - Sync 1 DAGs
[2026-09-03T22:10:16.179+0000] {logging_mixin.py:188} INFO - [2026-09-03T22:10:16.179+0000] {dag.py:3823} INFO - Setting next_dagrun for air_quality_pipeline to 2026-09-03 22:05:00+00:00, run_after=2026-09-03 23:05:00+00:00
[2026-09-03T22:10:16.196+0000] {processor.py:183} INFO - Processing /opt/airflow/dags/spark_pipeline_dag.py took 0.078 seconds
[2026-09-03T22:10:46.582+0000] {processor.py:161} INFO - Started process (PID=51920) to work on /opt/airflow/dags/spark_pipeline_dag.py
[2026-09-03T22:10:46.583+0000] {processor.py:830} INFO - Processing file /opt/airflow/dags/spark_pipeline_dag.py for tasks to queue
[2026-09-03T22:10:46.585+0000] {logging_mixin.py:188} INFO - [2026-09-03T22:10:46.584+0000] {dagbag.py:538} INFO - Filling up the DagBag from /opt/airflow/dags/spark_pipeline_dag.py
[2026-09-03T22:10:46.610+0000] {processor.py:840} INFO - DAG(s) 'air_quality_pipeline' retrieved from /opt/airflow/dags/spark_pipeline_dag.py
[2026-09-03T22:10:46.631+0000] {logging_mixin.py:188} INFO - [2026-09-03T22:10:46.631+0000] {dag.py:3036} INFO - Sync 1 DAGs
[2026-09-03T22:10:46.647+0000] {logging_mixin.py:188} INFO - [2026-09-03T22:10:46.647+0000] {dag.py:3823} INFO - Setting next_dagrun for air_quality_pipeline to 2026-09-03 22:05:00+00:00, run_after=2026-09-03 23:05:00+00:00
[2026-09-03T22:10:46.664+0000] {processor.py:183} INFO - Processing /opt/airflow/dags/spark_pipeline_dag.py took 0.085 seconds
[2026-09-03T22:11:17.047+0000] {processor.py:161} INFO - Started process (PID=51930) to work on /opt/airflow/dags/spark_pipeline_dag.py
[2026-09-03T22:11:17.048+0000] {processor.py:830} INFO - Processing file /opt/airflow/dags/spark_pipeline_dag.py for tasks to queue
[2026-09-03T22:11:17.049+0000] {logging_mixin.py:188} INFO - [2026-09-03T22:11:17.048+0000] {dagbag.py:538} INFO - Filling up the DagBag from /opt/airflow/dags/spark_pipeline_dag.py
[2026-09-03T22:11:17.075+0000] {processor.py:840} INFO - DAG(s) 'air_quality_pipeline' retrieved from /opt/airflow/dags/spark_pipeline_dag.py
[2026-09-03T22:11:17.096+0000] {logging_mixin.py:188} INFO - [2026-09-03T22:11:17.095+0000] {dag.py:3036} INFO - Sync 1 DAGs
[2026-09-03T22:11:17.123+0000] {logging_mixin.py:188} INFO - [2026-09-03T22:11:17.122+0000] {dag.py:3823} INFO - Setting next_dagrun for air_quality_pipeline to 2026-09-03 22:05:00+00:00, run_after=2026-09-03 23:05:00+00:00
[2026-09-03T22:11:17.144+0000] {processor.py:183} INFO - Processing /opt/airflow/dags/spark_pipeline_dag.py took 0.100 seconds
[2026-09-03T22:11:47.605+0000] {processor.py:161} INFO - Started process (PID=51940) to work on /opt/airflow/dags/spark_pipeline_dag.py
[2026-09-03T22:11:47.607+0000] {processor.py:830} INFO - Processing file /opt/airflow/dags/spark_pipeline_dag.py for tasks to queue
[2026-09-03T22:11:47.607+0000] {logging_mixin.py:188} INFO - [2026-09-03T22:11:47.607+0000] {dagbag.py:538} INFO - Filling up the DagBag from /opt/airflow/dags/spark_pipeline_dag.py
[2026-09-03T22:11:47.623+0000] {processor.py:840} INFO - DAG(s) 'air_quality_pipeline' retrieved from /opt/airflow/dags/spark_pipeline_dag.py
[2026-09-03T22:11:47.643+0000] {logging_mixin.py:188} INFO - [2026-09-03T22:11:47.642+0000] {dag.py:3036} INFO - Sync 1 DAGs
[2026-09-03T22:11:47.663+0000] {logging_mixin.py:188} INFO - [2026-09-03T22:11:47.663+0000] {dag.py:3823} INFO - Setting next_dagrun for air_quality_pipeline to 2026-09-03 22:05:00+00:00, run_after=2026-09-03 23:05:00+00:00
[2026-09-03T22:11:47.682+0000] {processor.py:183} INFO - Processing /opt/airflow/dags/spark_pipeline_dag.py took 0.079 seconds
[2026-09-03T22:12:18.070+0000] {processor.py:161} INFO - Started process (PID=51950) to work on /opt/airflow/dags/spark_pipeline_dag.py
[2026-09-03T22:12:18.071+0000] {processor.py:830} INFO - Processing file /opt/airflow/dags/spark_pipeline_dag.py for tasks to queue
[2026-09-03T22:12:18.072+0000] {logging_mixin.py:188} INFO - [2026-09-03T22:12:18.071+0000] {dagbag.py:538} INFO - Filling up the DagBag from /opt/airflow/dags/spark_pipeline_dag.py
[2026-09-03T22:12:18.094+0000] {processor.py:840} INFO - DAG(s) 'air_quality_pipeline' retrieved from /opt/airflow/dags/spark_pipeline_dag.py
[2026-09-03T22:12:18.113+0000] {logging_mixin.py:188} INFO - [2026-09-03T22:12:18.112+0000] {dag.py:3036} INFO - Sync 1 DAGs
[2026-09-03T22:12:18.133+0000] {logging_mixin.py:188} INFO - [2026-09-03T22:12:18.132+0000] {dag.py:3823} INFO - Setting next_dagrun for air_quality_pipeline to 2026-09-03 22:05:00+00:00, run_after=2026-09-03 23:05:00+00:00
[2026-09-03T22:12:18.152+0000] {processor.py:183} INFO - Processing /opt/airflow/dags/spark_pipeline_dag.py took 0.085 seconds
[2026-09-03T22:12:48.637+0000] {processor.py:161} INFO - Started process (PID=51960) to work on /opt/airflow/dags/spark_pipeline_dag.py
[2026-09-03T22:12:48.638+0000] {processor.py:830} INFO - Processing file /opt/airflow/dags/spark_pipeline_dag.py for tasks to queue
[2026-09-03T22:12:48.639+0000] {logging_mixin.py:188} INFO - [2026-09-03T22:12:48.639+0000] {dagbag.py:538} INFO - Filling up the DagBag from /opt/airflow/dags/spark_pipeline_dag.py
[2026-09-03T22:12:48.661+0000] {processor.py:840} INFO - DAG(s) 'air_quality_pipeline' retrieved from /opt/airflow/dags/spark_pipeline_dag.py
[2026-09-03T22:12:48.679+0000] {logging_mixin.py:188} INFO - [2026-09-03T22:12:48.679+0000] {dag.py:3036} INFO - Sync 1 DAGs
[2026-09-03T22:12:48.697+0000] {logging_mixin.py:188} INFO - [2026-09-03T22:12:48.697+0000] {dag.py:3823} INFO - Setting next_dagrun for air_quality_pipeline to 2026-09-03 22:05:00+00:00, run_after=2026-09-03 23:05:00+00:00
[2026-09-03T22:12:48.720+0000] {processor.py:183} INFO - Processing /opt/airflow/dags/spark_pipeline_dag.py took 0.085 seconds
[2026-09-03T22:13:19.413+0000] {processor.py:161} INFO - Started process (PID=51970) to work on /opt/airflow/dags/spark_pipeline_dag.py
[2026-09-03T22:13:19.416+0000] {processor.py:830} INFO - Processing file /opt/airflow/dags/spark_pipeline_dag.py for tasks to queue
[2026-09-03T22:13:19.418+0000] {logging_mixin.py:188} INFO - [2026-09-03T22:13:19.418+0000] {dagbag.py:538} INFO - Filling up the DagBag from /opt/airflow/dags/spark_pipeline_dag.py
[2026-09-03T22:13:19.438+0000] {processor.py:840} INFO - DAG(s) 'air_quality_pipeline' retrieved from /opt/airflow/dags/spark_pipeline_dag.py
[2026-09-03T22:13:19.456+0000] {logging_mixin.py:188} INFO - [2026-09-03T22:13:19.455+0000] {dag.py:3036} INFO - Sync 1 DAGs
[2026-09-03T22:13:19.475+0000] {logging_mixin.py:188} INFO - [2026-09-03T22:13:19.475+0000] {dag.py:3823} INFO - Setting next_dagrun for air_quality_pipeline to 2026-09-03 22:05:00+00:00, run_after=2026-09-03 23:05:00+00:00
[2026-09-03T22:13:19.493+0000] {processor.py:183} INFO - Processing /opt/airflow/dags/spark_pipeline_dag.py took 0.082 seconds
[2026-09-03T22:13:49.877+0000] {processor.py:161} INFO - Started process (PID=51980) to work on /opt/airflow/dags/spark_pipeline_dag.py
[2026-09-03T22:13:49.880+0000] {processor.py:830} INFO - Processing file /opt/airflow/dags/spark_pipeline_dag.py for tasks to queue
[2026-09-03T22:13:49.881+0000] {logging_mixin.py:188} INFO - [2026-09-03T22:13:49.881+0000] {dagbag.py:538} INFO - Filling up the DagBag from /opt/airflow/dags/spark_pipeline_dag.py
[2026-09-03T22:13:49.900+0000] {processor.py:840} INFO - DAG(s) 'air_quality_pipeline' retrieved from /opt/airflow/dags/spark_pipeline_dag.py
[2026-09-03T22:13:49.922+0000] {logging_mixin.py:188} INFO - [2026-09-03T22:13:49.922+0000] {dag.py:3036} INFO - Sync 1 DAGs
[2026-09-03T22:13:49.942+0000] {logging_mixin.py:188} INFO - [2026-09-03T22:13:49.942+0000] {dag.py:3823} INFO - Setting next_dagrun for air_quality_pipeline to 2026-09-03 22:05:00+00:00, run_after=2026-09-03 23:05:00+00:00
[2026-09-03T22:13:49.960+0000] {processor.py:183} INFO - Processing /opt/airflow/dags/spark_pipeline_dag.py took 0.086 seconds
[2026-09-03T22:14:20.371+0000] {processor.py:161} INFO - Started process (PID=51990) to work on /opt/airflow/dags/spark_pipeline_dag.py
[2026-09-03T22:14:20.372+0000] {processor.py:830} INFO - Processing file /opt/airflow/dags/spark_pipeline_dag.py for tasks to queue
[2026-09-03T22:14:20.373+0000] {logging_mixin.py:188} INFO - [2026-09-03T22:14:20.373+0000] {dagbag.py:538} INFO - Filling up the DagBag from /opt/airflow/dags/spark_pipeline_dag.py
[2026-09-03T22:14:20.389+0000] {processor.py:840} INFO - DAG(s) 'air_quality_pipeline' retrieved from /opt/airflow/dags/spark_pipeline_dag.py
[2026-09-03T22:14:20.409+0000] {logging_mixin.py:188} INFO - [2026-09-03T22:14:20.408+0000] {dag.py:3036} INFO - Sync 1 DAGs
[2026-09-03T22:14:20.426+0000] {logging_mixin.py:188} INFO - [2026-09-03T22:14:20.426+0000] {dag.py:3823} INFO - Setting next_dagrun for air_quality_pipeline to 2026-09-03 22:05:00+00:00, run_after=2026-09-03 23:05:00+00:00
[2026-09-03T22:14:20.443+0000] {processor.py:183} INFO - Processing /opt/airflow/dags/spark_pipeline_dag.py took 0.075 seconds
[2026-09-03T22:14:50.907+0000] {processor.py:161} INFO - Started process (PID=52000) to work on /opt/airflow/dags/spark_pipeline_dag.py
[2026-09-03T22:14:50.908+0000] {processor.py:830} INFO - Processing file /opt/airflow/dags/spark_pipeline_dag.py for tasks to queue
[2026-09-03T22:14:50.909+0000] {logging_mixin.py:188} INFO - [2026-09-03T22:14:50.909+0000] {dagbag.py:538} INFO - Filling up the DagBag from /opt/airflow/dags/spark_pipeline_dag.py
[2026-09-03T22:14:50.930+0000] {processor.py:840} INFO - DAG(s) 'air_quality_pipeline' retrieved from /opt/airflow/dags/spark_pipeline_dag.py
[2026-09-03T22:14:50.948+0000] {logging_mixin.py:188} INFO - [2026-09-03T22:14:50.948+0000] {dag.py:3036} INFO - Sync 1 DAGs
[2026-09-03T22:14:50.971+0000] {logging_mixin.py:188} INFO - [2026-09-03T22:14:50.971+0000] {dag.py:3823} INFO - Setting next_dagrun for air_quality_pipeline to 2026-09-03 22:05:00+00:00, run_after=2026-09-03 23:05:00+00:00
[2026-09-03T22:14:50.991+0000] {processor.py:183} INFO - Processing /opt/airflow/dags/spark_pipeline_dag.py took 0.087 seconds
[2026-09-03T22:15:21.400+0000] {processor.py:161} INFO - Started process (PID=52010) to work on /opt/airflow/dags/spark_pipeline_dag.py
[2026-09-03T22:15:21.401+0000] {processor.py:830} INFO - Processing file /opt/airflow/dags/spark_pipeline_dag.py for tasks to queue
[2026-09-03T22:15:21.402+0000] {logging_mixin.py:188} INFO - [2026-09-03T22:15:21.402+0000] {dagbag.py:538} INFO - Filling up the DagBag from /opt/airflow/dags/spark_pipeline_dag.py
[2026-09-03T22:15:21.422+0000] {processor.py:840} INFO - DAG(s) 'air_quality_pipeline' retrieved from /opt/airflow/dags/spark_pipeline_dag.py
[2026-09-03T22:15:21.440+0000] {logging_mixin.py:188} INFO - [2026-09-03T22:15:21.440+0000] {dag.py:3036} INFO - Sync 1 DAGs
[2026-09-03T22:15:21.458+0000] {logging_mixin.py:188} INFO - [2026-09-03T22:15:21.458+0000] {dag.py:3823} INFO - Setting next_dagrun for air_quality_pipeline to 2026-09-03 22:05:00+00:00, run_after=2026-09-03 23:05:00+00:00
[2026-09-03T22:15:21.479+0000] {processor.py:183} INFO - Processing /opt/airflow/dags/spark_pipeline_dag.py took 0.081 seconds
[2026-09-03T22:15:51.920+0000] {processor.py:161} INFO - Started process (PID=52020) to work on /opt/airflow/dags/spark_pipeline_dag.py
[2026-09-03T22:15:51.921+0000] {processor.py:830} INFO - Processing file /opt/airflow/dags/spark_pipeline_dag.py for tasks to queue
[2026-09-03T22:15:51.922+0000] {logging_mixin.py:188} INFO - [2026-09-03T22:15:51.922+0000] {dagbag.py:538} INFO - Filling up the DagBag from /opt/airflow/dags/spark_pipeline_dag.py
[2026-09-03T22:15:51.943+0000] {processor.py:840} INFO - DAG(s) 'air_quality_pipeline' retrieved from /opt/airflow/dags/spark_pipeline_dag.py
[2026-09-03T22:15:51.960+0000] {logging_mixin.py:188} INFO - [2026-09-03T22:15:51.960+0000] {dag.py:3036} INFO - Sync 1 DAGs
[2026-09-03T22:15:51.981+0000] {logging_mixin.py:188} INFO - [2026-09-03T22:15:51.981+0000] {dag.py:3823} INFO - Setting next_dagrun for air_quality_pipeline to 2026-09-03 22:05:00+00:00, run_after=2026-09-03 23:05:00+00:00
[2026-09-03T22:15:51.999+0000] {processor.py:183} INFO - Processing /opt/airflow/dags/spark_pipeline_dag.py took 0.082 seconds
[2026-09-03T22:16:22.381+0000] {processor.py:161} INFO - Started process (PID=52030) to work on /opt/airflow/dags/spark_pipeline_dag.py
[2026-09-03T22:16:22.382+0000] {processor.py:830} INFO - Processing file /opt/airflow/dags/spark_pipeline_dag.py for tasks to queue
[2026-09-03T22:16:22.383+0000] {logging_mixin.py:188} INFO - [2026-09-03T22:16:22.382+0000] {dagbag.py:538} INFO - Filling up the DagBag from /opt/airflow/dags/spark_pipeline_dag.py
[2026-09-03T22:16:22.402+0000] {processor.py:840} INFO - DAG(s) 'air_quality_pipeline' retrieved from /opt/airflow/dags/spark_pipeline_dag.py
[2026-09-03T22:16:22.420+0000] {logging_mixin.py:188} INFO - [2026-09-03T22:16:22.420+0000] {dag.py:3036} INFO - Sync 1 DAGs
[2026-09-03T22:16:22.439+0000] {logging_mixin.py:188} INFO - [2026-09-03T22:16:22.439+0000] {dag.py:3823} INFO - Setting next_dagrun for air_quality_pipeline to 2026-09-03 22:05:00+00:00, run_after=2026-09-03 23:05:00+00:00
[2026-09-03T22:16:22.461+0000] {processor.py:183} INFO - Processing /opt/airflow/dags/spark_pipeline_dag.py took 0.082 seconds
[2026-09-03T22:16:52.944+0000] {processor.py:161} INFO - Started process (PID=52040) to work on /opt/airflow/dags/spark_pipeline_dag.py
[2026-09-03T22:16:52.945+0000] {processor.py:830} INFO - Processing file /opt/airflow/dags/spark_pipeline_dag.py for tasks to queue
[2026-09-03T22:16:52.946+0000] {logging_mixin.py:188} INFO - [2026-09-03T22:16:52.946+0000] {dagbag.py:538} INFO - Filling up the DagBag from /opt/airflow/dags/spark_pipeline_dag.py
[2026-09-03T22:16:52.968+0000] {processor.py:840} INFO - DAG(s) 'air_quality_pipeline' retrieved from /opt/airflow/dags/spark_pipeline_dag.py
[2026-09-03T22:16:52.987+0000] {logging_mixin.py:188} INFO - [2026-09-03T22:16:52.987+0000] {dag.py:3036} INFO - Sync 1 DAGs
[2026-09-03T22:16:53.007+0000] {logging_mixin.py:188} INFO - [2026-09-03T22:16:53.007+0000] {dag.py:3823} INFO - Setting next_dagrun for air_quality_pipeline to 2026-09-03 22:05:00+00:00, run_after=2026-09-03 23:05:00+00:00
[2026-09-03T22:16:53.034+0000] {processor.py:183} INFO - Processing /opt/airflow/dags/spark_pipeline_dag.py took 0.093 seconds
[2026-09-03T22:17:23.473+0000] {processor.py:161} INFO - Started process (PID=52050) to work on /opt/airflow/dags/spark_pipeline_dag.py
[2026-09-03T22:17:23.474+0000] {processor.py:830} INFO - Processing file /opt/airflow/dags/spark_pipeline_dag.py for tasks to queue
[2026-09-03T22:17:23.475+0000] {logging_mixin.py:188} INFO - [2026-09-03T22:17:23.475+0000] {dagbag.py:538} INFO - Filling up the DagBag from /opt/airflow/dags/spark_pipeline_dag.py
[2026-09-03T22:17:23.495+0000] {processor.py:840} INFO - DAG(s) 'air_quality_pipeline' retrieved from /opt/airflow/dags/spark_pipeline_dag.py
[2026-09-03T22:17:23.518+0000] {logging_mixin.py:188} INFO - [2026-09-03T22:17:23.517+0000] {dag.py:3036} INFO - Sync 1 DAGs
[2026-09-03T22:17:23.537+0000] {logging_mixin.py:188} INFO - [2026-09-03T22:17:23.537+0000] {dag.py:3823} INFO - Setting next_dagrun for air_quality_pipeline to 2026-09-03 22:05:00+00:00, run_after=2026-09-03 23:05:00+00:00
[2026-09-03T22:17:23.554+0000] {processor.py:183} INFO - Processing /opt/airflow/dags/spark_pipeline_dag.py took 0.084 seconds
[2026-09-03T22:17:54.013+0000] {processor.py:161} INFO - Started process (PID=52060) to work on /opt/airflow/dags/spark_pipeline_dag.py
[2026-09-03T22:17:54.015+0000] {processor.py:830} INFO - Processing file /opt/airflow/dags/spark_pipeline_dag.py for tasks to queue
[2026-09-03T22:17:54.016+0000] {logging_mixin.py:188} INFO - [2026-09-03T22:17:54.015+0000] {dagbag.py:538} INFO - Filling up the DagBag from /opt/airflow/dags/spark_pipeline_dag.py
[2026-09-03T22:17:54.039+0000] {processor.py:840} INFO - DAG(s) 'air_quality_pipeline' retrieved from /opt/airflow/dags/spark_pipeline_dag.py
[2026-09-03T22:17:54.059+0000] {logging_mixin.py:188} INFO - [2026-09-03T22:17:54.059+0000] {dag.py:3036} INFO - Sync 1 DAGs
[2026-09-03T22:17:54.080+0000] {logging_mixin.py:188} INFO - [2026-09-03T22:17:54.080+0000] {dag.py:3823} INFO - Setting next_dagrun for air_quality_pipeline to 2026-09-03 22:05:00+00:00, run_after=2026-09-03 23:05:00+00:00
[2026-09-03T22:17:54.098+0000] {processor.py:183} INFO - Processing /opt/airflow/dags/spark_pipeline_dag.py took 0.087 seconds
[2026-09-03T22:18:24.448+0000] {processor.py:161} INFO - Started process (PID=52070) to work on /opt/airflow/dags/spark_pipeline_dag.py
[2026-09-03T22:18:24.450+0000] {processor.py:830} INFO - Processing file /opt/airflow/dags/spark_pipeline_dag.py for tasks to queue
[2026-09-03T22:18:24.451+0000] {logging_mixin.py:188} INFO - [2026-09-03T22:18:24.451+0000] {dagbag.py:538} INFO - Filling up the DagBag from /opt/airflow/dags/spark_pipeline_dag.py
[2026-09-03T22:18:24.469+0000] {processor.py:840} INFO - DAG(s) 'air_quality_pipeline' retrieved from /opt/airflow/dags/spark_pipeline_dag.py
[2026-09-03T22:18:24.486+0000] {logging_mixin.py:188} INFO - [2026-09-03T22:18:24.486+0000] {dag.py:3036} INFO - Sync 1 DAGs
[2026-09-03T22:18:24.506+0000] {logging_mixin.py:188} INFO - [2026-09-03T22:18:24.506+0000] {dag.py:3823} INFO - Setting next_dagrun for air_quality_pipeline to 2026-09-03 22:05:00+00:00, run_after=2026-09-03 23:05:00+00:00
[2026-09-03T22:18:24.524+0000] {processor.py:183} INFO - Processing /opt/airflow/dags/spark_pipeline_dag.py took 0.078 seconds
[2026-09-03T22:18:55.002+0000] {processor.py:161} INFO - Started process (PID=52080) to work on /opt/airflow/dags/spark_pipeline_dag.py
[2026-09-03T22:18:55.003+0000] {processor.py:830} INFO - Processing file /opt/airflow/dags/spark_pipeline_dag.py for tasks to queue
[2026-09-03T22:18:55.004+0000] {logging_mixin.py:188} INFO - [2026-09-03T22:18:55.003+0000] {dagbag.py:538} INFO - Filling up the DagBag from /opt/airflow/dags/spark_pipeline_dag.py
[2026-09-03T22:18:55.024+0000] {processor.py:840} INFO - DAG(s) 'air_quality_pipeline' retrieved from /opt/airflow/dags/spark_pipeline_dag.py
[2026-09-03T22:18:55.041+0000] {logging_mixin.py:188} INFO - [2026-09-03T22:18:55.041+0000] {dag.py:3036} INFO - Sync 1 DAGs
[2026-09-03T22:18:55.060+0000] {logging_mixin.py:188} INFO - [2026-09-03T22:18:55.060+0000] {dag.py:3823} INFO - Setting next_dagrun for air_quality_pipeline to 2026-09-03 22:05:00+00:00, run_after=2026-09-03 23:05:00+00:00
[2026-09-03T22:18:55.081+0000] {processor.py:183} INFO - Processing /opt/airflow/dags/spark_pipeline_dag.py took 0.082 seconds
[2026-09-03T22:19:25.455+0000] {processor.py:161} INFO - Started process (PID=52090) to work on /opt/airflow/dags/spark_pipeline_dag.py
[2026-09-03T22:19:25.457+0000] {processor.py:830} INFO - Processing file /opt/airflow/dags/spark_pipeline_dag.py for tasks to queue
[2026-09-03T22:19:25.458+0000] {logging_mixin.py:188} INFO - [2026-09-03T22:19:25.458+0000] {dagbag.py:538} INFO - Filling up the DagBag from /opt/airflow/dags/spark_pipeline_dag.py
[2026-09-03T22:19:25.478+0000] {processor.py:840} INFO - DAG(s) 'air_quality_pipeline' retrieved from /opt/airflow/dags/spark_pipeline_dag.py
[2026-09-03T22:19:25.495+0000] {logging_mixin.py:188} INFO - [2026-09-03T22:19:25.495+0000] {dag.py:3036} INFO - Sync 1 DAGs
[2026-09-03T22:19:25.514+0000] {logging_mixin.py:188} INFO - [2026-09-03T22:19:25.514+0000] {dag.py:3823} INFO - Setting next_dagrun for air_quality_pipeline to 2026-09-03 22:05:00+00:00, run_after=2026-09-03 23:05:00+00:00
[2026-09-03T22:19:25.531+0000] {processor.py:183} INFO - Processing /opt/airflow/dags/spark_pipeline_dag.py took 0.079 seconds
[2026-09-03T22:19:55.945+0000] {processor.py:161} INFO - Started process (PID=52100) to work on /opt/airflow/dags/spark_pipeline_dag.py
[2026-09-03T22:19:55.946+0000] {processor.py:830} INFO - Processing file /opt/airflow/dags/spark_pipeline_dag.py for tasks to queue
[2026-09-03T22:19:55.947+0000] {logging_mixin.py:188} INFO - [2026-09-03T22:19:55.947+0000] {dagbag.py:538} INFO - Filling up the DagBag from /opt/airflow/dags/spark_pipeline_dag.py
[2026-09-03T22:19:55.970+0000] {processor.py:840} INFO - DAG(s) 'air_quality_pipeline' retrieved from /opt/airflow/dags/spark_pipeline_dag.py
[2026-09-03T22:19:55.988+0000] {logging_mixin.py:188} INFO - [2026-09-03T22:19:55.988+0000] {dag.py:3036} INFO - Sync 1 DAGs
[2026-09-03T22:19:56.009+0000] {logging_mixin.py:188} INFO - [2026-09-03T22:19:56.008+0000] {dag.py:3823} INFO - Setting next_dagrun for air_quality_pipeline to 2026-09-03 22:05:00+00:00, run_after=2026-09-03 23:05:00+00:00
[2026-09-03T22:19:56.033+0000] {processor.py:183} INFO - Processing /opt/airflow/dags/spark_pipeline_dag.py took 0.090 seconds
[2026-09-03T22:20:26.442+0000] {processor.py:161} INFO - Started process (PID=52110) to work on /opt/airflow/dags/spark_pipeline_dag.py
[2026-09-03T22:20:26.443+0000] {processor.py:830} INFO - Processing file /opt/airflow/dags/spark_pipeline_dag.py for tasks to queue
[2026-09-03T22:20:26.444+0000] {logging_mixin.py:188} INFO - [2026-09-03T22:20:26.443+0000] {dagbag.py:538} INFO - Filling up the DagBag from /opt/airflow/dags/spark_pipeline_dag.py
[2026-09-03T22:20:26.473+0000] {processor.py:840} INFO - DAG(s) 'air_quality_pipeline' retrieved from /opt/airflow/dags/spark_pipeline_dag.py
[2026-09-03T22:20:26.492+0000] {logging_mixin.py:188} INFO - [2026-09-03T22:20:26.492+0000] {dag.py:3036} INFO - Sync 1 DAGs
[2026-09-03T22:20:26.514+0000] {logging_mixin.py:188} INFO - [2026-09-03T22:20:26.514+0000] {dag.py:3823} INFO - Setting next_dagrun for air_quality_pipeline to 2026-09-03 22:05:00+00:00, run_after=2026-09-03 23:05:00+00:00
[2026-09-03T22:20:26.535+0000] {processor.py:183} INFO - Processing /opt/airflow/dags/spark_pipeline_dag.py took 0.096 seconds
[2026-09-03T22:20:57.005+0000] {processor.py:161} INFO - Started process (PID=52120) to work on /opt/airflow/dags/spark_pipeline_dag.py
[2026-09-03T22:20:57.006+0000] {processor.py:830} INFO - Processing file /opt/airflow/dags/spark_pipeline_dag.py for tasks to queue
[2026-09-03T22:20:57.008+0000] {logging_mixin.py:188} INFO - [2026-09-03T22:20:57.007+0000] {dagbag.py:538} INFO - Filling up the DagBag from /opt/airflow/dags/spark_pipeline_dag.py
[2026-09-03T22:20:57.032+0000] {processor.py:840} INFO - DAG(s) 'air_quality_pipeline' retrieved from /opt/airflow/dags/spark_pipeline_dag.py
[2026-09-03T22:20:57.053+0000] {logging_mixin.py:188} INFO - [2026-09-03T22:20:57.052+0000] {dag.py:3036} INFO - Sync 1 DAGs
[2026-09-03T22:20:57.076+0000] {logging_mixin.py:188} INFO - [2026-09-03T22:20:57.075+0000] {dag.py:3823} INFO - Setting next_dagrun for air_quality_pipeline to 2026-09-03 22:05:00+00:00, run_after=2026-09-03 23:05:00+00:00
[2026-09-03T22:20:57.094+0000] {processor.py:183} INFO - Processing /opt/airflow/dags/spark_pipeline_dag.py took 0.095 seconds
[2026-09-03T22:21:27.536+0000] {processor.py:161} INFO - Started process (PID=52130) to work on /opt/airflow/dags/spark_pipeline_dag.py
[2026-09-03T22:21:27.537+0000] {processor.py:830} INFO - Processing file /opt/airflow/dags/spark_pipeline_dag.py for tasks to queue
[2026-09-03T22:21:27.538+0000] {logging_mixin.py:188} INFO - [2026-09-03T22:21:27.538+0000] {dagbag.py:538} INFO - Filling up the DagBag from /opt/airflow/dags/spark_pipeline_dag.py
[2026-09-03T22:21:27.558+0000] {processor.py:840} INFO - DAG(s) 'air_quality_pipeline' retrieved from /opt/airflow/dags/spark_pipeline_dag.py
[2026-09-03T22:21:27.577+0000] {logging_mixin.py:188} INFO - [2026-09-03T22:21:27.577+0000] {dag.py:3036} INFO - Sync 1 DAGs
[2026-09-03T22:21:27.598+0000] {logging_mixin.py:188} INFO - [2026-09-03T22:21:27.598+0000] {dag.py:3823} INFO - Setting next_dagrun for air_quality_pipeline to 2026-09-03 22:05:00+00:00, run_after=2026-09-03 23:05:00+00:00
[2026-09-03T22:21:27.616+0000] {processor.py:183} INFO - Processing /opt/airflow/dags/spark_pipeline_dag.py took 0.083 seconds
[2026-09-03T22:21:57.978+0000] {processor.py:161} INFO - Started process (PID=52140) to work on /opt/airflow/dags/spark_pipeline_dag.py
[2026-09-03T22:21:57.979+0000] {processor.py:830} INFO - Processing file /opt/airflow/dags/spark_pipeline_dag.py for tasks to queue
[2026-09-03T22:21:57.982+0000] {logging_mixin.py:188} INFO - [2026-09-03T22:21:57.981+0000] {dagbag.py:538} INFO - Filling up the DagBag from /opt/airflow/dags/spark_pipeline_dag.py
[2026-09-03T22:21:58.000+0000] {processor.py:840} INFO - DAG(s) 'air_quality_pipeline' retrieved from /opt/airflow/dags/spark_pipeline_dag.py
[2026-09-03T22:21:58.018+0000] {logging_mixin.py:188} INFO - [2026-09-03T22:21:58.018+0000] {dag.py:3036} INFO - Sync 1 DAGs
[2026-09-03T22:21:58.035+0000] {logging_mixin.py:188} INFO - [2026-09-03T22:21:58.034+0000] {dag.py:3823} INFO - Setting next_dagrun for air_quality_pipeline to 2026-09-03 22:05:00+00:00, run_after=2026-09-03 23:05:00+00:00
[2026-09-03T22:21:58.053+0000] {processor.py:183} INFO - Processing /opt/airflow/dags/spark_pipeline_dag.py took 0.077 seconds
[2026-09-03T22:22:28.433+0000] {processor.py:161} INFO - Started process (PID=52150) to work on /opt/airflow/dags/spark_pipeline_dag.py
[2026-09-03T22:22:28.435+0000] {processor.py:830} INFO - Processing file /opt/airflow/dags/spark_pipeline_dag.py for tasks to queue
[2026-09-03T22:22:28.437+0000] {logging_mixin.py:188} INFO - [2026-09-03T22:22:28.436+0000] {dagbag.py:538} INFO - Filling up the DagBag from /opt/airflow/dags/spark_pipeline_dag.py
[2026-09-03T22:22:28.456+0000] {processor.py:840} INFO - DAG(s) 'air_quality_pipeline' retrieved from /opt/airflow/dags/spark_pipeline_dag.py
[2026-09-03T22:22:28.473+0000] {logging_mixin.py:188} INFO - [2026-09-03T22:22:28.473+0000] {dag.py:3036} INFO - Sync 1 DAGs
[2026-09-03T22:22:28.491+0000] {logging_mixin.py:188} INFO - [2026-09-03T22:22:28.491+0000] {dag.py:3823} INFO - Setting next_dagrun for air_quality_pipeline to 2026-09-03 22:05:00+00:00, run_after=2026-09-03 23:05:00+00:00
[2026-09-03T22:22:28.510+0000] {processor.py:183} INFO - Processing /opt/airflow/dags/spark_pipeline_dag.py took 0.079 seconds
[2026-09-03T22:22:58.968+0000] {processor.py:161} INFO - Started process (PID=52160) to work on /opt/airflow/dags/spark_pipeline_dag.py
[2026-09-03T22:22:58.970+0000] {processor.py:830} INFO - Processing file /opt/airflow/dags/spark_pipeline_dag.py for tasks to queue
[2026-09-03T22:22:58.971+0000] {logging_mixin.py:188} INFO - [2026-09-03T22:22:58.971+0000] {dagbag.py:538} INFO - Filling up the DagBag from /opt/airflow/dags/spark_pipeline_dag.py
[2026-09-03T22:22:58.993+0000] {processor.py:840} INFO - DAG(s) 'air_quality_pipeline' retrieved from /opt/airflow/dags/spark_pipeline_dag.py
[2026-09-03T22:22:59.011+0000] {logging_mixin.py:188} INFO - [2026-09-03T22:22:59.010+0000] {dag.py:3036} INFO - Sync 1 DAGs
[2026-09-03T22:22:59.031+0000] {logging_mixin.py:188} INFO - [2026-09-03T22:22:59.031+0000] {dag.py:3823} INFO - Setting next_dagrun for air_quality_pipeline to 2026-09-03 22:05:00+00:00, run_after=2026-09-03 23:05:00+00:00
[2026-09-03T22:22:59.049+0000] {processor.py:183} INFO - Processing /opt/airflow/dags/spark_pipeline_dag.py took 0.083 seconds
[2026-09-03T22:23:29.499+0000] {processor.py:161} INFO - Started process (PID=52170) to work on /opt/airflow/dags/spark_pipeline_dag.py
[2026-09-03T22:23:29.501+0000] {processor.py:830} INFO - Processing file /opt/airflow/dags/spark_pipeline_dag.py for tasks to queue
[2026-09-03T22:23:29.501+0000] {logging_mixin.py:188} INFO - [2026-09-03T22:23:29.501+0000] {dagbag.py:538} INFO - Filling up the DagBag from /opt/airflow/dags/spark_pipeline_dag.py
[2026-09-03T22:23:29.521+0000] {processor.py:840} INFO - DAG(s) 'air_quality_pipeline' retrieved from /opt/airflow/dags/spark_pipeline_dag.py
[2026-09-03T22:23:29.538+0000] {logging_mixin.py:188} INFO - [2026-09-03T22:23:29.538+0000] {dag.py:3036} INFO - Sync 1 DAGs
[2026-09-03T22:23:29.557+0000] {logging_mixin.py:188} INFO - [2026-09-03T22:23:29.557+0000] {dag.py:3823} INFO - Setting next_dagrun for air_quality_pipeline to 2026-09-03 22:05:00+00:00, run_after=2026-09-03 23:05:00+00:00
[2026-09-03T22:23:29.575+0000] {processor.py:183} INFO - Processing /opt/airflow/dags/spark_pipeline_dag.py took 0.078 seconds
[2026-09-03T22:23:59.992+0000] {processor.py:161} INFO - Started process (PID=52180) to work on /opt/airflow/dags/spark_pipeline_dag.py
[2026-09-03T22:23:59.993+0000] {processor.py:830} INFO - Processing file /opt/airflow/dags/spark_pipeline_dag.py for tasks to queue
[2026-09-03T22:23:59.994+0000] {logging_mixin.py:188} INFO - [2026-09-03T22:23:59.994+0000] {dagbag.py:538} INFO - Filling up the DagBag from /opt/airflow/dags/spark_pipeline_dag.py
[2026-09-03T22:24:00.016+0000] {processor.py:840} INFO - DAG(s) 'air_quality_pipeline' retrieved from /opt/airflow/dags/spark_pipeline_dag.py
[2026-09-03T22:24:00.038+0000] {logging_mixin.py:188} INFO - [2026-09-03T22:24:00.038+0000] {dag.py:3036} INFO - Sync 1 DAGs
[2026-09-03T22:24:00.064+0000] {logging_mixin.py:188} INFO - [2026-09-03T22:24:00.064+0000] {dag.py:3823} INFO - Setting next_dagrun for air_quality_pipeline to 2026-09-03 22:05:00+00:00, run_after=2026-09-03 23:05:00+00:00
[2026-09-03T22:24:00.088+0000] {processor.py:183} INFO - Processing /opt/airflow/dags/spark_pipeline_dag.py took 0.098 seconds
[2026-09-03T22:24:30.546+0000] {processor.py:161} INFO - Started process (PID=52190) to work on /opt/airflow/dags/spark_pipeline_dag.py
[2026-09-03T22:24:30.547+0000] {processor.py:830} INFO - Processing file /opt/airflow/dags/spark_pipeline_dag.py for tasks to queue
[2026-09-03T22:24:30.548+0000] {logging_mixin.py:188} INFO - [2026-09-03T22:24:30.548+0000] {dagbag.py:538} INFO - Filling up the DagBag from /opt/airflow/dags/spark_pipeline_dag.py
[2026-09-03T22:24:30.563+0000] {processor.py:840} INFO - DAG(s) 'air_quality_pipeline' retrieved from /opt/airflow/dags/spark_pipeline_dag.py
[2026-09-03T22:24:30.582+0000] {logging_mixin.py:188} INFO - [2026-09-03T22:24:30.581+0000] {dag.py:3036} INFO - Sync 1 DAGs
[2026-09-03T22:24:30.599+0000] {logging_mixin.py:188} INFO - [2026-09-03T22:24:30.599+0000] {dag.py:3823} INFO - Setting next_dagrun for air_quality_pipeline to 2026-09-03 22:05:00+00:00, run_after=2026-09-03 23:05:00+00:00
[2026-09-03T22:24:30.617+0000] {processor.py:183} INFO - Processing /opt/airflow/dags/spark_pipeline_dag.py took 0.073 seconds
[2026-09-03T22:25:01.063+0000] {processor.py:161} INFO - Started process (PID=52200) to work on /opt/airflow/dags/spark_pipeline_dag.py
[2026-09-03T22:25:01.065+0000] {processor.py:830} INFO - Processing file /opt/airflow/dags/spark_pipeline_dag.py for tasks to queue
[2026-09-03T22:25:01.066+0000] {logging_mixin.py:188} INFO - [2026-09-03T22:25:01.066+0000] {dagbag.py:538} INFO - Filling up the DagBag from /opt/airflow/dags/spark_pipeline_dag.py
[2026-09-03T22:25:01.085+0000] {processor.py:840} INFO - DAG(s) 'air_quality_pipeline' retrieved from /opt/airflow/dags/spark_pipeline_dag.py
[2026-09-03T22:25:01.102+0000] {logging_mixin.py:188} INFO - [2026-09-03T22:25:01.102+0000] {dag.py:3036} INFO - Sync 1 DAGs
[2026-09-03T22:25:01.119+0000] {logging_mixin.py:188} INFO - [2026-09-03T22:25:01.119+0000] {dag.py:3823} INFO - Setting next_dagrun for air_quality_pipeline to 2026-09-03 22:05:00+00:00, run_after=2026-09-03 23:05:00+00:00
[2026-09-03T22:25:01.139+0000] {processor.py:183} INFO - Processing /opt/airflow/dags/spark_pipeline_dag.py took 0.079 seconds
[2026-09-03T22:25:31.659+0000] {processor.py:161} INFO - Started process (PID=52210) to work on /opt/airflow/dags/spark_pipeline_dag.py
[2026-09-03T22:25:31.662+0000] {processor.py:830} INFO - Processing file /opt/airflow/dags/spark_pipeline_dag.py for tasks to queue
[2026-09-03T22:25:31.663+0000] {logging_mixin.py:188} INFO - [2026-09-03T22:25:31.663+0000] {dagbag.py:538} INFO - Filling up the DagBag from /opt/airflow/dags/spark_pipeline_dag.py
[2026-09-03T22:25:31.687+0000] {processor.py:840} INFO - DAG(s) 'air_quality_pipeline' retrieved from /opt/airflow/dags/spark_pipeline_dag.py
[2026-09-03T22:25:31.707+0000] {logging_mixin.py:188} INFO - [2026-09-03T22:25:31.707+0000] {dag.py:3036} INFO - Sync 1 DAGs
[2026-09-03T22:25:31.728+0000] {logging_mixin.py:188} INFO - [2026-09-03T22:25:31.728+0000] {dag.py:3823} INFO - Setting next_dagrun for air_quality_pipeline to 2026-09-03 22:05:00+00:00, run_after=2026-09-03 23:05:00+00:00
[2026-09-03T22:25:31.748+0000] {processor.py:183} INFO - Processing /opt/airflow/dags/spark_pipeline_dag.py took 0.091 seconds
[2026-09-03T22:26:02.296+0000] {processor.py:161} INFO - Started process (PID=52220) to work on /opt/airflow/dags/spark_pipeline_dag.py
[2026-09-03T22:26:02.297+0000] {processor.py:830} INFO - Processing file /opt/airflow/dags/spark_pipeline_dag.py for tasks to queue
[2026-09-03T22:26:02.298+0000] {logging_mixin.py:188} INFO - [2026-09-03T22:26:02.297+0000] {dagbag.py:538} INFO - Filling up the DagBag from /opt/airflow/dags/spark_pipeline_dag.py
[2026-09-03T22:26:02.323+0000] {processor.py:840} INFO - DAG(s) 'air_quality_pipeline' retrieved from /opt/airflow/dags/spark_pipeline_dag.py
[2026-09-03T22:26:02.341+0000] {logging_mixin.py:188} INFO - [2026-09-03T22:26:02.341+0000] {dag.py:3036} INFO - Sync 1 DAGs
[2026-09-03T22:26:02.359+0000] {logging_mixin.py:188} INFO - [2026-09-03T22:26:02.358+0000] {dag.py:3823} INFO - Setting next_dagrun for air_quality_pipeline to 2026-09-03 22:05:00+00:00, run_after=2026-09-03 23:05:00+00:00
[2026-09-03T22:26:02.379+0000] {processor.py:183} INFO - Processing /opt/airflow/dags/spark_pipeline_dag.py took 0.086 seconds
[2026-09-03T22:26:32.745+0000] {processor.py:161} INFO - Started process (PID=52230) to work on /opt/airflow/dags/spark_pipeline_dag.py
[2026-09-03T22:26:32.746+0000] {processor.py:830} INFO - Processing file /opt/airflow/dags/spark_pipeline_dag.py for tasks to queue
[2026-09-03T22:26:32.747+0000] {logging_mixin.py:188} INFO - [2026-09-03T22:26:32.747+0000] {dagbag.py:538} INFO - Filling up the DagBag from /opt/airflow/dags/spark_pipeline_dag.py
[2026-09-03T22:26:32.770+0000] {processor.py:840} INFO - DAG(s) 'air_quality_pipeline' retrieved from /opt/airflow/dags/spark_pipeline_dag.py
[2026-09-03T22:26:32.792+0000] {logging_mixin.py:188} INFO - [2026-09-03T22:26:32.792+0000] {dag.py:3036} INFO - Sync 1 DAGs
[2026-09-03T22:26:32.815+0000] {logging_mixin.py:188} INFO - [2026-09-03T22:26:32.815+0000] {dag.py:3823} INFO - Setting next_dagrun for air_quality_pipeline to 2026-09-03 22:05:00+00:00, run_after=2026-09-03 23:05:00+00:00
[2026-09-03T22:26:32.838+0000] {processor.py:183} INFO - Processing /opt/airflow/dags/spark_pipeline_dag.py took 0.095 seconds
[2026-09-03T22:27:03.256+0000] {processor.py:161} INFO - Started process (PID=52240) to work on /opt/airflow/dags/spark_pipeline_dag.py
[2026-09-03T22:27:03.257+0000] {processor.py:830} INFO - Processing file /opt/airflow/dags/spark_pipeline_dag.py for tasks to queue
[2026-09-03T22:27:03.258+0000] {logging_mixin.py:188} INFO - [2026-09-03T22:27:03.258+0000] {dagbag.py:538} INFO - Filling up the DagBag from /opt/airflow/dags/spark_pipeline_dag.py
[2026-09-03T22:27:03.279+0000] {processor.py:840} INFO - DAG(s) 'air_quality_pipeline' retrieved from /opt/airflow/dags/spark_pipeline_dag.py
[2026-09-03T22:27:03.297+0000] {logging_mixin.py:188} INFO - [2026-09-03T22:27:03.297+0000] {dag.py:3036} INFO - Sync 1 DAGs
[2026-09-03T22:27:03.319+0000] {logging_mixin.py:188} INFO - [2026-09-03T22:27:03.319+0000] {dag.py:3823} INFO - Setting next_dagrun for air_quality_pipeline to 2026-09-03 22:05:00+00:00, run_after=2026-09-03 23:05:00+00:00
[2026-09-03T22:27:03.339+0000] {processor.py:183} INFO - Processing /opt/airflow/dags/spark_pipeline_dag.py took 0.086 seconds
[2026-09-03T22:27:33.784+0000] {processor.py:161} INFO - Started process (PID=52250) to work on /opt/airflow/dags/spark_pipeline_dag.py
[2026-09-03T22:27:33.785+0000] {processor.py:830} INFO - Processing file /opt/airflow/dags/spark_pipeline_dag.py for tasks to queue
[2026-09-03T22:27:33.786+0000] {logging_mixin.py:188} INFO - [2026-09-03T22:27:33.786+0000] {dagbag.py:538} INFO - Filling up the DagBag from /opt/airflow/dags/spark_pipeline_dag.py
[2026-09-03T22:27:33.809+0000] {processor.py:840} INFO - DAG(s) 'air_quality_pipeline' retrieved from /opt/airflow/dags/spark_pipeline_dag.py
[2026-09-03T22:27:33.826+0000] {logging_mixin.py:188} INFO - [2026-09-03T22:27:33.826+0000] {dag.py:3036} INFO - Sync 1 DAGs
[2026-09-03T22:27:33.845+0000] {logging_mixin.py:188} INFO - [2026-09-03T22:27:33.845+0000] {dag.py:3823} INFO - Setting next_dagrun for air_quality_pipeline to 2026-09-03 22:05:00+00:00, run_after=2026-09-03 23:05:00+00:00
[2026-09-03T22:27:33.872+0000] {processor.py:183} INFO - Processing /opt/airflow/dags/spark_pipeline_dag.py took 0.090 seconds
[2026-09-03T22:28:04.329+0000] {processor.py:161} INFO - Started process (PID=52260) to work on /opt/airflow/dags/spark_pipeline_dag.py
[2026-09-03T22:28:04.330+0000] {processor.py:830} INFO - Processing file /opt/airflow/dags/spark_pipeline_dag.py for tasks to queue
[2026-09-03T22:28:04.331+0000] {logging_mixin.py:188} INFO - [2026-09-03T22:28:04.330+0000] {dagbag.py:538} INFO - Filling up the DagBag from /opt/airflow/dags/spark_pipeline_dag.py
[2026-09-03T22:28:04.359+0000] {processor.py:840} INFO - DAG(s) 'air_quality_pipeline' retrieved from /opt/airflow/dags/spark_pipeline_dag.py
[2026-09-03T22:28:04.381+0000] {logging_mixin.py:188} INFO - [2026-09-03T22:28:04.380+0000] {dag.py:3036} INFO - Sync 1 DAGs
[2026-09-03T22:28:04.399+0000] {logging_mixin.py:188} INFO - [2026-09-03T22:28:04.399+0000] {dag.py:3823} INFO - Setting next_dagrun for air_quality_pipeline to 2026-09-03 22:05:00+00:00, run_after=2026-09-03 23:05:00+00:00
[2026-09-03T22:28:04.417+0000] {processor.py:183} INFO - Processing /opt/airflow/dags/spark_pipeline_dag.py took 0.091 seconds
[2026-09-03T22:28:34.811+0000] {processor.py:161} INFO - Started process (PID=52270) to work on /opt/airflow/dags/spark_pipeline_dag.py
[2026-09-03T22:28:34.812+0000] {processor.py:830} INFO - Processing file /opt/airflow/dags/spark_pipeline_dag.py for tasks to queue
[2026-09-03T22:28:34.813+0000] {logging_mixin.py:188} INFO - [2026-09-03T22:28:34.813+0000] {dagbag.py:538} INFO - Filling up the DagBag from /opt/airflow/dags/spark_pipeline_dag.py
[2026-09-03T22:28:34.840+0000] {processor.py:840} INFO - DAG(s) 'air_quality_pipeline' retrieved from /opt/airflow/dags/spark_pipeline_dag.py
[2026-09-03T22:28:34.861+0000] {logging_mixin.py:188} INFO - [2026-09-03T22:28:34.861+0000] {dag.py:3036} INFO - Sync 1 DAGs
[2026-09-03T22:28:34.885+0000] {logging_mixin.py:188} INFO - [2026-09-03T22:28:34.885+0000] {dag.py:3823} INFO - Setting next_dagrun for air_quality_pipeline to 2026-09-03 22:05:00+00:00, run_after=2026-09-03 23:05:00+00:00
[2026-09-03T22:28:34.905+0000] {processor.py:183} INFO - Processing /opt/airflow/dags/spark_pipeline_dag.py took 0.098 seconds
[2026-09-03T22:29:05.315+0000] {processor.py:161} INFO - Started process (PID=52280) to work on /opt/airflow/dags/spark_pipeline_dag.py
[2026-09-03T22:29:05.316+0000] {processor.py:830} INFO - Processing file /opt/airflow/dags/spark_pipeline_dag.py for tasks to queue
[2026-09-03T22:29:05.317+0000] {logging_mixin.py:188} INFO - [2026-09-03T22:29:05.317+0000] {dagbag.py:538} INFO - Filling up the DagBag from /opt/airflow/dags/spark_pipeline_dag.py
[2026-09-03T22:29:05.341+0000] {processor.py:840} INFO - DAG(s) 'air_quality_pipeline' retrieved from /opt/airflow/dags/spark_pipeline_dag.py
[2026-09-03T22:29:05.359+0000] {logging_mixin.py:188} INFO - [2026-09-03T22:29:05.359+0000] {dag.py:3036} INFO - Sync 1 DAGs
[2026-09-03T22:29:05.379+0000] {logging_mixin.py:188} INFO - [2026-09-03T22:29:05.379+0000] {dag.py:3823} INFO - Setting next_dagrun for air_quality_pipeline to 2026-09-03 22:05:00+00:00, run_after=2026-09-03 23:05:00+00:00
[2026-09-03T22:29:05.398+0000] {processor.py:183} INFO - Processing /opt/airflow/dags/spark_pipeline_dag.py took 0.086 seconds
[2026-09-03T22:29:35.887+0000] {processor.py:161} INFO - Started process (PID=52290) to work on /opt/airflow/dags/spark_pipeline_dag.py
[2026-09-03T22:29:35.888+0000] {processor.py:830} INFO - Processing file /opt/airflow/dags/spark_pipeline_dag.py for tasks to queue
[2026-09-03T22:29:35.889+0000] {logging_mixin.py:188} INFO - [2026-09-03T22:29:35.889+0000] {dagbag.py:538} INFO - Filling up the DagBag from /opt/airflow/dags/spark_pipeline_dag.py
[2026-09-03T22:29:35.909+0000] {processor.py:840} INFO - DAG(s) 'air_quality_pipeline' retrieved from /opt/airflow/dags/spark_pipeline_dag.py
[2026-09-03T22:29:35.927+0000] {logging_mixin.py:188} INFO - [2026-09-03T22:29:35.927+0000] {dag.py:3036} INFO - Sync 1 DAGs
[2026-09-03T22:29:35.946+0000] {logging_mixin.py:188} INFO - [2026-09-03T22:29:35.946+0000] {dag.py:3823} INFO - Setting next_dagrun for air_quality_pipeline to 2026-09-03 22:05:00+00:00, run_after=2026-09-03 23:05:00+00:00
[2026-09-03T22:29:35.963+0000] {processor.py:183} INFO - Processing /opt/airflow/dags/spark_pipeline_dag.py took 0.078 seconds
[2026-09-03T22:30:06.374+0000] {processor.py:161} INFO - Started process (PID=52300) to work on /opt/airflow/dags/spark_pipeline_dag.py
[2026-09-03T22:30:06.375+0000] {processor.py:830} INFO - Processing file /opt/airflow/dags/spark_pipeline_dag.py for tasks to queue
[2026-09-03T22:30:06.376+0000] {logging_mixin.py:188} INFO - [2026-09-03T22:30:06.376+0000] {dagbag.py:538} INFO - Filling up the DagBag from /opt/airflow/dags/spark_pipeline_dag.py
[2026-09-03T22:30:06.394+0000] {processor.py:840} INFO - DAG(s) 'air_quality_pipeline' retrieved from /opt/airflow/dags/spark_pipeline_dag.py
[2026-09-03T22:30:06.412+0000] {logging_mixin.py:188} INFO - [2026-09-03T22:30:06.412+0000] {dag.py:3036} INFO - Sync 1 DAGs
[2026-09-03T22:30:06.432+0000] {logging_mixin.py:188} INFO - [2026-09-03T22:30:06.432+0000] {dag.py:3823} INFO - Setting next_dagrun for air_quality_pipeline to 2026-09-03 22:05:00+00:00, run_after=2026-09-03 23:05:00+00:00
[2026-09-03T22:30:06.454+0000] {processor.py:183} INFO - Processing /opt/airflow/dags/spark_pipeline_dag.py took 0.083 seconds
[2026-09-03T22:30:36.856+0000] {processor.py:161} INFO - Started process (PID=52310) to work on /opt/airflow/dags/spark_pipeline_dag.py
[2026-09-03T22:30:36.858+0000] {processor.py:830} INFO - Processing file /opt/airflow/dags/spark_pipeline_dag.py for tasks to queue
[2026-09-03T22:30:36.858+0000] {logging_mixin.py:188} INFO - [2026-09-03T22:30:36.858+0000] {dagbag.py:538} INFO - Filling up the DagBag from /opt/airflow/dags/spark_pipeline_dag.py
[2026-09-03T22:30:36.878+0000] {processor.py:840} INFO - DAG(s) 'air_quality_pipeline' retrieved from /opt/airflow/dags/spark_pipeline_dag.py
[2026-09-03T22:30:36.901+0000] {logging_mixin.py:188} INFO - [2026-09-03T22:30:36.901+0000] {dag.py:3036} INFO - Sync 1 DAGs
[2026-09-03T22:30:36.921+0000] {logging_mixin.py:188} INFO - [2026-09-03T22:30:36.921+0000] {dag.py:3823} INFO - Setting next_dagrun for air_quality_pipeline to 2026-09-03 22:05:00+00:00, run_after=2026-09-03 23:05:00+00:00
[2026-09-03T22:30:36.941+0000] {processor.py:183} INFO - Processing /opt/airflow/dags/spark_pipeline_dag.py took 0.087 seconds
[2026-09-03T22:31:07.405+0000] {processor.py:161} INFO - Started process (PID=52320) to work on /opt/airflow/dags/spark_pipeline_dag.py
[2026-09-03T22:31:07.407+0000] {processor.py:830} INFO - Processing file /opt/airflow/dags/spark_pipeline_dag.py for tasks to queue
[2026-09-03T22:31:07.408+0000] {logging_mixin.py:188} INFO - [2026-09-03T22:31:07.408+0000] {dagbag.py:538} INFO - Filling up the DagBag from /opt/airflow/dags/spark_pipeline_dag.py
[2026-09-03T22:31:07.427+0000] {processor.py:840} INFO - DAG(s) 'air_quality_pipeline' retrieved from /opt/airflow/dags/spark_pipeline_dag.py
[2026-09-03T22:31:07.445+0000] {logging_mixin.py:188} INFO - [2026-09-03T22:31:07.445+0000] {dag.py:3036} INFO - Sync 1 DAGs
[2026-09-03T22:31:07.466+0000] {logging_mixin.py:188} INFO - [2026-09-03T22:31:07.465+0000] {dag.py:3823} INFO - Setting next_dagrun for air_quality_pipeline to 2026-09-03 22:05:00+00:00, run_after=2026-09-03 23:05:00+00:00
[2026-09-03T22:31:07.526+0000] {processor.py:183} INFO - Processing /opt/airflow/dags/spark_pipeline_dag.py took 0.124 seconds
[2026-09-03T22:31:37.907+0000] {processor.py:161} INFO - Started process (PID=52330) to work on /opt/airflow/dags/spark_pipeline_dag.py
[2026-09-03T22:31:37.909+0000] {processor.py:830} INFO - Processing file /opt/airflow/dags/spark_pipeline_dag.py for tasks to queue
[2026-09-03T22:31:37.910+0000] {logging_mixin.py:188} INFO - [2026-09-03T22:31:37.909+0000] {dagbag.py:538} INFO - Filling up the DagBag from /opt/airflow/dags/spark_pipeline_dag.py
[2026-09-03T22:31:37.939+0000] {processor.py:840} INFO - DAG(s) 'air_quality_pipeline' retrieved from /opt/airflow/dags/spark_pipeline_dag.py
[2026-09-03T22:31:37.962+0000] {logging_mixin.py:188} INFO - [2026-09-03T22:31:37.961+0000] {dag.py:3036} INFO - Sync 1 DAGs
[2026-09-03T22:31:37.982+0000] {logging_mixin.py:188} INFO - [2026-09-03T22:31:37.982+0000] {dag.py:3823} INFO - Setting next_dagrun for air_quality_pipeline to 2026-09-03 22:05:00+00:00, run_after=2026-09-03 23:05:00+00:00
[2026-09-03T22:31:38.000+0000] {processor.py:183} INFO - Processing /opt/airflow/dags/spark_pipeline_dag.py took 0.096 seconds
[2026-09-03T22:32:08.338+0000] {processor.py:161} INFO - Started process (PID=52340) to work on /opt/airflow/dags/spark_pipeline_dag.py
[2026-09-03T22:32:08.339+0000] {processor.py:830} INFO - Processing file /opt/airflow/dags/spark_pipeline_dag.py for tasks to queue
[2026-09-03T22:32:08.341+0000] {logging_mixin.py:188} INFO - [2026-09-03T22:32:08.340+0000] {dagbag.py:538} INFO - Filling up the DagBag from /opt/airflow/dags/spark_pipeline_dag.py
[2026-09-03T22:32:08.422+0000] {processor.py:840} INFO - DAG(s) 'air_quality_pipeline' retrieved from /opt/airflow/dags/spark_pipeline_dag.py
[2026-09-03T22:32:08.443+0000] {logging_mixin.py:188} INFO - [2026-09-03T22:32:08.442+0000] {dag.py:3036} INFO - Sync 1 DAGs
[2026-09-03T22:32:08.465+0000] {logging_mixin.py:188} INFO - [2026-09-03T22:32:08.465+0000] {dag.py:3823} INFO - Setting next_dagrun for air_quality_pipeline to 2026-09-03 22:05:00+00:00, run_after=2026-09-03 23:05:00+00:00
[2026-09-03T22:32:08.485+0000] {processor.py:183} INFO - Processing /opt/airflow/dags/spark_pipeline_dag.py took 0.150 seconds
[2026-09-03T22:32:38.872+0000] {processor.py:161} INFO - Started process (PID=52350) to work on /opt/airflow/dags/spark_pipeline_dag.py
[2026-09-03T22:32:38.873+0000] {processor.py:830} INFO - Processing file /opt/airflow/dags/spark_pipeline_dag.py for tasks to queue
[2026-09-03T22:32:38.874+0000] {logging_mixin.py:188} INFO - [2026-09-03T22:32:38.874+0000] {dagbag.py:538} INFO - Filling up the DagBag from /opt/airflow/dags/spark_pipeline_dag.py
[2026-09-03T22:32:38.899+0000] {processor.py:840} INFO - DAG(s) 'air_quality_pipeline' retrieved from /opt/airflow/dags/spark_pipeline_dag.py
[2026-09-03T22:32:38.920+0000] {logging_mixin.py:188} INFO - [2026-09-03T22:32:38.920+0000] {dag.py:3036} INFO - Sync 1 DAGs
[2026-09-03T22:32:38.943+0000] {logging_mixin.py:188} INFO - [2026-09-03T22:32:38.943+0000] {dag.py:3823} INFO - Setting next_dagrun for air_quality_pipeline to 2026-09-03 22:05:00+00:00, run_after=2026-09-03 23:05:00+00:00
[2026-09-03T22:32:38.966+0000] {processor.py:183} INFO - Processing /opt/airflow/dags/spark_pipeline_dag.py took 0.097 seconds
[2026-09-03T22:33:09.472+0000] {processor.py:161} INFO - Started process (PID=52360) to work on /opt/airflow/dags/spark_pipeline_dag.py
[2026-09-03T22:33:09.473+0000] {processor.py:830} INFO - Processing file /opt/airflow/dags/spark_pipeline_dag.py for tasks to queue
[2026-09-03T22:33:09.474+0000] {logging_mixin.py:188} INFO - [2026-09-03T22:33:09.474+0000] {dagbag.py:538} INFO - Filling up the DagBag from /opt/airflow/dags/spark_pipeline_dag.py
[2026-09-03T22:33:09.494+0000] {processor.py:840} INFO - DAG(s) 'air_quality_pipeline' retrieved from /opt/airflow/dags/spark_pipeline_dag.py
[2026-09-03T22:33:09.511+0000] {logging_mixin.py:188} INFO - [2026-09-03T22:33:09.511+0000] {dag.py:3036} INFO - Sync 1 DAGs
[2026-09-03T22:33:09.527+0000] {logging_mixin.py:188} INFO - [2026-09-03T22:33:09.527+0000] {dag.py:3823} INFO - Setting next_dagrun for air_quality_pipeline to 2026-09-03 22:05:00+00:00, run_after=2026-09-03 23:05:00+00:00
[2026-09-03T22:33:09.547+0000] {processor.py:183} INFO - Processing /opt/airflow/dags/spark_pipeline_dag.py took 0.077 seconds
[2026-09-03T22:33:40.041+0000] {processor.py:161} INFO - Started process (PID=52370) to work on /opt/airflow/dags/spark_pipeline_dag.py
[2026-09-03T22:33:40.042+0000] {processor.py:830} INFO - Processing file /opt/airflow/dags/spark_pipeline_dag.py for tasks to queue
[2026-09-03T22:33:40.043+0000] {logging_mixin.py:188} INFO - [2026-09-03T22:33:40.043+0000] {dagbag.py:538} INFO - Filling up the DagBag from /opt/airflow/dags/spark_pipeline_dag.py
[2026-09-03T22:33:40.069+0000] {processor.py:840} INFO - DAG(s) 'air_quality_pipeline' retrieved from /opt/airflow/dags/spark_pipeline_dag.py
[2026-09-03T22:33:40.088+0000] {logging_mixin.py:188} INFO - [2026-09-03T22:33:40.088+0000] {dag.py:3036} INFO - Sync 1 DAGs
[2026-09-03T22:33:40.108+0000] {logging_mixin.py:188} INFO - [2026-09-03T22:33:40.107+0000] {dag.py:3823} INFO - Setting next_dagrun for air_quality_pipeline to 2026-09-03 22:05:00+00:00, run_after=2026-09-03 23:05:00+00:00
[2026-09-03T22:33:40.127+0000] {processor.py:183} INFO - Processing /opt/airflow/dags/spark_pipeline_dag.py took 0.090 seconds
[2026-09-03T22:34:10.519+0000] {processor.py:161} INFO - Started process (PID=52380) to work on /opt/airflow/dags/spark_pipeline_dag.py
[2026-09-03T22:34:10.521+0000] {processor.py:830} INFO - Processing file /opt/airflow/dags/spark_pipeline_dag.py for tasks to queue
[2026-09-03T22:34:10.522+0000] {logging_mixin.py:188} INFO - [2026-09-03T22:34:10.521+0000] {dagbag.py:538} INFO - Filling up the DagBag from /opt/airflow/dags/spark_pipeline_dag.py
[2026-09-03T22:34:10.545+0000] {processor.py:840} INFO - DAG(s) 'air_quality_pipeline' retrieved from /opt/airflow/dags/spark_pipeline_dag.py
[2026-09-03T22:34:10.566+0000] {logging_mixin.py:188} INFO - [2026-09-03T22:34:10.566+0000] {dag.py:3036} INFO - Sync 1 DAGs
[2026-09-03T22:34:10.589+0000] {logging_mixin.py:188} INFO - [2026-09-03T22:34:10.589+0000] {dag.py:3823} INFO - Setting next_dagrun for air_quality_pipeline to 2026-09-03 22:05:00+00:00, run_after=2026-09-03 23:05:00+00:00
[2026-09-03T22:34:10.609+0000] {processor.py:183} INFO - Processing /opt/airflow/dags/spark_pipeline_dag.py took 0.092 seconds
[2026-09-03T22:34:41.084+0000] {processor.py:161} INFO - Started process (PID=52390) to work on /opt/airflow/dags/spark_pipeline_dag.py
[2026-09-03T22:34:41.085+0000] {processor.py:830} INFO - Processing file /opt/airflow/dags/spark_pipeline_dag.py for tasks to queue
[2026-09-03T22:34:41.086+0000] {logging_mixin.py:188} INFO - [2026-09-03T22:34:41.086+0000] {dagbag.py:538} INFO - Filling up the DagBag from /opt/airflow/dags/spark_pipeline_dag.py
[2026-09-03T22:34:41.106+0000] {processor.py:840} INFO - DAG(s) 'air_quality_pipeline' retrieved from /opt/airflow/dags/spark_pipeline_dag.py
[2026-09-03T22:34:41.125+0000] {logging_mixin.py:188} INFO - [2026-09-03T22:34:41.125+0000] {dag.py:3036} INFO - Sync 1 DAGs
[2026-09-03T22:34:41.147+0000] {logging_mixin.py:188} INFO - [2026-09-03T22:34:41.147+0000] {dag.py:3823} INFO - Setting next_dagrun for air_quality_pipeline to 2026-09-03 22:05:00+00:00, run_after=2026-09-03 23:05:00+00:00
[2026-09-03T22:34:41.170+0000] {processor.py:183} INFO - Processing /opt/airflow/dags/spark_pipeline_dag.py took 0.089 seconds
[2026-09-03T22:35:11.588+0000] {processor.py:161} INFO - Started process (PID=52400) to work on /opt/airflow/dags/spark_pipeline_dag.py
[2026-09-03T22:35:11.590+0000] {processor.py:830} INFO - Processing file /opt/airflow/dags/spark_pipeline_dag.py for tasks to queue
[2026-09-03T22:35:11.591+0000] {logging_mixin.py:188} INFO - [2026-09-03T22:35:11.590+0000] {dagbag.py:538} INFO - Filling up the DagBag from /opt/airflow/dags/spark_pipeline_dag.py
[2026-09-03T22:35:11.616+0000] {processor.py:840} INFO - DAG(s) 'air_quality_pipeline' retrieved from /opt/airflow/dags/spark_pipeline_dag.py
[2026-09-03T22:35:11.636+0000] {logging_mixin.py:188} INFO - [2026-09-03T22:35:11.635+0000] {dag.py:3036} INFO - Sync 1 DAGs
[2026-09-03T22:35:11.658+0000] {logging_mixin.py:188} INFO - [2026-09-03T22:35:11.658+0000] {dag.py:3823} INFO - Setting next_dagrun for air_quality_pipeline to 2026-09-03 22:05:00+00:00, run_after=2026-09-03 23:05:00+00:00
[2026-09-03T22:35:11.678+0000] {processor.py:183} INFO - Processing /opt/airflow/dags/spark_pipeline_dag.py took 0.093 seconds
[2026-09-03T22:35:42.135+0000] {processor.py:161} INFO - Started process (PID=52410) to work on /opt/airflow/dags/spark_pipeline_dag.py
[2026-09-03T22:35:42.137+0000] {processor.py:830} INFO - Processing file /opt/airflow/dags/spark_pipeline_dag.py for tasks to queue
[2026-09-03T22:35:42.139+0000] {logging_mixin.py:188} INFO - [2026-09-03T22:35:42.139+0000] {dagbag.py:538} INFO - Filling up the DagBag from /opt/airflow/dags/spark_pipeline_dag.py
[2026-09-03T22:35:42.161+0000] {processor.py:840} INFO - DAG(s) 'air_quality_pipeline' retrieved from /opt/airflow/dags/spark_pipeline_dag.py
[2026-09-03T22:35:42.179+0000] {logging_mixin.py:188} INFO - [2026-09-03T22:35:42.179+0000] {dag.py:3036} INFO - Sync 1 DAGs
[2026-09-03T22:35:42.200+0000] {logging_mixin.py:188} INFO - [2026-09-03T22:35:42.200+0000] {dag.py:3823} INFO - Setting next_dagrun for air_quality_pipeline to 2026-09-03 22:05:00+00:00, run_after=2026-09-03 23:05:00+00:00
[2026-09-03T22:35:42.219+0000] {processor.py:183} INFO - Processing /opt/airflow/dags/spark_pipeline_dag.py took 0.086 seconds
[2026-09-03T22:36:12.644+0000] {processor.py:161} INFO - Started process (PID=52420) to work on /opt/airflow/dags/spark_pipeline_dag.py
[2026-09-03T22:36:12.645+0000] {processor.py:830} INFO - Processing file /opt/airflow/dags/spark_pipeline_dag.py for tasks to queue
[2026-09-03T22:36:12.646+0000] {logging_mixin.py:188} INFO - [2026-09-03T22:36:12.646+0000] {dagbag.py:538} INFO - Filling up the DagBag from /opt/airflow/dags/spark_pipeline_dag.py
[2026-09-03T22:36:12.665+0000] {processor.py:840} INFO - DAG(s) 'air_quality_pipeline' retrieved from /opt/airflow/dags/spark_pipeline_dag.py
[2026-09-03T22:36:12.683+0000] {logging_mixin.py:188} INFO - [2026-09-03T22:36:12.683+0000] {dag.py:3036} INFO - Sync 1 DAGs
[2026-09-03T22:36:12.701+0000] {logging_mixin.py:188} INFO - [2026-09-03T22:36:12.701+0000] {dag.py:3823} INFO - Setting next_dagrun for air_quality_pipeline to 2026-09-03 22:05:00+00:00, run_after=2026-09-03 23:05:00+00:00
[2026-09-03T22:36:12.718+0000] {processor.py:183} INFO - Processing /opt/airflow/dags/spark_pipeline_dag.py took 0.076 seconds
[2026-09-03T22:36:43.126+0000] {processor.py:161} INFO - Started process (PID=52430) to work on /opt/airflow/dags/spark_pipeline_dag.py
[2026-09-03T22:36:43.127+0000] {processor.py:830} INFO - Processing file /opt/airflow/dags/spark_pipeline_dag.py for tasks to queue
[2026-09-03T22:36:43.128+0000] {logging_mixin.py:188} INFO - [2026-09-03T22:36:43.127+0000] {dagbag.py:538} INFO - Filling up the DagBag from /opt/airflow/dags/spark_pipeline_dag.py
[2026-09-03T22:36:43.154+0000] {processor.py:840} INFO - DAG(s) 'air_quality_pipeline' retrieved from /opt/airflow/dags/spark_pipeline_dag.py
[2026-09-03T22:36:43.177+0000] {logging_mixin.py:188} INFO - [2026-09-03T22:36:43.176+0000] {dag.py:3036} INFO - Sync 1 DAGs
[2026-09-03T22:36:43.196+0000] {logging_mixin.py:188} INFO - [2026-09-03T22:36:43.196+0000] {dag.py:3823} INFO - Setting next_dagrun for air_quality_pipeline to 2026-09-03 22:05:00+00:00, run_after=2026-09-03 23:05:00+00:00
[2026-09-03T22:36:43.216+0000] {processor.py:183} INFO - Processing /opt/airflow/dags/spark_pipeline_dag.py took 0.093 seconds
[2026-09-03T22:37:13.540+0000] {processor.py:161} INFO - Started process (PID=52440) to work on /opt/airflow/dags/spark_pipeline_dag.py
[2026-09-03T22:37:13.542+0000] {processor.py:830} INFO - Processing file /opt/airflow/dags/spark_pipeline_dag.py for tasks to queue
[2026-09-03T22:37:13.543+0000] {logging_mixin.py:188} INFO - [2026-09-03T22:37:13.543+0000] {dagbag.py:538} INFO - Filling up the DagBag from /opt/airflow/dags/spark_pipeline_dag.py
[2026-09-03T22:37:13.569+0000] {processor.py:840} INFO - DAG(s) 'air_quality_pipeline' retrieved from /opt/airflow/dags/spark_pipeline_dag.py
[2026-09-03T22:37:13.590+0000] {logging_mixin.py:188} INFO - [2026-09-03T22:37:13.590+0000] {dag.py:3036} INFO - Sync 1 DAGs
[2026-09-03T22:37:13.614+0000] {logging_mixin.py:188} INFO - [2026-09-03T22:37:13.614+0000] {dag.py:3823} INFO - Setting next_dagrun for air_quality_pipeline to 2026-09-03 22:05:00+00:00, run_after=2026-09-03 23:05:00+00:00
[2026-09-03T22:37:13.638+0000] {processor.py:183} INFO - Processing /opt/airflow/dags/spark_pipeline_dag.py took 0.101 seconds
[2026-09-03T22:37:44.028+0000] {processor.py:161} INFO - Started process (PID=52450) to work on /opt/airflow/dags/spark_pipeline_dag.py
[2026-09-03T22:37:44.030+0000] {processor.py:830} INFO - Processing file /opt/airflow/dags/spark_pipeline_dag.py for tasks to queue
[2026-09-03T22:37:44.031+0000] {logging_mixin.py:188} INFO - [2026-09-03T22:37:44.031+0000] {dagbag.py:538} INFO - Filling up the DagBag from /opt/airflow/dags/spark_pipeline_dag.py
[2026-09-03T22:37:44.051+0000] {processor.py:840} INFO - DAG(s) 'air_quality_pipeline' retrieved from /opt/airflow/dags/spark_pipeline_dag.py
[2026-09-03T22:37:44.071+0000] {logging_mixin.py:188} INFO - [2026-09-03T22:37:44.070+0000] {dag.py:3036} INFO - Sync 1 DAGs
[2026-09-03T22:37:44.090+0000] {logging_mixin.py:188} INFO - [2026-09-03T22:37:44.090+0000] {dag.py:3823} INFO - Setting next_dagrun for air_quality_pipeline to 2026-09-03 22:05:00+00:00, run_after=2026-09-03 23:05:00+00:00
[2026-09-03T22:37:44.108+0000] {processor.py:183} INFO - Processing /opt/airflow/dags/spark_pipeline_dag.py took 0.082 seconds
[2026-09-03T22:38:14.647+0000] {processor.py:161} INFO - Started process (PID=52460) to work on /opt/airflow/dags/spark_pipeline_dag.py
[2026-09-03T22:38:14.648+0000] {processor.py:830} INFO - Processing file /opt/airflow/dags/spark_pipeline_dag.py for tasks to queue
[2026-09-03T22:38:14.650+0000] {logging_mixin.py:188} INFO - [2026-09-03T22:38:14.649+0000] {dagbag.py:538} INFO - Filling up the DagBag from /opt/airflow/dags/spark_pipeline_dag.py
[2026-09-03T22:38:14.670+0000] {processor.py:840} INFO - DAG(s) 'air_quality_pipeline' retrieved from /opt/airflow/dags/spark_pipeline_dag.py
[2026-09-03T22:38:14.689+0000] {logging_mixin.py:188} INFO - [2026-09-03T22:38:14.688+0000] {dag.py:3036} INFO - Sync 1 DAGs
[2026-09-03T22:38:14.707+0000] {logging_mixin.py:188} INFO - [2026-09-03T22:38:14.707+0000] {dag.py:3823} INFO - Setting next_dagrun for air_quality_pipeline to 2026-09-03 22:05:00+00:00, run_after=2026-09-03 23:05:00+00:00
[2026-09-03T22:38:14.728+0000] {processor.py:183} INFO - Processing /opt/airflow/dags/spark_pipeline_dag.py took 0.084 seconds
[2026-09-03T22:38:45.254+0000] {processor.py:161} INFO - Started process (PID=52470) to work on /opt/airflow/dags/spark_pipeline_dag.py
[2026-09-03T22:38:45.255+0000] {processor.py:830} INFO - Processing file /opt/airflow/dags/spark_pipeline_dag.py for tasks to queue
[2026-09-03T22:38:45.256+0000] {logging_mixin.py:188} INFO - [2026-09-03T22:38:45.256+0000] {dagbag.py:538} INFO - Filling up the DagBag from /opt/airflow/dags/spark_pipeline_dag.py
[2026-09-03T22:38:45.278+0000] {processor.py:840} INFO - DAG(s) 'air_quality_pipeline' retrieved from /opt/airflow/dags/spark_pipeline_dag.py
[2026-09-03T22:38:45.297+0000] {logging_mixin.py:188} INFO - [2026-09-03T22:38:45.297+0000] {dag.py:3036} INFO - Sync 1 DAGs
[2026-09-03T22:38:45.315+0000] {logging_mixin.py:188} INFO - [2026-09-03T22:38:45.315+0000] {dag.py:3823} INFO - Setting next_dagrun for air_quality_pipeline to 2026-09-03 22:05:00+00:00, run_after=2026-09-03 23:05:00+00:00
[2026-09-03T22:38:45.335+0000] {processor.py:183} INFO - Processing /opt/airflow/dags/spark_pipeline_dag.py took 0.083 seconds
[2026-09-03T22:39:15.745+0000] {processor.py:161} INFO - Started process (PID=52480) to work on /opt/airflow/dags/spark_pipeline_dag.py
[2026-09-03T22:39:15.746+0000] {processor.py:830} INFO - Processing file /opt/airflow/dags/spark_pipeline_dag.py for tasks to queue
[2026-09-03T22:39:15.747+0000] {logging_mixin.py:188} INFO - [2026-09-03T22:39:15.747+0000] {dagbag.py:538} INFO - Filling up the DagBag from /opt/airflow/dags/spark_pipeline_dag.py
[2026-09-03T22:39:15.767+0000] {processor.py:840} INFO - DAG(s) 'air_quality_pipeline' retrieved from /opt/airflow/dags/spark_pipeline_dag.py
[2026-09-03T22:39:15.784+0000] {logging_mixin.py:188} INFO - [2026-09-03T22:39:15.784+0000] {dag.py:3036} INFO - Sync 1 DAGs
[2026-09-03T22:39:15.803+0000] {logging_mixin.py:188} INFO - [2026-09-03T22:39:15.803+0000] {dag.py:3823} INFO - Setting next_dagrun for air_quality_pipeline to 2026-09-03 22:05:00+00:00, run_after=2026-09-03 23:05:00+00:00
[2026-09-03T22:39:15.825+0000] {processor.py:183} INFO - Processing /opt/airflow/dags/spark_pipeline_dag.py took 0.082 seconds
[2026-09-03T22:39:46.210+0000] {processor.py:161} INFO - Started process (PID=52490) to work on /opt/airflow/dags/spark_pipeline_dag.py
[2026-09-03T22:39:46.212+0000] {processor.py:830} INFO - Processing file /opt/airflow/dags/spark_pipeline_dag.py for tasks to queue
[2026-09-03T22:39:46.213+0000] {logging_mixin.py:188} INFO - [2026-09-03T22:39:46.213+0000] {dagbag.py:538} INFO - Filling up the DagBag from /opt/airflow/dags/spark_pipeline_dag.py
[2026-09-03T22:39:46.236+0000] {processor.py:840} INFO - DAG(s) 'air_quality_pipeline' retrieved from /opt/airflow/dags/spark_pipeline_dag.py
[2026-09-03T22:39:46.258+0000] {logging_mixin.py:188} INFO - [2026-09-03T22:39:46.257+0000] {dag.py:3036} INFO - Sync 1 DAGs
[2026-09-03T22:39:46.278+0000] {logging_mixin.py:188} INFO - [2026-09-03T22:39:46.278+0000] {dag.py:3823} INFO - Setting next_dagrun for air_quality_pipeline to 2026-09-03 22:05:00+00:00, run_after=2026-09-03 23:05:00+00:00
[2026-09-03T22:39:46.296+0000] {processor.py:183} INFO - Processing /opt/airflow/dags/spark_pipeline_dag.py took 0.088 seconds
[2026-09-03T22:40:16.760+0000] {processor.py:161} INFO - Started process (PID=52500) to work on /opt/airflow/dags/spark_pipeline_dag.py
[2026-09-03T22:40:16.761+0000] {processor.py:830} INFO - Processing file /opt/airflow/dags/spark_pipeline_dag.py for tasks to queue
[2026-09-03T22:40:16.762+0000] {logging_mixin.py:188} INFO - [2026-09-03T22:40:16.762+0000] {dagbag.py:538} INFO - Filling up the DagBag from /opt/airflow/dags/spark_pipeline_dag.py
[2026-09-03T22:40:16.783+0000] {processor.py:840} INFO - DAG(s) 'air_quality_pipeline' retrieved from /opt/airflow/dags/spark_pipeline_dag.py
[2026-09-03T22:40:16.805+0000] {logging_mixin.py:188} INFO - [2026-09-03T22:40:16.805+0000] {dag.py:3036} INFO - Sync 1 DAGs
[2026-09-03T22:40:16.827+0000] {logging_mixin.py:188} INFO - [2026-09-03T22:40:16.827+0000] {dag.py:3823} INFO - Setting next_dagrun for air_quality_pipeline to 2026-09-03 22:05:00+00:00, run_after=2026-09-03 23:05:00+00:00
[2026-09-03T22:40:16.854+0000] {processor.py:183} INFO - Processing /opt/airflow/dags/spark_pipeline_dag.py took 0.097 seconds
[2026-09-03T22:40:47.203+0000] {processor.py:161} INFO - Started process (PID=52510) to work on /opt/airflow/dags/spark_pipeline_dag.py
[2026-09-03T22:40:47.204+0000] {processor.py:830} INFO - Processing file /opt/airflow/dags/spark_pipeline_dag.py for tasks to queue
[2026-09-03T22:40:47.204+0000] {logging_mixin.py:188} INFO - [2026-09-03T22:40:47.204+0000] {dagbag.py:538} INFO - Filling up the DagBag from /opt/airflow/dags/spark_pipeline_dag.py
[2026-09-03T22:40:47.227+0000] {processor.py:840} INFO - DAG(s) 'air_quality_pipeline' retrieved from /opt/airflow/dags/spark_pipeline_dag.py
[2026-09-03T22:40:47.246+0000] {logging_mixin.py:188} INFO - [2026-09-03T22:40:47.246+0000] {dag.py:3036} INFO - Sync 1 DAGs
[2026-09-03T22:40:47.265+0000] {logging_mixin.py:188} INFO - [2026-09-03T22:40:47.265+0000] {dag.py:3823} INFO - Setting next_dagrun for air_quality_pipeline to 2026-09-03 22:05:00+00:00, run_after=2026-09-03 23:05:00+00:00
[2026-09-03T22:40:47.282+0000] {processor.py:183} INFO - Processing /opt/airflow/dags/spark_pipeline_dag.py took 0.082 seconds
[2026-09-03T22:41:17.716+0000] {processor.py:161} INFO - Started process (PID=52520) to work on /opt/airflow/dags/spark_pipeline_dag.py
[2026-09-03T22:41:17.717+0000] {processor.py:830} INFO - Processing file /opt/airflow/dags/spark_pipeline_dag.py for tasks to queue
[2026-09-03T22:41:17.718+0000] {logging_mixin.py:188} INFO - [2026-09-03T22:41:17.718+0000] {dagbag.py:538} INFO - Filling up the DagBag from /opt/airflow/dags/spark_pipeline_dag.py
[2026-09-03T22:41:17.740+0000] {processor.py:840} INFO - DAG(s) 'air_quality_pipeline' retrieved from /opt/airflow/dags/spark_pipeline_dag.py
[2026-09-03T22:41:17.759+0000] {logging_mixin.py:188} INFO - [2026-09-03T22:41:17.759+0000] {dag.py:3036} INFO - Sync 1 DAGs
[2026-09-03T22:41:17.786+0000] {logging_mixin.py:188} INFO - [2026-09-03T22:41:17.786+0000] {dag.py:3823} INFO - Setting next_dagrun for air_quality_pipeline to 2026-09-03 22:05:00+00:00, run_after=2026-09-03 23:05:00+00:00
[2026-09-03T22:41:17.802+0000] {processor.py:183} INFO - Processing /opt/airflow/dags/spark_pipeline_dag.py took 0.089 seconds
[2026-09-03T22:41:48.144+0000] {processor.py:161} INFO - Started process (PID=52530) to work on /opt/airflow/dags/spark_pipeline_dag.py
[2026-09-03T22:41:48.145+0000] {processor.py:830} INFO - Processing file /opt/airflow/dags/spark_pipeline_dag.py for tasks to queue
[2026-09-03T22:41:48.146+0000] {logging_mixin.py:188} INFO - [2026-09-03T22:41:48.145+0000] {dagbag.py:538} INFO - Filling up the DagBag from /opt/airflow/dags/spark_pipeline_dag.py
[2026-09-03T22:41:48.166+0000] {processor.py:840} INFO - DAG(s) 'air_quality_pipeline' retrieved from /opt/airflow/dags/spark_pipeline_dag.py
[2026-09-03T22:41:48.185+0000] {logging_mixin.py:188} INFO - [2026-09-03T22:41:48.185+0000] {dag.py:3036} INFO - Sync 1 DAGs
[2026-09-03T22:41:48.206+0000] {logging_mixin.py:188} INFO - [2026-09-03T22:41:48.206+0000] {dag.py:3823} INFO - Setting next_dagrun for air_quality_pipeline to 2026-09-03 22:05:00+00:00, run_after=2026-09-03 23:05:00+00:00
[2026-09-03T22:41:48.226+0000] {processor.py:183} INFO - Processing /opt/airflow/dags/spark_pipeline_dag.py took 0.084 seconds
[2026-09-03T22:42:18.591+0000] {processor.py:161} INFO - Started process (PID=52540) to work on /opt/airflow/dags/spark_pipeline_dag.py
[2026-09-03T22:42:18.592+0000] {processor.py:830} INFO - Processing file /opt/airflow/dags/spark_pipeline_dag.py for tasks to queue
[2026-09-03T22:42:18.593+0000] {logging_mixin.py:188} INFO - [2026-09-03T22:42:18.593+0000] {dagbag.py:538} INFO - Filling up the DagBag from /opt/airflow/dags/spark_pipeline_dag.py
[2026-09-03T22:42:18.614+0000] {processor.py:840} INFO - DAG(s) 'air_quality_pipeline' retrieved from /opt/airflow/dags/spark_pipeline_dag.py
[2026-09-03T22:42:18.632+0000] {logging_mixin.py:188} INFO - [2026-09-03T22:42:18.632+0000] {dag.py:3036} INFO - Sync 1 DAGs
[2026-09-03T22:42:18.653+0000] {logging_mixin.py:188} INFO - [2026-09-03T22:42:18.653+0000] {dag.py:3823} INFO - Setting next_dagrun for air_quality_pipeline to 2026-09-03 22:05:00+00:00, run_after=2026-09-03 23:05:00+00:00
[2026-09-03T22:42:18.675+0000] {processor.py:183} INFO - Processing /opt/airflow/dags/spark_pipeline_dag.py took 0.087 seconds
[2026-09-03T22:42:49.054+0000] {processor.py:161} INFO - Started process (PID=52550) to work on /opt/airflow/dags/spark_pipeline_dag.py
[2026-09-03T22:42:49.055+0000] {processor.py:830} INFO - Processing file /opt/airflow/dags/spark_pipeline_dag.py for tasks to queue
[2026-09-03T22:42:49.056+0000] {logging_mixin.py:188} INFO - [2026-09-03T22:42:49.055+0000] {dagbag.py:538} INFO - Filling up the DagBag from /opt/airflow/dags/spark_pipeline_dag.py
[2026-09-03T22:42:49.072+0000] {processor.py:840} INFO - DAG(s) 'air_quality_pipeline' retrieved from /opt/airflow/dags/spark_pipeline_dag.py
[2026-09-03T22:42:49.095+0000] {logging_mixin.py:188} INFO - [2026-09-03T22:42:49.095+0000] {dag.py:3036} INFO - Sync 1 DAGs
[2026-09-03T22:42:49.115+0000] {logging_mixin.py:188} INFO - [2026-09-03T22:42:49.115+0000] {dag.py:3823} INFO - Setting next_dagrun for air_quality_pipeline to 2026-09-03 22:05:00+00:00, run_after=2026-09-03 23:05:00+00:00
[2026-09-03T22:42:49.132+0000] {processor.py:183} INFO - Processing /opt/airflow/dags/spark_pipeline_dag.py took 0.081 seconds
[2026-09-03T22:43:19.654+0000] {processor.py:161} INFO - Started process (PID=52560) to work on /opt/airflow/dags/spark_pipeline_dag.py
[2026-09-03T22:43:19.655+0000] {processor.py:830} INFO - Processing file /opt/airflow/dags/spark_pipeline_dag.py for tasks to queue
[2026-09-03T22:43:19.656+0000] {logging_mixin.py:188} INFO - [2026-09-03T22:43:19.656+0000] {dagbag.py:538} INFO - Filling up the DagBag from /opt/airflow/dags/spark_pipeline_dag.py
[2026-09-03T22:43:19.677+0000] {processor.py:840} INFO - DAG(s) 'air_quality_pipeline' retrieved from /opt/airflow/dags/spark_pipeline_dag.py
[2026-09-03T22:43:19.696+0000] {logging_mixin.py:188} INFO - [2026-09-03T22:43:19.696+0000] {dag.py:3036} INFO - Sync 1 DAGs
[2026-09-03T22:43:19.714+0000] {logging_mixin.py:188} INFO - [2026-09-03T22:43:19.713+0000] {dag.py:3823} INFO - Setting next_dagrun for air_quality_pipeline to 2026-09-03 22:05:00+00:00, run_after=2026-09-03 23:05:00+00:00
[2026-09-03T22:43:19.731+0000] {processor.py:183} INFO - Processing /opt/airflow/dags/spark_pipeline_dag.py took 0.080 seconds
[2026-09-03T22:43:50.181+0000] {processor.py:161} INFO - Started process (PID=52570) to work on /opt/airflow/dags/spark_pipeline_dag.py
[2026-09-03T22:43:50.182+0000] {processor.py:830} INFO - Processing file /opt/airflow/dags/spark_pipeline_dag.py for tasks to queue
[2026-09-03T22:43:50.183+0000] {logging_mixin.py:188} INFO - [2026-09-03T22:43:50.183+0000] {dagbag.py:538} INFO - Filling up the DagBag from /opt/airflow/dags/spark_pipeline_dag.py
[2026-09-03T22:43:50.207+0000] {processor.py:840} INFO - DAG(s) 'air_quality_pipeline' retrieved from /opt/airflow/dags/spark_pipeline_dag.py
[2026-09-03T22:43:50.226+0000] {logging_mixin.py:188} INFO - [2026-09-03T22:43:50.226+0000] {dag.py:3036} INFO - Sync 1 DAGs
[2026-09-03T22:43:50.247+0000] {logging_mixin.py:188} INFO - [2026-09-03T22:43:50.247+0000] {dag.py:3823} INFO - Setting next_dagrun for air_quality_pipeline to 2026-09-03 22:05:00+00:00, run_after=2026-09-03 23:05:00+00:00
[2026-09-03T22:43:50.268+0000] {processor.py:183} INFO - Processing /opt/airflow/dags/spark_pipeline_dag.py took 0.090 seconds
[2026-09-03T22:44:20.773+0000] {processor.py:161} INFO - Started process (PID=52580) to work on /opt/airflow/dags/spark_pipeline_dag.py
[2026-09-03T22:44:20.774+0000] {processor.py:830} INFO - Processing file /opt/airflow/dags/spark_pipeline_dag.py for tasks to queue
[2026-09-03T22:44:20.775+0000] {logging_mixin.py:188} INFO - [2026-09-03T22:44:20.775+0000] {dagbag.py:538} INFO - Filling up the DagBag from /opt/airflow/dags/spark_pipeline_dag.py
[2026-09-03T22:44:20.795+0000] {processor.py:840} INFO - DAG(s) 'air_quality_pipeline' retrieved from /opt/airflow/dags/spark_pipeline_dag.py
[2026-09-03T22:44:20.813+0000] {logging_mixin.py:188} INFO - [2026-09-03T22:44:20.813+0000] {dag.py:3036} INFO - Sync 1 DAGs
[2026-09-03T22:44:20.832+0000] {logging_mixin.py:188} INFO - [2026-09-03T22:44:20.832+0000] {dag.py:3823} INFO - Setting next_dagrun for air_quality_pipeline to 2026-09-03 22:05:00+00:00, run_after=2026-09-03 23:05:00+00:00
[2026-09-03T22:44:20.851+0000] {processor.py:183} INFO - Processing /opt/airflow/dags/spark_pipeline_dag.py took 0.081 seconds
[2026-09-03T22:44:51.342+0000] {processor.py:161} INFO - Started process (PID=52590) to work on /opt/airflow/dags/spark_pipeline_dag.py
[2026-09-03T22:44:51.344+0000] {processor.py:830} INFO - Processing file /opt/airflow/dags/spark_pipeline_dag.py for tasks to queue
[2026-09-03T22:44:51.345+0000] {logging_mixin.py:188} INFO - [2026-09-03T22:44:51.344+0000] {dagbag.py:538} INFO - Filling up the DagBag from /opt/airflow/dags/spark_pipeline_dag.py
[2026-09-03T22:44:51.368+0000] {processor.py:840} INFO - DAG(s) 'air_quality_pipeline' retrieved from /opt/airflow/dags/spark_pipeline_dag.py
[2026-09-03T22:44:51.391+0000] {logging_mixin.py:188} INFO - [2026-09-03T22:44:51.391+0000] {dag.py:3036} INFO - Sync 1 DAGs
[2026-09-03T22:44:51.416+0000] {logging_mixin.py:188} INFO - [2026-09-03T22:44:51.416+0000] {dag.py:3823} INFO - Setting next_dagrun for air_quality_pipeline to 2026-09-03 22:05:00+00:00, run_after=2026-09-03 23:05:00+00:00
[2026-09-03T22:44:51.433+0000] {processor.py:183} INFO - Processing /opt/airflow/dags/spark_pipeline_dag.py took 0.093 seconds
[2026-09-03T22:45:21.785+0000] {processor.py:161} INFO - Started process (PID=52600) to work on /opt/airflow/dags/spark_pipeline_dag.py
[2026-09-03T22:45:21.786+0000] {processor.py:830} INFO - Processing file /opt/airflow/dags/spark_pipeline_dag.py for tasks to queue
[2026-09-03T22:45:21.787+0000] {logging_mixin.py:188} INFO - [2026-09-03T22:45:21.787+0000] {dagbag.py:538} INFO - Filling up the DagBag from /opt/airflow/dags/spark_pipeline_dag.py
[2026-09-03T22:45:21.808+0000] {processor.py:840} INFO - DAG(s) 'air_quality_pipeline' retrieved from /opt/airflow/dags/spark_pipeline_dag.py
[2026-09-03T22:45:21.826+0000] {logging_mixin.py:188} INFO - [2026-09-03T22:45:21.826+0000] {dag.py:3036} INFO - Sync 1 DAGs
[2026-09-03T22:45:21.847+0000] {logging_mixin.py:188} INFO - [2026-09-03T22:45:21.847+0000] {dag.py:3823} INFO - Setting next_dagrun for air_quality_pipeline to 2026-09-03 22:05:00+00:00, run_after=2026-09-03 23:05:00+00:00
[2026-09-03T22:45:21.878+0000] {processor.py:183} INFO - Processing /opt/airflow/dags/spark_pipeline_dag.py took 0.095 seconds
[2026-09-03T22:45:52.359+0000] {processor.py:161} INFO - Started process (PID=52610) to work on /opt/airflow/dags/spark_pipeline_dag.py
[2026-09-03T22:45:52.361+0000] {processor.py:830} INFO - Processing file /opt/airflow/dags/spark_pipeline_dag.py for tasks to queue
[2026-09-03T22:45:52.362+0000] {logging_mixin.py:188} INFO - [2026-09-03T22:45:52.361+0000] {dagbag.py:538} INFO - Filling up the DagBag from /opt/airflow/dags/spark_pipeline_dag.py
[2026-09-03T22:45:52.387+0000] {processor.py:840} INFO - DAG(s) 'air_quality_pipeline' retrieved from /opt/airflow/dags/spark_pipeline_dag.py
[2026-09-03T22:45:52.407+0000] {logging_mixin.py:188} INFO - [2026-09-03T22:45:52.406+0000] {dag.py:3036} INFO - Sync 1 DAGs
[2026-09-03T22:45:52.428+0000] {logging_mixin.py:188} INFO - [2026-09-03T22:45:52.428+0000] {dag.py:3823} INFO - Setting next_dagrun for air_quality_pipeline to 2026-09-03 22:05:00+00:00, run_after=2026-09-03 23:05:00+00:00
[2026-09-03T22:45:52.448+0000] {processor.py:183} INFO - Processing /opt/airflow/dags/spark_pipeline_dag.py took 0.092 seconds
[2026-09-03T22:46:22.876+0000] {processor.py:161} INFO - Started process (PID=52620) to work on /opt/airflow/dags/spark_pipeline_dag.py
[2026-09-03T22:46:22.877+0000] {processor.py:830} INFO - Processing file /opt/airflow/dags/spark_pipeline_dag.py for tasks to queue
[2026-09-03T22:46:22.878+0000] {logging_mixin.py:188} INFO - [2026-09-03T22:46:22.878+0000] {dagbag.py:538} INFO - Filling up the DagBag from /opt/airflow/dags/spark_pipeline_dag.py
[2026-09-03T22:46:22.901+0000] {processor.py:840} INFO - DAG(s) 'air_quality_pipeline' retrieved from /opt/airflow/dags/spark_pipeline_dag.py
[2026-09-03T22:46:22.922+0000] {logging_mixin.py:188} INFO - [2026-09-03T22:46:22.922+0000] {dag.py:3036} INFO - Sync 1 DAGs
[2026-09-03T22:46:22.944+0000] {logging_mixin.py:188} INFO - [2026-09-03T22:46:22.944+0000] {dag.py:3823} INFO - Setting next_dagrun for air_quality_pipeline to 2026-09-03 22:05:00+00:00, run_after=2026-09-03 23:05:00+00:00
[2026-09-03T22:46:22.965+0000] {processor.py:183} INFO - Processing /opt/airflow/dags/spark_pipeline_dag.py took 0.092 seconds
[2026-09-03T22:46:53.499+0000] {processor.py:161} INFO - Started process (PID=52630) to work on /opt/airflow/dags/spark_pipeline_dag.py
[2026-09-03T22:46:53.500+0000] {processor.py:830} INFO - Processing file /opt/airflow/dags/spark_pipeline_dag.py for tasks to queue
[2026-09-03T22:46:53.501+0000] {logging_mixin.py:188} INFO - [2026-09-03T22:46:53.501+0000] {dagbag.py:538} INFO - Filling up the DagBag from /opt/airflow/dags/spark_pipeline_dag.py
[2026-09-03T22:46:53.517+0000] {processor.py:840} INFO - DAG(s) 'air_quality_pipeline' retrieved from /opt/airflow/dags/spark_pipeline_dag.py
[2026-09-03T22:46:53.535+0000] {logging_mixin.py:188} INFO - [2026-09-03T22:46:53.535+0000] {dag.py:3036} INFO - Sync 1 DAGs
[2026-09-03T22:46:53.556+0000] {logging_mixin.py:188} INFO - [2026-09-03T22:46:53.556+0000] {dag.py:3823} INFO - Setting next_dagrun for air_quality_pipeline to 2026-09-03 22:05:00+00:00, run_after=2026-09-03 23:05:00+00:00
[2026-09-03T22:46:53.573+0000] {processor.py:183} INFO - Processing /opt/airflow/dags/spark_pipeline_dag.py took 0.077 seconds
[2026-09-03T22:47:23.919+0000] {processor.py:161} INFO - Started process (PID=52640) to work on /opt/airflow/dags/spark_pipeline_dag.py
[2026-09-03T22:47:23.921+0000] {processor.py:830} INFO - Processing file /opt/airflow/dags/spark_pipeline_dag.py for tasks to queue
[2026-09-03T22:47:23.922+0000] {logging_mixin.py:188} INFO - [2026-09-03T22:47:23.921+0000] {dagbag.py:538} INFO - Filling up the DagBag from /opt/airflow/dags/spark_pipeline_dag.py
[2026-09-03T22:47:23.941+0000] {processor.py:840} INFO - DAG(s) 'air_quality_pipeline' retrieved from /opt/airflow/dags/spark_pipeline_dag.py
[2026-09-03T22:47:23.958+0000] {logging_mixin.py:188} INFO - [2026-09-03T22:47:23.958+0000] {dag.py:3036} INFO - Sync 1 DAGs
[2026-09-03T22:47:23.978+0000] {logging_mixin.py:188} INFO - [2026-09-03T22:47:23.977+0000] {dag.py:3823} INFO - Setting next_dagrun for air_quality_pipeline to 2026-09-03 22:05:00+00:00, run_after=2026-09-03 23:05:00+00:00
[2026-09-03T22:47:23.997+0000] {processor.py:183} INFO - Processing /opt/airflow/dags/spark_pipeline_dag.py took 0.081 seconds
[2026-09-03T22:47:54.671+0000] {processor.py:161} INFO - Started process (PID=52650) to work on /opt/airflow/dags/spark_pipeline_dag.py
[2026-09-03T22:47:54.672+0000] {processor.py:830} INFO - Processing file /opt/airflow/dags/spark_pipeline_dag.py for tasks to queue
[2026-09-03T22:47:54.673+0000] {logging_mixin.py:188} INFO - [2026-09-03T22:47:54.673+0000] {dagbag.py:538} INFO - Filling up the DagBag from /opt/airflow/dags/spark_pipeline_dag.py
[2026-09-03T22:47:54.701+0000] {processor.py:840} INFO - DAG(s) 'air_quality_pipeline' retrieved from /opt/airflow/dags/spark_pipeline_dag.py
[2026-09-03T22:47:54.720+0000] {logging_mixin.py:188} INFO - [2026-09-03T22:47:54.720+0000] {dag.py:3036} INFO - Sync 1 DAGs
[2026-09-03T22:47:54.741+0000] {logging_mixin.py:188} INFO - [2026-09-03T22:47:54.741+0000] {dag.py:3823} INFO - Setting next_dagrun for air_quality_pipeline to 2026-09-03 22:05:00+00:00, run_after=2026-09-03 23:05:00+00:00
[2026-09-03T22:47:54.766+0000] {processor.py:183} INFO - Processing /opt/airflow/dags/spark_pipeline_dag.py took 0.098 seconds
[2026-09-03T22:48:25.192+0000] {processor.py:161} INFO - Started process (PID=52660) to work on /opt/airflow/dags/spark_pipeline_dag.py
[2026-09-03T22:48:25.193+0000] {processor.py:830} INFO - Processing file /opt/airflow/dags/spark_pipeline_dag.py for tasks to queue
[2026-09-03T22:48:25.194+0000] {logging_mixin.py:188} INFO - [2026-09-03T22:48:25.194+0000] {dagbag.py:538} INFO - Filling up the DagBag from /opt/airflow/dags/spark_pipeline_dag.py
[2026-09-03T22:48:25.214+0000] {processor.py:840} INFO - DAG(s) 'air_quality_pipeline' retrieved from /opt/airflow/dags/spark_pipeline_dag.py
[2026-09-03T22:48:25.241+0000] {logging_mixin.py:188} INFO - [2026-09-03T22:48:25.241+0000] {dag.py:3036} INFO - Sync 1 DAGs
[2026-09-03T22:48:25.271+0000] {logging_mixin.py:188} INFO - [2026-09-03T22:48:25.271+0000] {dag.py:3823} INFO - Setting next_dagrun for air_quality_pipeline to 2026-09-03 22:05:00+00:00, run_after=2026-09-03 23:05:00+00:00
[2026-09-03T22:48:25.290+0000] {processor.py:183} INFO - Processing /opt/airflow/dags/spark_pipeline_dag.py took 0.100 seconds
[2026-09-03T22:48:55.675+0000] {processor.py:161} INFO - Started process (PID=52670) to work on /opt/airflow/dags/spark_pipeline_dag.py
[2026-09-03T22:48:55.676+0000] {processor.py:830} INFO - Processing file /opt/airflow/dags/spark_pipeline_dag.py for tasks to queue
[2026-09-03T22:48:55.677+0000] {logging_mixin.py:188} INFO - [2026-09-03T22:48:55.677+0000] {dagbag.py:538} INFO - Filling up the DagBag from /opt/airflow/dags/spark_pipeline_dag.py
[2026-09-03T22:48:55.698+0000] {processor.py:840} INFO - DAG(s) 'air_quality_pipeline' retrieved from /opt/airflow/dags/spark_pipeline_dag.py
[2026-09-03T22:48:55.721+0000] {logging_mixin.py:188} INFO - [2026-09-03T22:48:55.720+0000] {dag.py:3036} INFO - Sync 1 DAGs
[2026-09-03T22:48:55.743+0000] {logging_mixin.py:188} INFO - [2026-09-03T22:48:55.743+0000] {dag.py:3823} INFO - Setting next_dagrun for air_quality_pipeline to 2026-09-03 22:05:00+00:00, run_after=2026-09-03 23:05:00+00:00
[2026-09-03T22:48:55.761+0000] {processor.py:183} INFO - Processing /opt/airflow/dags/spark_pipeline_dag.py took 0.088 seconds
[2026-09-03T22:49:26.102+0000] {processor.py:161} INFO - Started process (PID=52680) to work on /opt/airflow/dags/spark_pipeline_dag.py
[2026-09-03T22:49:26.104+0000] {processor.py:830} INFO - Processing file /opt/airflow/dags/spark_pipeline_dag.py for tasks to queue
[2026-09-03T22:49:26.105+0000] {logging_mixin.py:188} INFO - [2026-09-03T22:49:26.105+0000] {dagbag.py:538} INFO - Filling up the DagBag from /opt/airflow/dags/spark_pipeline_dag.py
[2026-09-03T22:49:26.127+0000] {processor.py:840} INFO - DAG(s) 'air_quality_pipeline' retrieved from /opt/airflow/dags/spark_pipeline_dag.py
[2026-09-03T22:49:26.146+0000] {logging_mixin.py:188} INFO - [2026-09-03T22:49:26.146+0000] {dag.py:3036} INFO - Sync 1 DAGs
[2026-09-03T22:49:26.171+0000] {logging_mixin.py:188} INFO - [2026-09-03T22:49:26.170+0000] {dag.py:3823} INFO - Setting next_dagrun for air_quality_pipeline to 2026-09-03 22:05:00+00:00, run_after=2026-09-03 23:05:00+00:00
[2026-09-03T22:49:26.193+0000] {processor.py:183} INFO - Processing /opt/airflow/dags/spark_pipeline_dag.py took 0.093 seconds
[2026-09-03T22:49:56.602+0000] {processor.py:161} INFO - Started process (PID=52690) to work on /opt/airflow/dags/spark_pipeline_dag.py
[2026-09-03T22:49:56.603+0000] {processor.py:830} INFO - Processing file /opt/airflow/dags/spark_pipeline_dag.py for tasks to queue
[2026-09-03T22:49:56.604+0000] {logging_mixin.py:188} INFO - [2026-09-03T22:49:56.604+0000] {dagbag.py:538} INFO - Filling up the DagBag from /opt/airflow/dags/spark_pipeline_dag.py
[2026-09-03T22:49:56.628+0000] {processor.py:840} INFO - DAG(s) 'air_quality_pipeline' retrieved from /opt/airflow/dags/spark_pipeline_dag.py
[2026-09-03T22:49:56.656+0000] {logging_mixin.py:188} INFO - [2026-09-03T22:49:56.656+0000] {dag.py:3036} INFO - Sync 1 DAGs
[2026-09-03T22:49:56.679+0000] {logging_mixin.py:188} INFO - [2026-09-03T22:49:56.679+0000] {dag.py:3823} INFO - Setting next_dagrun for air_quality_pipeline to 2026-09-03 22:05:00+00:00, run_after=2026-09-03 23:05:00+00:00
[2026-09-03T22:49:56.700+0000] {processor.py:183} INFO - Processing /opt/airflow/dags/spark_pipeline_dag.py took 0.100 seconds
[2026-09-03T22:50:27.102+0000] {processor.py:161} INFO - Started process (PID=52700) to work on /opt/airflow/dags/spark_pipeline_dag.py
[2026-09-03T22:50:27.103+0000] {processor.py:830} INFO - Processing file /opt/airflow/dags/spark_pipeline_dag.py for tasks to queue
[2026-09-03T22:50:27.104+0000] {logging_mixin.py:188} INFO - [2026-09-03T22:50:27.104+0000] {dagbag.py:538} INFO - Filling up the DagBag from /opt/airflow/dags/spark_pipeline_dag.py
[2026-09-03T22:50:27.131+0000] {processor.py:840} INFO - DAG(s) 'air_quality_pipeline' retrieved from /opt/airflow/dags/spark_pipeline_dag.py
[2026-09-03T22:50:27.150+0000] {logging_mixin.py:188} INFO - [2026-09-03T22:50:27.150+0000] {dag.py:3036} INFO - Sync 1 DAGs
[2026-09-03T22:50:27.171+0000] {logging_mixin.py:188} INFO - [2026-09-03T22:50:27.171+0000] {dag.py:3823} INFO - Setting next_dagrun for air_quality_pipeline to 2026-09-03 22:05:00+00:00, run_after=2026-09-03 23:05:00+00:00
[2026-09-03T22:50:27.194+0000] {processor.py:183} INFO - Processing /opt/airflow/dags/spark_pipeline_dag.py took 0.094 seconds
[2026-09-03T22:50:57.619+0000] {processor.py:161} INFO - Started process (PID=52710) to work on /opt/airflow/dags/spark_pipeline_dag.py
[2026-09-03T22:50:57.620+0000] {processor.py:830} INFO - Processing file /opt/airflow/dags/spark_pipeline_dag.py for tasks to queue
[2026-09-03T22:50:57.621+0000] {logging_mixin.py:188} INFO - [2026-09-03T22:50:57.621+0000] {dagbag.py:538} INFO - Filling up the DagBag from /opt/airflow/dags/spark_pipeline_dag.py
[2026-09-03T22:50:57.645+0000] {processor.py:840} INFO - DAG(s) 'air_quality_pipeline' retrieved from /opt/airflow/dags/spark_pipeline_dag.py
[2026-09-03T22:50:57.670+0000] {logging_mixin.py:188} INFO - [2026-09-03T22:50:57.669+0000] {dag.py:3036} INFO - Sync 1 DAGs
[2026-09-03T22:50:57.696+0000] {logging_mixin.py:188} INFO - [2026-09-03T22:50:57.696+0000] {dag.py:3823} INFO - Setting next_dagrun for air_quality_pipeline to 2026-09-03 22:05:00+00:00, run_after=2026-09-03 23:05:00+00:00
[2026-09-03T22:50:57.713+0000] {processor.py:183} INFO - Processing /opt/airflow/dags/spark_pipeline_dag.py took 0.097 seconds
[2026-09-03T22:51:28.045+0000] {processor.py:161} INFO - Started process (PID=52720) to work on /opt/airflow/dags/spark_pipeline_dag.py
[2026-09-03T22:51:28.046+0000] {processor.py:830} INFO - Processing file /opt/airflow/dags/spark_pipeline_dag.py for tasks to queue
[2026-09-03T22:51:28.047+0000] {logging_mixin.py:188} INFO - [2026-09-03T22:51:28.047+0000] {dagbag.py:538} INFO - Filling up the DagBag from /opt/airflow/dags/spark_pipeline_dag.py
[2026-09-03T22:51:28.067+0000] {processor.py:840} INFO - DAG(s) 'air_quality_pipeline' retrieved from /opt/airflow/dags/spark_pipeline_dag.py
[2026-09-03T22:51:28.088+0000] {logging_mixin.py:188} INFO - [2026-09-03T22:51:28.087+0000] {dag.py:3036} INFO - Sync 1 DAGs
[2026-09-03T22:51:28.113+0000] {logging_mixin.py:188} INFO - [2026-09-03T22:51:28.113+0000] {dag.py:3823} INFO - Setting next_dagrun for air_quality_pipeline to 2026-09-03 22:05:00+00:00, run_after=2026-09-03 23:05:00+00:00
[2026-09-03T22:51:28.135+0000] {processor.py:183} INFO - Processing /opt/airflow/dags/spark_pipeline_dag.py took 0.093 seconds
[2026-09-03T22:51:58.527+0000] {processor.py:161} INFO - Started process (PID=52730) to work on /opt/airflow/dags/spark_pipeline_dag.py
[2026-09-03T22:51:58.528+0000] {processor.py:830} INFO - Processing file /opt/airflow/dags/spark_pipeline_dag.py for tasks to queue
[2026-09-03T22:51:58.529+0000] {logging_mixin.py:188} INFO - [2026-09-03T22:51:58.529+0000] {dagbag.py:538} INFO - Filling up the DagBag from /opt/airflow/dags/spark_pipeline_dag.py
[2026-09-03T22:51:58.547+0000] {processor.py:840} INFO - DAG(s) 'air_quality_pipeline' retrieved from /opt/airflow/dags/spark_pipeline_dag.py
[2026-09-03T22:51:58.568+0000] {logging_mixin.py:188} INFO - [2026-09-03T22:51:58.568+0000] {dag.py:3036} INFO - Sync 1 DAGs
[2026-09-03T22:51:58.590+0000] {logging_mixin.py:188} INFO - [2026-09-03T22:51:58.590+0000] {dag.py:3823} INFO - Setting next_dagrun for air_quality_pipeline to 2026-09-03 22:05:00+00:00, run_after=2026-09-03 23:05:00+00:00
[2026-09-03T22:51:58.609+0000] {processor.py:183} INFO - Processing /opt/airflow/dags/spark_pipeline_dag.py took 0.084 seconds
[2026-09-03T22:52:28.974+0000] {processor.py:161} INFO - Started process (PID=52740) to work on /opt/airflow/dags/spark_pipeline_dag.py
[2026-09-03T22:52:28.975+0000] {processor.py:830} INFO - Processing file /opt/airflow/dags/spark_pipeline_dag.py for tasks to queue
[2026-09-03T22:52:28.976+0000] {logging_mixin.py:188} INFO - [2026-09-03T22:52:28.976+0000] {dagbag.py:538} INFO - Filling up the DagBag from /opt/airflow/dags/spark_pipeline_dag.py
[2026-09-03T22:52:28.998+0000] {processor.py:840} INFO - DAG(s) 'air_quality_pipeline' retrieved from /opt/airflow/dags/spark_pipeline_dag.py
[2026-09-03T22:52:29.018+0000] {logging_mixin.py:188} INFO - [2026-09-03T22:52:29.018+0000] {dag.py:3036} INFO - Sync 1 DAGs
[2026-09-03T22:52:29.041+0000] {logging_mixin.py:188} INFO - [2026-09-03T22:52:29.041+0000] {dag.py:3823} INFO - Setting next_dagrun for air_quality_pipeline to 2026-09-03 22:05:00+00:00, run_after=2026-09-03 23:05:00+00:00
[2026-09-03T22:52:29.066+0000] {processor.py:183} INFO - Processing /opt/airflow/dags/spark_pipeline_dag.py took 0.095 seconds
[2026-09-03T22:52:59.491+0000] {processor.py:161} INFO - Started process (PID=52750) to work on /opt/airflow/dags/spark_pipeline_dag.py
[2026-09-03T22:52:59.512+0000] {processor.py:830} INFO - Processing file /opt/airflow/dags/spark_pipeline_dag.py for tasks to queue
[2026-09-03T22:52:59.540+0000] {logging_mixin.py:188} INFO - [2026-09-03T22:52:59.540+0000] {dagbag.py:538} INFO - Filling up the DagBag from /opt/airflow/dags/spark_pipeline_dag.py
[2026-09-03T22:52:59.573+0000] {processor.py:840} INFO - DAG(s) 'air_quality_pipeline' retrieved from /opt/airflow/dags/spark_pipeline_dag.py
[2026-09-03T22:52:59.597+0000] {logging_mixin.py:188} INFO - [2026-09-03T22:52:59.597+0000] {dag.py:3036} INFO - Sync 1 DAGs
[2026-09-03T22:52:59.623+0000] {logging_mixin.py:188} INFO - [2026-09-03T22:52:59.623+0000] {dag.py:3823} INFO - Setting next_dagrun for air_quality_pipeline to 2026-09-03 22:05:00+00:00, run_after=2026-09-03 23:05:00+00:00
[2026-09-03T22:52:59.647+0000] {processor.py:183} INFO - Processing /opt/airflow/dags/spark_pipeline_dag.py took 0.159 seconds
[2026-09-03T22:53:30.110+0000] {processor.py:161} INFO - Started process (PID=52760) to work on /opt/airflow/dags/spark_pipeline_dag.py
[2026-09-03T22:53:30.111+0000] {processor.py:830} INFO - Processing file /opt/airflow/dags/spark_pipeline_dag.py for tasks to queue
[2026-09-03T22:53:30.112+0000] {logging_mixin.py:188} INFO - [2026-09-03T22:53:30.112+0000] {dagbag.py:538} INFO - Filling up the DagBag from /opt/airflow/dags/spark_pipeline_dag.py
[2026-09-03T22:53:30.138+0000] {processor.py:840} INFO - DAG(s) 'air_quality_pipeline' retrieved from /opt/airflow/dags/spark_pipeline_dag.py
[2026-09-03T22:53:30.162+0000] {logging_mixin.py:188} INFO - [2026-09-03T22:53:30.162+0000] {dag.py:3036} INFO - Sync 1 DAGs
[2026-09-03T22:53:30.185+0000] {logging_mixin.py:188} INFO - [2026-09-03T22:53:30.185+0000] {dag.py:3823} INFO - Setting next_dagrun for air_quality_pipeline to 2026-09-03 22:05:00+00:00, run_after=2026-09-03 23:05:00+00:00
[2026-09-03T22:53:30.206+0000] {processor.py:183} INFO - Processing /opt/airflow/dags/spark_pipeline_dag.py took 0.100 seconds
[2026-09-03T22:54:00.680+0000] {processor.py:161} INFO - Started process (PID=52770) to work on /opt/airflow/dags/spark_pipeline_dag.py
[2026-09-03T22:54:00.681+0000] {processor.py:830} INFO - Processing file /opt/airflow/dags/spark_pipeline_dag.py for tasks to queue
[2026-09-03T22:54:00.682+0000] {logging_mixin.py:188} INFO - [2026-09-03T22:54:00.682+0000] {dagbag.py:538} INFO - Filling up the DagBag from /opt/airflow/dags/spark_pipeline_dag.py
[2026-09-03T22:54:00.709+0000] {processor.py:840} INFO - DAG(s) 'air_quality_pipeline' retrieved from /opt/airflow/dags/spark_pipeline_dag.py
[2026-09-03T22:54:00.731+0000] {logging_mixin.py:188} INFO - [2026-09-03T22:54:00.731+0000] {dag.py:3036} INFO - Sync 1 DAGs
[2026-09-03T22:54:00.753+0000] {logging_mixin.py:188} INFO - [2026-09-03T22:54:00.753+0000] {dag.py:3823} INFO - Setting next_dagrun for air_quality_pipeline to 2026-09-03 22:05:00+00:00, run_after=2026-09-03 23:05:00+00:00
[2026-09-03T22:54:00.775+0000] {processor.py:183} INFO - Processing /opt/airflow/dags/spark_pipeline_dag.py took 0.099 seconds
[2026-09-03T22:54:31.266+0000] {processor.py:161} INFO - Started process (PID=52780) to work on /opt/airflow/dags/spark_pipeline_dag.py
[2026-09-03T22:54:31.267+0000] {processor.py:830} INFO - Processing file /opt/airflow/dags/spark_pipeline_dag.py for tasks to queue
[2026-09-03T22:54:31.268+0000] {logging_mixin.py:188} INFO - [2026-09-03T22:54:31.268+0000] {dagbag.py:538} INFO - Filling up the DagBag from /opt/airflow/dags/spark_pipeline_dag.py
[2026-09-03T22:54:31.291+0000] {processor.py:840} INFO - DAG(s) 'air_quality_pipeline' retrieved from /opt/airflow/dags/spark_pipeline_dag.py
[2026-09-03T22:54:31.313+0000] {logging_mixin.py:188} INFO - [2026-09-03T22:54:31.312+0000] {dag.py:3036} INFO - Sync 1 DAGs
[2026-09-03T22:54:31.335+0000] {logging_mixin.py:188} INFO - [2026-09-03T22:54:31.335+0000] {dag.py:3823} INFO - Setting next_dagrun for air_quality_pipeline to 2026-09-03 22:05:00+00:00, run_after=2026-09-03 23:05:00+00:00
[2026-09-03T22:54:31.355+0000] {processor.py:183} INFO - Processing /opt/airflow/dags/spark_pipeline_dag.py took 0.091 seconds
[2026-09-03T22:55:01.749+0000] {processor.py:161} INFO - Started process (PID=52790) to work on /opt/airflow/dags/spark_pipeline_dag.py
[2026-09-03T22:55:01.750+0000] {processor.py:830} INFO - Processing file /opt/airflow/dags/spark_pipeline_dag.py for tasks to queue
[2026-09-03T22:55:01.751+0000] {logging_mixin.py:188} INFO - [2026-09-03T22:55:01.751+0000] {dagbag.py:538} INFO - Filling up the DagBag from /opt/airflow/dags/spark_pipeline_dag.py
[2026-09-03T22:55:01.771+0000] {processor.py:840} INFO - DAG(s) 'air_quality_pipeline' retrieved from /opt/airflow/dags/spark_pipeline_dag.py
[2026-09-03T22:55:01.790+0000] {logging_mixin.py:188} INFO - [2026-09-03T22:55:01.789+0000] {dag.py:3036} INFO - Sync 1 DAGs
[2026-09-03T22:55:01.811+0000] {logging_mixin.py:188} INFO - [2026-09-03T22:55:01.811+0000] {dag.py:3823} INFO - Setting next_dagrun for air_quality_pipeline to 2026-09-03 22:05:00+00:00, run_after=2026-09-03 23:05:00+00:00
[2026-09-03T22:55:01.833+0000] {processor.py:183} INFO - Processing /opt/airflow/dags/spark_pipeline_dag.py took 0.087 seconds
[2026-09-03T22:55:32.311+0000] {processor.py:161} INFO - Started process (PID=52800) to work on /opt/airflow/dags/spark_pipeline_dag.py
[2026-09-03T22:55:32.313+0000] {processor.py:830} INFO - Processing file /opt/airflow/dags/spark_pipeline_dag.py for tasks to queue
[2026-09-03T22:55:32.314+0000] {logging_mixin.py:188} INFO - [2026-09-03T22:55:32.313+0000] {dagbag.py:538} INFO - Filling up the DagBag from /opt/airflow/dags/spark_pipeline_dag.py
[2026-09-03T22:55:32.331+0000] {processor.py:840} INFO - DAG(s) 'air_quality_pipeline' retrieved from /opt/airflow/dags/spark_pipeline_dag.py
[2026-09-03T22:55:32.349+0000] {logging_mixin.py:188} INFO - [2026-09-03T22:55:32.348+0000] {dag.py:3036} INFO - Sync 1 DAGs
[2026-09-03T22:55:32.366+0000] {logging_mixin.py:188} INFO - [2026-09-03T22:55:32.365+0000] {dag.py:3823} INFO - Setting next_dagrun for air_quality_pipeline to 2026-09-03 22:05:00+00:00, run_after=2026-09-03 23:05:00+00:00
[2026-09-03T22:55:32.383+0000] {processor.py:183} INFO - Processing /opt/airflow/dags/spark_pipeline_dag.py took 0.075 seconds
[2026-09-03T22:56:02.860+0000] {processor.py:161} INFO - Started process (PID=52810) to work on /opt/airflow/dags/spark_pipeline_dag.py
[2026-09-03T22:56:02.861+0000] {processor.py:830} INFO - Processing file /opt/airflow/dags/spark_pipeline_dag.py for tasks to queue
[2026-09-03T22:56:02.862+0000] {logging_mixin.py:188} INFO - [2026-09-03T22:56:02.861+0000] {dagbag.py:538} INFO - Filling up the DagBag from /opt/airflow/dags/spark_pipeline_dag.py
[2026-09-03T22:56:02.886+0000] {processor.py:840} INFO - DAG(s) 'air_quality_pipeline' retrieved from /opt/airflow/dags/spark_pipeline_dag.py
[2026-09-03T22:56:02.909+0000] {logging_mixin.py:188} INFO - [2026-09-03T22:56:02.908+0000] {dag.py:3036} INFO - Sync 1 DAGs
[2026-09-03T22:56:02.933+0000] {logging_mixin.py:188} INFO - [2026-09-03T22:56:02.933+0000] {dag.py:3823} INFO - Setting next_dagrun for air_quality_pipeline to 2026-09-03 22:05:00+00:00, run_after=2026-09-03 23:05:00+00:00
[2026-09-03T22:56:02.954+0000] {processor.py:183} INFO - Processing /opt/airflow/dags/spark_pipeline_dag.py took 0.096 seconds
[2026-09-03T22:56:33.313+0000] {processor.py:161} INFO - Started process (PID=52820) to work on /opt/airflow/dags/spark_pipeline_dag.py
[2026-09-03T22:56:33.314+0000] {processor.py:830} INFO - Processing file /opt/airflow/dags/spark_pipeline_dag.py for tasks to queue
[2026-09-03T22:56:33.315+0000] {logging_mixin.py:188} INFO - [2026-09-03T22:56:33.315+0000] {dagbag.py:538} INFO - Filling up the DagBag from /opt/airflow/dags/spark_pipeline_dag.py
[2026-09-03T22:56:33.337+0000] {processor.py:840} INFO - DAG(s) 'air_quality_pipeline' retrieved from /opt/airflow/dags/spark_pipeline_dag.py
[2026-09-03T22:56:33.358+0000] {logging_mixin.py:188} INFO - [2026-09-03T22:56:33.357+0000] {dag.py:3036} INFO - Sync 1 DAGs
[2026-09-03T22:56:33.381+0000] {logging_mixin.py:188} INFO - [2026-09-03T22:56:33.381+0000] {dag.py:3823} INFO - Setting next_dagrun for air_quality_pipeline to 2026-09-03 22:05:00+00:00, run_after=2026-09-03 23:05:00+00:00
[2026-09-03T22:56:33.399+0000] {processor.py:183} INFO - Processing /opt/airflow/dags/spark_pipeline_dag.py took 0.089 seconds
[2026-09-03T22:57:03.798+0000] {processor.py:161} INFO - Started process (PID=52830) to work on /opt/airflow/dags/spark_pipeline_dag.py
[2026-09-03T22:57:03.799+0000] {processor.py:830} INFO - Processing file /opt/airflow/dags/spark_pipeline_dag.py for tasks to queue
[2026-09-03T22:57:03.800+0000] {logging_mixin.py:188} INFO - [2026-09-03T22:57:03.800+0000] {dagbag.py:538} INFO - Filling up the DagBag from /opt/airflow/dags/spark_pipeline_dag.py
[2026-09-03T22:57:03.820+0000] {processor.py:840} INFO - DAG(s) 'air_quality_pipeline' retrieved from /opt/airflow/dags/spark_pipeline_dag.py
[2026-09-03T22:57:03.838+0000] {logging_mixin.py:188} INFO - [2026-09-03T22:57:03.838+0000] {dag.py:3036} INFO - Sync 1 DAGs
[2026-09-03T22:57:03.857+0000] {logging_mixin.py:188} INFO - [2026-09-03T22:57:03.857+0000] {dag.py:3823} INFO - Setting next_dagrun for air_quality_pipeline to 2026-09-03 22:05:00+00:00, run_after=2026-09-03 23:05:00+00:00
[2026-09-03T22:57:03.875+0000] {processor.py:183} INFO - Processing /opt/airflow/dags/spark_pipeline_dag.py took 0.080 seconds
[2026-09-03T22:57:34.308+0000] {processor.py:161} INFO - Started process (PID=52840) to work on /opt/airflow/dags/spark_pipeline_dag.py
[2026-09-03T22:57:34.309+0000] {processor.py:830} INFO - Processing file /opt/airflow/dags/spark_pipeline_dag.py for tasks to queue
[2026-09-03T22:57:34.309+0000] {logging_mixin.py:188} INFO - [2026-09-03T22:57:34.309+0000] {dagbag.py:538} INFO - Filling up the DagBag from /opt/airflow/dags/spark_pipeline_dag.py
[2026-09-03T22:57:34.333+0000] {processor.py:840} INFO - DAG(s) 'air_quality_pipeline' retrieved from /opt/airflow/dags/spark_pipeline_dag.py
[2026-09-03T22:57:34.352+0000] {logging_mixin.py:188} INFO - [2026-09-03T22:57:34.352+0000] {dag.py:3036} INFO - Sync 1 DAGs
[2026-09-03T22:57:34.371+0000] {logging_mixin.py:188} INFO - [2026-09-03T22:57:34.370+0000] {dag.py:3823} INFO - Setting next_dagrun for air_quality_pipeline to 2026-09-03 22:05:00+00:00, run_after=2026-09-03 23:05:00+00:00
[2026-09-03T22:57:34.389+0000] {processor.py:183} INFO - Processing /opt/airflow/dags/spark_pipeline_dag.py took 0.083 seconds
[2026-09-03T22:58:04.756+0000] {processor.py:161} INFO - Started process (PID=52850) to work on /opt/airflow/dags/spark_pipeline_dag.py
[2026-09-03T22:58:04.757+0000] {processor.py:830} INFO - Processing file /opt/airflow/dags/spark_pipeline_dag.py for tasks to queue
[2026-09-03T22:58:04.759+0000] {logging_mixin.py:188} INFO - [2026-09-03T22:58:04.759+0000] {dagbag.py:538} INFO - Filling up the DagBag from /opt/airflow/dags/spark_pipeline_dag.py
[2026-09-03T22:58:04.798+0000] {processor.py:840} INFO - DAG(s) 'air_quality_pipeline' retrieved from /opt/airflow/dags/spark_pipeline_dag.py
[2026-09-03T22:58:04.817+0000] {logging_mixin.py:188} INFO - [2026-09-03T22:58:04.817+0000] {dag.py:3036} INFO - Sync 1 DAGs
[2026-09-03T22:58:04.835+0000] {logging_mixin.py:188} INFO - [2026-09-03T22:58:04.835+0000] {dag.py:3823} INFO - Setting next_dagrun for air_quality_pipeline to 2026-09-03 22:05:00+00:00, run_after=2026-09-03 23:05:00+00:00
[2026-09-03T22:58:04.851+0000] {processor.py:183} INFO - Processing /opt/airflow/dags/spark_pipeline_dag.py took 0.098 seconds
[2026-09-03T22:58:35.403+0000] {processor.py:161} INFO - Started process (PID=52860) to work on /opt/airflow/dags/spark_pipeline_dag.py
[2026-09-03T22:58:35.405+0000] {processor.py:830} INFO - Processing file /opt/airflow/dags/spark_pipeline_dag.py for tasks to queue
[2026-09-03T22:58:35.406+0000] {logging_mixin.py:188} INFO - [2026-09-03T22:58:35.406+0000] {dagbag.py:538} INFO - Filling up the DagBag from /opt/airflow/dags/spark_pipeline_dag.py
[2026-09-03T22:58:35.428+0000] {processor.py:840} INFO - DAG(s) 'air_quality_pipeline' retrieved from /opt/airflow/dags/spark_pipeline_dag.py
[2026-09-03T22:58:35.448+0000] {logging_mixin.py:188} INFO - [2026-09-03T22:58:35.448+0000] {dag.py:3036} INFO - Sync 1 DAGs
[2026-09-03T22:58:35.469+0000] {logging_mixin.py:188} INFO - [2026-09-03T22:58:35.469+0000] {dag.py:3823} INFO - Setting next_dagrun for air_quality_pipeline to 2026-09-03 22:05:00+00:00, run_after=2026-09-03 23:05:00+00:00
[2026-09-03T22:58:35.491+0000] {processor.py:183} INFO - Processing /opt/airflow/dags/spark_pipeline_dag.py took 0.090 seconds
[2026-09-03T22:59:06.037+0000] {processor.py:161} INFO - Started process (PID=52870) to work on /opt/airflow/dags/spark_pipeline_dag.py
[2026-09-03T22:59:06.038+0000] {processor.py:830} INFO - Processing file /opt/airflow/dags/spark_pipeline_dag.py for tasks to queue
[2026-09-03T22:59:06.039+0000] {logging_mixin.py:188} INFO - [2026-09-03T22:59:06.039+0000] {dagbag.py:538} INFO - Filling up the DagBag from /opt/airflow/dags/spark_pipeline_dag.py
[2026-09-03T22:59:06.063+0000] {processor.py:840} INFO - DAG(s) 'air_quality_pipeline' retrieved from /opt/airflow/dags/spark_pipeline_dag.py
[2026-09-03T22:59:06.086+0000] {logging_mixin.py:188} INFO - [2026-09-03T22:59:06.086+0000] {dag.py:3036} INFO - Sync 1 DAGs
[2026-09-03T22:59:06.108+0000] {logging_mixin.py:188} INFO - [2026-09-03T22:59:06.107+0000] {dag.py:3823} INFO - Setting next_dagrun for air_quality_pipeline to 2026-09-03 22:05:00+00:00, run_after=2026-09-03 23:05:00+00:00
[2026-09-03T22:59:06.127+0000] {processor.py:183} INFO - Processing /opt/airflow/dags/spark_pipeline_dag.py took 0.093 seconds
[2026-09-03T22:59:36.476+0000] {processor.py:161} INFO - Started process (PID=52880) to work on /opt/airflow/dags/spark_pipeline_dag.py
[2026-09-03T22:59:36.478+0000] {processor.py:830} INFO - Processing file /opt/airflow/dags/spark_pipeline_dag.py for tasks to queue
[2026-09-03T22:59:36.479+0000] {logging_mixin.py:188} INFO - [2026-09-03T22:59:36.479+0000] {dagbag.py:538} INFO - Filling up the DagBag from /opt/airflow/dags/spark_pipeline_dag.py
[2026-09-03T22:59:36.504+0000] {processor.py:840} INFO - DAG(s) 'air_quality_pipeline' retrieved from /opt/airflow/dags/spark_pipeline_dag.py
[2026-09-03T22:59:36.525+0000] {logging_mixin.py:188} INFO - [2026-09-03T22:59:36.525+0000] {dag.py:3036} INFO - Sync 1 DAGs
[2026-09-03T22:59:36.549+0000] {logging_mixin.py:188} INFO - [2026-09-03T22:59:36.549+0000] {dag.py:3823} INFO - Setting next_dagrun for air_quality_pipeline to 2026-09-03 22:05:00+00:00, run_after=2026-09-03 23:05:00+00:00
[2026-09-03T22:59:36.569+0000] {processor.py:183} INFO - Processing /opt/airflow/dags/spark_pipeline_dag.py took 0.095 seconds
[2026-09-03T23:00:06.895+0000] {processor.py:161} INFO - Started process (PID=52892) to work on /opt/airflow/dags/spark_pipeline_dag.py
[2026-09-03T23:00:06.896+0000] {processor.py:830} INFO - Processing file /opt/airflow/dags/spark_pipeline_dag.py for tasks to queue
[2026-09-03T23:00:06.897+0000] {logging_mixin.py:188} INFO - [2026-09-03T23:00:06.897+0000] {dagbag.py:538} INFO - Filling up the DagBag from /opt/airflow/dags/spark_pipeline_dag.py
[2026-09-03T23:00:06.917+0000] {processor.py:840} INFO - DAG(s) 'air_quality_pipeline' retrieved from /opt/airflow/dags/spark_pipeline_dag.py
[2026-09-03T23:00:06.936+0000] {logging_mixin.py:188} INFO - [2026-09-03T23:00:06.936+0000] {dag.py:3036} INFO - Sync 1 DAGs
[2026-09-03T23:00:06.953+0000] {logging_mixin.py:188} INFO - [2026-09-03T23:00:06.953+0000] {dag.py:3823} INFO - Setting next_dagrun for air_quality_pipeline to 2026-09-03 22:05:00+00:00, run_after=2026-09-03 23:05:00+00:00
[2026-09-03T23:00:06.971+0000] {processor.py:183} INFO - Processing /opt/airflow/dags/spark_pipeline_dag.py took 0.079 seconds
[2026-09-03T23:00:37.537+0000] {processor.py:161} INFO - Started process (PID=52902) to work on /opt/airflow/dags/spark_pipeline_dag.py
[2026-09-03T23:00:37.539+0000] {processor.py:830} INFO - Processing file /opt/airflow/dags/spark_pipeline_dag.py for tasks to queue
[2026-09-03T23:00:37.540+0000] {logging_mixin.py:188} INFO - [2026-09-03T23:00:37.539+0000] {dagbag.py:538} INFO - Filling up the DagBag from /opt/airflow/dags/spark_pipeline_dag.py
[2026-09-03T23:00:37.566+0000] {processor.py:840} INFO - DAG(s) 'air_quality_pipeline' retrieved from /opt/airflow/dags/spark_pipeline_dag.py
[2026-09-03T23:00:37.590+0000] {logging_mixin.py:188} INFO - [2026-09-03T23:00:37.590+0000] {dag.py:3036} INFO - Sync 1 DAGs
[2026-09-03T23:00:37.612+0000] {logging_mixin.py:188} INFO - [2026-09-03T23:00:37.612+0000] {dag.py:3823} INFO - Setting next_dagrun for air_quality_pipeline to 2026-09-03 22:05:00+00:00, run_after=2026-09-03 23:05:00+00:00
[2026-09-03T23:00:37.635+0000] {processor.py:183} INFO - Processing /opt/airflow/dags/spark_pipeline_dag.py took 0.101 seconds
[2026-09-03T23:01:08.103+0000] {processor.py:161} INFO - Started process (PID=52912) to work on /opt/airflow/dags/spark_pipeline_dag.py
[2026-09-03T23:01:08.104+0000] {processor.py:830} INFO - Processing file /opt/airflow/dags/spark_pipeline_dag.py for tasks to queue
[2026-09-03T23:01:08.104+0000] {logging_mixin.py:188} INFO - [2026-09-03T23:01:08.104+0000] {dagbag.py:538} INFO - Filling up the DagBag from /opt/airflow/dags/spark_pipeline_dag.py
[2026-09-03T23:01:08.124+0000] {processor.py:840} INFO - DAG(s) 'air_quality_pipeline' retrieved from /opt/airflow/dags/spark_pipeline_dag.py
[2026-09-03T23:01:08.141+0000] {logging_mixin.py:188} INFO - [2026-09-03T23:01:08.141+0000] {dag.py:3036} INFO - Sync 1 DAGs
[2026-09-03T23:01:08.161+0000] {logging_mixin.py:188} INFO - [2026-09-03T23:01:08.161+0000] {dag.py:3823} INFO - Setting next_dagrun for air_quality_pipeline to 2026-09-03 22:05:00+00:00, run_after=2026-09-03 23:05:00+00:00
[2026-09-03T23:01:08.185+0000] {processor.py:183} INFO - Processing /opt/airflow/dags/spark_pipeline_dag.py took 0.085 seconds
[2026-09-03T23:01:38.566+0000] {processor.py:161} INFO - Started process (PID=52922) to work on /opt/airflow/dags/spark_pipeline_dag.py
[2026-09-03T23:01:38.567+0000] {processor.py:830} INFO - Processing file /opt/airflow/dags/spark_pipeline_dag.py for tasks to queue
[2026-09-03T23:01:38.568+0000] {logging_mixin.py:188} INFO - [2026-09-03T23:01:38.568+0000] {dagbag.py:538} INFO - Filling up the DagBag from /opt/airflow/dags/spark_pipeline_dag.py
[2026-09-03T23:01:38.588+0000] {processor.py:840} INFO - DAG(s) 'air_quality_pipeline' retrieved from /opt/airflow/dags/spark_pipeline_dag.py
[2026-09-03T23:01:38.608+0000] {logging_mixin.py:188} INFO - [2026-09-03T23:01:38.608+0000] {dag.py:3036} INFO - Sync 1 DAGs
[2026-09-03T23:01:38.630+0000] {logging_mixin.py:188} INFO - [2026-09-03T23:01:38.630+0000] {dag.py:3823} INFO - Setting next_dagrun for air_quality_pipeline to 2026-09-03 22:05:00+00:00, run_after=2026-09-03 23:05:00+00:00
[2026-09-03T23:01:38.650+0000] {processor.py:183} INFO - Processing /opt/airflow/dags/spark_pipeline_dag.py took 0.087 seconds
[2026-09-03T23:02:09.112+0000] {processor.py:161} INFO - Started process (PID=52932) to work on /opt/airflow/dags/spark_pipeline_dag.py
[2026-09-03T23:02:09.113+0000] {processor.py:830} INFO - Processing file /opt/airflow/dags/spark_pipeline_dag.py for tasks to queue
[2026-09-03T23:02:09.114+0000] {logging_mixin.py:188} INFO - [2026-09-03T23:02:09.113+0000] {dagbag.py:538} INFO - Filling up the DagBag from /opt/airflow/dags/spark_pipeline_dag.py
[2026-09-03T23:02:09.136+0000] {processor.py:840} INFO - DAG(s) 'air_quality_pipeline' retrieved from /opt/airflow/dags/spark_pipeline_dag.py
[2026-09-03T23:02:09.156+0000] {logging_mixin.py:188} INFO - [2026-09-03T23:02:09.156+0000] {dag.py:3036} INFO - Sync 1 DAGs
[2026-09-03T23:02:09.179+0000] {logging_mixin.py:188} INFO - [2026-09-03T23:02:09.179+0000] {dag.py:3823} INFO - Setting next_dagrun for air_quality_pipeline to 2026-09-03 22:05:00+00:00, run_after=2026-09-03 23:05:00+00:00
[2026-09-03T23:02:09.202+0000] {processor.py:183} INFO - Processing /opt/airflow/dags/spark_pipeline_dag.py took 0.093 seconds
[2026-09-03T23:02:39.583+0000] {processor.py:161} INFO - Started process (PID=52942) to work on /opt/airflow/dags/spark_pipeline_dag.py
[2026-09-03T23:02:39.584+0000] {processor.py:830} INFO - Processing file /opt/airflow/dags/spark_pipeline_dag.py for tasks to queue
[2026-09-03T23:02:39.585+0000] {logging_mixin.py:188} INFO - [2026-09-03T23:02:39.585+0000] {dagbag.py:538} INFO - Filling up the DagBag from /opt/airflow/dags/spark_pipeline_dag.py
[2026-09-03T23:02:39.609+0000] {processor.py:840} INFO - DAG(s) 'air_quality_pipeline' retrieved from /opt/airflow/dags/spark_pipeline_dag.py
[2026-09-03T23:02:39.627+0000] {logging_mixin.py:188} INFO - [2026-09-03T23:02:39.627+0000] {dag.py:3036} INFO - Sync 1 DAGs
[2026-09-03T23:02:39.648+0000] {logging_mixin.py:188} INFO - [2026-09-03T23:02:39.648+0000] {dag.py:3823} INFO - Setting next_dagrun for air_quality_pipeline to 2026-09-03 22:05:00+00:00, run_after=2026-09-03 23:05:00+00:00
[2026-09-03T23:02:39.667+0000] {processor.py:183} INFO - Processing /opt/airflow/dags/spark_pipeline_dag.py took 0.086 seconds
[2026-09-03T23:03:10.133+0000] {processor.py:161} INFO - Started process (PID=52952) to work on /opt/airflow/dags/spark_pipeline_dag.py
[2026-09-03T23:03:10.134+0000] {processor.py:830} INFO - Processing file /opt/airflow/dags/spark_pipeline_dag.py for tasks to queue
[2026-09-03T23:03:10.135+0000] {logging_mixin.py:188} INFO - [2026-09-03T23:03:10.135+0000] {dagbag.py:538} INFO - Filling up the DagBag from /opt/airflow/dags/spark_pipeline_dag.py
[2026-09-03T23:03:10.152+0000] {processor.py:840} INFO - DAG(s) 'air_quality_pipeline' retrieved from /opt/airflow/dags/spark_pipeline_dag.py
[2026-09-03T23:03:10.173+0000] {logging_mixin.py:188} INFO - [2026-09-03T23:03:10.173+0000] {dag.py:3036} INFO - Sync 1 DAGs
[2026-09-03T23:03:10.190+0000] {logging_mixin.py:188} INFO - [2026-09-03T23:03:10.189+0000] {dag.py:3823} INFO - Setting next_dagrun for air_quality_pipeline to 2026-09-03 22:05:00+00:00, run_after=2026-09-03 23:05:00+00:00
[2026-09-03T23:03:10.207+0000] {processor.py:183} INFO - Processing /opt/airflow/dags/spark_pipeline_dag.py took 0.076 seconds
[2026-09-03T23:03:40.582+0000] {processor.py:161} INFO - Started process (PID=52962) to work on /opt/airflow/dags/spark_pipeline_dag.py
[2026-09-03T23:03:40.583+0000] {processor.py:830} INFO - Processing file /opt/airflow/dags/spark_pipeline_dag.py for tasks to queue
[2026-09-03T23:03:40.585+0000] {logging_mixin.py:188} INFO - [2026-09-03T23:03:40.584+0000] {dagbag.py:538} INFO - Filling up the DagBag from /opt/airflow/dags/spark_pipeline_dag.py
[2026-09-03T23:03:40.609+0000] {processor.py:840} INFO - DAG(s) 'air_quality_pipeline' retrieved from /opt/airflow/dags/spark_pipeline_dag.py
[2026-09-03T23:03:40.628+0000] {logging_mixin.py:188} INFO - [2026-09-03T23:03:40.628+0000] {dag.py:3036} INFO - Sync 1 DAGs
[2026-09-03T23:03:40.649+0000] {logging_mixin.py:188} INFO - [2026-09-03T23:03:40.649+0000] {dag.py:3823} INFO - Setting next_dagrun for air_quality_pipeline to 2026-09-03 22:05:00+00:00, run_after=2026-09-03 23:05:00+00:00
[2026-09-03T23:03:40.668+0000] {processor.py:183} INFO - Processing /opt/airflow/dags/spark_pipeline_dag.py took 0.089 seconds
[2026-09-03T23:04:11.121+0000] {processor.py:161} INFO - Started process (PID=52972) to work on /opt/airflow/dags/spark_pipeline_dag.py
[2026-09-03T23:04:11.124+0000] {processor.py:830} INFO - Processing file /opt/airflow/dags/spark_pipeline_dag.py for tasks to queue
[2026-09-03T23:04:11.125+0000] {logging_mixin.py:188} INFO - [2026-09-03T23:04:11.124+0000] {dagbag.py:538} INFO - Filling up the DagBag from /opt/airflow/dags/spark_pipeline_dag.py
[2026-09-03T23:04:11.148+0000] {processor.py:840} INFO - DAG(s) 'air_quality_pipeline' retrieved from /opt/airflow/dags/spark_pipeline_dag.py
[2026-09-03T23:04:11.165+0000] {logging_mixin.py:188} INFO - [2026-09-03T23:04:11.165+0000] {dag.py:3036} INFO - Sync 1 DAGs
[2026-09-03T23:04:11.184+0000] {logging_mixin.py:188} INFO - [2026-09-03T23:04:11.184+0000] {dag.py:3823} INFO - Setting next_dagrun for air_quality_pipeline to 2026-09-03 22:05:00+00:00, run_after=2026-09-03 23:05:00+00:00
[2026-09-03T23:04:11.204+0000] {processor.py:183} INFO - Processing /opt/airflow/dags/spark_pipeline_dag.py took 0.086 seconds
[2026-09-03T23:04:41.558+0000] {processor.py:161} INFO - Started process (PID=52982) to work on /opt/airflow/dags/spark_pipeline_dag.py
[2026-09-03T23:04:41.559+0000] {processor.py:830} INFO - Processing file /opt/airflow/dags/spark_pipeline_dag.py for tasks to queue
[2026-09-03T23:04:41.560+0000] {logging_mixin.py:188} INFO - [2026-09-03T23:04:41.560+0000] {dagbag.py:538} INFO - Filling up the DagBag from /opt/airflow/dags/spark_pipeline_dag.py
[2026-09-03T23:04:41.581+0000] {processor.py:840} INFO - DAG(s) 'air_quality_pipeline' retrieved from /opt/airflow/dags/spark_pipeline_dag.py
[2026-09-03T23:04:41.601+0000] {logging_mixin.py:188} INFO - [2026-09-03T23:04:41.600+0000] {dag.py:3036} INFO - Sync 1 DAGs
[2026-09-03T23:04:41.623+0000] {logging_mixin.py:188} INFO - [2026-09-03T23:04:41.623+0000] {dag.py:3823} INFO - Setting next_dagrun for air_quality_pipeline to 2026-09-03 22:05:00+00:00, run_after=2026-09-03 23:05:00+00:00
[2026-09-03T23:04:41.646+0000] {processor.py:183} INFO - Processing /opt/airflow/dags/spark_pipeline_dag.py took 0.091 seconds
[2026-09-03T23:05:12.383+0000] {processor.py:161} INFO - Started process (PID=52994) to work on /opt/airflow/dags/spark_pipeline_dag.py
[2026-09-03T23:05:12.385+0000] {processor.py:830} INFO - Processing file /opt/airflow/dags/spark_pipeline_dag.py for tasks to queue
[2026-09-03T23:05:12.386+0000] {logging_mixin.py:188} INFO - [2026-09-03T23:05:12.385+0000] {dagbag.py:538} INFO - Filling up the DagBag from /opt/airflow/dags/spark_pipeline_dag.py
[2026-09-03T23:05:12.408+0000] {processor.py:840} INFO - DAG(s) 'air_quality_pipeline' retrieved from /opt/airflow/dags/spark_pipeline_dag.py
[2026-09-03T23:05:12.429+0000] {logging_mixin.py:188} INFO - [2026-09-03T23:05:12.429+0000] {dag.py:3036} INFO - Sync 1 DAGs
[2026-09-03T23:05:12.451+0000] {logging_mixin.py:188} INFO - [2026-09-03T23:05:12.451+0000] {dag.py:3823} INFO - Setting next_dagrun for air_quality_pipeline to 2026-09-03 23:05:00+00:00, run_after=2026-09-04 00:05:00+00:00
[2026-09-03T23:05:12.471+0000] {processor.py:183} INFO - Processing /opt/airflow/dags/spark_pipeline_dag.py took 0.091 seconds
[2026-09-03T23:05:42.897+0000] {processor.py:161} INFO - Started process (PID=53004) to work on /opt/airflow/dags/spark_pipeline_dag.py
[2026-09-03T23:05:42.898+0000] {processor.py:830} INFO - Processing file /opt/airflow/dags/spark_pipeline_dag.py for tasks to queue
[2026-09-03T23:05:42.899+0000] {logging_mixin.py:188} INFO - [2026-09-03T23:05:42.899+0000] {dagbag.py:538} INFO - Filling up the DagBag from /opt/airflow/dags/spark_pipeline_dag.py
[2026-09-03T23:05:42.921+0000] {processor.py:840} INFO - DAG(s) 'air_quality_pipeline' retrieved from /opt/airflow/dags/spark_pipeline_dag.py
[2026-09-03T23:05:42.942+0000] {logging_mixin.py:188} INFO - [2026-09-03T23:05:42.942+0000] {dag.py:3036} INFO - Sync 1 DAGs
[2026-09-03T23:05:42.962+0000] {logging_mixin.py:188} INFO - [2026-09-03T23:05:42.962+0000] {dag.py:3823} INFO - Setting next_dagrun for air_quality_pipeline to 2026-09-03 23:05:00+00:00, run_after=2026-09-04 00:05:00+00:00
[2026-09-03T23:05:42.982+0000] {processor.py:183} INFO - Processing /opt/airflow/dags/spark_pipeline_dag.py took 0.088 seconds
[2026-09-03T23:06:13.310+0000] {processor.py:161} INFO - Started process (PID=53014) to work on /opt/airflow/dags/spark_pipeline_dag.py
[2026-09-03T23:06:13.311+0000] {processor.py:830} INFO - Processing file /opt/airflow/dags/spark_pipeline_dag.py for tasks to queue
[2026-09-03T23:06:13.312+0000] {logging_mixin.py:188} INFO - [2026-09-03T23:06:13.312+0000] {dagbag.py:538} INFO - Filling up the DagBag from /opt/airflow/dags/spark_pipeline_dag.py
[2026-09-03T23:06:13.337+0000] {processor.py:840} INFO - DAG(s) 'air_quality_pipeline' retrieved from /opt/airflow/dags/spark_pipeline_dag.py
[2026-09-03T23:06:13.363+0000] {logging_mixin.py:188} INFO - [2026-09-03T23:06:13.363+0000] {dag.py:3036} INFO - Sync 1 DAGs
[2026-09-03T23:06:13.386+0000] {logging_mixin.py:188} INFO - [2026-09-03T23:06:13.386+0000] {dag.py:3823} INFO - Setting next_dagrun for air_quality_pipeline to 2026-09-03 23:05:00+00:00, run_after=2026-09-04 00:05:00+00:00
[2026-09-03T23:06:13.405+0000] {processor.py:183} INFO - Processing /opt/airflow/dags/spark_pipeline_dag.py took 0.098 seconds
[2026-09-03T23:06:43.901+0000] {processor.py:161} INFO - Started process (PID=53024) to work on /opt/airflow/dags/spark_pipeline_dag.py
[2026-09-03T23:06:43.902+0000] {processor.py:830} INFO - Processing file /opt/airflow/dags/spark_pipeline_dag.py for tasks to queue
[2026-09-03T23:06:43.903+0000] {logging_mixin.py:188} INFO - [2026-09-03T23:06:43.902+0000] {dagbag.py:538} INFO - Filling up the DagBag from /opt/airflow/dags/spark_pipeline_dag.py
[2026-09-03T23:06:43.926+0000] {processor.py:840} INFO - DAG(s) 'air_quality_pipeline' retrieved from /opt/airflow/dags/spark_pipeline_dag.py
[2026-09-03T23:06:43.946+0000] {logging_mixin.py:188} INFO - [2026-09-03T23:06:43.946+0000] {dag.py:3036} INFO - Sync 1 DAGs
[2026-09-03T23:06:43.968+0000] {logging_mixin.py:188} INFO - [2026-09-03T23:06:43.968+0000] {dag.py:3823} INFO - Setting next_dagrun for air_quality_pipeline to 2026-09-03 23:05:00+00:00, run_after=2026-09-04 00:05:00+00:00
[2026-09-03T23:06:43.986+0000] {processor.py:183} INFO - Processing /opt/airflow/dags/spark_pipeline_dag.py took 0.088 seconds
[2026-09-03T23:07:14.346+0000] {processor.py:161} INFO - Started process (PID=53034) to work on /opt/airflow/dags/spark_pipeline_dag.py
[2026-09-03T23:07:14.347+0000] {processor.py:830} INFO - Processing file /opt/airflow/dags/spark_pipeline_dag.py for tasks to queue
[2026-09-03T23:07:14.348+0000] {logging_mixin.py:188} INFO - [2026-09-03T23:07:14.348+0000] {dagbag.py:538} INFO - Filling up the DagBag from /opt/airflow/dags/spark_pipeline_dag.py
[2026-09-03T23:07:14.368+0000] {processor.py:840} INFO - DAG(s) 'air_quality_pipeline' retrieved from /opt/airflow/dags/spark_pipeline_dag.py
[2026-09-03T23:07:14.388+0000] {logging_mixin.py:188} INFO - [2026-09-03T23:07:14.388+0000] {dag.py:3036} INFO - Sync 1 DAGs
[2026-09-03T23:07:14.410+0000] {logging_mixin.py:188} INFO - [2026-09-03T23:07:14.410+0000] {dag.py:3823} INFO - Setting next_dagrun for air_quality_pipeline to 2026-09-03 23:05:00+00:00, run_after=2026-09-04 00:05:00+00:00
[2026-09-03T23:07:14.440+0000] {processor.py:183} INFO - Processing /opt/airflow/dags/spark_pipeline_dag.py took 0.097 seconds
[2026-09-03T23:07:44.794+0000] {processor.py:161} INFO - Started process (PID=53044) to work on /opt/airflow/dags/spark_pipeline_dag.py
[2026-09-03T23:07:44.795+0000] {processor.py:830} INFO - Processing file /opt/airflow/dags/spark_pipeline_dag.py for tasks to queue
[2026-09-03T23:07:44.797+0000] {logging_mixin.py:188} INFO - [2026-09-03T23:07:44.796+0000] {dagbag.py:538} INFO - Filling up the DagBag from /opt/airflow/dags/spark_pipeline_dag.py
[2026-09-03T23:07:44.818+0000] {processor.py:840} INFO - DAG(s) 'air_quality_pipeline' retrieved from /opt/airflow/dags/spark_pipeline_dag.py
[2026-09-03T23:07:44.841+0000] {logging_mixin.py:188} INFO - [2026-09-03T23:07:44.841+0000] {dag.py:3036} INFO - Sync 1 DAGs
[2026-09-03T23:07:44.861+0000] {logging_mixin.py:188} INFO - [2026-09-03T23:07:44.861+0000] {dag.py:3823} INFO - Setting next_dagrun for air_quality_pipeline to 2026-09-03 23:05:00+00:00, run_after=2026-09-04 00:05:00+00:00
[2026-09-03T23:07:44.883+0000] {processor.py:183} INFO - Processing /opt/airflow/dags/spark_pipeline_dag.py took 0.092 seconds
[2026-09-03T23:08:15.405+0000] {processor.py:161} INFO - Started process (PID=53054) to work on /opt/airflow/dags/spark_pipeline_dag.py
[2026-09-03T23:08:15.406+0000] {processor.py:830} INFO - Processing file /opt/airflow/dags/spark_pipeline_dag.py for tasks to queue
[2026-09-03T23:08:15.407+0000] {logging_mixin.py:188} INFO - [2026-09-03T23:08:15.407+0000] {dagbag.py:538} INFO - Filling up the DagBag from /opt/airflow/dags/spark_pipeline_dag.py
[2026-09-03T23:08:15.429+0000] {processor.py:840} INFO - DAG(s) 'air_quality_pipeline' retrieved from /opt/airflow/dags/spark_pipeline_dag.py
[2026-09-03T23:08:15.450+0000] {logging_mixin.py:188} INFO - [2026-09-03T23:08:15.450+0000] {dag.py:3036} INFO - Sync 1 DAGs
[2026-09-03T23:08:15.470+0000] {logging_mixin.py:188} INFO - [2026-09-03T23:08:15.470+0000] {dag.py:3823} INFO - Setting next_dagrun for air_quality_pipeline to 2026-09-03 23:05:00+00:00, run_after=2026-09-04 00:05:00+00:00
[2026-09-03T23:08:15.487+0000] {processor.py:183} INFO - Processing /opt/airflow/dags/spark_pipeline_dag.py took 0.085 seconds
[2026-09-03T23:08:45.912+0000] {processor.py:161} INFO - Started process (PID=53064) to work on /opt/airflow/dags/spark_pipeline_dag.py
[2026-09-03T23:08:45.914+0000] {processor.py:830} INFO - Processing file /opt/airflow/dags/spark_pipeline_dag.py for tasks to queue
[2026-09-03T23:08:45.915+0000] {logging_mixin.py:188} INFO - [2026-09-03T23:08:45.915+0000] {dagbag.py:538} INFO - Filling up the DagBag from /opt/airflow/dags/spark_pipeline_dag.py
[2026-09-03T23:08:45.941+0000] {processor.py:840} INFO - DAG(s) 'air_quality_pipeline' retrieved from /opt/airflow/dags/spark_pipeline_dag.py
[2026-09-03T23:08:45.963+0000] {logging_mixin.py:188} INFO - [2026-09-03T23:08:45.963+0000] {dag.py:3036} INFO - Sync 1 DAGs
[2026-09-03T23:08:45.986+0000] {logging_mixin.py:188} INFO - [2026-09-03T23:08:45.986+0000] {dag.py:3823} INFO - Setting next_dagrun for air_quality_pipeline to 2026-09-03 23:05:00+00:00, run_after=2026-09-04 00:05:00+00:00
[2026-09-03T23:08:46.006+0000] {processor.py:183} INFO - Processing /opt/airflow/dags/spark_pipeline_dag.py took 0.096 seconds
[2026-09-03T23:09:16.404+0000] {processor.py:161} INFO - Started process (PID=53074) to work on /opt/airflow/dags/spark_pipeline_dag.py
[2026-09-03T23:09:16.405+0000] {processor.py:830} INFO - Processing file /opt/airflow/dags/spark_pipeline_dag.py for tasks to queue
[2026-09-03T23:09:16.406+0000] {logging_mixin.py:188} INFO - [2026-09-03T23:09:16.406+0000] {dagbag.py:538} INFO - Filling up the DagBag from /opt/airflow/dags/spark_pipeline_dag.py
[2026-09-03T23:09:16.428+0000] {processor.py:840} INFO - DAG(s) 'air_quality_pipeline' retrieved from /opt/airflow/dags/spark_pipeline_dag.py
[2026-09-03T23:09:16.449+0000] {logging_mixin.py:188} INFO - [2026-09-03T23:09:16.449+0000] {dag.py:3036} INFO - Sync 1 DAGs
[2026-09-03T23:09:16.471+0000] {logging_mixin.py:188} INFO - [2026-09-03T23:09:16.471+0000] {dag.py:3823} INFO - Setting next_dagrun for air_quality_pipeline to 2026-09-03 23:05:00+00:00, run_after=2026-09-04 00:05:00+00:00
[2026-09-03T23:09:16.491+0000] {processor.py:183} INFO - Processing /opt/airflow/dags/spark_pipeline_dag.py took 0.090 seconds
[2026-09-03T23:09:46.917+0000] {processor.py:161} INFO - Started process (PID=53084) to work on /opt/airflow/dags/spark_pipeline_dag.py
[2026-09-03T23:09:46.918+0000] {processor.py:830} INFO - Processing file /opt/airflow/dags/spark_pipeline_dag.py for tasks to queue
[2026-09-03T23:09:46.919+0000] {logging_mixin.py:188} INFO - [2026-09-03T23:09:46.918+0000] {dagbag.py:538} INFO - Filling up the DagBag from /opt/airflow/dags/spark_pipeline_dag.py
[2026-09-03T23:09:46.938+0000] {processor.py:840} INFO - DAG(s) 'air_quality_pipeline' retrieved from /opt/airflow/dags/spark_pipeline_dag.py
[2026-09-03T23:09:46.957+0000] {logging_mixin.py:188} INFO - [2026-09-03T23:09:46.957+0000] {dag.py:3036} INFO - Sync 1 DAGs
[2026-09-03T23:09:46.977+0000] {logging_mixin.py:188} INFO - [2026-09-03T23:09:46.977+0000] {dag.py:3823} INFO - Setting next_dagrun for air_quality_pipeline to 2026-09-03 23:05:00+00:00, run_after=2026-09-04 00:05:00+00:00
[2026-09-03T23:09:46.999+0000] {processor.py:183} INFO - Processing /opt/airflow/dags/spark_pipeline_dag.py took 0.085 seconds
[2026-09-03T23:10:17.400+0000] {processor.py:161} INFO - Started process (PID=53094) to work on /opt/airflow/dags/spark_pipeline_dag.py
[2026-09-03T23:10:17.401+0000] {processor.py:830} INFO - Processing file /opt/airflow/dags/spark_pipeline_dag.py for tasks to queue
[2026-09-03T23:10:17.402+0000] {logging_mixin.py:188} INFO - [2026-09-03T23:10:17.402+0000] {dagbag.py:538} INFO - Filling up the DagBag from /opt/airflow/dags/spark_pipeline_dag.py
[2026-09-03T23:10:17.424+0000] {processor.py:840} INFO - DAG(s) 'air_quality_pipeline' retrieved from /opt/airflow/dags/spark_pipeline_dag.py
[2026-09-03T23:10:17.445+0000] {logging_mixin.py:188} INFO - [2026-09-03T23:10:17.445+0000] {dag.py:3036} INFO - Sync 1 DAGs
[2026-09-03T23:10:17.465+0000] {logging_mixin.py:188} INFO - [2026-09-03T23:10:17.465+0000] {dag.py:3823} INFO - Setting next_dagrun for air_quality_pipeline to 2026-09-03 23:05:00+00:00, run_after=2026-09-04 00:05:00+00:00
[2026-09-03T23:10:17.525+0000] {processor.py:183} INFO - Processing /opt/airflow/dags/spark_pipeline_dag.py took 0.127 seconds
[2026-09-03T23:10:47.674+0000] {processor.py:161} INFO - Started process (PID=53104) to work on /opt/airflow/dags/spark_pipeline_dag.py
[2026-09-03T23:10:47.675+0000] {processor.py:830} INFO - Processing file /opt/airflow/dags/spark_pipeline_dag.py for tasks to queue
[2026-09-03T23:10:47.677+0000] {logging_mixin.py:188} INFO - [2026-09-03T23:10:47.676+0000] {dagbag.py:538} INFO - Filling up the DagBag from /opt/airflow/dags/spark_pipeline_dag.py
[2026-09-03T23:10:47.705+0000] {processor.py:840} INFO - DAG(s) 'air_quality_pipeline' retrieved from /opt/airflow/dags/spark_pipeline_dag.py
[2026-09-03T23:10:47.728+0000] {logging_mixin.py:188} INFO - [2026-09-03T23:10:47.728+0000] {dag.py:3036} INFO - Sync 1 DAGs
[2026-09-03T23:10:47.752+0000] {logging_mixin.py:188} INFO - [2026-09-03T23:10:47.752+0000] {dag.py:3823} INFO - Setting next_dagrun for air_quality_pipeline to 2026-09-03 23:05:00+00:00, run_after=2026-09-04 00:05:00+00:00
[2026-09-03T23:10:47.771+0000] {processor.py:183} INFO - Processing /opt/airflow/dags/spark_pipeline_dag.py took 0.100 seconds
[2026-09-03T23:11:18.135+0000] {processor.py:161} INFO - Started process (PID=53114) to work on /opt/airflow/dags/spark_pipeline_dag.py
[2026-09-03T23:11:18.136+0000] {processor.py:830} INFO - Processing file /opt/airflow/dags/spark_pipeline_dag.py for tasks to queue
[2026-09-03T23:11:18.137+0000] {logging_mixin.py:188} INFO - [2026-09-03T23:11:18.137+0000] {dagbag.py:538} INFO - Filling up the DagBag from /opt/airflow/dags/spark_pipeline_dag.py
[2026-09-03T23:11:18.152+0000] {processor.py:840} INFO - DAG(s) 'air_quality_pipeline' retrieved from /opt/airflow/dags/spark_pipeline_dag.py
[2026-09-03T23:11:18.181+0000] {logging_mixin.py:188} INFO - [2026-09-03T23:11:18.181+0000] {dag.py:3036} INFO - Sync 1 DAGs
[2026-09-03T23:11:18.197+0000] {logging_mixin.py:188} INFO - [2026-09-03T23:11:18.197+0000] {dag.py:3823} INFO - Setting next_dagrun for air_quality_pipeline to 2026-09-03 23:05:00+00:00, run_after=2026-09-04 00:05:00+00:00
[2026-09-03T23:11:18.295+0000] {processor.py:183} INFO - Processing /opt/airflow/dags/spark_pipeline_dag.py took 0.163 seconds
[2026-09-03T23:11:48.635+0000] {processor.py:161} INFO - Started process (PID=53124) to work on /opt/airflow/dags/spark_pipeline_dag.py
[2026-09-03T23:11:48.636+0000] {processor.py:830} INFO - Processing file /opt/airflow/dags/spark_pipeline_dag.py for tasks to queue
[2026-09-03T23:11:48.637+0000] {logging_mixin.py:188} INFO - [2026-09-03T23:11:48.637+0000] {dagbag.py:538} INFO - Filling up the DagBag from /opt/airflow/dags/spark_pipeline_dag.py
[2026-09-03T23:11:48.659+0000] {processor.py:840} INFO - DAG(s) 'air_quality_pipeline' retrieved from /opt/airflow/dags/spark_pipeline_dag.py
[2026-09-03T23:11:48.676+0000] {logging_mixin.py:188} INFO - [2026-09-03T23:11:48.675+0000] {dag.py:3036} INFO - Sync 1 DAGs
[2026-09-03T23:11:48.691+0000] {logging_mixin.py:188} INFO - [2026-09-03T23:11:48.691+0000] {dag.py:3823} INFO - Setting next_dagrun for air_quality_pipeline to 2026-09-03 23:05:00+00:00, run_after=2026-09-04 00:05:00+00:00
[2026-09-03T23:11:48.709+0000] {processor.py:183} INFO - Processing /opt/airflow/dags/spark_pipeline_dag.py took 0.076 seconds
[2026-09-03T23:12:19.125+0000] {processor.py:161} INFO - Started process (PID=53134) to work on /opt/airflow/dags/spark_pipeline_dag.py
[2026-09-03T23:12:19.127+0000] {processor.py:830} INFO - Processing file /opt/airflow/dags/spark_pipeline_dag.py for tasks to queue
[2026-09-03T23:12:19.128+0000] {logging_mixin.py:188} INFO - [2026-09-03T23:12:19.127+0000] {dagbag.py:538} INFO - Filling up the DagBag from /opt/airflow/dags/spark_pipeline_dag.py
[2026-09-03T23:12:19.143+0000] {processor.py:840} INFO - DAG(s) 'air_quality_pipeline' retrieved from /opt/airflow/dags/spark_pipeline_dag.py
[2026-09-03T23:12:19.161+0000] {logging_mixin.py:188} INFO - [2026-09-03T23:12:19.161+0000] {dag.py:3036} INFO - Sync 1 DAGs
[2026-09-03T23:12:19.177+0000] {logging_mixin.py:188} INFO - [2026-09-03T23:12:19.177+0000] {dag.py:3823} INFO - Setting next_dagrun for air_quality_pipeline to 2026-09-03 23:05:00+00:00, run_after=2026-09-04 00:05:00+00:00
[2026-09-03T23:12:19.193+0000] {processor.py:183} INFO - Processing /opt/airflow/dags/spark_pipeline_dag.py took 0.070 seconds
[2026-09-03T23:12:49.798+0000] {processor.py:161} INFO - Started process (PID=53144) to work on /opt/airflow/dags/spark_pipeline_dag.py
[2026-09-03T23:12:49.800+0000] {processor.py:830} INFO - Processing file /opt/airflow/dags/spark_pipeline_dag.py for tasks to queue
[2026-09-03T23:12:49.801+0000] {logging_mixin.py:188} INFO - [2026-09-03T23:12:49.801+0000] {dagbag.py:538} INFO - Filling up the DagBag from /opt/airflow/dags/spark_pipeline_dag.py
[2026-09-03T23:12:49.826+0000] {processor.py:840} INFO - DAG(s) 'air_quality_pipeline' retrieved from /opt/airflow/dags/spark_pipeline_dag.py
[2026-09-03T23:12:49.842+0000] {logging_mixin.py:188} INFO - [2026-09-03T23:12:49.842+0000] {dag.py:3036} INFO - Sync 1 DAGs
[2026-09-03T23:12:49.859+0000] {logging_mixin.py:188} INFO - [2026-09-03T23:12:49.858+0000] {dag.py:3823} INFO - Setting next_dagrun for air_quality_pipeline to 2026-09-03 23:05:00+00:00, run_after=2026-09-04 00:05:00+00:00
[2026-09-03T23:12:49.875+0000] {processor.py:183} INFO - Processing /opt/airflow/dags/spark_pipeline_dag.py took 0.080 seconds
[2026-09-03T23:13:20.220+0000] {processor.py:161} INFO - Started process (PID=53154) to work on /opt/airflow/dags/spark_pipeline_dag.py
[2026-09-03T23:13:20.221+0000] {processor.py:830} INFO - Processing file /opt/airflow/dags/spark_pipeline_dag.py for tasks to queue
[2026-09-03T23:13:20.222+0000] {logging_mixin.py:188} INFO - [2026-09-03T23:13:20.222+0000] {dagbag.py:538} INFO - Filling up the DagBag from /opt/airflow/dags/spark_pipeline_dag.py
[2026-09-03T23:13:20.242+0000] {processor.py:840} INFO - DAG(s) 'air_quality_pipeline' retrieved from /opt/airflow/dags/spark_pipeline_dag.py
[2026-09-03T23:13:20.259+0000] {logging_mixin.py:188} INFO - [2026-09-03T23:13:20.259+0000] {dag.py:3036} INFO - Sync 1 DAGs
[2026-09-03T23:13:20.275+0000] {logging_mixin.py:188} INFO - [2026-09-03T23:13:20.275+0000] {dag.py:3823} INFO - Setting next_dagrun for air_quality_pipeline to 2026-09-03 23:05:00+00:00, run_after=2026-09-04 00:05:00+00:00
[2026-09-03T23:13:20.292+0000] {processor.py:183} INFO - Processing /opt/airflow/dags/spark_pipeline_dag.py took 0.075 seconds
[2026-09-03T23:13:51.545+0000] {processor.py:161} INFO - Started process (PID=53164) to work on /opt/airflow/dags/spark_pipeline_dag.py
[2026-09-03T23:13:51.554+0000] {processor.py:830} INFO - Processing file /opt/airflow/dags/spark_pipeline_dag.py for tasks to queue
[2026-09-03T23:13:51.561+0000] {logging_mixin.py:188} INFO - [2026-09-03T23:13:51.560+0000] {dagbag.py:538} INFO - Filling up the DagBag from /opt/airflow/dags/spark_pipeline_dag.py
[2026-09-03T23:13:51.704+0000] {processor.py:840} INFO - DAG(s) 'air_quality_pipeline' retrieved from /opt/airflow/dags/spark_pipeline_dag.py
[2026-09-03T23:13:51.784+0000] {logging_mixin.py:188} INFO - [2026-09-03T23:13:51.783+0000] {dag.py:3036} INFO - Sync 1 DAGs
[2026-09-03T23:13:51.948+0000] {logging_mixin.py:188} INFO - [2026-09-03T23:13:51.948+0000] {dag.py:3823} INFO - Setting next_dagrun for air_quality_pipeline to 2026-09-03 23:05:00+00:00, run_after=2026-09-04 00:05:00+00:00
[2026-09-03T23:13:52.044+0000] {processor.py:183} INFO - Processing /opt/airflow/dags/spark_pipeline_dag.py took 0.504 seconds
[2026-09-03T23:46:13.214+0000] {processor.py:161} INFO - Started process (PID=53176) to work on /opt/airflow/dags/spark_pipeline_dag.py
[2026-09-03T23:46:13.221+0000] {processor.py:830} INFO - Processing file /opt/airflow/dags/spark_pipeline_dag.py for tasks to queue
[2026-09-03T23:46:13.227+0000] {logging_mixin.py:188} INFO - [2026-09-03T23:46:13.226+0000] {dagbag.py:538} INFO - Filling up the DagBag from /opt/airflow/dags/spark_pipeline_dag.py
[2026-09-03T23:46:13.374+0000] {processor.py:840} INFO - DAG(s) 'air_quality_pipeline' retrieved from /opt/airflow/dags/spark_pipeline_dag.py
[2026-09-03T23:46:13.436+0000] {logging_mixin.py:188} INFO - [2026-09-03T23:46:13.436+0000] {dag.py:3036} INFO - Sync 1 DAGs
[2026-09-03T23:46:13.484+0000] {logging_mixin.py:188} INFO - [2026-09-03T23:46:13.483+0000] {dag.py:3823} INFO - Setting next_dagrun for air_quality_pipeline to 2026-09-03 23:05:00+00:00, run_after=2026-09-04 00:05:00+00:00
[2026-09-03T23:46:13.530+0000] {processor.py:183} INFO - Processing /opt/airflow/dags/spark_pipeline_dag.py took 0.324 seconds
