[2026-08-26T17:56:16.429+0000] {processor.py:161} INFO - Started process (PID=173) to work on /opt/airflow/dags/ingestion_dag.py
[2026-08-26T17:56:16.432+0000] {processor.py:830} INFO - Processing file /opt/airflow/dags/ingestion_dag.py for tasks to queue
[2026-08-26T17:56:16.435+0000] {logging_mixin.py:188} INFO - [2026-08-26T17:56:16.433+0000] {dagbag.py:538} INFO - Filling up the DagBag from /opt/airflow/dags/ingestion_dag.py
[2026-08-26T17:56:16.763+0000] {processor.py:840} INFO - DAG(s) 'air_quality_ingestion' retrieved from /opt/airflow/dags/ingestion_dag.py
[2026-08-26T17:56:16.820+0000] {logging_mixin.py:188} INFO - [2026-08-26T17:56:16.820+0000] {dag.py:3036} INFO - Sync 1 DAGs
[2026-08-26T17:56:16.858+0000] {logging_mixin.py:188} INFO - [2026-08-26T17:56:16.857+0000] {dag.py:3823} INFO - Setting next_dagrun for air_quality_ingestion to 2026-08-26 17:00:00+00:00, run_after=2026-08-26 18:00:00+00:00
[2026-08-26T17:56:16.891+0000] {processor.py:183} INFO - Processing /opt/airflow/dags/ingestion_dag.py took 0.467 seconds
[2026-08-26T17:56:47.221+0000] {processor.py:161} INFO - Started process (PID=191) to work on /opt/airflow/dags/ingestion_dag.py
[2026-08-26T17:56:47.223+0000] {processor.py:830} INFO - Processing file /opt/airflow/dags/ingestion_dag.py for tasks to queue
[2026-08-26T17:56:47.225+0000] {logging_mixin.py:188} INFO - [2026-08-26T17:56:47.224+0000] {dagbag.py:538} INFO - Filling up the DagBag from /opt/airflow/dags/ingestion_dag.py
[2026-08-26T17:56:47.390+0000] {processor.py:840} INFO - DAG(s) 'air_quality_ingestion' retrieved from /opt/airflow/dags/ingestion_dag.py
[2026-08-26T17:56:47.475+0000] {logging_mixin.py:188} INFO - [2026-08-26T17:56:47.475+0000] {dag.py:3036} INFO - Sync 1 DAGs
[2026-08-26T17:56:47.497+0000] {logging_mixin.py:188} INFO - [2026-08-26T17:56:47.497+0000] {dag.py:3823} INFO - Setting next_dagrun for air_quality_ingestion to 2026-08-26 17:00:00+00:00, run_after=2026-08-26 18:00:00+00:00
[2026-08-26T17:56:47.522+0000] {processor.py:183} INFO - Processing /opt/airflow/dags/ingestion_dag.py took 0.304 seconds
[2026-08-26T17:57:17.822+0000] {processor.py:161} INFO - Started process (PID=201) to work on /opt/airflow/dags/ingestion_dag.py
[2026-08-26T17:57:17.823+0000] {processor.py:830} INFO - Processing file /opt/airflow/dags/ingestion_dag.py for tasks to queue
[2026-08-26T17:57:17.824+0000] {logging_mixin.py:188} INFO - [2026-08-26T17:57:17.824+0000] {dagbag.py:538} INFO - Filling up the DagBag from /opt/airflow/dags/ingestion_dag.py
[2026-08-26T17:57:17.901+0000] {processor.py:840} INFO - DAG(s) 'air_quality_ingestion' retrieved from /opt/airflow/dags/ingestion_dag.py
[2026-08-26T17:57:17.921+0000] {logging_mixin.py:188} INFO - [2026-08-26T17:57:17.921+0000] {dag.py:3036} INFO - Sync 1 DAGs
[2026-08-26T17:57:17.937+0000] {logging_mixin.py:188} INFO - [2026-08-26T17:57:17.937+0000] {dag.py:3823} INFO - Setting next_dagrun for air_quality_ingestion to 2026-08-26 17:00:00+00:00, run_after=2026-08-26 18:00:00+00:00
[2026-08-26T17:57:17.954+0000] {processor.py:183} INFO - Processing /opt/airflow/dags/ingestion_dag.py took 0.135 seconds
[2026-08-26T17:57:48.230+0000] {processor.py:161} INFO - Started process (PID=211) to work on /opt/airflow/dags/ingestion_dag.py
[2026-08-26T17:57:48.232+0000] {processor.py:830} INFO - Processing file /opt/airflow/dags/ingestion_dag.py for tasks to queue
[2026-08-26T17:57:48.234+0000] {logging_mixin.py:188} INFO - [2026-08-26T17:57:48.233+0000] {dagbag.py:538} INFO - Filling up the DagBag from /opt/airflow/dags/ingestion_dag.py
[2026-08-26T17:57:48.334+0000] {processor.py:840} INFO - DAG(s) 'air_quality_ingestion' retrieved from /opt/airflow/dags/ingestion_dag.py
[2026-08-26T17:57:48.357+0000] {logging_mixin.py:188} INFO - [2026-08-26T17:57:48.356+0000] {dag.py:3036} INFO - Sync 1 DAGs
[2026-08-26T17:57:48.377+0000] {logging_mixin.py:188} INFO - [2026-08-26T17:57:48.377+0000] {dag.py:3823} INFO - Setting next_dagrun for air_quality_ingestion to 2026-08-26 17:00:00+00:00, run_after=2026-08-26 18:00:00+00:00
[2026-08-26T17:57:48.403+0000] {processor.py:183} INFO - Processing /opt/airflow/dags/ingestion_dag.py took 0.176 seconds
[2026-08-26T17:58:18.866+0000] {processor.py:161} INFO - Started process (PID=221) to work on /opt/airflow/dags/ingestion_dag.py
[2026-08-26T17:58:18.867+0000] {processor.py:830} INFO - Processing file /opt/airflow/dags/ingestion_dag.py for tasks to queue
[2026-08-26T17:58:18.869+0000] {logging_mixin.py:188} INFO - [2026-08-26T17:58:18.868+0000] {dagbag.py:538} INFO - Filling up the DagBag from /opt/airflow/dags/ingestion_dag.py
[2026-08-26T17:58:18.957+0000] {processor.py:840} INFO - DAG(s) 'air_quality_ingestion' retrieved from /opt/airflow/dags/ingestion_dag.py
[2026-08-26T17:58:18.982+0000] {logging_mixin.py:188} INFO - [2026-08-26T17:58:18.982+0000] {dag.py:3036} INFO - Sync 1 DAGs
[2026-08-26T17:58:19.003+0000] {logging_mixin.py:188} INFO - [2026-08-26T17:58:19.003+0000] {dag.py:3823} INFO - Setting next_dagrun for air_quality_ingestion to 2026-08-26 17:00:00+00:00, run_after=2026-08-26 18:00:00+00:00
[2026-08-26T17:58:19.027+0000] {processor.py:183} INFO - Processing /opt/airflow/dags/ingestion_dag.py took 0.164 seconds
[2026-08-26T17:58:49.463+0000] {processor.py:161} INFO - Started process (PID=231) to work on /opt/airflow/dags/ingestion_dag.py
[2026-08-26T17:58:49.473+0000] {processor.py:830} INFO - Processing file /opt/airflow/dags/ingestion_dag.py for tasks to queue
[2026-08-26T17:58:49.478+0000] {logging_mixin.py:188} INFO - [2026-08-26T17:58:49.476+0000] {dagbag.py:538} INFO - Filling up the DagBag from /opt/airflow/dags/ingestion_dag.py
[2026-08-26T17:58:49.951+0000] {processor.py:840} INFO - DAG(s) 'air_quality_ingestion' retrieved from /opt/airflow/dags/ingestion_dag.py
[2026-08-26T17:58:50.022+0000] {logging_mixin.py:188} INFO - [2026-08-26T17:58:50.021+0000] {dag.py:3036} INFO - Sync 1 DAGs
[2026-08-26T17:58:50.095+0000] {logging_mixin.py:188} INFO - [2026-08-26T17:58:50.095+0000] {dag.py:3823} INFO - Setting next_dagrun for air_quality_ingestion to 2026-08-26 17:00:00+00:00, run_after=2026-08-26 18:00:00+00:00
[2026-08-26T17:58:50.149+0000] {processor.py:183} INFO - Processing /opt/airflow/dags/ingestion_dag.py took 0.702 seconds
[2026-08-26T17:59:20.419+0000] {processor.py:161} INFO - Started process (PID=241) to work on /opt/airflow/dags/ingestion_dag.py
[2026-08-26T17:59:20.421+0000] {processor.py:830} INFO - Processing file /opt/airflow/dags/ingestion_dag.py for tasks to queue
[2026-08-26T17:59:20.423+0000] {logging_mixin.py:188} INFO - [2026-08-26T17:59:20.423+0000] {dagbag.py:538} INFO - Filling up the DagBag from /opt/airflow/dags/ingestion_dag.py
[2026-08-26T17:59:20.528+0000] {processor.py:840} INFO - DAG(s) 'air_quality_ingestion' retrieved from /opt/airflow/dags/ingestion_dag.py
[2026-08-26T17:59:20.548+0000] {logging_mixin.py:188} INFO - [2026-08-26T17:59:20.548+0000] {dag.py:3036} INFO - Sync 1 DAGs
[2026-08-26T17:59:20.568+0000] {logging_mixin.py:188} INFO - [2026-08-26T17:59:20.567+0000] {dag.py:3823} INFO - Setting next_dagrun for air_quality_ingestion to 2026-08-26 17:00:00+00:00, run_after=2026-08-26 18:00:00+00:00
[2026-08-26T17:59:20.586+0000] {processor.py:183} INFO - Processing /opt/airflow/dags/ingestion_dag.py took 0.173 seconds
[2026-08-26T17:59:50.787+0000] {processor.py:161} INFO - Started process (PID=251) to work on /opt/airflow/dags/ingestion_dag.py
[2026-08-26T17:59:50.788+0000] {processor.py:830} INFO - Processing file /opt/airflow/dags/ingestion_dag.py for tasks to queue
[2026-08-26T17:59:50.789+0000] {logging_mixin.py:188} INFO - [2026-08-26T17:59:50.789+0000] {dagbag.py:538} INFO - Filling up the DagBag from /opt/airflow/dags/ingestion_dag.py
[2026-08-26T17:59:50.884+0000] {processor.py:840} INFO - DAG(s) 'air_quality_ingestion' retrieved from /opt/airflow/dags/ingestion_dag.py
[2026-08-26T17:59:50.907+0000] {logging_mixin.py:188} INFO - [2026-08-26T17:59:50.906+0000] {dag.py:3036} INFO - Sync 1 DAGs
[2026-08-26T17:59:50.927+0000] {logging_mixin.py:188} INFO - [2026-08-26T17:59:50.927+0000] {dag.py:3823} INFO - Setting next_dagrun for air_quality_ingestion to 2026-08-26 17:00:00+00:00, run_after=2026-08-26 18:00:00+00:00
[2026-08-26T17:59:50.945+0000] {processor.py:183} INFO - Processing /opt/airflow/dags/ingestion_dag.py took 0.160 seconds
[2026-08-26T18:00:21.197+0000] {processor.py:161} INFO - Started process (PID=263) to work on /opt/airflow/dags/ingestion_dag.py
[2026-08-26T18:00:21.198+0000] {processor.py:830} INFO - Processing file /opt/airflow/dags/ingestion_dag.py for tasks to queue
[2026-08-26T18:00:21.199+0000] {logging_mixin.py:188} INFO - [2026-08-26T18:00:21.199+0000] {dagbag.py:538} INFO - Filling up the DagBag from /opt/airflow/dags/ingestion_dag.py
[2026-08-26T18:00:21.294+0000] {processor.py:840} INFO - DAG(s) 'air_quality_ingestion' retrieved from /opt/airflow/dags/ingestion_dag.py
[2026-08-26T18:00:21.316+0000] {logging_mixin.py:188} INFO - [2026-08-26T18:00:21.315+0000] {dag.py:3036} INFO - Sync 1 DAGs
[2026-08-26T18:00:21.336+0000] {logging_mixin.py:188} INFO - [2026-08-26T18:00:21.336+0000] {dag.py:3823} INFO - Setting next_dagrun for air_quality_ingestion to 2026-08-26 18:00:00+00:00, run_after=2026-08-26 19:00:00+00:00
[2026-08-26T18:00:21.355+0000] {processor.py:183} INFO - Processing /opt/airflow/dags/ingestion_dag.py took 0.160 seconds
[2026-08-26T18:00:51.578+0000] {processor.py:161} INFO - Started process (PID=273) to work on /opt/airflow/dags/ingestion_dag.py
[2026-08-26T18:00:51.580+0000] {processor.py:830} INFO - Processing file /opt/airflow/dags/ingestion_dag.py for tasks to queue
[2026-08-26T18:00:51.581+0000] {logging_mixin.py:188} INFO - [2026-08-26T18:00:51.581+0000] {dagbag.py:538} INFO - Filling up the DagBag from /opt/airflow/dags/ingestion_dag.py
[2026-08-26T18:00:51.721+0000] {processor.py:840} INFO - DAG(s) 'air_quality_ingestion' retrieved from /opt/airflow/dags/ingestion_dag.py
[2026-08-26T18:00:51.747+0000] {logging_mixin.py:188} INFO - [2026-08-26T18:00:51.746+0000] {dag.py:3036} INFO - Sync 1 DAGs
[2026-08-26T18:00:51.765+0000] {logging_mixin.py:188} INFO - [2026-08-26T18:00:51.765+0000] {dag.py:3823} INFO - Setting next_dagrun for air_quality_ingestion to 2026-08-26 18:00:00+00:00, run_after=2026-08-26 19:00:00+00:00
[2026-08-26T18:00:51.781+0000] {processor.py:183} INFO - Processing /opt/airflow/dags/ingestion_dag.py took 0.207 seconds
[2026-08-26T18:01:22.052+0000] {processor.py:161} INFO - Started process (PID=283) to work on /opt/airflow/dags/ingestion_dag.py
[2026-08-26T18:01:22.053+0000] {processor.py:830} INFO - Processing file /opt/airflow/dags/ingestion_dag.py for tasks to queue
[2026-08-26T18:01:22.054+0000] {logging_mixin.py:188} INFO - [2026-08-26T18:01:22.054+0000] {dagbag.py:538} INFO - Filling up the DagBag from /opt/airflow/dags/ingestion_dag.py
[2026-08-26T18:01:22.147+0000] {processor.py:840} INFO - DAG(s) 'air_quality_ingestion' retrieved from /opt/airflow/dags/ingestion_dag.py
[2026-08-26T18:01:22.166+0000] {logging_mixin.py:188} INFO - [2026-08-26T18:01:22.166+0000] {dag.py:3036} INFO - Sync 1 DAGs
[2026-08-26T18:01:22.182+0000] {logging_mixin.py:188} INFO - [2026-08-26T18:01:22.182+0000] {dag.py:3823} INFO - Setting next_dagrun for air_quality_ingestion to 2026-08-26 18:00:00+00:00, run_after=2026-08-26 19:00:00+00:00
[2026-08-26T18:01:22.199+0000] {processor.py:183} INFO - Processing /opt/airflow/dags/ingestion_dag.py took 0.149 seconds
[2026-08-26T18:01:52.492+0000] {processor.py:161} INFO - Started process (PID=293) to work on /opt/airflow/dags/ingestion_dag.py
[2026-08-26T18:01:52.493+0000] {processor.py:830} INFO - Processing file /opt/airflow/dags/ingestion_dag.py for tasks to queue
[2026-08-26T18:01:52.494+0000] {logging_mixin.py:188} INFO - [2026-08-26T18:01:52.494+0000] {dagbag.py:538} INFO - Filling up the DagBag from /opt/airflow/dags/ingestion_dag.py
[2026-08-26T18:01:52.587+0000] {processor.py:840} INFO - DAG(s) 'air_quality_ingestion' retrieved from /opt/airflow/dags/ingestion_dag.py
[2026-08-26T18:01:52.605+0000] {logging_mixin.py:188} INFO - [2026-08-26T18:01:52.605+0000] {dag.py:3036} INFO - Sync 1 DAGs
[2026-08-26T18:01:52.624+0000] {logging_mixin.py:188} INFO - [2026-08-26T18:01:52.624+0000] {dag.py:3823} INFO - Setting next_dagrun for air_quality_ingestion to 2026-08-26 18:00:00+00:00, run_after=2026-08-26 19:00:00+00:00
[2026-08-26T18:01:52.639+0000] {processor.py:183} INFO - Processing /opt/airflow/dags/ingestion_dag.py took 0.150 seconds
[2026-08-26T18:02:22.887+0000] {processor.py:161} INFO - Started process (PID=303) to work on /opt/airflow/dags/ingestion_dag.py
[2026-08-26T18:02:22.888+0000] {processor.py:830} INFO - Processing file /opt/airflow/dags/ingestion_dag.py for tasks to queue
[2026-08-26T18:02:22.889+0000] {logging_mixin.py:188} INFO - [2026-08-26T18:02:22.888+0000] {dagbag.py:538} INFO - Filling up the DagBag from /opt/airflow/dags/ingestion_dag.py
[2026-08-26T18:02:22.977+0000] {processor.py:840} INFO - DAG(s) 'air_quality_ingestion' retrieved from /opt/airflow/dags/ingestion_dag.py
[2026-08-26T18:02:22.996+0000] {logging_mixin.py:188} INFO - [2026-08-26T18:02:22.995+0000] {dag.py:3036} INFO - Sync 1 DAGs
[2026-08-26T18:02:23.014+0000] {logging_mixin.py:188} INFO - [2026-08-26T18:02:23.014+0000] {dag.py:3823} INFO - Setting next_dagrun for air_quality_ingestion to 2026-08-26 18:00:00+00:00, run_after=2026-08-26 19:00:00+00:00
[2026-08-26T18:02:23.029+0000] {processor.py:183} INFO - Processing /opt/airflow/dags/ingestion_dag.py took 0.146 seconds
[2026-08-26T18:02:53.277+0000] {processor.py:161} INFO - Started process (PID=313) to work on /opt/airflow/dags/ingestion_dag.py
[2026-08-26T18:02:53.278+0000] {processor.py:830} INFO - Processing file /opt/airflow/dags/ingestion_dag.py for tasks to queue
[2026-08-26T18:02:53.280+0000] {logging_mixin.py:188} INFO - [2026-08-26T18:02:53.279+0000] {dagbag.py:538} INFO - Filling up the DagBag from /opt/airflow/dags/ingestion_dag.py
[2026-08-26T18:02:53.413+0000] {processor.py:840} INFO - DAG(s) 'air_quality_ingestion' retrieved from /opt/airflow/dags/ingestion_dag.py
[2026-08-26T18:02:53.440+0000] {logging_mixin.py:188} INFO - [2026-08-26T18:02:53.440+0000] {dag.py:3036} INFO - Sync 1 DAGs
[2026-08-26T18:02:53.467+0000] {logging_mixin.py:188} INFO - [2026-08-26T18:02:53.467+0000] {dag.py:3823} INFO - Setting next_dagrun for air_quality_ingestion to 2026-08-26 18:00:00+00:00, run_after=2026-08-26 19:00:00+00:00
[2026-08-26T18:02:53.497+0000] {processor.py:183} INFO - Processing /opt/airflow/dags/ingestion_dag.py took 0.224 seconds
[2026-08-26T18:03:23.678+0000] {processor.py:161} INFO - Started process (PID=323) to work on /opt/airflow/dags/ingestion_dag.py
[2026-08-26T18:03:23.679+0000] {processor.py:830} INFO - Processing file /opt/airflow/dags/ingestion_dag.py for tasks to queue
[2026-08-26T18:03:23.680+0000] {logging_mixin.py:188} INFO - [2026-08-26T18:03:23.680+0000] {dagbag.py:538} INFO - Filling up the DagBag from /opt/airflow/dags/ingestion_dag.py
[2026-08-26T18:03:23.790+0000] {processor.py:840} INFO - DAG(s) 'air_quality_ingestion' retrieved from /opt/airflow/dags/ingestion_dag.py
[2026-08-26T18:03:23.814+0000] {logging_mixin.py:188} INFO - [2026-08-26T18:03:23.814+0000] {dag.py:3036} INFO - Sync 1 DAGs
[2026-08-26T18:03:23.845+0000] {logging_mixin.py:188} INFO - [2026-08-26T18:03:23.845+0000] {dag.py:3823} INFO - Setting next_dagrun for air_quality_ingestion to 2026-08-26 18:00:00+00:00, run_after=2026-08-26 19:00:00+00:00
[2026-08-26T18:03:23.867+0000] {processor.py:183} INFO - Processing /opt/airflow/dags/ingestion_dag.py took 0.193 seconds
[2026-08-26T18:03:54.108+0000] {processor.py:161} INFO - Started process (PID=333) to work on /opt/airflow/dags/ingestion_dag.py
[2026-08-26T18:03:54.109+0000] {processor.py:830} INFO - Processing file /opt/airflow/dags/ingestion_dag.py for tasks to queue
[2026-08-26T18:03:54.110+0000] {logging_mixin.py:188} INFO - [2026-08-26T18:03:54.109+0000] {dagbag.py:538} INFO - Filling up the DagBag from /opt/airflow/dags/ingestion_dag.py
[2026-08-26T18:03:54.191+0000] {processor.py:840} INFO - DAG(s) 'air_quality_ingestion' retrieved from /opt/airflow/dags/ingestion_dag.py
[2026-08-26T18:03:54.208+0000] {logging_mixin.py:188} INFO - [2026-08-26T18:03:54.208+0000] {dag.py:3036} INFO - Sync 1 DAGs
[2026-08-26T18:03:54.225+0000] {logging_mixin.py:188} INFO - [2026-08-26T18:03:54.225+0000] {dag.py:3823} INFO - Setting next_dagrun for air_quality_ingestion to 2026-08-26 18:00:00+00:00, run_after=2026-08-26 19:00:00+00:00
[2026-08-26T18:03:54.242+0000] {processor.py:183} INFO - Processing /opt/airflow/dags/ingestion_dag.py took 0.137 seconds
[2026-08-26T18:04:24.540+0000] {processor.py:161} INFO - Started process (PID=343) to work on /opt/airflow/dags/ingestion_dag.py
[2026-08-26T18:04:24.542+0000] {processor.py:830} INFO - Processing file /opt/airflow/dags/ingestion_dag.py for tasks to queue
[2026-08-26T18:04:24.543+0000] {logging_mixin.py:188} INFO - [2026-08-26T18:04:24.543+0000] {dagbag.py:538} INFO - Filling up the DagBag from /opt/airflow/dags/ingestion_dag.py
[2026-08-26T18:04:24.632+0000] {processor.py:840} INFO - DAG(s) 'air_quality_ingestion' retrieved from /opt/airflow/dags/ingestion_dag.py
[2026-08-26T18:04:24.656+0000] {logging_mixin.py:188} INFO - [2026-08-26T18:04:24.656+0000] {dag.py:3036} INFO - Sync 1 DAGs
[2026-08-26T18:04:24.675+0000] {logging_mixin.py:188} INFO - [2026-08-26T18:04:24.675+0000] {dag.py:3823} INFO - Setting next_dagrun for air_quality_ingestion to 2026-08-26 18:00:00+00:00, run_after=2026-08-26 19:00:00+00:00
[2026-08-26T18:04:24.694+0000] {processor.py:183} INFO - Processing /opt/airflow/dags/ingestion_dag.py took 0.158 seconds
[2026-08-26T18:04:55.014+0000] {processor.py:161} INFO - Started process (PID=353) to work on /opt/airflow/dags/ingestion_dag.py
[2026-08-26T18:04:55.015+0000] {processor.py:830} INFO - Processing file /opt/airflow/dags/ingestion_dag.py for tasks to queue
[2026-08-26T18:04:55.016+0000] {logging_mixin.py:188} INFO - [2026-08-26T18:04:55.016+0000] {dagbag.py:538} INFO - Filling up the DagBag from /opt/airflow/dags/ingestion_dag.py
[2026-08-26T18:04:55.093+0000] {processor.py:840} INFO - DAG(s) 'air_quality_ingestion' retrieved from /opt/airflow/dags/ingestion_dag.py
[2026-08-26T18:04:55.113+0000] {logging_mixin.py:188} INFO - [2026-08-26T18:04:55.112+0000] {dag.py:3036} INFO - Sync 1 DAGs
[2026-08-26T18:04:55.130+0000] {logging_mixin.py:188} INFO - [2026-08-26T18:04:55.130+0000] {dag.py:3823} INFO - Setting next_dagrun for air_quality_ingestion to 2026-08-26 18:00:00+00:00, run_after=2026-08-26 19:00:00+00:00
[2026-08-26T18:04:55.148+0000] {processor.py:183} INFO - Processing /opt/airflow/dags/ingestion_dag.py took 0.137 seconds
[2026-08-26T18:05:25.495+0000] {processor.py:161} INFO - Started process (PID=365) to work on /opt/airflow/dags/ingestion_dag.py
[2026-08-26T18:05:25.496+0000] {processor.py:830} INFO - Processing file /opt/airflow/dags/ingestion_dag.py for tasks to queue
[2026-08-26T18:05:25.497+0000] {logging_mixin.py:188} INFO - [2026-08-26T18:05:25.497+0000] {dagbag.py:538} INFO - Filling up the DagBag from /opt/airflow/dags/ingestion_dag.py
[2026-08-26T18:05:25.586+0000] {processor.py:840} INFO - DAG(s) 'air_quality_ingestion' retrieved from /opt/airflow/dags/ingestion_dag.py
[2026-08-26T18:05:25.604+0000] {logging_mixin.py:188} INFO - [2026-08-26T18:05:25.604+0000] {dag.py:3036} INFO - Sync 1 DAGs
[2026-08-26T18:05:25.622+0000] {logging_mixin.py:188} INFO - [2026-08-26T18:05:25.622+0000] {dag.py:3823} INFO - Setting next_dagrun for air_quality_ingestion to 2026-08-26 18:00:00+00:00, run_after=2026-08-26 19:00:00+00:00
[2026-08-26T18:05:25.638+0000] {processor.py:183} INFO - Processing /opt/airflow/dags/ingestion_dag.py took 0.147 seconds
[2026-08-26T18:05:55.937+0000] {processor.py:161} INFO - Started process (PID=375) to work on /opt/airflow/dags/ingestion_dag.py
[2026-08-26T18:05:55.939+0000] {processor.py:830} INFO - Processing file /opt/airflow/dags/ingestion_dag.py for tasks to queue
[2026-08-26T18:05:55.940+0000] {logging_mixin.py:188} INFO - [2026-08-26T18:05:55.939+0000] {dagbag.py:538} INFO - Filling up the DagBag from /opt/airflow/dags/ingestion_dag.py
[2026-08-26T18:05:56.018+0000] {processor.py:840} INFO - DAG(s) 'air_quality_ingestion' retrieved from /opt/airflow/dags/ingestion_dag.py
[2026-08-26T18:05:56.034+0000] {logging_mixin.py:188} INFO - [2026-08-26T18:05:56.034+0000] {dag.py:3036} INFO - Sync 1 DAGs
[2026-08-26T18:05:56.052+0000] {logging_mixin.py:188} INFO - [2026-08-26T18:05:56.052+0000] {dag.py:3823} INFO - Setting next_dagrun for air_quality_ingestion to 2026-08-26 18:00:00+00:00, run_after=2026-08-26 19:00:00+00:00
[2026-08-26T18:05:56.066+0000] {processor.py:183} INFO - Processing /opt/airflow/dags/ingestion_dag.py took 0.132 seconds
[2026-08-26T18:06:26.423+0000] {processor.py:161} INFO - Started process (PID=385) to work on /opt/airflow/dags/ingestion_dag.py
[2026-08-26T18:06:26.424+0000] {processor.py:830} INFO - Processing file /opt/airflow/dags/ingestion_dag.py for tasks to queue
[2026-08-26T18:06:26.425+0000] {logging_mixin.py:188} INFO - [2026-08-26T18:06:26.424+0000] {dagbag.py:538} INFO - Filling up the DagBag from /opt/airflow/dags/ingestion_dag.py
[2026-08-26T18:06:26.503+0000] {processor.py:840} INFO - DAG(s) 'air_quality_ingestion' retrieved from /opt/airflow/dags/ingestion_dag.py
[2026-08-26T18:06:26.526+0000] {logging_mixin.py:188} INFO - [2026-08-26T18:06:26.525+0000] {dag.py:3036} INFO - Sync 1 DAGs
[2026-08-26T18:06:26.544+0000] {logging_mixin.py:188} INFO - [2026-08-26T18:06:26.544+0000] {dag.py:3823} INFO - Setting next_dagrun for air_quality_ingestion to 2026-08-26 18:00:00+00:00, run_after=2026-08-26 19:00:00+00:00
[2026-08-26T18:06:26.562+0000] {processor.py:183} INFO - Processing /opt/airflow/dags/ingestion_dag.py took 0.142 seconds
[2026-08-26T18:06:56.865+0000] {processor.py:161} INFO - Started process (PID=395) to work on /opt/airflow/dags/ingestion_dag.py
[2026-08-26T18:06:56.866+0000] {processor.py:830} INFO - Processing file /opt/airflow/dags/ingestion_dag.py for tasks to queue
[2026-08-26T18:06:56.867+0000] {logging_mixin.py:188} INFO - [2026-08-26T18:06:56.866+0000] {dagbag.py:538} INFO - Filling up the DagBag from /opt/airflow/dags/ingestion_dag.py
[2026-08-26T18:06:56.944+0000] {processor.py:840} INFO - DAG(s) 'air_quality_ingestion' retrieved from /opt/airflow/dags/ingestion_dag.py
[2026-08-26T18:06:56.965+0000] {logging_mixin.py:188} INFO - [2026-08-26T18:06:56.964+0000] {dag.py:3036} INFO - Sync 1 DAGs
[2026-08-26T18:06:56.984+0000] {logging_mixin.py:188} INFO - [2026-08-26T18:06:56.983+0000] {dag.py:3823} INFO - Setting next_dagrun for air_quality_ingestion to 2026-08-26 18:00:00+00:00, run_after=2026-08-26 19:00:00+00:00
[2026-08-26T18:06:57.000+0000] {processor.py:183} INFO - Processing /opt/airflow/dags/ingestion_dag.py took 0.138 seconds
[2026-08-26T18:07:27.281+0000] {processor.py:161} INFO - Started process (PID=405) to work on /opt/airflow/dags/ingestion_dag.py
[2026-08-26T18:07:27.282+0000] {processor.py:830} INFO - Processing file /opt/airflow/dags/ingestion_dag.py for tasks to queue
[2026-08-26T18:07:27.283+0000] {logging_mixin.py:188} INFO - [2026-08-26T18:07:27.282+0000] {dagbag.py:538} INFO - Filling up the DagBag from /opt/airflow/dags/ingestion_dag.py
[2026-08-26T18:07:27.360+0000] {processor.py:840} INFO - DAG(s) 'air_quality_ingestion' retrieved from /opt/airflow/dags/ingestion_dag.py
[2026-08-26T18:07:27.376+0000] {logging_mixin.py:188} INFO - [2026-08-26T18:07:27.376+0000] {dag.py:3036} INFO - Sync 1 DAGs
[2026-08-26T18:07:27.393+0000] {logging_mixin.py:188} INFO - [2026-08-26T18:07:27.392+0000] {dag.py:3823} INFO - Setting next_dagrun for air_quality_ingestion to 2026-08-26 18:00:00+00:00, run_after=2026-08-26 19:00:00+00:00
[2026-08-26T18:07:27.407+0000] {processor.py:183} INFO - Processing /opt/airflow/dags/ingestion_dag.py took 0.130 seconds
[2026-08-26T18:07:57.707+0000] {processor.py:161} INFO - Started process (PID=415) to work on /opt/airflow/dags/ingestion_dag.py
[2026-08-26T18:07:57.709+0000] {processor.py:830} INFO - Processing file /opt/airflow/dags/ingestion_dag.py for tasks to queue
[2026-08-26T18:07:57.710+0000] {logging_mixin.py:188} INFO - [2026-08-26T18:07:57.710+0000] {dagbag.py:538} INFO - Filling up the DagBag from /opt/airflow/dags/ingestion_dag.py
[2026-08-26T18:07:57.801+0000] {processor.py:840} INFO - DAG(s) 'air_quality_ingestion' retrieved from /opt/airflow/dags/ingestion_dag.py
[2026-08-26T18:07:57.821+0000] {logging_mixin.py:188} INFO - [2026-08-26T18:07:57.821+0000] {dag.py:3036} INFO - Sync 1 DAGs
[2026-08-26T18:07:57.839+0000] {logging_mixin.py:188} INFO - [2026-08-26T18:07:57.839+0000] {dag.py:3823} INFO - Setting next_dagrun for air_quality_ingestion to 2026-08-26 18:00:00+00:00, run_after=2026-08-26 19:00:00+00:00
[2026-08-26T18:07:57.856+0000] {processor.py:183} INFO - Processing /opt/airflow/dags/ingestion_dag.py took 0.153 seconds
[2026-08-26T18:08:28.181+0000] {processor.py:161} INFO - Started process (PID=425) to work on /opt/airflow/dags/ingestion_dag.py
[2026-08-26T18:08:28.182+0000] {processor.py:830} INFO - Processing file /opt/airflow/dags/ingestion_dag.py for tasks to queue
[2026-08-26T18:08:28.183+0000] {logging_mixin.py:188} INFO - [2026-08-26T18:08:28.183+0000] {dagbag.py:538} INFO - Filling up the DagBag from /opt/airflow/dags/ingestion_dag.py
[2026-08-26T18:08:28.264+0000] {processor.py:840} INFO - DAG(s) 'air_quality_ingestion' retrieved from /opt/airflow/dags/ingestion_dag.py
[2026-08-26T18:08:28.283+0000] {logging_mixin.py:188} INFO - [2026-08-26T18:08:28.283+0000] {dag.py:3036} INFO - Sync 1 DAGs
[2026-08-26T18:08:28.301+0000] {logging_mixin.py:188} INFO - [2026-08-26T18:08:28.301+0000] {dag.py:3823} INFO - Setting next_dagrun for air_quality_ingestion to 2026-08-26 18:00:00+00:00, run_after=2026-08-26 19:00:00+00:00
[2026-08-26T18:08:28.317+0000] {processor.py:183} INFO - Processing /opt/airflow/dags/ingestion_dag.py took 0.139 seconds
[2026-08-26T18:08:58.603+0000] {processor.py:161} INFO - Started process (PID=435) to work on /opt/airflow/dags/ingestion_dag.py
[2026-08-26T18:08:58.604+0000] {processor.py:830} INFO - Processing file /opt/airflow/dags/ingestion_dag.py for tasks to queue
[2026-08-26T18:08:58.605+0000] {logging_mixin.py:188} INFO - [2026-08-26T18:08:58.605+0000] {dagbag.py:538} INFO - Filling up the DagBag from /opt/airflow/dags/ingestion_dag.py
[2026-08-26T18:08:58.682+0000] {processor.py:840} INFO - DAG(s) 'air_quality_ingestion' retrieved from /opt/airflow/dags/ingestion_dag.py
[2026-08-26T18:08:58.702+0000] {logging_mixin.py:188} INFO - [2026-08-26T18:08:58.702+0000] {dag.py:3036} INFO - Sync 1 DAGs
[2026-08-26T18:08:58.719+0000] {logging_mixin.py:188} INFO - [2026-08-26T18:08:58.719+0000] {dag.py:3823} INFO - Setting next_dagrun for air_quality_ingestion to 2026-08-26 18:00:00+00:00, run_after=2026-08-26 19:00:00+00:00
[2026-08-26T18:08:58.734+0000] {processor.py:183} INFO - Processing /opt/airflow/dags/ingestion_dag.py took 0.134 seconds
[2026-08-26T18:09:29.027+0000] {processor.py:161} INFO - Started process (PID=445) to work on /opt/airflow/dags/ingestion_dag.py
[2026-08-26T18:09:29.028+0000] {processor.py:830} INFO - Processing file /opt/airflow/dags/ingestion_dag.py for tasks to queue
[2026-08-26T18:09:29.029+0000] {logging_mixin.py:188} INFO - [2026-08-26T18:09:29.028+0000] {dagbag.py:538} INFO - Filling up the DagBag from /opt/airflow/dags/ingestion_dag.py
[2026-08-26T18:09:29.106+0000] {processor.py:840} INFO - DAG(s) 'air_quality_ingestion' retrieved from /opt/airflow/dags/ingestion_dag.py
[2026-08-26T18:09:29.125+0000] {logging_mixin.py:188} INFO - [2026-08-26T18:09:29.125+0000] {dag.py:3036} INFO - Sync 1 DAGs
[2026-08-26T18:09:29.143+0000] {logging_mixin.py:188} INFO - [2026-08-26T18:09:29.143+0000] {dag.py:3823} INFO - Setting next_dagrun for air_quality_ingestion to 2026-08-26 18:00:00+00:00, run_after=2026-08-26 19:00:00+00:00
[2026-08-26T18:09:29.161+0000] {processor.py:183} INFO - Processing /opt/airflow/dags/ingestion_dag.py took 0.136 seconds
[2026-08-26T18:09:59.526+0000] {processor.py:161} INFO - Started process (PID=455) to work on /opt/airflow/dags/ingestion_dag.py
[2026-08-26T18:09:59.528+0000] {processor.py:830} INFO - Processing file /opt/airflow/dags/ingestion_dag.py for tasks to queue
[2026-08-26T18:09:59.530+0000] {logging_mixin.py:188} INFO - [2026-08-26T18:09:59.529+0000] {dagbag.py:538} INFO - Filling up the DagBag from /opt/airflow/dags/ingestion_dag.py
[2026-08-26T18:09:59.617+0000] {processor.py:840} INFO - DAG(s) 'air_quality_ingestion' retrieved from /opt/airflow/dags/ingestion_dag.py
[2026-08-26T18:09:59.636+0000] {logging_mixin.py:188} INFO - [2026-08-26T18:09:59.635+0000] {dag.py:3036} INFO - Sync 1 DAGs
[2026-08-26T18:09:59.653+0000] {logging_mixin.py:188} INFO - [2026-08-26T18:09:59.653+0000] {dag.py:3823} INFO - Setting next_dagrun for air_quality_ingestion to 2026-08-26 18:00:00+00:00, run_after=2026-08-26 19:00:00+00:00
[2026-08-26T18:09:59.667+0000] {processor.py:183} INFO - Processing /opt/airflow/dags/ingestion_dag.py took 0.147 seconds
[2026-08-26T18:10:29.976+0000] {processor.py:161} INFO - Started process (PID=465) to work on /opt/airflow/dags/ingestion_dag.py
[2026-08-26T18:10:29.977+0000] {processor.py:830} INFO - Processing file /opt/airflow/dags/ingestion_dag.py for tasks to queue
[2026-08-26T18:10:29.978+0000] {logging_mixin.py:188} INFO - [2026-08-26T18:10:29.977+0000] {dagbag.py:538} INFO - Filling up the DagBag from /opt/airflow/dags/ingestion_dag.py
[2026-08-26T18:10:30.051+0000] {processor.py:840} INFO - DAG(s) 'air_quality_ingestion' retrieved from /opt/airflow/dags/ingestion_dag.py
[2026-08-26T18:10:30.068+0000] {logging_mixin.py:188} INFO - [2026-08-26T18:10:30.068+0000] {dag.py:3036} INFO - Sync 1 DAGs
[2026-08-26T18:10:30.085+0000] {logging_mixin.py:188} INFO - [2026-08-26T18:10:30.085+0000] {dag.py:3823} INFO - Setting next_dagrun for air_quality_ingestion to 2026-08-26 18:00:00+00:00, run_after=2026-08-26 19:00:00+00:00
[2026-08-26T18:10:30.101+0000] {processor.py:183} INFO - Processing /opt/airflow/dags/ingestion_dag.py took 0.127 seconds
[2026-08-26T18:11:00.390+0000] {processor.py:161} INFO - Started process (PID=475) to work on /opt/airflow/dags/ingestion_dag.py
[2026-08-26T18:11:00.391+0000] {processor.py:830} INFO - Processing file /opt/airflow/dags/ingestion_dag.py for tasks to queue
[2026-08-26T18:11:00.392+0000] {logging_mixin.py:188} INFO - [2026-08-26T18:11:00.392+0000] {dagbag.py:538} INFO - Filling up the DagBag from /opt/airflow/dags/ingestion_dag.py
[2026-08-26T18:11:00.482+0000] {processor.py:840} INFO - DAG(s) 'air_quality_ingestion' retrieved from /opt/airflow/dags/ingestion_dag.py
[2026-08-26T18:11:00.502+0000] {logging_mixin.py:188} INFO - [2026-08-26T18:11:00.501+0000] {dag.py:3036} INFO - Sync 1 DAGs
[2026-08-26T18:11:00.520+0000] {logging_mixin.py:188} INFO - [2026-08-26T18:11:00.520+0000] {dag.py:3823} INFO - Setting next_dagrun for air_quality_ingestion to 2026-08-26 18:00:00+00:00, run_after=2026-08-26 19:00:00+00:00
[2026-08-26T18:11:00.539+0000] {processor.py:183} INFO - Processing /opt/airflow/dags/ingestion_dag.py took 0.151 seconds
[2026-08-26T18:11:30.912+0000] {processor.py:161} INFO - Started process (PID=485) to work on /opt/airflow/dags/ingestion_dag.py
[2026-08-26T18:11:30.913+0000] {processor.py:830} INFO - Processing file /opt/airflow/dags/ingestion_dag.py for tasks to queue
[2026-08-26T18:11:30.914+0000] {logging_mixin.py:188} INFO - [2026-08-26T18:11:30.914+0000] {dagbag.py:538} INFO - Filling up the DagBag from /opt/airflow/dags/ingestion_dag.py
[2026-08-26T18:11:30.998+0000] {processor.py:840} INFO - DAG(s) 'air_quality_ingestion' retrieved from /opt/airflow/dags/ingestion_dag.py
[2026-08-26T18:11:31.018+0000] {logging_mixin.py:188} INFO - [2026-08-26T18:11:31.018+0000] {dag.py:3036} INFO - Sync 1 DAGs
[2026-08-26T18:11:31.036+0000] {logging_mixin.py:188} INFO - [2026-08-26T18:11:31.036+0000] {dag.py:3823} INFO - Setting next_dagrun for air_quality_ingestion to 2026-08-26 18:00:00+00:00, run_after=2026-08-26 19:00:00+00:00
[2026-08-26T18:11:31.054+0000] {processor.py:183} INFO - Processing /opt/airflow/dags/ingestion_dag.py took 0.145 seconds
[2026-08-26T18:12:01.426+0000] {processor.py:161} INFO - Started process (PID=495) to work on /opt/airflow/dags/ingestion_dag.py
[2026-08-26T18:12:01.427+0000] {processor.py:830} INFO - Processing file /opt/airflow/dags/ingestion_dag.py for tasks to queue
[2026-08-26T18:12:01.428+0000] {logging_mixin.py:188} INFO - [2026-08-26T18:12:01.427+0000] {dagbag.py:538} INFO - Filling up the DagBag from /opt/airflow/dags/ingestion_dag.py
[2026-08-26T18:12:01.505+0000] {processor.py:840} INFO - DAG(s) 'air_quality_ingestion' retrieved from /opt/airflow/dags/ingestion_dag.py
[2026-08-26T18:12:01.523+0000] {logging_mixin.py:188} INFO - [2026-08-26T18:12:01.523+0000] {dag.py:3036} INFO - Sync 1 DAGs
[2026-08-26T18:12:01.540+0000] {logging_mixin.py:188} INFO - [2026-08-26T18:12:01.540+0000] {dag.py:3823} INFO - Setting next_dagrun for air_quality_ingestion to 2026-08-26 18:00:00+00:00, run_after=2026-08-26 19:00:00+00:00
[2026-08-26T18:12:01.556+0000] {processor.py:183} INFO - Processing /opt/airflow/dags/ingestion_dag.py took 0.132 seconds
[2026-08-26T18:12:31.886+0000] {processor.py:161} INFO - Started process (PID=505) to work on /opt/airflow/dags/ingestion_dag.py
[2026-08-26T18:12:31.887+0000] {processor.py:830} INFO - Processing file /opt/airflow/dags/ingestion_dag.py for tasks to queue
[2026-08-26T18:12:31.888+0000] {logging_mixin.py:188} INFO - [2026-08-26T18:12:31.887+0000] {dagbag.py:538} INFO - Filling up the DagBag from /opt/airflow/dags/ingestion_dag.py
[2026-08-26T18:12:31.961+0000] {processor.py:840} INFO - DAG(s) 'air_quality_ingestion' retrieved from /opt/airflow/dags/ingestion_dag.py
[2026-08-26T18:12:31.979+0000] {logging_mixin.py:188} INFO - [2026-08-26T18:12:31.979+0000] {dag.py:3036} INFO - Sync 1 DAGs
[2026-08-26T18:12:31.996+0000] {logging_mixin.py:188} INFO - [2026-08-26T18:12:31.996+0000] {dag.py:3823} INFO - Setting next_dagrun for air_quality_ingestion to 2026-08-26 18:00:00+00:00, run_after=2026-08-26 19:00:00+00:00
[2026-08-26T18:12:32.012+0000] {processor.py:183} INFO - Processing /opt/airflow/dags/ingestion_dag.py took 0.129 seconds
[2026-08-26T18:13:02.388+0000] {processor.py:161} INFO - Started process (PID=515) to work on /opt/airflow/dags/ingestion_dag.py
[2026-08-26T18:13:02.389+0000] {processor.py:830} INFO - Processing file /opt/airflow/dags/ingestion_dag.py for tasks to queue
[2026-08-26T18:13:02.390+0000] {logging_mixin.py:188} INFO - [2026-08-26T18:13:02.390+0000] {dagbag.py:538} INFO - Filling up the DagBag from /opt/airflow/dags/ingestion_dag.py
[2026-08-26T18:13:02.494+0000] {processor.py:840} INFO - DAG(s) 'air_quality_ingestion' retrieved from /opt/airflow/dags/ingestion_dag.py
[2026-08-26T18:13:02.520+0000] {logging_mixin.py:188} INFO - [2026-08-26T18:13:02.520+0000] {dag.py:3036} INFO - Sync 1 DAGs
[2026-08-26T18:13:02.541+0000] {logging_mixin.py:188} INFO - [2026-08-26T18:13:02.541+0000] {dag.py:3823} INFO - Setting next_dagrun for air_quality_ingestion to 2026-08-26 18:00:00+00:00, run_after=2026-08-26 19:00:00+00:00
[2026-08-26T18:13:02.563+0000] {processor.py:183} INFO - Processing /opt/airflow/dags/ingestion_dag.py took 0.178 seconds
[2026-08-26T18:13:32.851+0000] {processor.py:161} INFO - Started process (PID=525) to work on /opt/airflow/dags/ingestion_dag.py
[2026-08-26T18:13:32.853+0000] {processor.py:830} INFO - Processing file /opt/airflow/dags/ingestion_dag.py for tasks to queue
[2026-08-26T18:13:32.854+0000] {logging_mixin.py:188} INFO - [2026-08-26T18:13:32.853+0000] {dagbag.py:538} INFO - Filling up the DagBag from /opt/airflow/dags/ingestion_dag.py
[2026-08-26T18:13:32.928+0000] {processor.py:840} INFO - DAG(s) 'air_quality_ingestion' retrieved from /opt/airflow/dags/ingestion_dag.py
[2026-08-26T18:13:32.954+0000] {logging_mixin.py:188} INFO - [2026-08-26T18:13:32.953+0000] {dag.py:3036} INFO - Sync 1 DAGs
[2026-08-26T18:13:32.974+0000] {logging_mixin.py:188} INFO - [2026-08-26T18:13:32.974+0000] {dag.py:3823} INFO - Setting next_dagrun for air_quality_ingestion to 2026-08-26 18:00:00+00:00, run_after=2026-08-26 19:00:00+00:00
[2026-08-26T18:13:32.993+0000] {processor.py:183} INFO - Processing /opt/airflow/dags/ingestion_dag.py took 0.145 seconds
[2026-08-26T18:14:03.349+0000] {processor.py:161} INFO - Started process (PID=535) to work on /opt/airflow/dags/ingestion_dag.py
[2026-08-26T18:14:03.350+0000] {processor.py:830} INFO - Processing file /opt/airflow/dags/ingestion_dag.py for tasks to queue
[2026-08-26T18:14:03.351+0000] {logging_mixin.py:188} INFO - [2026-08-26T18:14:03.351+0000] {dagbag.py:538} INFO - Filling up the DagBag from /opt/airflow/dags/ingestion_dag.py
[2026-08-26T18:14:03.435+0000] {processor.py:840} INFO - DAG(s) 'air_quality_ingestion' retrieved from /opt/airflow/dags/ingestion_dag.py
[2026-08-26T18:14:03.456+0000] {logging_mixin.py:188} INFO - [2026-08-26T18:14:03.456+0000] {dag.py:3036} INFO - Sync 1 DAGs
[2026-08-26T18:14:03.476+0000] {logging_mixin.py:188} INFO - [2026-08-26T18:14:03.476+0000] {dag.py:3823} INFO - Setting next_dagrun for air_quality_ingestion to 2026-08-26 18:00:00+00:00, run_after=2026-08-26 19:00:00+00:00
[2026-08-26T18:14:03.493+0000] {processor.py:183} INFO - Processing /opt/airflow/dags/ingestion_dag.py took 0.147 seconds
[2026-08-26T18:14:33.783+0000] {processor.py:161} INFO - Started process (PID=545) to work on /opt/airflow/dags/ingestion_dag.py
[2026-08-26T18:14:33.784+0000] {processor.py:830} INFO - Processing file /opt/airflow/dags/ingestion_dag.py for tasks to queue
[2026-08-26T18:14:33.785+0000] {logging_mixin.py:188} INFO - [2026-08-26T18:14:33.785+0000] {dagbag.py:538} INFO - Filling up the DagBag from /opt/airflow/dags/ingestion_dag.py
[2026-08-26T18:14:33.871+0000] {processor.py:840} INFO - DAG(s) 'air_quality_ingestion' retrieved from /opt/airflow/dags/ingestion_dag.py
[2026-08-26T18:14:33.890+0000] {logging_mixin.py:188} INFO - [2026-08-26T18:14:33.890+0000] {dag.py:3036} INFO - Sync 1 DAGs
[2026-08-26T18:14:33.909+0000] {logging_mixin.py:188} INFO - [2026-08-26T18:14:33.909+0000] {dag.py:3823} INFO - Setting next_dagrun for air_quality_ingestion to 2026-08-26 18:00:00+00:00, run_after=2026-08-26 19:00:00+00:00
[2026-08-26T18:14:33.926+0000] {processor.py:183} INFO - Processing /opt/airflow/dags/ingestion_dag.py took 0.146 seconds
[2026-08-26T18:15:04.251+0000] {processor.py:161} INFO - Started process (PID=555) to work on /opt/airflow/dags/ingestion_dag.py
[2026-08-26T18:15:04.252+0000] {processor.py:830} INFO - Processing file /opt/airflow/dags/ingestion_dag.py for tasks to queue
[2026-08-26T18:15:04.253+0000] {logging_mixin.py:188} INFO - [2026-08-26T18:15:04.252+0000] {dagbag.py:538} INFO - Filling up the DagBag from /opt/airflow/dags/ingestion_dag.py
[2026-08-26T18:15:04.326+0000] {processor.py:840} INFO - DAG(s) 'air_quality_ingestion' retrieved from /opt/airflow/dags/ingestion_dag.py
[2026-08-26T18:15:04.344+0000] {logging_mixin.py:188} INFO - [2026-08-26T18:15:04.344+0000] {dag.py:3036} INFO - Sync 1 DAGs
[2026-08-26T18:15:04.360+0000] {logging_mixin.py:188} INFO - [2026-08-26T18:15:04.360+0000] {dag.py:3823} INFO - Setting next_dagrun for air_quality_ingestion to 2026-08-26 18:00:00+00:00, run_after=2026-08-26 19:00:00+00:00
[2026-08-26T18:15:04.375+0000] {processor.py:183} INFO - Processing /opt/airflow/dags/ingestion_dag.py took 0.127 seconds
[2026-08-26T18:15:34.711+0000] {processor.py:161} INFO - Started process (PID=565) to work on /opt/airflow/dags/ingestion_dag.py
[2026-08-26T18:15:34.713+0000] {processor.py:830} INFO - Processing file /opt/airflow/dags/ingestion_dag.py for tasks to queue
[2026-08-26T18:15:34.714+0000] {logging_mixin.py:188} INFO - [2026-08-26T18:15:34.714+0000] {dagbag.py:538} INFO - Filling up the DagBag from /opt/airflow/dags/ingestion_dag.py
[2026-08-26T18:15:34.796+0000] {processor.py:840} INFO - DAG(s) 'air_quality_ingestion' retrieved from /opt/airflow/dags/ingestion_dag.py
[2026-08-26T18:15:34.822+0000] {logging_mixin.py:188} INFO - [2026-08-26T18:15:34.822+0000] {dag.py:3036} INFO - Sync 1 DAGs
[2026-08-26T18:15:34.843+0000] {logging_mixin.py:188} INFO - [2026-08-26T18:15:34.843+0000] {dag.py:3823} INFO - Setting next_dagrun for air_quality_ingestion to 2026-08-26 18:00:00+00:00, run_after=2026-08-26 19:00:00+00:00
[2026-08-26T18:15:34.860+0000] {processor.py:183} INFO - Processing /opt/airflow/dags/ingestion_dag.py took 0.152 seconds
[2026-08-26T18:16:05.198+0000] {processor.py:161} INFO - Started process (PID=575) to work on /opt/airflow/dags/ingestion_dag.py
[2026-08-26T18:16:05.199+0000] {processor.py:830} INFO - Processing file /opt/airflow/dags/ingestion_dag.py for tasks to queue
[2026-08-26T18:16:05.199+0000] {logging_mixin.py:188} INFO - [2026-08-26T18:16:05.199+0000] {dagbag.py:538} INFO - Filling up the DagBag from /opt/airflow/dags/ingestion_dag.py
[2026-08-26T18:16:05.271+0000] {processor.py:840} INFO - DAG(s) 'air_quality_ingestion' retrieved from /opt/airflow/dags/ingestion_dag.py
[2026-08-26T18:16:05.291+0000] {logging_mixin.py:188} INFO - [2026-08-26T18:16:05.291+0000] {dag.py:3036} INFO - Sync 1 DAGs
[2026-08-26T18:16:05.310+0000] {logging_mixin.py:188} INFO - [2026-08-26T18:16:05.309+0000] {dag.py:3823} INFO - Setting next_dagrun for air_quality_ingestion to 2026-08-26 18:00:00+00:00, run_after=2026-08-26 19:00:00+00:00
[2026-08-26T18:16:05.325+0000] {processor.py:183} INFO - Processing /opt/airflow/dags/ingestion_dag.py took 0.130 seconds
[2026-08-26T18:16:35.747+0000] {processor.py:161} INFO - Started process (PID=585) to work on /opt/airflow/dags/ingestion_dag.py
[2026-08-26T18:16:35.747+0000] {processor.py:830} INFO - Processing file /opt/airflow/dags/ingestion_dag.py for tasks to queue
[2026-08-26T18:16:35.748+0000] {logging_mixin.py:188} INFO - [2026-08-26T18:16:35.748+0000] {dagbag.py:538} INFO - Filling up the DagBag from /opt/airflow/dags/ingestion_dag.py
[2026-08-26T18:16:35.823+0000] {processor.py:840} INFO - DAG(s) 'air_quality_ingestion' retrieved from /opt/airflow/dags/ingestion_dag.py
[2026-08-26T18:16:35.841+0000] {logging_mixin.py:188} INFO - [2026-08-26T18:16:35.841+0000] {dag.py:3036} INFO - Sync 1 DAGs
[2026-08-26T18:16:35.858+0000] {logging_mixin.py:188} INFO - [2026-08-26T18:16:35.857+0000] {dag.py:3823} INFO - Setting next_dagrun for air_quality_ingestion to 2026-08-26 18:00:00+00:00, run_after=2026-08-26 19:00:00+00:00
[2026-08-26T18:16:35.873+0000] {processor.py:183} INFO - Processing /opt/airflow/dags/ingestion_dag.py took 0.129 seconds
[2026-08-26T18:17:06.187+0000] {processor.py:161} INFO - Started process (PID=595) to work on /opt/airflow/dags/ingestion_dag.py
[2026-08-26T18:17:06.188+0000] {processor.py:830} INFO - Processing file /opt/airflow/dags/ingestion_dag.py for tasks to queue
[2026-08-26T18:17:06.189+0000] {logging_mixin.py:188} INFO - [2026-08-26T18:17:06.189+0000] {dagbag.py:538} INFO - Filling up the DagBag from /opt/airflow/dags/ingestion_dag.py
[2026-08-26T18:17:06.261+0000] {processor.py:840} INFO - DAG(s) 'air_quality_ingestion' retrieved from /opt/airflow/dags/ingestion_dag.py
[2026-08-26T18:17:06.280+0000] {logging_mixin.py:188} INFO - [2026-08-26T18:17:06.280+0000] {dag.py:3036} INFO - Sync 1 DAGs
[2026-08-26T18:17:06.297+0000] {logging_mixin.py:188} INFO - [2026-08-26T18:17:06.296+0000] {dag.py:3823} INFO - Setting next_dagrun for air_quality_ingestion to 2026-08-26 18:00:00+00:00, run_after=2026-08-26 19:00:00+00:00
[2026-08-26T18:17:06.313+0000] {processor.py:183} INFO - Processing /opt/airflow/dags/ingestion_dag.py took 0.128 seconds
[2026-08-26T18:17:36.660+0000] {processor.py:161} INFO - Started process (PID=605) to work on /opt/airflow/dags/ingestion_dag.py
[2026-08-26T18:17:36.661+0000] {processor.py:830} INFO - Processing file /opt/airflow/dags/ingestion_dag.py for tasks to queue
[2026-08-26T18:17:36.662+0000] {logging_mixin.py:188} INFO - [2026-08-26T18:17:36.662+0000] {dagbag.py:538} INFO - Filling up the DagBag from /opt/airflow/dags/ingestion_dag.py
[2026-08-26T18:17:36.736+0000] {processor.py:840} INFO - DAG(s) 'air_quality_ingestion' retrieved from /opt/airflow/dags/ingestion_dag.py
[2026-08-26T18:17:36.754+0000] {logging_mixin.py:188} INFO - [2026-08-26T18:17:36.754+0000] {dag.py:3036} INFO - Sync 1 DAGs
[2026-08-26T18:17:36.770+0000] {logging_mixin.py:188} INFO - [2026-08-26T18:17:36.770+0000] {dag.py:3823} INFO - Setting next_dagrun for air_quality_ingestion to 2026-08-26 18:00:00+00:00, run_after=2026-08-26 19:00:00+00:00
[2026-08-26T18:17:36.786+0000] {processor.py:183} INFO - Processing /opt/airflow/dags/ingestion_dag.py took 0.128 seconds
[2026-08-26T18:18:07.082+0000] {processor.py:161} INFO - Started process (PID=615) to work on /opt/airflow/dags/ingestion_dag.py
[2026-08-26T18:18:07.083+0000] {processor.py:830} INFO - Processing file /opt/airflow/dags/ingestion_dag.py for tasks to queue
[2026-08-26T18:18:07.084+0000] {logging_mixin.py:188} INFO - [2026-08-26T18:18:07.084+0000] {dagbag.py:538} INFO - Filling up the DagBag from /opt/airflow/dags/ingestion_dag.py
[2026-08-26T18:18:07.168+0000] {processor.py:840} INFO - DAG(s) 'air_quality_ingestion' retrieved from /opt/airflow/dags/ingestion_dag.py
[2026-08-26T18:18:07.187+0000] {logging_mixin.py:188} INFO - [2026-08-26T18:18:07.187+0000] {dag.py:3036} INFO - Sync 1 DAGs
[2026-08-26T18:18:07.206+0000] {logging_mixin.py:188} INFO - [2026-08-26T18:18:07.206+0000] {dag.py:3823} INFO - Setting next_dagrun for air_quality_ingestion to 2026-08-26 18:00:00+00:00, run_after=2026-08-26 19:00:00+00:00
[2026-08-26T18:18:07.221+0000] {processor.py:183} INFO - Processing /opt/airflow/dags/ingestion_dag.py took 0.141 seconds
[2026-08-26T18:18:37.582+0000] {processor.py:161} INFO - Started process (PID=625) to work on /opt/airflow/dags/ingestion_dag.py
[2026-08-26T18:18:37.583+0000] {processor.py:830} INFO - Processing file /opt/airflow/dags/ingestion_dag.py for tasks to queue
[2026-08-26T18:18:37.584+0000] {logging_mixin.py:188} INFO - [2026-08-26T18:18:37.584+0000] {dagbag.py:538} INFO - Filling up the DagBag from /opt/airflow/dags/ingestion_dag.py
[2026-08-26T18:18:37.657+0000] {processor.py:840} INFO - DAG(s) 'air_quality_ingestion' retrieved from /opt/airflow/dags/ingestion_dag.py
[2026-08-26T18:18:37.675+0000] {logging_mixin.py:188} INFO - [2026-08-26T18:18:37.675+0000] {dag.py:3036} INFO - Sync 1 DAGs
[2026-08-26T18:18:37.693+0000] {logging_mixin.py:188} INFO - [2026-08-26T18:18:37.692+0000] {dag.py:3823} INFO - Setting next_dagrun for air_quality_ingestion to 2026-08-26 18:00:00+00:00, run_after=2026-08-26 19:00:00+00:00
[2026-08-26T18:18:37.708+0000] {processor.py:183} INFO - Processing /opt/airflow/dags/ingestion_dag.py took 0.129 seconds
[2026-08-26T18:19:07.998+0000] {processor.py:161} INFO - Started process (PID=635) to work on /opt/airflow/dags/ingestion_dag.py
[2026-08-26T18:19:08.000+0000] {processor.py:830} INFO - Processing file /opt/airflow/dags/ingestion_dag.py for tasks to queue
[2026-08-26T18:19:08.001+0000] {logging_mixin.py:188} INFO - [2026-08-26T18:19:08.000+0000] {dagbag.py:538} INFO - Filling up the DagBag from /opt/airflow/dags/ingestion_dag.py
[2026-08-26T18:19:08.097+0000] {processor.py:840} INFO - DAG(s) 'air_quality_ingestion' retrieved from /opt/airflow/dags/ingestion_dag.py
[2026-08-26T18:19:08.119+0000] {logging_mixin.py:188} INFO - [2026-08-26T18:19:08.119+0000] {dag.py:3036} INFO - Sync 1 DAGs
[2026-08-26T18:19:08.138+0000] {logging_mixin.py:188} INFO - [2026-08-26T18:19:08.138+0000] {dag.py:3823} INFO - Setting next_dagrun for air_quality_ingestion to 2026-08-26 18:00:00+00:00, run_after=2026-08-26 19:00:00+00:00
[2026-08-26T18:19:08.156+0000] {processor.py:183} INFO - Processing /opt/airflow/dags/ingestion_dag.py took 0.160 seconds
[2026-08-26T18:19:38.417+0000] {processor.py:161} INFO - Started process (PID=645) to work on /opt/airflow/dags/ingestion_dag.py
[2026-08-26T18:19:38.419+0000] {processor.py:830} INFO - Processing file /opt/airflow/dags/ingestion_dag.py for tasks to queue
[2026-08-26T18:19:38.420+0000] {logging_mixin.py:188} INFO - [2026-08-26T18:19:38.419+0000] {dagbag.py:538} INFO - Filling up the DagBag from /opt/airflow/dags/ingestion_dag.py
[2026-08-26T18:19:38.499+0000] {processor.py:840} INFO - DAG(s) 'air_quality_ingestion' retrieved from /opt/airflow/dags/ingestion_dag.py
[2026-08-26T18:19:38.516+0000] {logging_mixin.py:188} INFO - [2026-08-26T18:19:38.516+0000] {dag.py:3036} INFO - Sync 1 DAGs
[2026-08-26T18:19:38.532+0000] {logging_mixin.py:188} INFO - [2026-08-26T18:19:38.532+0000] {dag.py:3823} INFO - Setting next_dagrun for air_quality_ingestion to 2026-08-26 18:00:00+00:00, run_after=2026-08-26 19:00:00+00:00
[2026-08-26T18:19:38.549+0000] {processor.py:183} INFO - Processing /opt/airflow/dags/ingestion_dag.py took 0.134 seconds
[2026-08-26T18:20:08.870+0000] {processor.py:161} INFO - Started process (PID=655) to work on /opt/airflow/dags/ingestion_dag.py
[2026-08-26T18:20:08.872+0000] {processor.py:830} INFO - Processing file /opt/airflow/dags/ingestion_dag.py for tasks to queue
[2026-08-26T18:20:08.873+0000] {logging_mixin.py:188} INFO - [2026-08-26T18:20:08.873+0000] {dagbag.py:538} INFO - Filling up the DagBag from /opt/airflow/dags/ingestion_dag.py
[2026-08-26T18:20:08.953+0000] {processor.py:840} INFO - DAG(s) 'air_quality_ingestion' retrieved from /opt/airflow/dags/ingestion_dag.py
[2026-08-26T18:20:08.971+0000] {logging_mixin.py:188} INFO - [2026-08-26T18:20:08.971+0000] {dag.py:3036} INFO - Sync 1 DAGs
[2026-08-26T18:20:08.990+0000] {logging_mixin.py:188} INFO - [2026-08-26T18:20:08.989+0000] {dag.py:3823} INFO - Setting next_dagrun for air_quality_ingestion to 2026-08-26 18:00:00+00:00, run_after=2026-08-26 19:00:00+00:00
[2026-08-26T18:20:09.006+0000] {processor.py:183} INFO - Processing /opt/airflow/dags/ingestion_dag.py took 0.138 seconds
[2026-08-26T18:20:39.359+0000] {processor.py:161} INFO - Started process (PID=665) to work on /opt/airflow/dags/ingestion_dag.py
[2026-08-26T18:20:39.361+0000] {processor.py:830} INFO - Processing file /opt/airflow/dags/ingestion_dag.py for tasks to queue
[2026-08-26T18:20:39.362+0000] {logging_mixin.py:188} INFO - [2026-08-26T18:20:39.362+0000] {dagbag.py:538} INFO - Filling up the DagBag from /opt/airflow/dags/ingestion_dag.py
[2026-08-26T18:20:39.443+0000] {processor.py:840} INFO - DAG(s) 'air_quality_ingestion' retrieved from /opt/airflow/dags/ingestion_dag.py
[2026-08-26T18:20:39.464+0000] {logging_mixin.py:188} INFO - [2026-08-26T18:20:39.464+0000] {dag.py:3036} INFO - Sync 1 DAGs
[2026-08-26T18:20:39.482+0000] {logging_mixin.py:188} INFO - [2026-08-26T18:20:39.481+0000] {dag.py:3823} INFO - Setting next_dagrun for air_quality_ingestion to 2026-08-26 18:00:00+00:00, run_after=2026-08-26 19:00:00+00:00
[2026-08-26T18:20:39.495+0000] {processor.py:183} INFO - Processing /opt/airflow/dags/ingestion_dag.py took 0.139 seconds
[2026-08-26T18:21:09.827+0000] {processor.py:161} INFO - Started process (PID=675) to work on /opt/airflow/dags/ingestion_dag.py
[2026-08-26T18:21:09.829+0000] {processor.py:830} INFO - Processing file /opt/airflow/dags/ingestion_dag.py for tasks to queue
[2026-08-26T18:21:09.830+0000] {logging_mixin.py:188} INFO - [2026-08-26T18:21:09.829+0000] {dagbag.py:538} INFO - Filling up the DagBag from /opt/airflow/dags/ingestion_dag.py
[2026-08-26T18:21:09.910+0000] {processor.py:840} INFO - DAG(s) 'air_quality_ingestion' retrieved from /opt/airflow/dags/ingestion_dag.py
[2026-08-26T18:21:09.927+0000] {logging_mixin.py:188} INFO - [2026-08-26T18:21:09.926+0000] {dag.py:3036} INFO - Sync 1 DAGs
[2026-08-26T18:21:09.943+0000] {logging_mixin.py:188} INFO - [2026-08-26T18:21:09.943+0000] {dag.py:3823} INFO - Setting next_dagrun for air_quality_ingestion to 2026-08-26 18:00:00+00:00, run_after=2026-08-26 19:00:00+00:00
[2026-08-26T18:21:09.959+0000] {processor.py:183} INFO - Processing /opt/airflow/dags/ingestion_dag.py took 0.134 seconds
[2026-08-26T18:21:40.343+0000] {processor.py:161} INFO - Started process (PID=685) to work on /opt/airflow/dags/ingestion_dag.py
[2026-08-26T18:21:40.344+0000] {processor.py:830} INFO - Processing file /opt/airflow/dags/ingestion_dag.py for tasks to queue
[2026-08-26T18:21:40.345+0000] {logging_mixin.py:188} INFO - [2026-08-26T18:21:40.345+0000] {dagbag.py:538} INFO - Filling up the DagBag from /opt/airflow/dags/ingestion_dag.py
[2026-08-26T18:21:40.418+0000] {processor.py:840} INFO - DAG(s) 'air_quality_ingestion' retrieved from /opt/airflow/dags/ingestion_dag.py
[2026-08-26T18:21:40.435+0000] {logging_mixin.py:188} INFO - [2026-08-26T18:21:40.435+0000] {dag.py:3036} INFO - Sync 1 DAGs
[2026-08-26T18:21:40.452+0000] {logging_mixin.py:188} INFO - [2026-08-26T18:21:40.452+0000] {dag.py:3823} INFO - Setting next_dagrun for air_quality_ingestion to 2026-08-26 18:00:00+00:00, run_after=2026-08-26 19:00:00+00:00
[2026-08-26T18:21:40.469+0000] {processor.py:183} INFO - Processing /opt/airflow/dags/ingestion_dag.py took 0.128 seconds
[2026-08-26T18:22:10.808+0000] {processor.py:161} INFO - Started process (PID=695) to work on /opt/airflow/dags/ingestion_dag.py
[2026-08-26T18:22:10.810+0000] {processor.py:830} INFO - Processing file /opt/airflow/dags/ingestion_dag.py for tasks to queue
[2026-08-26T18:22:10.811+0000] {logging_mixin.py:188} INFO - [2026-08-26T18:22:10.811+0000] {dagbag.py:538} INFO - Filling up the DagBag from /opt/airflow/dags/ingestion_dag.py
[2026-08-26T18:22:10.908+0000] {processor.py:840} INFO - DAG(s) 'air_quality_ingestion' retrieved from /opt/airflow/dags/ingestion_dag.py
[2026-08-26T18:22:10.930+0000] {logging_mixin.py:188} INFO - [2026-08-26T18:22:10.929+0000] {dag.py:3036} INFO - Sync 1 DAGs
[2026-08-26T18:22:10.950+0000] {logging_mixin.py:188} INFO - [2026-08-26T18:22:10.949+0000] {dag.py:3823} INFO - Setting next_dagrun for air_quality_ingestion to 2026-08-26 18:00:00+00:00, run_after=2026-08-26 19:00:00+00:00
[2026-08-26T18:22:10.969+0000] {processor.py:183} INFO - Processing /opt/airflow/dags/ingestion_dag.py took 0.163 seconds
[2026-08-26T18:22:41.292+0000] {processor.py:161} INFO - Started process (PID=705) to work on /opt/airflow/dags/ingestion_dag.py
[2026-08-26T18:22:41.294+0000] {processor.py:830} INFO - Processing file /opt/airflow/dags/ingestion_dag.py for tasks to queue
[2026-08-26T18:22:41.295+0000] {logging_mixin.py:188} INFO - [2026-08-26T18:22:41.294+0000] {dagbag.py:538} INFO - Filling up the DagBag from /opt/airflow/dags/ingestion_dag.py
[2026-08-26T18:22:41.385+0000] {processor.py:840} INFO - DAG(s) 'air_quality_ingestion' retrieved from /opt/airflow/dags/ingestion_dag.py
[2026-08-26T18:22:41.407+0000] {logging_mixin.py:188} INFO - [2026-08-26T18:22:41.407+0000] {dag.py:3036} INFO - Sync 1 DAGs
[2026-08-26T18:22:41.428+0000] {logging_mixin.py:188} INFO - [2026-08-26T18:22:41.427+0000] {dag.py:3823} INFO - Setting next_dagrun for air_quality_ingestion to 2026-08-26 18:00:00+00:00, run_after=2026-08-26 19:00:00+00:00
[2026-08-26T18:22:41.443+0000] {processor.py:183} INFO - Processing /opt/airflow/dags/ingestion_dag.py took 0.154 seconds
[2026-08-26T18:23:11.755+0000] {processor.py:161} INFO - Started process (PID=715) to work on /opt/airflow/dags/ingestion_dag.py
[2026-08-26T18:23:11.756+0000] {processor.py:830} INFO - Processing file /opt/airflow/dags/ingestion_dag.py for tasks to queue
[2026-08-26T18:23:11.757+0000] {logging_mixin.py:188} INFO - [2026-08-26T18:23:11.757+0000] {dagbag.py:538} INFO - Filling up the DagBag from /opt/airflow/dags/ingestion_dag.py
[2026-08-26T18:23:11.857+0000] {processor.py:840} INFO - DAG(s) 'air_quality_ingestion' retrieved from /opt/airflow/dags/ingestion_dag.py
[2026-08-26T18:23:11.873+0000] {logging_mixin.py:188} INFO - [2026-08-26T18:23:11.873+0000] {dag.py:3036} INFO - Sync 1 DAGs
[2026-08-26T18:23:11.890+0000] {logging_mixin.py:188} INFO - [2026-08-26T18:23:11.890+0000] {dag.py:3823} INFO - Setting next_dagrun for air_quality_ingestion to 2026-08-26 18:00:00+00:00, run_after=2026-08-26 19:00:00+00:00
[2026-08-26T18:23:11.906+0000] {processor.py:183} INFO - Processing /opt/airflow/dags/ingestion_dag.py took 0.154 seconds
[2026-08-26T18:23:42.196+0000] {processor.py:161} INFO - Started process (PID=725) to work on /opt/airflow/dags/ingestion_dag.py
[2026-08-26T18:23:42.197+0000] {processor.py:830} INFO - Processing file /opt/airflow/dags/ingestion_dag.py for tasks to queue
[2026-08-26T18:23:42.199+0000] {logging_mixin.py:188} INFO - [2026-08-26T18:23:42.198+0000] {dagbag.py:538} INFO - Filling up the DagBag from /opt/airflow/dags/ingestion_dag.py
[2026-08-26T18:23:42.293+0000] {processor.py:840} INFO - DAG(s) 'air_quality_ingestion' retrieved from /opt/airflow/dags/ingestion_dag.py
[2026-08-26T18:23:42.314+0000] {logging_mixin.py:188} INFO - [2026-08-26T18:23:42.314+0000] {dag.py:3036} INFO - Sync 1 DAGs
[2026-08-26T18:23:42.332+0000] {logging_mixin.py:188} INFO - [2026-08-26T18:23:42.332+0000] {dag.py:3823} INFO - Setting next_dagrun for air_quality_ingestion to 2026-08-26 18:00:00+00:00, run_after=2026-08-26 19:00:00+00:00
[2026-08-26T18:23:42.348+0000] {processor.py:183} INFO - Processing /opt/airflow/dags/ingestion_dag.py took 0.155 seconds
[2026-08-26T18:24:12.703+0000] {processor.py:161} INFO - Started process (PID=735) to work on /opt/airflow/dags/ingestion_dag.py
[2026-08-26T18:24:12.704+0000] {processor.py:830} INFO - Processing file /opt/airflow/dags/ingestion_dag.py for tasks to queue
[2026-08-26T18:24:12.705+0000] {logging_mixin.py:188} INFO - [2026-08-26T18:24:12.705+0000] {dagbag.py:538} INFO - Filling up the DagBag from /opt/airflow/dags/ingestion_dag.py
[2026-08-26T18:24:12.802+0000] {processor.py:840} INFO - DAG(s) 'air_quality_ingestion' retrieved from /opt/airflow/dags/ingestion_dag.py
[2026-08-26T18:24:12.824+0000] {logging_mixin.py:188} INFO - [2026-08-26T18:24:12.824+0000] {dag.py:3036} INFO - Sync 1 DAGs
[2026-08-26T18:24:12.843+0000] {logging_mixin.py:188} INFO - [2026-08-26T18:24:12.843+0000] {dag.py:3823} INFO - Setting next_dagrun for air_quality_ingestion to 2026-08-26 18:00:00+00:00, run_after=2026-08-26 19:00:00+00:00
[2026-08-26T18:24:12.859+0000] {processor.py:183} INFO - Processing /opt/airflow/dags/ingestion_dag.py took 0.159 seconds
[2026-08-26T18:24:43.205+0000] {processor.py:161} INFO - Started process (PID=745) to work on /opt/airflow/dags/ingestion_dag.py
[2026-08-26T18:24:43.208+0000] {processor.py:830} INFO - Processing file /opt/airflow/dags/ingestion_dag.py for tasks to queue
[2026-08-26T18:24:43.209+0000] {logging_mixin.py:188} INFO - [2026-08-26T18:24:43.209+0000] {dagbag.py:538} INFO - Filling up the DagBag from /opt/airflow/dags/ingestion_dag.py
[2026-08-26T18:24:43.293+0000] {processor.py:840} INFO - DAG(s) 'air_quality_ingestion' retrieved from /opt/airflow/dags/ingestion_dag.py
[2026-08-26T18:24:43.314+0000] {logging_mixin.py:188} INFO - [2026-08-26T18:24:43.314+0000] {dag.py:3036} INFO - Sync 1 DAGs
[2026-08-26T18:24:43.335+0000] {logging_mixin.py:188} INFO - [2026-08-26T18:24:43.334+0000] {dag.py:3823} INFO - Setting next_dagrun for air_quality_ingestion to 2026-08-26 18:00:00+00:00, run_after=2026-08-26 19:00:00+00:00
[2026-08-26T18:24:43.351+0000] {processor.py:183} INFO - Processing /opt/airflow/dags/ingestion_dag.py took 0.149 seconds
[2026-08-26T18:25:13.682+0000] {processor.py:161} INFO - Started process (PID=755) to work on /opt/airflow/dags/ingestion_dag.py
[2026-08-26T18:25:13.683+0000] {processor.py:830} INFO - Processing file /opt/airflow/dags/ingestion_dag.py for tasks to queue
[2026-08-26T18:25:13.684+0000] {logging_mixin.py:188} INFO - [2026-08-26T18:25:13.684+0000] {dagbag.py:538} INFO - Filling up the DagBag from /opt/airflow/dags/ingestion_dag.py
[2026-08-26T18:25:13.789+0000] {processor.py:840} INFO - DAG(s) 'air_quality_ingestion' retrieved from /opt/airflow/dags/ingestion_dag.py
[2026-08-26T18:25:13.817+0000] {logging_mixin.py:188} INFO - [2026-08-26T18:25:13.817+0000] {dag.py:3036} INFO - Sync 1 DAGs
[2026-08-26T18:25:13.841+0000] {logging_mixin.py:188} INFO - [2026-08-26T18:25:13.841+0000] {dag.py:3823} INFO - Setting next_dagrun for air_quality_ingestion to 2026-08-26 18:00:00+00:00, run_after=2026-08-26 19:00:00+00:00
[2026-08-26T18:25:13.866+0000] {processor.py:183} INFO - Processing /opt/airflow/dags/ingestion_dag.py took 0.187 seconds
[2026-08-26T18:25:44.167+0000] {processor.py:161} INFO - Started process (PID=765) to work on /opt/airflow/dags/ingestion_dag.py
[2026-08-26T18:25:44.167+0000] {processor.py:830} INFO - Processing file /opt/airflow/dags/ingestion_dag.py for tasks to queue
[2026-08-26T18:25:44.168+0000] {logging_mixin.py:188} INFO - [2026-08-26T18:25:44.168+0000] {dagbag.py:538} INFO - Filling up the DagBag from /opt/airflow/dags/ingestion_dag.py
[2026-08-26T18:25:44.246+0000] {processor.py:840} INFO - DAG(s) 'air_quality_ingestion' retrieved from /opt/airflow/dags/ingestion_dag.py
[2026-08-26T18:25:44.268+0000] {logging_mixin.py:188} INFO - [2026-08-26T18:25:44.267+0000] {dag.py:3036} INFO - Sync 1 DAGs
[2026-08-26T18:25:44.288+0000] {logging_mixin.py:188} INFO - [2026-08-26T18:25:44.288+0000] {dag.py:3823} INFO - Setting next_dagrun for air_quality_ingestion to 2026-08-26 18:00:00+00:00, run_after=2026-08-26 19:00:00+00:00
[2026-08-26T18:25:44.305+0000] {processor.py:183} INFO - Processing /opt/airflow/dags/ingestion_dag.py took 0.141 seconds
[2026-08-26T18:26:14.664+0000] {processor.py:161} INFO - Started process (PID=775) to work on /opt/airflow/dags/ingestion_dag.py
[2026-08-26T18:26:14.666+0000] {processor.py:830} INFO - Processing file /opt/airflow/dags/ingestion_dag.py for tasks to queue
[2026-08-26T18:26:14.667+0000] {logging_mixin.py:188} INFO - [2026-08-26T18:26:14.666+0000] {dagbag.py:538} INFO - Filling up the DagBag from /opt/airflow/dags/ingestion_dag.py
[2026-08-26T18:26:14.745+0000] {processor.py:840} INFO - DAG(s) 'air_quality_ingestion' retrieved from /opt/airflow/dags/ingestion_dag.py
[2026-08-26T18:26:14.761+0000] {logging_mixin.py:188} INFO - [2026-08-26T18:26:14.761+0000] {dag.py:3036} INFO - Sync 1 DAGs
[2026-08-26T18:26:14.779+0000] {logging_mixin.py:188} INFO - [2026-08-26T18:26:14.779+0000] {dag.py:3823} INFO - Setting next_dagrun for air_quality_ingestion to 2026-08-26 18:00:00+00:00, run_after=2026-08-26 19:00:00+00:00
[2026-08-26T18:26:14.793+0000] {processor.py:183} INFO - Processing /opt/airflow/dags/ingestion_dag.py took 0.132 seconds
[2026-08-26T18:26:45.222+0000] {processor.py:161} INFO - Started process (PID=785) to work on /opt/airflow/dags/ingestion_dag.py
[2026-08-26T18:26:45.223+0000] {processor.py:830} INFO - Processing file /opt/airflow/dags/ingestion_dag.py for tasks to queue
[2026-08-26T18:26:45.224+0000] {logging_mixin.py:188} INFO - [2026-08-26T18:26:45.224+0000] {dagbag.py:538} INFO - Filling up the DagBag from /opt/airflow/dags/ingestion_dag.py
[2026-08-26T18:26:45.300+0000] {processor.py:840} INFO - DAG(s) 'air_quality_ingestion' retrieved from /opt/airflow/dags/ingestion_dag.py
[2026-08-26T18:26:45.317+0000] {logging_mixin.py:188} INFO - [2026-08-26T18:26:45.317+0000] {dag.py:3036} INFO - Sync 1 DAGs
[2026-08-26T18:26:45.335+0000] {logging_mixin.py:188} INFO - [2026-08-26T18:26:45.335+0000] {dag.py:3823} INFO - Setting next_dagrun for air_quality_ingestion to 2026-08-26 18:00:00+00:00, run_after=2026-08-26 19:00:00+00:00
[2026-08-26T18:26:45.351+0000] {processor.py:183} INFO - Processing /opt/airflow/dags/ingestion_dag.py took 0.132 seconds
[2026-08-26T18:27:15.727+0000] {processor.py:161} INFO - Started process (PID=795) to work on /opt/airflow/dags/ingestion_dag.py
[2026-08-26T18:27:15.728+0000] {processor.py:830} INFO - Processing file /opt/airflow/dags/ingestion_dag.py for tasks to queue
[2026-08-26T18:27:15.729+0000] {logging_mixin.py:188} INFO - [2026-08-26T18:27:15.729+0000] {dagbag.py:538} INFO - Filling up the DagBag from /opt/airflow/dags/ingestion_dag.py
[2026-08-26T18:27:15.811+0000] {processor.py:840} INFO - DAG(s) 'air_quality_ingestion' retrieved from /opt/airflow/dags/ingestion_dag.py
[2026-08-26T18:27:15.828+0000] {logging_mixin.py:188} INFO - [2026-08-26T18:27:15.828+0000] {dag.py:3036} INFO - Sync 1 DAGs
[2026-08-26T18:27:15.845+0000] {logging_mixin.py:188} INFO - [2026-08-26T18:27:15.844+0000] {dag.py:3823} INFO - Setting next_dagrun for air_quality_ingestion to 2026-08-26 18:00:00+00:00, run_after=2026-08-26 19:00:00+00:00
[2026-08-26T18:27:15.859+0000] {processor.py:183} INFO - Processing /opt/airflow/dags/ingestion_dag.py took 0.136 seconds
[2026-08-26T18:27:46.169+0000] {processor.py:161} INFO - Started process (PID=805) to work on /opt/airflow/dags/ingestion_dag.py
[2026-08-26T18:27:46.171+0000] {processor.py:830} INFO - Processing file /opt/airflow/dags/ingestion_dag.py for tasks to queue
[2026-08-26T18:27:46.172+0000] {logging_mixin.py:188} INFO - [2026-08-26T18:27:46.171+0000] {dagbag.py:538} INFO - Filling up the DagBag from /opt/airflow/dags/ingestion_dag.py
[2026-08-26T18:27:46.269+0000] {processor.py:840} INFO - DAG(s) 'air_quality_ingestion' retrieved from /opt/airflow/dags/ingestion_dag.py
[2026-08-26T18:27:46.289+0000] {logging_mixin.py:188} INFO - [2026-08-26T18:27:46.289+0000] {dag.py:3036} INFO - Sync 1 DAGs
[2026-08-26T18:27:46.306+0000] {logging_mixin.py:188} INFO - [2026-08-26T18:27:46.306+0000] {dag.py:3823} INFO - Setting next_dagrun for air_quality_ingestion to 2026-08-26 18:00:00+00:00, run_after=2026-08-26 19:00:00+00:00
[2026-08-26T18:27:46.325+0000] {processor.py:183} INFO - Processing /opt/airflow/dags/ingestion_dag.py took 0.158 seconds
[2026-08-26T18:28:16.671+0000] {processor.py:161} INFO - Started process (PID=815) to work on /opt/airflow/dags/ingestion_dag.py
[2026-08-26T18:28:16.672+0000] {processor.py:830} INFO - Processing file /opt/airflow/dags/ingestion_dag.py for tasks to queue
[2026-08-26T18:28:16.673+0000] {logging_mixin.py:188} INFO - [2026-08-26T18:28:16.673+0000] {dagbag.py:538} INFO - Filling up the DagBag from /opt/airflow/dags/ingestion_dag.py
[2026-08-26T18:28:16.752+0000] {processor.py:840} INFO - DAG(s) 'air_quality_ingestion' retrieved from /opt/airflow/dags/ingestion_dag.py
[2026-08-26T18:28:16.772+0000] {logging_mixin.py:188} INFO - [2026-08-26T18:28:16.772+0000] {dag.py:3036} INFO - Sync 1 DAGs
[2026-08-26T18:28:16.790+0000] {logging_mixin.py:188} INFO - [2026-08-26T18:28:16.790+0000] {dag.py:3823} INFO - Setting next_dagrun for air_quality_ingestion to 2026-08-26 18:00:00+00:00, run_after=2026-08-26 19:00:00+00:00
[2026-08-26T18:28:16.808+0000] {processor.py:183} INFO - Processing /opt/airflow/dags/ingestion_dag.py took 0.140 seconds
[2026-08-26T18:28:47.144+0000] {processor.py:161} INFO - Started process (PID=825) to work on /opt/airflow/dags/ingestion_dag.py
[2026-08-26T18:28:47.146+0000] {processor.py:830} INFO - Processing file /opt/airflow/dags/ingestion_dag.py for tasks to queue
[2026-08-26T18:28:47.147+0000] {logging_mixin.py:188} INFO - [2026-08-26T18:28:47.146+0000] {dagbag.py:538} INFO - Filling up the DagBag from /opt/airflow/dags/ingestion_dag.py
[2026-08-26T18:28:47.227+0000] {processor.py:840} INFO - DAG(s) 'air_quality_ingestion' retrieved from /opt/airflow/dags/ingestion_dag.py
[2026-08-26T18:28:47.250+0000] {logging_mixin.py:188} INFO - [2026-08-26T18:28:47.249+0000] {dag.py:3036} INFO - Sync 1 DAGs
[2026-08-26T18:28:47.271+0000] {logging_mixin.py:188} INFO - [2026-08-26T18:28:47.270+0000] {dag.py:3823} INFO - Setting next_dagrun for air_quality_ingestion to 2026-08-26 18:00:00+00:00, run_after=2026-08-26 19:00:00+00:00
[2026-08-26T18:28:47.289+0000] {processor.py:183} INFO - Processing /opt/airflow/dags/ingestion_dag.py took 0.148 seconds
[2026-08-26T18:29:17.653+0000] {processor.py:161} INFO - Started process (PID=835) to work on /opt/airflow/dags/ingestion_dag.py
[2026-08-26T18:29:17.654+0000] {processor.py:830} INFO - Processing file /opt/airflow/dags/ingestion_dag.py for tasks to queue
[2026-08-26T18:29:17.655+0000] {logging_mixin.py:188} INFO - [2026-08-26T18:29:17.655+0000] {dagbag.py:538} INFO - Filling up the DagBag from /opt/airflow/dags/ingestion_dag.py
[2026-08-26T18:29:17.736+0000] {processor.py:840} INFO - DAG(s) 'air_quality_ingestion' retrieved from /opt/airflow/dags/ingestion_dag.py
[2026-08-26T18:29:17.756+0000] {logging_mixin.py:188} INFO - [2026-08-26T18:29:17.756+0000] {dag.py:3036} INFO - Sync 1 DAGs
[2026-08-26T18:29:17.777+0000] {logging_mixin.py:188} INFO - [2026-08-26T18:29:17.777+0000] {dag.py:3823} INFO - Setting next_dagrun for air_quality_ingestion to 2026-08-26 18:00:00+00:00, run_after=2026-08-26 19:00:00+00:00
[2026-08-26T18:29:17.798+0000] {processor.py:183} INFO - Processing /opt/airflow/dags/ingestion_dag.py took 0.148 seconds
[2026-08-26T18:29:48.126+0000] {processor.py:161} INFO - Started process (PID=845) to work on /opt/airflow/dags/ingestion_dag.py
[2026-08-26T18:29:48.127+0000] {processor.py:830} INFO - Processing file /opt/airflow/dags/ingestion_dag.py for tasks to queue
[2026-08-26T18:29:48.128+0000] {logging_mixin.py:188} INFO - [2026-08-26T18:29:48.128+0000] {dagbag.py:538} INFO - Filling up the DagBag from /opt/airflow/dags/ingestion_dag.py
[2026-08-26T18:29:48.209+0000] {processor.py:840} INFO - DAG(s) 'air_quality_ingestion' retrieved from /opt/airflow/dags/ingestion_dag.py
[2026-08-26T18:29:48.227+0000] {logging_mixin.py:188} INFO - [2026-08-26T18:29:48.226+0000] {dag.py:3036} INFO - Sync 1 DAGs
[2026-08-26T18:29:48.243+0000] {logging_mixin.py:188} INFO - [2026-08-26T18:29:48.243+0000] {dag.py:3823} INFO - Setting next_dagrun for air_quality_ingestion to 2026-08-26 18:00:00+00:00, run_after=2026-08-26 19:00:00+00:00
[2026-08-26T18:29:48.258+0000] {processor.py:183} INFO - Processing /opt/airflow/dags/ingestion_dag.py took 0.134 seconds
[2026-08-26T18:30:18.599+0000] {processor.py:161} INFO - Started process (PID=855) to work on /opt/airflow/dags/ingestion_dag.py
[2026-08-26T18:30:18.600+0000] {processor.py:830} INFO - Processing file /opt/airflow/dags/ingestion_dag.py for tasks to queue
[2026-08-26T18:30:18.601+0000] {logging_mixin.py:188} INFO - [2026-08-26T18:30:18.601+0000] {dagbag.py:538} INFO - Filling up the DagBag from /opt/airflow/dags/ingestion_dag.py
[2026-08-26T18:30:18.674+0000] {processor.py:840} INFO - DAG(s) 'air_quality_ingestion' retrieved from /opt/airflow/dags/ingestion_dag.py
[2026-08-26T18:30:18.694+0000] {logging_mixin.py:188} INFO - [2026-08-26T18:30:18.693+0000] {dag.py:3036} INFO - Sync 1 DAGs
[2026-08-26T18:30:18.711+0000] {logging_mixin.py:188} INFO - [2026-08-26T18:30:18.710+0000] {dag.py:3823} INFO - Setting next_dagrun for air_quality_ingestion to 2026-08-26 18:00:00+00:00, run_after=2026-08-26 19:00:00+00:00
[2026-08-26T18:30:18.725+0000] {processor.py:183} INFO - Processing /opt/airflow/dags/ingestion_dag.py took 0.128 seconds
[2026-08-26T18:30:49.085+0000] {processor.py:161} INFO - Started process (PID=865) to work on /opt/airflow/dags/ingestion_dag.py
[2026-08-26T18:30:49.086+0000] {processor.py:830} INFO - Processing file /opt/airflow/dags/ingestion_dag.py for tasks to queue
[2026-08-26T18:30:49.088+0000] {logging_mixin.py:188} INFO - [2026-08-26T18:30:49.088+0000] {dagbag.py:538} INFO - Filling up the DagBag from /opt/airflow/dags/ingestion_dag.py
[2026-08-26T18:30:49.195+0000] {processor.py:840} INFO - DAG(s) 'air_quality_ingestion' retrieved from /opt/airflow/dags/ingestion_dag.py
[2026-08-26T18:30:49.215+0000] {logging_mixin.py:188} INFO - [2026-08-26T18:30:49.215+0000] {dag.py:3036} INFO - Sync 1 DAGs
[2026-08-26T18:30:49.235+0000] {logging_mixin.py:188} INFO - [2026-08-26T18:30:49.234+0000] {dag.py:3823} INFO - Setting next_dagrun for air_quality_ingestion to 2026-08-26 18:00:00+00:00, run_after=2026-08-26 19:00:00+00:00
[2026-08-26T18:30:49.250+0000] {processor.py:183} INFO - Processing /opt/airflow/dags/ingestion_dag.py took 0.169 seconds
[2026-08-26T18:31:19.614+0000] {processor.py:161} INFO - Started process (PID=875) to work on /opt/airflow/dags/ingestion_dag.py
[2026-08-26T18:31:19.615+0000] {processor.py:830} INFO - Processing file /opt/airflow/dags/ingestion_dag.py for tasks to queue
[2026-08-26T18:31:19.616+0000] {logging_mixin.py:188} INFO - [2026-08-26T18:31:19.615+0000] {dagbag.py:538} INFO - Filling up the DagBag from /opt/airflow/dags/ingestion_dag.py
[2026-08-26T18:31:19.691+0000] {processor.py:840} INFO - DAG(s) 'air_quality_ingestion' retrieved from /opt/airflow/dags/ingestion_dag.py
[2026-08-26T18:31:19.711+0000] {logging_mixin.py:188} INFO - [2026-08-26T18:31:19.711+0000] {dag.py:3036} INFO - Sync 1 DAGs
[2026-08-26T18:31:19.729+0000] {logging_mixin.py:188} INFO - [2026-08-26T18:31:19.729+0000] {dag.py:3823} INFO - Setting next_dagrun for air_quality_ingestion to 2026-08-26 18:00:00+00:00, run_after=2026-08-26 19:00:00+00:00
[2026-08-26T18:31:19.747+0000] {processor.py:183} INFO - Processing /opt/airflow/dags/ingestion_dag.py took 0.135 seconds
[2026-08-26T18:31:50.165+0000] {processor.py:161} INFO - Started process (PID=885) to work on /opt/airflow/dags/ingestion_dag.py
[2026-08-26T18:31:50.167+0000] {processor.py:830} INFO - Processing file /opt/airflow/dags/ingestion_dag.py for tasks to queue
[2026-08-26T18:31:50.167+0000] {logging_mixin.py:188} INFO - [2026-08-26T18:31:50.167+0000] {dagbag.py:538} INFO - Filling up the DagBag from /opt/airflow/dags/ingestion_dag.py
[2026-08-26T18:31:50.251+0000] {processor.py:840} INFO - DAG(s) 'air_quality_ingestion' retrieved from /opt/airflow/dags/ingestion_dag.py
[2026-08-26T18:31:50.271+0000] {logging_mixin.py:188} INFO - [2026-08-26T18:31:50.270+0000] {dag.py:3036} INFO - Sync 1 DAGs
[2026-08-26T18:31:50.290+0000] {logging_mixin.py:188} INFO - [2026-08-26T18:31:50.290+0000] {dag.py:3823} INFO - Setting next_dagrun for air_quality_ingestion to 2026-08-26 18:00:00+00:00, run_after=2026-08-26 19:00:00+00:00
[2026-08-26T18:31:50.306+0000] {processor.py:183} INFO - Processing /opt/airflow/dags/ingestion_dag.py took 0.144 seconds
[2026-08-26T18:32:20.650+0000] {processor.py:161} INFO - Started process (PID=895) to work on /opt/airflow/dags/ingestion_dag.py
[2026-08-26T18:32:20.651+0000] {processor.py:830} INFO - Processing file /opt/airflow/dags/ingestion_dag.py for tasks to queue
[2026-08-26T18:32:20.652+0000] {logging_mixin.py:188} INFO - [2026-08-26T18:32:20.652+0000] {dagbag.py:538} INFO - Filling up the DagBag from /opt/airflow/dags/ingestion_dag.py
[2026-08-26T18:32:20.725+0000] {processor.py:840} INFO - DAG(s) 'air_quality_ingestion' retrieved from /opt/airflow/dags/ingestion_dag.py
[2026-08-26T18:32:20.743+0000] {logging_mixin.py:188} INFO - [2026-08-26T18:32:20.742+0000] {dag.py:3036} INFO - Sync 1 DAGs
[2026-08-26T18:32:20.761+0000] {logging_mixin.py:188} INFO - [2026-08-26T18:32:20.761+0000] {dag.py:3823} INFO - Setting next_dagrun for air_quality_ingestion to 2026-08-26 18:00:00+00:00, run_after=2026-08-26 19:00:00+00:00
[2026-08-26T18:32:20.779+0000] {processor.py:183} INFO - Processing /opt/airflow/dags/ingestion_dag.py took 0.131 seconds
[2026-08-26T18:32:51.170+0000] {processor.py:161} INFO - Started process (PID=905) to work on /opt/airflow/dags/ingestion_dag.py
[2026-08-26T18:32:51.170+0000] {processor.py:830} INFO - Processing file /opt/airflow/dags/ingestion_dag.py for tasks to queue
[2026-08-26T18:32:51.171+0000] {logging_mixin.py:188} INFO - [2026-08-26T18:32:51.171+0000] {dagbag.py:538} INFO - Filling up the DagBag from /opt/airflow/dags/ingestion_dag.py
[2026-08-26T18:32:51.250+0000] {processor.py:840} INFO - DAG(s) 'air_quality_ingestion' retrieved from /opt/airflow/dags/ingestion_dag.py
[2026-08-26T18:32:51.271+0000] {logging_mixin.py:188} INFO - [2026-08-26T18:32:51.271+0000] {dag.py:3036} INFO - Sync 1 DAGs
[2026-08-26T18:32:51.292+0000] {logging_mixin.py:188} INFO - [2026-08-26T18:32:51.292+0000] {dag.py:3823} INFO - Setting next_dagrun for air_quality_ingestion to 2026-08-26 18:00:00+00:00, run_after=2026-08-26 19:00:00+00:00
[2026-08-26T18:32:51.308+0000] {processor.py:183} INFO - Processing /opt/airflow/dags/ingestion_dag.py took 0.141 seconds
[2026-08-26T18:33:21.642+0000] {processor.py:161} INFO - Started process (PID=915) to work on /opt/airflow/dags/ingestion_dag.py
[2026-08-26T18:33:21.644+0000] {processor.py:830} INFO - Processing file /opt/airflow/dags/ingestion_dag.py for tasks to queue
[2026-08-26T18:33:21.645+0000] {logging_mixin.py:188} INFO - [2026-08-26T18:33:21.645+0000] {dagbag.py:538} INFO - Filling up the DagBag from /opt/airflow/dags/ingestion_dag.py
[2026-08-26T18:33:21.731+0000] {processor.py:840} INFO - DAG(s) 'air_quality_ingestion' retrieved from /opt/airflow/dags/ingestion_dag.py
[2026-08-26T18:33:21.752+0000] {logging_mixin.py:188} INFO - [2026-08-26T18:33:21.752+0000] {dag.py:3036} INFO - Sync 1 DAGs
[2026-08-26T18:33:21.769+0000] {logging_mixin.py:188} INFO - [2026-08-26T18:33:21.769+0000] {dag.py:3823} INFO - Setting next_dagrun for air_quality_ingestion to 2026-08-26 18:00:00+00:00, run_after=2026-08-26 19:00:00+00:00
[2026-08-26T18:33:21.786+0000] {processor.py:183} INFO - Processing /opt/airflow/dags/ingestion_dag.py took 0.147 seconds
[2026-08-26T18:33:52.249+0000] {processor.py:161} INFO - Started process (PID=925) to work on /opt/airflow/dags/ingestion_dag.py
[2026-08-26T18:33:52.250+0000] {processor.py:830} INFO - Processing file /opt/airflow/dags/ingestion_dag.py for tasks to queue
[2026-08-26T18:33:52.251+0000] {logging_mixin.py:188} INFO - [2026-08-26T18:33:52.251+0000] {dagbag.py:538} INFO - Filling up the DagBag from /opt/airflow/dags/ingestion_dag.py
[2026-08-26T18:33:52.332+0000] {processor.py:840} INFO - DAG(s) 'air_quality_ingestion' retrieved from /opt/airflow/dags/ingestion_dag.py
[2026-08-26T18:33:52.354+0000] {logging_mixin.py:188} INFO - [2026-08-26T18:33:52.353+0000] {dag.py:3036} INFO - Sync 1 DAGs
[2026-08-26T18:33:52.376+0000] {logging_mixin.py:188} INFO - [2026-08-26T18:33:52.376+0000] {dag.py:3823} INFO - Setting next_dagrun for air_quality_ingestion to 2026-08-26 18:00:00+00:00, run_after=2026-08-26 19:00:00+00:00
[2026-08-26T18:33:52.392+0000] {processor.py:183} INFO - Processing /opt/airflow/dags/ingestion_dag.py took 0.145 seconds
[2026-08-26T18:34:22.718+0000] {processor.py:161} INFO - Started process (PID=935) to work on /opt/airflow/dags/ingestion_dag.py
[2026-08-26T18:34:22.719+0000] {processor.py:830} INFO - Processing file /opt/airflow/dags/ingestion_dag.py for tasks to queue
[2026-08-26T18:34:22.720+0000] {logging_mixin.py:188} INFO - [2026-08-26T18:34:22.719+0000] {dagbag.py:538} INFO - Filling up the DagBag from /opt/airflow/dags/ingestion_dag.py
[2026-08-26T18:34:22.793+0000] {processor.py:840} INFO - DAG(s) 'air_quality_ingestion' retrieved from /opt/airflow/dags/ingestion_dag.py
[2026-08-26T18:34:22.810+0000] {logging_mixin.py:188} INFO - [2026-08-26T18:34:22.810+0000] {dag.py:3036} INFO - Sync 1 DAGs
[2026-08-26T18:34:22.827+0000] {logging_mixin.py:188} INFO - [2026-08-26T18:34:22.827+0000] {dag.py:3823} INFO - Setting next_dagrun for air_quality_ingestion to 2026-08-26 18:00:00+00:00, run_after=2026-08-26 19:00:00+00:00
[2026-08-26T18:34:22.843+0000] {processor.py:183} INFO - Processing /opt/airflow/dags/ingestion_dag.py took 0.127 seconds
[2026-08-26T18:34:53.299+0000] {processor.py:161} INFO - Started process (PID=945) to work on /opt/airflow/dags/ingestion_dag.py
[2026-08-26T18:34:53.300+0000] {processor.py:830} INFO - Processing file /opt/airflow/dags/ingestion_dag.py for tasks to queue
[2026-08-26T18:34:53.302+0000] {logging_mixin.py:188} INFO - [2026-08-26T18:34:53.302+0000] {dagbag.py:538} INFO - Filling up the DagBag from /opt/airflow/dags/ingestion_dag.py
[2026-08-26T18:34:53.391+0000] {processor.py:840} INFO - DAG(s) 'air_quality_ingestion' retrieved from /opt/airflow/dags/ingestion_dag.py
[2026-08-26T18:34:53.406+0000] {logging_mixin.py:188} INFO - [2026-08-26T18:34:53.406+0000] {dag.py:3036} INFO - Sync 1 DAGs
[2026-08-26T18:34:53.422+0000] {logging_mixin.py:188} INFO - [2026-08-26T18:34:53.422+0000] {dag.py:3823} INFO - Setting next_dagrun for air_quality_ingestion to 2026-08-26 18:00:00+00:00, run_after=2026-08-26 19:00:00+00:00
[2026-08-26T18:34:53.438+0000] {processor.py:183} INFO - Processing /opt/airflow/dags/ingestion_dag.py took 0.144 seconds
[2026-08-26T18:35:23.716+0000] {processor.py:161} INFO - Started process (PID=955) to work on /opt/airflow/dags/ingestion_dag.py
[2026-08-26T18:35:23.717+0000] {processor.py:830} INFO - Processing file /opt/airflow/dags/ingestion_dag.py for tasks to queue
[2026-08-26T18:35:23.718+0000] {logging_mixin.py:188} INFO - [2026-08-26T18:35:23.718+0000] {dagbag.py:538} INFO - Filling up the DagBag from /opt/airflow/dags/ingestion_dag.py
[2026-08-26T18:35:23.805+0000] {processor.py:840} INFO - DAG(s) 'air_quality_ingestion' retrieved from /opt/airflow/dags/ingestion_dag.py
[2026-08-26T18:35:23.825+0000] {logging_mixin.py:188} INFO - [2026-08-26T18:35:23.825+0000] {dag.py:3036} INFO - Sync 1 DAGs
[2026-08-26T18:35:23.844+0000] {logging_mixin.py:188} INFO - [2026-08-26T18:35:23.844+0000] {dag.py:3823} INFO - Setting next_dagrun for air_quality_ingestion to 2026-08-26 18:00:00+00:00, run_after=2026-08-26 19:00:00+00:00
[2026-08-26T18:35:23.860+0000] {processor.py:183} INFO - Processing /opt/airflow/dags/ingestion_dag.py took 0.147 seconds
[2026-08-26T18:35:54.208+0000] {processor.py:161} INFO - Started process (PID=965) to work on /opt/airflow/dags/ingestion_dag.py
[2026-08-26T18:35:54.209+0000] {processor.py:830} INFO - Processing file /opt/airflow/dags/ingestion_dag.py for tasks to queue
[2026-08-26T18:35:54.211+0000] {logging_mixin.py:188} INFO - [2026-08-26T18:35:54.210+0000] {dagbag.py:538} INFO - Filling up the DagBag from /opt/airflow/dags/ingestion_dag.py
[2026-08-26T18:35:54.292+0000] {processor.py:840} INFO - DAG(s) 'air_quality_ingestion' retrieved from /opt/airflow/dags/ingestion_dag.py
[2026-08-26T18:35:54.321+0000] {logging_mixin.py:188} INFO - [2026-08-26T18:35:54.321+0000] {dag.py:3036} INFO - Sync 1 DAGs
[2026-08-26T18:35:54.339+0000] {logging_mixin.py:188} INFO - [2026-08-26T18:35:54.339+0000] {dag.py:3823} INFO - Setting next_dagrun for air_quality_ingestion to 2026-08-26 18:00:00+00:00, run_after=2026-08-26 19:00:00+00:00
[2026-08-26T18:35:54.355+0000] {processor.py:183} INFO - Processing /opt/airflow/dags/ingestion_dag.py took 0.150 seconds
[2026-08-26T18:36:24.760+0000] {processor.py:161} INFO - Started process (PID=975) to work on /opt/airflow/dags/ingestion_dag.py
[2026-08-26T18:36:24.761+0000] {processor.py:830} INFO - Processing file /opt/airflow/dags/ingestion_dag.py for tasks to queue
[2026-08-26T18:36:24.763+0000] {logging_mixin.py:188} INFO - [2026-08-26T18:36:24.762+0000] {dagbag.py:538} INFO - Filling up the DagBag from /opt/airflow/dags/ingestion_dag.py
[2026-08-26T18:36:24.845+0000] {processor.py:840} INFO - DAG(s) 'air_quality_ingestion' retrieved from /opt/airflow/dags/ingestion_dag.py
[2026-08-26T18:36:24.865+0000] {logging_mixin.py:188} INFO - [2026-08-26T18:36:24.865+0000] {dag.py:3036} INFO - Sync 1 DAGs
[2026-08-26T18:36:24.883+0000] {logging_mixin.py:188} INFO - [2026-08-26T18:36:24.883+0000] {dag.py:3823} INFO - Setting next_dagrun for air_quality_ingestion to 2026-08-26 18:00:00+00:00, run_after=2026-08-26 19:00:00+00:00
[2026-08-26T18:36:24.903+0000] {processor.py:183} INFO - Processing /opt/airflow/dags/ingestion_dag.py took 0.147 seconds
[2026-08-26T18:36:55.247+0000] {processor.py:161} INFO - Started process (PID=985) to work on /opt/airflow/dags/ingestion_dag.py
[2026-08-26T18:36:55.249+0000] {processor.py:830} INFO - Processing file /opt/airflow/dags/ingestion_dag.py for tasks to queue
[2026-08-26T18:36:55.250+0000] {logging_mixin.py:188} INFO - [2026-08-26T18:36:55.249+0000] {dagbag.py:538} INFO - Filling up the DagBag from /opt/airflow/dags/ingestion_dag.py
[2026-08-26T18:36:55.325+0000] {processor.py:840} INFO - DAG(s) 'air_quality_ingestion' retrieved from /opt/airflow/dags/ingestion_dag.py
[2026-08-26T18:36:55.342+0000] {logging_mixin.py:188} INFO - [2026-08-26T18:36:55.341+0000] {dag.py:3036} INFO - Sync 1 DAGs
[2026-08-26T18:36:55.359+0000] {logging_mixin.py:188} INFO - [2026-08-26T18:36:55.359+0000] {dag.py:3823} INFO - Setting next_dagrun for air_quality_ingestion to 2026-08-26 18:00:00+00:00, run_after=2026-08-26 19:00:00+00:00
[2026-08-26T18:36:55.375+0000] {processor.py:183} INFO - Processing /opt/airflow/dags/ingestion_dag.py took 0.131 seconds
[2026-08-26T18:37:25.687+0000] {processor.py:161} INFO - Started process (PID=995) to work on /opt/airflow/dags/ingestion_dag.py
[2026-08-26T18:37:25.688+0000] {processor.py:830} INFO - Processing file /opt/airflow/dags/ingestion_dag.py for tasks to queue
[2026-08-26T18:37:25.689+0000] {logging_mixin.py:188} INFO - [2026-08-26T18:37:25.688+0000] {dagbag.py:538} INFO - Filling up the DagBag from /opt/airflow/dags/ingestion_dag.py
[2026-08-26T18:37:25.783+0000] {processor.py:840} INFO - DAG(s) 'air_quality_ingestion' retrieved from /opt/airflow/dags/ingestion_dag.py
[2026-08-26T18:37:25.805+0000] {logging_mixin.py:188} INFO - [2026-08-26T18:37:25.805+0000] {dag.py:3036} INFO - Sync 1 DAGs
[2026-08-26T18:37:25.823+0000] {logging_mixin.py:188} INFO - [2026-08-26T18:37:25.823+0000] {dag.py:3823} INFO - Setting next_dagrun for air_quality_ingestion to 2026-08-26 18:00:00+00:00, run_after=2026-08-26 19:00:00+00:00
[2026-08-26T18:37:25.839+0000] {processor.py:183} INFO - Processing /opt/airflow/dags/ingestion_dag.py took 0.155 seconds
[2026-08-26T18:37:56.170+0000] {processor.py:161} INFO - Started process (PID=1005) to work on /opt/airflow/dags/ingestion_dag.py
[2026-08-26T18:37:56.171+0000] {processor.py:830} INFO - Processing file /opt/airflow/dags/ingestion_dag.py for tasks to queue
[2026-08-26T18:37:56.172+0000] {logging_mixin.py:188} INFO - [2026-08-26T18:37:56.172+0000] {dagbag.py:538} INFO - Filling up the DagBag from /opt/airflow/dags/ingestion_dag.py
[2026-08-26T18:37:56.244+0000] {processor.py:840} INFO - DAG(s) 'air_quality_ingestion' retrieved from /opt/airflow/dags/ingestion_dag.py
[2026-08-26T18:37:56.262+0000] {logging_mixin.py:188} INFO - [2026-08-26T18:37:56.262+0000] {dag.py:3036} INFO - Sync 1 DAGs
[2026-08-26T18:37:56.278+0000] {logging_mixin.py:188} INFO - [2026-08-26T18:37:56.278+0000] {dag.py:3823} INFO - Setting next_dagrun for air_quality_ingestion to 2026-08-26 18:00:00+00:00, run_after=2026-08-26 19:00:00+00:00
[2026-08-26T18:37:56.293+0000] {processor.py:183} INFO - Processing /opt/airflow/dags/ingestion_dag.py took 0.126 seconds
[2026-08-26T18:38:26.627+0000] {processor.py:161} INFO - Started process (PID=1015) to work on /opt/airflow/dags/ingestion_dag.py
[2026-08-26T18:38:26.628+0000] {processor.py:830} INFO - Processing file /opt/airflow/dags/ingestion_dag.py for tasks to queue
[2026-08-26T18:38:26.629+0000] {logging_mixin.py:188} INFO - [2026-08-26T18:38:26.628+0000] {dagbag.py:538} INFO - Filling up the DagBag from /opt/airflow/dags/ingestion_dag.py
[2026-08-26T18:38:26.712+0000] {processor.py:840} INFO - DAG(s) 'air_quality_ingestion' retrieved from /opt/airflow/dags/ingestion_dag.py
[2026-08-26T18:38:26.732+0000] {logging_mixin.py:188} INFO - [2026-08-26T18:38:26.732+0000] {dag.py:3036} INFO - Sync 1 DAGs
[2026-08-26T18:38:26.749+0000] {logging_mixin.py:188} INFO - [2026-08-26T18:38:26.749+0000] {dag.py:3823} INFO - Setting next_dagrun for air_quality_ingestion to 2026-08-26 18:00:00+00:00, run_after=2026-08-26 19:00:00+00:00
[2026-08-26T18:38:26.764+0000] {processor.py:183} INFO - Processing /opt/airflow/dags/ingestion_dag.py took 0.140 seconds
[2026-08-26T18:38:57.106+0000] {processor.py:161} INFO - Started process (PID=1025) to work on /opt/airflow/dags/ingestion_dag.py
[2026-08-26T18:38:57.107+0000] {processor.py:830} INFO - Processing file /opt/airflow/dags/ingestion_dag.py for tasks to queue
[2026-08-26T18:38:57.108+0000] {logging_mixin.py:188} INFO - [2026-08-26T18:38:57.108+0000] {dagbag.py:538} INFO - Filling up the DagBag from /opt/airflow/dags/ingestion_dag.py
[2026-08-26T18:38:57.184+0000] {processor.py:840} INFO - DAG(s) 'air_quality_ingestion' retrieved from /opt/airflow/dags/ingestion_dag.py
[2026-08-26T18:38:57.201+0000] {logging_mixin.py:188} INFO - [2026-08-26T18:38:57.201+0000] {dag.py:3036} INFO - Sync 1 DAGs
[2026-08-26T18:38:57.218+0000] {logging_mixin.py:188} INFO - [2026-08-26T18:38:57.218+0000] {dag.py:3823} INFO - Setting next_dagrun for air_quality_ingestion to 2026-08-26 18:00:00+00:00, run_after=2026-08-26 19:00:00+00:00
[2026-08-26T18:38:57.232+0000] {processor.py:183} INFO - Processing /opt/airflow/dags/ingestion_dag.py took 0.129 seconds
[2026-08-26T18:39:27.566+0000] {processor.py:161} INFO - Started process (PID=1035) to work on /opt/airflow/dags/ingestion_dag.py
[2026-08-26T18:39:27.567+0000] {processor.py:830} INFO - Processing file /opt/airflow/dags/ingestion_dag.py for tasks to queue
[2026-08-26T18:39:27.568+0000] {logging_mixin.py:188} INFO - [2026-08-26T18:39:27.568+0000] {dagbag.py:538} INFO - Filling up the DagBag from /opt/airflow/dags/ingestion_dag.py
[2026-08-26T18:39:27.645+0000] {processor.py:840} INFO - DAG(s) 'air_quality_ingestion' retrieved from /opt/airflow/dags/ingestion_dag.py
[2026-08-26T18:39:27.664+0000] {logging_mixin.py:188} INFO - [2026-08-26T18:39:27.664+0000] {dag.py:3036} INFO - Sync 1 DAGs
[2026-08-26T18:39:27.685+0000] {logging_mixin.py:188} INFO - [2026-08-26T18:39:27.684+0000] {dag.py:3823} INFO - Setting next_dagrun for air_quality_ingestion to 2026-08-26 18:00:00+00:00, run_after=2026-08-26 19:00:00+00:00
[2026-08-26T18:39:27.701+0000] {processor.py:183} INFO - Processing /opt/airflow/dags/ingestion_dag.py took 0.138 seconds
[2026-08-26T18:39:57.986+0000] {processor.py:161} INFO - Started process (PID=1045) to work on /opt/airflow/dags/ingestion_dag.py
[2026-08-26T18:39:57.987+0000] {processor.py:830} INFO - Processing file /opt/airflow/dags/ingestion_dag.py for tasks to queue
[2026-08-26T18:39:57.988+0000] {logging_mixin.py:188} INFO - [2026-08-26T18:39:57.988+0000] {dagbag.py:538} INFO - Filling up the DagBag from /opt/airflow/dags/ingestion_dag.py
[2026-08-26T18:39:58.063+0000] {processor.py:840} INFO - DAG(s) 'air_quality_ingestion' retrieved from /opt/airflow/dags/ingestion_dag.py
[2026-08-26T18:39:58.081+0000] {logging_mixin.py:188} INFO - [2026-08-26T18:39:58.080+0000] {dag.py:3036} INFO - Sync 1 DAGs
[2026-08-26T18:39:58.097+0000] {logging_mixin.py:188} INFO - [2026-08-26T18:39:58.097+0000] {dag.py:3823} INFO - Setting next_dagrun for air_quality_ingestion to 2026-08-26 18:00:00+00:00, run_after=2026-08-26 19:00:00+00:00
[2026-08-26T18:39:58.113+0000] {processor.py:183} INFO - Processing /opt/airflow/dags/ingestion_dag.py took 0.130 seconds
[2026-08-26T18:40:28.482+0000] {processor.py:161} INFO - Started process (PID=1055) to work on /opt/airflow/dags/ingestion_dag.py
[2026-08-26T18:40:28.483+0000] {processor.py:830} INFO - Processing file /opt/airflow/dags/ingestion_dag.py for tasks to queue
[2026-08-26T18:40:28.484+0000] {logging_mixin.py:188} INFO - [2026-08-26T18:40:28.484+0000] {dagbag.py:538} INFO - Filling up the DagBag from /opt/airflow/dags/ingestion_dag.py
[2026-08-26T18:40:28.574+0000] {processor.py:840} INFO - DAG(s) 'air_quality_ingestion' retrieved from /opt/airflow/dags/ingestion_dag.py
[2026-08-26T18:40:28.594+0000] {logging_mixin.py:188} INFO - [2026-08-26T18:40:28.594+0000] {dag.py:3036} INFO - Sync 1 DAGs
[2026-08-26T18:40:28.613+0000] {logging_mixin.py:188} INFO - [2026-08-26T18:40:28.613+0000] {dag.py:3823} INFO - Setting next_dagrun for air_quality_ingestion to 2026-08-26 18:00:00+00:00, run_after=2026-08-26 19:00:00+00:00
[2026-08-26T18:40:28.631+0000] {processor.py:183} INFO - Processing /opt/airflow/dags/ingestion_dag.py took 0.153 seconds
[2026-08-26T18:40:58.933+0000] {processor.py:161} INFO - Started process (PID=1065) to work on /opt/airflow/dags/ingestion_dag.py
[2026-08-26T18:40:58.934+0000] {processor.py:830} INFO - Processing file /opt/airflow/dags/ingestion_dag.py for tasks to queue
[2026-08-26T18:40:58.935+0000] {logging_mixin.py:188} INFO - [2026-08-26T18:40:58.935+0000] {dagbag.py:538} INFO - Filling up the DagBag from /opt/airflow/dags/ingestion_dag.py
[2026-08-26T18:40:59.011+0000] {processor.py:840} INFO - DAG(s) 'air_quality_ingestion' retrieved from /opt/airflow/dags/ingestion_dag.py
[2026-08-26T18:40:59.029+0000] {logging_mixin.py:188} INFO - [2026-08-26T18:40:59.028+0000] {dag.py:3036} INFO - Sync 1 DAGs
[2026-08-26T18:40:59.046+0000] {logging_mixin.py:188} INFO - [2026-08-26T18:40:59.046+0000] {dag.py:3823} INFO - Setting next_dagrun for air_quality_ingestion to 2026-08-26 18:00:00+00:00, run_after=2026-08-26 19:00:00+00:00
[2026-08-26T18:40:59.062+0000] {processor.py:183} INFO - Processing /opt/airflow/dags/ingestion_dag.py took 0.132 seconds
[2026-08-26T18:41:29.420+0000] {processor.py:161} INFO - Started process (PID=1075) to work on /opt/airflow/dags/ingestion_dag.py
[2026-08-26T18:41:29.421+0000] {processor.py:830} INFO - Processing file /opt/airflow/dags/ingestion_dag.py for tasks to queue
[2026-08-26T18:41:29.422+0000] {logging_mixin.py:188} INFO - [2026-08-26T18:41:29.422+0000] {dagbag.py:538} INFO - Filling up the DagBag from /opt/airflow/dags/ingestion_dag.py
[2026-08-26T18:41:29.504+0000] {processor.py:840} INFO - DAG(s) 'air_quality_ingestion' retrieved from /opt/airflow/dags/ingestion_dag.py
[2026-08-26T18:41:29.521+0000] {logging_mixin.py:188} INFO - [2026-08-26T18:41:29.521+0000] {dag.py:3036} INFO - Sync 1 DAGs
[2026-08-26T18:41:29.538+0000] {logging_mixin.py:188} INFO - [2026-08-26T18:41:29.538+0000] {dag.py:3823} INFO - Setting next_dagrun for air_quality_ingestion to 2026-08-26 18:00:00+00:00, run_after=2026-08-26 19:00:00+00:00
[2026-08-26T18:41:29.553+0000] {processor.py:183} INFO - Processing /opt/airflow/dags/ingestion_dag.py took 0.137 seconds
[2026-08-26T18:41:59.870+0000] {processor.py:161} INFO - Started process (PID=1085) to work on /opt/airflow/dags/ingestion_dag.py
[2026-08-26T18:41:59.871+0000] {processor.py:830} INFO - Processing file /opt/airflow/dags/ingestion_dag.py for tasks to queue
[2026-08-26T18:41:59.871+0000] {logging_mixin.py:188} INFO - [2026-08-26T18:41:59.871+0000] {dagbag.py:538} INFO - Filling up the DagBag from /opt/airflow/dags/ingestion_dag.py
[2026-08-26T18:41:59.943+0000] {processor.py:840} INFO - DAG(s) 'air_quality_ingestion' retrieved from /opt/airflow/dags/ingestion_dag.py
[2026-08-26T18:41:59.961+0000] {logging_mixin.py:188} INFO - [2026-08-26T18:41:59.961+0000] {dag.py:3036} INFO - Sync 1 DAGs
[2026-08-26T18:41:59.979+0000] {logging_mixin.py:188} INFO - [2026-08-26T18:41:59.979+0000] {dag.py:3823} INFO - Setting next_dagrun for air_quality_ingestion to 2026-08-26 18:00:00+00:00, run_after=2026-08-26 19:00:00+00:00
[2026-08-26T18:41:59.995+0000] {processor.py:183} INFO - Processing /opt/airflow/dags/ingestion_dag.py took 0.128 seconds
[2026-08-26T18:42:30.347+0000] {processor.py:161} INFO - Started process (PID=1095) to work on /opt/airflow/dags/ingestion_dag.py
[2026-08-26T18:42:30.348+0000] {processor.py:830} INFO - Processing file /opt/airflow/dags/ingestion_dag.py for tasks to queue
[2026-08-26T18:42:30.349+0000] {logging_mixin.py:188} INFO - [2026-08-26T18:42:30.349+0000] {dagbag.py:538} INFO - Filling up the DagBag from /opt/airflow/dags/ingestion_dag.py
[2026-08-26T18:42:30.426+0000] {processor.py:840} INFO - DAG(s) 'air_quality_ingestion' retrieved from /opt/airflow/dags/ingestion_dag.py
[2026-08-26T18:42:30.443+0000] {logging_mixin.py:188} INFO - [2026-08-26T18:42:30.443+0000] {dag.py:3036} INFO - Sync 1 DAGs
[2026-08-26T18:42:30.461+0000] {logging_mixin.py:188} INFO - [2026-08-26T18:42:30.461+0000] {dag.py:3823} INFO - Setting next_dagrun for air_quality_ingestion to 2026-08-26 18:00:00+00:00, run_after=2026-08-26 19:00:00+00:00
[2026-08-26T18:42:30.477+0000] {processor.py:183} INFO - Processing /opt/airflow/dags/ingestion_dag.py took 0.132 seconds
[2026-08-26T18:43:00.835+0000] {processor.py:161} INFO - Started process (PID=1105) to work on /opt/airflow/dags/ingestion_dag.py
[2026-08-26T18:43:00.837+0000] {processor.py:830} INFO - Processing file /opt/airflow/dags/ingestion_dag.py for tasks to queue
[2026-08-26T18:43:00.839+0000] {logging_mixin.py:188} INFO - [2026-08-26T18:43:00.838+0000] {dagbag.py:538} INFO - Filling up the DagBag from /opt/airflow/dags/ingestion_dag.py
[2026-08-26T18:43:00.931+0000] {processor.py:840} INFO - DAG(s) 'air_quality_ingestion' retrieved from /opt/airflow/dags/ingestion_dag.py
[2026-08-26T18:43:00.950+0000] {logging_mixin.py:188} INFO - [2026-08-26T18:43:00.950+0000] {dag.py:3036} INFO - Sync 1 DAGs
[2026-08-26T18:43:00.970+0000] {logging_mixin.py:188} INFO - [2026-08-26T18:43:00.970+0000] {dag.py:3823} INFO - Setting next_dagrun for air_quality_ingestion to 2026-08-26 18:00:00+00:00, run_after=2026-08-26 19:00:00+00:00
[2026-08-26T18:43:00.991+0000] {processor.py:183} INFO - Processing /opt/airflow/dags/ingestion_dag.py took 0.158 seconds
[2026-08-26T18:43:31.310+0000] {processor.py:161} INFO - Started process (PID=1115) to work on /opt/airflow/dags/ingestion_dag.py
[2026-08-26T18:43:31.311+0000] {processor.py:830} INFO - Processing file /opt/airflow/dags/ingestion_dag.py for tasks to queue
[2026-08-26T18:43:31.312+0000] {logging_mixin.py:188} INFO - [2026-08-26T18:43:31.312+0000] {dagbag.py:538} INFO - Filling up the DagBag from /opt/airflow/dags/ingestion_dag.py
[2026-08-26T18:43:31.397+0000] {processor.py:840} INFO - DAG(s) 'air_quality_ingestion' retrieved from /opt/airflow/dags/ingestion_dag.py
[2026-08-26T18:43:31.416+0000] {logging_mixin.py:188} INFO - [2026-08-26T18:43:31.416+0000] {dag.py:3036} INFO - Sync 1 DAGs
[2026-08-26T18:43:31.434+0000] {logging_mixin.py:188} INFO - [2026-08-26T18:43:31.434+0000] {dag.py:3823} INFO - Setting next_dagrun for air_quality_ingestion to 2026-08-26 18:00:00+00:00, run_after=2026-08-26 19:00:00+00:00
[2026-08-26T18:43:31.451+0000] {processor.py:183} INFO - Processing /opt/airflow/dags/ingestion_dag.py took 0.143 seconds
[2026-08-26T18:44:01.816+0000] {processor.py:161} INFO - Started process (PID=1125) to work on /opt/airflow/dags/ingestion_dag.py
[2026-08-26T18:44:01.817+0000] {processor.py:830} INFO - Processing file /opt/airflow/dags/ingestion_dag.py for tasks to queue
[2026-08-26T18:44:01.818+0000] {logging_mixin.py:188} INFO - [2026-08-26T18:44:01.818+0000] {dagbag.py:538} INFO - Filling up the DagBag from /opt/airflow/dags/ingestion_dag.py
[2026-08-26T18:44:01.895+0000] {processor.py:840} INFO - DAG(s) 'air_quality_ingestion' retrieved from /opt/airflow/dags/ingestion_dag.py
[2026-08-26T18:44:01.917+0000] {logging_mixin.py:188} INFO - [2026-08-26T18:44:01.916+0000] {dag.py:3036} INFO - Sync 1 DAGs
[2026-08-26T18:44:01.934+0000] {logging_mixin.py:188} INFO - [2026-08-26T18:44:01.934+0000] {dag.py:3823} INFO - Setting next_dagrun for air_quality_ingestion to 2026-08-26 18:00:00+00:00, run_after=2026-08-26 19:00:00+00:00
[2026-08-26T18:44:01.953+0000] {processor.py:183} INFO - Processing /opt/airflow/dags/ingestion_dag.py took 0.140 seconds
[2026-08-26T18:44:32.394+0000] {processor.py:161} INFO - Started process (PID=1135) to work on /opt/airflow/dags/ingestion_dag.py
[2026-08-26T18:44:32.395+0000] {processor.py:830} INFO - Processing file /opt/airflow/dags/ingestion_dag.py for tasks to queue
[2026-08-26T18:44:32.397+0000] {logging_mixin.py:188} INFO - [2026-08-26T18:44:32.396+0000] {dagbag.py:538} INFO - Filling up the DagBag from /opt/airflow/dags/ingestion_dag.py
[2026-08-26T18:44:32.477+0000] {processor.py:840} INFO - DAG(s) 'air_quality_ingestion' retrieved from /opt/airflow/dags/ingestion_dag.py
[2026-08-26T18:44:32.498+0000] {logging_mixin.py:188} INFO - [2026-08-26T18:44:32.498+0000] {dag.py:3036} INFO - Sync 1 DAGs
[2026-08-26T18:44:32.518+0000] {logging_mixin.py:188} INFO - [2026-08-26T18:44:32.518+0000] {dag.py:3823} INFO - Setting next_dagrun for air_quality_ingestion to 2026-08-26 18:00:00+00:00, run_after=2026-08-26 19:00:00+00:00
[2026-08-26T18:44:32.535+0000] {processor.py:183} INFO - Processing /opt/airflow/dags/ingestion_dag.py took 0.144 seconds
[2026-08-26T18:45:02.893+0000] {processor.py:161} INFO - Started process (PID=1145) to work on /opt/airflow/dags/ingestion_dag.py
[2026-08-26T18:45:02.894+0000] {processor.py:830} INFO - Processing file /opt/airflow/dags/ingestion_dag.py for tasks to queue
[2026-08-26T18:45:02.895+0000] {logging_mixin.py:188} INFO - [2026-08-26T18:45:02.895+0000] {dagbag.py:538} INFO - Filling up the DagBag from /opt/airflow/dags/ingestion_dag.py
[2026-08-26T18:45:02.970+0000] {processor.py:840} INFO - DAG(s) 'air_quality_ingestion' retrieved from /opt/airflow/dags/ingestion_dag.py
[2026-08-26T18:45:02.990+0000] {logging_mixin.py:188} INFO - [2026-08-26T18:45:02.990+0000] {dag.py:3036} INFO - Sync 1 DAGs
[2026-08-26T18:45:03.010+0000] {logging_mixin.py:188} INFO - [2026-08-26T18:45:03.009+0000] {dag.py:3823} INFO - Setting next_dagrun for air_quality_ingestion to 2026-08-26 18:00:00+00:00, run_after=2026-08-26 19:00:00+00:00
[2026-08-26T18:45:03.028+0000] {processor.py:183} INFO - Processing /opt/airflow/dags/ingestion_dag.py took 0.138 seconds
[2026-08-26T18:45:33.346+0000] {processor.py:161} INFO - Started process (PID=1155) to work on /opt/airflow/dags/ingestion_dag.py
[2026-08-26T18:45:33.347+0000] {processor.py:830} INFO - Processing file /opt/airflow/dags/ingestion_dag.py for tasks to queue
[2026-08-26T18:45:33.348+0000] {logging_mixin.py:188} INFO - [2026-08-26T18:45:33.347+0000] {dagbag.py:538} INFO - Filling up the DagBag from /opt/airflow/dags/ingestion_dag.py
[2026-08-26T18:45:33.421+0000] {processor.py:840} INFO - DAG(s) 'air_quality_ingestion' retrieved from /opt/airflow/dags/ingestion_dag.py
[2026-08-26T18:45:33.440+0000] {logging_mixin.py:188} INFO - [2026-08-26T18:45:33.440+0000] {dag.py:3036} INFO - Sync 1 DAGs
[2026-08-26T18:45:33.460+0000] {logging_mixin.py:188} INFO - [2026-08-26T18:45:33.460+0000] {dag.py:3823} INFO - Setting next_dagrun for air_quality_ingestion to 2026-08-26 18:00:00+00:00, run_after=2026-08-26 19:00:00+00:00
[2026-08-26T18:45:33.475+0000] {processor.py:183} INFO - Processing /opt/airflow/dags/ingestion_dag.py took 0.132 seconds
[2026-08-26T18:46:03.824+0000] {processor.py:161} INFO - Started process (PID=1165) to work on /opt/airflow/dags/ingestion_dag.py
[2026-08-26T18:46:03.825+0000] {processor.py:830} INFO - Processing file /opt/airflow/dags/ingestion_dag.py for tasks to queue
[2026-08-26T18:46:03.827+0000] {logging_mixin.py:188} INFO - [2026-08-26T18:46:03.826+0000] {dagbag.py:538} INFO - Filling up the DagBag from /opt/airflow/dags/ingestion_dag.py
[2026-08-26T18:46:03.909+0000] {processor.py:840} INFO - DAG(s) 'air_quality_ingestion' retrieved from /opt/airflow/dags/ingestion_dag.py
[2026-08-26T18:46:03.926+0000] {logging_mixin.py:188} INFO - [2026-08-26T18:46:03.925+0000] {dag.py:3036} INFO - Sync 1 DAGs
[2026-08-26T18:46:03.942+0000] {logging_mixin.py:188} INFO - [2026-08-26T18:46:03.942+0000] {dag.py:3823} INFO - Setting next_dagrun for air_quality_ingestion to 2026-08-26 18:00:00+00:00, run_after=2026-08-26 19:00:00+00:00
[2026-08-26T18:46:03.956+0000] {processor.py:183} INFO - Processing /opt/airflow/dags/ingestion_dag.py took 0.136 seconds
[2026-08-26T18:46:34.375+0000] {processor.py:161} INFO - Started process (PID=1175) to work on /opt/airflow/dags/ingestion_dag.py
[2026-08-26T18:46:34.375+0000] {processor.py:830} INFO - Processing file /opt/airflow/dags/ingestion_dag.py for tasks to queue
[2026-08-26T18:46:34.376+0000] {logging_mixin.py:188} INFO - [2026-08-26T18:46:34.376+0000] {dagbag.py:538} INFO - Filling up the DagBag from /opt/airflow/dags/ingestion_dag.py
[2026-08-26T18:46:34.450+0000] {processor.py:840} INFO - DAG(s) 'air_quality_ingestion' retrieved from /opt/airflow/dags/ingestion_dag.py
[2026-08-26T18:46:34.470+0000] {logging_mixin.py:188} INFO - [2026-08-26T18:46:34.470+0000] {dag.py:3036} INFO - Sync 1 DAGs
[2026-08-26T18:46:34.487+0000] {logging_mixin.py:188} INFO - [2026-08-26T18:46:34.487+0000] {dag.py:3823} INFO - Setting next_dagrun for air_quality_ingestion to 2026-08-26 18:00:00+00:00, run_after=2026-08-26 19:00:00+00:00
[2026-08-26T18:46:34.502+0000] {processor.py:183} INFO - Processing /opt/airflow/dags/ingestion_dag.py took 0.130 seconds
[2026-08-26T18:47:04.881+0000] {processor.py:161} INFO - Started process (PID=1185) to work on /opt/airflow/dags/ingestion_dag.py
[2026-08-26T18:47:04.882+0000] {processor.py:830} INFO - Processing file /opt/airflow/dags/ingestion_dag.py for tasks to queue
[2026-08-26T18:47:04.883+0000] {logging_mixin.py:188} INFO - [2026-08-26T18:47:04.883+0000] {dagbag.py:538} INFO - Filling up the DagBag from /opt/airflow/dags/ingestion_dag.py
[2026-08-26T18:47:04.991+0000] {processor.py:840} INFO - DAG(s) 'air_quality_ingestion' retrieved from /opt/airflow/dags/ingestion_dag.py
[2026-08-26T18:47:05.013+0000] {logging_mixin.py:188} INFO - [2026-08-26T18:47:05.013+0000] {dag.py:3036} INFO - Sync 1 DAGs
[2026-08-26T18:47:05.031+0000] {logging_mixin.py:188} INFO - [2026-08-26T18:47:05.031+0000] {dag.py:3823} INFO - Setting next_dagrun for air_quality_ingestion to 2026-08-26 18:00:00+00:00, run_after=2026-08-26 19:00:00+00:00
[2026-08-26T18:47:05.047+0000] {processor.py:183} INFO - Processing /opt/airflow/dags/ingestion_dag.py took 0.170 seconds
[2026-08-26T18:47:35.376+0000] {processor.py:161} INFO - Started process (PID=1195) to work on /opt/airflow/dags/ingestion_dag.py
[2026-08-26T18:47:35.378+0000] {processor.py:830} INFO - Processing file /opt/airflow/dags/ingestion_dag.py for tasks to queue
[2026-08-26T18:47:35.380+0000] {logging_mixin.py:188} INFO - [2026-08-26T18:47:35.380+0000] {dagbag.py:538} INFO - Filling up the DagBag from /opt/airflow/dags/ingestion_dag.py
[2026-08-26T18:47:35.488+0000] {processor.py:840} INFO - DAG(s) 'air_quality_ingestion' retrieved from /opt/airflow/dags/ingestion_dag.py
[2026-08-26T18:47:35.505+0000] {logging_mixin.py:188} INFO - [2026-08-26T18:47:35.504+0000] {dag.py:3036} INFO - Sync 1 DAGs
[2026-08-26T18:47:35.520+0000] {logging_mixin.py:188} INFO - [2026-08-26T18:47:35.520+0000] {dag.py:3823} INFO - Setting next_dagrun for air_quality_ingestion to 2026-08-26 18:00:00+00:00, run_after=2026-08-26 19:00:00+00:00
[2026-08-26T18:47:35.536+0000] {processor.py:183} INFO - Processing /opt/airflow/dags/ingestion_dag.py took 0.164 seconds
[2026-08-26T18:48:05.920+0000] {processor.py:161} INFO - Started process (PID=1205) to work on /opt/airflow/dags/ingestion_dag.py
[2026-08-26T18:48:05.922+0000] {processor.py:830} INFO - Processing file /opt/airflow/dags/ingestion_dag.py for tasks to queue
[2026-08-26T18:48:05.923+0000] {logging_mixin.py:188} INFO - [2026-08-26T18:48:05.922+0000] {dagbag.py:538} INFO - Filling up the DagBag from /opt/airflow/dags/ingestion_dag.py
[2026-08-26T18:48:06.006+0000] {processor.py:840} INFO - DAG(s) 'air_quality_ingestion' retrieved from /opt/airflow/dags/ingestion_dag.py
[2026-08-26T18:48:06.026+0000] {logging_mixin.py:188} INFO - [2026-08-26T18:48:06.026+0000] {dag.py:3036} INFO - Sync 1 DAGs
[2026-08-26T18:48:06.043+0000] {logging_mixin.py:188} INFO - [2026-08-26T18:48:06.042+0000] {dag.py:3823} INFO - Setting next_dagrun for air_quality_ingestion to 2026-08-26 18:00:00+00:00, run_after=2026-08-26 19:00:00+00:00
[2026-08-26T18:48:06.058+0000] {processor.py:183} INFO - Processing /opt/airflow/dags/ingestion_dag.py took 0.141 seconds
[2026-08-26T18:48:36.421+0000] {processor.py:161} INFO - Started process (PID=1215) to work on /opt/airflow/dags/ingestion_dag.py
[2026-08-26T18:48:36.422+0000] {processor.py:830} INFO - Processing file /opt/airflow/dags/ingestion_dag.py for tasks to queue
[2026-08-26T18:48:36.423+0000] {logging_mixin.py:188} INFO - [2026-08-26T18:48:36.423+0000] {dagbag.py:538} INFO - Filling up the DagBag from /opt/airflow/dags/ingestion_dag.py
[2026-08-26T18:48:36.501+0000] {processor.py:840} INFO - DAG(s) 'air_quality_ingestion' retrieved from /opt/airflow/dags/ingestion_dag.py
[2026-08-26T18:48:36.523+0000] {logging_mixin.py:188} INFO - [2026-08-26T18:48:36.523+0000] {dag.py:3036} INFO - Sync 1 DAGs
[2026-08-26T18:48:36.542+0000] {logging_mixin.py:188} INFO - [2026-08-26T18:48:36.541+0000] {dag.py:3823} INFO - Setting next_dagrun for air_quality_ingestion to 2026-08-26 18:00:00+00:00, run_after=2026-08-26 19:00:00+00:00
[2026-08-26T18:48:36.558+0000] {processor.py:183} INFO - Processing /opt/airflow/dags/ingestion_dag.py took 0.139 seconds
[2026-08-26T18:49:06.927+0000] {processor.py:161} INFO - Started process (PID=1225) to work on /opt/airflow/dags/ingestion_dag.py
[2026-08-26T18:49:06.928+0000] {processor.py:830} INFO - Processing file /opt/airflow/dags/ingestion_dag.py for tasks to queue
[2026-08-26T18:49:06.929+0000] {logging_mixin.py:188} INFO - [2026-08-26T18:49:06.929+0000] {dagbag.py:538} INFO - Filling up the DagBag from /opt/airflow/dags/ingestion_dag.py
[2026-08-26T18:49:07.003+0000] {processor.py:840} INFO - DAG(s) 'air_quality_ingestion' retrieved from /opt/airflow/dags/ingestion_dag.py
[2026-08-26T18:49:07.020+0000] {logging_mixin.py:188} INFO - [2026-08-26T18:49:07.020+0000] {dag.py:3036} INFO - Sync 1 DAGs
[2026-08-26T18:49:07.037+0000] {logging_mixin.py:188} INFO - [2026-08-26T18:49:07.037+0000] {dag.py:3823} INFO - Setting next_dagrun for air_quality_ingestion to 2026-08-26 18:00:00+00:00, run_after=2026-08-26 19:00:00+00:00
[2026-08-26T18:49:07.051+0000] {processor.py:183} INFO - Processing /opt/airflow/dags/ingestion_dag.py took 0.128 seconds
[2026-08-26T18:49:37.379+0000] {processor.py:161} INFO - Started process (PID=1235) to work on /opt/airflow/dags/ingestion_dag.py
[2026-08-26T18:49:37.380+0000] {processor.py:830} INFO - Processing file /opt/airflow/dags/ingestion_dag.py for tasks to queue
[2026-08-26T18:49:37.381+0000] {logging_mixin.py:188} INFO - [2026-08-26T18:49:37.381+0000] {dagbag.py:538} INFO - Filling up the DagBag from /opt/airflow/dags/ingestion_dag.py
[2026-08-26T18:49:37.463+0000] {processor.py:840} INFO - DAG(s) 'air_quality_ingestion' retrieved from /opt/airflow/dags/ingestion_dag.py
[2026-08-26T18:49:37.491+0000] {logging_mixin.py:188} INFO - [2026-08-26T18:49:37.491+0000] {dag.py:3036} INFO - Sync 1 DAGs
[2026-08-26T18:49:37.510+0000] {logging_mixin.py:188} INFO - [2026-08-26T18:49:37.510+0000] {dag.py:3823} INFO - Setting next_dagrun for air_quality_ingestion to 2026-08-26 18:00:00+00:00, run_after=2026-08-26 19:00:00+00:00
[2026-08-26T18:49:37.532+0000] {processor.py:183} INFO - Processing /opt/airflow/dags/ingestion_dag.py took 0.155 seconds
[2026-08-26T18:50:07.852+0000] {processor.py:161} INFO - Started process (PID=1245) to work on /opt/airflow/dags/ingestion_dag.py
[2026-08-26T18:50:07.854+0000] {processor.py:830} INFO - Processing file /opt/airflow/dags/ingestion_dag.py for tasks to queue
[2026-08-26T18:50:07.855+0000] {logging_mixin.py:188} INFO - [2026-08-26T18:50:07.854+0000] {dagbag.py:538} INFO - Filling up the DagBag from /opt/airflow/dags/ingestion_dag.py
[2026-08-26T18:50:07.925+0000] {processor.py:840} INFO - DAG(s) 'air_quality_ingestion' retrieved from /opt/airflow/dags/ingestion_dag.py
[2026-08-26T18:50:07.944+0000] {logging_mixin.py:188} INFO - [2026-08-26T18:50:07.943+0000] {dag.py:3036} INFO - Sync 1 DAGs
[2026-08-26T18:50:07.959+0000] {logging_mixin.py:188} INFO - [2026-08-26T18:50:07.959+0000] {dag.py:3823} INFO - Setting next_dagrun for air_quality_ingestion to 2026-08-26 18:00:00+00:00, run_after=2026-08-26 19:00:00+00:00
[2026-08-26T18:50:07.976+0000] {processor.py:183} INFO - Processing /opt/airflow/dags/ingestion_dag.py took 0.127 seconds
[2026-08-26T18:50:38.328+0000] {processor.py:161} INFO - Started process (PID=1255) to work on /opt/airflow/dags/ingestion_dag.py
[2026-08-26T18:50:38.329+0000] {processor.py:830} INFO - Processing file /opt/airflow/dags/ingestion_dag.py for tasks to queue
[2026-08-26T18:50:38.330+0000] {logging_mixin.py:188} INFO - [2026-08-26T18:50:38.330+0000] {dagbag.py:538} INFO - Filling up the DagBag from /opt/airflow/dags/ingestion_dag.py
[2026-08-26T18:50:38.420+0000] {processor.py:840} INFO - DAG(s) 'air_quality_ingestion' retrieved from /opt/airflow/dags/ingestion_dag.py
[2026-08-26T18:50:38.452+0000] {logging_mixin.py:188} INFO - [2026-08-26T18:50:38.452+0000] {dag.py:3036} INFO - Sync 1 DAGs
[2026-08-26T18:50:38.476+0000] {logging_mixin.py:188} INFO - [2026-08-26T18:50:38.475+0000] {dag.py:3823} INFO - Setting next_dagrun for air_quality_ingestion to 2026-08-26 18:00:00+00:00, run_after=2026-08-26 19:00:00+00:00
[2026-08-26T18:50:38.497+0000] {processor.py:183} INFO - Processing /opt/airflow/dags/ingestion_dag.py took 0.172 seconds
[2026-08-26T18:51:08.825+0000] {processor.py:161} INFO - Started process (PID=1265) to work on /opt/airflow/dags/ingestion_dag.py
[2026-08-26T18:51:08.827+0000] {processor.py:830} INFO - Processing file /opt/airflow/dags/ingestion_dag.py for tasks to queue
[2026-08-26T18:51:08.828+0000] {logging_mixin.py:188} INFO - [2026-08-26T18:51:08.828+0000] {dagbag.py:538} INFO - Filling up the DagBag from /opt/airflow/dags/ingestion_dag.py
[2026-08-26T18:51:08.924+0000] {processor.py:840} INFO - DAG(s) 'air_quality_ingestion' retrieved from /opt/airflow/dags/ingestion_dag.py
[2026-08-26T18:51:08.947+0000] {logging_mixin.py:188} INFO - [2026-08-26T18:51:08.947+0000] {dag.py:3036} INFO - Sync 1 DAGs
[2026-08-26T18:51:08.968+0000] {logging_mixin.py:188} INFO - [2026-08-26T18:51:08.968+0000] {dag.py:3823} INFO - Setting next_dagrun for air_quality_ingestion to 2026-08-26 18:00:00+00:00, run_after=2026-08-26 19:00:00+00:00
[2026-08-26T18:51:08.983+0000] {processor.py:183} INFO - Processing /opt/airflow/dags/ingestion_dag.py took 0.161 seconds
[2026-08-26T18:51:39.315+0000] {processor.py:161} INFO - Started process (PID=1275) to work on /opt/airflow/dags/ingestion_dag.py
[2026-08-26T18:51:39.316+0000] {processor.py:830} INFO - Processing file /opt/airflow/dags/ingestion_dag.py for tasks to queue
[2026-08-26T18:51:39.317+0000] {logging_mixin.py:188} INFO - [2026-08-26T18:51:39.316+0000] {dagbag.py:538} INFO - Filling up the DagBag from /opt/airflow/dags/ingestion_dag.py
[2026-08-26T18:51:39.389+0000] {processor.py:840} INFO - DAG(s) 'air_quality_ingestion' retrieved from /opt/airflow/dags/ingestion_dag.py
[2026-08-26T18:51:39.407+0000] {logging_mixin.py:188} INFO - [2026-08-26T18:51:39.407+0000] {dag.py:3036} INFO - Sync 1 DAGs
[2026-08-26T18:51:39.423+0000] {logging_mixin.py:188} INFO - [2026-08-26T18:51:39.423+0000] {dag.py:3823} INFO - Setting next_dagrun for air_quality_ingestion to 2026-08-26 18:00:00+00:00, run_after=2026-08-26 19:00:00+00:00
[2026-08-26T18:51:39.437+0000] {processor.py:183} INFO - Processing /opt/airflow/dags/ingestion_dag.py took 0.125 seconds
[2026-08-26T18:52:09.758+0000] {processor.py:161} INFO - Started process (PID=1285) to work on /opt/airflow/dags/ingestion_dag.py
[2026-08-26T18:52:09.767+0000] {processor.py:830} INFO - Processing file /opt/airflow/dags/ingestion_dag.py for tasks to queue
[2026-08-26T18:52:09.769+0000] {logging_mixin.py:188} INFO - [2026-08-26T18:52:09.769+0000] {dagbag.py:538} INFO - Filling up the DagBag from /opt/airflow/dags/ingestion_dag.py
[2026-08-26T18:52:09.866+0000] {processor.py:840} INFO - DAG(s) 'air_quality_ingestion' retrieved from /opt/airflow/dags/ingestion_dag.py
[2026-08-26T18:52:09.883+0000] {logging_mixin.py:188} INFO - [2026-08-26T18:52:09.883+0000] {dag.py:3036} INFO - Sync 1 DAGs
[2026-08-26T18:52:09.899+0000] {logging_mixin.py:188} INFO - [2026-08-26T18:52:09.898+0000] {dag.py:3823} INFO - Setting next_dagrun for air_quality_ingestion to 2026-08-26 18:00:00+00:00, run_after=2026-08-26 19:00:00+00:00
[2026-08-26T18:52:09.912+0000] {processor.py:183} INFO - Processing /opt/airflow/dags/ingestion_dag.py took 0.158 seconds
[2026-08-26T18:52:40.288+0000] {processor.py:161} INFO - Started process (PID=1295) to work on /opt/airflow/dags/ingestion_dag.py
[2026-08-26T18:52:40.290+0000] {processor.py:830} INFO - Processing file /opt/airflow/dags/ingestion_dag.py for tasks to queue
[2026-08-26T18:52:40.292+0000] {logging_mixin.py:188} INFO - [2026-08-26T18:52:40.291+0000] {dagbag.py:538} INFO - Filling up the DagBag from /opt/airflow/dags/ingestion_dag.py
[2026-08-26T18:52:40.368+0000] {processor.py:840} INFO - DAG(s) 'air_quality_ingestion' retrieved from /opt/airflow/dags/ingestion_dag.py
[2026-08-26T18:52:40.391+0000] {logging_mixin.py:188} INFO - [2026-08-26T18:52:40.391+0000] {dag.py:3036} INFO - Sync 1 DAGs
[2026-08-26T18:52:40.408+0000] {logging_mixin.py:188} INFO - [2026-08-26T18:52:40.408+0000] {dag.py:3823} INFO - Setting next_dagrun for air_quality_ingestion to 2026-08-26 18:00:00+00:00, run_after=2026-08-26 19:00:00+00:00
[2026-08-26T18:52:40.423+0000] {processor.py:183} INFO - Processing /opt/airflow/dags/ingestion_dag.py took 0.138 seconds
[2026-08-26T18:53:10.758+0000] {processor.py:161} INFO - Started process (PID=1305) to work on /opt/airflow/dags/ingestion_dag.py
[2026-08-26T18:53:10.759+0000] {processor.py:830} INFO - Processing file /opt/airflow/dags/ingestion_dag.py for tasks to queue
[2026-08-26T18:53:10.760+0000] {logging_mixin.py:188} INFO - [2026-08-26T18:53:10.759+0000] {dagbag.py:538} INFO - Filling up the DagBag from /opt/airflow/dags/ingestion_dag.py
[2026-08-26T18:53:10.835+0000] {processor.py:840} INFO - DAG(s) 'air_quality_ingestion' retrieved from /opt/airflow/dags/ingestion_dag.py
[2026-08-26T18:53:10.855+0000] {logging_mixin.py:188} INFO - [2026-08-26T18:53:10.855+0000] {dag.py:3036} INFO - Sync 1 DAGs
[2026-08-26T18:53:10.874+0000] {logging_mixin.py:188} INFO - [2026-08-26T18:53:10.874+0000] {dag.py:3823} INFO - Setting next_dagrun for air_quality_ingestion to 2026-08-26 18:00:00+00:00, run_after=2026-08-26 19:00:00+00:00
[2026-08-26T18:53:10.891+0000] {processor.py:183} INFO - Processing /opt/airflow/dags/ingestion_dag.py took 0.136 seconds
[2026-08-26T18:53:41.199+0000] {processor.py:161} INFO - Started process (PID=1315) to work on /opt/airflow/dags/ingestion_dag.py
[2026-08-26T18:53:41.200+0000] {processor.py:830} INFO - Processing file /opt/airflow/dags/ingestion_dag.py for tasks to queue
[2026-08-26T18:53:41.201+0000] {logging_mixin.py:188} INFO - [2026-08-26T18:53:41.201+0000] {dagbag.py:538} INFO - Filling up the DagBag from /opt/airflow/dags/ingestion_dag.py
[2026-08-26T18:53:41.272+0000] {processor.py:840} INFO - DAG(s) 'air_quality_ingestion' retrieved from /opt/airflow/dags/ingestion_dag.py
[2026-08-26T18:53:41.291+0000] {logging_mixin.py:188} INFO - [2026-08-26T18:53:41.290+0000] {dag.py:3036} INFO - Sync 1 DAGs
[2026-08-26T18:53:41.307+0000] {logging_mixin.py:188} INFO - [2026-08-26T18:53:41.307+0000] {dag.py:3823} INFO - Setting next_dagrun for air_quality_ingestion to 2026-08-26 18:00:00+00:00, run_after=2026-08-26 19:00:00+00:00
[2026-08-26T18:53:41.322+0000] {processor.py:183} INFO - Processing /opt/airflow/dags/ingestion_dag.py took 0.125 seconds
[2026-08-26T18:54:11.643+0000] {processor.py:161} INFO - Started process (PID=1325) to work on /opt/airflow/dags/ingestion_dag.py
[2026-08-26T18:54:11.644+0000] {processor.py:830} INFO - Processing file /opt/airflow/dags/ingestion_dag.py for tasks to queue
[2026-08-26T18:54:11.645+0000] {logging_mixin.py:188} INFO - [2026-08-26T18:54:11.645+0000] {dagbag.py:538} INFO - Filling up the DagBag from /opt/airflow/dags/ingestion_dag.py
[2026-08-26T18:54:11.714+0000] {processor.py:840} INFO - DAG(s) 'air_quality_ingestion' retrieved from /opt/airflow/dags/ingestion_dag.py
[2026-08-26T18:54:11.733+0000] {logging_mixin.py:188} INFO - [2026-08-26T18:54:11.733+0000] {dag.py:3036} INFO - Sync 1 DAGs
[2026-08-26T18:54:11.748+0000] {logging_mixin.py:188} INFO - [2026-08-26T18:54:11.748+0000] {dag.py:3823} INFO - Setting next_dagrun for air_quality_ingestion to 2026-08-26 18:00:00+00:00, run_after=2026-08-26 19:00:00+00:00
[2026-08-26T18:54:11.763+0000] {processor.py:183} INFO - Processing /opt/airflow/dags/ingestion_dag.py took 0.122 seconds
[2026-08-26T18:54:42.160+0000] {processor.py:161} INFO - Started process (PID=1335) to work on /opt/airflow/dags/ingestion_dag.py
[2026-08-26T18:54:42.161+0000] {processor.py:830} INFO - Processing file /opt/airflow/dags/ingestion_dag.py for tasks to queue
[2026-08-26T18:54:42.163+0000] {logging_mixin.py:188} INFO - [2026-08-26T18:54:42.162+0000] {dagbag.py:538} INFO - Filling up the DagBag from /opt/airflow/dags/ingestion_dag.py
[2026-08-26T18:54:42.245+0000] {processor.py:840} INFO - DAG(s) 'air_quality_ingestion' retrieved from /opt/airflow/dags/ingestion_dag.py
[2026-08-26T18:54:42.270+0000] {logging_mixin.py:188} INFO - [2026-08-26T18:54:42.270+0000] {dag.py:3036} INFO - Sync 1 DAGs
[2026-08-26T18:54:42.291+0000] {logging_mixin.py:188} INFO - [2026-08-26T18:54:42.291+0000] {dag.py:3823} INFO - Setting next_dagrun for air_quality_ingestion to 2026-08-26 18:00:00+00:00, run_after=2026-08-26 19:00:00+00:00
[2026-08-26T18:54:42.309+0000] {processor.py:183} INFO - Processing /opt/airflow/dags/ingestion_dag.py took 0.151 seconds
[2026-08-26T18:55:12.667+0000] {processor.py:161} INFO - Started process (PID=1345) to work on /opt/airflow/dags/ingestion_dag.py
[2026-08-26T18:55:12.668+0000] {processor.py:830} INFO - Processing file /opt/airflow/dags/ingestion_dag.py for tasks to queue
[2026-08-26T18:55:12.669+0000] {logging_mixin.py:188} INFO - [2026-08-26T18:55:12.669+0000] {dagbag.py:538} INFO - Filling up the DagBag from /opt/airflow/dags/ingestion_dag.py
[2026-08-26T18:55:12.742+0000] {processor.py:840} INFO - DAG(s) 'air_quality_ingestion' retrieved from /opt/airflow/dags/ingestion_dag.py
[2026-08-26T18:55:12.760+0000] {logging_mixin.py:188} INFO - [2026-08-26T18:55:12.760+0000] {dag.py:3036} INFO - Sync 1 DAGs
[2026-08-26T18:55:12.778+0000] {logging_mixin.py:188} INFO - [2026-08-26T18:55:12.778+0000] {dag.py:3823} INFO - Setting next_dagrun for air_quality_ingestion to 2026-08-26 18:00:00+00:00, run_after=2026-08-26 19:00:00+00:00
[2026-08-26T18:55:12.795+0000] {processor.py:183} INFO - Processing /opt/airflow/dags/ingestion_dag.py took 0.130 seconds
[2026-08-26T18:55:43.106+0000] {processor.py:161} INFO - Started process (PID=1355) to work on /opt/airflow/dags/ingestion_dag.py
[2026-08-26T18:55:43.107+0000] {processor.py:830} INFO - Processing file /opt/airflow/dags/ingestion_dag.py for tasks to queue
[2026-08-26T18:55:43.108+0000] {logging_mixin.py:188} INFO - [2026-08-26T18:55:43.107+0000] {dagbag.py:538} INFO - Filling up the DagBag from /opt/airflow/dags/ingestion_dag.py
[2026-08-26T18:55:43.177+0000] {processor.py:840} INFO - DAG(s) 'air_quality_ingestion' retrieved from /opt/airflow/dags/ingestion_dag.py
[2026-08-26T18:55:43.195+0000] {logging_mixin.py:188} INFO - [2026-08-26T18:55:43.195+0000] {dag.py:3036} INFO - Sync 1 DAGs
[2026-08-26T18:55:43.211+0000] {logging_mixin.py:188} INFO - [2026-08-26T18:55:43.211+0000] {dag.py:3823} INFO - Setting next_dagrun for air_quality_ingestion to 2026-08-26 18:00:00+00:00, run_after=2026-08-26 19:00:00+00:00
[2026-08-26T18:55:43.227+0000] {processor.py:183} INFO - Processing /opt/airflow/dags/ingestion_dag.py took 0.124 seconds
[2026-08-26T18:56:13.536+0000] {processor.py:161} INFO - Started process (PID=1365) to work on /opt/airflow/dags/ingestion_dag.py
[2026-08-26T18:56:13.537+0000] {processor.py:830} INFO - Processing file /opt/airflow/dags/ingestion_dag.py for tasks to queue
[2026-08-26T18:56:13.538+0000] {logging_mixin.py:188} INFO - [2026-08-26T18:56:13.537+0000] {dagbag.py:538} INFO - Filling up the DagBag from /opt/airflow/dags/ingestion_dag.py
[2026-08-26T18:56:13.611+0000] {processor.py:840} INFO - DAG(s) 'air_quality_ingestion' retrieved from /opt/airflow/dags/ingestion_dag.py
[2026-08-26T18:56:13.629+0000] {logging_mixin.py:188} INFO - [2026-08-26T18:56:13.629+0000] {dag.py:3036} INFO - Sync 1 DAGs
[2026-08-26T18:56:13.646+0000] {logging_mixin.py:188} INFO - [2026-08-26T18:56:13.646+0000] {dag.py:3823} INFO - Setting next_dagrun for air_quality_ingestion to 2026-08-26 18:00:00+00:00, run_after=2026-08-26 19:00:00+00:00
[2026-08-26T18:56:13.662+0000] {processor.py:183} INFO - Processing /opt/airflow/dags/ingestion_dag.py took 0.129 seconds
[2026-08-26T18:56:44.035+0000] {processor.py:161} INFO - Started process (PID=1375) to work on /opt/airflow/dags/ingestion_dag.py
[2026-08-26T18:56:44.036+0000] {processor.py:830} INFO - Processing file /opt/airflow/dags/ingestion_dag.py for tasks to queue
[2026-08-26T18:56:44.037+0000] {logging_mixin.py:188} INFO - [2026-08-26T18:56:44.037+0000] {dagbag.py:538} INFO - Filling up the DagBag from /opt/airflow/dags/ingestion_dag.py
[2026-08-26T18:56:44.111+0000] {processor.py:840} INFO - DAG(s) 'air_quality_ingestion' retrieved from /opt/airflow/dags/ingestion_dag.py
[2026-08-26T18:56:44.131+0000] {logging_mixin.py:188} INFO - [2026-08-26T18:56:44.131+0000] {dag.py:3036} INFO - Sync 1 DAGs
[2026-08-26T18:56:44.151+0000] {logging_mixin.py:188} INFO - [2026-08-26T18:56:44.151+0000] {dag.py:3823} INFO - Setting next_dagrun for air_quality_ingestion to 2026-08-26 18:00:00+00:00, run_after=2026-08-26 19:00:00+00:00
[2026-08-26T18:56:44.168+0000] {processor.py:183} INFO - Processing /opt/airflow/dags/ingestion_dag.py took 0.135 seconds
[2026-08-26T18:57:14.476+0000] {processor.py:161} INFO - Started process (PID=1385) to work on /opt/airflow/dags/ingestion_dag.py
[2026-08-26T18:57:14.477+0000] {processor.py:830} INFO - Processing file /opt/airflow/dags/ingestion_dag.py for tasks to queue
[2026-08-26T18:57:14.479+0000] {logging_mixin.py:188} INFO - [2026-08-26T18:57:14.478+0000] {dagbag.py:538} INFO - Filling up the DagBag from /opt/airflow/dags/ingestion_dag.py
[2026-08-26T18:57:14.557+0000] {processor.py:840} INFO - DAG(s) 'air_quality_ingestion' retrieved from /opt/airflow/dags/ingestion_dag.py
[2026-08-26T18:57:14.578+0000] {logging_mixin.py:188} INFO - [2026-08-26T18:57:14.578+0000] {dag.py:3036} INFO - Sync 1 DAGs
[2026-08-26T18:57:14.597+0000] {logging_mixin.py:188} INFO - [2026-08-26T18:57:14.597+0000] {dag.py:3823} INFO - Setting next_dagrun for air_quality_ingestion to 2026-08-26 18:00:00+00:00, run_after=2026-08-26 19:00:00+00:00
[2026-08-26T18:57:14.616+0000] {processor.py:183} INFO - Processing /opt/airflow/dags/ingestion_dag.py took 0.142 seconds
[2026-08-26T18:57:44.956+0000] {processor.py:161} INFO - Started process (PID=1395) to work on /opt/airflow/dags/ingestion_dag.py
[2026-08-26T18:57:44.957+0000] {processor.py:830} INFO - Processing file /opt/airflow/dags/ingestion_dag.py for tasks to queue
[2026-08-26T18:57:44.959+0000] {logging_mixin.py:188} INFO - [2026-08-26T18:57:44.958+0000] {dagbag.py:538} INFO - Filling up the DagBag from /opt/airflow/dags/ingestion_dag.py
[2026-08-26T18:57:45.033+0000] {processor.py:840} INFO - DAG(s) 'air_quality_ingestion' retrieved from /opt/airflow/dags/ingestion_dag.py
[2026-08-26T18:57:45.050+0000] {logging_mixin.py:188} INFO - [2026-08-26T18:57:45.050+0000] {dag.py:3036} INFO - Sync 1 DAGs
[2026-08-26T18:57:45.066+0000] {logging_mixin.py:188} INFO - [2026-08-26T18:57:45.065+0000] {dag.py:3823} INFO - Setting next_dagrun for air_quality_ingestion to 2026-08-26 18:00:00+00:00, run_after=2026-08-26 19:00:00+00:00
[2026-08-26T18:57:45.081+0000] {processor.py:183} INFO - Processing /opt/airflow/dags/ingestion_dag.py took 0.129 seconds
[2026-08-26T18:58:15.360+0000] {processor.py:161} INFO - Started process (PID=1405) to work on /opt/airflow/dags/ingestion_dag.py
[2026-08-26T18:58:15.361+0000] {processor.py:830} INFO - Processing file /opt/airflow/dags/ingestion_dag.py for tasks to queue
[2026-08-26T18:58:15.362+0000] {logging_mixin.py:188} INFO - [2026-08-26T18:58:15.361+0000] {dagbag.py:538} INFO - Filling up the DagBag from /opt/airflow/dags/ingestion_dag.py
[2026-08-26T18:58:15.435+0000] {processor.py:840} INFO - DAG(s) 'air_quality_ingestion' retrieved from /opt/airflow/dags/ingestion_dag.py
[2026-08-26T18:58:15.453+0000] {logging_mixin.py:188} INFO - [2026-08-26T18:58:15.453+0000] {dag.py:3036} INFO - Sync 1 DAGs
[2026-08-26T18:58:15.471+0000] {logging_mixin.py:188} INFO - [2026-08-26T18:58:15.471+0000] {dag.py:3823} INFO - Setting next_dagrun for air_quality_ingestion to 2026-08-26 18:00:00+00:00, run_after=2026-08-26 19:00:00+00:00
[2026-08-26T18:58:15.490+0000] {processor.py:183} INFO - Processing /opt/airflow/dags/ingestion_dag.py took 0.133 seconds
[2026-08-26T18:58:45.823+0000] {processor.py:161} INFO - Started process (PID=1415) to work on /opt/airflow/dags/ingestion_dag.py
[2026-08-26T18:58:45.824+0000] {processor.py:830} INFO - Processing file /opt/airflow/dags/ingestion_dag.py for tasks to queue
[2026-08-26T18:58:45.825+0000] {logging_mixin.py:188} INFO - [2026-08-26T18:58:45.824+0000] {dagbag.py:538} INFO - Filling up the DagBag from /opt/airflow/dags/ingestion_dag.py
[2026-08-26T18:58:45.899+0000] {processor.py:840} INFO - DAG(s) 'air_quality_ingestion' retrieved from /opt/airflow/dags/ingestion_dag.py
[2026-08-26T18:58:45.917+0000] {logging_mixin.py:188} INFO - [2026-08-26T18:58:45.917+0000] {dag.py:3036} INFO - Sync 1 DAGs
[2026-08-26T18:58:45.936+0000] {logging_mixin.py:188} INFO - [2026-08-26T18:58:45.936+0000] {dag.py:3823} INFO - Setting next_dagrun for air_quality_ingestion to 2026-08-26 18:00:00+00:00, run_after=2026-08-26 19:00:00+00:00
[2026-08-26T18:58:45.954+0000] {processor.py:183} INFO - Processing /opt/airflow/dags/ingestion_dag.py took 0.134 seconds
[2026-08-26T18:59:16.357+0000] {processor.py:161} INFO - Started process (PID=1425) to work on /opt/airflow/dags/ingestion_dag.py
[2026-08-26T18:59:16.358+0000] {processor.py:830} INFO - Processing file /opt/airflow/dags/ingestion_dag.py for tasks to queue
[2026-08-26T18:59:16.359+0000] {logging_mixin.py:188} INFO - [2026-08-26T18:59:16.359+0000] {dagbag.py:538} INFO - Filling up the DagBag from /opt/airflow/dags/ingestion_dag.py
[2026-08-26T18:59:16.437+0000] {processor.py:840} INFO - DAG(s) 'air_quality_ingestion' retrieved from /opt/airflow/dags/ingestion_dag.py
[2026-08-26T18:59:16.453+0000] {logging_mixin.py:188} INFO - [2026-08-26T18:59:16.453+0000] {dag.py:3036} INFO - Sync 1 DAGs
[2026-08-26T18:59:16.470+0000] {logging_mixin.py:188} INFO - [2026-08-26T18:59:16.470+0000] {dag.py:3823} INFO - Setting next_dagrun for air_quality_ingestion to 2026-08-26 18:00:00+00:00, run_after=2026-08-26 19:00:00+00:00
[2026-08-26T18:59:16.485+0000] {processor.py:183} INFO - Processing /opt/airflow/dags/ingestion_dag.py took 0.132 seconds
[2026-08-26T18:59:46.828+0000] {processor.py:161} INFO - Started process (PID=1435) to work on /opt/airflow/dags/ingestion_dag.py
[2026-08-26T18:59:46.829+0000] {processor.py:830} INFO - Processing file /opt/airflow/dags/ingestion_dag.py for tasks to queue
[2026-08-26T18:59:46.830+0000] {logging_mixin.py:188} INFO - [2026-08-26T18:59:46.830+0000] {dagbag.py:538} INFO - Filling up the DagBag from /opt/airflow/dags/ingestion_dag.py
[2026-08-26T18:59:46.905+0000] {processor.py:840} INFO - DAG(s) 'air_quality_ingestion' retrieved from /opt/airflow/dags/ingestion_dag.py
[2026-08-26T18:59:46.923+0000] {logging_mixin.py:188} INFO - [2026-08-26T18:59:46.923+0000] {dag.py:3036} INFO - Sync 1 DAGs
[2026-08-26T18:59:46.939+0000] {logging_mixin.py:188} INFO - [2026-08-26T18:59:46.939+0000] {dag.py:3823} INFO - Setting next_dagrun for air_quality_ingestion to 2026-08-26 18:00:00+00:00, run_after=2026-08-26 19:00:00+00:00
[2026-08-26T18:59:46.955+0000] {processor.py:183} INFO - Processing /opt/airflow/dags/ingestion_dag.py took 0.130 seconds
[2026-08-26T19:00:17.312+0000] {processor.py:161} INFO - Started process (PID=1447) to work on /opt/airflow/dags/ingestion_dag.py
[2026-08-26T19:00:17.313+0000] {processor.py:830} INFO - Processing file /opt/airflow/dags/ingestion_dag.py for tasks to queue
[2026-08-26T19:00:17.313+0000] {logging_mixin.py:188} INFO - [2026-08-26T19:00:17.313+0000] {dagbag.py:538} INFO - Filling up the DagBag from /opt/airflow/dags/ingestion_dag.py
[2026-08-26T19:00:17.401+0000] {processor.py:840} INFO - DAG(s) 'air_quality_ingestion' retrieved from /opt/airflow/dags/ingestion_dag.py
[2026-08-26T19:00:17.421+0000] {logging_mixin.py:188} INFO - [2026-08-26T19:00:17.421+0000] {dag.py:3036} INFO - Sync 1 DAGs
[2026-08-26T19:00:17.438+0000] {logging_mixin.py:188} INFO - [2026-08-26T19:00:17.438+0000] {dag.py:3823} INFO - Setting next_dagrun for air_quality_ingestion to 2026-08-26 19:00:00+00:00, run_after=2026-08-26 20:00:00+00:00
[2026-08-26T19:00:17.453+0000] {processor.py:183} INFO - Processing /opt/airflow/dags/ingestion_dag.py took 0.144 seconds
[2026-08-26T19:00:47.855+0000] {processor.py:161} INFO - Started process (PID=1457) to work on /opt/airflow/dags/ingestion_dag.py
[2026-08-26T19:00:47.856+0000] {processor.py:830} INFO - Processing file /opt/airflow/dags/ingestion_dag.py for tasks to queue
[2026-08-26T19:00:47.858+0000] {logging_mixin.py:188} INFO - [2026-08-26T19:00:47.858+0000] {dagbag.py:538} INFO - Filling up the DagBag from /opt/airflow/dags/ingestion_dag.py
[2026-08-26T19:00:47.936+0000] {processor.py:840} INFO - DAG(s) 'air_quality_ingestion' retrieved from /opt/airflow/dags/ingestion_dag.py
[2026-08-26T19:00:47.961+0000] {logging_mixin.py:188} INFO - [2026-08-26T19:00:47.960+0000] {dag.py:3036} INFO - Sync 1 DAGs
[2026-08-26T19:00:47.981+0000] {logging_mixin.py:188} INFO - [2026-08-26T19:00:47.981+0000] {dag.py:3823} INFO - Setting next_dagrun for air_quality_ingestion to 2026-08-26 19:00:00+00:00, run_after=2026-08-26 20:00:00+00:00
[2026-08-26T19:00:47.995+0000] {processor.py:183} INFO - Processing /opt/airflow/dags/ingestion_dag.py took 0.143 seconds
[2026-08-26T19:01:18.378+0000] {processor.py:161} INFO - Started process (PID=1467) to work on /opt/airflow/dags/ingestion_dag.py
[2026-08-26T19:01:18.379+0000] {processor.py:830} INFO - Processing file /opt/airflow/dags/ingestion_dag.py for tasks to queue
[2026-08-26T19:01:18.380+0000] {logging_mixin.py:188} INFO - [2026-08-26T19:01:18.380+0000] {dagbag.py:538} INFO - Filling up the DagBag from /opt/airflow/dags/ingestion_dag.py
[2026-08-26T19:01:18.462+0000] {processor.py:840} INFO - DAG(s) 'air_quality_ingestion' retrieved from /opt/airflow/dags/ingestion_dag.py
[2026-08-26T19:01:18.481+0000] {logging_mixin.py:188} INFO - [2026-08-26T19:01:18.481+0000] {dag.py:3036} INFO - Sync 1 DAGs
[2026-08-26T19:01:18.497+0000] {logging_mixin.py:188} INFO - [2026-08-26T19:01:18.497+0000] {dag.py:3823} INFO - Setting next_dagrun for air_quality_ingestion to 2026-08-26 19:00:00+00:00, run_after=2026-08-26 20:00:00+00:00
[2026-08-26T19:01:18.513+0000] {processor.py:183} INFO - Processing /opt/airflow/dags/ingestion_dag.py took 0.138 seconds
[2026-08-26T19:01:48.875+0000] {processor.py:161} INFO - Started process (PID=1477) to work on /opt/airflow/dags/ingestion_dag.py
[2026-08-26T19:01:48.876+0000] {processor.py:830} INFO - Processing file /opt/airflow/dags/ingestion_dag.py for tasks to queue
[2026-08-26T19:01:48.877+0000] {logging_mixin.py:188} INFO - [2026-08-26T19:01:48.877+0000] {dagbag.py:538} INFO - Filling up the DagBag from /opt/airflow/dags/ingestion_dag.py
[2026-08-26T19:01:48.969+0000] {processor.py:840} INFO - DAG(s) 'air_quality_ingestion' retrieved from /opt/airflow/dags/ingestion_dag.py
[2026-08-26T19:01:48.990+0000] {logging_mixin.py:188} INFO - [2026-08-26T19:01:48.990+0000] {dag.py:3036} INFO - Sync 1 DAGs
[2026-08-26T19:01:49.007+0000] {logging_mixin.py:188} INFO - [2026-08-26T19:01:49.007+0000] {dag.py:3823} INFO - Setting next_dagrun for air_quality_ingestion to 2026-08-26 19:00:00+00:00, run_after=2026-08-26 20:00:00+00:00
[2026-08-26T19:01:49.024+0000] {processor.py:183} INFO - Processing /opt/airflow/dags/ingestion_dag.py took 0.151 seconds
[2026-08-26T19:02:19.326+0000] {processor.py:161} INFO - Started process (PID=1487) to work on /opt/airflow/dags/ingestion_dag.py
[2026-08-26T19:02:19.327+0000] {processor.py:830} INFO - Processing file /opt/airflow/dags/ingestion_dag.py for tasks to queue
[2026-08-26T19:02:19.328+0000] {logging_mixin.py:188} INFO - [2026-08-26T19:02:19.328+0000] {dagbag.py:538} INFO - Filling up the DagBag from /opt/airflow/dags/ingestion_dag.py
[2026-08-26T19:02:19.405+0000] {processor.py:840} INFO - DAG(s) 'air_quality_ingestion' retrieved from /opt/airflow/dags/ingestion_dag.py
[2026-08-26T19:02:19.424+0000] {logging_mixin.py:188} INFO - [2026-08-26T19:02:19.424+0000] {dag.py:3036} INFO - Sync 1 DAGs
[2026-08-26T19:02:19.441+0000] {logging_mixin.py:188} INFO - [2026-08-26T19:02:19.441+0000] {dag.py:3823} INFO - Setting next_dagrun for air_quality_ingestion to 2026-08-26 19:00:00+00:00, run_after=2026-08-26 20:00:00+00:00
[2026-08-26T19:02:19.456+0000] {processor.py:183} INFO - Processing /opt/airflow/dags/ingestion_dag.py took 0.134 seconds
[2026-08-26T19:02:49.796+0000] {processor.py:161} INFO - Started process (PID=1497) to work on /opt/airflow/dags/ingestion_dag.py
[2026-08-26T19:02:49.798+0000] {processor.py:830} INFO - Processing file /opt/airflow/dags/ingestion_dag.py for tasks to queue
[2026-08-26T19:02:49.800+0000] {logging_mixin.py:188} INFO - [2026-08-26T19:02:49.799+0000] {dagbag.py:538} INFO - Filling up the DagBag from /opt/airflow/dags/ingestion_dag.py
[2026-08-26T19:02:49.905+0000] {processor.py:840} INFO - DAG(s) 'air_quality_ingestion' retrieved from /opt/airflow/dags/ingestion_dag.py
[2026-08-26T19:02:49.932+0000] {logging_mixin.py:188} INFO - [2026-08-26T19:02:49.932+0000] {dag.py:3036} INFO - Sync 1 DAGs
[2026-08-26T19:02:49.962+0000] {logging_mixin.py:188} INFO - [2026-08-26T19:02:49.962+0000] {dag.py:3823} INFO - Setting next_dagrun for air_quality_ingestion to 2026-08-26 19:00:00+00:00, run_after=2026-08-26 20:00:00+00:00
[2026-08-26T19:02:49.984+0000] {processor.py:183} INFO - Processing /opt/airflow/dags/ingestion_dag.py took 0.193 seconds
[2026-08-26T19:03:20.293+0000] {processor.py:161} INFO - Started process (PID=1507) to work on /opt/airflow/dags/ingestion_dag.py
[2026-08-26T19:03:20.295+0000] {processor.py:830} INFO - Processing file /opt/airflow/dags/ingestion_dag.py for tasks to queue
[2026-08-26T19:03:20.296+0000] {logging_mixin.py:188} INFO - [2026-08-26T19:03:20.296+0000] {dagbag.py:538} INFO - Filling up the DagBag from /opt/airflow/dags/ingestion_dag.py
[2026-08-26T19:03:20.372+0000] {processor.py:840} INFO - DAG(s) 'air_quality_ingestion' retrieved from /opt/airflow/dags/ingestion_dag.py
[2026-08-26T19:03:20.391+0000] {logging_mixin.py:188} INFO - [2026-08-26T19:03:20.391+0000] {dag.py:3036} INFO - Sync 1 DAGs
[2026-08-26T19:03:20.410+0000] {logging_mixin.py:188} INFO - [2026-08-26T19:03:20.409+0000] {dag.py:3823} INFO - Setting next_dagrun for air_quality_ingestion to 2026-08-26 19:00:00+00:00, run_after=2026-08-26 20:00:00+00:00
[2026-08-26T19:03:20.426+0000] {processor.py:183} INFO - Processing /opt/airflow/dags/ingestion_dag.py took 0.136 seconds
[2026-08-26T19:03:50.710+0000] {processor.py:161} INFO - Started process (PID=1517) to work on /opt/airflow/dags/ingestion_dag.py
[2026-08-26T19:03:50.711+0000] {processor.py:830} INFO - Processing file /opt/airflow/dags/ingestion_dag.py for tasks to queue
[2026-08-26T19:03:50.712+0000] {logging_mixin.py:188} INFO - [2026-08-26T19:03:50.712+0000] {dagbag.py:538} INFO - Filling up the DagBag from /opt/airflow/dags/ingestion_dag.py
[2026-08-26T19:03:50.797+0000] {processor.py:840} INFO - DAG(s) 'air_quality_ingestion' retrieved from /opt/airflow/dags/ingestion_dag.py
[2026-08-26T19:03:50.847+0000] {logging_mixin.py:188} INFO - [2026-08-26T19:03:50.847+0000] {dag.py:3036} INFO - Sync 1 DAGs
[2026-08-26T19:03:50.898+0000] {logging_mixin.py:188} INFO - [2026-08-26T19:03:50.898+0000] {dag.py:3823} INFO - Setting next_dagrun for air_quality_ingestion to 2026-08-26 19:00:00+00:00, run_after=2026-08-26 20:00:00+00:00
[2026-08-26T19:03:50.930+0000] {processor.py:183} INFO - Processing /opt/airflow/dags/ingestion_dag.py took 0.223 seconds
[2026-08-26T19:04:21.261+0000] {processor.py:161} INFO - Started process (PID=1527) to work on /opt/airflow/dags/ingestion_dag.py
[2026-08-26T19:04:21.261+0000] {processor.py:830} INFO - Processing file /opt/airflow/dags/ingestion_dag.py for tasks to queue
[2026-08-26T19:04:21.262+0000] {logging_mixin.py:188} INFO - [2026-08-26T19:04:21.262+0000] {dagbag.py:538} INFO - Filling up the DagBag from /opt/airflow/dags/ingestion_dag.py
[2026-08-26T19:04:21.331+0000] {processor.py:840} INFO - DAG(s) 'air_quality_ingestion' retrieved from /opt/airflow/dags/ingestion_dag.py
[2026-08-26T19:04:21.352+0000] {logging_mixin.py:188} INFO - [2026-08-26T19:04:21.352+0000] {dag.py:3036} INFO - Sync 1 DAGs
[2026-08-26T19:04:21.371+0000] {logging_mixin.py:188} INFO - [2026-08-26T19:04:21.371+0000] {dag.py:3823} INFO - Setting next_dagrun for air_quality_ingestion to 2026-08-26 19:00:00+00:00, run_after=2026-08-26 20:00:00+00:00
[2026-08-26T19:04:21.388+0000] {processor.py:183} INFO - Processing /opt/airflow/dags/ingestion_dag.py took 0.130 seconds
[2026-08-26T19:04:51.703+0000] {processor.py:161} INFO - Started process (PID=1537) to work on /opt/airflow/dags/ingestion_dag.py
[2026-08-26T19:04:51.704+0000] {processor.py:830} INFO - Processing file /opt/airflow/dags/ingestion_dag.py for tasks to queue
[2026-08-26T19:04:51.705+0000] {logging_mixin.py:188} INFO - [2026-08-26T19:04:51.705+0000] {dagbag.py:538} INFO - Filling up the DagBag from /opt/airflow/dags/ingestion_dag.py
[2026-08-26T19:04:51.794+0000] {processor.py:840} INFO - DAG(s) 'air_quality_ingestion' retrieved from /opt/airflow/dags/ingestion_dag.py
[2026-08-26T19:04:51.818+0000] {logging_mixin.py:188} INFO - [2026-08-26T19:04:51.817+0000] {dag.py:3036} INFO - Sync 1 DAGs
[2026-08-26T19:04:51.838+0000] {logging_mixin.py:188} INFO - [2026-08-26T19:04:51.838+0000] {dag.py:3823} INFO - Setting next_dagrun for air_quality_ingestion to 2026-08-26 19:00:00+00:00, run_after=2026-08-26 20:00:00+00:00
[2026-08-26T19:04:51.857+0000] {processor.py:183} INFO - Processing /opt/airflow/dags/ingestion_dag.py took 0.157 seconds
[2026-08-26T19:05:22.151+0000] {processor.py:161} INFO - Started process (PID=1549) to work on /opt/airflow/dags/ingestion_dag.py
[2026-08-26T19:05:22.153+0000] {processor.py:830} INFO - Processing file /opt/airflow/dags/ingestion_dag.py for tasks to queue
[2026-08-26T19:05:22.154+0000] {logging_mixin.py:188} INFO - [2026-08-26T19:05:22.154+0000] {dagbag.py:538} INFO - Filling up the DagBag from /opt/airflow/dags/ingestion_dag.py
[2026-08-26T19:05:22.227+0000] {processor.py:840} INFO - DAG(s) 'air_quality_ingestion' retrieved from /opt/airflow/dags/ingestion_dag.py
[2026-08-26T19:05:22.248+0000] {logging_mixin.py:188} INFO - [2026-08-26T19:05:22.248+0000] {dag.py:3036} INFO - Sync 1 DAGs
[2026-08-26T19:05:22.267+0000] {logging_mixin.py:188} INFO - [2026-08-26T19:05:22.267+0000] {dag.py:3823} INFO - Setting next_dagrun for air_quality_ingestion to 2026-08-26 19:00:00+00:00, run_after=2026-08-26 20:00:00+00:00
[2026-08-26T19:05:22.288+0000] {processor.py:183} INFO - Processing /opt/airflow/dags/ingestion_dag.py took 0.139 seconds
[2026-08-26T19:05:52.638+0000] {processor.py:161} INFO - Started process (PID=1559) to work on /opt/airflow/dags/ingestion_dag.py
[2026-08-26T19:05:52.639+0000] {processor.py:830} INFO - Processing file /opt/airflow/dags/ingestion_dag.py for tasks to queue
[2026-08-26T19:05:52.640+0000] {logging_mixin.py:188} INFO - [2026-08-26T19:05:52.640+0000] {dagbag.py:538} INFO - Filling up the DagBag from /opt/airflow/dags/ingestion_dag.py
[2026-08-26T19:05:52.714+0000] {processor.py:840} INFO - DAG(s) 'air_quality_ingestion' retrieved from /opt/airflow/dags/ingestion_dag.py
[2026-08-26T19:05:52.733+0000] {logging_mixin.py:188} INFO - [2026-08-26T19:05:52.732+0000] {dag.py:3036} INFO - Sync 1 DAGs
[2026-08-26T19:05:52.752+0000] {logging_mixin.py:188} INFO - [2026-08-26T19:05:52.752+0000] {dag.py:3823} INFO - Setting next_dagrun for air_quality_ingestion to 2026-08-26 19:00:00+00:00, run_after=2026-08-26 20:00:00+00:00
[2026-08-26T19:05:52.773+0000] {processor.py:183} INFO - Processing /opt/airflow/dags/ingestion_dag.py took 0.137 seconds
[2026-08-26T19:06:23.110+0000] {processor.py:161} INFO - Started process (PID=1569) to work on /opt/airflow/dags/ingestion_dag.py
[2026-08-26T19:06:23.111+0000] {processor.py:830} INFO - Processing file /opt/airflow/dags/ingestion_dag.py for tasks to queue
[2026-08-26T19:06:23.112+0000] {logging_mixin.py:188} INFO - [2026-08-26T19:06:23.112+0000] {dagbag.py:538} INFO - Filling up the DagBag from /opt/airflow/dags/ingestion_dag.py
[2026-08-26T19:06:23.186+0000] {processor.py:840} INFO - DAG(s) 'air_quality_ingestion' retrieved from /opt/airflow/dags/ingestion_dag.py
[2026-08-26T19:06:23.205+0000] {logging_mixin.py:188} INFO - [2026-08-26T19:06:23.204+0000] {dag.py:3036} INFO - Sync 1 DAGs
[2026-08-26T19:06:23.221+0000] {logging_mixin.py:188} INFO - [2026-08-26T19:06:23.221+0000] {dag.py:3823} INFO - Setting next_dagrun for air_quality_ingestion to 2026-08-26 19:00:00+00:00, run_after=2026-08-26 20:00:00+00:00
[2026-08-26T19:06:23.236+0000] {processor.py:183} INFO - Processing /opt/airflow/dags/ingestion_dag.py took 0.129 seconds
[2026-08-26T19:06:53.623+0000] {processor.py:161} INFO - Started process (PID=1579) to work on /opt/airflow/dags/ingestion_dag.py
[2026-08-26T19:06:53.624+0000] {processor.py:830} INFO - Processing file /opt/airflow/dags/ingestion_dag.py for tasks to queue
[2026-08-26T19:06:53.625+0000] {logging_mixin.py:188} INFO - [2026-08-26T19:06:53.625+0000] {dagbag.py:538} INFO - Filling up the DagBag from /opt/airflow/dags/ingestion_dag.py
[2026-08-26T19:06:53.707+0000] {processor.py:840} INFO - DAG(s) 'air_quality_ingestion' retrieved from /opt/airflow/dags/ingestion_dag.py
[2026-08-26T19:06:53.729+0000] {logging_mixin.py:188} INFO - [2026-08-26T19:06:53.729+0000] {dag.py:3036} INFO - Sync 1 DAGs
[2026-08-26T19:06:53.750+0000] {logging_mixin.py:188} INFO - [2026-08-26T19:06:53.750+0000] {dag.py:3823} INFO - Setting next_dagrun for air_quality_ingestion to 2026-08-26 19:00:00+00:00, run_after=2026-08-26 20:00:00+00:00
[2026-08-26T19:06:53.764+0000] {processor.py:183} INFO - Processing /opt/airflow/dags/ingestion_dag.py took 0.145 seconds
[2026-08-26T19:07:24.068+0000] {processor.py:161} INFO - Started process (PID=1589) to work on /opt/airflow/dags/ingestion_dag.py
[2026-08-26T19:07:24.070+0000] {processor.py:830} INFO - Processing file /opt/airflow/dags/ingestion_dag.py for tasks to queue
[2026-08-26T19:07:24.071+0000] {logging_mixin.py:188} INFO - [2026-08-26T19:07:24.071+0000] {dagbag.py:538} INFO - Filling up the DagBag from /opt/airflow/dags/ingestion_dag.py
[2026-08-26T19:07:24.154+0000] {processor.py:840} INFO - DAG(s) 'air_quality_ingestion' retrieved from /opt/airflow/dags/ingestion_dag.py
[2026-08-26T19:07:24.176+0000] {logging_mixin.py:188} INFO - [2026-08-26T19:07:24.176+0000] {dag.py:3036} INFO - Sync 1 DAGs
[2026-08-26T19:07:24.195+0000] {logging_mixin.py:188} INFO - [2026-08-26T19:07:24.195+0000] {dag.py:3823} INFO - Setting next_dagrun for air_quality_ingestion to 2026-08-26 19:00:00+00:00, run_after=2026-08-26 20:00:00+00:00
[2026-08-26T19:07:24.213+0000] {processor.py:183} INFO - Processing /opt/airflow/dags/ingestion_dag.py took 0.148 seconds
[2026-08-26T19:07:54.565+0000] {processor.py:161} INFO - Started process (PID=1599) to work on /opt/airflow/dags/ingestion_dag.py
[2026-08-26T19:07:54.566+0000] {processor.py:830} INFO - Processing file /opt/airflow/dags/ingestion_dag.py for tasks to queue
[2026-08-26T19:07:54.567+0000] {logging_mixin.py:188} INFO - [2026-08-26T19:07:54.567+0000] {dagbag.py:538} INFO - Filling up the DagBag from /opt/airflow/dags/ingestion_dag.py
[2026-08-26T19:07:54.635+0000] {processor.py:840} INFO - DAG(s) 'air_quality_ingestion' retrieved from /opt/airflow/dags/ingestion_dag.py
[2026-08-26T19:07:54.654+0000] {logging_mixin.py:188} INFO - [2026-08-26T19:07:54.653+0000] {dag.py:3036} INFO - Sync 1 DAGs
[2026-08-26T19:07:54.670+0000] {logging_mixin.py:188} INFO - [2026-08-26T19:07:54.669+0000] {dag.py:3823} INFO - Setting next_dagrun for air_quality_ingestion to 2026-08-26 19:00:00+00:00, run_after=2026-08-26 20:00:00+00:00
[2026-08-26T19:07:54.685+0000] {processor.py:183} INFO - Processing /opt/airflow/dags/ingestion_dag.py took 0.122 seconds
[2026-08-26T19:08:25.010+0000] {processor.py:161} INFO - Started process (PID=1609) to work on /opt/airflow/dags/ingestion_dag.py
[2026-08-26T19:08:25.011+0000] {processor.py:830} INFO - Processing file /opt/airflow/dags/ingestion_dag.py for tasks to queue
[2026-08-26T19:08:25.012+0000] {logging_mixin.py:188} INFO - [2026-08-26T19:08:25.012+0000] {dagbag.py:538} INFO - Filling up the DagBag from /opt/airflow/dags/ingestion_dag.py
[2026-08-26T19:08:25.080+0000] {processor.py:840} INFO - DAG(s) 'air_quality_ingestion' retrieved from /opt/airflow/dags/ingestion_dag.py
[2026-08-26T19:08:25.098+0000] {logging_mixin.py:188} INFO - [2026-08-26T19:08:25.098+0000] {dag.py:3036} INFO - Sync 1 DAGs
[2026-08-26T19:08:25.115+0000] {logging_mixin.py:188} INFO - [2026-08-26T19:08:25.115+0000] {dag.py:3823} INFO - Setting next_dagrun for air_quality_ingestion to 2026-08-26 19:00:00+00:00, run_after=2026-08-26 20:00:00+00:00
[2026-08-26T19:08:25.131+0000] {processor.py:183} INFO - Processing /opt/airflow/dags/ingestion_dag.py took 0.124 seconds
[2026-08-26T19:08:55.459+0000] {processor.py:161} INFO - Started process (PID=1619) to work on /opt/airflow/dags/ingestion_dag.py
[2026-08-26T19:08:55.460+0000] {processor.py:830} INFO - Processing file /opt/airflow/dags/ingestion_dag.py for tasks to queue
[2026-08-26T19:08:55.461+0000] {logging_mixin.py:188} INFO - [2026-08-26T19:08:55.460+0000] {dagbag.py:538} INFO - Filling up the DagBag from /opt/airflow/dags/ingestion_dag.py
[2026-08-26T19:08:55.533+0000] {processor.py:840} INFO - DAG(s) 'air_quality_ingestion' retrieved from /opt/airflow/dags/ingestion_dag.py
[2026-08-26T19:08:55.553+0000] {logging_mixin.py:188} INFO - [2026-08-26T19:08:55.552+0000] {dag.py:3036} INFO - Sync 1 DAGs
[2026-08-26T19:08:55.570+0000] {logging_mixin.py:188} INFO - [2026-08-26T19:08:55.570+0000] {dag.py:3823} INFO - Setting next_dagrun for air_quality_ingestion to 2026-08-26 19:00:00+00:00, run_after=2026-08-26 20:00:00+00:00
[2026-08-26T19:08:55.584+0000] {processor.py:183} INFO - Processing /opt/airflow/dags/ingestion_dag.py took 0.128 seconds
[2026-08-26T19:09:25.940+0000] {processor.py:161} INFO - Started process (PID=1629) to work on /opt/airflow/dags/ingestion_dag.py
[2026-08-26T19:09:25.941+0000] {processor.py:830} INFO - Processing file /opt/airflow/dags/ingestion_dag.py for tasks to queue
[2026-08-26T19:09:25.942+0000] {logging_mixin.py:188} INFO - [2026-08-26T19:09:25.941+0000] {dagbag.py:538} INFO - Filling up the DagBag from /opt/airflow/dags/ingestion_dag.py
[2026-08-26T19:09:26.011+0000] {processor.py:840} INFO - DAG(s) 'air_quality_ingestion' retrieved from /opt/airflow/dags/ingestion_dag.py
[2026-08-26T19:09:26.031+0000] {logging_mixin.py:188} INFO - [2026-08-26T19:09:26.031+0000] {dag.py:3036} INFO - Sync 1 DAGs
[2026-08-26T19:09:26.048+0000] {logging_mixin.py:188} INFO - [2026-08-26T19:09:26.047+0000] {dag.py:3823} INFO - Setting next_dagrun for air_quality_ingestion to 2026-08-26 19:00:00+00:00, run_after=2026-08-26 20:00:00+00:00
[2026-08-26T19:09:26.061+0000] {processor.py:183} INFO - Processing /opt/airflow/dags/ingestion_dag.py took 0.125 seconds
[2026-08-26T19:09:56.397+0000] {processor.py:161} INFO - Started process (PID=1639) to work on /opt/airflow/dags/ingestion_dag.py
[2026-08-26T19:09:56.398+0000] {processor.py:830} INFO - Processing file /opt/airflow/dags/ingestion_dag.py for tasks to queue
[2026-08-26T19:09:56.399+0000] {logging_mixin.py:188} INFO - [2026-08-26T19:09:56.399+0000] {dagbag.py:538} INFO - Filling up the DagBag from /opt/airflow/dags/ingestion_dag.py
[2026-08-26T19:09:56.474+0000] {processor.py:840} INFO - DAG(s) 'air_quality_ingestion' retrieved from /opt/airflow/dags/ingestion_dag.py
[2026-08-26T19:09:56.495+0000] {logging_mixin.py:188} INFO - [2026-08-26T19:09:56.494+0000] {dag.py:3036} INFO - Sync 1 DAGs
[2026-08-26T19:09:56.513+0000] {logging_mixin.py:188} INFO - [2026-08-26T19:09:56.513+0000] {dag.py:3823} INFO - Setting next_dagrun for air_quality_ingestion to 2026-08-26 19:00:00+00:00, run_after=2026-08-26 20:00:00+00:00
[2026-08-26T19:09:56.531+0000] {processor.py:183} INFO - Processing /opt/airflow/dags/ingestion_dag.py took 0.138 seconds
[2026-08-26T19:10:26.875+0000] {processor.py:161} INFO - Started process (PID=1649) to work on /opt/airflow/dags/ingestion_dag.py
[2026-08-26T19:10:26.876+0000] {processor.py:830} INFO - Processing file /opt/airflow/dags/ingestion_dag.py for tasks to queue
[2026-08-26T19:10:26.877+0000] {logging_mixin.py:188} INFO - [2026-08-26T19:10:26.877+0000] {dagbag.py:538} INFO - Filling up the DagBag from /opt/airflow/dags/ingestion_dag.py
[2026-08-26T19:10:26.975+0000] {processor.py:840} INFO - DAG(s) 'air_quality_ingestion' retrieved from /opt/airflow/dags/ingestion_dag.py
[2026-08-26T19:10:27.003+0000] {logging_mixin.py:188} INFO - [2026-08-26T19:10:27.002+0000] {dag.py:3036} INFO - Sync 1 DAGs
[2026-08-26T19:10:27.029+0000] {logging_mixin.py:188} INFO - [2026-08-26T19:10:27.029+0000] {dag.py:3823} INFO - Setting next_dagrun for air_quality_ingestion to 2026-08-26 19:00:00+00:00, run_after=2026-08-26 20:00:00+00:00
[2026-08-26T19:10:27.051+0000] {processor.py:183} INFO - Processing /opt/airflow/dags/ingestion_dag.py took 0.179 seconds
[2026-08-26T19:10:57.372+0000] {processor.py:161} INFO - Started process (PID=1659) to work on /opt/airflow/dags/ingestion_dag.py
[2026-08-26T19:10:57.373+0000] {processor.py:830} INFO - Processing file /opt/airflow/dags/ingestion_dag.py for tasks to queue
[2026-08-26T19:10:57.374+0000] {logging_mixin.py:188} INFO - [2026-08-26T19:10:57.373+0000] {dagbag.py:538} INFO - Filling up the DagBag from /opt/airflow/dags/ingestion_dag.py
[2026-08-26T19:10:57.448+0000] {processor.py:840} INFO - DAG(s) 'air_quality_ingestion' retrieved from /opt/airflow/dags/ingestion_dag.py
[2026-08-26T19:10:57.466+0000] {logging_mixin.py:188} INFO - [2026-08-26T19:10:57.466+0000] {dag.py:3036} INFO - Sync 1 DAGs
[2026-08-26T19:10:57.486+0000] {logging_mixin.py:188} INFO - [2026-08-26T19:10:57.486+0000] {dag.py:3823} INFO - Setting next_dagrun for air_quality_ingestion to 2026-08-26 19:00:00+00:00, run_after=2026-08-26 20:00:00+00:00
[2026-08-26T19:10:57.504+0000] {processor.py:183} INFO - Processing /opt/airflow/dags/ingestion_dag.py took 0.134 seconds
[2026-08-26T19:11:27.941+0000] {processor.py:161} INFO - Started process (PID=1669) to work on /opt/airflow/dags/ingestion_dag.py
[2026-08-26T19:11:27.942+0000] {processor.py:830} INFO - Processing file /opt/airflow/dags/ingestion_dag.py for tasks to queue
[2026-08-26T19:11:27.942+0000] {logging_mixin.py:188} INFO - [2026-08-26T19:11:27.942+0000] {dagbag.py:538} INFO - Filling up the DagBag from /opt/airflow/dags/ingestion_dag.py
[2026-08-26T19:11:28.013+0000] {processor.py:840} INFO - DAG(s) 'air_quality_ingestion' retrieved from /opt/airflow/dags/ingestion_dag.py
[2026-08-26T19:11:28.030+0000] {logging_mixin.py:188} INFO - [2026-08-26T19:11:28.030+0000] {dag.py:3036} INFO - Sync 1 DAGs
[2026-08-26T19:11:28.048+0000] {logging_mixin.py:188} INFO - [2026-08-26T19:11:28.048+0000] {dag.py:3823} INFO - Setting next_dagrun for air_quality_ingestion to 2026-08-26 19:00:00+00:00, run_after=2026-08-26 20:00:00+00:00
[2026-08-26T19:11:28.062+0000] {processor.py:183} INFO - Processing /opt/airflow/dags/ingestion_dag.py took 0.125 seconds
[2026-08-26T19:11:58.359+0000] {processor.py:161} INFO - Started process (PID=1679) to work on /opt/airflow/dags/ingestion_dag.py
[2026-08-26T19:11:58.360+0000] {processor.py:830} INFO - Processing file /opt/airflow/dags/ingestion_dag.py for tasks to queue
[2026-08-26T19:11:58.361+0000] {logging_mixin.py:188} INFO - [2026-08-26T19:11:58.360+0000] {dagbag.py:538} INFO - Filling up the DagBag from /opt/airflow/dags/ingestion_dag.py
[2026-08-26T19:11:58.426+0000] {processor.py:840} INFO - DAG(s) 'air_quality_ingestion' retrieved from /opt/airflow/dags/ingestion_dag.py
[2026-08-26T19:11:58.448+0000] {logging_mixin.py:188} INFO - [2026-08-26T19:11:58.447+0000] {dag.py:3036} INFO - Sync 1 DAGs
[2026-08-26T19:11:58.464+0000] {logging_mixin.py:188} INFO - [2026-08-26T19:11:58.464+0000] {dag.py:3823} INFO - Setting next_dagrun for air_quality_ingestion to 2026-08-26 19:00:00+00:00, run_after=2026-08-26 20:00:00+00:00
[2026-08-26T19:11:58.481+0000] {processor.py:183} INFO - Processing /opt/airflow/dags/ingestion_dag.py took 0.125 seconds
[2026-08-26T19:12:28.840+0000] {processor.py:161} INFO - Started process (PID=1689) to work on /opt/airflow/dags/ingestion_dag.py
[2026-08-26T19:12:28.841+0000] {processor.py:830} INFO - Processing file /opt/airflow/dags/ingestion_dag.py for tasks to queue
[2026-08-26T19:12:28.842+0000] {logging_mixin.py:188} INFO - [2026-08-26T19:12:28.842+0000] {dagbag.py:538} INFO - Filling up the DagBag from /opt/airflow/dags/ingestion_dag.py
[2026-08-26T19:12:28.916+0000] {processor.py:840} INFO - DAG(s) 'air_quality_ingestion' retrieved from /opt/airflow/dags/ingestion_dag.py
[2026-08-26T19:12:28.936+0000] {logging_mixin.py:188} INFO - [2026-08-26T19:12:28.936+0000] {dag.py:3036} INFO - Sync 1 DAGs
[2026-08-26T19:12:28.954+0000] {logging_mixin.py:188} INFO - [2026-08-26T19:12:28.954+0000] {dag.py:3823} INFO - Setting next_dagrun for air_quality_ingestion to 2026-08-26 19:00:00+00:00, run_after=2026-08-26 20:00:00+00:00
[2026-08-26T19:12:28.970+0000] {processor.py:183} INFO - Processing /opt/airflow/dags/ingestion_dag.py took 0.134 seconds
[2026-08-26T19:12:59.308+0000] {processor.py:161} INFO - Started process (PID=1699) to work on /opt/airflow/dags/ingestion_dag.py
[2026-08-26T19:12:59.310+0000] {processor.py:830} INFO - Processing file /opt/airflow/dags/ingestion_dag.py for tasks to queue
[2026-08-26T19:12:59.311+0000] {logging_mixin.py:188} INFO - [2026-08-26T19:12:59.310+0000] {dagbag.py:538} INFO - Filling up the DagBag from /opt/airflow/dags/ingestion_dag.py
[2026-08-26T19:12:59.385+0000] {processor.py:840} INFO - DAG(s) 'air_quality_ingestion' retrieved from /opt/airflow/dags/ingestion_dag.py
[2026-08-26T19:12:59.404+0000] {logging_mixin.py:188} INFO - [2026-08-26T19:12:59.404+0000] {dag.py:3036} INFO - Sync 1 DAGs
[2026-08-26T19:12:59.421+0000] {logging_mixin.py:188} INFO - [2026-08-26T19:12:59.421+0000] {dag.py:3823} INFO - Setting next_dagrun for air_quality_ingestion to 2026-08-26 19:00:00+00:00, run_after=2026-08-26 20:00:00+00:00
[2026-08-26T19:12:59.436+0000] {processor.py:183} INFO - Processing /opt/airflow/dags/ingestion_dag.py took 0.130 seconds
[2026-08-26T19:13:29.766+0000] {processor.py:161} INFO - Started process (PID=1709) to work on /opt/airflow/dags/ingestion_dag.py
[2026-08-26T19:13:29.767+0000] {processor.py:830} INFO - Processing file /opt/airflow/dags/ingestion_dag.py for tasks to queue
[2026-08-26T19:13:29.768+0000] {logging_mixin.py:188} INFO - [2026-08-26T19:13:29.767+0000] {dagbag.py:538} INFO - Filling up the DagBag from /opt/airflow/dags/ingestion_dag.py
[2026-08-26T19:13:29.841+0000] {processor.py:840} INFO - DAG(s) 'air_quality_ingestion' retrieved from /opt/airflow/dags/ingestion_dag.py
[2026-08-26T19:13:29.859+0000] {logging_mixin.py:188} INFO - [2026-08-26T19:13:29.859+0000] {dag.py:3036} INFO - Sync 1 DAGs
[2026-08-26T19:13:29.877+0000] {logging_mixin.py:188} INFO - [2026-08-26T19:13:29.876+0000] {dag.py:3823} INFO - Setting next_dagrun for air_quality_ingestion to 2026-08-26 19:00:00+00:00, run_after=2026-08-26 20:00:00+00:00
[2026-08-26T19:13:29.893+0000] {processor.py:183} INFO - Processing /opt/airflow/dags/ingestion_dag.py took 0.130 seconds
[2026-08-26T19:14:00.224+0000] {processor.py:161} INFO - Started process (PID=1719) to work on /opt/airflow/dags/ingestion_dag.py
[2026-08-26T19:14:00.225+0000] {processor.py:830} INFO - Processing file /opt/airflow/dags/ingestion_dag.py for tasks to queue
[2026-08-26T19:14:00.226+0000] {logging_mixin.py:188} INFO - [2026-08-26T19:14:00.226+0000] {dagbag.py:538} INFO - Filling up the DagBag from /opt/airflow/dags/ingestion_dag.py
[2026-08-26T19:14:00.301+0000] {processor.py:840} INFO - DAG(s) 'air_quality_ingestion' retrieved from /opt/airflow/dags/ingestion_dag.py
[2026-08-26T19:14:00.322+0000] {logging_mixin.py:188} INFO - [2026-08-26T19:14:00.321+0000] {dag.py:3036} INFO - Sync 1 DAGs
[2026-08-26T19:14:00.340+0000] {logging_mixin.py:188} INFO - [2026-08-26T19:14:00.340+0000] {dag.py:3823} INFO - Setting next_dagrun for air_quality_ingestion to 2026-08-26 19:00:00+00:00, run_after=2026-08-26 20:00:00+00:00
[2026-08-26T19:14:00.356+0000] {processor.py:183} INFO - Processing /opt/airflow/dags/ingestion_dag.py took 0.135 seconds
[2026-08-26T19:14:30.605+0000] {processor.py:161} INFO - Started process (PID=1729) to work on /opt/airflow/dags/ingestion_dag.py
[2026-08-26T19:14:30.607+0000] {processor.py:830} INFO - Processing file /opt/airflow/dags/ingestion_dag.py for tasks to queue
[2026-08-26T19:14:30.608+0000] {logging_mixin.py:188} INFO - [2026-08-26T19:14:30.607+0000] {dagbag.py:538} INFO - Filling up the DagBag from /opt/airflow/dags/ingestion_dag.py
[2026-08-26T19:14:30.680+0000] {processor.py:840} INFO - DAG(s) 'air_quality_ingestion' retrieved from /opt/airflow/dags/ingestion_dag.py
[2026-08-26T19:14:30.697+0000] {logging_mixin.py:188} INFO - [2026-08-26T19:14:30.697+0000] {dag.py:3036} INFO - Sync 1 DAGs
[2026-08-26T19:14:30.713+0000] {logging_mixin.py:188} INFO - [2026-08-26T19:14:30.713+0000] {dag.py:3823} INFO - Setting next_dagrun for air_quality_ingestion to 2026-08-26 19:00:00+00:00, run_after=2026-08-26 20:00:00+00:00
[2026-08-26T19:14:30.730+0000] {processor.py:183} INFO - Processing /opt/airflow/dags/ingestion_dag.py took 0.129 seconds
[2026-08-26T19:15:01.099+0000] {processor.py:161} INFO - Started process (PID=1739) to work on /opt/airflow/dags/ingestion_dag.py
[2026-08-26T19:15:01.100+0000] {processor.py:830} INFO - Processing file /opt/airflow/dags/ingestion_dag.py for tasks to queue
[2026-08-26T19:15:01.102+0000] {logging_mixin.py:188} INFO - [2026-08-26T19:15:01.101+0000] {dagbag.py:538} INFO - Filling up the DagBag from /opt/airflow/dags/ingestion_dag.py
[2026-08-26T19:15:01.182+0000] {processor.py:840} INFO - DAG(s) 'air_quality_ingestion' retrieved from /opt/airflow/dags/ingestion_dag.py
[2026-08-26T19:15:01.204+0000] {logging_mixin.py:188} INFO - [2026-08-26T19:15:01.204+0000] {dag.py:3036} INFO - Sync 1 DAGs
[2026-08-26T19:15:01.224+0000] {logging_mixin.py:188} INFO - [2026-08-26T19:15:01.224+0000] {dag.py:3823} INFO - Setting next_dagrun for air_quality_ingestion to 2026-08-26 19:00:00+00:00, run_after=2026-08-26 20:00:00+00:00
[2026-08-26T19:15:01.238+0000] {processor.py:183} INFO - Processing /opt/airflow/dags/ingestion_dag.py took 0.141 seconds
[2026-08-26T20:04:47.982+0000] {processor.py:161} INFO - Started process (PID=1751) to work on /opt/airflow/dags/ingestion_dag.py
[2026-08-26T20:04:47.984+0000] {processor.py:830} INFO - Processing file /opt/airflow/dags/ingestion_dag.py for tasks to queue
[2026-08-26T20:04:47.989+0000] {logging_mixin.py:188} INFO - [2026-08-26T20:04:47.989+0000] {dagbag.py:538} INFO - Filling up the DagBag from /opt/airflow/dags/ingestion_dag.py
[2026-08-26T20:04:48.276+0000] {processor.py:840} INFO - DAG(s) 'air_quality_ingestion' retrieved from /opt/airflow/dags/ingestion_dag.py
[2026-08-26T20:04:48.338+0000] {logging_mixin.py:188} INFO - [2026-08-26T20:04:48.338+0000] {dag.py:3036} INFO - Sync 1 DAGs
[2026-08-26T20:04:48.411+0000] {logging_mixin.py:188} INFO - [2026-08-26T20:04:48.411+0000] {dag.py:3823} INFO - Setting next_dagrun for air_quality_ingestion to 2026-08-26 20:00:00+00:00, run_after=2026-08-26 21:00:00+00:00
[2026-08-26T20:04:48.481+0000] {processor.py:183} INFO - Processing /opt/airflow/dags/ingestion_dag.py took 0.510 seconds
[2026-08-26T20:11:02.571+0000] {processor.py:161} INFO - Started process (PID=1762) to work on /opt/airflow/dags/ingestion_dag.py
[2026-08-26T20:11:02.580+0000] {processor.py:830} INFO - Processing file /opt/airflow/dags/ingestion_dag.py for tasks to queue
[2026-08-26T20:11:02.591+0000] {logging_mixin.py:188} INFO - [2026-08-26T20:11:02.590+0000] {dagbag.py:538} INFO - Filling up the DagBag from /opt/airflow/dags/ingestion_dag.py
[2026-08-26T20:11:03.170+0000] {processor.py:840} INFO - DAG(s) 'air_quality_ingestion' retrieved from /opt/airflow/dags/ingestion_dag.py
[2026-08-26T20:11:03.208+0000] {logging_mixin.py:188} INFO - [2026-08-26T20:11:03.207+0000] {dag.py:3036} INFO - Sync 1 DAGs
[2026-08-26T20:11:03.257+0000] {logging_mixin.py:188} INFO - [2026-08-26T20:11:03.257+0000] {dag.py:3823} INFO - Setting next_dagrun for air_quality_ingestion to 2026-08-26 20:00:00+00:00, run_after=2026-08-26 21:00:00+00:00
[2026-08-26T20:11:03.292+0000] {processor.py:183} INFO - Processing /opt/airflow/dags/ingestion_dag.py took 0.743 seconds
[2026-08-26T20:11:33.845+0000] {processor.py:161} INFO - Started process (PID=1776) to work on /opt/airflow/dags/ingestion_dag.py
[2026-08-26T20:11:33.846+0000] {processor.py:830} INFO - Processing file /opt/airflow/dags/ingestion_dag.py for tasks to queue
[2026-08-26T20:11:33.848+0000] {logging_mixin.py:188} INFO - [2026-08-26T20:11:33.847+0000] {dagbag.py:538} INFO - Filling up the DagBag from /opt/airflow/dags/ingestion_dag.py
[2026-08-26T20:11:33.936+0000] {processor.py:840} INFO - DAG(s) 'air_quality_ingestion' retrieved from /opt/airflow/dags/ingestion_dag.py
[2026-08-26T20:11:33.962+0000] {logging_mixin.py:188} INFO - [2026-08-26T20:11:33.962+0000] {dag.py:3036} INFO - Sync 1 DAGs
[2026-08-26T20:11:33.984+0000] {logging_mixin.py:188} INFO - [2026-08-26T20:11:33.984+0000] {dag.py:3823} INFO - Setting next_dagrun for air_quality_ingestion to 2026-08-26 20:00:00+00:00, run_after=2026-08-26 21:00:00+00:00
[2026-08-26T20:11:34.003+0000] {processor.py:183} INFO - Processing /opt/airflow/dags/ingestion_dag.py took 0.161 seconds
[2026-08-26T20:12:04.339+0000] {processor.py:161} INFO - Started process (PID=1786) to work on /opt/airflow/dags/ingestion_dag.py
[2026-08-26T20:12:04.340+0000] {processor.py:830} INFO - Processing file /opt/airflow/dags/ingestion_dag.py for tasks to queue
[2026-08-26T20:12:04.341+0000] {logging_mixin.py:188} INFO - [2026-08-26T20:12:04.340+0000] {dagbag.py:538} INFO - Filling up the DagBag from /opt/airflow/dags/ingestion_dag.py
[2026-08-26T20:12:04.412+0000] {processor.py:840} INFO - DAG(s) 'air_quality_ingestion' retrieved from /opt/airflow/dags/ingestion_dag.py
[2026-08-26T20:12:04.433+0000] {logging_mixin.py:188} INFO - [2026-08-26T20:12:04.433+0000] {dag.py:3036} INFO - Sync 1 DAGs
[2026-08-26T20:12:04.453+0000] {logging_mixin.py:188} INFO - [2026-08-26T20:12:04.452+0000] {dag.py:3823} INFO - Setting next_dagrun for air_quality_ingestion to 2026-08-26 20:00:00+00:00, run_after=2026-08-26 21:00:00+00:00
[2026-08-26T20:12:04.472+0000] {processor.py:183} INFO - Processing /opt/airflow/dags/ingestion_dag.py took 0.136 seconds
[2026-08-26T20:12:34.791+0000] {processor.py:161} INFO - Started process (PID=1796) to work on /opt/airflow/dags/ingestion_dag.py
[2026-08-26T20:12:34.793+0000] {processor.py:830} INFO - Processing file /opt/airflow/dags/ingestion_dag.py for tasks to queue
[2026-08-26T20:12:34.794+0000] {logging_mixin.py:188} INFO - [2026-08-26T20:12:34.794+0000] {dagbag.py:538} INFO - Filling up the DagBag from /opt/airflow/dags/ingestion_dag.py
[2026-08-26T20:12:34.901+0000] {processor.py:840} INFO - DAG(s) 'air_quality_ingestion' retrieved from /opt/airflow/dags/ingestion_dag.py
[2026-08-26T20:12:34.928+0000] {logging_mixin.py:188} INFO - [2026-08-26T20:12:34.928+0000] {dag.py:3036} INFO - Sync 1 DAGs
[2026-08-26T20:12:34.954+0000] {logging_mixin.py:188} INFO - [2026-08-26T20:12:34.954+0000] {dag.py:3823} INFO - Setting next_dagrun for air_quality_ingestion to 2026-08-26 20:00:00+00:00, run_after=2026-08-26 21:00:00+00:00
[2026-08-26T20:12:34.973+0000] {processor.py:183} INFO - Processing /opt/airflow/dags/ingestion_dag.py took 0.186 seconds
[2026-08-26T20:13:05.293+0000] {processor.py:161} INFO - Started process (PID=1806) to work on /opt/airflow/dags/ingestion_dag.py
[2026-08-26T20:13:05.294+0000] {processor.py:830} INFO - Processing file /opt/airflow/dags/ingestion_dag.py for tasks to queue
[2026-08-26T20:13:05.295+0000] {logging_mixin.py:188} INFO - [2026-08-26T20:13:05.294+0000] {dagbag.py:538} INFO - Filling up the DagBag from /opt/airflow/dags/ingestion_dag.py
[2026-08-26T20:13:05.362+0000] {processor.py:840} INFO - DAG(s) 'air_quality_ingestion' retrieved from /opt/airflow/dags/ingestion_dag.py
[2026-08-26T20:13:05.382+0000] {logging_mixin.py:188} INFO - [2026-08-26T20:13:05.382+0000] {dag.py:3036} INFO - Sync 1 DAGs
[2026-08-26T20:13:05.400+0000] {logging_mixin.py:188} INFO - [2026-08-26T20:13:05.399+0000] {dag.py:3823} INFO - Setting next_dagrun for air_quality_ingestion to 2026-08-26 20:00:00+00:00, run_after=2026-08-26 21:00:00+00:00
[2026-08-26T20:13:05.416+0000] {processor.py:183} INFO - Processing /opt/airflow/dags/ingestion_dag.py took 0.126 seconds
[2026-08-26T20:13:35.744+0000] {processor.py:161} INFO - Started process (PID=1816) to work on /opt/airflow/dags/ingestion_dag.py
[2026-08-26T20:13:35.745+0000] {processor.py:830} INFO - Processing file /opt/airflow/dags/ingestion_dag.py for tasks to queue
[2026-08-26T20:13:35.746+0000] {logging_mixin.py:188} INFO - [2026-08-26T20:13:35.746+0000] {dagbag.py:538} INFO - Filling up the DagBag from /opt/airflow/dags/ingestion_dag.py
[2026-08-26T20:13:35.826+0000] {processor.py:840} INFO - DAG(s) 'air_quality_ingestion' retrieved from /opt/airflow/dags/ingestion_dag.py
[2026-08-26T20:13:35.848+0000] {logging_mixin.py:188} INFO - [2026-08-26T20:13:35.848+0000] {dag.py:3036} INFO - Sync 1 DAGs
[2026-08-26T20:13:35.870+0000] {logging_mixin.py:188} INFO - [2026-08-26T20:13:35.870+0000] {dag.py:3823} INFO - Setting next_dagrun for air_quality_ingestion to 2026-08-26 20:00:00+00:00, run_after=2026-08-26 21:00:00+00:00
[2026-08-26T20:13:35.889+0000] {processor.py:183} INFO - Processing /opt/airflow/dags/ingestion_dag.py took 0.149 seconds
[2026-08-26T20:14:06.148+0000] {processor.py:161} INFO - Started process (PID=1826) to work on /opt/airflow/dags/ingestion_dag.py
[2026-08-26T20:14:06.149+0000] {processor.py:830} INFO - Processing file /opt/airflow/dags/ingestion_dag.py for tasks to queue
[2026-08-26T20:14:06.150+0000] {logging_mixin.py:188} INFO - [2026-08-26T20:14:06.150+0000] {dagbag.py:538} INFO - Filling up the DagBag from /opt/airflow/dags/ingestion_dag.py
[2026-08-26T20:14:06.231+0000] {processor.py:840} INFO - DAG(s) 'air_quality_ingestion' retrieved from /opt/airflow/dags/ingestion_dag.py
[2026-08-26T20:14:06.255+0000] {logging_mixin.py:188} INFO - [2026-08-26T20:14:06.254+0000] {dag.py:3036} INFO - Sync 1 DAGs
[2026-08-26T20:14:06.276+0000] {logging_mixin.py:188} INFO - [2026-08-26T20:14:06.276+0000] {dag.py:3823} INFO - Setting next_dagrun for air_quality_ingestion to 2026-08-26 20:00:00+00:00, run_after=2026-08-26 21:00:00+00:00
[2026-08-26T20:14:06.297+0000] {processor.py:183} INFO - Processing /opt/airflow/dags/ingestion_dag.py took 0.152 seconds
[2026-08-26T20:14:36.637+0000] {processor.py:161} INFO - Started process (PID=1836) to work on /opt/airflow/dags/ingestion_dag.py
[2026-08-26T20:14:36.638+0000] {processor.py:830} INFO - Processing file /opt/airflow/dags/ingestion_dag.py for tasks to queue
[2026-08-26T20:14:36.638+0000] {logging_mixin.py:188} INFO - [2026-08-26T20:14:36.638+0000] {dagbag.py:538} INFO - Filling up the DagBag from /opt/airflow/dags/ingestion_dag.py
[2026-08-26T20:14:36.719+0000] {processor.py:840} INFO - DAG(s) 'air_quality_ingestion' retrieved from /opt/airflow/dags/ingestion_dag.py
[2026-08-26T20:14:36.739+0000] {logging_mixin.py:188} INFO - [2026-08-26T20:14:36.739+0000] {dag.py:3036} INFO - Sync 1 DAGs
[2026-08-26T20:14:36.759+0000] {logging_mixin.py:188} INFO - [2026-08-26T20:14:36.758+0000] {dag.py:3823} INFO - Setting next_dagrun for air_quality_ingestion to 2026-08-26 20:00:00+00:00, run_after=2026-08-26 21:00:00+00:00
[2026-08-26T20:14:36.776+0000] {processor.py:183} INFO - Processing /opt/airflow/dags/ingestion_dag.py took 0.142 seconds
[2026-08-26T20:15:07.105+0000] {processor.py:161} INFO - Started process (PID=1846) to work on /opt/airflow/dags/ingestion_dag.py
[2026-08-26T20:15:07.106+0000] {processor.py:830} INFO - Processing file /opt/airflow/dags/ingestion_dag.py for tasks to queue
[2026-08-26T20:15:07.109+0000] {logging_mixin.py:188} INFO - [2026-08-26T20:15:07.108+0000] {dagbag.py:538} INFO - Filling up the DagBag from /opt/airflow/dags/ingestion_dag.py
[2026-08-26T20:15:07.205+0000] {processor.py:840} INFO - DAG(s) 'air_quality_ingestion' retrieved from /opt/airflow/dags/ingestion_dag.py
[2026-08-26T20:15:07.227+0000] {logging_mixin.py:188} INFO - [2026-08-26T20:15:07.227+0000] {dag.py:3036} INFO - Sync 1 DAGs
[2026-08-26T20:15:07.250+0000] {logging_mixin.py:188} INFO - [2026-08-26T20:15:07.250+0000] {dag.py:3823} INFO - Setting next_dagrun for air_quality_ingestion to 2026-08-26 20:00:00+00:00, run_after=2026-08-26 21:00:00+00:00
[2026-08-26T20:15:07.267+0000] {processor.py:183} INFO - Processing /opt/airflow/dags/ingestion_dag.py took 0.166 seconds
[2026-08-26T20:15:37.502+0000] {processor.py:161} INFO - Started process (PID=1856) to work on /opt/airflow/dags/ingestion_dag.py
[2026-08-26T20:15:37.503+0000] {processor.py:830} INFO - Processing file /opt/airflow/dags/ingestion_dag.py for tasks to queue
[2026-08-26T20:15:37.504+0000] {logging_mixin.py:188} INFO - [2026-08-26T20:15:37.504+0000] {dagbag.py:538} INFO - Filling up the DagBag from /opt/airflow/dags/ingestion_dag.py
[2026-08-26T20:15:37.578+0000] {processor.py:840} INFO - DAG(s) 'air_quality_ingestion' retrieved from /opt/airflow/dags/ingestion_dag.py
[2026-08-26T20:15:37.599+0000] {logging_mixin.py:188} INFO - [2026-08-26T20:15:37.599+0000] {dag.py:3036} INFO - Sync 1 DAGs
[2026-08-26T20:15:37.615+0000] {logging_mixin.py:188} INFO - [2026-08-26T20:15:37.615+0000] {dag.py:3823} INFO - Setting next_dagrun for air_quality_ingestion to 2026-08-26 20:00:00+00:00, run_after=2026-08-26 21:00:00+00:00
[2026-08-26T20:15:37.630+0000] {processor.py:183} INFO - Processing /opt/airflow/dags/ingestion_dag.py took 0.130 seconds
[2026-08-26T20:16:07.998+0000] {processor.py:161} INFO - Started process (PID=1866) to work on /opt/airflow/dags/ingestion_dag.py
[2026-08-26T20:16:07.998+0000] {processor.py:830} INFO - Processing file /opt/airflow/dags/ingestion_dag.py for tasks to queue
[2026-08-26T20:16:07.999+0000] {logging_mixin.py:188} INFO - [2026-08-26T20:16:07.999+0000] {dagbag.py:538} INFO - Filling up the DagBag from /opt/airflow/dags/ingestion_dag.py
[2026-08-26T20:16:08.062+0000] {processor.py:840} INFO - DAG(s) 'air_quality_ingestion' retrieved from /opt/airflow/dags/ingestion_dag.py
[2026-08-26T20:16:08.083+0000] {logging_mixin.py:188} INFO - [2026-08-26T20:16:08.083+0000] {dag.py:3036} INFO - Sync 1 DAGs
[2026-08-26T20:16:08.102+0000] {logging_mixin.py:188} INFO - [2026-08-26T20:16:08.102+0000] {dag.py:3823} INFO - Setting next_dagrun for air_quality_ingestion to 2026-08-26 20:00:00+00:00, run_after=2026-08-26 21:00:00+00:00
[2026-08-26T20:16:08.124+0000] {processor.py:183} INFO - Processing /opt/airflow/dags/ingestion_dag.py took 0.129 seconds
[2026-08-26T20:16:38.461+0000] {processor.py:161} INFO - Started process (PID=1876) to work on /opt/airflow/dags/ingestion_dag.py
[2026-08-26T20:16:38.462+0000] {processor.py:830} INFO - Processing file /opt/airflow/dags/ingestion_dag.py for tasks to queue
[2026-08-26T20:16:38.464+0000] {logging_mixin.py:188} INFO - [2026-08-26T20:16:38.463+0000] {dagbag.py:538} INFO - Filling up the DagBag from /opt/airflow/dags/ingestion_dag.py
[2026-08-26T20:16:38.538+0000] {processor.py:840} INFO - DAG(s) 'air_quality_ingestion' retrieved from /opt/airflow/dags/ingestion_dag.py
[2026-08-26T20:16:38.556+0000] {logging_mixin.py:188} INFO - [2026-08-26T20:16:38.555+0000] {dag.py:3036} INFO - Sync 1 DAGs
[2026-08-26T20:16:38.579+0000] {logging_mixin.py:188} INFO - [2026-08-26T20:16:38.579+0000] {dag.py:3823} INFO - Setting next_dagrun for air_quality_ingestion to 2026-08-26 20:00:00+00:00, run_after=2026-08-26 21:00:00+00:00
[2026-08-26T20:16:38.596+0000] {processor.py:183} INFO - Processing /opt/airflow/dags/ingestion_dag.py took 0.139 seconds
[2026-08-26T20:17:08.916+0000] {processor.py:161} INFO - Started process (PID=1886) to work on /opt/airflow/dags/ingestion_dag.py
[2026-08-26T20:17:08.919+0000] {processor.py:830} INFO - Processing file /opt/airflow/dags/ingestion_dag.py for tasks to queue
[2026-08-26T20:17:08.920+0000] {logging_mixin.py:188} INFO - [2026-08-26T20:17:08.919+0000] {dagbag.py:538} INFO - Filling up the DagBag from /opt/airflow/dags/ingestion_dag.py
[2026-08-26T20:17:08.988+0000] {processor.py:840} INFO - DAG(s) 'air_quality_ingestion' retrieved from /opt/airflow/dags/ingestion_dag.py
[2026-08-26T20:17:09.006+0000] {logging_mixin.py:188} INFO - [2026-08-26T20:17:09.006+0000] {dag.py:3036} INFO - Sync 1 DAGs
[2026-08-26T20:17:09.024+0000] {logging_mixin.py:188} INFO - [2026-08-26T20:17:09.024+0000] {dag.py:3823} INFO - Setting next_dagrun for air_quality_ingestion to 2026-08-26 20:00:00+00:00, run_after=2026-08-26 21:00:00+00:00
[2026-08-26T20:17:09.039+0000] {processor.py:183} INFO - Processing /opt/airflow/dags/ingestion_dag.py took 0.126 seconds
[2026-08-26T20:17:39.370+0000] {processor.py:161} INFO - Started process (PID=1896) to work on /opt/airflow/dags/ingestion_dag.py
[2026-08-26T20:17:39.372+0000] {processor.py:830} INFO - Processing file /opt/airflow/dags/ingestion_dag.py for tasks to queue
[2026-08-26T20:17:39.373+0000] {logging_mixin.py:188} INFO - [2026-08-26T20:17:39.373+0000] {dagbag.py:538} INFO - Filling up the DagBag from /opt/airflow/dags/ingestion_dag.py
[2026-08-26T20:17:39.454+0000] {processor.py:840} INFO - DAG(s) 'air_quality_ingestion' retrieved from /opt/airflow/dags/ingestion_dag.py
[2026-08-26T20:17:39.475+0000] {logging_mixin.py:188} INFO - [2026-08-26T20:17:39.474+0000] {dag.py:3036} INFO - Sync 1 DAGs
[2026-08-26T20:17:39.494+0000] {logging_mixin.py:188} INFO - [2026-08-26T20:17:39.494+0000] {dag.py:3823} INFO - Setting next_dagrun for air_quality_ingestion to 2026-08-26 20:00:00+00:00, run_after=2026-08-26 21:00:00+00:00
[2026-08-26T20:17:39.512+0000] {processor.py:183} INFO - Processing /opt/airflow/dags/ingestion_dag.py took 0.144 seconds
[2026-08-26T20:18:09.837+0000] {processor.py:161} INFO - Started process (PID=1906) to work on /opt/airflow/dags/ingestion_dag.py
[2026-08-26T20:18:09.838+0000] {processor.py:830} INFO - Processing file /opt/airflow/dags/ingestion_dag.py for tasks to queue
[2026-08-26T20:18:09.839+0000] {logging_mixin.py:188} INFO - [2026-08-26T20:18:09.839+0000] {dagbag.py:538} INFO - Filling up the DagBag from /opt/airflow/dags/ingestion_dag.py
[2026-08-26T20:18:09.917+0000] {processor.py:840} INFO - DAG(s) 'air_quality_ingestion' retrieved from /opt/airflow/dags/ingestion_dag.py
[2026-08-26T20:18:09.939+0000] {logging_mixin.py:188} INFO - [2026-08-26T20:18:09.939+0000] {dag.py:3036} INFO - Sync 1 DAGs
[2026-08-26T20:18:09.961+0000] {logging_mixin.py:188} INFO - [2026-08-26T20:18:09.960+0000] {dag.py:3823} INFO - Setting next_dagrun for air_quality_ingestion to 2026-08-26 20:00:00+00:00, run_after=2026-08-26 21:00:00+00:00
[2026-08-26T20:18:09.979+0000] {processor.py:183} INFO - Processing /opt/airflow/dags/ingestion_dag.py took 0.144 seconds
[2026-08-26T20:18:40.330+0000] {processor.py:161} INFO - Started process (PID=1916) to work on /opt/airflow/dags/ingestion_dag.py
[2026-08-26T20:18:40.331+0000] {processor.py:830} INFO - Processing file /opt/airflow/dags/ingestion_dag.py for tasks to queue
[2026-08-26T20:18:40.332+0000] {logging_mixin.py:188} INFO - [2026-08-26T20:18:40.332+0000] {dagbag.py:538} INFO - Filling up the DagBag from /opt/airflow/dags/ingestion_dag.py
[2026-08-26T20:18:40.412+0000] {processor.py:840} INFO - DAG(s) 'air_quality_ingestion' retrieved from /opt/airflow/dags/ingestion_dag.py
[2026-08-26T20:18:40.433+0000] {logging_mixin.py:188} INFO - [2026-08-26T20:18:40.432+0000] {dag.py:3036} INFO - Sync 1 DAGs
[2026-08-26T20:18:40.452+0000] {logging_mixin.py:188} INFO - [2026-08-26T20:18:40.452+0000] {dag.py:3823} INFO - Setting next_dagrun for air_quality_ingestion to 2026-08-26 20:00:00+00:00, run_after=2026-08-26 21:00:00+00:00
[2026-08-26T20:18:40.469+0000] {processor.py:183} INFO - Processing /opt/airflow/dags/ingestion_dag.py took 0.141 seconds
[2026-08-26T20:19:10.819+0000] {processor.py:161} INFO - Started process (PID=1926) to work on /opt/airflow/dags/ingestion_dag.py
[2026-08-26T20:19:10.820+0000] {processor.py:830} INFO - Processing file /opt/airflow/dags/ingestion_dag.py for tasks to queue
[2026-08-26T20:19:10.821+0000] {logging_mixin.py:188} INFO - [2026-08-26T20:19:10.821+0000] {dagbag.py:538} INFO - Filling up the DagBag from /opt/airflow/dags/ingestion_dag.py
[2026-08-26T20:19:10.883+0000] {processor.py:840} INFO - DAG(s) 'air_quality_ingestion' retrieved from /opt/airflow/dags/ingestion_dag.py
[2026-08-26T20:19:10.902+0000] {logging_mixin.py:188} INFO - [2026-08-26T20:19:10.902+0000] {dag.py:3036} INFO - Sync 1 DAGs
[2026-08-26T20:19:10.921+0000] {logging_mixin.py:188} INFO - [2026-08-26T20:19:10.921+0000] {dag.py:3823} INFO - Setting next_dagrun for air_quality_ingestion to 2026-08-26 20:00:00+00:00, run_after=2026-08-26 21:00:00+00:00
[2026-08-26T20:19:10.936+0000] {processor.py:183} INFO - Processing /opt/airflow/dags/ingestion_dag.py took 0.119 seconds
[2026-08-26T20:19:41.269+0000] {processor.py:161} INFO - Started process (PID=1936) to work on /opt/airflow/dags/ingestion_dag.py
[2026-08-26T20:19:41.270+0000] {processor.py:830} INFO - Processing file /opt/airflow/dags/ingestion_dag.py for tasks to queue
[2026-08-26T20:19:41.271+0000] {logging_mixin.py:188} INFO - [2026-08-26T20:19:41.271+0000] {dagbag.py:538} INFO - Filling up the DagBag from /opt/airflow/dags/ingestion_dag.py
[2026-08-26T20:19:41.337+0000] {processor.py:840} INFO - DAG(s) 'air_quality_ingestion' retrieved from /opt/airflow/dags/ingestion_dag.py
[2026-08-26T20:19:41.355+0000] {logging_mixin.py:188} INFO - [2026-08-26T20:19:41.354+0000] {dag.py:3036} INFO - Sync 1 DAGs
[2026-08-26T20:19:41.374+0000] {logging_mixin.py:188} INFO - [2026-08-26T20:19:41.373+0000] {dag.py:3823} INFO - Setting next_dagrun for air_quality_ingestion to 2026-08-26 20:00:00+00:00, run_after=2026-08-26 21:00:00+00:00
[2026-08-26T20:19:41.390+0000] {processor.py:183} INFO - Processing /opt/airflow/dags/ingestion_dag.py took 0.123 seconds
[2026-08-26T20:20:11.730+0000] {processor.py:161} INFO - Started process (PID=1946) to work on /opt/airflow/dags/ingestion_dag.py
[2026-08-26T20:20:11.731+0000] {processor.py:830} INFO - Processing file /opt/airflow/dags/ingestion_dag.py for tasks to queue
[2026-08-26T20:20:11.732+0000] {logging_mixin.py:188} INFO - [2026-08-26T20:20:11.732+0000] {dagbag.py:538} INFO - Filling up the DagBag from /opt/airflow/dags/ingestion_dag.py
[2026-08-26T20:20:11.797+0000] {processor.py:840} INFO - DAG(s) 'air_quality_ingestion' retrieved from /opt/airflow/dags/ingestion_dag.py
[2026-08-26T20:20:11.815+0000] {logging_mixin.py:188} INFO - [2026-08-26T20:20:11.815+0000] {dag.py:3036} INFO - Sync 1 DAGs
[2026-08-26T20:20:11.832+0000] {logging_mixin.py:188} INFO - [2026-08-26T20:20:11.832+0000] {dag.py:3823} INFO - Setting next_dagrun for air_quality_ingestion to 2026-08-26 20:00:00+00:00, run_after=2026-08-26 21:00:00+00:00
[2026-08-26T20:20:11.848+0000] {processor.py:183} INFO - Processing /opt/airflow/dags/ingestion_dag.py took 0.120 seconds
[2026-08-26T20:20:42.210+0000] {processor.py:161} INFO - Started process (PID=1956) to work on /opt/airflow/dags/ingestion_dag.py
[2026-08-26T20:20:42.211+0000] {processor.py:830} INFO - Processing file /opt/airflow/dags/ingestion_dag.py for tasks to queue
[2026-08-26T20:20:42.213+0000] {logging_mixin.py:188} INFO - [2026-08-26T20:20:42.212+0000] {dagbag.py:538} INFO - Filling up the DagBag from /opt/airflow/dags/ingestion_dag.py
[2026-08-26T20:20:42.284+0000] {processor.py:840} INFO - DAG(s) 'air_quality_ingestion' retrieved from /opt/airflow/dags/ingestion_dag.py
[2026-08-26T20:20:42.305+0000] {logging_mixin.py:188} INFO - [2026-08-26T20:20:42.305+0000] {dag.py:3036} INFO - Sync 1 DAGs
[2026-08-26T20:20:42.326+0000] {logging_mixin.py:188} INFO - [2026-08-26T20:20:42.326+0000] {dag.py:3823} INFO - Setting next_dagrun for air_quality_ingestion to 2026-08-26 20:00:00+00:00, run_after=2026-08-26 21:00:00+00:00
[2026-08-26T20:20:42.351+0000] {processor.py:183} INFO - Processing /opt/airflow/dags/ingestion_dag.py took 0.144 seconds
[2026-08-26T20:21:12.749+0000] {processor.py:161} INFO - Started process (PID=1966) to work on /opt/airflow/dags/ingestion_dag.py
[2026-08-26T20:21:12.750+0000] {processor.py:830} INFO - Processing file /opt/airflow/dags/ingestion_dag.py for tasks to queue
[2026-08-26T20:21:12.751+0000] {logging_mixin.py:188} INFO - [2026-08-26T20:21:12.750+0000] {dagbag.py:538} INFO - Filling up the DagBag from /opt/airflow/dags/ingestion_dag.py
[2026-08-26T20:21:12.814+0000] {processor.py:840} INFO - DAG(s) 'air_quality_ingestion' retrieved from /opt/airflow/dags/ingestion_dag.py
[2026-08-26T20:21:12.835+0000] {logging_mixin.py:188} INFO - [2026-08-26T20:21:12.835+0000] {dag.py:3036} INFO - Sync 1 DAGs
[2026-08-26T20:21:12.852+0000] {logging_mixin.py:188} INFO - [2026-08-26T20:21:12.851+0000] {dag.py:3823} INFO - Setting next_dagrun for air_quality_ingestion to 2026-08-26 20:00:00+00:00, run_after=2026-08-26 21:00:00+00:00
[2026-08-26T20:21:12.866+0000] {processor.py:183} INFO - Processing /opt/airflow/dags/ingestion_dag.py took 0.120 seconds
[2026-08-26T20:21:43.220+0000] {processor.py:161} INFO - Started process (PID=1976) to work on /opt/airflow/dags/ingestion_dag.py
[2026-08-26T20:21:43.221+0000] {processor.py:830} INFO - Processing file /opt/airflow/dags/ingestion_dag.py for tasks to queue
[2026-08-26T20:21:43.221+0000] {logging_mixin.py:188} INFO - [2026-08-26T20:21:43.221+0000] {dagbag.py:538} INFO - Filling up the DagBag from /opt/airflow/dags/ingestion_dag.py
[2026-08-26T20:21:43.291+0000] {processor.py:840} INFO - DAG(s) 'air_quality_ingestion' retrieved from /opt/airflow/dags/ingestion_dag.py
[2026-08-26T20:21:43.309+0000] {logging_mixin.py:188} INFO - [2026-08-26T20:21:43.309+0000] {dag.py:3036} INFO - Sync 1 DAGs
[2026-08-26T20:21:43.325+0000] {logging_mixin.py:188} INFO - [2026-08-26T20:21:43.325+0000] {dag.py:3823} INFO - Setting next_dagrun for air_quality_ingestion to 2026-08-26 20:00:00+00:00, run_after=2026-08-26 21:00:00+00:00
[2026-08-26T20:21:43.342+0000] {processor.py:183} INFO - Processing /opt/airflow/dags/ingestion_dag.py took 0.125 seconds
[2026-08-26T20:22:13.691+0000] {processor.py:161} INFO - Started process (PID=1986) to work on /opt/airflow/dags/ingestion_dag.py
[2026-08-26T20:22:13.692+0000] {processor.py:830} INFO - Processing file /opt/airflow/dags/ingestion_dag.py for tasks to queue
[2026-08-26T20:22:13.693+0000] {logging_mixin.py:188} INFO - [2026-08-26T20:22:13.693+0000] {dagbag.py:538} INFO - Filling up the DagBag from /opt/airflow/dags/ingestion_dag.py
[2026-08-26T20:22:13.753+0000] {processor.py:840} INFO - DAG(s) 'air_quality_ingestion' retrieved from /opt/airflow/dags/ingestion_dag.py
[2026-08-26T20:22:13.770+0000] {logging_mixin.py:188} INFO - [2026-08-26T20:22:13.770+0000] {dag.py:3036} INFO - Sync 1 DAGs
[2026-08-26T20:22:13.788+0000] {logging_mixin.py:188} INFO - [2026-08-26T20:22:13.788+0000] {dag.py:3823} INFO - Setting next_dagrun for air_quality_ingestion to 2026-08-26 20:00:00+00:00, run_after=2026-08-26 21:00:00+00:00
[2026-08-26T20:22:13.804+0000] {processor.py:183} INFO - Processing /opt/airflow/dags/ingestion_dag.py took 0.116 seconds
[2026-08-26T20:22:44.182+0000] {processor.py:161} INFO - Started process (PID=1996) to work on /opt/airflow/dags/ingestion_dag.py
[2026-08-26T20:22:44.183+0000] {processor.py:830} INFO - Processing file /opt/airflow/dags/ingestion_dag.py for tasks to queue
[2026-08-26T20:22:44.184+0000] {logging_mixin.py:188} INFO - [2026-08-26T20:22:44.184+0000] {dagbag.py:538} INFO - Filling up the DagBag from /opt/airflow/dags/ingestion_dag.py
[2026-08-26T20:22:44.249+0000] {processor.py:840} INFO - DAG(s) 'air_quality_ingestion' retrieved from /opt/airflow/dags/ingestion_dag.py
[2026-08-26T20:22:44.268+0000] {logging_mixin.py:188} INFO - [2026-08-26T20:22:44.268+0000] {dag.py:3036} INFO - Sync 1 DAGs
[2026-08-26T20:22:44.286+0000] {logging_mixin.py:188} INFO - [2026-08-26T20:22:44.286+0000] {dag.py:3823} INFO - Setting next_dagrun for air_quality_ingestion to 2026-08-26 20:00:00+00:00, run_after=2026-08-26 21:00:00+00:00
[2026-08-26T20:22:44.301+0000] {processor.py:183} INFO - Processing /opt/airflow/dags/ingestion_dag.py took 0.122 seconds
[2026-08-26T20:23:14.735+0000] {processor.py:161} INFO - Started process (PID=2006) to work on /opt/airflow/dags/ingestion_dag.py
[2026-08-26T20:23:14.737+0000] {processor.py:830} INFO - Processing file /opt/airflow/dags/ingestion_dag.py for tasks to queue
[2026-08-26T20:23:14.738+0000] {logging_mixin.py:188} INFO - [2026-08-26T20:23:14.737+0000] {dagbag.py:538} INFO - Filling up the DagBag from /opt/airflow/dags/ingestion_dag.py
[2026-08-26T20:23:14.807+0000] {processor.py:840} INFO - DAG(s) 'air_quality_ingestion' retrieved from /opt/airflow/dags/ingestion_dag.py
[2026-08-26T20:23:14.825+0000] {logging_mixin.py:188} INFO - [2026-08-26T20:23:14.825+0000] {dag.py:3036} INFO - Sync 1 DAGs
[2026-08-26T20:23:14.842+0000] {logging_mixin.py:188} INFO - [2026-08-26T20:23:14.842+0000] {dag.py:3823} INFO - Setting next_dagrun for air_quality_ingestion to 2026-08-26 20:00:00+00:00, run_after=2026-08-26 21:00:00+00:00
[2026-08-26T20:23:14.855+0000] {processor.py:183} INFO - Processing /opt/airflow/dags/ingestion_dag.py took 0.122 seconds
[2026-08-26T20:23:45.290+0000] {processor.py:161} INFO - Started process (PID=2016) to work on /opt/airflow/dags/ingestion_dag.py
[2026-08-26T20:23:45.291+0000] {processor.py:830} INFO - Processing file /opt/airflow/dags/ingestion_dag.py for tasks to queue
[2026-08-26T20:23:45.292+0000] {logging_mixin.py:188} INFO - [2026-08-26T20:23:45.292+0000] {dagbag.py:538} INFO - Filling up the DagBag from /opt/airflow/dags/ingestion_dag.py
[2026-08-26T20:23:45.362+0000] {processor.py:840} INFO - DAG(s) 'air_quality_ingestion' retrieved from /opt/airflow/dags/ingestion_dag.py
[2026-08-26T20:23:45.382+0000] {logging_mixin.py:188} INFO - [2026-08-26T20:23:45.381+0000] {dag.py:3036} INFO - Sync 1 DAGs
[2026-08-26T20:23:45.399+0000] {logging_mixin.py:188} INFO - [2026-08-26T20:23:45.398+0000] {dag.py:3823} INFO - Setting next_dagrun for air_quality_ingestion to 2026-08-26 20:00:00+00:00, run_after=2026-08-26 21:00:00+00:00
[2026-08-26T20:23:45.414+0000] {processor.py:183} INFO - Processing /opt/airflow/dags/ingestion_dag.py took 0.127 seconds
[2026-08-26T20:24:15.758+0000] {processor.py:161} INFO - Started process (PID=2026) to work on /opt/airflow/dags/ingestion_dag.py
[2026-08-26T20:24:15.759+0000] {processor.py:830} INFO - Processing file /opt/airflow/dags/ingestion_dag.py for tasks to queue
[2026-08-26T20:24:15.760+0000] {logging_mixin.py:188} INFO - [2026-08-26T20:24:15.760+0000] {dagbag.py:538} INFO - Filling up the DagBag from /opt/airflow/dags/ingestion_dag.py
[2026-08-26T20:24:15.834+0000] {processor.py:840} INFO - DAG(s) 'air_quality_ingestion' retrieved from /opt/airflow/dags/ingestion_dag.py
[2026-08-26T20:24:15.853+0000] {logging_mixin.py:188} INFO - [2026-08-26T20:24:15.853+0000] {dag.py:3036} INFO - Sync 1 DAGs
[2026-08-26T20:24:15.871+0000] {logging_mixin.py:188} INFO - [2026-08-26T20:24:15.871+0000] {dag.py:3823} INFO - Setting next_dagrun for air_quality_ingestion to 2026-08-26 20:00:00+00:00, run_after=2026-08-26 21:00:00+00:00
[2026-08-26T20:24:15.886+0000] {processor.py:183} INFO - Processing /opt/airflow/dags/ingestion_dag.py took 0.131 seconds
[2026-08-26T20:24:46.380+0000] {processor.py:161} INFO - Started process (PID=2036) to work on /opt/airflow/dags/ingestion_dag.py
[2026-08-26T20:24:46.381+0000] {processor.py:830} INFO - Processing file /opt/airflow/dags/ingestion_dag.py for tasks to queue
[2026-08-26T20:24:46.381+0000] {logging_mixin.py:188} INFO - [2026-08-26T20:24:46.381+0000] {dagbag.py:538} INFO - Filling up the DagBag from /opt/airflow/dags/ingestion_dag.py
[2026-08-26T20:24:46.451+0000] {processor.py:840} INFO - DAG(s) 'air_quality_ingestion' retrieved from /opt/airflow/dags/ingestion_dag.py
[2026-08-26T20:24:46.471+0000] {logging_mixin.py:188} INFO - [2026-08-26T20:24:46.471+0000] {dag.py:3036} INFO - Sync 1 DAGs
[2026-08-26T20:24:46.488+0000] {logging_mixin.py:188} INFO - [2026-08-26T20:24:46.488+0000] {dag.py:3823} INFO - Setting next_dagrun for air_quality_ingestion to 2026-08-26 20:00:00+00:00, run_after=2026-08-26 21:00:00+00:00
[2026-08-26T20:24:46.503+0000] {processor.py:183} INFO - Processing /opt/airflow/dags/ingestion_dag.py took 0.126 seconds
[2026-08-26T20:25:16.882+0000] {processor.py:161} INFO - Started process (PID=2046) to work on /opt/airflow/dags/ingestion_dag.py
[2026-08-26T20:25:16.884+0000] {processor.py:830} INFO - Processing file /opt/airflow/dags/ingestion_dag.py for tasks to queue
[2026-08-26T20:25:16.886+0000] {logging_mixin.py:188} INFO - [2026-08-26T20:25:16.885+0000] {dagbag.py:538} INFO - Filling up the DagBag from /opt/airflow/dags/ingestion_dag.py
[2026-08-26T20:25:16.984+0000] {processor.py:840} INFO - DAG(s) 'air_quality_ingestion' retrieved from /opt/airflow/dags/ingestion_dag.py
[2026-08-26T20:25:17.002+0000] {logging_mixin.py:188} INFO - [2026-08-26T20:25:17.001+0000] {dag.py:3036} INFO - Sync 1 DAGs
[2026-08-26T20:25:17.020+0000] {logging_mixin.py:188} INFO - [2026-08-26T20:25:17.020+0000] {dag.py:3823} INFO - Setting next_dagrun for air_quality_ingestion to 2026-08-26 20:00:00+00:00, run_after=2026-08-26 21:00:00+00:00
[2026-08-26T20:25:17.038+0000] {processor.py:183} INFO - Processing /opt/airflow/dags/ingestion_dag.py took 0.162 seconds
[2026-08-26T20:25:47.356+0000] {processor.py:161} INFO - Started process (PID=2056) to work on /opt/airflow/dags/ingestion_dag.py
[2026-08-26T20:25:47.357+0000] {processor.py:830} INFO - Processing file /opt/airflow/dags/ingestion_dag.py for tasks to queue
[2026-08-26T20:25:47.358+0000] {logging_mixin.py:188} INFO - [2026-08-26T20:25:47.358+0000] {dagbag.py:538} INFO - Filling up the DagBag from /opt/airflow/dags/ingestion_dag.py
[2026-08-26T20:25:47.429+0000] {processor.py:840} INFO - DAG(s) 'air_quality_ingestion' retrieved from /opt/airflow/dags/ingestion_dag.py
[2026-08-26T20:25:47.446+0000] {logging_mixin.py:188} INFO - [2026-08-26T20:25:47.446+0000] {dag.py:3036} INFO - Sync 1 DAGs
[2026-08-26T20:25:47.464+0000] {logging_mixin.py:188} INFO - [2026-08-26T20:25:47.464+0000] {dag.py:3823} INFO - Setting next_dagrun for air_quality_ingestion to 2026-08-26 20:00:00+00:00, run_after=2026-08-26 21:00:00+00:00
[2026-08-26T20:25:47.481+0000] {processor.py:183} INFO - Processing /opt/airflow/dags/ingestion_dag.py took 0.127 seconds
[2026-08-26T20:26:17.871+0000] {processor.py:161} INFO - Started process (PID=2066) to work on /opt/airflow/dags/ingestion_dag.py
[2026-08-26T20:26:17.872+0000] {processor.py:830} INFO - Processing file /opt/airflow/dags/ingestion_dag.py for tasks to queue
[2026-08-26T20:26:17.873+0000] {logging_mixin.py:188} INFO - [2026-08-26T20:26:17.873+0000] {dagbag.py:538} INFO - Filling up the DagBag from /opt/airflow/dags/ingestion_dag.py
[2026-08-26T20:26:17.946+0000] {processor.py:840} INFO - DAG(s) 'air_quality_ingestion' retrieved from /opt/airflow/dags/ingestion_dag.py
[2026-08-26T20:26:17.967+0000] {logging_mixin.py:188} INFO - [2026-08-26T20:26:17.967+0000] {dag.py:3036} INFO - Sync 1 DAGs
[2026-08-26T20:26:17.985+0000] {logging_mixin.py:188} INFO - [2026-08-26T20:26:17.985+0000] {dag.py:3823} INFO - Setting next_dagrun for air_quality_ingestion to 2026-08-26 20:00:00+00:00, run_after=2026-08-26 21:00:00+00:00
[2026-08-26T20:26:18.000+0000] {processor.py:183} INFO - Processing /opt/airflow/dags/ingestion_dag.py took 0.131 seconds
[2026-08-26T20:26:48.324+0000] {processor.py:161} INFO - Started process (PID=2076) to work on /opt/airflow/dags/ingestion_dag.py
[2026-08-26T20:26:48.324+0000] {processor.py:830} INFO - Processing file /opt/airflow/dags/ingestion_dag.py for tasks to queue
[2026-08-26T20:26:48.325+0000] {logging_mixin.py:188} INFO - [2026-08-26T20:26:48.325+0000] {dagbag.py:538} INFO - Filling up the DagBag from /opt/airflow/dags/ingestion_dag.py
[2026-08-26T20:26:48.393+0000] {processor.py:840} INFO - DAG(s) 'air_quality_ingestion' retrieved from /opt/airflow/dags/ingestion_dag.py
[2026-08-26T20:26:48.411+0000] {logging_mixin.py:188} INFO - [2026-08-26T20:26:48.411+0000] {dag.py:3036} INFO - Sync 1 DAGs
[2026-08-26T20:26:48.428+0000] {logging_mixin.py:188} INFO - [2026-08-26T20:26:48.428+0000] {dag.py:3823} INFO - Setting next_dagrun for air_quality_ingestion to 2026-08-26 20:00:00+00:00, run_after=2026-08-26 21:00:00+00:00
[2026-08-26T20:26:48.442+0000] {processor.py:183} INFO - Processing /opt/airflow/dags/ingestion_dag.py took 0.121 seconds
[2026-08-26T20:27:24.546+0000] {processor.py:161} INFO - Started process (PID=2086) to work on /opt/airflow/dags/ingestion_dag.py
[2026-08-26T20:27:24.573+0000] {processor.py:830} INFO - Processing file /opt/airflow/dags/ingestion_dag.py for tasks to queue
[2026-08-26T20:27:24.613+0000] {logging_mixin.py:188} INFO - [2026-08-26T20:27:24.612+0000] {dagbag.py:538} INFO - Filling up the DagBag from /opt/airflow/dags/ingestion_dag.py
[2026-08-26T20:27:25.659+0000] {processor.py:840} INFO - DAG(s) 'air_quality_ingestion' retrieved from /opt/airflow/dags/ingestion_dag.py
[2026-08-26T20:27:25.719+0000] {logging_mixin.py:188} INFO - [2026-08-26T20:27:25.719+0000] {dag.py:3036} INFO - Sync 1 DAGs
[2026-08-26T20:27:25.807+0000] {logging_mixin.py:188} INFO - [2026-08-26T20:27:25.807+0000] {dag.py:3823} INFO - Setting next_dagrun for air_quality_ingestion to 2026-08-26 20:00:00+00:00, run_after=2026-08-26 21:00:00+00:00
[2026-08-26T20:27:25.876+0000] {processor.py:183} INFO - Processing /opt/airflow/dags/ingestion_dag.py took 1.335 seconds
[2026-08-26T20:44:04.827+0000] {processor.py:161} INFO - Started process (PID=2096) to work on /opt/airflow/dags/ingestion_dag.py
[2026-08-26T20:44:04.828+0000] {processor.py:830} INFO - Processing file /opt/airflow/dags/ingestion_dag.py for tasks to queue
[2026-08-26T20:44:04.830+0000] {logging_mixin.py:188} INFO - [2026-08-26T20:44:04.829+0000] {dagbag.py:538} INFO - Filling up the DagBag from /opt/airflow/dags/ingestion_dag.py
[2026-08-26T20:44:04.935+0000] {processor.py:840} INFO - DAG(s) 'air_quality_ingestion' retrieved from /opt/airflow/dags/ingestion_dag.py
[2026-08-26T20:44:04.976+0000] {logging_mixin.py:188} INFO - [2026-08-26T20:44:04.975+0000] {dag.py:3036} INFO - Sync 1 DAGs
[2026-08-26T20:44:05.014+0000] {logging_mixin.py:188} INFO - [2026-08-26T20:44:05.014+0000] {dag.py:3823} INFO - Setting next_dagrun for air_quality_ingestion to 2026-08-26 20:00:00+00:00, run_after=2026-08-26 21:00:00+00:00
[2026-08-26T20:44:05.043+0000] {processor.py:183} INFO - Processing /opt/airflow/dags/ingestion_dag.py took 0.221 seconds
[2026-08-26T20:44:35.500+0000] {processor.py:161} INFO - Started process (PID=2108) to work on /opt/airflow/dags/ingestion_dag.py
[2026-08-26T20:44:35.502+0000] {processor.py:830} INFO - Processing file /opt/airflow/dags/ingestion_dag.py for tasks to queue
[2026-08-26T20:44:35.503+0000] {logging_mixin.py:188} INFO - [2026-08-26T20:44:35.503+0000] {dagbag.py:538} INFO - Filling up the DagBag from /opt/airflow/dags/ingestion_dag.py
[2026-08-26T20:44:35.581+0000] {processor.py:840} INFO - DAG(s) 'air_quality_ingestion' retrieved from /opt/airflow/dags/ingestion_dag.py
[2026-08-26T20:44:35.601+0000] {logging_mixin.py:188} INFO - [2026-08-26T20:44:35.601+0000] {dag.py:3036} INFO - Sync 1 DAGs
[2026-08-26T20:44:35.624+0000] {logging_mixin.py:188} INFO - [2026-08-26T20:44:35.624+0000] {dag.py:3823} INFO - Setting next_dagrun for air_quality_ingestion to 2026-08-26 20:00:00+00:00, run_after=2026-08-26 21:00:00+00:00
[2026-08-26T20:44:35.643+0000] {processor.py:183} INFO - Processing /opt/airflow/dags/ingestion_dag.py took 0.147 seconds
[2026-08-26T20:45:05.968+0000] {processor.py:161} INFO - Started process (PID=2118) to work on /opt/airflow/dags/ingestion_dag.py
[2026-08-26T20:45:05.970+0000] {processor.py:830} INFO - Processing file /opt/airflow/dags/ingestion_dag.py for tasks to queue
[2026-08-26T20:45:05.971+0000] {logging_mixin.py:188} INFO - [2026-08-26T20:45:05.970+0000] {dagbag.py:538} INFO - Filling up the DagBag from /opt/airflow/dags/ingestion_dag.py
[2026-08-26T20:45:06.039+0000] {processor.py:840} INFO - DAG(s) 'air_quality_ingestion' retrieved from /opt/airflow/dags/ingestion_dag.py
[2026-08-26T20:45:06.063+0000] {logging_mixin.py:188} INFO - [2026-08-26T20:45:06.062+0000] {dag.py:3036} INFO - Sync 1 DAGs
[2026-08-26T20:45:06.084+0000] {logging_mixin.py:188} INFO - [2026-08-26T20:45:06.084+0000] {dag.py:3823} INFO - Setting next_dagrun for air_quality_ingestion to 2026-08-26 20:00:00+00:00, run_after=2026-08-26 21:00:00+00:00
[2026-08-26T20:45:06.103+0000] {processor.py:183} INFO - Processing /opt/airflow/dags/ingestion_dag.py took 0.138 seconds
[2026-08-26T20:45:36.429+0000] {processor.py:161} INFO - Started process (PID=2128) to work on /opt/airflow/dags/ingestion_dag.py
[2026-08-26T20:45:36.430+0000] {processor.py:830} INFO - Processing file /opt/airflow/dags/ingestion_dag.py for tasks to queue
[2026-08-26T20:45:36.430+0000] {logging_mixin.py:188} INFO - [2026-08-26T20:45:36.430+0000] {dagbag.py:538} INFO - Filling up the DagBag from /opt/airflow/dags/ingestion_dag.py
[2026-08-26T20:45:36.495+0000] {processor.py:840} INFO - DAG(s) 'air_quality_ingestion' retrieved from /opt/airflow/dags/ingestion_dag.py
[2026-08-26T20:45:36.513+0000] {logging_mixin.py:188} INFO - [2026-08-26T20:45:36.513+0000] {dag.py:3036} INFO - Sync 1 DAGs
[2026-08-26T20:45:36.530+0000] {logging_mixin.py:188} INFO - [2026-08-26T20:45:36.530+0000] {dag.py:3823} INFO - Setting next_dagrun for air_quality_ingestion to 2026-08-26 20:00:00+00:00, run_after=2026-08-26 21:00:00+00:00
[2026-08-26T20:45:36.545+0000] {processor.py:183} INFO - Processing /opt/airflow/dags/ingestion_dag.py took 0.118 seconds
[2026-08-26T20:46:06.880+0000] {processor.py:161} INFO - Started process (PID=2138) to work on /opt/airflow/dags/ingestion_dag.py
[2026-08-26T20:46:06.881+0000] {processor.py:830} INFO - Processing file /opt/airflow/dags/ingestion_dag.py for tasks to queue
[2026-08-26T20:46:06.882+0000] {logging_mixin.py:188} INFO - [2026-08-26T20:46:06.882+0000] {dagbag.py:538} INFO - Filling up the DagBag from /opt/airflow/dags/ingestion_dag.py
[2026-08-26T20:46:06.953+0000] {processor.py:840} INFO - DAG(s) 'air_quality_ingestion' retrieved from /opt/airflow/dags/ingestion_dag.py
[2026-08-26T20:46:06.973+0000] {logging_mixin.py:188} INFO - [2026-08-26T20:46:06.973+0000] {dag.py:3036} INFO - Sync 1 DAGs
[2026-08-26T20:46:06.991+0000] {logging_mixin.py:188} INFO - [2026-08-26T20:46:06.991+0000] {dag.py:3823} INFO - Setting next_dagrun for air_quality_ingestion to 2026-08-26 20:00:00+00:00, run_after=2026-08-26 21:00:00+00:00
[2026-08-26T20:46:07.008+0000] {processor.py:183} INFO - Processing /opt/airflow/dags/ingestion_dag.py took 0.132 seconds
[2026-08-26T20:46:37.352+0000] {processor.py:161} INFO - Started process (PID=2148) to work on /opt/airflow/dags/ingestion_dag.py
[2026-08-26T20:46:37.353+0000] {processor.py:830} INFO - Processing file /opt/airflow/dags/ingestion_dag.py for tasks to queue
[2026-08-26T20:46:37.354+0000] {logging_mixin.py:188} INFO - [2026-08-26T20:46:37.354+0000] {dagbag.py:538} INFO - Filling up the DagBag from /opt/airflow/dags/ingestion_dag.py
[2026-08-26T20:46:37.427+0000] {processor.py:840} INFO - DAG(s) 'air_quality_ingestion' retrieved from /opt/airflow/dags/ingestion_dag.py
[2026-08-26T20:46:37.449+0000] {logging_mixin.py:188} INFO - [2026-08-26T20:46:37.448+0000] {dag.py:3036} INFO - Sync 1 DAGs
[2026-08-26T20:46:37.469+0000] {logging_mixin.py:188} INFO - [2026-08-26T20:46:37.469+0000] {dag.py:3823} INFO - Setting next_dagrun for air_quality_ingestion to 2026-08-26 20:00:00+00:00, run_after=2026-08-26 21:00:00+00:00
[2026-08-26T20:46:37.485+0000] {processor.py:183} INFO - Processing /opt/airflow/dags/ingestion_dag.py took 0.135 seconds
[2026-08-26T20:47:07.791+0000] {processor.py:161} INFO - Started process (PID=2158) to work on /opt/airflow/dags/ingestion_dag.py
[2026-08-26T20:47:07.791+0000] {processor.py:830} INFO - Processing file /opt/airflow/dags/ingestion_dag.py for tasks to queue
[2026-08-26T20:47:07.792+0000] {logging_mixin.py:188} INFO - [2026-08-26T20:47:07.792+0000] {dagbag.py:538} INFO - Filling up the DagBag from /opt/airflow/dags/ingestion_dag.py
[2026-08-26T20:47:07.867+0000] {processor.py:840} INFO - DAG(s) 'air_quality_ingestion' retrieved from /opt/airflow/dags/ingestion_dag.py
[2026-08-26T20:47:07.889+0000] {logging_mixin.py:188} INFO - [2026-08-26T20:47:07.888+0000] {dag.py:3036} INFO - Sync 1 DAGs
[2026-08-26T20:47:07.908+0000] {logging_mixin.py:188} INFO - [2026-08-26T20:47:07.908+0000] {dag.py:3823} INFO - Setting next_dagrun for air_quality_ingestion to 2026-08-26 20:00:00+00:00, run_after=2026-08-26 21:00:00+00:00
[2026-08-26T20:47:07.924+0000] {processor.py:183} INFO - Processing /opt/airflow/dags/ingestion_dag.py took 0.137 seconds
[2026-08-26T20:47:38.279+0000] {processor.py:161} INFO - Started process (PID=2168) to work on /opt/airflow/dags/ingestion_dag.py
[2026-08-26T20:47:38.280+0000] {processor.py:830} INFO - Processing file /opt/airflow/dags/ingestion_dag.py for tasks to queue
[2026-08-26T20:47:38.280+0000] {logging_mixin.py:188} INFO - [2026-08-26T20:47:38.280+0000] {dagbag.py:538} INFO - Filling up the DagBag from /opt/airflow/dags/ingestion_dag.py
[2026-08-26T20:47:38.349+0000] {processor.py:840} INFO - DAG(s) 'air_quality_ingestion' retrieved from /opt/airflow/dags/ingestion_dag.py
[2026-08-26T20:47:38.369+0000] {logging_mixin.py:188} INFO - [2026-08-26T20:47:38.369+0000] {dag.py:3036} INFO - Sync 1 DAGs
[2026-08-26T20:47:38.389+0000] {logging_mixin.py:188} INFO - [2026-08-26T20:47:38.388+0000] {dag.py:3823} INFO - Setting next_dagrun for air_quality_ingestion to 2026-08-26 20:00:00+00:00, run_after=2026-08-26 21:00:00+00:00
[2026-08-26T20:47:38.405+0000] {processor.py:183} INFO - Processing /opt/airflow/dags/ingestion_dag.py took 0.128 seconds
[2026-08-26T20:48:08.724+0000] {processor.py:161} INFO - Started process (PID=2178) to work on /opt/airflow/dags/ingestion_dag.py
[2026-08-26T20:48:08.725+0000] {processor.py:830} INFO - Processing file /opt/airflow/dags/ingestion_dag.py for tasks to queue
[2026-08-26T20:48:08.726+0000] {logging_mixin.py:188} INFO - [2026-08-26T20:48:08.726+0000] {dagbag.py:538} INFO - Filling up the DagBag from /opt/airflow/dags/ingestion_dag.py
[2026-08-26T20:48:08.793+0000] {processor.py:840} INFO - DAG(s) 'air_quality_ingestion' retrieved from /opt/airflow/dags/ingestion_dag.py
[2026-08-26T20:48:08.813+0000] {logging_mixin.py:188} INFO - [2026-08-26T20:48:08.812+0000] {dag.py:3036} INFO - Sync 1 DAGs
[2026-08-26T20:48:08.830+0000] {logging_mixin.py:188} INFO - [2026-08-26T20:48:08.829+0000] {dag.py:3823} INFO - Setting next_dagrun for air_quality_ingestion to 2026-08-26 20:00:00+00:00, run_after=2026-08-26 21:00:00+00:00
[2026-08-26T20:48:08.845+0000] {processor.py:183} INFO - Processing /opt/airflow/dags/ingestion_dag.py took 0.122 seconds
[2026-08-26T20:48:39.194+0000] {processor.py:161} INFO - Started process (PID=2188) to work on /opt/airflow/dags/ingestion_dag.py
[2026-08-26T20:48:39.195+0000] {processor.py:830} INFO - Processing file /opt/airflow/dags/ingestion_dag.py for tasks to queue
[2026-08-26T20:48:39.196+0000] {logging_mixin.py:188} INFO - [2026-08-26T20:48:39.196+0000] {dagbag.py:538} INFO - Filling up the DagBag from /opt/airflow/dags/ingestion_dag.py
[2026-08-26T20:48:39.266+0000] {processor.py:840} INFO - DAG(s) 'air_quality_ingestion' retrieved from /opt/airflow/dags/ingestion_dag.py
[2026-08-26T20:48:39.286+0000] {logging_mixin.py:188} INFO - [2026-08-26T20:48:39.286+0000] {dag.py:3036} INFO - Sync 1 DAGs
[2026-08-26T20:48:39.304+0000] {logging_mixin.py:188} INFO - [2026-08-26T20:48:39.304+0000] {dag.py:3823} INFO - Setting next_dagrun for air_quality_ingestion to 2026-08-26 20:00:00+00:00, run_after=2026-08-26 21:00:00+00:00
[2026-08-26T20:48:39.319+0000] {processor.py:183} INFO - Processing /opt/airflow/dags/ingestion_dag.py took 0.128 seconds
[2026-08-26T20:49:09.692+0000] {processor.py:161} INFO - Started process (PID=2198) to work on /opt/airflow/dags/ingestion_dag.py
[2026-08-26T20:49:09.693+0000] {processor.py:830} INFO - Processing file /opt/airflow/dags/ingestion_dag.py for tasks to queue
[2026-08-26T20:49:09.694+0000] {logging_mixin.py:188} INFO - [2026-08-26T20:49:09.693+0000] {dagbag.py:538} INFO - Filling up the DagBag from /opt/airflow/dags/ingestion_dag.py
[2026-08-26T20:49:09.767+0000] {processor.py:840} INFO - DAG(s) 'air_quality_ingestion' retrieved from /opt/airflow/dags/ingestion_dag.py
[2026-08-26T20:49:09.793+0000] {logging_mixin.py:188} INFO - [2026-08-26T20:49:09.793+0000] {dag.py:3036} INFO - Sync 1 DAGs
[2026-08-26T20:49:09.813+0000] {logging_mixin.py:188} INFO - [2026-08-26T20:49:09.813+0000] {dag.py:3823} INFO - Setting next_dagrun for air_quality_ingestion to 2026-08-26 20:00:00+00:00, run_after=2026-08-26 21:00:00+00:00
[2026-08-26T20:49:09.836+0000] {processor.py:183} INFO - Processing /opt/airflow/dags/ingestion_dag.py took 0.147 seconds
[2026-08-26T20:49:40.174+0000] {processor.py:161} INFO - Started process (PID=2208) to work on /opt/airflow/dags/ingestion_dag.py
[2026-08-26T20:49:40.176+0000] {processor.py:830} INFO - Processing file /opt/airflow/dags/ingestion_dag.py for tasks to queue
[2026-08-26T20:49:40.177+0000] {logging_mixin.py:188} INFO - [2026-08-26T20:49:40.177+0000] {dagbag.py:538} INFO - Filling up the DagBag from /opt/airflow/dags/ingestion_dag.py
[2026-08-26T20:49:40.259+0000] {processor.py:840} INFO - DAG(s) 'air_quality_ingestion' retrieved from /opt/airflow/dags/ingestion_dag.py
[2026-08-26T20:49:40.281+0000] {logging_mixin.py:188} INFO - [2026-08-26T20:49:40.281+0000] {dag.py:3036} INFO - Sync 1 DAGs
[2026-08-26T20:49:40.302+0000] {logging_mixin.py:188} INFO - [2026-08-26T20:49:40.302+0000] {dag.py:3823} INFO - Setting next_dagrun for air_quality_ingestion to 2026-08-26 20:00:00+00:00, run_after=2026-08-26 21:00:00+00:00
[2026-08-26T20:49:40.319+0000] {processor.py:183} INFO - Processing /opt/airflow/dags/ingestion_dag.py took 0.148 seconds
[2026-08-26T20:50:10.648+0000] {processor.py:161} INFO - Started process (PID=2218) to work on /opt/airflow/dags/ingestion_dag.py
[2026-08-26T20:50:10.650+0000] {processor.py:830} INFO - Processing file /opt/airflow/dags/ingestion_dag.py for tasks to queue
[2026-08-26T20:50:10.651+0000] {logging_mixin.py:188} INFO - [2026-08-26T20:50:10.651+0000] {dagbag.py:538} INFO - Filling up the DagBag from /opt/airflow/dags/ingestion_dag.py
[2026-08-26T20:50:10.776+0000] {processor.py:840} INFO - DAG(s) 'air_quality_ingestion' retrieved from /opt/airflow/dags/ingestion_dag.py
[2026-08-26T20:50:10.806+0000] {logging_mixin.py:188} INFO - [2026-08-26T20:50:10.806+0000] {dag.py:3036} INFO - Sync 1 DAGs
[2026-08-26T20:50:10.829+0000] {logging_mixin.py:188} INFO - [2026-08-26T20:50:10.828+0000] {dag.py:3823} INFO - Setting next_dagrun for air_quality_ingestion to 2026-08-26 20:00:00+00:00, run_after=2026-08-26 21:00:00+00:00
[2026-08-26T20:50:10.848+0000] {processor.py:183} INFO - Processing /opt/airflow/dags/ingestion_dag.py took 0.202 seconds
[2026-08-26T20:50:41.180+0000] {processor.py:161} INFO - Started process (PID=2228) to work on /opt/airflow/dags/ingestion_dag.py
[2026-08-26T20:50:41.181+0000] {processor.py:830} INFO - Processing file /opt/airflow/dags/ingestion_dag.py for tasks to queue
[2026-08-26T20:50:41.182+0000] {logging_mixin.py:188} INFO - [2026-08-26T20:50:41.182+0000] {dagbag.py:538} INFO - Filling up the DagBag from /opt/airflow/dags/ingestion_dag.py
[2026-08-26T20:50:41.254+0000] {processor.py:840} INFO - DAG(s) 'air_quality_ingestion' retrieved from /opt/airflow/dags/ingestion_dag.py
[2026-08-26T20:50:41.274+0000] {logging_mixin.py:188} INFO - [2026-08-26T20:50:41.274+0000] {dag.py:3036} INFO - Sync 1 DAGs
[2026-08-26T20:50:41.293+0000] {logging_mixin.py:188} INFO - [2026-08-26T20:50:41.293+0000] {dag.py:3823} INFO - Setting next_dagrun for air_quality_ingestion to 2026-08-26 20:00:00+00:00, run_after=2026-08-26 21:00:00+00:00
[2026-08-26T20:50:41.309+0000] {processor.py:183} INFO - Processing /opt/airflow/dags/ingestion_dag.py took 0.130 seconds
[2026-08-26T20:51:11.636+0000] {processor.py:161} INFO - Started process (PID=2238) to work on /opt/airflow/dags/ingestion_dag.py
[2026-08-26T20:51:11.637+0000] {processor.py:830} INFO - Processing file /opt/airflow/dags/ingestion_dag.py for tasks to queue
[2026-08-26T20:51:11.638+0000] {logging_mixin.py:188} INFO - [2026-08-26T20:51:11.638+0000] {dagbag.py:538} INFO - Filling up the DagBag from /opt/airflow/dags/ingestion_dag.py
[2026-08-26T20:51:11.709+0000] {processor.py:840} INFO - DAG(s) 'air_quality_ingestion' retrieved from /opt/airflow/dags/ingestion_dag.py
[2026-08-26T20:51:11.727+0000] {logging_mixin.py:188} INFO - [2026-08-26T20:51:11.727+0000] {dag.py:3036} INFO - Sync 1 DAGs
[2026-08-26T20:51:11.744+0000] {logging_mixin.py:188} INFO - [2026-08-26T20:51:11.744+0000] {dag.py:3823} INFO - Setting next_dagrun for air_quality_ingestion to 2026-08-26 20:00:00+00:00, run_after=2026-08-26 21:00:00+00:00
[2026-08-26T20:51:11.763+0000] {processor.py:183} INFO - Processing /opt/airflow/dags/ingestion_dag.py took 0.129 seconds
[2026-08-26T20:51:42.088+0000] {processor.py:161} INFO - Started process (PID=2248) to work on /opt/airflow/dags/ingestion_dag.py
[2026-08-26T20:51:42.089+0000] {processor.py:830} INFO - Processing file /opt/airflow/dags/ingestion_dag.py for tasks to queue
[2026-08-26T20:51:42.090+0000] {logging_mixin.py:188} INFO - [2026-08-26T20:51:42.090+0000] {dagbag.py:538} INFO - Filling up the DagBag from /opt/airflow/dags/ingestion_dag.py
[2026-08-26T20:51:42.163+0000] {processor.py:840} INFO - DAG(s) 'air_quality_ingestion' retrieved from /opt/airflow/dags/ingestion_dag.py
[2026-08-26T20:51:42.183+0000] {logging_mixin.py:188} INFO - [2026-08-26T20:51:42.183+0000] {dag.py:3036} INFO - Sync 1 DAGs
[2026-08-26T20:51:42.203+0000] {logging_mixin.py:188} INFO - [2026-08-26T20:51:42.203+0000] {dag.py:3823} INFO - Setting next_dagrun for air_quality_ingestion to 2026-08-26 20:00:00+00:00, run_after=2026-08-26 21:00:00+00:00
[2026-08-26T20:51:42.220+0000] {processor.py:183} INFO - Processing /opt/airflow/dags/ingestion_dag.py took 0.134 seconds
[2026-08-26T20:52:12.600+0000] {processor.py:161} INFO - Started process (PID=2258) to work on /opt/airflow/dags/ingestion_dag.py
[2026-08-26T20:52:12.600+0000] {processor.py:830} INFO - Processing file /opt/airflow/dags/ingestion_dag.py for tasks to queue
[2026-08-26T20:52:12.601+0000] {logging_mixin.py:188} INFO - [2026-08-26T20:52:12.601+0000] {dagbag.py:538} INFO - Filling up the DagBag from /opt/airflow/dags/ingestion_dag.py
[2026-08-26T20:52:12.672+0000] {processor.py:840} INFO - DAG(s) 'air_quality_ingestion' retrieved from /opt/airflow/dags/ingestion_dag.py
[2026-08-26T20:52:12.693+0000] {logging_mixin.py:188} INFO - [2026-08-26T20:52:12.692+0000] {dag.py:3036} INFO - Sync 1 DAGs
[2026-08-26T20:52:12.709+0000] {logging_mixin.py:188} INFO - [2026-08-26T20:52:12.709+0000] {dag.py:3823} INFO - Setting next_dagrun for air_quality_ingestion to 2026-08-26 20:00:00+00:00, run_after=2026-08-26 21:00:00+00:00
[2026-08-26T20:52:12.725+0000] {processor.py:183} INFO - Processing /opt/airflow/dags/ingestion_dag.py took 0.128 seconds
[2026-08-26T20:52:43.082+0000] {processor.py:161} INFO - Started process (PID=2268) to work on /opt/airflow/dags/ingestion_dag.py
[2026-08-26T20:52:43.084+0000] {processor.py:830} INFO - Processing file /opt/airflow/dags/ingestion_dag.py for tasks to queue
[2026-08-26T20:52:43.085+0000] {logging_mixin.py:188} INFO - [2026-08-26T20:52:43.085+0000] {dagbag.py:538} INFO - Filling up the DagBag from /opt/airflow/dags/ingestion_dag.py
[2026-08-26T20:52:43.161+0000] {processor.py:840} INFO - DAG(s) 'air_quality_ingestion' retrieved from /opt/airflow/dags/ingestion_dag.py
[2026-08-26T20:52:43.182+0000] {logging_mixin.py:188} INFO - [2026-08-26T20:52:43.182+0000] {dag.py:3036} INFO - Sync 1 DAGs
[2026-08-26T20:52:43.203+0000] {logging_mixin.py:188} INFO - [2026-08-26T20:52:43.202+0000] {dag.py:3823} INFO - Setting next_dagrun for air_quality_ingestion to 2026-08-26 20:00:00+00:00, run_after=2026-08-26 21:00:00+00:00
[2026-08-26T20:52:43.219+0000] {processor.py:183} INFO - Processing /opt/airflow/dags/ingestion_dag.py took 0.141 seconds
[2026-08-26T20:53:13.601+0000] {processor.py:161} INFO - Started process (PID=2278) to work on /opt/airflow/dags/ingestion_dag.py
[2026-08-26T20:53:13.603+0000] {processor.py:830} INFO - Processing file /opt/airflow/dags/ingestion_dag.py for tasks to queue
[2026-08-26T20:53:13.604+0000] {logging_mixin.py:188} INFO - [2026-08-26T20:53:13.604+0000] {dagbag.py:538} INFO - Filling up the DagBag from /opt/airflow/dags/ingestion_dag.py
[2026-08-26T20:53:13.669+0000] {processor.py:840} INFO - DAG(s) 'air_quality_ingestion' retrieved from /opt/airflow/dags/ingestion_dag.py
[2026-08-26T20:53:13.688+0000] {logging_mixin.py:188} INFO - [2026-08-26T20:53:13.688+0000] {dag.py:3036} INFO - Sync 1 DAGs
[2026-08-26T20:53:13.705+0000] {logging_mixin.py:188} INFO - [2026-08-26T20:53:13.705+0000] {dag.py:3823} INFO - Setting next_dagrun for air_quality_ingestion to 2026-08-26 20:00:00+00:00, run_after=2026-08-26 21:00:00+00:00
[2026-08-26T20:53:13.721+0000] {processor.py:183} INFO - Processing /opt/airflow/dags/ingestion_dag.py took 0.122 seconds
[2026-08-26T20:53:44.109+0000] {processor.py:161} INFO - Started process (PID=2288) to work on /opt/airflow/dags/ingestion_dag.py
[2026-08-26T20:53:44.110+0000] {processor.py:830} INFO - Processing file /opt/airflow/dags/ingestion_dag.py for tasks to queue
[2026-08-26T20:53:44.111+0000] {logging_mixin.py:188} INFO - [2026-08-26T20:53:44.111+0000] {dagbag.py:538} INFO - Filling up the DagBag from /opt/airflow/dags/ingestion_dag.py
[2026-08-26T20:53:44.180+0000] {processor.py:840} INFO - DAG(s) 'air_quality_ingestion' retrieved from /opt/airflow/dags/ingestion_dag.py
[2026-08-26T20:53:44.197+0000] {logging_mixin.py:188} INFO - [2026-08-26T20:53:44.197+0000] {dag.py:3036} INFO - Sync 1 DAGs
[2026-08-26T20:53:44.213+0000] {logging_mixin.py:188} INFO - [2026-08-26T20:53:44.213+0000] {dag.py:3823} INFO - Setting next_dagrun for air_quality_ingestion to 2026-08-26 20:00:00+00:00, run_after=2026-08-26 21:00:00+00:00
[2026-08-26T20:53:44.227+0000] {processor.py:183} INFO - Processing /opt/airflow/dags/ingestion_dag.py took 0.120 seconds
[2026-08-26T20:54:14.633+0000] {processor.py:161} INFO - Started process (PID=2298) to work on /opt/airflow/dags/ingestion_dag.py
[2026-08-26T20:54:14.634+0000] {processor.py:830} INFO - Processing file /opt/airflow/dags/ingestion_dag.py for tasks to queue
[2026-08-26T20:54:14.635+0000] {logging_mixin.py:188} INFO - [2026-08-26T20:54:14.635+0000] {dagbag.py:538} INFO - Filling up the DagBag from /opt/airflow/dags/ingestion_dag.py
[2026-08-26T20:54:14.711+0000] {processor.py:840} INFO - DAG(s) 'air_quality_ingestion' retrieved from /opt/airflow/dags/ingestion_dag.py
[2026-08-26T20:54:14.733+0000] {logging_mixin.py:188} INFO - [2026-08-26T20:54:14.732+0000] {dag.py:3036} INFO - Sync 1 DAGs
[2026-08-26T20:54:14.752+0000] {logging_mixin.py:188} INFO - [2026-08-26T20:54:14.752+0000] {dag.py:3823} INFO - Setting next_dagrun for air_quality_ingestion to 2026-08-26 20:00:00+00:00, run_after=2026-08-26 21:00:00+00:00
[2026-08-26T20:54:14.769+0000] {processor.py:183} INFO - Processing /opt/airflow/dags/ingestion_dag.py took 0.139 seconds
[2026-08-26T20:54:45.070+0000] {processor.py:161} INFO - Started process (PID=2308) to work on /opt/airflow/dags/ingestion_dag.py
[2026-08-26T20:54:45.071+0000] {processor.py:830} INFO - Processing file /opt/airflow/dags/ingestion_dag.py for tasks to queue
[2026-08-26T20:54:45.072+0000] {logging_mixin.py:188} INFO - [2026-08-26T20:54:45.071+0000] {dagbag.py:538} INFO - Filling up the DagBag from /opt/airflow/dags/ingestion_dag.py
[2026-08-26T20:54:45.159+0000] {processor.py:840} INFO - DAG(s) 'air_quality_ingestion' retrieved from /opt/airflow/dags/ingestion_dag.py
[2026-08-26T20:54:45.181+0000] {logging_mixin.py:188} INFO - [2026-08-26T20:54:45.181+0000] {dag.py:3036} INFO - Sync 1 DAGs
[2026-08-26T20:54:45.202+0000] {logging_mixin.py:188} INFO - [2026-08-26T20:54:45.202+0000] {dag.py:3823} INFO - Setting next_dagrun for air_quality_ingestion to 2026-08-26 20:00:00+00:00, run_after=2026-08-26 21:00:00+00:00
[2026-08-26T20:54:45.224+0000] {processor.py:183} INFO - Processing /opt/airflow/dags/ingestion_dag.py took 0.157 seconds
[2026-08-26T20:55:15.502+0000] {processor.py:161} INFO - Started process (PID=2318) to work on /opt/airflow/dags/ingestion_dag.py
[2026-08-26T20:55:15.503+0000] {processor.py:830} INFO - Processing file /opt/airflow/dags/ingestion_dag.py for tasks to queue
[2026-08-26T20:55:15.504+0000] {logging_mixin.py:188} INFO - [2026-08-26T20:55:15.503+0000] {dagbag.py:538} INFO - Filling up the DagBag from /opt/airflow/dags/ingestion_dag.py
[2026-08-26T20:55:15.584+0000] {processor.py:840} INFO - DAG(s) 'air_quality_ingestion' retrieved from /opt/airflow/dags/ingestion_dag.py
[2026-08-26T20:55:15.603+0000] {logging_mixin.py:188} INFO - [2026-08-26T20:55:15.603+0000] {dag.py:3036} INFO - Sync 1 DAGs
[2026-08-26T20:55:15.622+0000] {logging_mixin.py:188} INFO - [2026-08-26T20:55:15.622+0000] {dag.py:3823} INFO - Setting next_dagrun for air_quality_ingestion to 2026-08-26 20:00:00+00:00, run_after=2026-08-26 21:00:00+00:00
[2026-08-26T20:55:15.639+0000] {processor.py:183} INFO - Processing /opt/airflow/dags/ingestion_dag.py took 0.140 seconds
[2026-08-26T20:55:45.923+0000] {processor.py:161} INFO - Started process (PID=2328) to work on /opt/airflow/dags/ingestion_dag.py
[2026-08-26T20:55:45.924+0000] {processor.py:830} INFO - Processing file /opt/airflow/dags/ingestion_dag.py for tasks to queue
[2026-08-26T20:55:45.925+0000] {logging_mixin.py:188} INFO - [2026-08-26T20:55:45.925+0000] {dagbag.py:538} INFO - Filling up the DagBag from /opt/airflow/dags/ingestion_dag.py
[2026-08-26T20:55:46.004+0000] {processor.py:840} INFO - DAG(s) 'air_quality_ingestion' retrieved from /opt/airflow/dags/ingestion_dag.py
[2026-08-26T20:55:46.023+0000] {logging_mixin.py:188} INFO - [2026-08-26T20:55:46.023+0000] {dag.py:3036} INFO - Sync 1 DAGs
[2026-08-26T20:55:46.042+0000] {logging_mixin.py:188} INFO - [2026-08-26T20:55:46.042+0000] {dag.py:3823} INFO - Setting next_dagrun for air_quality_ingestion to 2026-08-26 20:00:00+00:00, run_after=2026-08-26 21:00:00+00:00
[2026-08-26T20:55:46.058+0000] {processor.py:183} INFO - Processing /opt/airflow/dags/ingestion_dag.py took 0.137 seconds
[2026-08-26T20:56:16.334+0000] {processor.py:161} INFO - Started process (PID=2338) to work on /opt/airflow/dags/ingestion_dag.py
[2026-08-26T20:56:16.335+0000] {processor.py:830} INFO - Processing file /opt/airflow/dags/ingestion_dag.py for tasks to queue
[2026-08-26T20:56:16.337+0000] {logging_mixin.py:188} INFO - [2026-08-26T20:56:16.336+0000] {dagbag.py:538} INFO - Filling up the DagBag from /opt/airflow/dags/ingestion_dag.py
[2026-08-26T20:56:16.425+0000] {processor.py:840} INFO - DAG(s) 'air_quality_ingestion' retrieved from /opt/airflow/dags/ingestion_dag.py
[2026-08-26T20:56:16.448+0000] {logging_mixin.py:188} INFO - [2026-08-26T20:56:16.448+0000] {dag.py:3036} INFO - Sync 1 DAGs
[2026-08-26T20:56:16.471+0000] {logging_mixin.py:188} INFO - [2026-08-26T20:56:16.471+0000] {dag.py:3823} INFO - Setting next_dagrun for air_quality_ingestion to 2026-08-26 20:00:00+00:00, run_after=2026-08-26 21:00:00+00:00
[2026-08-26T20:56:16.492+0000] {processor.py:183} INFO - Processing /opt/airflow/dags/ingestion_dag.py took 0.161 seconds
[2026-08-26T20:56:46.770+0000] {processor.py:161} INFO - Started process (PID=2348) to work on /opt/airflow/dags/ingestion_dag.py
[2026-08-26T20:56:46.771+0000] {processor.py:830} INFO - Processing file /opt/airflow/dags/ingestion_dag.py for tasks to queue
[2026-08-26T20:56:46.771+0000] {logging_mixin.py:188} INFO - [2026-08-26T20:56:46.771+0000] {dagbag.py:538} INFO - Filling up the DagBag from /opt/airflow/dags/ingestion_dag.py
[2026-08-26T20:56:46.857+0000] {processor.py:840} INFO - DAG(s) 'air_quality_ingestion' retrieved from /opt/airflow/dags/ingestion_dag.py
[2026-08-26T20:56:46.876+0000] {logging_mixin.py:188} INFO - [2026-08-26T20:56:46.875+0000] {dag.py:3036} INFO - Sync 1 DAGs
[2026-08-26T20:56:46.894+0000] {logging_mixin.py:188} INFO - [2026-08-26T20:56:46.894+0000] {dag.py:3823} INFO - Setting next_dagrun for air_quality_ingestion to 2026-08-26 20:00:00+00:00, run_after=2026-08-26 21:00:00+00:00
[2026-08-26T20:56:46.914+0000] {processor.py:183} INFO - Processing /opt/airflow/dags/ingestion_dag.py took 0.146 seconds
[2026-08-26T20:57:17.245+0000] {processor.py:161} INFO - Started process (PID=2358) to work on /opt/airflow/dags/ingestion_dag.py
[2026-08-26T20:57:17.246+0000] {processor.py:830} INFO - Processing file /opt/airflow/dags/ingestion_dag.py for tasks to queue
[2026-08-26T20:57:17.247+0000] {logging_mixin.py:188} INFO - [2026-08-26T20:57:17.247+0000] {dagbag.py:538} INFO - Filling up the DagBag from /opt/airflow/dags/ingestion_dag.py
[2026-08-26T20:57:17.324+0000] {processor.py:840} INFO - DAG(s) 'air_quality_ingestion' retrieved from /opt/airflow/dags/ingestion_dag.py
[2026-08-26T20:57:17.344+0000] {logging_mixin.py:188} INFO - [2026-08-26T20:57:17.343+0000] {dag.py:3036} INFO - Sync 1 DAGs
[2026-08-26T20:57:17.361+0000] {logging_mixin.py:188} INFO - [2026-08-26T20:57:17.361+0000] {dag.py:3823} INFO - Setting next_dagrun for air_quality_ingestion to 2026-08-26 20:00:00+00:00, run_after=2026-08-26 21:00:00+00:00
[2026-08-26T20:57:17.378+0000] {processor.py:183} INFO - Processing /opt/airflow/dags/ingestion_dag.py took 0.136 seconds
[2026-08-26T20:57:47.664+0000] {processor.py:161} INFO - Started process (PID=2368) to work on /opt/airflow/dags/ingestion_dag.py
[2026-08-26T20:57:47.665+0000] {processor.py:830} INFO - Processing file /opt/airflow/dags/ingestion_dag.py for tasks to queue
[2026-08-26T20:57:47.666+0000] {logging_mixin.py:188} INFO - [2026-08-26T20:57:47.666+0000] {dagbag.py:538} INFO - Filling up the DagBag from /opt/airflow/dags/ingestion_dag.py
[2026-08-26T20:57:47.762+0000] {processor.py:840} INFO - DAG(s) 'air_quality_ingestion' retrieved from /opt/airflow/dags/ingestion_dag.py
[2026-08-26T20:57:47.785+0000] {logging_mixin.py:188} INFO - [2026-08-26T20:57:47.784+0000] {dag.py:3036} INFO - Sync 1 DAGs
[2026-08-26T20:57:47.805+0000] {logging_mixin.py:188} INFO - [2026-08-26T20:57:47.805+0000] {dag.py:3823} INFO - Setting next_dagrun for air_quality_ingestion to 2026-08-26 20:00:00+00:00, run_after=2026-08-26 21:00:00+00:00
[2026-08-26T20:57:47.823+0000] {processor.py:183} INFO - Processing /opt/airflow/dags/ingestion_dag.py took 0.162 seconds
[2026-08-26T20:58:18.137+0000] {processor.py:161} INFO - Started process (PID=2378) to work on /opt/airflow/dags/ingestion_dag.py
[2026-08-26T20:58:18.138+0000] {processor.py:830} INFO - Processing file /opt/airflow/dags/ingestion_dag.py for tasks to queue
[2026-08-26T20:58:18.139+0000] {logging_mixin.py:188} INFO - [2026-08-26T20:58:18.138+0000] {dagbag.py:538} INFO - Filling up the DagBag from /opt/airflow/dags/ingestion_dag.py
[2026-08-26T20:58:18.215+0000] {processor.py:840} INFO - DAG(s) 'air_quality_ingestion' retrieved from /opt/airflow/dags/ingestion_dag.py
[2026-08-26T20:58:18.243+0000] {logging_mixin.py:188} INFO - [2026-08-26T20:58:18.243+0000] {dag.py:3036} INFO - Sync 1 DAGs
[2026-08-26T20:58:18.264+0000] {logging_mixin.py:188} INFO - [2026-08-26T20:58:18.264+0000] {dag.py:3823} INFO - Setting next_dagrun for air_quality_ingestion to 2026-08-26 20:00:00+00:00, run_after=2026-08-26 21:00:00+00:00
[2026-08-26T20:58:18.282+0000] {processor.py:183} INFO - Processing /opt/airflow/dags/ingestion_dag.py took 0.149 seconds
[2026-08-26T20:58:48.586+0000] {processor.py:161} INFO - Started process (PID=2388) to work on /opt/airflow/dags/ingestion_dag.py
[2026-08-26T20:58:48.587+0000] {processor.py:830} INFO - Processing file /opt/airflow/dags/ingestion_dag.py for tasks to queue
[2026-08-26T20:58:48.588+0000] {logging_mixin.py:188} INFO - [2026-08-26T20:58:48.587+0000] {dagbag.py:538} INFO - Filling up the DagBag from /opt/airflow/dags/ingestion_dag.py
[2026-08-26T20:58:48.659+0000] {processor.py:840} INFO - DAG(s) 'air_quality_ingestion' retrieved from /opt/airflow/dags/ingestion_dag.py
[2026-08-26T20:58:48.680+0000] {logging_mixin.py:188} INFO - [2026-08-26T20:58:48.679+0000] {dag.py:3036} INFO - Sync 1 DAGs
[2026-08-26T20:58:48.698+0000] {logging_mixin.py:188} INFO - [2026-08-26T20:58:48.698+0000] {dag.py:3823} INFO - Setting next_dagrun for air_quality_ingestion to 2026-08-26 20:00:00+00:00, run_after=2026-08-26 21:00:00+00:00
[2026-08-26T20:58:48.714+0000] {processor.py:183} INFO - Processing /opt/airflow/dags/ingestion_dag.py took 0.131 seconds
[2026-08-26T20:59:19.015+0000] {processor.py:161} INFO - Started process (PID=2398) to work on /opt/airflow/dags/ingestion_dag.py
[2026-08-26T20:59:19.016+0000] {processor.py:830} INFO - Processing file /opt/airflow/dags/ingestion_dag.py for tasks to queue
[2026-08-26T20:59:19.017+0000] {logging_mixin.py:188} INFO - [2026-08-26T20:59:19.017+0000] {dagbag.py:538} INFO - Filling up the DagBag from /opt/airflow/dags/ingestion_dag.py
[2026-08-26T20:59:19.109+0000] {processor.py:840} INFO - DAG(s) 'air_quality_ingestion' retrieved from /opt/airflow/dags/ingestion_dag.py
[2026-08-26T20:59:19.127+0000] {logging_mixin.py:188} INFO - [2026-08-26T20:59:19.127+0000] {dag.py:3036} INFO - Sync 1 DAGs
[2026-08-26T20:59:19.145+0000] {logging_mixin.py:188} INFO - [2026-08-26T20:59:19.145+0000] {dag.py:3823} INFO - Setting next_dagrun for air_quality_ingestion to 2026-08-26 20:00:00+00:00, run_after=2026-08-26 21:00:00+00:00
[2026-08-26T20:59:19.162+0000] {processor.py:183} INFO - Processing /opt/airflow/dags/ingestion_dag.py took 0.150 seconds
[2026-08-26T20:59:49.459+0000] {processor.py:161} INFO - Started process (PID=2408) to work on /opt/airflow/dags/ingestion_dag.py
[2026-08-26T20:59:49.460+0000] {processor.py:830} INFO - Processing file /opt/airflow/dags/ingestion_dag.py for tasks to queue
[2026-08-26T20:59:49.462+0000] {logging_mixin.py:188} INFO - [2026-08-26T20:59:49.461+0000] {dagbag.py:538} INFO - Filling up the DagBag from /opt/airflow/dags/ingestion_dag.py
[2026-08-26T20:59:49.545+0000] {processor.py:840} INFO - DAG(s) 'air_quality_ingestion' retrieved from /opt/airflow/dags/ingestion_dag.py
[2026-08-26T20:59:49.568+0000] {logging_mixin.py:188} INFO - [2026-08-26T20:59:49.567+0000] {dag.py:3036} INFO - Sync 1 DAGs
[2026-08-26T20:59:49.589+0000] {logging_mixin.py:188} INFO - [2026-08-26T20:59:49.589+0000] {dag.py:3823} INFO - Setting next_dagrun for air_quality_ingestion to 2026-08-26 20:00:00+00:00, run_after=2026-08-26 21:00:00+00:00
[2026-08-26T20:59:49.608+0000] {processor.py:183} INFO - Processing /opt/airflow/dags/ingestion_dag.py took 0.151 seconds
[2026-08-26T21:00:19.878+0000] {processor.py:161} INFO - Started process (PID=2420) to work on /opt/airflow/dags/ingestion_dag.py
[2026-08-26T21:00:19.879+0000] {processor.py:830} INFO - Processing file /opt/airflow/dags/ingestion_dag.py for tasks to queue
[2026-08-26T21:00:19.880+0000] {logging_mixin.py:188} INFO - [2026-08-26T21:00:19.879+0000] {dagbag.py:538} INFO - Filling up the DagBag from /opt/airflow/dags/ingestion_dag.py
[2026-08-26T21:00:19.982+0000] {processor.py:840} INFO - DAG(s) 'air_quality_ingestion' retrieved from /opt/airflow/dags/ingestion_dag.py
[2026-08-26T21:00:20.007+0000] {logging_mixin.py:188} INFO - [2026-08-26T21:00:20.007+0000] {dag.py:3036} INFO - Sync 1 DAGs
[2026-08-26T21:00:20.035+0000] {logging_mixin.py:188} INFO - [2026-08-26T21:00:20.034+0000] {dag.py:3823} INFO - Setting next_dagrun for air_quality_ingestion to 2026-08-26 21:00:00+00:00, run_after=2026-08-26 22:00:00+00:00
[2026-08-26T21:00:20.062+0000] {processor.py:183} INFO - Processing /opt/airflow/dags/ingestion_dag.py took 0.187 seconds
[2026-08-26T21:00:50.359+0000] {processor.py:161} INFO - Started process (PID=2430) to work on /opt/airflow/dags/ingestion_dag.py
[2026-08-26T21:00:50.360+0000] {processor.py:830} INFO - Processing file /opt/airflow/dags/ingestion_dag.py for tasks to queue
[2026-08-26T21:00:50.361+0000] {logging_mixin.py:188} INFO - [2026-08-26T21:00:50.361+0000] {dagbag.py:538} INFO - Filling up the DagBag from /opt/airflow/dags/ingestion_dag.py
[2026-08-26T21:00:50.433+0000] {processor.py:840} INFO - DAG(s) 'air_quality_ingestion' retrieved from /opt/airflow/dags/ingestion_dag.py
[2026-08-26T21:00:50.451+0000] {logging_mixin.py:188} INFO - [2026-08-26T21:00:50.451+0000] {dag.py:3036} INFO - Sync 1 DAGs
[2026-08-26T21:00:50.467+0000] {logging_mixin.py:188} INFO - [2026-08-26T21:00:50.467+0000] {dag.py:3823} INFO - Setting next_dagrun for air_quality_ingestion to 2026-08-26 21:00:00+00:00, run_after=2026-08-26 22:00:00+00:00
[2026-08-26T21:00:50.484+0000] {processor.py:183} INFO - Processing /opt/airflow/dags/ingestion_dag.py took 0.128 seconds
[2026-08-26T21:01:20.868+0000] {processor.py:161} INFO - Started process (PID=2440) to work on /opt/airflow/dags/ingestion_dag.py
[2026-08-26T21:01:20.869+0000] {processor.py:830} INFO - Processing file /opt/airflow/dags/ingestion_dag.py for tasks to queue
[2026-08-26T21:01:20.870+0000] {logging_mixin.py:188} INFO - [2026-08-26T21:01:20.870+0000] {dagbag.py:538} INFO - Filling up the DagBag from /opt/airflow/dags/ingestion_dag.py
[2026-08-26T21:01:20.953+0000] {processor.py:840} INFO - DAG(s) 'air_quality_ingestion' retrieved from /opt/airflow/dags/ingestion_dag.py
[2026-08-26T21:01:20.975+0000] {logging_mixin.py:188} INFO - [2026-08-26T21:01:20.975+0000] {dag.py:3036} INFO - Sync 1 DAGs
[2026-08-26T21:01:20.993+0000] {logging_mixin.py:188} INFO - [2026-08-26T21:01:20.993+0000] {dag.py:3823} INFO - Setting next_dagrun for air_quality_ingestion to 2026-08-26 21:00:00+00:00, run_after=2026-08-26 22:00:00+00:00
[2026-08-26T21:01:21.011+0000] {processor.py:183} INFO - Processing /opt/airflow/dags/ingestion_dag.py took 0.147 seconds
[2026-08-26T21:01:51.352+0000] {processor.py:161} INFO - Started process (PID=2450) to work on /opt/airflow/dags/ingestion_dag.py
[2026-08-26T21:01:51.353+0000] {processor.py:830} INFO - Processing file /opt/airflow/dags/ingestion_dag.py for tasks to queue
[2026-08-26T21:01:51.355+0000] {logging_mixin.py:188} INFO - [2026-08-26T21:01:51.354+0000] {dagbag.py:538} INFO - Filling up the DagBag from /opt/airflow/dags/ingestion_dag.py
[2026-08-26T21:01:51.428+0000] {processor.py:840} INFO - DAG(s) 'air_quality_ingestion' retrieved from /opt/airflow/dags/ingestion_dag.py
[2026-08-26T21:01:51.449+0000] {logging_mixin.py:188} INFO - [2026-08-26T21:01:51.449+0000] {dag.py:3036} INFO - Sync 1 DAGs
[2026-08-26T21:01:51.467+0000] {logging_mixin.py:188} INFO - [2026-08-26T21:01:51.467+0000] {dag.py:3823} INFO - Setting next_dagrun for air_quality_ingestion to 2026-08-26 21:00:00+00:00, run_after=2026-08-26 22:00:00+00:00
[2026-08-26T21:01:51.484+0000] {processor.py:183} INFO - Processing /opt/airflow/dags/ingestion_dag.py took 0.134 seconds
[2026-08-26T21:02:21.838+0000] {processor.py:161} INFO - Started process (PID=2460) to work on /opt/airflow/dags/ingestion_dag.py
[2026-08-26T21:02:21.840+0000] {processor.py:830} INFO - Processing file /opt/airflow/dags/ingestion_dag.py for tasks to queue
[2026-08-26T21:02:21.841+0000] {logging_mixin.py:188} INFO - [2026-08-26T21:02:21.840+0000] {dagbag.py:538} INFO - Filling up the DagBag from /opt/airflow/dags/ingestion_dag.py
[2026-08-26T21:02:21.929+0000] {processor.py:840} INFO - DAG(s) 'air_quality_ingestion' retrieved from /opt/airflow/dags/ingestion_dag.py
[2026-08-26T21:02:21.949+0000] {logging_mixin.py:188} INFO - [2026-08-26T21:02:21.949+0000] {dag.py:3036} INFO - Sync 1 DAGs
[2026-08-26T21:02:21.966+0000] {logging_mixin.py:188} INFO - [2026-08-26T21:02:21.966+0000] {dag.py:3823} INFO - Setting next_dagrun for air_quality_ingestion to 2026-08-26 21:00:00+00:00, run_after=2026-08-26 22:00:00+00:00
[2026-08-26T21:02:21.983+0000] {processor.py:183} INFO - Processing /opt/airflow/dags/ingestion_dag.py took 0.147 seconds
[2026-08-26T21:02:52.351+0000] {processor.py:161} INFO - Started process (PID=2470) to work on /opt/airflow/dags/ingestion_dag.py
[2026-08-26T21:02:52.353+0000] {processor.py:830} INFO - Processing file /opt/airflow/dags/ingestion_dag.py for tasks to queue
[2026-08-26T21:02:52.355+0000] {logging_mixin.py:188} INFO - [2026-08-26T21:02:52.354+0000] {dagbag.py:538} INFO - Filling up the DagBag from /opt/airflow/dags/ingestion_dag.py
[2026-08-26T21:02:52.457+0000] {processor.py:840} INFO - DAG(s) 'air_quality_ingestion' retrieved from /opt/airflow/dags/ingestion_dag.py
[2026-08-26T21:02:52.475+0000] {logging_mixin.py:188} INFO - [2026-08-26T21:02:52.474+0000] {dag.py:3036} INFO - Sync 1 DAGs
[2026-08-26T21:02:52.491+0000] {logging_mixin.py:188} INFO - [2026-08-26T21:02:52.491+0000] {dag.py:3823} INFO - Setting next_dagrun for air_quality_ingestion to 2026-08-26 21:00:00+00:00, run_after=2026-08-26 22:00:00+00:00
[2026-08-26T21:02:52.506+0000] {processor.py:183} INFO - Processing /opt/airflow/dags/ingestion_dag.py took 0.159 seconds
[2026-08-26T21:03:22.851+0000] {processor.py:161} INFO - Started process (PID=2480) to work on /opt/airflow/dags/ingestion_dag.py
[2026-08-26T21:03:22.852+0000] {processor.py:830} INFO - Processing file /opt/airflow/dags/ingestion_dag.py for tasks to queue
[2026-08-26T21:03:22.854+0000] {logging_mixin.py:188} INFO - [2026-08-26T21:03:22.853+0000] {dagbag.py:538} INFO - Filling up the DagBag from /opt/airflow/dags/ingestion_dag.py
[2026-08-26T21:03:22.923+0000] {processor.py:840} INFO - DAG(s) 'air_quality_ingestion' retrieved from /opt/airflow/dags/ingestion_dag.py
[2026-08-26T21:03:22.947+0000] {logging_mixin.py:188} INFO - [2026-08-26T21:03:22.947+0000] {dag.py:3036} INFO - Sync 1 DAGs
[2026-08-26T21:03:22.964+0000] {logging_mixin.py:188} INFO - [2026-08-26T21:03:22.964+0000] {dag.py:3823} INFO - Setting next_dagrun for air_quality_ingestion to 2026-08-26 21:00:00+00:00, run_after=2026-08-26 22:00:00+00:00
[2026-08-26T21:03:22.983+0000] {processor.py:183} INFO - Processing /opt/airflow/dags/ingestion_dag.py took 0.135 seconds
[2026-08-26T21:03:53.285+0000] {processor.py:161} INFO - Started process (PID=2490) to work on /opt/airflow/dags/ingestion_dag.py
[2026-08-26T21:03:53.286+0000] {processor.py:830} INFO - Processing file /opt/airflow/dags/ingestion_dag.py for tasks to queue
[2026-08-26T21:03:53.287+0000] {logging_mixin.py:188} INFO - [2026-08-26T21:03:53.287+0000] {dagbag.py:538} INFO - Filling up the DagBag from /opt/airflow/dags/ingestion_dag.py
[2026-08-26T21:03:53.369+0000] {processor.py:840} INFO - DAG(s) 'air_quality_ingestion' retrieved from /opt/airflow/dags/ingestion_dag.py
[2026-08-26T21:03:53.394+0000] {logging_mixin.py:188} INFO - [2026-08-26T21:03:53.393+0000] {dag.py:3036} INFO - Sync 1 DAGs
[2026-08-26T21:03:53.417+0000] {logging_mixin.py:188} INFO - [2026-08-26T21:03:53.416+0000] {dag.py:3823} INFO - Setting next_dagrun for air_quality_ingestion to 2026-08-26 21:00:00+00:00, run_after=2026-08-26 22:00:00+00:00
[2026-08-26T21:03:53.437+0000] {processor.py:183} INFO - Processing /opt/airflow/dags/ingestion_dag.py took 0.154 seconds
[2026-08-26T21:04:23.797+0000] {processor.py:161} INFO - Started process (PID=2500) to work on /opt/airflow/dags/ingestion_dag.py
[2026-08-26T21:04:23.798+0000] {processor.py:830} INFO - Processing file /opt/airflow/dags/ingestion_dag.py for tasks to queue
[2026-08-26T21:04:23.799+0000] {logging_mixin.py:188} INFO - [2026-08-26T21:04:23.798+0000] {dagbag.py:538} INFO - Filling up the DagBag from /opt/airflow/dags/ingestion_dag.py
[2026-08-26T21:04:23.874+0000] {processor.py:840} INFO - DAG(s) 'air_quality_ingestion' retrieved from /opt/airflow/dags/ingestion_dag.py
[2026-08-26T21:04:23.895+0000] {logging_mixin.py:188} INFO - [2026-08-26T21:04:23.894+0000] {dag.py:3036} INFO - Sync 1 DAGs
[2026-08-26T21:04:23.912+0000] {logging_mixin.py:188} INFO - [2026-08-26T21:04:23.912+0000] {dag.py:3823} INFO - Setting next_dagrun for air_quality_ingestion to 2026-08-26 21:00:00+00:00, run_after=2026-08-26 22:00:00+00:00
[2026-08-26T21:04:23.928+0000] {processor.py:183} INFO - Processing /opt/airflow/dags/ingestion_dag.py took 0.134 seconds
[2026-08-26T21:04:54.177+0000] {processor.py:161} INFO - Started process (PID=2510) to work on /opt/airflow/dags/ingestion_dag.py
[2026-08-26T21:04:54.178+0000] {processor.py:830} INFO - Processing file /opt/airflow/dags/ingestion_dag.py for tasks to queue
[2026-08-26T21:04:54.179+0000] {logging_mixin.py:188} INFO - [2026-08-26T21:04:54.179+0000] {dagbag.py:538} INFO - Filling up the DagBag from /opt/airflow/dags/ingestion_dag.py
[2026-08-26T21:04:54.258+0000] {processor.py:840} INFO - DAG(s) 'air_quality_ingestion' retrieved from /opt/airflow/dags/ingestion_dag.py
[2026-08-26T21:04:54.281+0000] {logging_mixin.py:188} INFO - [2026-08-26T21:04:54.281+0000] {dag.py:3036} INFO - Sync 1 DAGs
[2026-08-26T21:04:54.303+0000] {logging_mixin.py:188} INFO - [2026-08-26T21:04:54.303+0000] {dag.py:3823} INFO - Setting next_dagrun for air_quality_ingestion to 2026-08-26 21:00:00+00:00, run_after=2026-08-26 22:00:00+00:00
[2026-08-26T21:04:54.321+0000] {processor.py:183} INFO - Processing /opt/airflow/dags/ingestion_dag.py took 0.147 seconds
[2026-08-26T21:05:24.549+0000] {processor.py:161} INFO - Started process (PID=2522) to work on /opt/airflow/dags/ingestion_dag.py
[2026-08-26T21:05:24.550+0000] {processor.py:830} INFO - Processing file /opt/airflow/dags/ingestion_dag.py for tasks to queue
[2026-08-26T21:05:24.551+0000] {logging_mixin.py:188} INFO - [2026-08-26T21:05:24.551+0000] {dagbag.py:538} INFO - Filling up the DagBag from /opt/airflow/dags/ingestion_dag.py
[2026-08-26T21:05:24.643+0000] {processor.py:840} INFO - DAG(s) 'air_quality_ingestion' retrieved from /opt/airflow/dags/ingestion_dag.py
[2026-08-26T21:05:24.665+0000] {logging_mixin.py:188} INFO - [2026-08-26T21:05:24.665+0000] {dag.py:3036} INFO - Sync 1 DAGs
[2026-08-26T21:05:24.688+0000] {logging_mixin.py:188} INFO - [2026-08-26T21:05:24.688+0000] {dag.py:3823} INFO - Setting next_dagrun for air_quality_ingestion to 2026-08-26 21:00:00+00:00, run_after=2026-08-26 22:00:00+00:00
[2026-08-26T21:05:24.709+0000] {processor.py:183} INFO - Processing /opt/airflow/dags/ingestion_dag.py took 0.164 seconds
[2026-08-26T21:05:54.941+0000] {processor.py:161} INFO - Started process (PID=2532) to work on /opt/airflow/dags/ingestion_dag.py
[2026-08-26T21:05:54.942+0000] {processor.py:830} INFO - Processing file /opt/airflow/dags/ingestion_dag.py for tasks to queue
[2026-08-26T21:05:54.943+0000] {logging_mixin.py:188} INFO - [2026-08-26T21:05:54.943+0000] {dagbag.py:538} INFO - Filling up the DagBag from /opt/airflow/dags/ingestion_dag.py
[2026-08-26T21:05:55.025+0000] {processor.py:840} INFO - DAG(s) 'air_quality_ingestion' retrieved from /opt/airflow/dags/ingestion_dag.py
[2026-08-26T21:05:55.047+0000] {logging_mixin.py:188} INFO - [2026-08-26T21:05:55.047+0000] {dag.py:3036} INFO - Sync 1 DAGs
[2026-08-26T21:05:55.078+0000] {logging_mixin.py:188} INFO - [2026-08-26T21:05:55.077+0000] {dag.py:3823} INFO - Setting next_dagrun for air_quality_ingestion to 2026-08-26 21:00:00+00:00, run_after=2026-08-26 22:00:00+00:00
[2026-08-26T21:05:55.101+0000] {processor.py:183} INFO - Processing /opt/airflow/dags/ingestion_dag.py took 0.164 seconds
[2026-08-26T21:06:25.359+0000] {processor.py:161} INFO - Started process (PID=2542) to work on /opt/airflow/dags/ingestion_dag.py
[2026-08-26T21:06:25.360+0000] {processor.py:830} INFO - Processing file /opt/airflow/dags/ingestion_dag.py for tasks to queue
[2026-08-26T21:06:25.362+0000] {logging_mixin.py:188} INFO - [2026-08-26T21:06:25.361+0000] {dagbag.py:538} INFO - Filling up the DagBag from /opt/airflow/dags/ingestion_dag.py
[2026-08-26T21:06:25.451+0000] {processor.py:840} INFO - DAG(s) 'air_quality_ingestion' retrieved from /opt/airflow/dags/ingestion_dag.py
[2026-08-26T21:06:25.475+0000] {logging_mixin.py:188} INFO - [2026-08-26T21:06:25.475+0000] {dag.py:3036} INFO - Sync 1 DAGs
[2026-08-26T21:06:25.494+0000] {logging_mixin.py:188} INFO - [2026-08-26T21:06:25.494+0000] {dag.py:3823} INFO - Setting next_dagrun for air_quality_ingestion to 2026-08-26 21:00:00+00:00, run_after=2026-08-26 22:00:00+00:00
[2026-08-26T21:06:25.512+0000] {processor.py:183} INFO - Processing /opt/airflow/dags/ingestion_dag.py took 0.156 seconds
[2026-08-26T21:06:55.821+0000] {processor.py:161} INFO - Started process (PID=2552) to work on /opt/airflow/dags/ingestion_dag.py
[2026-08-26T21:06:55.822+0000] {processor.py:830} INFO - Processing file /opt/airflow/dags/ingestion_dag.py for tasks to queue
[2026-08-26T21:06:55.823+0000] {logging_mixin.py:188} INFO - [2026-08-26T21:06:55.823+0000] {dagbag.py:538} INFO - Filling up the DagBag from /opt/airflow/dags/ingestion_dag.py
[2026-08-26T21:06:55.901+0000] {processor.py:840} INFO - DAG(s) 'air_quality_ingestion' retrieved from /opt/airflow/dags/ingestion_dag.py
[2026-08-26T21:06:55.922+0000] {logging_mixin.py:188} INFO - [2026-08-26T21:06:55.922+0000] {dag.py:3036} INFO - Sync 1 DAGs
[2026-08-26T21:06:55.942+0000] {logging_mixin.py:188} INFO - [2026-08-26T21:06:55.942+0000] {dag.py:3823} INFO - Setting next_dagrun for air_quality_ingestion to 2026-08-26 21:00:00+00:00, run_after=2026-08-26 22:00:00+00:00
[2026-08-26T21:06:55.959+0000] {processor.py:183} INFO - Processing /opt/airflow/dags/ingestion_dag.py took 0.141 seconds
[2026-08-26T21:07:26.235+0000] {processor.py:161} INFO - Started process (PID=2562) to work on /opt/airflow/dags/ingestion_dag.py
[2026-08-26T21:07:26.236+0000] {processor.py:830} INFO - Processing file /opt/airflow/dags/ingestion_dag.py for tasks to queue
[2026-08-26T21:07:26.237+0000] {logging_mixin.py:188} INFO - [2026-08-26T21:07:26.237+0000] {dagbag.py:538} INFO - Filling up the DagBag from /opt/airflow/dags/ingestion_dag.py
[2026-08-26T21:07:26.314+0000] {processor.py:840} INFO - DAG(s) 'air_quality_ingestion' retrieved from /opt/airflow/dags/ingestion_dag.py
[2026-08-26T21:07:26.332+0000] {logging_mixin.py:188} INFO - [2026-08-26T21:07:26.332+0000] {dag.py:3036} INFO - Sync 1 DAGs
[2026-08-26T21:07:26.349+0000] {logging_mixin.py:188} INFO - [2026-08-26T21:07:26.349+0000] {dag.py:3823} INFO - Setting next_dagrun for air_quality_ingestion to 2026-08-26 21:00:00+00:00, run_after=2026-08-26 22:00:00+00:00
[2026-08-26T21:07:26.366+0000] {processor.py:183} INFO - Processing /opt/airflow/dags/ingestion_dag.py took 0.135 seconds
[2026-08-26T21:07:56.615+0000] {processor.py:161} INFO - Started process (PID=2572) to work on /opt/airflow/dags/ingestion_dag.py
[2026-08-26T21:07:56.617+0000] {processor.py:830} INFO - Processing file /opt/airflow/dags/ingestion_dag.py for tasks to queue
[2026-08-26T21:07:56.618+0000] {logging_mixin.py:188} INFO - [2026-08-26T21:07:56.618+0000] {dagbag.py:538} INFO - Filling up the DagBag from /opt/airflow/dags/ingestion_dag.py
[2026-08-26T21:07:56.703+0000] {processor.py:840} INFO - DAG(s) 'air_quality_ingestion' retrieved from /opt/airflow/dags/ingestion_dag.py
[2026-08-26T21:07:56.723+0000] {logging_mixin.py:188} INFO - [2026-08-26T21:07:56.723+0000] {dag.py:3036} INFO - Sync 1 DAGs
[2026-08-26T21:07:56.742+0000] {logging_mixin.py:188} INFO - [2026-08-26T21:07:56.741+0000] {dag.py:3823} INFO - Setting next_dagrun for air_quality_ingestion to 2026-08-26 21:00:00+00:00, run_after=2026-08-26 22:00:00+00:00
[2026-08-26T21:07:56.758+0000] {processor.py:183} INFO - Processing /opt/airflow/dags/ingestion_dag.py took 0.146 seconds
[2026-08-26T21:08:27.032+0000] {processor.py:161} INFO - Started process (PID=2582) to work on /opt/airflow/dags/ingestion_dag.py
[2026-08-26T21:08:27.032+0000] {processor.py:830} INFO - Processing file /opt/airflow/dags/ingestion_dag.py for tasks to queue
[2026-08-26T21:08:27.033+0000] {logging_mixin.py:188} INFO - [2026-08-26T21:08:27.033+0000] {dagbag.py:538} INFO - Filling up the DagBag from /opt/airflow/dags/ingestion_dag.py
[2026-08-26T21:08:27.109+0000] {processor.py:840} INFO - DAG(s) 'air_quality_ingestion' retrieved from /opt/airflow/dags/ingestion_dag.py
[2026-08-26T21:08:27.130+0000] {logging_mixin.py:188} INFO - [2026-08-26T21:08:27.129+0000] {dag.py:3036} INFO - Sync 1 DAGs
[2026-08-26T21:08:27.147+0000] {logging_mixin.py:188} INFO - [2026-08-26T21:08:27.147+0000] {dag.py:3823} INFO - Setting next_dagrun for air_quality_ingestion to 2026-08-26 21:00:00+00:00, run_after=2026-08-26 22:00:00+00:00
[2026-08-26T21:08:27.163+0000] {processor.py:183} INFO - Processing /opt/airflow/dags/ingestion_dag.py took 0.135 seconds
[2026-08-26T21:08:57.427+0000] {processor.py:161} INFO - Started process (PID=2592) to work on /opt/airflow/dags/ingestion_dag.py
[2026-08-26T21:08:57.429+0000] {processor.py:830} INFO - Processing file /opt/airflow/dags/ingestion_dag.py for tasks to queue
[2026-08-26T21:08:57.430+0000] {logging_mixin.py:188} INFO - [2026-08-26T21:08:57.430+0000] {dagbag.py:538} INFO - Filling up the DagBag from /opt/airflow/dags/ingestion_dag.py
[2026-08-26T21:08:57.509+0000] {processor.py:840} INFO - DAG(s) 'air_quality_ingestion' retrieved from /opt/airflow/dags/ingestion_dag.py
[2026-08-26T21:08:57.529+0000] {logging_mixin.py:188} INFO - [2026-08-26T21:08:57.529+0000] {dag.py:3036} INFO - Sync 1 DAGs
[2026-08-26T21:08:57.548+0000] {logging_mixin.py:188} INFO - [2026-08-26T21:08:57.548+0000] {dag.py:3823} INFO - Setting next_dagrun for air_quality_ingestion to 2026-08-26 21:00:00+00:00, run_after=2026-08-26 22:00:00+00:00
[2026-08-26T21:08:57.565+0000] {processor.py:183} INFO - Processing /opt/airflow/dags/ingestion_dag.py took 0.141 seconds
[2026-08-26T21:09:27.884+0000] {processor.py:161} INFO - Started process (PID=2602) to work on /opt/airflow/dags/ingestion_dag.py
[2026-08-26T21:09:27.886+0000] {processor.py:830} INFO - Processing file /opt/airflow/dags/ingestion_dag.py for tasks to queue
[2026-08-26T21:09:27.887+0000] {logging_mixin.py:188} INFO - [2026-08-26T21:09:27.887+0000] {dagbag.py:538} INFO - Filling up the DagBag from /opt/airflow/dags/ingestion_dag.py
[2026-08-26T21:09:27.961+0000] {processor.py:840} INFO - DAG(s) 'air_quality_ingestion' retrieved from /opt/airflow/dags/ingestion_dag.py
[2026-08-26T21:09:27.981+0000] {logging_mixin.py:188} INFO - [2026-08-26T21:09:27.981+0000] {dag.py:3036} INFO - Sync 1 DAGs
[2026-08-26T21:09:27.999+0000] {logging_mixin.py:188} INFO - [2026-08-26T21:09:27.999+0000] {dag.py:3823} INFO - Setting next_dagrun for air_quality_ingestion to 2026-08-26 21:00:00+00:00, run_after=2026-08-26 22:00:00+00:00
[2026-08-26T21:09:28.016+0000] {processor.py:183} INFO - Processing /opt/airflow/dags/ingestion_dag.py took 0.134 seconds
[2026-08-26T21:09:58.336+0000] {processor.py:161} INFO - Started process (PID=2612) to work on /opt/airflow/dags/ingestion_dag.py
[2026-08-26T21:09:58.337+0000] {processor.py:830} INFO - Processing file /opt/airflow/dags/ingestion_dag.py for tasks to queue
[2026-08-26T21:09:58.337+0000] {logging_mixin.py:188} INFO - [2026-08-26T21:09:58.337+0000] {dagbag.py:538} INFO - Filling up the DagBag from /opt/airflow/dags/ingestion_dag.py
[2026-08-26T21:09:58.421+0000] {processor.py:840} INFO - DAG(s) 'air_quality_ingestion' retrieved from /opt/airflow/dags/ingestion_dag.py
[2026-08-26T21:09:58.444+0000] {logging_mixin.py:188} INFO - [2026-08-26T21:09:58.444+0000] {dag.py:3036} INFO - Sync 1 DAGs
[2026-08-26T21:09:58.463+0000] {logging_mixin.py:188} INFO - [2026-08-26T21:09:58.463+0000] {dag.py:3823} INFO - Setting next_dagrun for air_quality_ingestion to 2026-08-26 21:00:00+00:00, run_after=2026-08-26 22:00:00+00:00
[2026-08-26T21:09:58.479+0000] {processor.py:183} INFO - Processing /opt/airflow/dags/ingestion_dag.py took 0.145 seconds
[2026-08-26T21:10:28.772+0000] {processor.py:161} INFO - Started process (PID=2622) to work on /opt/airflow/dags/ingestion_dag.py
[2026-08-26T21:10:28.773+0000] {processor.py:830} INFO - Processing file /opt/airflow/dags/ingestion_dag.py for tasks to queue
[2026-08-26T21:10:28.774+0000] {logging_mixin.py:188} INFO - [2026-08-26T21:10:28.774+0000] {dagbag.py:538} INFO - Filling up the DagBag from /opt/airflow/dags/ingestion_dag.py
[2026-08-26T21:10:28.842+0000] {processor.py:840} INFO - DAG(s) 'air_quality_ingestion' retrieved from /opt/airflow/dags/ingestion_dag.py
[2026-08-26T21:10:28.863+0000] {logging_mixin.py:188} INFO - [2026-08-26T21:10:28.862+0000] {dag.py:3036} INFO - Sync 1 DAGs
[2026-08-26T21:10:28.884+0000] {logging_mixin.py:188} INFO - [2026-08-26T21:10:28.884+0000] {dag.py:3823} INFO - Setting next_dagrun for air_quality_ingestion to 2026-08-26 21:00:00+00:00, run_after=2026-08-26 22:00:00+00:00
[2026-08-26T21:10:28.908+0000] {processor.py:183} INFO - Processing /opt/airflow/dags/ingestion_dag.py took 0.138 seconds
[2026-08-26T21:10:59.211+0000] {processor.py:161} INFO - Started process (PID=2632) to work on /opt/airflow/dags/ingestion_dag.py
[2026-08-26T21:10:59.211+0000] {processor.py:830} INFO - Processing file /opt/airflow/dags/ingestion_dag.py for tasks to queue
[2026-08-26T21:10:59.212+0000] {logging_mixin.py:188} INFO - [2026-08-26T21:10:59.212+0000] {dagbag.py:538} INFO - Filling up the DagBag from /opt/airflow/dags/ingestion_dag.py
[2026-08-26T21:10:59.290+0000] {processor.py:840} INFO - DAG(s) 'air_quality_ingestion' retrieved from /opt/airflow/dags/ingestion_dag.py
[2026-08-26T21:10:59.311+0000] {logging_mixin.py:188} INFO - [2026-08-26T21:10:59.310+0000] {dag.py:3036} INFO - Sync 1 DAGs
[2026-08-26T21:10:59.327+0000] {logging_mixin.py:188} INFO - [2026-08-26T21:10:59.327+0000] {dag.py:3823} INFO - Setting next_dagrun for air_quality_ingestion to 2026-08-26 21:00:00+00:00, run_after=2026-08-26 22:00:00+00:00
[2026-08-26T21:10:59.342+0000] {processor.py:183} INFO - Processing /opt/airflow/dags/ingestion_dag.py took 0.134 seconds
[2026-08-26T21:11:29.637+0000] {processor.py:161} INFO - Started process (PID=2642) to work on /opt/airflow/dags/ingestion_dag.py
[2026-08-26T21:11:29.638+0000] {processor.py:830} INFO - Processing file /opt/airflow/dags/ingestion_dag.py for tasks to queue
[2026-08-26T21:11:29.638+0000] {logging_mixin.py:188} INFO - [2026-08-26T21:11:29.638+0000] {dagbag.py:538} INFO - Filling up the DagBag from /opt/airflow/dags/ingestion_dag.py
[2026-08-26T21:11:29.717+0000] {processor.py:840} INFO - DAG(s) 'air_quality_ingestion' retrieved from /opt/airflow/dags/ingestion_dag.py
[2026-08-26T21:11:29.739+0000] {logging_mixin.py:188} INFO - [2026-08-26T21:11:29.739+0000] {dag.py:3036} INFO - Sync 1 DAGs
[2026-08-26T21:11:29.757+0000] {logging_mixin.py:188} INFO - [2026-08-26T21:11:29.757+0000] {dag.py:3823} INFO - Setting next_dagrun for air_quality_ingestion to 2026-08-26 21:00:00+00:00, run_after=2026-08-26 22:00:00+00:00
[2026-08-26T21:11:29.783+0000] {processor.py:183} INFO - Processing /opt/airflow/dags/ingestion_dag.py took 0.148 seconds
[2026-08-26T21:12:00.078+0000] {processor.py:161} INFO - Started process (PID=2652) to work on /opt/airflow/dags/ingestion_dag.py
[2026-08-26T21:12:00.079+0000] {processor.py:830} INFO - Processing file /opt/airflow/dags/ingestion_dag.py for tasks to queue
[2026-08-26T21:12:00.080+0000] {logging_mixin.py:188} INFO - [2026-08-26T21:12:00.080+0000] {dagbag.py:538} INFO - Filling up the DagBag from /opt/airflow/dags/ingestion_dag.py
[2026-08-26T21:12:00.220+0000] {processor.py:840} INFO - DAG(s) 'air_quality_ingestion' retrieved from /opt/airflow/dags/ingestion_dag.py
[2026-08-26T21:12:00.253+0000] {logging_mixin.py:188} INFO - [2026-08-26T21:12:00.252+0000] {dag.py:3036} INFO - Sync 1 DAGs
[2026-08-26T21:12:00.281+0000] {logging_mixin.py:188} INFO - [2026-08-26T21:12:00.280+0000] {dag.py:3823} INFO - Setting next_dagrun for air_quality_ingestion to 2026-08-26 21:00:00+00:00, run_after=2026-08-26 22:00:00+00:00
[2026-08-26T21:12:00.297+0000] {processor.py:183} INFO - Processing /opt/airflow/dags/ingestion_dag.py took 0.222 seconds
[2026-08-26T21:12:30.589+0000] {processor.py:161} INFO - Started process (PID=2662) to work on /opt/airflow/dags/ingestion_dag.py
[2026-08-26T21:12:30.590+0000] {processor.py:830} INFO - Processing file /opt/airflow/dags/ingestion_dag.py for tasks to queue
[2026-08-26T21:12:30.591+0000] {logging_mixin.py:188} INFO - [2026-08-26T21:12:30.590+0000] {dagbag.py:538} INFO - Filling up the DagBag from /opt/airflow/dags/ingestion_dag.py
[2026-08-26T21:12:30.665+0000] {processor.py:840} INFO - DAG(s) 'air_quality_ingestion' retrieved from /opt/airflow/dags/ingestion_dag.py
[2026-08-26T21:12:30.687+0000] {logging_mixin.py:188} INFO - [2026-08-26T21:12:30.687+0000] {dag.py:3036} INFO - Sync 1 DAGs
[2026-08-26T21:12:30.706+0000] {logging_mixin.py:188} INFO - [2026-08-26T21:12:30.706+0000] {dag.py:3823} INFO - Setting next_dagrun for air_quality_ingestion to 2026-08-26 21:00:00+00:00, run_after=2026-08-26 22:00:00+00:00
[2026-08-26T21:12:30.724+0000] {processor.py:183} INFO - Processing /opt/airflow/dags/ingestion_dag.py took 0.137 seconds
[2026-08-26T21:13:01.024+0000] {processor.py:161} INFO - Started process (PID=2672) to work on /opt/airflow/dags/ingestion_dag.py
[2026-08-26T21:13:01.025+0000] {processor.py:830} INFO - Processing file /opt/airflow/dags/ingestion_dag.py for tasks to queue
[2026-08-26T21:13:01.027+0000] {logging_mixin.py:188} INFO - [2026-08-26T21:13:01.026+0000] {dagbag.py:538} INFO - Filling up the DagBag from /opt/airflow/dags/ingestion_dag.py
[2026-08-26T21:13:01.104+0000] {processor.py:840} INFO - DAG(s) 'air_quality_ingestion' retrieved from /opt/airflow/dags/ingestion_dag.py
[2026-08-26T21:13:01.121+0000] {logging_mixin.py:188} INFO - [2026-08-26T21:13:01.121+0000] {dag.py:3036} INFO - Sync 1 DAGs
[2026-08-26T21:13:01.138+0000] {logging_mixin.py:188} INFO - [2026-08-26T21:13:01.138+0000] {dag.py:3823} INFO - Setting next_dagrun for air_quality_ingestion to 2026-08-26 21:00:00+00:00, run_after=2026-08-26 22:00:00+00:00
[2026-08-26T21:13:01.154+0000] {processor.py:183} INFO - Processing /opt/airflow/dags/ingestion_dag.py took 0.133 seconds
[2026-08-26T21:13:31.454+0000] {processor.py:161} INFO - Started process (PID=2682) to work on /opt/airflow/dags/ingestion_dag.py
[2026-08-26T21:13:31.455+0000] {processor.py:830} INFO - Processing file /opt/airflow/dags/ingestion_dag.py for tasks to queue
[2026-08-26T21:13:31.456+0000] {logging_mixin.py:188} INFO - [2026-08-26T21:13:31.456+0000] {dagbag.py:538} INFO - Filling up the DagBag from /opt/airflow/dags/ingestion_dag.py
[2026-08-26T21:13:31.540+0000] {processor.py:840} INFO - DAG(s) 'air_quality_ingestion' retrieved from /opt/airflow/dags/ingestion_dag.py
[2026-08-26T21:13:31.561+0000] {logging_mixin.py:188} INFO - [2026-08-26T21:13:31.561+0000] {dag.py:3036} INFO - Sync 1 DAGs
[2026-08-26T21:13:31.580+0000] {logging_mixin.py:188} INFO - [2026-08-26T21:13:31.580+0000] {dag.py:3823} INFO - Setting next_dagrun for air_quality_ingestion to 2026-08-26 21:00:00+00:00, run_after=2026-08-26 22:00:00+00:00
[2026-08-26T21:13:31.598+0000] {processor.py:183} INFO - Processing /opt/airflow/dags/ingestion_dag.py took 0.148 seconds
[2026-08-26T21:14:01.891+0000] {processor.py:161} INFO - Started process (PID=2692) to work on /opt/airflow/dags/ingestion_dag.py
[2026-08-26T21:14:01.892+0000] {processor.py:830} INFO - Processing file /opt/airflow/dags/ingestion_dag.py for tasks to queue
[2026-08-26T21:14:01.894+0000] {logging_mixin.py:188} INFO - [2026-08-26T21:14:01.893+0000] {dagbag.py:538} INFO - Filling up the DagBag from /opt/airflow/dags/ingestion_dag.py
[2026-08-26T21:14:01.972+0000] {processor.py:840} INFO - DAG(s) 'air_quality_ingestion' retrieved from /opt/airflow/dags/ingestion_dag.py
[2026-08-26T21:14:01.991+0000] {logging_mixin.py:188} INFO - [2026-08-26T21:14:01.991+0000] {dag.py:3036} INFO - Sync 1 DAGs
[2026-08-26T21:14:02.011+0000] {logging_mixin.py:188} INFO - [2026-08-26T21:14:02.010+0000] {dag.py:3823} INFO - Setting next_dagrun for air_quality_ingestion to 2026-08-26 21:00:00+00:00, run_after=2026-08-26 22:00:00+00:00
[2026-08-26T21:14:02.027+0000] {processor.py:183} INFO - Processing /opt/airflow/dags/ingestion_dag.py took 0.139 seconds
[2026-08-26T21:14:32.395+0000] {processor.py:161} INFO - Started process (PID=2702) to work on /opt/airflow/dags/ingestion_dag.py
[2026-08-26T21:14:32.397+0000] {processor.py:830} INFO - Processing file /opt/airflow/dags/ingestion_dag.py for tasks to queue
[2026-08-26T21:14:32.399+0000] {logging_mixin.py:188} INFO - [2026-08-26T21:14:32.399+0000] {dagbag.py:538} INFO - Filling up the DagBag from /opt/airflow/dags/ingestion_dag.py
[2026-08-26T21:14:32.522+0000] {processor.py:840} INFO - DAG(s) 'air_quality_ingestion' retrieved from /opt/airflow/dags/ingestion_dag.py
[2026-08-26T21:14:32.549+0000] {logging_mixin.py:188} INFO - [2026-08-26T21:14:32.548+0000] {dag.py:3036} INFO - Sync 1 DAGs
[2026-08-26T21:14:32.570+0000] {logging_mixin.py:188} INFO - [2026-08-26T21:14:32.570+0000] {dag.py:3823} INFO - Setting next_dagrun for air_quality_ingestion to 2026-08-26 21:00:00+00:00, run_after=2026-08-26 22:00:00+00:00
[2026-08-26T21:14:32.589+0000] {processor.py:183} INFO - Processing /opt/airflow/dags/ingestion_dag.py took 0.197 seconds
[2026-08-26T21:15:02.854+0000] {processor.py:161} INFO - Started process (PID=2712) to work on /opt/airflow/dags/ingestion_dag.py
[2026-08-26T21:15:02.855+0000] {processor.py:830} INFO - Processing file /opt/airflow/dags/ingestion_dag.py for tasks to queue
[2026-08-26T21:15:02.856+0000] {logging_mixin.py:188} INFO - [2026-08-26T21:15:02.856+0000] {dagbag.py:538} INFO - Filling up the DagBag from /opt/airflow/dags/ingestion_dag.py
[2026-08-26T21:15:02.938+0000] {processor.py:840} INFO - DAG(s) 'air_quality_ingestion' retrieved from /opt/airflow/dags/ingestion_dag.py
[2026-08-26T21:15:02.962+0000] {logging_mixin.py:188} INFO - [2026-08-26T21:15:02.962+0000] {dag.py:3036} INFO - Sync 1 DAGs
[2026-08-26T21:15:02.981+0000] {logging_mixin.py:188} INFO - [2026-08-26T21:15:02.981+0000] {dag.py:3823} INFO - Setting next_dagrun for air_quality_ingestion to 2026-08-26 21:00:00+00:00, run_after=2026-08-26 22:00:00+00:00
[2026-08-26T21:15:03.000+0000] {processor.py:183} INFO - Processing /opt/airflow/dags/ingestion_dag.py took 0.149 seconds
[2026-08-26T21:15:33.277+0000] {processor.py:161} INFO - Started process (PID=2722) to work on /opt/airflow/dags/ingestion_dag.py
[2026-08-26T21:15:33.278+0000] {processor.py:830} INFO - Processing file /opt/airflow/dags/ingestion_dag.py for tasks to queue
[2026-08-26T21:15:33.279+0000] {logging_mixin.py:188} INFO - [2026-08-26T21:15:33.278+0000] {dagbag.py:538} INFO - Filling up the DagBag from /opt/airflow/dags/ingestion_dag.py
[2026-08-26T21:15:33.352+0000] {processor.py:840} INFO - DAG(s) 'air_quality_ingestion' retrieved from /opt/airflow/dags/ingestion_dag.py
[2026-08-26T21:15:33.375+0000] {logging_mixin.py:188} INFO - [2026-08-26T21:15:33.375+0000] {dag.py:3036} INFO - Sync 1 DAGs
[2026-08-26T21:15:33.393+0000] {logging_mixin.py:188} INFO - [2026-08-26T21:15:33.392+0000] {dag.py:3823} INFO - Setting next_dagrun for air_quality_ingestion to 2026-08-26 21:00:00+00:00, run_after=2026-08-26 22:00:00+00:00
[2026-08-26T21:15:33.414+0000] {processor.py:183} INFO - Processing /opt/airflow/dags/ingestion_dag.py took 0.140 seconds
[2026-08-26T21:16:03.718+0000] {processor.py:161} INFO - Started process (PID=2732) to work on /opt/airflow/dags/ingestion_dag.py
[2026-08-26T21:16:03.719+0000] {processor.py:830} INFO - Processing file /opt/airflow/dags/ingestion_dag.py for tasks to queue
[2026-08-26T21:16:03.720+0000] {logging_mixin.py:188} INFO - [2026-08-26T21:16:03.719+0000] {dagbag.py:538} INFO - Filling up the DagBag from /opt/airflow/dags/ingestion_dag.py
[2026-08-26T21:16:03.804+0000] {processor.py:840} INFO - DAG(s) 'air_quality_ingestion' retrieved from /opt/airflow/dags/ingestion_dag.py
[2026-08-26T21:16:03.825+0000] {logging_mixin.py:188} INFO - [2026-08-26T21:16:03.824+0000] {dag.py:3036} INFO - Sync 1 DAGs
[2026-08-26T21:16:03.843+0000] {logging_mixin.py:188} INFO - [2026-08-26T21:16:03.842+0000] {dag.py:3823} INFO - Setting next_dagrun for air_quality_ingestion to 2026-08-26 21:00:00+00:00, run_after=2026-08-26 22:00:00+00:00
[2026-08-26T21:16:03.861+0000] {processor.py:183} INFO - Processing /opt/airflow/dags/ingestion_dag.py took 0.146 seconds
[2026-08-26T21:16:34.138+0000] {processor.py:161} INFO - Started process (PID=2742) to work on /opt/airflow/dags/ingestion_dag.py
[2026-08-26T21:16:34.139+0000] {processor.py:830} INFO - Processing file /opt/airflow/dags/ingestion_dag.py for tasks to queue
[2026-08-26T21:16:34.140+0000] {logging_mixin.py:188} INFO - [2026-08-26T21:16:34.140+0000] {dagbag.py:538} INFO - Filling up the DagBag from /opt/airflow/dags/ingestion_dag.py
[2026-08-26T21:16:34.221+0000] {processor.py:840} INFO - DAG(s) 'air_quality_ingestion' retrieved from /opt/airflow/dags/ingestion_dag.py
[2026-08-26T21:16:34.241+0000] {logging_mixin.py:188} INFO - [2026-08-26T21:16:34.241+0000] {dag.py:3036} INFO - Sync 1 DAGs
[2026-08-26T21:16:34.257+0000] {logging_mixin.py:188} INFO - [2026-08-26T21:16:34.257+0000] {dag.py:3823} INFO - Setting next_dagrun for air_quality_ingestion to 2026-08-26 21:00:00+00:00, run_after=2026-08-26 22:00:00+00:00
[2026-08-26T21:16:34.272+0000] {processor.py:183} INFO - Processing /opt/airflow/dags/ingestion_dag.py took 0.137 seconds
[2026-08-26T21:17:04.543+0000] {processor.py:161} INFO - Started process (PID=2752) to work on /opt/airflow/dags/ingestion_dag.py
[2026-08-26T21:17:04.544+0000] {processor.py:830} INFO - Processing file /opt/airflow/dags/ingestion_dag.py for tasks to queue
[2026-08-26T21:17:04.545+0000] {logging_mixin.py:188} INFO - [2026-08-26T21:17:04.544+0000] {dagbag.py:538} INFO - Filling up the DagBag from /opt/airflow/dags/ingestion_dag.py
[2026-08-26T21:17:04.619+0000] {processor.py:840} INFO - DAG(s) 'air_quality_ingestion' retrieved from /opt/airflow/dags/ingestion_dag.py
[2026-08-26T21:17:04.638+0000] {logging_mixin.py:188} INFO - [2026-08-26T21:17:04.638+0000] {dag.py:3036} INFO - Sync 1 DAGs
[2026-08-26T21:17:04.655+0000] {logging_mixin.py:188} INFO - [2026-08-26T21:17:04.655+0000] {dag.py:3823} INFO - Setting next_dagrun for air_quality_ingestion to 2026-08-26 21:00:00+00:00, run_after=2026-08-26 22:00:00+00:00
[2026-08-26T21:17:04.671+0000] {processor.py:183} INFO - Processing /opt/airflow/dags/ingestion_dag.py took 0.131 seconds
[2026-08-26T21:17:34.984+0000] {processor.py:161} INFO - Started process (PID=2762) to work on /opt/airflow/dags/ingestion_dag.py
[2026-08-26T21:17:34.985+0000] {processor.py:830} INFO - Processing file /opt/airflow/dags/ingestion_dag.py for tasks to queue
[2026-08-26T21:17:34.986+0000] {logging_mixin.py:188} INFO - [2026-08-26T21:17:34.985+0000] {dagbag.py:538} INFO - Filling up the DagBag from /opt/airflow/dags/ingestion_dag.py
[2026-08-26T21:17:35.060+0000] {processor.py:840} INFO - DAG(s) 'air_quality_ingestion' retrieved from /opt/airflow/dags/ingestion_dag.py
[2026-08-26T21:17:35.080+0000] {logging_mixin.py:188} INFO - [2026-08-26T21:17:35.080+0000] {dag.py:3036} INFO - Sync 1 DAGs
[2026-08-26T21:17:35.097+0000] {logging_mixin.py:188} INFO - [2026-08-26T21:17:35.097+0000] {dag.py:3823} INFO - Setting next_dagrun for air_quality_ingestion to 2026-08-26 21:00:00+00:00, run_after=2026-08-26 22:00:00+00:00
[2026-08-26T21:17:35.113+0000] {processor.py:183} INFO - Processing /opt/airflow/dags/ingestion_dag.py took 0.132 seconds
[2026-08-26T21:18:05.387+0000] {processor.py:161} INFO - Started process (PID=2772) to work on /opt/airflow/dags/ingestion_dag.py
[2026-08-26T21:18:05.388+0000] {processor.py:830} INFO - Processing file /opt/airflow/dags/ingestion_dag.py for tasks to queue
[2026-08-26T21:18:05.389+0000] {logging_mixin.py:188} INFO - [2026-08-26T21:18:05.389+0000] {dagbag.py:538} INFO - Filling up the DagBag from /opt/airflow/dags/ingestion_dag.py
[2026-08-26T21:18:05.461+0000] {processor.py:840} INFO - DAG(s) 'air_quality_ingestion' retrieved from /opt/airflow/dags/ingestion_dag.py
[2026-08-26T21:18:05.480+0000] {logging_mixin.py:188} INFO - [2026-08-26T21:18:05.480+0000] {dag.py:3036} INFO - Sync 1 DAGs
[2026-08-26T21:18:05.498+0000] {logging_mixin.py:188} INFO - [2026-08-26T21:18:05.498+0000] {dag.py:3823} INFO - Setting next_dagrun for air_quality_ingestion to 2026-08-26 21:00:00+00:00, run_after=2026-08-26 22:00:00+00:00
[2026-08-26T21:18:05.514+0000] {processor.py:183} INFO - Processing /opt/airflow/dags/ingestion_dag.py took 0.129 seconds
[2026-08-26T21:18:35.867+0000] {processor.py:161} INFO - Started process (PID=2782) to work on /opt/airflow/dags/ingestion_dag.py
[2026-08-26T21:18:35.869+0000] {processor.py:830} INFO - Processing file /opt/airflow/dags/ingestion_dag.py for tasks to queue
[2026-08-26T21:18:35.871+0000] {logging_mixin.py:188} INFO - [2026-08-26T21:18:35.870+0000] {dagbag.py:538} INFO - Filling up the DagBag from /opt/airflow/dags/ingestion_dag.py
[2026-08-26T21:18:35.944+0000] {processor.py:840} INFO - DAG(s) 'air_quality_ingestion' retrieved from /opt/airflow/dags/ingestion_dag.py
[2026-08-26T21:18:35.963+0000] {logging_mixin.py:188} INFO - [2026-08-26T21:18:35.963+0000] {dag.py:3036} INFO - Sync 1 DAGs
[2026-08-26T21:18:35.981+0000] {logging_mixin.py:188} INFO - [2026-08-26T21:18:35.980+0000] {dag.py:3823} INFO - Setting next_dagrun for air_quality_ingestion to 2026-08-26 21:00:00+00:00, run_after=2026-08-26 22:00:00+00:00
[2026-08-26T21:18:35.996+0000] {processor.py:183} INFO - Processing /opt/airflow/dags/ingestion_dag.py took 0.133 seconds
[2026-08-26T21:19:06.356+0000] {processor.py:161} INFO - Started process (PID=2792) to work on /opt/airflow/dags/ingestion_dag.py
[2026-08-26T21:19:06.357+0000] {processor.py:830} INFO - Processing file /opt/airflow/dags/ingestion_dag.py for tasks to queue
[2026-08-26T21:19:06.358+0000] {logging_mixin.py:188} INFO - [2026-08-26T21:19:06.357+0000] {dagbag.py:538} INFO - Filling up the DagBag from /opt/airflow/dags/ingestion_dag.py
[2026-08-26T21:19:06.431+0000] {processor.py:840} INFO - DAG(s) 'air_quality_ingestion' retrieved from /opt/airflow/dags/ingestion_dag.py
[2026-08-26T21:19:06.451+0000] {logging_mixin.py:188} INFO - [2026-08-26T21:19:06.451+0000] {dag.py:3036} INFO - Sync 1 DAGs
[2026-08-26T21:19:06.469+0000] {logging_mixin.py:188} INFO - [2026-08-26T21:19:06.469+0000] {dag.py:3823} INFO - Setting next_dagrun for air_quality_ingestion to 2026-08-26 21:00:00+00:00, run_after=2026-08-26 22:00:00+00:00
[2026-08-26T21:19:06.488+0000] {processor.py:183} INFO - Processing /opt/airflow/dags/ingestion_dag.py took 0.135 seconds
[2026-08-26T21:19:36.875+0000] {processor.py:161} INFO - Started process (PID=2802) to work on /opt/airflow/dags/ingestion_dag.py
[2026-08-26T21:19:36.875+0000] {processor.py:830} INFO - Processing file /opt/airflow/dags/ingestion_dag.py for tasks to queue
[2026-08-26T21:19:36.876+0000] {logging_mixin.py:188} INFO - [2026-08-26T21:19:36.876+0000] {dagbag.py:538} INFO - Filling up the DagBag from /opt/airflow/dags/ingestion_dag.py
[2026-08-26T21:19:36.944+0000] {processor.py:840} INFO - DAG(s) 'air_quality_ingestion' retrieved from /opt/airflow/dags/ingestion_dag.py
[2026-08-26T21:19:36.963+0000] {logging_mixin.py:188} INFO - [2026-08-26T21:19:36.963+0000] {dag.py:3036} INFO - Sync 1 DAGs
[2026-08-26T21:19:36.980+0000] {logging_mixin.py:188} INFO - [2026-08-26T21:19:36.979+0000] {dag.py:3823} INFO - Setting next_dagrun for air_quality_ingestion to 2026-08-26 21:00:00+00:00, run_after=2026-08-26 22:00:00+00:00
[2026-08-26T21:19:36.997+0000] {processor.py:183} INFO - Processing /opt/airflow/dags/ingestion_dag.py took 0.125 seconds
[2026-08-26T21:20:07.336+0000] {processor.py:161} INFO - Started process (PID=2812) to work on /opt/airflow/dags/ingestion_dag.py
[2026-08-26T21:20:07.337+0000] {processor.py:830} INFO - Processing file /opt/airflow/dags/ingestion_dag.py for tasks to queue
[2026-08-26T21:20:07.338+0000] {logging_mixin.py:188} INFO - [2026-08-26T21:20:07.338+0000] {dagbag.py:538} INFO - Filling up the DagBag from /opt/airflow/dags/ingestion_dag.py
[2026-08-26T21:20:07.414+0000] {processor.py:840} INFO - DAG(s) 'air_quality_ingestion' retrieved from /opt/airflow/dags/ingestion_dag.py
[2026-08-26T21:20:07.434+0000] {logging_mixin.py:188} INFO - [2026-08-26T21:20:07.433+0000] {dag.py:3036} INFO - Sync 1 DAGs
[2026-08-26T21:20:07.451+0000] {logging_mixin.py:188} INFO - [2026-08-26T21:20:07.450+0000] {dag.py:3823} INFO - Setting next_dagrun for air_quality_ingestion to 2026-08-26 21:00:00+00:00, run_after=2026-08-26 22:00:00+00:00
[2026-08-26T21:20:07.464+0000] {processor.py:183} INFO - Processing /opt/airflow/dags/ingestion_dag.py took 0.131 seconds
[2026-08-26T21:20:37.828+0000] {processor.py:161} INFO - Started process (PID=2822) to work on /opt/airflow/dags/ingestion_dag.py
[2026-08-26T21:20:37.829+0000] {processor.py:830} INFO - Processing file /opt/airflow/dags/ingestion_dag.py for tasks to queue
[2026-08-26T21:20:37.830+0000] {logging_mixin.py:188} INFO - [2026-08-26T21:20:37.830+0000] {dagbag.py:538} INFO - Filling up the DagBag from /opt/airflow/dags/ingestion_dag.py
[2026-08-26T21:20:37.901+0000] {processor.py:840} INFO - DAG(s) 'air_quality_ingestion' retrieved from /opt/airflow/dags/ingestion_dag.py
[2026-08-26T21:20:37.921+0000] {logging_mixin.py:188} INFO - [2026-08-26T21:20:37.921+0000] {dag.py:3036} INFO - Sync 1 DAGs
[2026-08-26T21:20:37.938+0000] {logging_mixin.py:188} INFO - [2026-08-26T21:20:37.938+0000] {dag.py:3823} INFO - Setting next_dagrun for air_quality_ingestion to 2026-08-26 21:00:00+00:00, run_after=2026-08-26 22:00:00+00:00
[2026-08-26T21:20:37.954+0000] {processor.py:183} INFO - Processing /opt/airflow/dags/ingestion_dag.py took 0.128 seconds
[2026-08-26T21:21:08.338+0000] {processor.py:161} INFO - Started process (PID=2832) to work on /opt/airflow/dags/ingestion_dag.py
[2026-08-26T21:21:08.339+0000] {processor.py:830} INFO - Processing file /opt/airflow/dags/ingestion_dag.py for tasks to queue
[2026-08-26T21:21:08.340+0000] {logging_mixin.py:188} INFO - [2026-08-26T21:21:08.340+0000] {dagbag.py:538} INFO - Filling up the DagBag from /opt/airflow/dags/ingestion_dag.py
[2026-08-26T21:21:08.422+0000] {processor.py:840} INFO - DAG(s) 'air_quality_ingestion' retrieved from /opt/airflow/dags/ingestion_dag.py
[2026-08-26T21:21:08.440+0000] {logging_mixin.py:188} INFO - [2026-08-26T21:21:08.440+0000] {dag.py:3036} INFO - Sync 1 DAGs
[2026-08-26T21:21:08.457+0000] {logging_mixin.py:188} INFO - [2026-08-26T21:21:08.457+0000] {dag.py:3823} INFO - Setting next_dagrun for air_quality_ingestion to 2026-08-26 21:00:00+00:00, run_after=2026-08-26 22:00:00+00:00
[2026-08-26T21:21:08.473+0000] {processor.py:183} INFO - Processing /opt/airflow/dags/ingestion_dag.py took 0.137 seconds
[2026-08-26T21:21:38.783+0000] {processor.py:161} INFO - Started process (PID=2842) to work on /opt/airflow/dags/ingestion_dag.py
[2026-08-26T21:21:38.784+0000] {processor.py:830} INFO - Processing file /opt/airflow/dags/ingestion_dag.py for tasks to queue
[2026-08-26T21:21:38.785+0000] {logging_mixin.py:188} INFO - [2026-08-26T21:21:38.785+0000] {dagbag.py:538} INFO - Filling up the DagBag from /opt/airflow/dags/ingestion_dag.py
[2026-08-26T21:21:38.869+0000] {processor.py:840} INFO - DAG(s) 'air_quality_ingestion' retrieved from /opt/airflow/dags/ingestion_dag.py
[2026-08-26T21:21:38.886+0000] {logging_mixin.py:188} INFO - [2026-08-26T21:21:38.885+0000] {dag.py:3036} INFO - Sync 1 DAGs
[2026-08-26T21:21:38.902+0000] {logging_mixin.py:188} INFO - [2026-08-26T21:21:38.902+0000] {dag.py:3823} INFO - Setting next_dagrun for air_quality_ingestion to 2026-08-26 21:00:00+00:00, run_after=2026-08-26 22:00:00+00:00
[2026-08-26T21:21:38.918+0000] {processor.py:183} INFO - Processing /opt/airflow/dags/ingestion_dag.py took 0.138 seconds
[2026-08-26T21:22:09.274+0000] {processor.py:161} INFO - Started process (PID=2852) to work on /opt/airflow/dags/ingestion_dag.py
[2026-08-26T21:22:09.275+0000] {processor.py:830} INFO - Processing file /opt/airflow/dags/ingestion_dag.py for tasks to queue
[2026-08-26T21:22:09.276+0000] {logging_mixin.py:188} INFO - [2026-08-26T21:22:09.276+0000] {dagbag.py:538} INFO - Filling up the DagBag from /opt/airflow/dags/ingestion_dag.py
[2026-08-26T21:22:09.349+0000] {processor.py:840} INFO - DAG(s) 'air_quality_ingestion' retrieved from /opt/airflow/dags/ingestion_dag.py
[2026-08-26T21:22:09.368+0000] {logging_mixin.py:188} INFO - [2026-08-26T21:22:09.367+0000] {dag.py:3036} INFO - Sync 1 DAGs
[2026-08-26T21:22:09.386+0000] {logging_mixin.py:188} INFO - [2026-08-26T21:22:09.386+0000] {dag.py:3823} INFO - Setting next_dagrun for air_quality_ingestion to 2026-08-26 21:00:00+00:00, run_after=2026-08-26 22:00:00+00:00
[2026-08-26T21:22:09.400+0000] {processor.py:183} INFO - Processing /opt/airflow/dags/ingestion_dag.py took 0.128 seconds
[2026-08-26T21:22:39.750+0000] {processor.py:161} INFO - Started process (PID=2862) to work on /opt/airflow/dags/ingestion_dag.py
[2026-08-26T21:22:39.752+0000] {processor.py:830} INFO - Processing file /opt/airflow/dags/ingestion_dag.py for tasks to queue
[2026-08-26T21:22:39.754+0000] {logging_mixin.py:188} INFO - [2026-08-26T21:22:39.753+0000] {dagbag.py:538} INFO - Filling up the DagBag from /opt/airflow/dags/ingestion_dag.py
[2026-08-26T21:22:39.828+0000] {processor.py:840} INFO - DAG(s) 'air_quality_ingestion' retrieved from /opt/airflow/dags/ingestion_dag.py
[2026-08-26T21:22:39.848+0000] {logging_mixin.py:188} INFO - [2026-08-26T21:22:39.847+0000] {dag.py:3036} INFO - Sync 1 DAGs
[2026-08-26T21:22:39.864+0000] {logging_mixin.py:188} INFO - [2026-08-26T21:22:39.864+0000] {dag.py:3823} INFO - Setting next_dagrun for air_quality_ingestion to 2026-08-26 21:00:00+00:00, run_after=2026-08-26 22:00:00+00:00
[2026-08-26T21:22:39.879+0000] {processor.py:183} INFO - Processing /opt/airflow/dags/ingestion_dag.py took 0.132 seconds
[2026-08-26T21:23:10.224+0000] {processor.py:161} INFO - Started process (PID=2872) to work on /opt/airflow/dags/ingestion_dag.py
[2026-08-26T21:23:10.225+0000] {processor.py:830} INFO - Processing file /opt/airflow/dags/ingestion_dag.py for tasks to queue
[2026-08-26T21:23:10.226+0000] {logging_mixin.py:188} INFO - [2026-08-26T21:23:10.226+0000] {dagbag.py:538} INFO - Filling up the DagBag from /opt/airflow/dags/ingestion_dag.py
[2026-08-26T21:23:10.303+0000] {processor.py:840} INFO - DAG(s) 'air_quality_ingestion' retrieved from /opt/airflow/dags/ingestion_dag.py
[2026-08-26T21:23:10.320+0000] {logging_mixin.py:188} INFO - [2026-08-26T21:23:10.320+0000] {dag.py:3036} INFO - Sync 1 DAGs
[2026-08-26T21:23:10.336+0000] {logging_mixin.py:188} INFO - [2026-08-26T21:23:10.336+0000] {dag.py:3823} INFO - Setting next_dagrun for air_quality_ingestion to 2026-08-26 21:00:00+00:00, run_after=2026-08-26 22:00:00+00:00
[2026-08-26T21:23:10.350+0000] {processor.py:183} INFO - Processing /opt/airflow/dags/ingestion_dag.py took 0.128 seconds
[2026-08-26T21:23:40.676+0000] {processor.py:161} INFO - Started process (PID=2882) to work on /opt/airflow/dags/ingestion_dag.py
[2026-08-26T21:23:40.676+0000] {processor.py:830} INFO - Processing file /opt/airflow/dags/ingestion_dag.py for tasks to queue
[2026-08-26T21:23:40.677+0000] {logging_mixin.py:188} INFO - [2026-08-26T21:23:40.677+0000] {dagbag.py:538} INFO - Filling up the DagBag from /opt/airflow/dags/ingestion_dag.py
[2026-08-26T21:23:40.749+0000] {processor.py:840} INFO - DAG(s) 'air_quality_ingestion' retrieved from /opt/airflow/dags/ingestion_dag.py
[2026-08-26T21:23:40.769+0000] {logging_mixin.py:188} INFO - [2026-08-26T21:23:40.768+0000] {dag.py:3036} INFO - Sync 1 DAGs
[2026-08-26T21:23:40.785+0000] {logging_mixin.py:188} INFO - [2026-08-26T21:23:40.785+0000] {dag.py:3823} INFO - Setting next_dagrun for air_quality_ingestion to 2026-08-26 21:00:00+00:00, run_after=2026-08-26 22:00:00+00:00
[2026-08-26T21:23:40.800+0000] {processor.py:183} INFO - Processing /opt/airflow/dags/ingestion_dag.py took 0.127 seconds
[2026-08-26T21:24:11.201+0000] {processor.py:161} INFO - Started process (PID=2892) to work on /opt/airflow/dags/ingestion_dag.py
[2026-08-26T21:24:11.201+0000] {processor.py:830} INFO - Processing file /opt/airflow/dags/ingestion_dag.py for tasks to queue
[2026-08-26T21:24:11.202+0000] {logging_mixin.py:188} INFO - [2026-08-26T21:24:11.202+0000] {dagbag.py:538} INFO - Filling up the DagBag from /opt/airflow/dags/ingestion_dag.py
[2026-08-26T21:24:11.277+0000] {processor.py:840} INFO - DAG(s) 'air_quality_ingestion' retrieved from /opt/airflow/dags/ingestion_dag.py
[2026-08-26T21:24:11.294+0000] {logging_mixin.py:188} INFO - [2026-08-26T21:24:11.294+0000] {dag.py:3036} INFO - Sync 1 DAGs
[2026-08-26T21:24:11.311+0000] {logging_mixin.py:188} INFO - [2026-08-26T21:24:11.311+0000] {dag.py:3823} INFO - Setting next_dagrun for air_quality_ingestion to 2026-08-26 21:00:00+00:00, run_after=2026-08-26 22:00:00+00:00
[2026-08-26T21:24:11.325+0000] {processor.py:183} INFO - Processing /opt/airflow/dags/ingestion_dag.py took 0.127 seconds
[2026-08-26T21:24:41.670+0000] {processor.py:161} INFO - Started process (PID=2902) to work on /opt/airflow/dags/ingestion_dag.py
[2026-08-26T21:24:41.671+0000] {processor.py:830} INFO - Processing file /opt/airflow/dags/ingestion_dag.py for tasks to queue
[2026-08-26T21:24:41.672+0000] {logging_mixin.py:188} INFO - [2026-08-26T21:24:41.671+0000] {dagbag.py:538} INFO - Filling up the DagBag from /opt/airflow/dags/ingestion_dag.py
[2026-08-26T21:24:41.740+0000] {processor.py:840} INFO - DAG(s) 'air_quality_ingestion' retrieved from /opt/airflow/dags/ingestion_dag.py
[2026-08-26T21:24:41.760+0000] {logging_mixin.py:188} INFO - [2026-08-26T21:24:41.760+0000] {dag.py:3036} INFO - Sync 1 DAGs
[2026-08-26T21:24:41.779+0000] {logging_mixin.py:188} INFO - [2026-08-26T21:24:41.778+0000] {dag.py:3823} INFO - Setting next_dagrun for air_quality_ingestion to 2026-08-26 21:00:00+00:00, run_after=2026-08-26 22:00:00+00:00
[2026-08-26T21:24:41.794+0000] {processor.py:183} INFO - Processing /opt/airflow/dags/ingestion_dag.py took 0.126 seconds
[2026-08-26T21:25:12.143+0000] {processor.py:161} INFO - Started process (PID=2912) to work on /opt/airflow/dags/ingestion_dag.py
[2026-08-26T21:25:12.144+0000] {processor.py:830} INFO - Processing file /opt/airflow/dags/ingestion_dag.py for tasks to queue
[2026-08-26T21:25:12.145+0000] {logging_mixin.py:188} INFO - [2026-08-26T21:25:12.145+0000] {dagbag.py:538} INFO - Filling up the DagBag from /opt/airflow/dags/ingestion_dag.py
[2026-08-26T21:25:12.223+0000] {processor.py:840} INFO - DAG(s) 'air_quality_ingestion' retrieved from /opt/airflow/dags/ingestion_dag.py
[2026-08-26T21:25:12.243+0000] {logging_mixin.py:188} INFO - [2026-08-26T21:25:12.243+0000] {dag.py:3036} INFO - Sync 1 DAGs
[2026-08-26T21:25:12.260+0000] {logging_mixin.py:188} INFO - [2026-08-26T21:25:12.260+0000] {dag.py:3823} INFO - Setting next_dagrun for air_quality_ingestion to 2026-08-26 21:00:00+00:00, run_after=2026-08-26 22:00:00+00:00
[2026-08-26T21:25:12.276+0000] {processor.py:183} INFO - Processing /opt/airflow/dags/ingestion_dag.py took 0.135 seconds
[2026-08-26T21:25:42.638+0000] {processor.py:161} INFO - Started process (PID=2922) to work on /opt/airflow/dags/ingestion_dag.py
[2026-08-26T21:25:42.639+0000] {processor.py:830} INFO - Processing file /opt/airflow/dags/ingestion_dag.py for tasks to queue
[2026-08-26T21:25:42.640+0000] {logging_mixin.py:188} INFO - [2026-08-26T21:25:42.639+0000] {dagbag.py:538} INFO - Filling up the DagBag from /opt/airflow/dags/ingestion_dag.py
[2026-08-26T21:25:42.712+0000] {processor.py:840} INFO - DAG(s) 'air_quality_ingestion' retrieved from /opt/airflow/dags/ingestion_dag.py
[2026-08-26T21:25:42.731+0000] {logging_mixin.py:188} INFO - [2026-08-26T21:25:42.730+0000] {dag.py:3036} INFO - Sync 1 DAGs
[2026-08-26T21:25:42.747+0000] {logging_mixin.py:188} INFO - [2026-08-26T21:25:42.746+0000] {dag.py:3823} INFO - Setting next_dagrun for air_quality_ingestion to 2026-08-26 21:00:00+00:00, run_after=2026-08-26 22:00:00+00:00
[2026-08-26T21:25:42.762+0000] {processor.py:183} INFO - Processing /opt/airflow/dags/ingestion_dag.py took 0.127 seconds
[2026-08-26T21:26:13.101+0000] {processor.py:161} INFO - Started process (PID=2932) to work on /opt/airflow/dags/ingestion_dag.py
[2026-08-26T21:26:13.102+0000] {processor.py:830} INFO - Processing file /opt/airflow/dags/ingestion_dag.py for tasks to queue
[2026-08-26T21:26:13.103+0000] {logging_mixin.py:188} INFO - [2026-08-26T21:26:13.103+0000] {dagbag.py:538} INFO - Filling up the DagBag from /opt/airflow/dags/ingestion_dag.py
[2026-08-26T21:26:13.171+0000] {processor.py:840} INFO - DAG(s) 'air_quality_ingestion' retrieved from /opt/airflow/dags/ingestion_dag.py
[2026-08-26T21:26:13.191+0000] {logging_mixin.py:188} INFO - [2026-08-26T21:26:13.190+0000] {dag.py:3036} INFO - Sync 1 DAGs
[2026-08-26T21:26:13.209+0000] {logging_mixin.py:188} INFO - [2026-08-26T21:26:13.209+0000] {dag.py:3823} INFO - Setting next_dagrun for air_quality_ingestion to 2026-08-26 21:00:00+00:00, run_after=2026-08-26 22:00:00+00:00
[2026-08-26T21:26:13.225+0000] {processor.py:183} INFO - Processing /opt/airflow/dags/ingestion_dag.py took 0.126 seconds
[2026-08-26T21:26:43.570+0000] {processor.py:161} INFO - Started process (PID=2942) to work on /opt/airflow/dags/ingestion_dag.py
[2026-08-26T21:26:43.571+0000] {processor.py:830} INFO - Processing file /opt/airflow/dags/ingestion_dag.py for tasks to queue
[2026-08-26T21:26:43.572+0000] {logging_mixin.py:188} INFO - [2026-08-26T21:26:43.571+0000] {dagbag.py:538} INFO - Filling up the DagBag from /opt/airflow/dags/ingestion_dag.py
[2026-08-26T21:26:43.648+0000] {processor.py:840} INFO - DAG(s) 'air_quality_ingestion' retrieved from /opt/airflow/dags/ingestion_dag.py
[2026-08-26T21:26:43.677+0000] {logging_mixin.py:188} INFO - [2026-08-26T21:26:43.676+0000] {dag.py:3036} INFO - Sync 1 DAGs
[2026-08-26T21:26:43.698+0000] {logging_mixin.py:188} INFO - [2026-08-26T21:26:43.698+0000] {dag.py:3823} INFO - Setting next_dagrun for air_quality_ingestion to 2026-08-26 21:00:00+00:00, run_after=2026-08-26 22:00:00+00:00
[2026-08-26T21:26:43.718+0000] {processor.py:183} INFO - Processing /opt/airflow/dags/ingestion_dag.py took 0.151 seconds
[2026-08-26T21:27:14.029+0000] {processor.py:161} INFO - Started process (PID=2952) to work on /opt/airflow/dags/ingestion_dag.py
[2026-08-26T21:27:14.030+0000] {processor.py:830} INFO - Processing file /opt/airflow/dags/ingestion_dag.py for tasks to queue
[2026-08-26T21:27:14.031+0000] {logging_mixin.py:188} INFO - [2026-08-26T21:27:14.031+0000] {dagbag.py:538} INFO - Filling up the DagBag from /opt/airflow/dags/ingestion_dag.py
[2026-08-26T21:27:14.101+0000] {processor.py:840} INFO - DAG(s) 'air_quality_ingestion' retrieved from /opt/airflow/dags/ingestion_dag.py
[2026-08-26T21:27:14.120+0000] {logging_mixin.py:188} INFO - [2026-08-26T21:27:14.119+0000] {dag.py:3036} INFO - Sync 1 DAGs
[2026-08-26T21:27:14.138+0000] {logging_mixin.py:188} INFO - [2026-08-26T21:27:14.138+0000] {dag.py:3823} INFO - Setting next_dagrun for air_quality_ingestion to 2026-08-26 21:00:00+00:00, run_after=2026-08-26 22:00:00+00:00
[2026-08-26T21:27:14.153+0000] {processor.py:183} INFO - Processing /opt/airflow/dags/ingestion_dag.py took 0.126 seconds
[2026-08-26T21:27:44.522+0000] {processor.py:161} INFO - Started process (PID=2962) to work on /opt/airflow/dags/ingestion_dag.py
[2026-08-26T21:27:44.523+0000] {processor.py:830} INFO - Processing file /opt/airflow/dags/ingestion_dag.py for tasks to queue
[2026-08-26T21:27:44.524+0000] {logging_mixin.py:188} INFO - [2026-08-26T21:27:44.524+0000] {dagbag.py:538} INFO - Filling up the DagBag from /opt/airflow/dags/ingestion_dag.py
[2026-08-26T21:27:44.595+0000] {processor.py:840} INFO - DAG(s) 'air_quality_ingestion' retrieved from /opt/airflow/dags/ingestion_dag.py
[2026-08-26T21:27:44.615+0000] {logging_mixin.py:188} INFO - [2026-08-26T21:27:44.615+0000] {dag.py:3036} INFO - Sync 1 DAGs
[2026-08-26T21:27:44.632+0000] {logging_mixin.py:188} INFO - [2026-08-26T21:27:44.632+0000] {dag.py:3823} INFO - Setting next_dagrun for air_quality_ingestion to 2026-08-26 21:00:00+00:00, run_after=2026-08-26 22:00:00+00:00
[2026-08-26T21:27:44.648+0000] {processor.py:183} INFO - Processing /opt/airflow/dags/ingestion_dag.py took 0.128 seconds
[2026-08-26T21:28:14.968+0000] {processor.py:161} INFO - Started process (PID=2972) to work on /opt/airflow/dags/ingestion_dag.py
[2026-08-26T21:28:14.969+0000] {processor.py:830} INFO - Processing file /opt/airflow/dags/ingestion_dag.py for tasks to queue
[2026-08-26T21:28:14.970+0000] {logging_mixin.py:188} INFO - [2026-08-26T21:28:14.969+0000] {dagbag.py:538} INFO - Filling up the DagBag from /opt/airflow/dags/ingestion_dag.py
[2026-08-26T21:28:15.035+0000] {processor.py:840} INFO - DAG(s) 'air_quality_ingestion' retrieved from /opt/airflow/dags/ingestion_dag.py
[2026-08-26T21:28:15.053+0000] {logging_mixin.py:188} INFO - [2026-08-26T21:28:15.053+0000] {dag.py:3036} INFO - Sync 1 DAGs
[2026-08-26T21:28:15.070+0000] {logging_mixin.py:188} INFO - [2026-08-26T21:28:15.070+0000] {dag.py:3823} INFO - Setting next_dagrun for air_quality_ingestion to 2026-08-26 21:00:00+00:00, run_after=2026-08-26 22:00:00+00:00
[2026-08-26T21:28:15.084+0000] {processor.py:183} INFO - Processing /opt/airflow/dags/ingestion_dag.py took 0.119 seconds
[2026-08-26T21:28:45.445+0000] {processor.py:161} INFO - Started process (PID=2982) to work on /opt/airflow/dags/ingestion_dag.py
[2026-08-26T21:28:45.445+0000] {processor.py:830} INFO - Processing file /opt/airflow/dags/ingestion_dag.py for tasks to queue
[2026-08-26T21:28:45.447+0000] {logging_mixin.py:188} INFO - [2026-08-26T21:28:45.446+0000] {dagbag.py:538} INFO - Filling up the DagBag from /opt/airflow/dags/ingestion_dag.py
[2026-08-26T21:28:45.521+0000] {processor.py:840} INFO - DAG(s) 'air_quality_ingestion' retrieved from /opt/airflow/dags/ingestion_dag.py
[2026-08-26T21:28:45.542+0000] {logging_mixin.py:188} INFO - [2026-08-26T21:28:45.542+0000] {dag.py:3036} INFO - Sync 1 DAGs
[2026-08-26T21:28:45.560+0000] {logging_mixin.py:188} INFO - [2026-08-26T21:28:45.560+0000] {dag.py:3823} INFO - Setting next_dagrun for air_quality_ingestion to 2026-08-26 21:00:00+00:00, run_after=2026-08-26 22:00:00+00:00
[2026-08-26T21:28:45.579+0000] {processor.py:183} INFO - Processing /opt/airflow/dags/ingestion_dag.py took 0.137 seconds
[2026-08-26T21:29:15.995+0000] {processor.py:161} INFO - Started process (PID=2992) to work on /opt/airflow/dags/ingestion_dag.py
[2026-08-26T21:29:15.997+0000] {processor.py:830} INFO - Processing file /opt/airflow/dags/ingestion_dag.py for tasks to queue
[2026-08-26T21:29:15.998+0000] {logging_mixin.py:188} INFO - [2026-08-26T21:29:15.997+0000] {dagbag.py:538} INFO - Filling up the DagBag from /opt/airflow/dags/ingestion_dag.py
[2026-08-26T21:29:16.067+0000] {processor.py:840} INFO - DAG(s) 'air_quality_ingestion' retrieved from /opt/airflow/dags/ingestion_dag.py
[2026-08-26T21:29:16.087+0000] {logging_mixin.py:188} INFO - [2026-08-26T21:29:16.086+0000] {dag.py:3036} INFO - Sync 1 DAGs
[2026-08-26T21:29:16.103+0000] {logging_mixin.py:188} INFO - [2026-08-26T21:29:16.103+0000] {dag.py:3823} INFO - Setting next_dagrun for air_quality_ingestion to 2026-08-26 21:00:00+00:00, run_after=2026-08-26 22:00:00+00:00
[2026-08-26T21:29:16.118+0000] {processor.py:183} INFO - Processing /opt/airflow/dags/ingestion_dag.py took 0.125 seconds
[2026-08-26T21:29:46.440+0000] {processor.py:161} INFO - Started process (PID=3002) to work on /opt/airflow/dags/ingestion_dag.py
[2026-08-26T21:29:46.441+0000] {processor.py:830} INFO - Processing file /opt/airflow/dags/ingestion_dag.py for tasks to queue
[2026-08-26T21:29:46.442+0000] {logging_mixin.py:188} INFO - [2026-08-26T21:29:46.442+0000] {dagbag.py:538} INFO - Filling up the DagBag from /opt/airflow/dags/ingestion_dag.py
[2026-08-26T21:29:46.528+0000] {processor.py:840} INFO - DAG(s) 'air_quality_ingestion' retrieved from /opt/airflow/dags/ingestion_dag.py
[2026-08-26T21:29:46.550+0000] {logging_mixin.py:188} INFO - [2026-08-26T21:29:46.550+0000] {dag.py:3036} INFO - Sync 1 DAGs
[2026-08-26T21:29:46.570+0000] {logging_mixin.py:188} INFO - [2026-08-26T21:29:46.570+0000] {dag.py:3823} INFO - Setting next_dagrun for air_quality_ingestion to 2026-08-26 21:00:00+00:00, run_after=2026-08-26 22:00:00+00:00
[2026-08-26T21:29:46.602+0000] {processor.py:183} INFO - Processing /opt/airflow/dags/ingestion_dag.py took 0.164 seconds
[2026-08-26T21:30:16.891+0000] {processor.py:161} INFO - Started process (PID=3012) to work on /opt/airflow/dags/ingestion_dag.py
[2026-08-26T21:30:16.892+0000] {processor.py:830} INFO - Processing file /opt/airflow/dags/ingestion_dag.py for tasks to queue
[2026-08-26T21:30:16.893+0000] {logging_mixin.py:188} INFO - [2026-08-26T21:30:16.893+0000] {dagbag.py:538} INFO - Filling up the DagBag from /opt/airflow/dags/ingestion_dag.py
[2026-08-26T21:30:16.983+0000] {processor.py:840} INFO - DAG(s) 'air_quality_ingestion' retrieved from /opt/airflow/dags/ingestion_dag.py
[2026-08-26T21:30:17.004+0000] {logging_mixin.py:188} INFO - [2026-08-26T21:30:17.004+0000] {dag.py:3036} INFO - Sync 1 DAGs
[2026-08-26T21:30:17.025+0000] {logging_mixin.py:188} INFO - [2026-08-26T21:30:17.025+0000] {dag.py:3823} INFO - Setting next_dagrun for air_quality_ingestion to 2026-08-26 21:00:00+00:00, run_after=2026-08-26 22:00:00+00:00
[2026-08-26T21:30:17.042+0000] {processor.py:183} INFO - Processing /opt/airflow/dags/ingestion_dag.py took 0.154 seconds
[2026-08-26T21:30:47.343+0000] {processor.py:161} INFO - Started process (PID=3022) to work on /opt/airflow/dags/ingestion_dag.py
[2026-08-26T21:30:47.344+0000] {processor.py:830} INFO - Processing file /opt/airflow/dags/ingestion_dag.py for tasks to queue
[2026-08-26T21:30:47.345+0000] {logging_mixin.py:188} INFO - [2026-08-26T21:30:47.345+0000] {dagbag.py:538} INFO - Filling up the DagBag from /opt/airflow/dags/ingestion_dag.py
[2026-08-26T21:30:47.415+0000] {processor.py:840} INFO - DAG(s) 'air_quality_ingestion' retrieved from /opt/airflow/dags/ingestion_dag.py
[2026-08-26T21:30:47.436+0000] {logging_mixin.py:188} INFO - [2026-08-26T21:30:47.436+0000] {dag.py:3036} INFO - Sync 1 DAGs
[2026-08-26T21:30:47.456+0000] {logging_mixin.py:188} INFO - [2026-08-26T21:30:47.456+0000] {dag.py:3823} INFO - Setting next_dagrun for air_quality_ingestion to 2026-08-26 21:00:00+00:00, run_after=2026-08-26 22:00:00+00:00
[2026-08-26T21:30:47.473+0000] {processor.py:183} INFO - Processing /opt/airflow/dags/ingestion_dag.py took 0.134 seconds
[2026-08-26T21:31:17.799+0000] {processor.py:161} INFO - Started process (PID=3032) to work on /opt/airflow/dags/ingestion_dag.py
[2026-08-26T21:31:17.800+0000] {processor.py:830} INFO - Processing file /opt/airflow/dags/ingestion_dag.py for tasks to queue
[2026-08-26T21:31:17.801+0000] {logging_mixin.py:188} INFO - [2026-08-26T21:31:17.801+0000] {dagbag.py:538} INFO - Filling up the DagBag from /opt/airflow/dags/ingestion_dag.py
[2026-08-26T21:31:17.875+0000] {processor.py:840} INFO - DAG(s) 'air_quality_ingestion' retrieved from /opt/airflow/dags/ingestion_dag.py
[2026-08-26T21:31:17.895+0000] {logging_mixin.py:188} INFO - [2026-08-26T21:31:17.895+0000] {dag.py:3036} INFO - Sync 1 DAGs
[2026-08-26T21:31:17.913+0000] {logging_mixin.py:188} INFO - [2026-08-26T21:31:17.913+0000] {dag.py:3823} INFO - Setting next_dagrun for air_quality_ingestion to 2026-08-26 21:00:00+00:00, run_after=2026-08-26 22:00:00+00:00
[2026-08-26T21:31:17.932+0000] {processor.py:183} INFO - Processing /opt/airflow/dags/ingestion_dag.py took 0.135 seconds
[2026-08-26T21:31:48.252+0000] {processor.py:161} INFO - Started process (PID=3042) to work on /opt/airflow/dags/ingestion_dag.py
[2026-08-26T21:31:48.252+0000] {processor.py:830} INFO - Processing file /opt/airflow/dags/ingestion_dag.py for tasks to queue
[2026-08-26T21:31:48.254+0000] {logging_mixin.py:188} INFO - [2026-08-26T21:31:48.253+0000] {dagbag.py:538} INFO - Filling up the DagBag from /opt/airflow/dags/ingestion_dag.py
[2026-08-26T21:31:48.328+0000] {processor.py:840} INFO - DAG(s) 'air_quality_ingestion' retrieved from /opt/airflow/dags/ingestion_dag.py
[2026-08-26T21:31:48.348+0000] {logging_mixin.py:188} INFO - [2026-08-26T21:31:48.348+0000] {dag.py:3036} INFO - Sync 1 DAGs
[2026-08-26T21:31:48.368+0000] {logging_mixin.py:188} INFO - [2026-08-26T21:31:48.368+0000] {dag.py:3823} INFO - Setting next_dagrun for air_quality_ingestion to 2026-08-26 21:00:00+00:00, run_after=2026-08-26 22:00:00+00:00
[2026-08-26T21:31:48.388+0000] {processor.py:183} INFO - Processing /opt/airflow/dags/ingestion_dag.py took 0.139 seconds
[2026-08-26T21:32:18.743+0000] {processor.py:161} INFO - Started process (PID=3052) to work on /opt/airflow/dags/ingestion_dag.py
[2026-08-26T21:32:18.745+0000] {processor.py:830} INFO - Processing file /opt/airflow/dags/ingestion_dag.py for tasks to queue
[2026-08-26T21:32:18.746+0000] {logging_mixin.py:188} INFO - [2026-08-26T21:32:18.746+0000] {dagbag.py:538} INFO - Filling up the DagBag from /opt/airflow/dags/ingestion_dag.py
[2026-08-26T21:32:18.823+0000] {processor.py:840} INFO - DAG(s) 'air_quality_ingestion' retrieved from /opt/airflow/dags/ingestion_dag.py
[2026-08-26T21:32:18.843+0000] {logging_mixin.py:188} INFO - [2026-08-26T21:32:18.843+0000] {dag.py:3036} INFO - Sync 1 DAGs
[2026-08-26T21:32:18.863+0000] {logging_mixin.py:188} INFO - [2026-08-26T21:32:18.863+0000] {dag.py:3823} INFO - Setting next_dagrun for air_quality_ingestion to 2026-08-26 21:00:00+00:00, run_after=2026-08-26 22:00:00+00:00
[2026-08-26T21:32:18.881+0000] {processor.py:183} INFO - Processing /opt/airflow/dags/ingestion_dag.py took 0.140 seconds
[2026-08-26T21:32:49.199+0000] {processor.py:161} INFO - Started process (PID=3062) to work on /opt/airflow/dags/ingestion_dag.py
[2026-08-26T21:32:49.200+0000] {processor.py:830} INFO - Processing file /opt/airflow/dags/ingestion_dag.py for tasks to queue
[2026-08-26T21:32:49.202+0000] {logging_mixin.py:188} INFO - [2026-08-26T21:32:49.201+0000] {dagbag.py:538} INFO - Filling up the DagBag from /opt/airflow/dags/ingestion_dag.py
[2026-08-26T21:32:49.277+0000] {processor.py:840} INFO - DAG(s) 'air_quality_ingestion' retrieved from /opt/airflow/dags/ingestion_dag.py
[2026-08-26T21:32:49.300+0000] {logging_mixin.py:188} INFO - [2026-08-26T21:32:49.300+0000] {dag.py:3036} INFO - Sync 1 DAGs
[2026-08-26T21:32:49.319+0000] {logging_mixin.py:188} INFO - [2026-08-26T21:32:49.319+0000] {dag.py:3823} INFO - Setting next_dagrun for air_quality_ingestion to 2026-08-26 21:00:00+00:00, run_after=2026-08-26 22:00:00+00:00
[2026-08-26T21:32:49.336+0000] {processor.py:183} INFO - Processing /opt/airflow/dags/ingestion_dag.py took 0.139 seconds
[2026-08-26T21:33:19.657+0000] {processor.py:161} INFO - Started process (PID=3072) to work on /opt/airflow/dags/ingestion_dag.py
[2026-08-26T21:33:19.658+0000] {processor.py:830} INFO - Processing file /opt/airflow/dags/ingestion_dag.py for tasks to queue
[2026-08-26T21:33:19.659+0000] {logging_mixin.py:188} INFO - [2026-08-26T21:33:19.659+0000] {dagbag.py:538} INFO - Filling up the DagBag from /opt/airflow/dags/ingestion_dag.py
[2026-08-26T21:33:19.732+0000] {processor.py:840} INFO - DAG(s) 'air_quality_ingestion' retrieved from /opt/airflow/dags/ingestion_dag.py
[2026-08-26T21:33:19.751+0000] {logging_mixin.py:188} INFO - [2026-08-26T21:33:19.751+0000] {dag.py:3036} INFO - Sync 1 DAGs
[2026-08-26T21:33:19.768+0000] {logging_mixin.py:188} INFO - [2026-08-26T21:33:19.768+0000] {dag.py:3823} INFO - Setting next_dagrun for air_quality_ingestion to 2026-08-26 21:00:00+00:00, run_after=2026-08-26 22:00:00+00:00
[2026-08-26T21:33:19.786+0000] {processor.py:183} INFO - Processing /opt/airflow/dags/ingestion_dag.py took 0.131 seconds
[2026-08-26T21:33:50.143+0000] {processor.py:161} INFO - Started process (PID=3082) to work on /opt/airflow/dags/ingestion_dag.py
[2026-08-26T21:33:50.144+0000] {processor.py:830} INFO - Processing file /opt/airflow/dags/ingestion_dag.py for tasks to queue
[2026-08-26T21:33:50.145+0000] {logging_mixin.py:188} INFO - [2026-08-26T21:33:50.145+0000] {dagbag.py:538} INFO - Filling up the DagBag from /opt/airflow/dags/ingestion_dag.py
[2026-08-26T21:33:50.218+0000] {processor.py:840} INFO - DAG(s) 'air_quality_ingestion' retrieved from /opt/airflow/dags/ingestion_dag.py
[2026-08-26T21:33:50.239+0000] {logging_mixin.py:188} INFO - [2026-08-26T21:33:50.239+0000] {dag.py:3036} INFO - Sync 1 DAGs
[2026-08-26T21:33:50.257+0000] {logging_mixin.py:188} INFO - [2026-08-26T21:33:50.257+0000] {dag.py:3823} INFO - Setting next_dagrun for air_quality_ingestion to 2026-08-26 21:00:00+00:00, run_after=2026-08-26 22:00:00+00:00
[2026-08-26T21:33:50.279+0000] {processor.py:183} INFO - Processing /opt/airflow/dags/ingestion_dag.py took 0.139 seconds
[2026-08-26T21:34:20.648+0000] {processor.py:161} INFO - Started process (PID=3092) to work on /opt/airflow/dags/ingestion_dag.py
[2026-08-26T21:34:20.649+0000] {processor.py:830} INFO - Processing file /opt/airflow/dags/ingestion_dag.py for tasks to queue
[2026-08-26T21:34:20.650+0000] {logging_mixin.py:188} INFO - [2026-08-26T21:34:20.649+0000] {dagbag.py:538} INFO - Filling up the DagBag from /opt/airflow/dags/ingestion_dag.py
[2026-08-26T21:34:20.722+0000] {processor.py:840} INFO - DAG(s) 'air_quality_ingestion' retrieved from /opt/airflow/dags/ingestion_dag.py
[2026-08-26T21:34:20.742+0000] {logging_mixin.py:188} INFO - [2026-08-26T21:34:20.742+0000] {dag.py:3036} INFO - Sync 1 DAGs
[2026-08-26T21:34:20.762+0000] {logging_mixin.py:188} INFO - [2026-08-26T21:34:20.762+0000] {dag.py:3823} INFO - Setting next_dagrun for air_quality_ingestion to 2026-08-26 21:00:00+00:00, run_after=2026-08-26 22:00:00+00:00
[2026-08-26T21:34:20.778+0000] {processor.py:183} INFO - Processing /opt/airflow/dags/ingestion_dag.py took 0.132 seconds
[2026-08-26T21:34:51.119+0000] {processor.py:161} INFO - Started process (PID=3102) to work on /opt/airflow/dags/ingestion_dag.py
[2026-08-26T21:34:51.120+0000] {processor.py:830} INFO - Processing file /opt/airflow/dags/ingestion_dag.py for tasks to queue
[2026-08-26T21:34:51.121+0000] {logging_mixin.py:188} INFO - [2026-08-26T21:34:51.120+0000] {dagbag.py:538} INFO - Filling up the DagBag from /opt/airflow/dags/ingestion_dag.py
[2026-08-26T21:34:51.197+0000] {processor.py:840} INFO - DAG(s) 'air_quality_ingestion' retrieved from /opt/airflow/dags/ingestion_dag.py
[2026-08-26T21:34:51.218+0000] {logging_mixin.py:188} INFO - [2026-08-26T21:34:51.218+0000] {dag.py:3036} INFO - Sync 1 DAGs
[2026-08-26T21:34:51.236+0000] {logging_mixin.py:188} INFO - [2026-08-26T21:34:51.236+0000] {dag.py:3823} INFO - Setting next_dagrun for air_quality_ingestion to 2026-08-26 21:00:00+00:00, run_after=2026-08-26 22:00:00+00:00
[2026-08-26T21:34:51.251+0000] {processor.py:183} INFO - Processing /opt/airflow/dags/ingestion_dag.py took 0.139 seconds
[2026-08-26T21:35:21.573+0000] {processor.py:161} INFO - Started process (PID=3112) to work on /opt/airflow/dags/ingestion_dag.py
[2026-08-26T21:35:21.574+0000] {processor.py:830} INFO - Processing file /opt/airflow/dags/ingestion_dag.py for tasks to queue
[2026-08-26T21:35:21.575+0000] {logging_mixin.py:188} INFO - [2026-08-26T21:35:21.575+0000] {dagbag.py:538} INFO - Filling up the DagBag from /opt/airflow/dags/ingestion_dag.py
[2026-08-26T21:35:21.655+0000] {processor.py:840} INFO - DAG(s) 'air_quality_ingestion' retrieved from /opt/airflow/dags/ingestion_dag.py
[2026-08-26T21:35:21.674+0000] {logging_mixin.py:188} INFO - [2026-08-26T21:35:21.674+0000] {dag.py:3036} INFO - Sync 1 DAGs
[2026-08-26T21:35:21.691+0000] {logging_mixin.py:188} INFO - [2026-08-26T21:35:21.691+0000] {dag.py:3823} INFO - Setting next_dagrun for air_quality_ingestion to 2026-08-26 21:00:00+00:00, run_after=2026-08-26 22:00:00+00:00
[2026-08-26T21:35:21.707+0000] {processor.py:183} INFO - Processing /opt/airflow/dags/ingestion_dag.py took 0.136 seconds
[2026-08-26T21:35:52.047+0000] {processor.py:161} INFO - Started process (PID=3122) to work on /opt/airflow/dags/ingestion_dag.py
[2026-08-26T21:35:52.048+0000] {processor.py:830} INFO - Processing file /opt/airflow/dags/ingestion_dag.py for tasks to queue
[2026-08-26T21:35:52.049+0000] {logging_mixin.py:188} INFO - [2026-08-26T21:35:52.049+0000] {dagbag.py:538} INFO - Filling up the DagBag from /opt/airflow/dags/ingestion_dag.py
[2026-08-26T21:35:52.122+0000] {processor.py:840} INFO - DAG(s) 'air_quality_ingestion' retrieved from /opt/airflow/dags/ingestion_dag.py
[2026-08-26T21:35:52.143+0000] {logging_mixin.py:188} INFO - [2026-08-26T21:35:52.143+0000] {dag.py:3036} INFO - Sync 1 DAGs
[2026-08-26T21:35:52.162+0000] {logging_mixin.py:188} INFO - [2026-08-26T21:35:52.162+0000] {dag.py:3823} INFO - Setting next_dagrun for air_quality_ingestion to 2026-08-26 21:00:00+00:00, run_after=2026-08-26 22:00:00+00:00
[2026-08-26T21:35:52.181+0000] {processor.py:183} INFO - Processing /opt/airflow/dags/ingestion_dag.py took 0.136 seconds
[2026-08-26T21:36:22.522+0000] {processor.py:161} INFO - Started process (PID=3132) to work on /opt/airflow/dags/ingestion_dag.py
[2026-08-26T21:36:22.523+0000] {processor.py:830} INFO - Processing file /opt/airflow/dags/ingestion_dag.py for tasks to queue
[2026-08-26T21:36:22.524+0000] {logging_mixin.py:188} INFO - [2026-08-26T21:36:22.523+0000] {dagbag.py:538} INFO - Filling up the DagBag from /opt/airflow/dags/ingestion_dag.py
[2026-08-26T21:36:22.598+0000] {processor.py:840} INFO - DAG(s) 'air_quality_ingestion' retrieved from /opt/airflow/dags/ingestion_dag.py
[2026-08-26T21:36:22.618+0000] {logging_mixin.py:188} INFO - [2026-08-26T21:36:22.618+0000] {dag.py:3036} INFO - Sync 1 DAGs
[2026-08-26T21:36:22.636+0000] {logging_mixin.py:188} INFO - [2026-08-26T21:36:22.636+0000] {dag.py:3823} INFO - Setting next_dagrun for air_quality_ingestion to 2026-08-26 21:00:00+00:00, run_after=2026-08-26 22:00:00+00:00
[2026-08-26T21:36:22.652+0000] {processor.py:183} INFO - Processing /opt/airflow/dags/ingestion_dag.py took 0.132 seconds
[2026-08-26T21:36:53.008+0000] {processor.py:161} INFO - Started process (PID=3142) to work on /opt/airflow/dags/ingestion_dag.py
[2026-08-26T21:36:53.009+0000] {processor.py:830} INFO - Processing file /opt/airflow/dags/ingestion_dag.py for tasks to queue
[2026-08-26T21:36:53.009+0000] {logging_mixin.py:188} INFO - [2026-08-26T21:36:53.009+0000] {dagbag.py:538} INFO - Filling up the DagBag from /opt/airflow/dags/ingestion_dag.py
[2026-08-26T21:36:53.077+0000] {processor.py:840} INFO - DAG(s) 'air_quality_ingestion' retrieved from /opt/airflow/dags/ingestion_dag.py
[2026-08-26T21:36:53.097+0000] {logging_mixin.py:188} INFO - [2026-08-26T21:36:53.096+0000] {dag.py:3036} INFO - Sync 1 DAGs
[2026-08-26T21:36:53.113+0000] {logging_mixin.py:188} INFO - [2026-08-26T21:36:53.113+0000] {dag.py:3823} INFO - Setting next_dagrun for air_quality_ingestion to 2026-08-26 21:00:00+00:00, run_after=2026-08-26 22:00:00+00:00
[2026-08-26T21:36:53.129+0000] {processor.py:183} INFO - Processing /opt/airflow/dags/ingestion_dag.py took 0.124 seconds
[2026-08-26T21:37:23.480+0000] {processor.py:161} INFO - Started process (PID=3152) to work on /opt/airflow/dags/ingestion_dag.py
[2026-08-26T21:37:23.481+0000] {processor.py:830} INFO - Processing file /opt/airflow/dags/ingestion_dag.py for tasks to queue
[2026-08-26T21:37:23.482+0000] {logging_mixin.py:188} INFO - [2026-08-26T21:37:23.481+0000] {dagbag.py:538} INFO - Filling up the DagBag from /opt/airflow/dags/ingestion_dag.py
[2026-08-26T21:37:23.558+0000] {processor.py:840} INFO - DAG(s) 'air_quality_ingestion' retrieved from /opt/airflow/dags/ingestion_dag.py
[2026-08-26T21:37:23.578+0000] {logging_mixin.py:188} INFO - [2026-08-26T21:37:23.578+0000] {dag.py:3036} INFO - Sync 1 DAGs
[2026-08-26T21:37:23.596+0000] {logging_mixin.py:188} INFO - [2026-08-26T21:37:23.596+0000] {dag.py:3823} INFO - Setting next_dagrun for air_quality_ingestion to 2026-08-26 21:00:00+00:00, run_after=2026-08-26 22:00:00+00:00
[2026-08-26T21:37:23.613+0000] {processor.py:183} INFO - Processing /opt/airflow/dags/ingestion_dag.py took 0.136 seconds
[2026-08-26T21:37:53.978+0000] {processor.py:161} INFO - Started process (PID=3162) to work on /opt/airflow/dags/ingestion_dag.py
[2026-08-26T21:37:53.978+0000] {processor.py:830} INFO - Processing file /opt/airflow/dags/ingestion_dag.py for tasks to queue
[2026-08-26T21:37:53.979+0000] {logging_mixin.py:188} INFO - [2026-08-26T21:37:53.979+0000] {dagbag.py:538} INFO - Filling up the DagBag from /opt/airflow/dags/ingestion_dag.py
[2026-08-26T21:37:54.050+0000] {processor.py:840} INFO - DAG(s) 'air_quality_ingestion' retrieved from /opt/airflow/dags/ingestion_dag.py
[2026-08-26T21:37:54.070+0000] {logging_mixin.py:188} INFO - [2026-08-26T21:37:54.070+0000] {dag.py:3036} INFO - Sync 1 DAGs
[2026-08-26T21:37:54.087+0000] {logging_mixin.py:188} INFO - [2026-08-26T21:37:54.087+0000] {dag.py:3823} INFO - Setting next_dagrun for air_quality_ingestion to 2026-08-26 21:00:00+00:00, run_after=2026-08-26 22:00:00+00:00
[2026-08-26T21:37:54.103+0000] {processor.py:183} INFO - Processing /opt/airflow/dags/ingestion_dag.py took 0.127 seconds
[2026-08-26T21:38:24.434+0000] {processor.py:161} INFO - Started process (PID=3172) to work on /opt/airflow/dags/ingestion_dag.py
[2026-08-26T21:38:24.436+0000] {processor.py:830} INFO - Processing file /opt/airflow/dags/ingestion_dag.py for tasks to queue
[2026-08-26T21:38:24.437+0000] {logging_mixin.py:188} INFO - [2026-08-26T21:38:24.436+0000] {dagbag.py:538} INFO - Filling up the DagBag from /opt/airflow/dags/ingestion_dag.py
[2026-08-26T21:38:24.551+0000] {processor.py:840} INFO - DAG(s) 'air_quality_ingestion' retrieved from /opt/airflow/dags/ingestion_dag.py
[2026-08-26T21:38:24.572+0000] {logging_mixin.py:188} INFO - [2026-08-26T21:38:24.572+0000] {dag.py:3036} INFO - Sync 1 DAGs
[2026-08-26T21:38:24.591+0000] {logging_mixin.py:188} INFO - [2026-08-26T21:38:24.591+0000] {dag.py:3823} INFO - Setting next_dagrun for air_quality_ingestion to 2026-08-26 21:00:00+00:00, run_after=2026-08-26 22:00:00+00:00
[2026-08-26T21:38:24.606+0000] {processor.py:183} INFO - Processing /opt/airflow/dags/ingestion_dag.py took 0.175 seconds
[2026-08-26T21:38:54.932+0000] {processor.py:161} INFO - Started process (PID=3182) to work on /opt/airflow/dags/ingestion_dag.py
[2026-08-26T21:38:54.933+0000] {processor.py:830} INFO - Processing file /opt/airflow/dags/ingestion_dag.py for tasks to queue
[2026-08-26T21:38:54.934+0000] {logging_mixin.py:188} INFO - [2026-08-26T21:38:54.934+0000] {dagbag.py:538} INFO - Filling up the DagBag from /opt/airflow/dags/ingestion_dag.py
[2026-08-26T21:38:55.007+0000] {processor.py:840} INFO - DAG(s) 'air_quality_ingestion' retrieved from /opt/airflow/dags/ingestion_dag.py
[2026-08-26T21:38:55.029+0000] {logging_mixin.py:188} INFO - [2026-08-26T21:38:55.028+0000] {dag.py:3036} INFO - Sync 1 DAGs
[2026-08-26T21:38:55.045+0000] {logging_mixin.py:188} INFO - [2026-08-26T21:38:55.045+0000] {dag.py:3823} INFO - Setting next_dagrun for air_quality_ingestion to 2026-08-26 21:00:00+00:00, run_after=2026-08-26 22:00:00+00:00
[2026-08-26T21:38:55.062+0000] {processor.py:183} INFO - Processing /opt/airflow/dags/ingestion_dag.py took 0.132 seconds
[2026-08-26T21:39:25.493+0000] {processor.py:161} INFO - Started process (PID=3192) to work on /opt/airflow/dags/ingestion_dag.py
[2026-08-26T21:39:25.494+0000] {processor.py:830} INFO - Processing file /opt/airflow/dags/ingestion_dag.py for tasks to queue
[2026-08-26T21:39:25.495+0000] {logging_mixin.py:188} INFO - [2026-08-26T21:39:25.494+0000] {dagbag.py:538} INFO - Filling up the DagBag from /opt/airflow/dags/ingestion_dag.py
[2026-08-26T21:39:25.569+0000] {processor.py:840} INFO - DAG(s) 'air_quality_ingestion' retrieved from /opt/airflow/dags/ingestion_dag.py
[2026-08-26T21:39:25.587+0000] {logging_mixin.py:188} INFO - [2026-08-26T21:39:25.587+0000] {dag.py:3036} INFO - Sync 1 DAGs
[2026-08-26T21:39:25.604+0000] {logging_mixin.py:188} INFO - [2026-08-26T21:39:25.604+0000] {dag.py:3823} INFO - Setting next_dagrun for air_quality_ingestion to 2026-08-26 21:00:00+00:00, run_after=2026-08-26 22:00:00+00:00
[2026-08-26T21:39:25.621+0000] {processor.py:183} INFO - Processing /opt/airflow/dags/ingestion_dag.py took 0.130 seconds
[2026-08-26T21:39:55.934+0000] {processor.py:161} INFO - Started process (PID=3202) to work on /opt/airflow/dags/ingestion_dag.py
[2026-08-26T21:39:55.935+0000] {processor.py:830} INFO - Processing file /opt/airflow/dags/ingestion_dag.py for tasks to queue
[2026-08-26T21:39:55.936+0000] {logging_mixin.py:188} INFO - [2026-08-26T21:39:55.935+0000] {dagbag.py:538} INFO - Filling up the DagBag from /opt/airflow/dags/ingestion_dag.py
[2026-08-26T21:39:56.016+0000] {processor.py:840} INFO - DAG(s) 'air_quality_ingestion' retrieved from /opt/airflow/dags/ingestion_dag.py
[2026-08-26T21:39:56.037+0000] {logging_mixin.py:188} INFO - [2026-08-26T21:39:56.036+0000] {dag.py:3036} INFO - Sync 1 DAGs
[2026-08-26T21:39:56.054+0000] {logging_mixin.py:188} INFO - [2026-08-26T21:39:56.054+0000] {dag.py:3823} INFO - Setting next_dagrun for air_quality_ingestion to 2026-08-26 21:00:00+00:00, run_after=2026-08-26 22:00:00+00:00
[2026-08-26T21:39:56.070+0000] {processor.py:183} INFO - Processing /opt/airflow/dags/ingestion_dag.py took 0.138 seconds
[2026-08-26T21:40:26.360+0000] {processor.py:161} INFO - Started process (PID=3212) to work on /opt/airflow/dags/ingestion_dag.py
[2026-08-26T21:40:26.361+0000] {processor.py:830} INFO - Processing file /opt/airflow/dags/ingestion_dag.py for tasks to queue
[2026-08-26T21:40:26.362+0000] {logging_mixin.py:188} INFO - [2026-08-26T21:40:26.362+0000] {dagbag.py:538} INFO - Filling up the DagBag from /opt/airflow/dags/ingestion_dag.py
[2026-08-26T21:40:26.430+0000] {processor.py:840} INFO - DAG(s) 'air_quality_ingestion' retrieved from /opt/airflow/dags/ingestion_dag.py
[2026-08-26T21:40:26.449+0000] {logging_mixin.py:188} INFO - [2026-08-26T21:40:26.449+0000] {dag.py:3036} INFO - Sync 1 DAGs
[2026-08-26T21:40:26.467+0000] {logging_mixin.py:188} INFO - [2026-08-26T21:40:26.467+0000] {dag.py:3823} INFO - Setting next_dagrun for air_quality_ingestion to 2026-08-26 21:00:00+00:00, run_after=2026-08-26 22:00:00+00:00
[2026-08-26T21:40:26.483+0000] {processor.py:183} INFO - Processing /opt/airflow/dags/ingestion_dag.py took 0.125 seconds
[2026-08-26T21:40:56.762+0000] {processor.py:161} INFO - Started process (PID=3222) to work on /opt/airflow/dags/ingestion_dag.py
[2026-08-26T21:40:56.763+0000] {processor.py:830} INFO - Processing file /opt/airflow/dags/ingestion_dag.py for tasks to queue
[2026-08-26T21:40:56.765+0000] {logging_mixin.py:188} INFO - [2026-08-26T21:40:56.764+0000] {dagbag.py:538} INFO - Filling up the DagBag from /opt/airflow/dags/ingestion_dag.py
[2026-08-26T21:40:56.866+0000] {processor.py:840} INFO - DAG(s) 'air_quality_ingestion' retrieved from /opt/airflow/dags/ingestion_dag.py
[2026-08-26T21:40:56.892+0000] {logging_mixin.py:188} INFO - [2026-08-26T21:40:56.892+0000] {dag.py:3036} INFO - Sync 1 DAGs
[2026-08-26T21:40:56.915+0000] {logging_mixin.py:188} INFO - [2026-08-26T21:40:56.914+0000] {dag.py:3823} INFO - Setting next_dagrun for air_quality_ingestion to 2026-08-26 21:00:00+00:00, run_after=2026-08-26 22:00:00+00:00
[2026-08-26T21:40:56.938+0000] {processor.py:183} INFO - Processing /opt/airflow/dags/ingestion_dag.py took 0.178 seconds
[2026-08-26T21:41:27.292+0000] {processor.py:161} INFO - Started process (PID=3232) to work on /opt/airflow/dags/ingestion_dag.py
[2026-08-26T21:41:27.293+0000] {processor.py:830} INFO - Processing file /opt/airflow/dags/ingestion_dag.py for tasks to queue
[2026-08-26T21:41:27.294+0000] {logging_mixin.py:188} INFO - [2026-08-26T21:41:27.294+0000] {dagbag.py:538} INFO - Filling up the DagBag from /opt/airflow/dags/ingestion_dag.py
[2026-08-26T21:41:27.369+0000] {processor.py:840} INFO - DAG(s) 'air_quality_ingestion' retrieved from /opt/airflow/dags/ingestion_dag.py
[2026-08-26T21:41:27.390+0000] {logging_mixin.py:188} INFO - [2026-08-26T21:41:27.390+0000] {dag.py:3036} INFO - Sync 1 DAGs
[2026-08-26T21:41:27.407+0000] {logging_mixin.py:188} INFO - [2026-08-26T21:41:27.407+0000] {dag.py:3823} INFO - Setting next_dagrun for air_quality_ingestion to 2026-08-26 21:00:00+00:00, run_after=2026-08-26 22:00:00+00:00
[2026-08-26T21:41:27.424+0000] {processor.py:183} INFO - Processing /opt/airflow/dags/ingestion_dag.py took 0.134 seconds
[2026-08-26T21:41:57.772+0000] {processor.py:161} INFO - Started process (PID=3242) to work on /opt/airflow/dags/ingestion_dag.py
[2026-08-26T21:41:57.773+0000] {processor.py:830} INFO - Processing file /opt/airflow/dags/ingestion_dag.py for tasks to queue
[2026-08-26T21:41:57.774+0000] {logging_mixin.py:188} INFO - [2026-08-26T21:41:57.774+0000] {dagbag.py:538} INFO - Filling up the DagBag from /opt/airflow/dags/ingestion_dag.py
[2026-08-26T21:41:57.858+0000] {processor.py:840} INFO - DAG(s) 'air_quality_ingestion' retrieved from /opt/airflow/dags/ingestion_dag.py
[2026-08-26T21:41:57.879+0000] {logging_mixin.py:188} INFO - [2026-08-26T21:41:57.879+0000] {dag.py:3036} INFO - Sync 1 DAGs
[2026-08-26T21:41:57.897+0000] {logging_mixin.py:188} INFO - [2026-08-26T21:41:57.897+0000] {dag.py:3823} INFO - Setting next_dagrun for air_quality_ingestion to 2026-08-26 21:00:00+00:00, run_after=2026-08-26 22:00:00+00:00
[2026-08-26T21:41:57.915+0000] {processor.py:183} INFO - Processing /opt/airflow/dags/ingestion_dag.py took 0.145 seconds
[2026-08-26T21:42:28.247+0000] {processor.py:161} INFO - Started process (PID=3252) to work on /opt/airflow/dags/ingestion_dag.py
[2026-08-26T21:42:28.248+0000] {processor.py:830} INFO - Processing file /opt/airflow/dags/ingestion_dag.py for tasks to queue
[2026-08-26T21:42:28.249+0000] {logging_mixin.py:188} INFO - [2026-08-26T21:42:28.249+0000] {dagbag.py:538} INFO - Filling up the DagBag from /opt/airflow/dags/ingestion_dag.py
[2026-08-26T21:42:28.322+0000] {processor.py:840} INFO - DAG(s) 'air_quality_ingestion' retrieved from /opt/airflow/dags/ingestion_dag.py
[2026-08-26T21:42:28.344+0000] {logging_mixin.py:188} INFO - [2026-08-26T21:42:28.344+0000] {dag.py:3036} INFO - Sync 1 DAGs
[2026-08-26T21:42:28.364+0000] {logging_mixin.py:188} INFO - [2026-08-26T21:42:28.363+0000] {dag.py:3823} INFO - Setting next_dagrun for air_quality_ingestion to 2026-08-26 21:00:00+00:00, run_after=2026-08-26 22:00:00+00:00
[2026-08-26T21:42:28.381+0000] {processor.py:183} INFO - Processing /opt/airflow/dags/ingestion_dag.py took 0.137 seconds
[2026-08-26T21:42:58.708+0000] {processor.py:161} INFO - Started process (PID=3262) to work on /opt/airflow/dags/ingestion_dag.py
[2026-08-26T21:42:58.709+0000] {processor.py:830} INFO - Processing file /opt/airflow/dags/ingestion_dag.py for tasks to queue
[2026-08-26T21:42:58.710+0000] {logging_mixin.py:188} INFO - [2026-08-26T21:42:58.710+0000] {dagbag.py:538} INFO - Filling up the DagBag from /opt/airflow/dags/ingestion_dag.py
[2026-08-26T21:42:58.780+0000] {processor.py:840} INFO - DAG(s) 'air_quality_ingestion' retrieved from /opt/airflow/dags/ingestion_dag.py
[2026-08-26T21:42:58.801+0000] {logging_mixin.py:188} INFO - [2026-08-26T21:42:58.800+0000] {dag.py:3036} INFO - Sync 1 DAGs
[2026-08-26T21:42:58.817+0000] {logging_mixin.py:188} INFO - [2026-08-26T21:42:58.817+0000] {dag.py:3823} INFO - Setting next_dagrun for air_quality_ingestion to 2026-08-26 21:00:00+00:00, run_after=2026-08-26 22:00:00+00:00
[2026-08-26T21:42:58.832+0000] {processor.py:183} INFO - Processing /opt/airflow/dags/ingestion_dag.py took 0.126 seconds
[2026-08-26T21:43:29.193+0000] {processor.py:161} INFO - Started process (PID=3272) to work on /opt/airflow/dags/ingestion_dag.py
[2026-08-26T21:43:29.194+0000] {processor.py:830} INFO - Processing file /opt/airflow/dags/ingestion_dag.py for tasks to queue
[2026-08-26T21:43:29.195+0000] {logging_mixin.py:188} INFO - [2026-08-26T21:43:29.194+0000] {dagbag.py:538} INFO - Filling up the DagBag from /opt/airflow/dags/ingestion_dag.py
[2026-08-26T21:43:29.273+0000] {processor.py:840} INFO - DAG(s) 'air_quality_ingestion' retrieved from /opt/airflow/dags/ingestion_dag.py
[2026-08-26T21:43:29.291+0000] {logging_mixin.py:188} INFO - [2026-08-26T21:43:29.290+0000] {dag.py:3036} INFO - Sync 1 DAGs
[2026-08-26T21:43:29.307+0000] {logging_mixin.py:188} INFO - [2026-08-26T21:43:29.307+0000] {dag.py:3823} INFO - Setting next_dagrun for air_quality_ingestion to 2026-08-26 21:00:00+00:00, run_after=2026-08-26 22:00:00+00:00
[2026-08-26T21:43:29.322+0000] {processor.py:183} INFO - Processing /opt/airflow/dags/ingestion_dag.py took 0.132 seconds
[2026-08-26T21:43:59.704+0000] {processor.py:161} INFO - Started process (PID=3282) to work on /opt/airflow/dags/ingestion_dag.py
[2026-08-26T21:43:59.706+0000] {processor.py:830} INFO - Processing file /opt/airflow/dags/ingestion_dag.py for tasks to queue
[2026-08-26T21:43:59.707+0000] {logging_mixin.py:188} INFO - [2026-08-26T21:43:59.707+0000] {dagbag.py:538} INFO - Filling up the DagBag from /opt/airflow/dags/ingestion_dag.py
[2026-08-26T21:43:59.778+0000] {processor.py:840} INFO - DAG(s) 'air_quality_ingestion' retrieved from /opt/airflow/dags/ingestion_dag.py
[2026-08-26T21:43:59.798+0000] {logging_mixin.py:188} INFO - [2026-08-26T21:43:59.798+0000] {dag.py:3036} INFO - Sync 1 DAGs
[2026-08-26T21:43:59.816+0000] {logging_mixin.py:188} INFO - [2026-08-26T21:43:59.816+0000] {dag.py:3823} INFO - Setting next_dagrun for air_quality_ingestion to 2026-08-26 21:00:00+00:00, run_after=2026-08-26 22:00:00+00:00
[2026-08-26T21:43:59.834+0000] {processor.py:183} INFO - Processing /opt/airflow/dags/ingestion_dag.py took 0.134 seconds
[2026-08-26T21:44:30.301+0000] {processor.py:161} INFO - Started process (PID=3292) to work on /opt/airflow/dags/ingestion_dag.py
[2026-08-26T21:44:30.303+0000] {processor.py:830} INFO - Processing file /opt/airflow/dags/ingestion_dag.py for tasks to queue
[2026-08-26T21:44:30.304+0000] {logging_mixin.py:188} INFO - [2026-08-26T21:44:30.304+0000] {dagbag.py:538} INFO - Filling up the DagBag from /opt/airflow/dags/ingestion_dag.py
[2026-08-26T21:44:30.385+0000] {processor.py:840} INFO - DAG(s) 'air_quality_ingestion' retrieved from /opt/airflow/dags/ingestion_dag.py
[2026-08-26T21:44:30.406+0000] {logging_mixin.py:188} INFO - [2026-08-26T21:44:30.405+0000] {dag.py:3036} INFO - Sync 1 DAGs
[2026-08-26T21:44:30.424+0000] {logging_mixin.py:188} INFO - [2026-08-26T21:44:30.424+0000] {dag.py:3823} INFO - Setting next_dagrun for air_quality_ingestion to 2026-08-26 21:00:00+00:00, run_after=2026-08-26 22:00:00+00:00
[2026-08-26T21:44:30.440+0000] {processor.py:183} INFO - Processing /opt/airflow/dags/ingestion_dag.py took 0.142 seconds
[2026-08-26T21:45:00.820+0000] {processor.py:161} INFO - Started process (PID=3302) to work on /opt/airflow/dags/ingestion_dag.py
[2026-08-26T21:45:00.822+0000] {processor.py:830} INFO - Processing file /opt/airflow/dags/ingestion_dag.py for tasks to queue
[2026-08-26T21:45:00.825+0000] {logging_mixin.py:188} INFO - [2026-08-26T21:45:00.824+0000] {dagbag.py:538} INFO - Filling up the DagBag from /opt/airflow/dags/ingestion_dag.py
[2026-08-26T21:45:00.914+0000] {processor.py:840} INFO - DAG(s) 'air_quality_ingestion' retrieved from /opt/airflow/dags/ingestion_dag.py
[2026-08-26T21:45:00.935+0000] {logging_mixin.py:188} INFO - [2026-08-26T21:45:00.934+0000] {dag.py:3036} INFO - Sync 1 DAGs
[2026-08-26T21:45:00.953+0000] {logging_mixin.py:188} INFO - [2026-08-26T21:45:00.952+0000] {dag.py:3823} INFO - Setting next_dagrun for air_quality_ingestion to 2026-08-26 21:00:00+00:00, run_after=2026-08-26 22:00:00+00:00
[2026-08-26T21:45:00.970+0000] {processor.py:183} INFO - Processing /opt/airflow/dags/ingestion_dag.py took 0.154 seconds
[2026-08-26T21:45:31.322+0000] {processor.py:161} INFO - Started process (PID=3312) to work on /opt/airflow/dags/ingestion_dag.py
[2026-08-26T21:45:31.322+0000] {processor.py:830} INFO - Processing file /opt/airflow/dags/ingestion_dag.py for tasks to queue
[2026-08-26T21:45:31.323+0000] {logging_mixin.py:188} INFO - [2026-08-26T21:45:31.323+0000] {dagbag.py:538} INFO - Filling up the DagBag from /opt/airflow/dags/ingestion_dag.py
[2026-08-26T21:45:31.394+0000] {processor.py:840} INFO - DAG(s) 'air_quality_ingestion' retrieved from /opt/airflow/dags/ingestion_dag.py
[2026-08-26T21:45:31.412+0000] {logging_mixin.py:188} INFO - [2026-08-26T21:45:31.411+0000] {dag.py:3036} INFO - Sync 1 DAGs
[2026-08-26T21:45:31.428+0000] {logging_mixin.py:188} INFO - [2026-08-26T21:45:31.427+0000] {dag.py:3823} INFO - Setting next_dagrun for air_quality_ingestion to 2026-08-26 21:00:00+00:00, run_after=2026-08-26 22:00:00+00:00
[2026-08-26T21:45:31.442+0000] {processor.py:183} INFO - Processing /opt/airflow/dags/ingestion_dag.py took 0.123 seconds
[2026-08-26T21:46:01.794+0000] {processor.py:161} INFO - Started process (PID=3322) to work on /opt/airflow/dags/ingestion_dag.py
[2026-08-26T21:46:01.795+0000] {processor.py:830} INFO - Processing file /opt/airflow/dags/ingestion_dag.py for tasks to queue
[2026-08-26T21:46:01.795+0000] {logging_mixin.py:188} INFO - [2026-08-26T21:46:01.795+0000] {dagbag.py:538} INFO - Filling up the DagBag from /opt/airflow/dags/ingestion_dag.py
[2026-08-26T21:46:01.863+0000] {processor.py:840} INFO - DAG(s) 'air_quality_ingestion' retrieved from /opt/airflow/dags/ingestion_dag.py
[2026-08-26T21:46:01.882+0000] {logging_mixin.py:188} INFO - [2026-08-26T21:46:01.882+0000] {dag.py:3036} INFO - Sync 1 DAGs
[2026-08-26T21:46:01.898+0000] {logging_mixin.py:188} INFO - [2026-08-26T21:46:01.898+0000] {dag.py:3823} INFO - Setting next_dagrun for air_quality_ingestion to 2026-08-26 21:00:00+00:00, run_after=2026-08-26 22:00:00+00:00
[2026-08-26T21:46:01.915+0000] {processor.py:183} INFO - Processing /opt/airflow/dags/ingestion_dag.py took 0.124 seconds
[2026-08-26T21:46:32.290+0000] {processor.py:161} INFO - Started process (PID=3332) to work on /opt/airflow/dags/ingestion_dag.py
[2026-08-26T21:46:32.291+0000] {processor.py:830} INFO - Processing file /opt/airflow/dags/ingestion_dag.py for tasks to queue
[2026-08-26T21:46:32.292+0000] {logging_mixin.py:188} INFO - [2026-08-26T21:46:32.292+0000] {dagbag.py:538} INFO - Filling up the DagBag from /opt/airflow/dags/ingestion_dag.py
[2026-08-26T21:46:32.370+0000] {processor.py:840} INFO - DAG(s) 'air_quality_ingestion' retrieved from /opt/airflow/dags/ingestion_dag.py
[2026-08-26T21:46:32.388+0000] {logging_mixin.py:188} INFO - [2026-08-26T21:46:32.388+0000] {dag.py:3036} INFO - Sync 1 DAGs
[2026-08-26T21:46:32.406+0000] {logging_mixin.py:188} INFO - [2026-08-26T21:46:32.406+0000] {dag.py:3823} INFO - Setting next_dagrun for air_quality_ingestion to 2026-08-26 21:00:00+00:00, run_after=2026-08-26 22:00:00+00:00
[2026-08-26T21:46:32.421+0000] {processor.py:183} INFO - Processing /opt/airflow/dags/ingestion_dag.py took 0.135 seconds
[2026-08-26T21:47:02.744+0000] {processor.py:161} INFO - Started process (PID=3342) to work on /opt/airflow/dags/ingestion_dag.py
[2026-08-26T21:47:02.745+0000] {processor.py:830} INFO - Processing file /opt/airflow/dags/ingestion_dag.py for tasks to queue
[2026-08-26T21:47:02.746+0000] {logging_mixin.py:188} INFO - [2026-08-26T21:47:02.746+0000] {dagbag.py:538} INFO - Filling up the DagBag from /opt/airflow/dags/ingestion_dag.py
[2026-08-26T21:47:02.819+0000] {processor.py:840} INFO - DAG(s) 'air_quality_ingestion' retrieved from /opt/airflow/dags/ingestion_dag.py
[2026-08-26T21:47:02.840+0000] {logging_mixin.py:188} INFO - [2026-08-26T21:47:02.839+0000] {dag.py:3036} INFO - Sync 1 DAGs
[2026-08-26T21:47:02.858+0000] {logging_mixin.py:188} INFO - [2026-08-26T21:47:02.858+0000] {dag.py:3823} INFO - Setting next_dagrun for air_quality_ingestion to 2026-08-26 21:00:00+00:00, run_after=2026-08-26 22:00:00+00:00
[2026-08-26T21:47:02.875+0000] {processor.py:183} INFO - Processing /opt/airflow/dags/ingestion_dag.py took 0.133 seconds
[2026-08-26T21:47:33.204+0000] {processor.py:161} INFO - Started process (PID=3352) to work on /opt/airflow/dags/ingestion_dag.py
[2026-08-26T21:47:33.204+0000] {processor.py:830} INFO - Processing file /opt/airflow/dags/ingestion_dag.py for tasks to queue
[2026-08-26T21:47:33.205+0000] {logging_mixin.py:188} INFO - [2026-08-26T21:47:33.205+0000] {dagbag.py:538} INFO - Filling up the DagBag from /opt/airflow/dags/ingestion_dag.py
[2026-08-26T21:47:33.273+0000] {processor.py:840} INFO - DAG(s) 'air_quality_ingestion' retrieved from /opt/airflow/dags/ingestion_dag.py
[2026-08-26T21:47:33.292+0000] {logging_mixin.py:188} INFO - [2026-08-26T21:47:33.291+0000] {dag.py:3036} INFO - Sync 1 DAGs
[2026-08-26T21:47:33.308+0000] {logging_mixin.py:188} INFO - [2026-08-26T21:47:33.308+0000] {dag.py:3823} INFO - Setting next_dagrun for air_quality_ingestion to 2026-08-26 21:00:00+00:00, run_after=2026-08-26 22:00:00+00:00
[2026-08-26T21:47:33.323+0000] {processor.py:183} INFO - Processing /opt/airflow/dags/ingestion_dag.py took 0.121 seconds
[2026-08-26T21:48:03.705+0000] {processor.py:161} INFO - Started process (PID=3362) to work on /opt/airflow/dags/ingestion_dag.py
[2026-08-26T21:48:03.706+0000] {processor.py:830} INFO - Processing file /opt/airflow/dags/ingestion_dag.py for tasks to queue
[2026-08-26T21:48:03.707+0000] {logging_mixin.py:188} INFO - [2026-08-26T21:48:03.706+0000] {dagbag.py:538} INFO - Filling up the DagBag from /opt/airflow/dags/ingestion_dag.py
[2026-08-26T21:48:03.775+0000] {processor.py:840} INFO - DAG(s) 'air_quality_ingestion' retrieved from /opt/airflow/dags/ingestion_dag.py
[2026-08-26T21:48:03.796+0000] {logging_mixin.py:188} INFO - [2026-08-26T21:48:03.796+0000] {dag.py:3036} INFO - Sync 1 DAGs
[2026-08-26T21:48:03.813+0000] {logging_mixin.py:188} INFO - [2026-08-26T21:48:03.813+0000] {dag.py:3823} INFO - Setting next_dagrun for air_quality_ingestion to 2026-08-26 21:00:00+00:00, run_after=2026-08-26 22:00:00+00:00
[2026-08-26T21:48:03.830+0000] {processor.py:183} INFO - Processing /opt/airflow/dags/ingestion_dag.py took 0.127 seconds
[2026-08-26T21:48:34.156+0000] {processor.py:161} INFO - Started process (PID=3372) to work on /opt/airflow/dags/ingestion_dag.py
[2026-08-26T21:48:34.156+0000] {processor.py:830} INFO - Processing file /opt/airflow/dags/ingestion_dag.py for tasks to queue
[2026-08-26T21:48:34.157+0000] {logging_mixin.py:188} INFO - [2026-08-26T21:48:34.157+0000] {dagbag.py:538} INFO - Filling up the DagBag from /opt/airflow/dags/ingestion_dag.py
[2026-08-26T21:48:34.230+0000] {processor.py:840} INFO - DAG(s) 'air_quality_ingestion' retrieved from /opt/airflow/dags/ingestion_dag.py
[2026-08-26T21:48:34.251+0000] {logging_mixin.py:188} INFO - [2026-08-26T21:48:34.251+0000] {dag.py:3036} INFO - Sync 1 DAGs
[2026-08-26T21:48:34.270+0000] {logging_mixin.py:188} INFO - [2026-08-26T21:48:34.270+0000] {dag.py:3823} INFO - Setting next_dagrun for air_quality_ingestion to 2026-08-26 21:00:00+00:00, run_after=2026-08-26 22:00:00+00:00
[2026-08-26T21:48:34.285+0000] {processor.py:183} INFO - Processing /opt/airflow/dags/ingestion_dag.py took 0.132 seconds
[2026-08-26T21:49:04.677+0000] {processor.py:161} INFO - Started process (PID=3382) to work on /opt/airflow/dags/ingestion_dag.py
[2026-08-26T21:49:04.677+0000] {processor.py:830} INFO - Processing file /opt/airflow/dags/ingestion_dag.py for tasks to queue
[2026-08-26T21:49:04.678+0000] {logging_mixin.py:188} INFO - [2026-08-26T21:49:04.678+0000] {dagbag.py:538} INFO - Filling up the DagBag from /opt/airflow/dags/ingestion_dag.py
[2026-08-26T21:49:04.753+0000] {processor.py:840} INFO - DAG(s) 'air_quality_ingestion' retrieved from /opt/airflow/dags/ingestion_dag.py
[2026-08-26T21:49:04.774+0000] {logging_mixin.py:188} INFO - [2026-08-26T21:49:04.773+0000] {dag.py:3036} INFO - Sync 1 DAGs
[2026-08-26T21:49:04.791+0000] {logging_mixin.py:188} INFO - [2026-08-26T21:49:04.791+0000] {dag.py:3823} INFO - Setting next_dagrun for air_quality_ingestion to 2026-08-26 21:00:00+00:00, run_after=2026-08-26 22:00:00+00:00
[2026-08-26T21:49:04.807+0000] {processor.py:183} INFO - Processing /opt/airflow/dags/ingestion_dag.py took 0.133 seconds
[2026-08-26T21:49:35.169+0000] {processor.py:161} INFO - Started process (PID=3392) to work on /opt/airflow/dags/ingestion_dag.py
[2026-08-26T21:49:35.170+0000] {processor.py:830} INFO - Processing file /opt/airflow/dags/ingestion_dag.py for tasks to queue
[2026-08-26T21:49:35.171+0000] {logging_mixin.py:188} INFO - [2026-08-26T21:49:35.170+0000] {dagbag.py:538} INFO - Filling up the DagBag from /opt/airflow/dags/ingestion_dag.py
[2026-08-26T21:49:35.243+0000] {processor.py:840} INFO - DAG(s) 'air_quality_ingestion' retrieved from /opt/airflow/dags/ingestion_dag.py
[2026-08-26T21:49:35.261+0000] {logging_mixin.py:188} INFO - [2026-08-26T21:49:35.261+0000] {dag.py:3036} INFO - Sync 1 DAGs
[2026-08-26T21:49:35.278+0000] {logging_mixin.py:188} INFO - [2026-08-26T21:49:35.278+0000] {dag.py:3823} INFO - Setting next_dagrun for air_quality_ingestion to 2026-08-26 21:00:00+00:00, run_after=2026-08-26 22:00:00+00:00
[2026-08-26T21:49:35.292+0000] {processor.py:183} INFO - Processing /opt/airflow/dags/ingestion_dag.py took 0.126 seconds
[2026-08-26T21:50:05.661+0000] {processor.py:161} INFO - Started process (PID=3402) to work on /opt/airflow/dags/ingestion_dag.py
[2026-08-26T21:50:05.662+0000] {processor.py:830} INFO - Processing file /opt/airflow/dags/ingestion_dag.py for tasks to queue
[2026-08-26T21:50:05.663+0000] {logging_mixin.py:188} INFO - [2026-08-26T21:50:05.662+0000] {dagbag.py:538} INFO - Filling up the DagBag from /opt/airflow/dags/ingestion_dag.py
[2026-08-26T21:50:05.730+0000] {processor.py:840} INFO - DAG(s) 'air_quality_ingestion' retrieved from /opt/airflow/dags/ingestion_dag.py
[2026-08-26T21:50:05.750+0000] {logging_mixin.py:188} INFO - [2026-08-26T21:50:05.750+0000] {dag.py:3036} INFO - Sync 1 DAGs
[2026-08-26T21:50:05.769+0000] {logging_mixin.py:188} INFO - [2026-08-26T21:50:05.769+0000] {dag.py:3823} INFO - Setting next_dagrun for air_quality_ingestion to 2026-08-26 21:00:00+00:00, run_after=2026-08-26 22:00:00+00:00
[2026-08-26T21:50:05.784+0000] {processor.py:183} INFO - Processing /opt/airflow/dags/ingestion_dag.py took 0.127 seconds
[2026-08-26T21:50:36.116+0000] {processor.py:161} INFO - Started process (PID=3412) to work on /opt/airflow/dags/ingestion_dag.py
[2026-08-26T21:50:36.117+0000] {processor.py:830} INFO - Processing file /opt/airflow/dags/ingestion_dag.py for tasks to queue
[2026-08-26T21:50:36.125+0000] {logging_mixin.py:188} INFO - [2026-08-26T21:50:36.124+0000] {dagbag.py:538} INFO - Filling up the DagBag from /opt/airflow/dags/ingestion_dag.py
[2026-08-26T21:50:36.213+0000] {processor.py:840} INFO - DAG(s) 'air_quality_ingestion' retrieved from /opt/airflow/dags/ingestion_dag.py
[2026-08-26T21:50:36.232+0000] {logging_mixin.py:188} INFO - [2026-08-26T21:50:36.232+0000] {dag.py:3036} INFO - Sync 1 DAGs
[2026-08-26T21:50:36.250+0000] {logging_mixin.py:188} INFO - [2026-08-26T21:50:36.250+0000] {dag.py:3823} INFO - Setting next_dagrun for air_quality_ingestion to 2026-08-26 21:00:00+00:00, run_after=2026-08-26 22:00:00+00:00
[2026-08-26T21:50:36.265+0000] {processor.py:183} INFO - Processing /opt/airflow/dags/ingestion_dag.py took 0.152 seconds
[2026-08-26T21:51:06.614+0000] {processor.py:161} INFO - Started process (PID=3422) to work on /opt/airflow/dags/ingestion_dag.py
[2026-08-26T21:51:06.615+0000] {processor.py:830} INFO - Processing file /opt/airflow/dags/ingestion_dag.py for tasks to queue
[2026-08-26T21:51:06.617+0000] {logging_mixin.py:188} INFO - [2026-08-26T21:51:06.616+0000] {dagbag.py:538} INFO - Filling up the DagBag from /opt/airflow/dags/ingestion_dag.py
[2026-08-26T21:51:06.691+0000] {processor.py:840} INFO - DAG(s) 'air_quality_ingestion' retrieved from /opt/airflow/dags/ingestion_dag.py
[2026-08-26T21:51:06.710+0000] {logging_mixin.py:188} INFO - [2026-08-26T21:51:06.710+0000] {dag.py:3036} INFO - Sync 1 DAGs
[2026-08-26T21:51:06.728+0000] {logging_mixin.py:188} INFO - [2026-08-26T21:51:06.728+0000] {dag.py:3823} INFO - Setting next_dagrun for air_quality_ingestion to 2026-08-26 21:00:00+00:00, run_after=2026-08-26 22:00:00+00:00
[2026-08-26T21:51:06.744+0000] {processor.py:183} INFO - Processing /opt/airflow/dags/ingestion_dag.py took 0.131 seconds
[2026-08-26T21:51:37.046+0000] {processor.py:161} INFO - Started process (PID=3432) to work on /opt/airflow/dags/ingestion_dag.py
[2026-08-26T21:51:37.047+0000] {processor.py:830} INFO - Processing file /opt/airflow/dags/ingestion_dag.py for tasks to queue
[2026-08-26T21:51:37.048+0000] {logging_mixin.py:188} INFO - [2026-08-26T21:51:37.048+0000] {dagbag.py:538} INFO - Filling up the DagBag from /opt/airflow/dags/ingestion_dag.py
[2026-08-26T21:51:37.122+0000] {processor.py:840} INFO - DAG(s) 'air_quality_ingestion' retrieved from /opt/airflow/dags/ingestion_dag.py
[2026-08-26T21:51:37.144+0000] {logging_mixin.py:188} INFO - [2026-08-26T21:51:37.144+0000] {dag.py:3036} INFO - Sync 1 DAGs
[2026-08-26T21:51:37.163+0000] {logging_mixin.py:188} INFO - [2026-08-26T21:51:37.162+0000] {dag.py:3823} INFO - Setting next_dagrun for air_quality_ingestion to 2026-08-26 21:00:00+00:00, run_after=2026-08-26 22:00:00+00:00
[2026-08-26T21:51:37.180+0000] {processor.py:183} INFO - Processing /opt/airflow/dags/ingestion_dag.py took 0.137 seconds
[2026-08-26T21:52:07.513+0000] {processor.py:161} INFO - Started process (PID=3442) to work on /opt/airflow/dags/ingestion_dag.py
[2026-08-26T21:52:07.515+0000] {processor.py:830} INFO - Processing file /opt/airflow/dags/ingestion_dag.py for tasks to queue
[2026-08-26T21:52:07.516+0000] {logging_mixin.py:188} INFO - [2026-08-26T21:52:07.515+0000] {dagbag.py:538} INFO - Filling up the DagBag from /opt/airflow/dags/ingestion_dag.py
[2026-08-26T21:52:07.596+0000] {processor.py:840} INFO - DAG(s) 'air_quality_ingestion' retrieved from /opt/airflow/dags/ingestion_dag.py
[2026-08-26T21:52:07.615+0000] {logging_mixin.py:188} INFO - [2026-08-26T21:52:07.615+0000] {dag.py:3036} INFO - Sync 1 DAGs
[2026-08-26T21:52:07.634+0000] {logging_mixin.py:188} INFO - [2026-08-26T21:52:07.633+0000] {dag.py:3823} INFO - Setting next_dagrun for air_quality_ingestion to 2026-08-26 21:00:00+00:00, run_after=2026-08-26 22:00:00+00:00
[2026-08-26T21:52:07.656+0000] {processor.py:183} INFO - Processing /opt/airflow/dags/ingestion_dag.py took 0.145 seconds
[2026-08-26T21:52:37.967+0000] {processor.py:161} INFO - Started process (PID=3452) to work on /opt/airflow/dags/ingestion_dag.py
[2026-08-26T21:52:37.968+0000] {processor.py:830} INFO - Processing file /opt/airflow/dags/ingestion_dag.py for tasks to queue
[2026-08-26T21:52:37.970+0000] {logging_mixin.py:188} INFO - [2026-08-26T21:52:37.970+0000] {dagbag.py:538} INFO - Filling up the DagBag from /opt/airflow/dags/ingestion_dag.py
[2026-08-26T21:52:38.050+0000] {processor.py:840} INFO - DAG(s) 'air_quality_ingestion' retrieved from /opt/airflow/dags/ingestion_dag.py
[2026-08-26T21:52:38.072+0000] {logging_mixin.py:188} INFO - [2026-08-26T21:52:38.072+0000] {dag.py:3036} INFO - Sync 1 DAGs
[2026-08-26T21:52:38.093+0000] {logging_mixin.py:188} INFO - [2026-08-26T21:52:38.093+0000] {dag.py:3823} INFO - Setting next_dagrun for air_quality_ingestion to 2026-08-26 21:00:00+00:00, run_after=2026-08-26 22:00:00+00:00
[2026-08-26T21:52:38.111+0000] {processor.py:183} INFO - Processing /opt/airflow/dags/ingestion_dag.py took 0.148 seconds
[2026-08-26T21:53:08.424+0000] {processor.py:161} INFO - Started process (PID=3462) to work on /opt/airflow/dags/ingestion_dag.py
[2026-08-26T21:53:08.425+0000] {processor.py:830} INFO - Processing file /opt/airflow/dags/ingestion_dag.py for tasks to queue
[2026-08-26T21:53:08.426+0000] {logging_mixin.py:188} INFO - [2026-08-26T21:53:08.426+0000] {dagbag.py:538} INFO - Filling up the DagBag from /opt/airflow/dags/ingestion_dag.py
[2026-08-26T21:53:08.502+0000] {processor.py:840} INFO - DAG(s) 'air_quality_ingestion' retrieved from /opt/airflow/dags/ingestion_dag.py
[2026-08-26T21:53:08.522+0000] {logging_mixin.py:188} INFO - [2026-08-26T21:53:08.522+0000] {dag.py:3036} INFO - Sync 1 DAGs
[2026-08-26T21:53:08.539+0000] {logging_mixin.py:188} INFO - [2026-08-26T21:53:08.539+0000] {dag.py:3823} INFO - Setting next_dagrun for air_quality_ingestion to 2026-08-26 21:00:00+00:00, run_after=2026-08-26 22:00:00+00:00
[2026-08-26T21:53:08.555+0000] {processor.py:183} INFO - Processing /opt/airflow/dags/ingestion_dag.py took 0.134 seconds
[2026-08-26T21:53:38.873+0000] {processor.py:161} INFO - Started process (PID=3472) to work on /opt/airflow/dags/ingestion_dag.py
[2026-08-26T21:53:38.873+0000] {processor.py:830} INFO - Processing file /opt/airflow/dags/ingestion_dag.py for tasks to queue
[2026-08-26T21:53:38.874+0000] {logging_mixin.py:188} INFO - [2026-08-26T21:53:38.874+0000] {dagbag.py:538} INFO - Filling up the DagBag from /opt/airflow/dags/ingestion_dag.py
[2026-08-26T21:53:38.946+0000] {processor.py:840} INFO - DAG(s) 'air_quality_ingestion' retrieved from /opt/airflow/dags/ingestion_dag.py
[2026-08-26T21:53:38.971+0000] {logging_mixin.py:188} INFO - [2026-08-26T21:53:38.970+0000] {dag.py:3036} INFO - Sync 1 DAGs
[2026-08-26T21:53:38.989+0000] {logging_mixin.py:188} INFO - [2026-08-26T21:53:38.989+0000] {dag.py:3823} INFO - Setting next_dagrun for air_quality_ingestion to 2026-08-26 21:00:00+00:00, run_after=2026-08-26 22:00:00+00:00
[2026-08-26T21:53:39.005+0000] {processor.py:183} INFO - Processing /opt/airflow/dags/ingestion_dag.py took 0.135 seconds
[2026-08-26T21:54:09.326+0000] {processor.py:161} INFO - Started process (PID=3482) to work on /opt/airflow/dags/ingestion_dag.py
[2026-08-26T21:54:09.327+0000] {processor.py:830} INFO - Processing file /opt/airflow/dags/ingestion_dag.py for tasks to queue
[2026-08-26T21:54:09.328+0000] {logging_mixin.py:188} INFO - [2026-08-26T21:54:09.327+0000] {dagbag.py:538} INFO - Filling up the DagBag from /opt/airflow/dags/ingestion_dag.py
[2026-08-26T21:54:09.402+0000] {processor.py:840} INFO - DAG(s) 'air_quality_ingestion' retrieved from /opt/airflow/dags/ingestion_dag.py
[2026-08-26T21:54:09.421+0000] {logging_mixin.py:188} INFO - [2026-08-26T21:54:09.421+0000] {dag.py:3036} INFO - Sync 1 DAGs
[2026-08-26T21:54:09.439+0000] {logging_mixin.py:188} INFO - [2026-08-26T21:54:09.438+0000] {dag.py:3823} INFO - Setting next_dagrun for air_quality_ingestion to 2026-08-26 21:00:00+00:00, run_after=2026-08-26 22:00:00+00:00
[2026-08-26T21:54:09.455+0000] {processor.py:183} INFO - Processing /opt/airflow/dags/ingestion_dag.py took 0.132 seconds
[2026-08-26T21:54:39.847+0000] {processor.py:161} INFO - Started process (PID=3492) to work on /opt/airflow/dags/ingestion_dag.py
[2026-08-26T21:54:39.847+0000] {processor.py:830} INFO - Processing file /opt/airflow/dags/ingestion_dag.py for tasks to queue
[2026-08-26T21:54:39.848+0000] {logging_mixin.py:188} INFO - [2026-08-26T21:54:39.848+0000] {dagbag.py:538} INFO - Filling up the DagBag from /opt/airflow/dags/ingestion_dag.py
[2026-08-26T21:54:39.919+0000] {processor.py:840} INFO - DAG(s) 'air_quality_ingestion' retrieved from /opt/airflow/dags/ingestion_dag.py
[2026-08-26T21:54:39.939+0000] {logging_mixin.py:188} INFO - [2026-08-26T21:54:39.939+0000] {dag.py:3036} INFO - Sync 1 DAGs
[2026-08-26T21:54:39.957+0000] {logging_mixin.py:188} INFO - [2026-08-26T21:54:39.957+0000] {dag.py:3823} INFO - Setting next_dagrun for air_quality_ingestion to 2026-08-26 21:00:00+00:00, run_after=2026-08-26 22:00:00+00:00
[2026-08-26T21:54:39.973+0000] {processor.py:183} INFO - Processing /opt/airflow/dags/ingestion_dag.py took 0.129 seconds
[2026-08-26T21:55:10.284+0000] {processor.py:161} INFO - Started process (PID=3502) to work on /opt/airflow/dags/ingestion_dag.py
[2026-08-26T21:55:10.284+0000] {processor.py:830} INFO - Processing file /opt/airflow/dags/ingestion_dag.py for tasks to queue
[2026-08-26T21:55:10.285+0000] {logging_mixin.py:188} INFO - [2026-08-26T21:55:10.285+0000] {dagbag.py:538} INFO - Filling up the DagBag from /opt/airflow/dags/ingestion_dag.py
[2026-08-26T21:55:10.358+0000] {processor.py:840} INFO - DAG(s) 'air_quality_ingestion' retrieved from /opt/airflow/dags/ingestion_dag.py
[2026-08-26T21:55:10.379+0000] {logging_mixin.py:188} INFO - [2026-08-26T21:55:10.379+0000] {dag.py:3036} INFO - Sync 1 DAGs
[2026-08-26T21:55:10.398+0000] {logging_mixin.py:188} INFO - [2026-08-26T21:55:10.398+0000] {dag.py:3823} INFO - Setting next_dagrun for air_quality_ingestion to 2026-08-26 21:00:00+00:00, run_after=2026-08-26 22:00:00+00:00
[2026-08-26T21:55:10.416+0000] {processor.py:183} INFO - Processing /opt/airflow/dags/ingestion_dag.py took 0.134 seconds
[2026-08-26T21:55:40.727+0000] {processor.py:161} INFO - Started process (PID=3512) to work on /opt/airflow/dags/ingestion_dag.py
[2026-08-26T21:55:40.728+0000] {processor.py:830} INFO - Processing file /opt/airflow/dags/ingestion_dag.py for tasks to queue
[2026-08-26T21:55:40.729+0000] {logging_mixin.py:188} INFO - [2026-08-26T21:55:40.728+0000] {dagbag.py:538} INFO - Filling up the DagBag from /opt/airflow/dags/ingestion_dag.py
[2026-08-26T21:55:40.815+0000] {processor.py:840} INFO - DAG(s) 'air_quality_ingestion' retrieved from /opt/airflow/dags/ingestion_dag.py
[2026-08-26T21:55:40.836+0000] {logging_mixin.py:188} INFO - [2026-08-26T21:55:40.836+0000] {dag.py:3036} INFO - Sync 1 DAGs
[2026-08-26T21:55:40.855+0000] {logging_mixin.py:188} INFO - [2026-08-26T21:55:40.855+0000] {dag.py:3823} INFO - Setting next_dagrun for air_quality_ingestion to 2026-08-26 21:00:00+00:00, run_after=2026-08-26 22:00:00+00:00
[2026-08-26T21:55:40.873+0000] {processor.py:183} INFO - Processing /opt/airflow/dags/ingestion_dag.py took 0.150 seconds
[2026-08-26T21:56:11.158+0000] {processor.py:161} INFO - Started process (PID=3522) to work on /opt/airflow/dags/ingestion_dag.py
[2026-08-26T21:56:11.159+0000] {processor.py:830} INFO - Processing file /opt/airflow/dags/ingestion_dag.py for tasks to queue
[2026-08-26T21:56:11.160+0000] {logging_mixin.py:188} INFO - [2026-08-26T21:56:11.159+0000] {dagbag.py:538} INFO - Filling up the DagBag from /opt/airflow/dags/ingestion_dag.py
[2026-08-26T21:56:11.244+0000] {processor.py:840} INFO - DAG(s) 'air_quality_ingestion' retrieved from /opt/airflow/dags/ingestion_dag.py
[2026-08-26T21:56:11.263+0000] {logging_mixin.py:188} INFO - [2026-08-26T21:56:11.262+0000] {dag.py:3036} INFO - Sync 1 DAGs
[2026-08-26T21:56:11.283+0000] {logging_mixin.py:188} INFO - [2026-08-26T21:56:11.283+0000] {dag.py:3823} INFO - Setting next_dagrun for air_quality_ingestion to 2026-08-26 21:00:00+00:00, run_after=2026-08-26 22:00:00+00:00
[2026-08-26T21:56:11.301+0000] {processor.py:183} INFO - Processing /opt/airflow/dags/ingestion_dag.py took 0.146 seconds
[2026-08-26T21:56:41.604+0000] {processor.py:161} INFO - Started process (PID=3532) to work on /opt/airflow/dags/ingestion_dag.py
[2026-08-26T21:56:41.605+0000] {processor.py:830} INFO - Processing file /opt/airflow/dags/ingestion_dag.py for tasks to queue
[2026-08-26T21:56:41.606+0000] {logging_mixin.py:188} INFO - [2026-08-26T21:56:41.606+0000] {dagbag.py:538} INFO - Filling up the DagBag from /opt/airflow/dags/ingestion_dag.py
[2026-08-26T21:56:41.690+0000] {processor.py:840} INFO - DAG(s) 'air_quality_ingestion' retrieved from /opt/airflow/dags/ingestion_dag.py
[2026-08-26T21:56:41.715+0000] {logging_mixin.py:188} INFO - [2026-08-26T21:56:41.715+0000] {dag.py:3036} INFO - Sync 1 DAGs
[2026-08-26T21:56:41.739+0000] {logging_mixin.py:188} INFO - [2026-08-26T21:56:41.738+0000] {dag.py:3823} INFO - Setting next_dagrun for air_quality_ingestion to 2026-08-26 21:00:00+00:00, run_after=2026-08-26 22:00:00+00:00
[2026-08-26T21:56:41.760+0000] {processor.py:183} INFO - Processing /opt/airflow/dags/ingestion_dag.py took 0.158 seconds
[2026-08-26T21:57:12.081+0000] {processor.py:161} INFO - Started process (PID=3542) to work on /opt/airflow/dags/ingestion_dag.py
[2026-08-26T21:57:12.082+0000] {processor.py:830} INFO - Processing file /opt/airflow/dags/ingestion_dag.py for tasks to queue
[2026-08-26T21:57:12.082+0000] {logging_mixin.py:188} INFO - [2026-08-26T21:57:12.082+0000] {dagbag.py:538} INFO - Filling up the DagBag from /opt/airflow/dags/ingestion_dag.py
[2026-08-26T21:57:12.163+0000] {processor.py:840} INFO - DAG(s) 'air_quality_ingestion' retrieved from /opt/airflow/dags/ingestion_dag.py
[2026-08-26T21:57:12.182+0000] {logging_mixin.py:188} INFO - [2026-08-26T21:57:12.182+0000] {dag.py:3036} INFO - Sync 1 DAGs
[2026-08-26T21:57:12.201+0000] {logging_mixin.py:188} INFO - [2026-08-26T21:57:12.201+0000] {dag.py:3823} INFO - Setting next_dagrun for air_quality_ingestion to 2026-08-26 21:00:00+00:00, run_after=2026-08-26 22:00:00+00:00
[2026-08-26T21:57:12.217+0000] {processor.py:183} INFO - Processing /opt/airflow/dags/ingestion_dag.py took 0.138 seconds
[2026-08-26T21:57:42.538+0000] {processor.py:161} INFO - Started process (PID=3552) to work on /opt/airflow/dags/ingestion_dag.py
[2026-08-26T21:57:42.539+0000] {processor.py:830} INFO - Processing file /opt/airflow/dags/ingestion_dag.py for tasks to queue
[2026-08-26T21:57:42.540+0000] {logging_mixin.py:188} INFO - [2026-08-26T21:57:42.540+0000] {dagbag.py:538} INFO - Filling up the DagBag from /opt/airflow/dags/ingestion_dag.py
[2026-08-26T21:57:42.614+0000] {processor.py:840} INFO - DAG(s) 'air_quality_ingestion' retrieved from /opt/airflow/dags/ingestion_dag.py
[2026-08-26T21:57:42.633+0000] {logging_mixin.py:188} INFO - [2026-08-26T21:57:42.633+0000] {dag.py:3036} INFO - Sync 1 DAGs
[2026-08-26T21:57:42.650+0000] {logging_mixin.py:188} INFO - [2026-08-26T21:57:42.649+0000] {dag.py:3823} INFO - Setting next_dagrun for air_quality_ingestion to 2026-08-26 21:00:00+00:00, run_after=2026-08-26 22:00:00+00:00
[2026-08-26T21:57:42.666+0000] {processor.py:183} INFO - Processing /opt/airflow/dags/ingestion_dag.py took 0.130 seconds
[2026-08-26T21:58:12.994+0000] {processor.py:161} INFO - Started process (PID=3562) to work on /opt/airflow/dags/ingestion_dag.py
[2026-08-26T21:58:12.995+0000] {processor.py:830} INFO - Processing file /opt/airflow/dags/ingestion_dag.py for tasks to queue
[2026-08-26T21:58:12.996+0000] {logging_mixin.py:188} INFO - [2026-08-26T21:58:12.995+0000] {dagbag.py:538} INFO - Filling up the DagBag from /opt/airflow/dags/ingestion_dag.py
[2026-08-26T21:58:13.076+0000] {processor.py:840} INFO - DAG(s) 'air_quality_ingestion' retrieved from /opt/airflow/dags/ingestion_dag.py
[2026-08-26T21:58:13.098+0000] {logging_mixin.py:188} INFO - [2026-08-26T21:58:13.097+0000] {dag.py:3036} INFO - Sync 1 DAGs
[2026-08-26T21:58:13.117+0000] {logging_mixin.py:188} INFO - [2026-08-26T21:58:13.117+0000] {dag.py:3823} INFO - Setting next_dagrun for air_quality_ingestion to 2026-08-26 21:00:00+00:00, run_after=2026-08-26 22:00:00+00:00
[2026-08-26T21:58:13.136+0000] {processor.py:183} INFO - Processing /opt/airflow/dags/ingestion_dag.py took 0.144 seconds
[2026-08-26T21:58:43.523+0000] {processor.py:161} INFO - Started process (PID=3572) to work on /opt/airflow/dags/ingestion_dag.py
[2026-08-26T21:58:43.524+0000] {processor.py:830} INFO - Processing file /opt/airflow/dags/ingestion_dag.py for tasks to queue
[2026-08-26T21:58:43.525+0000] {logging_mixin.py:188} INFO - [2026-08-26T21:58:43.524+0000] {dagbag.py:538} INFO - Filling up the DagBag from /opt/airflow/dags/ingestion_dag.py
[2026-08-26T21:58:43.595+0000] {processor.py:840} INFO - DAG(s) 'air_quality_ingestion' retrieved from /opt/airflow/dags/ingestion_dag.py
[2026-08-26T21:58:43.613+0000] {logging_mixin.py:188} INFO - [2026-08-26T21:58:43.613+0000] {dag.py:3036} INFO - Sync 1 DAGs
[2026-08-26T21:58:43.631+0000] {logging_mixin.py:188} INFO - [2026-08-26T21:58:43.631+0000] {dag.py:3823} INFO - Setting next_dagrun for air_quality_ingestion to 2026-08-26 21:00:00+00:00, run_after=2026-08-26 22:00:00+00:00
[2026-08-26T21:58:43.646+0000] {processor.py:183} INFO - Processing /opt/airflow/dags/ingestion_dag.py took 0.125 seconds
[2026-08-26T21:59:14.051+0000] {processor.py:161} INFO - Started process (PID=3582) to work on /opt/airflow/dags/ingestion_dag.py
[2026-08-26T21:59:14.052+0000] {processor.py:830} INFO - Processing file /opt/airflow/dags/ingestion_dag.py for tasks to queue
[2026-08-26T21:59:14.053+0000] {logging_mixin.py:188} INFO - [2026-08-26T21:59:14.053+0000] {dagbag.py:538} INFO - Filling up the DagBag from /opt/airflow/dags/ingestion_dag.py
[2026-08-26T21:59:14.120+0000] {processor.py:840} INFO - DAG(s) 'air_quality_ingestion' retrieved from /opt/airflow/dags/ingestion_dag.py
[2026-08-26T21:59:14.140+0000] {logging_mixin.py:188} INFO - [2026-08-26T21:59:14.140+0000] {dag.py:3036} INFO - Sync 1 DAGs
[2026-08-26T21:59:14.158+0000] {logging_mixin.py:188} INFO - [2026-08-26T21:59:14.157+0000] {dag.py:3823} INFO - Setting next_dagrun for air_quality_ingestion to 2026-08-26 21:00:00+00:00, run_after=2026-08-26 22:00:00+00:00
[2026-08-26T21:59:14.175+0000] {processor.py:183} INFO - Processing /opt/airflow/dags/ingestion_dag.py took 0.126 seconds
[2026-08-26T21:59:44.540+0000] {processor.py:161} INFO - Started process (PID=3592) to work on /opt/airflow/dags/ingestion_dag.py
[2026-08-26T21:59:44.540+0000] {processor.py:830} INFO - Processing file /opt/airflow/dags/ingestion_dag.py for tasks to queue
[2026-08-26T21:59:44.541+0000] {logging_mixin.py:188} INFO - [2026-08-26T21:59:44.541+0000] {dagbag.py:538} INFO - Filling up the DagBag from /opt/airflow/dags/ingestion_dag.py
[2026-08-26T21:59:44.613+0000] {processor.py:840} INFO - DAG(s) 'air_quality_ingestion' retrieved from /opt/airflow/dags/ingestion_dag.py
[2026-08-26T21:59:44.634+0000] {logging_mixin.py:188} INFO - [2026-08-26T21:59:44.633+0000] {dag.py:3036} INFO - Sync 1 DAGs
[2026-08-26T21:59:44.651+0000] {logging_mixin.py:188} INFO - [2026-08-26T21:59:44.651+0000] {dag.py:3823} INFO - Setting next_dagrun for air_quality_ingestion to 2026-08-26 21:00:00+00:00, run_after=2026-08-26 22:00:00+00:00
[2026-08-26T21:59:44.668+0000] {processor.py:183} INFO - Processing /opt/airflow/dags/ingestion_dag.py took 0.130 seconds
[2026-08-26T22:00:14.972+0000] {processor.py:161} INFO - Started process (PID=3604) to work on /opt/airflow/dags/ingestion_dag.py
[2026-08-26T22:00:14.973+0000] {processor.py:830} INFO - Processing file /opt/airflow/dags/ingestion_dag.py for tasks to queue
[2026-08-26T22:00:14.973+0000] {logging_mixin.py:188} INFO - [2026-08-26T22:00:14.973+0000] {dagbag.py:538} INFO - Filling up the DagBag from /opt/airflow/dags/ingestion_dag.py
[2026-08-26T22:00:15.049+0000] {processor.py:840} INFO - DAG(s) 'air_quality_ingestion' retrieved from /opt/airflow/dags/ingestion_dag.py
[2026-08-26T22:00:15.069+0000] {logging_mixin.py:188} INFO - [2026-08-26T22:00:15.069+0000] {dag.py:3036} INFO - Sync 1 DAGs
[2026-08-26T22:00:15.086+0000] {logging_mixin.py:188} INFO - [2026-08-26T22:00:15.086+0000] {dag.py:3823} INFO - Setting next_dagrun for air_quality_ingestion to 2026-08-26 22:00:00+00:00, run_after=2026-08-26 23:00:00+00:00
[2026-08-26T22:00:15.104+0000] {processor.py:183} INFO - Processing /opt/airflow/dags/ingestion_dag.py took 0.134 seconds
[2026-08-26T22:00:45.432+0000] {processor.py:161} INFO - Started process (PID=3614) to work on /opt/airflow/dags/ingestion_dag.py
[2026-08-26T22:00:45.433+0000] {processor.py:830} INFO - Processing file /opt/airflow/dags/ingestion_dag.py for tasks to queue
[2026-08-26T22:00:45.434+0000] {logging_mixin.py:188} INFO - [2026-08-26T22:00:45.434+0000] {dagbag.py:538} INFO - Filling up the DagBag from /opt/airflow/dags/ingestion_dag.py
[2026-08-26T22:00:45.533+0000] {processor.py:840} INFO - DAG(s) 'air_quality_ingestion' retrieved from /opt/airflow/dags/ingestion_dag.py
[2026-08-26T22:00:45.560+0000] {logging_mixin.py:188} INFO - [2026-08-26T22:00:45.560+0000] {dag.py:3036} INFO - Sync 1 DAGs
[2026-08-26T22:00:45.583+0000] {logging_mixin.py:188} INFO - [2026-08-26T22:00:45.583+0000] {dag.py:3823} INFO - Setting next_dagrun for air_quality_ingestion to 2026-08-26 22:00:00+00:00, run_after=2026-08-26 23:00:00+00:00
[2026-08-26T22:00:45.607+0000] {processor.py:183} INFO - Processing /opt/airflow/dags/ingestion_dag.py took 0.178 seconds
[2026-08-26T22:01:15.944+0000] {processor.py:161} INFO - Started process (PID=3624) to work on /opt/airflow/dags/ingestion_dag.py
[2026-08-26T22:01:15.945+0000] {processor.py:830} INFO - Processing file /opt/airflow/dags/ingestion_dag.py for tasks to queue
[2026-08-26T22:01:15.946+0000] {logging_mixin.py:188} INFO - [2026-08-26T22:01:15.946+0000] {dagbag.py:538} INFO - Filling up the DagBag from /opt/airflow/dags/ingestion_dag.py
[2026-08-26T22:01:16.018+0000] {processor.py:840} INFO - DAG(s) 'air_quality_ingestion' retrieved from /opt/airflow/dags/ingestion_dag.py
[2026-08-26T22:01:16.036+0000] {logging_mixin.py:188} INFO - [2026-08-26T22:01:16.036+0000] {dag.py:3036} INFO - Sync 1 DAGs
[2026-08-26T22:01:16.052+0000] {logging_mixin.py:188} INFO - [2026-08-26T22:01:16.052+0000] {dag.py:3823} INFO - Setting next_dagrun for air_quality_ingestion to 2026-08-26 22:00:00+00:00, run_after=2026-08-26 23:00:00+00:00
[2026-08-26T22:01:16.067+0000] {processor.py:183} INFO - Processing /opt/airflow/dags/ingestion_dag.py took 0.125 seconds
[2026-08-26T22:01:46.396+0000] {processor.py:161} INFO - Started process (PID=3634) to work on /opt/airflow/dags/ingestion_dag.py
[2026-08-26T22:01:46.397+0000] {processor.py:830} INFO - Processing file /opt/airflow/dags/ingestion_dag.py for tasks to queue
[2026-08-26T22:01:46.398+0000] {logging_mixin.py:188} INFO - [2026-08-26T22:01:46.398+0000] {dagbag.py:538} INFO - Filling up the DagBag from /opt/airflow/dags/ingestion_dag.py
[2026-08-26T22:01:46.467+0000] {processor.py:840} INFO - DAG(s) 'air_quality_ingestion' retrieved from /opt/airflow/dags/ingestion_dag.py
[2026-08-26T22:01:46.484+0000] {logging_mixin.py:188} INFO - [2026-08-26T22:01:46.484+0000] {dag.py:3036} INFO - Sync 1 DAGs
[2026-08-26T22:01:46.501+0000] {logging_mixin.py:188} INFO - [2026-08-26T22:01:46.501+0000] {dag.py:3823} INFO - Setting next_dagrun for air_quality_ingestion to 2026-08-26 22:00:00+00:00, run_after=2026-08-26 23:00:00+00:00
[2026-08-26T22:01:46.515+0000] {processor.py:183} INFO - Processing /opt/airflow/dags/ingestion_dag.py took 0.121 seconds
[2026-08-26T22:02:16.854+0000] {processor.py:161} INFO - Started process (PID=3644) to work on /opt/airflow/dags/ingestion_dag.py
[2026-08-26T22:02:16.854+0000] {processor.py:830} INFO - Processing file /opt/airflow/dags/ingestion_dag.py for tasks to queue
[2026-08-26T22:02:16.855+0000] {logging_mixin.py:188} INFO - [2026-08-26T22:02:16.855+0000] {dagbag.py:538} INFO - Filling up the DagBag from /opt/airflow/dags/ingestion_dag.py
[2026-08-26T22:02:16.922+0000] {processor.py:840} INFO - DAG(s) 'air_quality_ingestion' retrieved from /opt/airflow/dags/ingestion_dag.py
[2026-08-26T22:02:16.943+0000] {logging_mixin.py:188} INFO - [2026-08-26T22:02:16.943+0000] {dag.py:3036} INFO - Sync 1 DAGs
[2026-08-26T22:02:16.961+0000] {logging_mixin.py:188} INFO - [2026-08-26T22:02:16.960+0000] {dag.py:3823} INFO - Setting next_dagrun for air_quality_ingestion to 2026-08-26 22:00:00+00:00, run_after=2026-08-26 23:00:00+00:00
[2026-08-26T22:02:16.976+0000] {processor.py:183} INFO - Processing /opt/airflow/dags/ingestion_dag.py took 0.127 seconds
[2026-08-26T22:02:47.348+0000] {processor.py:161} INFO - Started process (PID=3654) to work on /opt/airflow/dags/ingestion_dag.py
[2026-08-26T22:02:47.349+0000] {processor.py:830} INFO - Processing file /opt/airflow/dags/ingestion_dag.py for tasks to queue
[2026-08-26T22:02:47.350+0000] {logging_mixin.py:188} INFO - [2026-08-26T22:02:47.350+0000] {dagbag.py:538} INFO - Filling up the DagBag from /opt/airflow/dags/ingestion_dag.py
[2026-08-26T22:02:47.420+0000] {processor.py:840} INFO - DAG(s) 'air_quality_ingestion' retrieved from /opt/airflow/dags/ingestion_dag.py
[2026-08-26T22:02:47.438+0000] {logging_mixin.py:188} INFO - [2026-08-26T22:02:47.438+0000] {dag.py:3036} INFO - Sync 1 DAGs
[2026-08-26T22:02:47.455+0000] {logging_mixin.py:188} INFO - [2026-08-26T22:02:47.455+0000] {dag.py:3823} INFO - Setting next_dagrun for air_quality_ingestion to 2026-08-26 22:00:00+00:00, run_after=2026-08-26 23:00:00+00:00
[2026-08-26T22:02:47.471+0000] {processor.py:183} INFO - Processing /opt/airflow/dags/ingestion_dag.py took 0.125 seconds
[2026-08-26T22:03:17.807+0000] {processor.py:161} INFO - Started process (PID=3664) to work on /opt/airflow/dags/ingestion_dag.py
[2026-08-26T22:03:17.808+0000] {processor.py:830} INFO - Processing file /opt/airflow/dags/ingestion_dag.py for tasks to queue
[2026-08-26T22:03:17.809+0000] {logging_mixin.py:188} INFO - [2026-08-26T22:03:17.809+0000] {dagbag.py:538} INFO - Filling up the DagBag from /opt/airflow/dags/ingestion_dag.py
[2026-08-26T22:03:17.890+0000] {processor.py:840} INFO - DAG(s) 'air_quality_ingestion' retrieved from /opt/airflow/dags/ingestion_dag.py
[2026-08-26T22:03:17.909+0000] {logging_mixin.py:188} INFO - [2026-08-26T22:03:17.909+0000] {dag.py:3036} INFO - Sync 1 DAGs
[2026-08-26T22:03:17.925+0000] {logging_mixin.py:188} INFO - [2026-08-26T22:03:17.925+0000] {dag.py:3823} INFO - Setting next_dagrun for air_quality_ingestion to 2026-08-26 22:00:00+00:00, run_after=2026-08-26 23:00:00+00:00
[2026-08-26T22:03:17.942+0000] {processor.py:183} INFO - Processing /opt/airflow/dags/ingestion_dag.py took 0.137 seconds
[2026-08-26T22:03:48.335+0000] {processor.py:161} INFO - Started process (PID=3674) to work on /opt/airflow/dags/ingestion_dag.py
[2026-08-26T22:03:48.336+0000] {processor.py:830} INFO - Processing file /opt/airflow/dags/ingestion_dag.py for tasks to queue
[2026-08-26T22:03:48.336+0000] {logging_mixin.py:188} INFO - [2026-08-26T22:03:48.336+0000] {dagbag.py:538} INFO - Filling up the DagBag from /opt/airflow/dags/ingestion_dag.py
[2026-08-26T22:03:48.424+0000] {processor.py:840} INFO - DAG(s) 'air_quality_ingestion' retrieved from /opt/airflow/dags/ingestion_dag.py
[2026-08-26T22:03:48.440+0000] {logging_mixin.py:188} INFO - [2026-08-26T22:03:48.440+0000] {dag.py:3036} INFO - Sync 1 DAGs
[2026-08-26T22:03:48.457+0000] {logging_mixin.py:188} INFO - [2026-08-26T22:03:48.456+0000] {dag.py:3823} INFO - Setting next_dagrun for air_quality_ingestion to 2026-08-26 22:00:00+00:00, run_after=2026-08-26 23:00:00+00:00
[2026-08-26T22:03:48.471+0000] {processor.py:183} INFO - Processing /opt/airflow/dags/ingestion_dag.py took 0.139 seconds
[2026-08-26T22:04:18.914+0000] {processor.py:161} INFO - Started process (PID=3684) to work on /opt/airflow/dags/ingestion_dag.py
[2026-08-26T22:04:18.915+0000] {processor.py:830} INFO - Processing file /opt/airflow/dags/ingestion_dag.py for tasks to queue
[2026-08-26T22:04:18.916+0000] {logging_mixin.py:188} INFO - [2026-08-26T22:04:18.916+0000] {dagbag.py:538} INFO - Filling up the DagBag from /opt/airflow/dags/ingestion_dag.py
[2026-08-26T22:04:18.998+0000] {processor.py:840} INFO - DAG(s) 'air_quality_ingestion' retrieved from /opt/airflow/dags/ingestion_dag.py
[2026-08-26T22:04:19.016+0000] {logging_mixin.py:188} INFO - [2026-08-26T22:04:19.016+0000] {dag.py:3036} INFO - Sync 1 DAGs
[2026-08-26T22:04:19.033+0000] {logging_mixin.py:188} INFO - [2026-08-26T22:04:19.033+0000] {dag.py:3823} INFO - Setting next_dagrun for air_quality_ingestion to 2026-08-26 22:00:00+00:00, run_after=2026-08-26 23:00:00+00:00
[2026-08-26T22:04:19.048+0000] {processor.py:183} INFO - Processing /opt/airflow/dags/ingestion_dag.py took 0.137 seconds
[2026-08-26T22:04:49.355+0000] {processor.py:161} INFO - Started process (PID=3694) to work on /opt/airflow/dags/ingestion_dag.py
[2026-08-26T22:04:49.356+0000] {processor.py:830} INFO - Processing file /opt/airflow/dags/ingestion_dag.py for tasks to queue
[2026-08-26T22:04:49.357+0000] {logging_mixin.py:188} INFO - [2026-08-26T22:04:49.356+0000] {dagbag.py:538} INFO - Filling up the DagBag from /opt/airflow/dags/ingestion_dag.py
[2026-08-26T22:04:49.424+0000] {processor.py:840} INFO - DAG(s) 'air_quality_ingestion' retrieved from /opt/airflow/dags/ingestion_dag.py
[2026-08-26T22:04:49.444+0000] {logging_mixin.py:188} INFO - [2026-08-26T22:04:49.444+0000] {dag.py:3036} INFO - Sync 1 DAGs
[2026-08-26T22:04:49.463+0000] {logging_mixin.py:188} INFO - [2026-08-26T22:04:49.463+0000] {dag.py:3823} INFO - Setting next_dagrun for air_quality_ingestion to 2026-08-26 22:00:00+00:00, run_after=2026-08-26 23:00:00+00:00
[2026-08-26T22:04:49.478+0000] {processor.py:183} INFO - Processing /opt/airflow/dags/ingestion_dag.py took 0.125 seconds
[2026-08-26T22:05:19.783+0000] {processor.py:161} INFO - Started process (PID=3706) to work on /opt/airflow/dags/ingestion_dag.py
[2026-08-26T22:05:19.784+0000] {processor.py:830} INFO - Processing file /opt/airflow/dags/ingestion_dag.py for tasks to queue
[2026-08-26T22:05:19.785+0000] {logging_mixin.py:188} INFO - [2026-08-26T22:05:19.785+0000] {dagbag.py:538} INFO - Filling up the DagBag from /opt/airflow/dags/ingestion_dag.py
[2026-08-26T22:05:19.850+0000] {processor.py:840} INFO - DAG(s) 'air_quality_ingestion' retrieved from /opt/airflow/dags/ingestion_dag.py
[2026-08-26T22:05:19.870+0000] {logging_mixin.py:188} INFO - [2026-08-26T22:05:19.869+0000] {dag.py:3036} INFO - Sync 1 DAGs
[2026-08-26T22:05:19.887+0000] {logging_mixin.py:188} INFO - [2026-08-26T22:05:19.887+0000] {dag.py:3823} INFO - Setting next_dagrun for air_quality_ingestion to 2026-08-26 22:00:00+00:00, run_after=2026-08-26 23:00:00+00:00
[2026-08-26T22:05:19.904+0000] {processor.py:183} INFO - Processing /opt/airflow/dags/ingestion_dag.py took 0.124 seconds
[2026-08-26T22:05:50.261+0000] {processor.py:161} INFO - Started process (PID=3716) to work on /opt/airflow/dags/ingestion_dag.py
[2026-08-26T22:05:50.261+0000] {processor.py:830} INFO - Processing file /opt/airflow/dags/ingestion_dag.py for tasks to queue
[2026-08-26T22:05:50.262+0000] {logging_mixin.py:188} INFO - [2026-08-26T22:05:50.262+0000] {dagbag.py:538} INFO - Filling up the DagBag from /opt/airflow/dags/ingestion_dag.py
[2026-08-26T22:05:50.329+0000] {processor.py:840} INFO - DAG(s) 'air_quality_ingestion' retrieved from /opt/airflow/dags/ingestion_dag.py
[2026-08-26T22:05:50.347+0000] {logging_mixin.py:188} INFO - [2026-08-26T22:05:50.347+0000] {dag.py:3036} INFO - Sync 1 DAGs
[2026-08-26T22:05:50.363+0000] {logging_mixin.py:188} INFO - [2026-08-26T22:05:50.363+0000] {dag.py:3823} INFO - Setting next_dagrun for air_quality_ingestion to 2026-08-26 22:00:00+00:00, run_after=2026-08-26 23:00:00+00:00
[2026-08-26T22:05:50.378+0000] {processor.py:183} INFO - Processing /opt/airflow/dags/ingestion_dag.py took 0.120 seconds
[2026-08-26T22:06:20.731+0000] {processor.py:161} INFO - Started process (PID=3726) to work on /opt/airflow/dags/ingestion_dag.py
[2026-08-26T22:06:20.732+0000] {processor.py:830} INFO - Processing file /opt/airflow/dags/ingestion_dag.py for tasks to queue
[2026-08-26T22:06:20.733+0000] {logging_mixin.py:188} INFO - [2026-08-26T22:06:20.732+0000] {dagbag.py:538} INFO - Filling up the DagBag from /opt/airflow/dags/ingestion_dag.py
[2026-08-26T22:06:20.799+0000] {processor.py:840} INFO - DAG(s) 'air_quality_ingestion' retrieved from /opt/airflow/dags/ingestion_dag.py
[2026-08-26T22:06:20.817+0000] {logging_mixin.py:188} INFO - [2026-08-26T22:06:20.817+0000] {dag.py:3036} INFO - Sync 1 DAGs
[2026-08-26T22:06:20.833+0000] {logging_mixin.py:188} INFO - [2026-08-26T22:06:20.833+0000] {dag.py:3823} INFO - Setting next_dagrun for air_quality_ingestion to 2026-08-26 22:00:00+00:00, run_after=2026-08-26 23:00:00+00:00
[2026-08-26T22:06:20.849+0000] {processor.py:183} INFO - Processing /opt/airflow/dags/ingestion_dag.py took 0.120 seconds
[2026-08-26T22:06:51.154+0000] {processor.py:161} INFO - Started process (PID=3736) to work on /opt/airflow/dags/ingestion_dag.py
[2026-08-26T22:06:51.154+0000] {processor.py:830} INFO - Processing file /opt/airflow/dags/ingestion_dag.py for tasks to queue
[2026-08-26T22:06:51.155+0000] {logging_mixin.py:188} INFO - [2026-08-26T22:06:51.155+0000] {dagbag.py:538} INFO - Filling up the DagBag from /opt/airflow/dags/ingestion_dag.py
[2026-08-26T22:06:51.223+0000] {processor.py:840} INFO - DAG(s) 'air_quality_ingestion' retrieved from /opt/airflow/dags/ingestion_dag.py
[2026-08-26T22:06:51.242+0000] {logging_mixin.py:188} INFO - [2026-08-26T22:06:51.242+0000] {dag.py:3036} INFO - Sync 1 DAGs
[2026-08-26T22:06:51.261+0000] {logging_mixin.py:188} INFO - [2026-08-26T22:06:51.261+0000] {dag.py:3823} INFO - Setting next_dagrun for air_quality_ingestion to 2026-08-26 22:00:00+00:00, run_after=2026-08-26 23:00:00+00:00
[2026-08-26T22:06:51.276+0000] {processor.py:183} INFO - Processing /opt/airflow/dags/ingestion_dag.py took 0.125 seconds
[2026-08-26T22:07:21.615+0000] {processor.py:161} INFO - Started process (PID=3746) to work on /opt/airflow/dags/ingestion_dag.py
[2026-08-26T22:07:21.615+0000] {processor.py:830} INFO - Processing file /opt/airflow/dags/ingestion_dag.py for tasks to queue
[2026-08-26T22:07:21.616+0000] {logging_mixin.py:188} INFO - [2026-08-26T22:07:21.616+0000] {dagbag.py:538} INFO - Filling up the DagBag from /opt/airflow/dags/ingestion_dag.py
[2026-08-26T22:07:21.694+0000] {processor.py:840} INFO - DAG(s) 'air_quality_ingestion' retrieved from /opt/airflow/dags/ingestion_dag.py
[2026-08-26T22:07:21.716+0000] {logging_mixin.py:188} INFO - [2026-08-26T22:07:21.715+0000] {dag.py:3036} INFO - Sync 1 DAGs
[2026-08-26T22:07:21.732+0000] {logging_mixin.py:188} INFO - [2026-08-26T22:07:21.732+0000] {dag.py:3823} INFO - Setting next_dagrun for air_quality_ingestion to 2026-08-26 22:00:00+00:00, run_after=2026-08-26 23:00:00+00:00
[2026-08-26T22:07:21.748+0000] {processor.py:183} INFO - Processing /opt/airflow/dags/ingestion_dag.py took 0.136 seconds
[2026-08-26T22:07:52.103+0000] {processor.py:161} INFO - Started process (PID=3756) to work on /opt/airflow/dags/ingestion_dag.py
[2026-08-26T22:07:52.104+0000] {processor.py:830} INFO - Processing file /opt/airflow/dags/ingestion_dag.py for tasks to queue
[2026-08-26T22:07:52.105+0000] {logging_mixin.py:188} INFO - [2026-08-26T22:07:52.105+0000] {dagbag.py:538} INFO - Filling up the DagBag from /opt/airflow/dags/ingestion_dag.py
[2026-08-26T22:07:52.178+0000] {processor.py:840} INFO - DAG(s) 'air_quality_ingestion' retrieved from /opt/airflow/dags/ingestion_dag.py
[2026-08-26T22:07:52.198+0000] {logging_mixin.py:188} INFO - [2026-08-26T22:07:52.197+0000] {dag.py:3036} INFO - Sync 1 DAGs
[2026-08-26T22:07:52.214+0000] {logging_mixin.py:188} INFO - [2026-08-26T22:07:52.214+0000] {dag.py:3823} INFO - Setting next_dagrun for air_quality_ingestion to 2026-08-26 22:00:00+00:00, run_after=2026-08-26 23:00:00+00:00
[2026-08-26T22:07:52.232+0000] {processor.py:183} INFO - Processing /opt/airflow/dags/ingestion_dag.py took 0.131 seconds
[2026-08-26T22:08:22.604+0000] {processor.py:161} INFO - Started process (PID=3766) to work on /opt/airflow/dags/ingestion_dag.py
[2026-08-26T22:08:22.605+0000] {processor.py:830} INFO - Processing file /opt/airflow/dags/ingestion_dag.py for tasks to queue
[2026-08-26T22:08:22.606+0000] {logging_mixin.py:188} INFO - [2026-08-26T22:08:22.606+0000] {dagbag.py:538} INFO - Filling up the DagBag from /opt/airflow/dags/ingestion_dag.py
[2026-08-26T22:08:22.673+0000] {processor.py:840} INFO - DAG(s) 'air_quality_ingestion' retrieved from /opt/airflow/dags/ingestion_dag.py
[2026-08-26T22:08:22.692+0000] {logging_mixin.py:188} INFO - [2026-08-26T22:08:22.691+0000] {dag.py:3036} INFO - Sync 1 DAGs
[2026-08-26T22:08:22.709+0000] {logging_mixin.py:188} INFO - [2026-08-26T22:08:22.709+0000] {dag.py:3823} INFO - Setting next_dagrun for air_quality_ingestion to 2026-08-26 22:00:00+00:00, run_after=2026-08-26 23:00:00+00:00
[2026-08-26T22:08:22.724+0000] {processor.py:183} INFO - Processing /opt/airflow/dags/ingestion_dag.py took 0.123 seconds
[2026-08-26T22:54:25.885+0000] {processor.py:161} INFO - Started process (PID=3776) to work on /opt/airflow/dags/ingestion_dag.py
[2026-08-26T22:54:25.903+0000] {processor.py:830} INFO - Processing file /opt/airflow/dags/ingestion_dag.py for tasks to queue
[2026-08-26T22:54:25.911+0000] {logging_mixin.py:188} INFO - [2026-08-26T22:54:25.910+0000] {dagbag.py:538} INFO - Filling up the DagBag from /opt/airflow/dags/ingestion_dag.py
[2026-08-26T22:54:57.867+0000] {processor.py:161} INFO - Started process (PID=3784) to work on /opt/airflow/dags/ingestion_dag.py
[2026-08-26T22:54:57.870+0000] {processor.py:830} INFO - Processing file /opt/airflow/dags/ingestion_dag.py for tasks to queue
[2026-08-26T22:54:57.872+0000] {logging_mixin.py:188} INFO - [2026-08-26T22:54:57.871+0000] {dagbag.py:538} INFO - Filling up the DagBag from /opt/airflow/dags/ingestion_dag.py
[2026-08-26T22:54:58.864+0000] {processor.py:840} INFO - DAG(s) 'air_quality_ingestion' retrieved from /opt/airflow/dags/ingestion_dag.py
[2026-08-26T22:54:58.950+0000] {logging_mixin.py:188} INFO - [2026-08-26T22:54:58.949+0000] {dag.py:3036} INFO - Sync 1 DAGs
[2026-08-26T22:54:59.020+0000] {logging_mixin.py:188} INFO - [2026-08-26T22:54:59.020+0000] {dag.py:3823} INFO - Setting next_dagrun for air_quality_ingestion to 2026-08-26 22:00:00+00:00, run_after=2026-08-26 23:00:00+00:00
[2026-08-26T22:54:59.077+0000] {processor.py:183} INFO - Processing /opt/airflow/dags/ingestion_dag.py took 1.215 seconds
[2026-08-26T22:55:29.518+0000] {processor.py:161} INFO - Started process (PID=3794) to work on /opt/airflow/dags/ingestion_dag.py
[2026-08-26T22:55:29.520+0000] {processor.py:830} INFO - Processing file /opt/airflow/dags/ingestion_dag.py for tasks to queue
[2026-08-26T22:55:29.522+0000] {logging_mixin.py:188} INFO - [2026-08-26T22:55:29.521+0000] {dagbag.py:538} INFO - Filling up the DagBag from /opt/airflow/dags/ingestion_dag.py
[2026-08-26T22:55:29.657+0000] {processor.py:840} INFO - DAG(s) 'air_quality_ingestion' retrieved from /opt/airflow/dags/ingestion_dag.py
[2026-08-26T22:55:29.688+0000] {logging_mixin.py:188} INFO - [2026-08-26T22:55:29.688+0000] {dag.py:3036} INFO - Sync 1 DAGs
[2026-08-26T22:55:29.712+0000] {logging_mixin.py:188} INFO - [2026-08-26T22:55:29.712+0000] {dag.py:3823} INFO - Setting next_dagrun for air_quality_ingestion to 2026-08-26 22:00:00+00:00, run_after=2026-08-26 23:00:00+00:00
[2026-08-26T22:55:29.741+0000] {processor.py:183} INFO - Processing /opt/airflow/dags/ingestion_dag.py took 0.228 seconds
[2026-08-26T22:55:59.847+0000] {processor.py:161} INFO - Started process (PID=3804) to work on /opt/airflow/dags/ingestion_dag.py
[2026-08-26T22:55:59.849+0000] {processor.py:830} INFO - Processing file /opt/airflow/dags/ingestion_dag.py for tasks to queue
[2026-08-26T22:55:59.850+0000] {logging_mixin.py:188} INFO - [2026-08-26T22:55:59.849+0000] {dagbag.py:538} INFO - Filling up the DagBag from /opt/airflow/dags/ingestion_dag.py
[2026-08-26T22:55:59.966+0000] {processor.py:840} INFO - DAG(s) 'air_quality_ingestion' retrieved from /opt/airflow/dags/ingestion_dag.py
[2026-08-26T22:55:59.998+0000] {logging_mixin.py:188} INFO - [2026-08-26T22:55:59.997+0000] {dag.py:3036} INFO - Sync 1 DAGs
[2026-08-26T22:56:00.032+0000] {logging_mixin.py:188} INFO - [2026-08-26T22:56:00.032+0000] {dag.py:3823} INFO - Setting next_dagrun for air_quality_ingestion to 2026-08-26 22:00:00+00:00, run_after=2026-08-26 23:00:00+00:00
[2026-08-26T22:56:00.052+0000] {processor.py:183} INFO - Processing /opt/airflow/dags/ingestion_dag.py took 0.208 seconds
[2026-08-26T22:56:30.317+0000] {processor.py:161} INFO - Started process (PID=3814) to work on /opt/airflow/dags/ingestion_dag.py
[2026-08-26T22:56:30.323+0000] {processor.py:830} INFO - Processing file /opt/airflow/dags/ingestion_dag.py for tasks to queue
[2026-08-26T22:56:30.325+0000] {logging_mixin.py:188} INFO - [2026-08-26T22:56:30.324+0000] {dagbag.py:538} INFO - Filling up the DagBag from /opt/airflow/dags/ingestion_dag.py
[2026-08-26T22:56:30.467+0000] {processor.py:840} INFO - DAG(s) 'air_quality_ingestion' retrieved from /opt/airflow/dags/ingestion_dag.py
[2026-08-26T22:56:30.499+0000] {logging_mixin.py:188} INFO - [2026-08-26T22:56:30.499+0000] {dag.py:3036} INFO - Sync 1 DAGs
[2026-08-26T22:56:30.529+0000] {logging_mixin.py:188} INFO - [2026-08-26T22:56:30.528+0000] {dag.py:3823} INFO - Setting next_dagrun for air_quality_ingestion to 2026-08-26 22:00:00+00:00, run_after=2026-08-26 23:00:00+00:00
[2026-08-26T22:56:32.042+0000] {processor.py:183} INFO - Processing /opt/airflow/dags/ingestion_dag.py took 1.730 seconds
[2026-08-26T22:57:02.854+0000] {processor.py:161} INFO - Started process (PID=3826) to work on /opt/airflow/dags/ingestion_dag.py
[2026-08-26T22:57:02.856+0000] {processor.py:830} INFO - Processing file /opt/airflow/dags/ingestion_dag.py for tasks to queue
[2026-08-26T22:57:02.857+0000] {logging_mixin.py:188} INFO - [2026-08-26T22:57:02.857+0000] {dagbag.py:538} INFO - Filling up the DagBag from /opt/airflow/dags/ingestion_dag.py
[2026-08-26T22:57:02.940+0000] {processor.py:840} INFO - DAG(s) 'air_quality_ingestion' retrieved from /opt/airflow/dags/ingestion_dag.py
[2026-08-26T22:57:02.962+0000] {logging_mixin.py:188} INFO - [2026-08-26T22:57:02.962+0000] {dag.py:3036} INFO - Sync 1 DAGs
[2026-08-26T22:57:02.983+0000] {logging_mixin.py:188} INFO - [2026-08-26T22:57:02.982+0000] {dag.py:3823} INFO - Setting next_dagrun for air_quality_ingestion to 2026-08-26 22:00:00+00:00, run_after=2026-08-26 23:00:00+00:00
[2026-08-26T22:57:03.028+0000] {processor.py:183} INFO - Processing /opt/airflow/dags/ingestion_dag.py took 0.176 seconds
[2026-08-26T22:57:33.378+0000] {processor.py:161} INFO - Started process (PID=3836) to work on /opt/airflow/dags/ingestion_dag.py
[2026-08-26T22:57:33.383+0000] {processor.py:830} INFO - Processing file /opt/airflow/dags/ingestion_dag.py for tasks to queue
[2026-08-26T22:57:33.386+0000] {logging_mixin.py:188} INFO - [2026-08-26T22:57:33.386+0000] {dagbag.py:538} INFO - Filling up the DagBag from /opt/airflow/dags/ingestion_dag.py
[2026-08-26T22:57:33.477+0000] {processor.py:840} INFO - DAG(s) 'air_quality_ingestion' retrieved from /opt/airflow/dags/ingestion_dag.py
[2026-08-26T22:57:33.500+0000] {logging_mixin.py:188} INFO - [2026-08-26T22:57:33.499+0000] {dag.py:3036} INFO - Sync 1 DAGs
[2026-08-26T22:57:33.521+0000] {logging_mixin.py:188} INFO - [2026-08-26T22:57:33.520+0000] {dag.py:3823} INFO - Setting next_dagrun for air_quality_ingestion to 2026-08-26 22:00:00+00:00, run_after=2026-08-26 23:00:00+00:00
[2026-08-26T22:57:33.548+0000] {processor.py:183} INFO - Processing /opt/airflow/dags/ingestion_dag.py took 0.173 seconds
[2026-08-26T22:58:03.690+0000] {processor.py:161} INFO - Started process (PID=3846) to work on /opt/airflow/dags/ingestion_dag.py
[2026-08-26T22:58:03.694+0000] {processor.py:830} INFO - Processing file /opt/airflow/dags/ingestion_dag.py for tasks to queue
[2026-08-26T22:58:03.695+0000] {logging_mixin.py:188} INFO - [2026-08-26T22:58:03.695+0000] {dagbag.py:538} INFO - Filling up the DagBag from /opt/airflow/dags/ingestion_dag.py
[2026-08-26T22:58:03.789+0000] {processor.py:840} INFO - DAG(s) 'air_quality_ingestion' retrieved from /opt/airflow/dags/ingestion_dag.py
[2026-08-26T22:58:03.809+0000] {logging_mixin.py:188} INFO - [2026-08-26T22:58:03.809+0000] {dag.py:3036} INFO - Sync 1 DAGs
[2026-08-26T22:58:03.832+0000] {logging_mixin.py:188} INFO - [2026-08-26T22:58:03.832+0000] {dag.py:3823} INFO - Setting next_dagrun for air_quality_ingestion to 2026-08-26 22:00:00+00:00, run_after=2026-08-26 23:00:00+00:00
[2026-08-26T22:58:03.852+0000] {processor.py:183} INFO - Processing /opt/airflow/dags/ingestion_dag.py took 0.167 seconds
[2026-08-26T22:58:34.159+0000] {processor.py:161} INFO - Started process (PID=3856) to work on /opt/airflow/dags/ingestion_dag.py
[2026-08-26T22:58:34.161+0000] {processor.py:830} INFO - Processing file /opt/airflow/dags/ingestion_dag.py for tasks to queue
[2026-08-26T22:58:34.162+0000] {logging_mixin.py:188} INFO - [2026-08-26T22:58:34.161+0000] {dagbag.py:538} INFO - Filling up the DagBag from /opt/airflow/dags/ingestion_dag.py
[2026-08-26T22:58:34.230+0000] {processor.py:840} INFO - DAG(s) 'air_quality_ingestion' retrieved from /opt/airflow/dags/ingestion_dag.py
[2026-08-26T22:58:34.249+0000] {logging_mixin.py:188} INFO - [2026-08-26T22:58:34.249+0000] {dag.py:3036} INFO - Sync 1 DAGs
[2026-08-26T22:58:34.267+0000] {logging_mixin.py:188} INFO - [2026-08-26T22:58:34.266+0000] {dag.py:3823} INFO - Setting next_dagrun for air_quality_ingestion to 2026-08-26 22:00:00+00:00, run_after=2026-08-26 23:00:00+00:00
[2026-08-26T22:58:34.309+0000] {processor.py:183} INFO - Processing /opt/airflow/dags/ingestion_dag.py took 0.153 seconds
[2026-08-26T22:59:04.620+0000] {processor.py:161} INFO - Started process (PID=3866) to work on /opt/airflow/dags/ingestion_dag.py
[2026-08-26T22:59:04.621+0000] {processor.py:830} INFO - Processing file /opt/airflow/dags/ingestion_dag.py for tasks to queue
[2026-08-26T22:59:04.622+0000] {logging_mixin.py:188} INFO - [2026-08-26T22:59:04.621+0000] {dagbag.py:538} INFO - Filling up the DagBag from /opt/airflow/dags/ingestion_dag.py
[2026-08-26T22:59:04.712+0000] {processor.py:840} INFO - DAG(s) 'air_quality_ingestion' retrieved from /opt/airflow/dags/ingestion_dag.py
[2026-08-26T22:59:04.728+0000] {logging_mixin.py:188} INFO - [2026-08-26T22:59:04.727+0000] {dag.py:3036} INFO - Sync 1 DAGs
[2026-08-26T22:59:04.746+0000] {logging_mixin.py:188} INFO - [2026-08-26T22:59:04.746+0000] {dag.py:3823} INFO - Setting next_dagrun for air_quality_ingestion to 2026-08-26 22:00:00+00:00, run_after=2026-08-26 23:00:00+00:00
[2026-08-26T22:59:04.761+0000] {processor.py:183} INFO - Processing /opt/airflow/dags/ingestion_dag.py took 0.144 seconds
[2026-08-26T22:59:35.129+0000] {processor.py:161} INFO - Started process (PID=3876) to work on /opt/airflow/dags/ingestion_dag.py
[2026-08-26T22:59:35.131+0000] {processor.py:830} INFO - Processing file /opt/airflow/dags/ingestion_dag.py for tasks to queue
[2026-08-26T22:59:35.132+0000] {logging_mixin.py:188} INFO - [2026-08-26T22:59:35.132+0000] {dagbag.py:538} INFO - Filling up the DagBag from /opt/airflow/dags/ingestion_dag.py
[2026-08-26T22:59:35.215+0000] {processor.py:840} INFO - DAG(s) 'air_quality_ingestion' retrieved from /opt/airflow/dags/ingestion_dag.py
[2026-08-26T22:59:35.239+0000] {logging_mixin.py:188} INFO - [2026-08-26T22:59:35.239+0000] {dag.py:3036} INFO - Sync 1 DAGs
[2026-08-26T22:59:35.264+0000] {logging_mixin.py:188} INFO - [2026-08-26T22:59:35.264+0000] {dag.py:3823} INFO - Setting next_dagrun for air_quality_ingestion to 2026-08-26 22:00:00+00:00, run_after=2026-08-26 23:00:00+00:00
[2026-08-26T22:59:35.290+0000] {processor.py:183} INFO - Processing /opt/airflow/dags/ingestion_dag.py took 0.165 seconds
[2026-08-26T23:00:05.590+0000] {processor.py:161} INFO - Started process (PID=3888) to work on /opt/airflow/dags/ingestion_dag.py
[2026-08-26T23:00:05.593+0000] {processor.py:830} INFO - Processing file /opt/airflow/dags/ingestion_dag.py for tasks to queue
[2026-08-26T23:00:05.594+0000] {logging_mixin.py:188} INFO - [2026-08-26T23:00:05.594+0000] {dagbag.py:538} INFO - Filling up the DagBag from /opt/airflow/dags/ingestion_dag.py
[2026-08-26T23:00:05.694+0000] {processor.py:840} INFO - DAG(s) 'air_quality_ingestion' retrieved from /opt/airflow/dags/ingestion_dag.py
[2026-08-26T23:00:05.720+0000] {logging_mixin.py:188} INFO - [2026-08-26T23:00:05.720+0000] {dag.py:3036} INFO - Sync 1 DAGs
[2026-08-26T23:00:05.748+0000] {logging_mixin.py:188} INFO - [2026-08-26T23:00:05.748+0000] {dag.py:3823} INFO - Setting next_dagrun for air_quality_ingestion to 2026-08-26 23:00:00+00:00, run_after=2026-08-27 00:00:00+00:00
[2026-08-26T23:00:05.765+0000] {processor.py:183} INFO - Processing /opt/airflow/dags/ingestion_dag.py took 0.178 seconds
[2026-08-26T23:00:36.097+0000] {processor.py:161} INFO - Started process (PID=3898) to work on /opt/airflow/dags/ingestion_dag.py
[2026-08-26T23:00:36.098+0000] {processor.py:830} INFO - Processing file /opt/airflow/dags/ingestion_dag.py for tasks to queue
[2026-08-26T23:00:36.099+0000] {logging_mixin.py:188} INFO - [2026-08-26T23:00:36.099+0000] {dagbag.py:538} INFO - Filling up the DagBag from /opt/airflow/dags/ingestion_dag.py
[2026-08-26T23:00:36.192+0000] {processor.py:840} INFO - DAG(s) 'air_quality_ingestion' retrieved from /opt/airflow/dags/ingestion_dag.py
[2026-08-26T23:00:36.222+0000] {logging_mixin.py:188} INFO - [2026-08-26T23:00:36.221+0000] {dag.py:3036} INFO - Sync 1 DAGs
[2026-08-26T23:00:36.252+0000] {logging_mixin.py:188} INFO - [2026-08-26T23:00:36.251+0000] {dag.py:3823} INFO - Setting next_dagrun for air_quality_ingestion to 2026-08-26 23:00:00+00:00, run_after=2026-08-27 00:00:00+00:00
[2026-08-26T23:00:36.279+0000] {processor.py:183} INFO - Processing /opt/airflow/dags/ingestion_dag.py took 0.185 seconds
[2026-08-26T23:01:06.609+0000] {processor.py:161} INFO - Started process (PID=3908) to work on /opt/airflow/dags/ingestion_dag.py
[2026-08-26T23:01:06.610+0000] {processor.py:830} INFO - Processing file /opt/airflow/dags/ingestion_dag.py for tasks to queue
[2026-08-26T23:01:06.611+0000] {logging_mixin.py:188} INFO - [2026-08-26T23:01:06.611+0000] {dagbag.py:538} INFO - Filling up the DagBag from /opt/airflow/dags/ingestion_dag.py
[2026-08-26T23:01:06.678+0000] {processor.py:840} INFO - DAG(s) 'air_quality_ingestion' retrieved from /opt/airflow/dags/ingestion_dag.py
[2026-08-26T23:01:06.695+0000] {logging_mixin.py:188} INFO - [2026-08-26T23:01:06.695+0000] {dag.py:3036} INFO - Sync 1 DAGs
[2026-08-26T23:01:06.887+0000] {logging_mixin.py:188} INFO - [2026-08-26T23:01:06.886+0000] {dag.py:3823} INFO - Setting next_dagrun for air_quality_ingestion to 2026-08-26 23:00:00+00:00, run_after=2026-08-27 00:00:00+00:00
[2026-08-26T23:01:06.927+0000] {processor.py:183} INFO - Processing /opt/airflow/dags/ingestion_dag.py took 0.322 seconds
[2026-08-26T23:01:37.051+0000] {processor.py:161} INFO - Started process (PID=3918) to work on /opt/airflow/dags/ingestion_dag.py
[2026-08-26T23:01:37.052+0000] {processor.py:830} INFO - Processing file /opt/airflow/dags/ingestion_dag.py for tasks to queue
[2026-08-26T23:01:37.053+0000] {logging_mixin.py:188} INFO - [2026-08-26T23:01:37.053+0000] {dagbag.py:538} INFO - Filling up the DagBag from /opt/airflow/dags/ingestion_dag.py
[2026-08-26T23:01:37.117+0000] {processor.py:840} INFO - DAG(s) 'air_quality_ingestion' retrieved from /opt/airflow/dags/ingestion_dag.py
[2026-08-26T23:01:37.141+0000] {logging_mixin.py:188} INFO - [2026-08-26T23:01:37.141+0000] {dag.py:3036} INFO - Sync 1 DAGs
[2026-08-26T23:01:37.165+0000] {logging_mixin.py:188} INFO - [2026-08-26T23:01:37.165+0000] {dag.py:3823} INFO - Setting next_dagrun for air_quality_ingestion to 2026-08-26 23:00:00+00:00, run_after=2026-08-27 00:00:00+00:00
[2026-08-26T23:01:37.208+0000] {processor.py:183} INFO - Processing /opt/airflow/dags/ingestion_dag.py took 0.159 seconds
[2026-08-26T23:02:07.703+0000] {processor.py:161} INFO - Started process (PID=3928) to work on /opt/airflow/dags/ingestion_dag.py
[2026-08-26T23:02:07.705+0000] {processor.py:830} INFO - Processing file /opt/airflow/dags/ingestion_dag.py for tasks to queue
[2026-08-26T23:02:07.707+0000] {logging_mixin.py:188} INFO - [2026-08-26T23:02:07.706+0000] {dagbag.py:538} INFO - Filling up the DagBag from /opt/airflow/dags/ingestion_dag.py
[2026-08-26T23:02:07.880+0000] {processor.py:840} INFO - DAG(s) 'air_quality_ingestion' retrieved from /opt/airflow/dags/ingestion_dag.py
[2026-08-26T23:02:07.929+0000] {logging_mixin.py:188} INFO - [2026-08-26T23:02:07.929+0000] {dag.py:3036} INFO - Sync 1 DAGs
[2026-08-26T23:02:07.992+0000] {logging_mixin.py:188} INFO - [2026-08-26T23:02:07.992+0000] {dag.py:3823} INFO - Setting next_dagrun for air_quality_ingestion to 2026-08-26 23:00:00+00:00, run_after=2026-08-27 00:00:00+00:00
[2026-08-26T23:02:08.043+0000] {processor.py:183} INFO - Processing /opt/airflow/dags/ingestion_dag.py took 0.352 seconds
[2026-08-26T23:02:38.205+0000] {processor.py:161} INFO - Started process (PID=3938) to work on /opt/airflow/dags/ingestion_dag.py
[2026-08-26T23:02:38.206+0000] {processor.py:830} INFO - Processing file /opt/airflow/dags/ingestion_dag.py for tasks to queue
[2026-08-26T23:02:38.207+0000] {logging_mixin.py:188} INFO - [2026-08-26T23:02:38.207+0000] {dagbag.py:538} INFO - Filling up the DagBag from /opt/airflow/dags/ingestion_dag.py
[2026-08-26T23:02:38.269+0000] {processor.py:840} INFO - DAG(s) 'air_quality_ingestion' retrieved from /opt/airflow/dags/ingestion_dag.py
[2026-08-26T23:02:38.296+0000] {logging_mixin.py:188} INFO - [2026-08-26T23:02:38.296+0000] {dag.py:3036} INFO - Sync 1 DAGs
[2026-08-26T23:02:38.316+0000] {logging_mixin.py:188} INFO - [2026-08-26T23:02:38.316+0000] {dag.py:3823} INFO - Setting next_dagrun for air_quality_ingestion to 2026-08-26 23:00:00+00:00, run_after=2026-08-27 00:00:00+00:00
[2026-08-26T23:02:38.479+0000] {processor.py:183} INFO - Processing /opt/airflow/dags/ingestion_dag.py took 0.277 seconds
[2026-08-26T23:03:08.715+0000] {processor.py:161} INFO - Started process (PID=3948) to work on /opt/airflow/dags/ingestion_dag.py
[2026-08-26T23:03:08.717+0000] {processor.py:830} INFO - Processing file /opt/airflow/dags/ingestion_dag.py for tasks to queue
[2026-08-26T23:03:08.718+0000] {logging_mixin.py:188} INFO - [2026-08-26T23:03:08.718+0000] {dagbag.py:538} INFO - Filling up the DagBag from /opt/airflow/dags/ingestion_dag.py
[2026-08-26T23:03:08.827+0000] {processor.py:840} INFO - DAG(s) 'air_quality_ingestion' retrieved from /opt/airflow/dags/ingestion_dag.py
[2026-08-26T23:03:08.861+0000] {logging_mixin.py:188} INFO - [2026-08-26T23:03:08.861+0000] {dag.py:3036} INFO - Sync 1 DAGs
[2026-08-26T23:03:09.081+0000] {logging_mixin.py:188} INFO - [2026-08-26T23:03:09.081+0000] {dag.py:3823} INFO - Setting next_dagrun for air_quality_ingestion to 2026-08-26 23:00:00+00:00, run_after=2026-08-27 00:00:00+00:00
[2026-08-26T23:03:09.121+0000] {processor.py:183} INFO - Processing /opt/airflow/dags/ingestion_dag.py took 0.411 seconds
[2026-08-26T23:03:39.307+0000] {processor.py:161} INFO - Started process (PID=3958) to work on /opt/airflow/dags/ingestion_dag.py
[2026-08-26T23:03:39.308+0000] {processor.py:830} INFO - Processing file /opt/airflow/dags/ingestion_dag.py for tasks to queue
[2026-08-26T23:03:39.309+0000] {logging_mixin.py:188} INFO - [2026-08-26T23:03:39.309+0000] {dagbag.py:538} INFO - Filling up the DagBag from /opt/airflow/dags/ingestion_dag.py
[2026-08-26T23:03:39.374+0000] {processor.py:840} INFO - DAG(s) 'air_quality_ingestion' retrieved from /opt/airflow/dags/ingestion_dag.py
[2026-08-26T23:03:39.398+0000] {logging_mixin.py:188} INFO - [2026-08-26T23:03:39.398+0000] {dag.py:3036} INFO - Sync 1 DAGs
[2026-08-26T23:03:39.425+0000] {logging_mixin.py:188} INFO - [2026-08-26T23:03:39.424+0000] {dag.py:3823} INFO - Setting next_dagrun for air_quality_ingestion to 2026-08-26 23:00:00+00:00, run_after=2026-08-27 00:00:00+00:00
[2026-08-26T23:03:39.452+0000] {processor.py:183} INFO - Processing /opt/airflow/dags/ingestion_dag.py took 0.147 seconds
[2026-08-26T23:04:09.818+0000] {processor.py:161} INFO - Started process (PID=3968) to work on /opt/airflow/dags/ingestion_dag.py
[2026-08-26T23:04:09.820+0000] {processor.py:830} INFO - Processing file /opt/airflow/dags/ingestion_dag.py for tasks to queue
[2026-08-26T23:04:09.821+0000] {logging_mixin.py:188} INFO - [2026-08-26T23:04:09.821+0000] {dagbag.py:538} INFO - Filling up the DagBag from /opt/airflow/dags/ingestion_dag.py
[2026-08-26T23:04:09.940+0000] {processor.py:840} INFO - DAG(s) 'air_quality_ingestion' retrieved from /opt/airflow/dags/ingestion_dag.py
[2026-08-26T23:04:09.980+0000] {logging_mixin.py:188} INFO - [2026-08-26T23:04:09.980+0000] {dag.py:3036} INFO - Sync 1 DAGs
[2026-08-26T23:04:10.012+0000] {logging_mixin.py:188} INFO - [2026-08-26T23:04:10.012+0000] {dag.py:3823} INFO - Setting next_dagrun for air_quality_ingestion to 2026-08-26 23:00:00+00:00, run_after=2026-08-27 00:00:00+00:00
[2026-08-26T23:04:10.034+0000] {processor.py:183} INFO - Processing /opt/airflow/dags/ingestion_dag.py took 0.221 seconds
[2026-08-26T23:04:40.206+0000] {processor.py:161} INFO - Started process (PID=3978) to work on /opt/airflow/dags/ingestion_dag.py
[2026-08-26T23:04:40.207+0000] {processor.py:830} INFO - Processing file /opt/airflow/dags/ingestion_dag.py for tasks to queue
[2026-08-26T23:04:40.209+0000] {logging_mixin.py:188} INFO - [2026-08-26T23:04:40.208+0000] {dagbag.py:538} INFO - Filling up the DagBag from /opt/airflow/dags/ingestion_dag.py
[2026-08-26T23:04:40.282+0000] {processor.py:840} INFO - DAG(s) 'air_quality_ingestion' retrieved from /opt/airflow/dags/ingestion_dag.py
[2026-08-26T23:04:40.303+0000] {logging_mixin.py:188} INFO - [2026-08-26T23:04:40.303+0000] {dag.py:3036} INFO - Sync 1 DAGs
[2026-08-26T23:04:40.322+0000] {logging_mixin.py:188} INFO - [2026-08-26T23:04:40.322+0000] {dag.py:3823} INFO - Setting next_dagrun for air_quality_ingestion to 2026-08-26 23:00:00+00:00, run_after=2026-08-27 00:00:00+00:00
[2026-08-26T23:04:40.365+0000] {processor.py:183} INFO - Processing /opt/airflow/dags/ingestion_dag.py took 0.162 seconds
[2026-08-26T23:05:10.744+0000] {processor.py:161} INFO - Started process (PID=3990) to work on /opt/airflow/dags/ingestion_dag.py
[2026-08-26T23:05:10.746+0000] {processor.py:830} INFO - Processing file /opt/airflow/dags/ingestion_dag.py for tasks to queue
[2026-08-26T23:05:10.748+0000] {logging_mixin.py:188} INFO - [2026-08-26T23:05:10.747+0000] {dagbag.py:538} INFO - Filling up the DagBag from /opt/airflow/dags/ingestion_dag.py
[2026-08-26T23:05:10.864+0000] {processor.py:840} INFO - DAG(s) 'air_quality_ingestion' retrieved from /opt/airflow/dags/ingestion_dag.py
[2026-08-26T23:05:10.889+0000] {logging_mixin.py:188} INFO - [2026-08-26T23:05:10.889+0000] {dag.py:3036} INFO - Sync 1 DAGs
[2026-08-26T23:05:11.046+0000] {logging_mixin.py:188} INFO - [2026-08-26T23:05:11.046+0000] {dag.py:3823} INFO - Setting next_dagrun for air_quality_ingestion to 2026-08-26 23:00:00+00:00, run_after=2026-08-27 00:00:00+00:00
[2026-08-26T23:05:11.061+0000] {processor.py:183} INFO - Processing /opt/airflow/dags/ingestion_dag.py took 0.322 seconds
[2026-08-26T23:05:41.216+0000] {processor.py:161} INFO - Started process (PID=4000) to work on /opt/airflow/dags/ingestion_dag.py
[2026-08-26T23:05:41.218+0000] {processor.py:830} INFO - Processing file /opt/airflow/dags/ingestion_dag.py for tasks to queue
[2026-08-26T23:05:41.219+0000] {logging_mixin.py:188} INFO - [2026-08-26T23:05:41.218+0000] {dagbag.py:538} INFO - Filling up the DagBag from /opt/airflow/dags/ingestion_dag.py
[2026-08-26T23:05:41.291+0000] {processor.py:840} INFO - DAG(s) 'air_quality_ingestion' retrieved from /opt/airflow/dags/ingestion_dag.py
[2026-08-26T23:05:41.313+0000] {logging_mixin.py:188} INFO - [2026-08-26T23:05:41.313+0000] {dag.py:3036} INFO - Sync 1 DAGs
[2026-08-26T23:05:41.339+0000] {logging_mixin.py:188} INFO - [2026-08-26T23:05:41.338+0000] {dag.py:3823} INFO - Setting next_dagrun for air_quality_ingestion to 2026-08-26 23:00:00+00:00, run_after=2026-08-27 00:00:00+00:00
[2026-08-26T23:05:41.379+0000] {processor.py:183} INFO - Processing /opt/airflow/dags/ingestion_dag.py took 0.166 seconds
[2026-08-26T23:06:11.544+0000] {processor.py:161} INFO - Started process (PID=4010) to work on /opt/airflow/dags/ingestion_dag.py
[2026-08-26T23:06:11.546+0000] {processor.py:830} INFO - Processing file /opt/airflow/dags/ingestion_dag.py for tasks to queue
[2026-08-26T23:06:11.547+0000] {logging_mixin.py:188} INFO - [2026-08-26T23:06:11.546+0000] {dagbag.py:538} INFO - Filling up the DagBag from /opt/airflow/dags/ingestion_dag.py
[2026-08-26T23:06:11.655+0000] {processor.py:840} INFO - DAG(s) 'air_quality_ingestion' retrieved from /opt/airflow/dags/ingestion_dag.py
[2026-08-26T23:06:11.689+0000] {logging_mixin.py:188} INFO - [2026-08-26T23:06:11.688+0000] {dag.py:3036} INFO - Sync 1 DAGs
[2026-08-26T23:06:11.719+0000] {logging_mixin.py:188} INFO - [2026-08-26T23:06:11.718+0000] {dag.py:3823} INFO - Setting next_dagrun for air_quality_ingestion to 2026-08-26 23:00:00+00:00, run_after=2026-08-27 00:00:00+00:00
[2026-08-26T23:06:11.759+0000] {processor.py:183} INFO - Processing /opt/airflow/dags/ingestion_dag.py took 0.218 seconds
[2026-08-26T23:06:42.056+0000] {processor.py:161} INFO - Started process (PID=4020) to work on /opt/airflow/dags/ingestion_dag.py
[2026-08-26T23:06:42.058+0000] {processor.py:830} INFO - Processing file /opt/airflow/dags/ingestion_dag.py for tasks to queue
[2026-08-26T23:06:42.059+0000] {logging_mixin.py:188} INFO - [2026-08-26T23:06:42.059+0000] {dagbag.py:538} INFO - Filling up the DagBag from /opt/airflow/dags/ingestion_dag.py
[2026-08-26T23:06:42.127+0000] {processor.py:840} INFO - DAG(s) 'air_quality_ingestion' retrieved from /opt/airflow/dags/ingestion_dag.py
[2026-08-26T23:06:42.148+0000] {logging_mixin.py:188} INFO - [2026-08-26T23:06:42.147+0000] {dag.py:3036} INFO - Sync 1 DAGs
[2026-08-26T23:06:42.165+0000] {logging_mixin.py:188} INFO - [2026-08-26T23:06:42.165+0000] {dag.py:3823} INFO - Setting next_dagrun for air_quality_ingestion to 2026-08-26 23:00:00+00:00, run_after=2026-08-27 00:00:00+00:00
[2026-08-26T23:06:42.369+0000] {processor.py:183} INFO - Processing /opt/airflow/dags/ingestion_dag.py took 0.315 seconds
[2026-08-26T23:07:12.540+0000] {processor.py:161} INFO - Started process (PID=4030) to work on /opt/airflow/dags/ingestion_dag.py
[2026-08-26T23:07:12.542+0000] {processor.py:830} INFO - Processing file /opt/airflow/dags/ingestion_dag.py for tasks to queue
[2026-08-26T23:07:12.544+0000] {logging_mixin.py:188} INFO - [2026-08-26T23:07:12.543+0000] {dagbag.py:538} INFO - Filling up the DagBag from /opt/airflow/dags/ingestion_dag.py
[2026-08-26T23:07:12.696+0000] {processor.py:840} INFO - DAG(s) 'air_quality_ingestion' retrieved from /opt/airflow/dags/ingestion_dag.py
[2026-08-26T23:07:12.727+0000] {logging_mixin.py:188} INFO - [2026-08-26T23:07:12.726+0000] {dag.py:3036} INFO - Sync 1 DAGs
[2026-08-26T23:07:12.896+0000] {logging_mixin.py:188} INFO - [2026-08-26T23:07:12.896+0000] {dag.py:3823} INFO - Setting next_dagrun for air_quality_ingestion to 2026-08-26 23:00:00+00:00, run_after=2026-08-27 00:00:00+00:00
[2026-08-26T23:07:12.913+0000] {processor.py:183} INFO - Processing /opt/airflow/dags/ingestion_dag.py took 0.378 seconds
[2026-08-26T23:07:43.053+0000] {processor.py:161} INFO - Started process (PID=4040) to work on /opt/airflow/dags/ingestion_dag.py
[2026-08-26T23:07:43.055+0000] {processor.py:830} INFO - Processing file /opt/airflow/dags/ingestion_dag.py for tasks to queue
[2026-08-26T23:07:43.057+0000] {logging_mixin.py:188} INFO - [2026-08-26T23:07:43.056+0000] {dagbag.py:538} INFO - Filling up the DagBag from /opt/airflow/dags/ingestion_dag.py
[2026-08-26T23:07:43.137+0000] {processor.py:840} INFO - DAG(s) 'air_quality_ingestion' retrieved from /opt/airflow/dags/ingestion_dag.py
[2026-08-26T23:07:43.159+0000] {logging_mixin.py:188} INFO - [2026-08-26T23:07:43.159+0000] {dag.py:3036} INFO - Sync 1 DAGs
[2026-08-26T23:07:43.181+0000] {logging_mixin.py:188} INFO - [2026-08-26T23:07:43.181+0000] {dag.py:3823} INFO - Setting next_dagrun for air_quality_ingestion to 2026-08-26 23:00:00+00:00, run_after=2026-08-27 00:00:00+00:00
[2026-08-26T23:07:43.227+0000] {processor.py:183} INFO - Processing /opt/airflow/dags/ingestion_dag.py took 0.177 seconds
[2026-08-26T23:08:13.433+0000] {processor.py:161} INFO - Started process (PID=4050) to work on /opt/airflow/dags/ingestion_dag.py
[2026-08-26T23:08:13.435+0000] {processor.py:830} INFO - Processing file /opt/airflow/dags/ingestion_dag.py for tasks to queue
[2026-08-26T23:08:13.436+0000] {logging_mixin.py:188} INFO - [2026-08-26T23:08:13.436+0000] {dagbag.py:538} INFO - Filling up the DagBag from /opt/airflow/dags/ingestion_dag.py
[2026-08-26T23:08:13.555+0000] {processor.py:840} INFO - DAG(s) 'air_quality_ingestion' retrieved from /opt/airflow/dags/ingestion_dag.py
[2026-08-26T23:08:13.593+0000] {logging_mixin.py:188} INFO - [2026-08-26T23:08:13.592+0000] {dag.py:3036} INFO - Sync 1 DAGs
[2026-08-26T23:08:13.634+0000] {logging_mixin.py:188} INFO - [2026-08-26T23:08:13.634+0000] {dag.py:3823} INFO - Setting next_dagrun for air_quality_ingestion to 2026-08-26 23:00:00+00:00, run_after=2026-08-27 00:00:00+00:00
[2026-08-26T23:08:13.685+0000] {processor.py:183} INFO - Processing /opt/airflow/dags/ingestion_dag.py took 0.257 seconds
[2026-08-26T23:08:44.062+0000] {processor.py:161} INFO - Started process (PID=4060) to work on /opt/airflow/dags/ingestion_dag.py
[2026-08-26T23:08:44.064+0000] {processor.py:830} INFO - Processing file /opt/airflow/dags/ingestion_dag.py for tasks to queue
[2026-08-26T23:08:44.068+0000] {logging_mixin.py:188} INFO - [2026-08-26T23:08:44.066+0000] {dagbag.py:538} INFO - Filling up the DagBag from /opt/airflow/dags/ingestion_dag.py
[2026-08-26T23:08:44.166+0000] {processor.py:840} INFO - DAG(s) 'air_quality_ingestion' retrieved from /opt/airflow/dags/ingestion_dag.py
[2026-08-26T23:08:44.190+0000] {logging_mixin.py:188} INFO - [2026-08-26T23:08:44.190+0000] {dag.py:3036} INFO - Sync 1 DAGs
[2026-08-26T23:08:44.212+0000] {logging_mixin.py:188} INFO - [2026-08-26T23:08:44.212+0000] {dag.py:3823} INFO - Setting next_dagrun for air_quality_ingestion to 2026-08-26 23:00:00+00:00, run_after=2026-08-27 00:00:00+00:00
[2026-08-26T23:08:44.417+0000] {processor.py:183} INFO - Processing /opt/airflow/dags/ingestion_dag.py took 0.358 seconds
[2026-08-26T23:09:14.541+0000] {processor.py:161} INFO - Started process (PID=4070) to work on /opt/airflow/dags/ingestion_dag.py
[2026-08-26T23:09:14.542+0000] {processor.py:830} INFO - Processing file /opt/airflow/dags/ingestion_dag.py for tasks to queue
[2026-08-26T23:09:14.543+0000] {logging_mixin.py:188} INFO - [2026-08-26T23:09:14.543+0000] {dagbag.py:538} INFO - Filling up the DagBag from /opt/airflow/dags/ingestion_dag.py
[2026-08-26T23:09:14.629+0000] {processor.py:840} INFO - DAG(s) 'air_quality_ingestion' retrieved from /opt/airflow/dags/ingestion_dag.py
[2026-08-26T23:09:14.651+0000] {logging_mixin.py:188} INFO - [2026-08-26T23:09:14.651+0000] {dag.py:3036} INFO - Sync 1 DAGs
[2026-08-26T23:09:14.801+0000] {logging_mixin.py:188} INFO - [2026-08-26T23:09:14.801+0000] {dag.py:3823} INFO - Setting next_dagrun for air_quality_ingestion to 2026-08-26 23:00:00+00:00, run_after=2026-08-27 00:00:00+00:00
[2026-08-26T23:09:14.840+0000] {processor.py:183} INFO - Processing /opt/airflow/dags/ingestion_dag.py took 0.303 seconds
[2026-08-26T23:09:45.257+0000] {processor.py:161} INFO - Started process (PID=4080) to work on /opt/airflow/dags/ingestion_dag.py
[2026-08-26T23:09:45.259+0000] {processor.py:830} INFO - Processing file /opt/airflow/dags/ingestion_dag.py for tasks to queue
[2026-08-26T23:09:45.262+0000] {logging_mixin.py:188} INFO - [2026-08-26T23:09:45.261+0000] {dagbag.py:538} INFO - Filling up the DagBag from /opt/airflow/dags/ingestion_dag.py
[2026-08-26T23:09:45.470+0000] {processor.py:840} INFO - DAG(s) 'air_quality_ingestion' retrieved from /opt/airflow/dags/ingestion_dag.py
[2026-08-26T23:09:45.518+0000] {logging_mixin.py:188} INFO - [2026-08-26T23:09:45.518+0000] {dag.py:3036} INFO - Sync 1 DAGs
[2026-08-26T23:09:45.598+0000] {logging_mixin.py:188} INFO - [2026-08-26T23:09:45.598+0000] {dag.py:3823} INFO - Setting next_dagrun for air_quality_ingestion to 2026-08-26 23:00:00+00:00, run_after=2026-08-27 00:00:00+00:00
[2026-08-26T23:09:45.669+0000] {processor.py:183} INFO - Processing /opt/airflow/dags/ingestion_dag.py took 0.417 seconds
[2026-08-26T23:10:16.591+0000] {processor.py:161} INFO - Started process (PID=4090) to work on /opt/airflow/dags/ingestion_dag.py
[2026-08-26T23:10:16.592+0000] {processor.py:830} INFO - Processing file /opt/airflow/dags/ingestion_dag.py for tasks to queue
[2026-08-26T23:10:16.593+0000] {logging_mixin.py:188} INFO - [2026-08-26T23:10:16.593+0000] {dagbag.py:538} INFO - Filling up the DagBag from /opt/airflow/dags/ingestion_dag.py
[2026-08-26T23:10:16.667+0000] {processor.py:840} INFO - DAG(s) 'air_quality_ingestion' retrieved from /opt/airflow/dags/ingestion_dag.py
[2026-08-26T23:10:16.699+0000] {logging_mixin.py:188} INFO - [2026-08-26T23:10:16.698+0000] {dag.py:3036} INFO - Sync 1 DAGs
[2026-08-26T23:10:16.722+0000] {logging_mixin.py:188} INFO - [2026-08-26T23:10:16.722+0000] {dag.py:3823} INFO - Setting next_dagrun for air_quality_ingestion to 2026-08-26 23:00:00+00:00, run_after=2026-08-27 00:00:00+00:00
[2026-08-26T23:10:16.744+0000] {processor.py:183} INFO - Processing /opt/airflow/dags/ingestion_dag.py took 0.156 seconds
[2026-08-26T23:10:47.070+0000] {processor.py:161} INFO - Started process (PID=4100) to work on /opt/airflow/dags/ingestion_dag.py
[2026-08-26T23:10:47.071+0000] {processor.py:830} INFO - Processing file /opt/airflow/dags/ingestion_dag.py for tasks to queue
[2026-08-26T23:10:47.072+0000] {logging_mixin.py:188} INFO - [2026-08-26T23:10:47.072+0000] {dagbag.py:538} INFO - Filling up the DagBag from /opt/airflow/dags/ingestion_dag.py
[2026-08-26T23:10:47.150+0000] {processor.py:840} INFO - DAG(s) 'air_quality_ingestion' retrieved from /opt/airflow/dags/ingestion_dag.py
[2026-08-26T23:10:47.168+0000] {logging_mixin.py:188} INFO - [2026-08-26T23:10:47.168+0000] {dag.py:3036} INFO - Sync 1 DAGs
[2026-08-26T23:10:47.189+0000] {logging_mixin.py:188} INFO - [2026-08-26T23:10:47.189+0000] {dag.py:3823} INFO - Setting next_dagrun for air_quality_ingestion to 2026-08-26 23:00:00+00:00, run_after=2026-08-27 00:00:00+00:00
[2026-08-26T23:10:47.414+0000] {processor.py:183} INFO - Processing /opt/airflow/dags/ingestion_dag.py took 0.347 seconds
[2026-08-26T23:11:17.555+0000] {processor.py:161} INFO - Started process (PID=4110) to work on /opt/airflow/dags/ingestion_dag.py
[2026-08-26T23:11:17.557+0000] {processor.py:830} INFO - Processing file /opt/airflow/dags/ingestion_dag.py for tasks to queue
[2026-08-26T23:11:17.558+0000] {logging_mixin.py:188} INFO - [2026-08-26T23:11:17.558+0000] {dagbag.py:538} INFO - Filling up the DagBag from /opt/airflow/dags/ingestion_dag.py
[2026-08-26T23:11:17.664+0000] {processor.py:840} INFO - DAG(s) 'air_quality_ingestion' retrieved from /opt/airflow/dags/ingestion_dag.py
[2026-08-26T23:11:17.697+0000] {logging_mixin.py:188} INFO - [2026-08-26T23:11:17.697+0000] {dag.py:3036} INFO - Sync 1 DAGs
[2026-08-26T23:11:18.004+0000] {logging_mixin.py:188} INFO - [2026-08-26T23:11:18.003+0000] {dag.py:3823} INFO - Setting next_dagrun for air_quality_ingestion to 2026-08-26 23:00:00+00:00, run_after=2026-08-27 00:00:00+00:00
[2026-08-26T23:11:18.046+0000] {processor.py:183} INFO - Processing /opt/airflow/dags/ingestion_dag.py took 0.495 seconds
[2026-08-26T23:11:49.001+0000] {processor.py:161} INFO - Started process (PID=4120) to work on /opt/airflow/dags/ingestion_dag.py
[2026-08-26T23:11:49.002+0000] {processor.py:830} INFO - Processing file /opt/airflow/dags/ingestion_dag.py for tasks to queue
[2026-08-26T23:11:49.004+0000] {logging_mixin.py:188} INFO - [2026-08-26T23:11:49.003+0000] {dagbag.py:538} INFO - Filling up the DagBag from /opt/airflow/dags/ingestion_dag.py
[2026-08-26T23:11:49.130+0000] {processor.py:840} INFO - DAG(s) 'air_quality_ingestion' retrieved from /opt/airflow/dags/ingestion_dag.py
[2026-08-26T23:11:49.161+0000] {logging_mixin.py:188} INFO - [2026-08-26T23:11:49.161+0000] {dag.py:3036} INFO - Sync 1 DAGs
[2026-08-26T23:11:49.193+0000] {logging_mixin.py:188} INFO - [2026-08-26T23:11:49.193+0000] {dag.py:3823} INFO - Setting next_dagrun for air_quality_ingestion to 2026-08-26 23:00:00+00:00, run_after=2026-08-27 00:00:00+00:00
[2026-08-26T23:11:49.234+0000] {processor.py:183} INFO - Processing /opt/airflow/dags/ingestion_dag.py took 0.237 seconds
[2026-08-26T23:12:19.402+0000] {processor.py:161} INFO - Started process (PID=4130) to work on /opt/airflow/dags/ingestion_dag.py
[2026-08-26T23:12:19.403+0000] {processor.py:830} INFO - Processing file /opt/airflow/dags/ingestion_dag.py for tasks to queue
[2026-08-26T23:12:19.404+0000] {logging_mixin.py:188} INFO - [2026-08-26T23:12:19.403+0000] {dagbag.py:538} INFO - Filling up the DagBag from /opt/airflow/dags/ingestion_dag.py
[2026-08-26T23:12:19.475+0000] {processor.py:840} INFO - DAG(s) 'air_quality_ingestion' retrieved from /opt/airflow/dags/ingestion_dag.py
[2026-08-26T23:12:19.497+0000] {logging_mixin.py:188} INFO - [2026-08-26T23:12:19.497+0000] {dag.py:3036} INFO - Sync 1 DAGs
[2026-08-26T23:12:19.520+0000] {logging_mixin.py:188} INFO - [2026-08-26T23:12:19.520+0000] {dag.py:3823} INFO - Setting next_dagrun for air_quality_ingestion to 2026-08-26 23:00:00+00:00, run_after=2026-08-27 00:00:00+00:00
[2026-08-26T23:12:19.565+0000] {processor.py:183} INFO - Processing /opt/airflow/dags/ingestion_dag.py took 0.166 seconds
[2026-08-26T23:12:49.920+0000] {processor.py:161} INFO - Started process (PID=4140) to work on /opt/airflow/dags/ingestion_dag.py
[2026-08-26T23:12:49.921+0000] {processor.py:830} INFO - Processing file /opt/airflow/dags/ingestion_dag.py for tasks to queue
[2026-08-26T23:12:49.923+0000] {logging_mixin.py:188} INFO - [2026-08-26T23:12:49.922+0000] {dagbag.py:538} INFO - Filling up the DagBag from /opt/airflow/dags/ingestion_dag.py
[2026-08-26T23:12:50.027+0000] {processor.py:840} INFO - DAG(s) 'air_quality_ingestion' retrieved from /opt/airflow/dags/ingestion_dag.py
[2026-08-26T23:12:50.071+0000] {logging_mixin.py:188} INFO - [2026-08-26T23:12:50.071+0000] {dag.py:3036} INFO - Sync 1 DAGs
[2026-08-26T23:12:50.116+0000] {logging_mixin.py:188} INFO - [2026-08-26T23:12:50.115+0000] {dag.py:3823} INFO - Setting next_dagrun for air_quality_ingestion to 2026-08-26 23:00:00+00:00, run_after=2026-08-27 00:00:00+00:00
[2026-08-26T23:12:50.139+0000] {processor.py:183} INFO - Processing /opt/airflow/dags/ingestion_dag.py took 0.222 seconds
[2026-08-26T23:13:20.468+0000] {processor.py:161} INFO - Started process (PID=4150) to work on /opt/airflow/dags/ingestion_dag.py
[2026-08-26T23:13:20.469+0000] {processor.py:830} INFO - Processing file /opt/airflow/dags/ingestion_dag.py for tasks to queue
[2026-08-26T23:13:20.470+0000] {logging_mixin.py:188} INFO - [2026-08-26T23:13:20.469+0000] {dagbag.py:538} INFO - Filling up the DagBag from /opt/airflow/dags/ingestion_dag.py
[2026-08-26T23:13:20.540+0000] {processor.py:840} INFO - DAG(s) 'air_quality_ingestion' retrieved from /opt/airflow/dags/ingestion_dag.py
[2026-08-26T23:13:20.562+0000] {logging_mixin.py:188} INFO - [2026-08-26T23:13:20.562+0000] {dag.py:3036} INFO - Sync 1 DAGs
[2026-08-26T23:13:20.716+0000] {logging_mixin.py:188} INFO - [2026-08-26T23:13:20.716+0000] {dag.py:3823} INFO - Setting next_dagrun for air_quality_ingestion to 2026-08-26 23:00:00+00:00, run_after=2026-08-27 00:00:00+00:00
[2026-08-26T23:13:20.737+0000] {processor.py:183} INFO - Processing /opt/airflow/dags/ingestion_dag.py took 0.272 seconds
[2026-08-26T23:13:50.809+0000] {processor.py:161} INFO - Started process (PID=4160) to work on /opt/airflow/dags/ingestion_dag.py
[2026-08-26T23:13:50.810+0000] {processor.py:830} INFO - Processing file /opt/airflow/dags/ingestion_dag.py for tasks to queue
[2026-08-26T23:13:50.811+0000] {logging_mixin.py:188} INFO - [2026-08-26T23:13:50.811+0000] {dagbag.py:538} INFO - Filling up the DagBag from /opt/airflow/dags/ingestion_dag.py
[2026-08-26T23:13:50.882+0000] {processor.py:840} INFO - DAG(s) 'air_quality_ingestion' retrieved from /opt/airflow/dags/ingestion_dag.py
[2026-08-26T23:13:50.909+0000] {logging_mixin.py:188} INFO - [2026-08-26T23:13:50.909+0000] {dag.py:3036} INFO - Sync 1 DAGs
[2026-08-26T23:13:50.927+0000] {logging_mixin.py:188} INFO - [2026-08-26T23:13:50.927+0000] {dag.py:3823} INFO - Setting next_dagrun for air_quality_ingestion to 2026-08-26 23:00:00+00:00, run_after=2026-08-27 00:00:00+00:00
[2026-08-26T23:13:50.948+0000] {processor.py:183} INFO - Processing /opt/airflow/dags/ingestion_dag.py took 0.142 seconds
[2026-08-26T23:14:21.273+0000] {processor.py:161} INFO - Started process (PID=4170) to work on /opt/airflow/dags/ingestion_dag.py
[2026-08-26T23:14:21.276+0000] {processor.py:830} INFO - Processing file /opt/airflow/dags/ingestion_dag.py for tasks to queue
[2026-08-26T23:14:21.279+0000] {logging_mixin.py:188} INFO - [2026-08-26T23:14:21.278+0000] {dagbag.py:538} INFO - Filling up the DagBag from /opt/airflow/dags/ingestion_dag.py
[2026-08-26T23:14:21.392+0000] {processor.py:840} INFO - DAG(s) 'air_quality_ingestion' retrieved from /opt/airflow/dags/ingestion_dag.py
[2026-08-26T23:14:21.420+0000] {logging_mixin.py:188} INFO - [2026-08-26T23:14:21.417+0000] {dag.py:3036} INFO - Sync 1 DAGs
[2026-08-26T23:14:21.446+0000] {logging_mixin.py:188} INFO - [2026-08-26T23:14:21.445+0000] {dag.py:3823} INFO - Setting next_dagrun for air_quality_ingestion to 2026-08-26 23:00:00+00:00, run_after=2026-08-27 00:00:00+00:00
[2026-08-26T23:14:21.465+0000] {processor.py:183} INFO - Processing /opt/airflow/dags/ingestion_dag.py took 0.196 seconds
[2026-08-26T23:14:51.821+0000] {processor.py:161} INFO - Started process (PID=4180) to work on /opt/airflow/dags/ingestion_dag.py
[2026-08-26T23:14:51.822+0000] {processor.py:830} INFO - Processing file /opt/airflow/dags/ingestion_dag.py for tasks to queue
[2026-08-26T23:14:51.823+0000] {logging_mixin.py:188} INFO - [2026-08-26T23:14:51.823+0000] {dagbag.py:538} INFO - Filling up the DagBag from /opt/airflow/dags/ingestion_dag.py
[2026-08-26T23:14:51.891+0000] {processor.py:840} INFO - DAG(s) 'air_quality_ingestion' retrieved from /opt/airflow/dags/ingestion_dag.py
[2026-08-26T23:14:51.911+0000] {logging_mixin.py:188} INFO - [2026-08-26T23:14:51.911+0000] {dag.py:3036} INFO - Sync 1 DAGs
[2026-08-26T23:14:51.933+0000] {logging_mixin.py:188} INFO - [2026-08-26T23:14:51.933+0000] {dag.py:3823} INFO - Setting next_dagrun for air_quality_ingestion to 2026-08-26 23:00:00+00:00, run_after=2026-08-27 00:00:00+00:00
[2026-08-26T23:14:51.983+0000] {processor.py:183} INFO - Processing /opt/airflow/dags/ingestion_dag.py took 0.165 seconds
[2026-08-26T23:15:22.314+0000] {processor.py:161} INFO - Started process (PID=4190) to work on /opt/airflow/dags/ingestion_dag.py
[2026-08-26T23:15:22.316+0000] {processor.py:830} INFO - Processing file /opt/airflow/dags/ingestion_dag.py for tasks to queue
[2026-08-26T23:15:22.317+0000] {logging_mixin.py:188} INFO - [2026-08-26T23:15:22.317+0000] {dagbag.py:538} INFO - Filling up the DagBag from /opt/airflow/dags/ingestion_dag.py
[2026-08-26T23:15:22.389+0000] {processor.py:840} INFO - DAG(s) 'air_quality_ingestion' retrieved from /opt/airflow/dags/ingestion_dag.py
[2026-08-26T23:15:22.411+0000] {logging_mixin.py:188} INFO - [2026-08-26T23:15:22.411+0000] {dag.py:3036} INFO - Sync 1 DAGs
[2026-08-26T23:15:22.581+0000] {logging_mixin.py:188} INFO - [2026-08-26T23:15:22.580+0000] {dag.py:3823} INFO - Setting next_dagrun for air_quality_ingestion to 2026-08-26 23:00:00+00:00, run_after=2026-08-27 00:00:00+00:00
[2026-08-26T23:15:22.613+0000] {processor.py:183} INFO - Processing /opt/airflow/dags/ingestion_dag.py took 0.301 seconds
[2026-08-26T23:15:52.976+0000] {processor.py:161} INFO - Started process (PID=4200) to work on /opt/airflow/dags/ingestion_dag.py
[2026-08-26T23:15:52.978+0000] {processor.py:830} INFO - Processing file /opt/airflow/dags/ingestion_dag.py for tasks to queue
[2026-08-26T23:15:52.979+0000] {logging_mixin.py:188} INFO - [2026-08-26T23:15:52.979+0000] {dagbag.py:538} INFO - Filling up the DagBag from /opt/airflow/dags/ingestion_dag.py
[2026-08-26T23:15:53.072+0000] {processor.py:840} INFO - DAG(s) 'air_quality_ingestion' retrieved from /opt/airflow/dags/ingestion_dag.py
[2026-08-26T23:15:53.097+0000] {logging_mixin.py:188} INFO - [2026-08-26T23:15:53.097+0000] {dag.py:3036} INFO - Sync 1 DAGs
[2026-08-26T23:15:53.120+0000] {logging_mixin.py:188} INFO - [2026-08-26T23:15:53.120+0000] {dag.py:3823} INFO - Setting next_dagrun for air_quality_ingestion to 2026-08-26 23:00:00+00:00, run_after=2026-08-27 00:00:00+00:00
[2026-08-26T23:15:53.138+0000] {processor.py:183} INFO - Processing /opt/airflow/dags/ingestion_dag.py took 0.166 seconds
[2026-08-26T23:16:23.296+0000] {processor.py:161} INFO - Started process (PID=4210) to work on /opt/airflow/dags/ingestion_dag.py
[2026-08-26T23:16:23.298+0000] {processor.py:830} INFO - Processing file /opt/airflow/dags/ingestion_dag.py for tasks to queue
[2026-08-26T23:16:23.299+0000] {logging_mixin.py:188} INFO - [2026-08-26T23:16:23.299+0000] {dagbag.py:538} INFO - Filling up the DagBag from /opt/airflow/dags/ingestion_dag.py
[2026-08-26T23:16:23.374+0000] {processor.py:840} INFO - DAG(s) 'air_quality_ingestion' retrieved from /opt/airflow/dags/ingestion_dag.py
[2026-08-26T23:16:23.393+0000] {logging_mixin.py:188} INFO - [2026-08-26T23:16:23.393+0000] {dag.py:3036} INFO - Sync 1 DAGs
[2026-08-26T23:16:23.412+0000] {logging_mixin.py:188} INFO - [2026-08-26T23:16:23.411+0000] {dag.py:3823} INFO - Setting next_dagrun for air_quality_ingestion to 2026-08-26 23:00:00+00:00, run_after=2026-08-27 00:00:00+00:00
[2026-08-26T23:16:23.437+0000] {processor.py:183} INFO - Processing /opt/airflow/dags/ingestion_dag.py took 0.144 seconds
[2026-08-26T23:16:53.767+0000] {processor.py:161} INFO - Started process (PID=4220) to work on /opt/airflow/dags/ingestion_dag.py
[2026-08-26T23:16:53.769+0000] {processor.py:830} INFO - Processing file /opt/airflow/dags/ingestion_dag.py for tasks to queue
[2026-08-26T23:16:53.770+0000] {logging_mixin.py:188} INFO - [2026-08-26T23:16:53.770+0000] {dagbag.py:538} INFO - Filling up the DagBag from /opt/airflow/dags/ingestion_dag.py
[2026-08-26T23:16:53.865+0000] {processor.py:840} INFO - DAG(s) 'air_quality_ingestion' retrieved from /opt/airflow/dags/ingestion_dag.py
[2026-08-26T23:16:53.900+0000] {logging_mixin.py:188} INFO - [2026-08-26T23:16:53.900+0000] {dag.py:3036} INFO - Sync 1 DAGs
[2026-08-26T23:16:53.942+0000] {logging_mixin.py:188} INFO - [2026-08-26T23:16:53.941+0000] {dag.py:3823} INFO - Setting next_dagrun for air_quality_ingestion to 2026-08-26 23:00:00+00:00, run_after=2026-08-27 00:00:00+00:00
[2026-08-26T23:16:53.973+0000] {processor.py:183} INFO - Processing /opt/airflow/dags/ingestion_dag.py took 0.211 seconds
[2026-08-26T23:17:24.144+0000] {processor.py:161} INFO - Started process (PID=4230) to work on /opt/airflow/dags/ingestion_dag.py
[2026-08-26T23:17:24.146+0000] {processor.py:830} INFO - Processing file /opt/airflow/dags/ingestion_dag.py for tasks to queue
[2026-08-26T23:17:24.148+0000] {logging_mixin.py:188} INFO - [2026-08-26T23:17:24.148+0000] {dagbag.py:538} INFO - Filling up the DagBag from /opt/airflow/dags/ingestion_dag.py
[2026-08-26T23:17:24.231+0000] {processor.py:840} INFO - DAG(s) 'air_quality_ingestion' retrieved from /opt/airflow/dags/ingestion_dag.py
[2026-08-26T23:17:24.261+0000] {logging_mixin.py:188} INFO - [2026-08-26T23:17:24.261+0000] {dag.py:3036} INFO - Sync 1 DAGs
[2026-08-26T23:17:24.443+0000] {logging_mixin.py:188} INFO - [2026-08-26T23:17:24.442+0000] {dag.py:3823} INFO - Setting next_dagrun for air_quality_ingestion to 2026-08-26 23:00:00+00:00, run_after=2026-08-27 00:00:00+00:00
[2026-08-26T23:17:24.467+0000] {processor.py:183} INFO - Processing /opt/airflow/dags/ingestion_dag.py took 0.327 seconds
[2026-08-26T23:17:54.551+0000] {processor.py:161} INFO - Started process (PID=4240) to work on /opt/airflow/dags/ingestion_dag.py
[2026-08-26T23:17:54.553+0000] {processor.py:830} INFO - Processing file /opt/airflow/dags/ingestion_dag.py for tasks to queue
[2026-08-26T23:17:54.555+0000] {logging_mixin.py:188} INFO - [2026-08-26T23:17:54.554+0000] {dagbag.py:538} INFO - Filling up the DagBag from /opt/airflow/dags/ingestion_dag.py
[2026-08-26T23:17:54.648+0000] {processor.py:840} INFO - DAG(s) 'air_quality_ingestion' retrieved from /opt/airflow/dags/ingestion_dag.py
[2026-08-26T23:17:54.703+0000] {logging_mixin.py:188} INFO - [2026-08-26T23:17:54.702+0000] {dag.py:3036} INFO - Sync 1 DAGs
[2026-08-26T23:17:54.726+0000] {logging_mixin.py:188} INFO - [2026-08-26T23:17:54.726+0000] {dag.py:3823} INFO - Setting next_dagrun for air_quality_ingestion to 2026-08-26 23:00:00+00:00, run_after=2026-08-27 00:00:00+00:00
[2026-08-26T23:17:54.745+0000] {processor.py:183} INFO - Processing /opt/airflow/dags/ingestion_dag.py took 0.199 seconds
[2026-08-26T23:18:25.105+0000] {processor.py:161} INFO - Started process (PID=4250) to work on /opt/airflow/dags/ingestion_dag.py
[2026-08-26T23:18:25.107+0000] {processor.py:830} INFO - Processing file /opt/airflow/dags/ingestion_dag.py for tasks to queue
[2026-08-26T23:18:25.108+0000] {logging_mixin.py:188} INFO - [2026-08-26T23:18:25.107+0000] {dagbag.py:538} INFO - Filling up the DagBag from /opt/airflow/dags/ingestion_dag.py
[2026-08-26T23:18:25.192+0000] {processor.py:840} INFO - DAG(s) 'air_quality_ingestion' retrieved from /opt/airflow/dags/ingestion_dag.py
[2026-08-26T23:18:25.223+0000] {logging_mixin.py:188} INFO - [2026-08-26T23:18:25.223+0000] {dag.py:3036} INFO - Sync 1 DAGs
[2026-08-26T23:18:25.245+0000] {logging_mixin.py:188} INFO - [2026-08-26T23:18:25.245+0000] {dag.py:3823} INFO - Setting next_dagrun for air_quality_ingestion to 2026-08-26 23:00:00+00:00, run_after=2026-08-27 00:00:00+00:00
[2026-08-26T23:18:25.265+0000] {processor.py:183} INFO - Processing /opt/airflow/dags/ingestion_dag.py took 0.163 seconds
[2026-08-26T23:18:55.610+0000] {processor.py:161} INFO - Started process (PID=4260) to work on /opt/airflow/dags/ingestion_dag.py
[2026-08-26T23:18:55.612+0000] {processor.py:830} INFO - Processing file /opt/airflow/dags/ingestion_dag.py for tasks to queue
[2026-08-26T23:18:55.613+0000] {logging_mixin.py:188} INFO - [2026-08-26T23:18:55.613+0000] {dagbag.py:538} INFO - Filling up the DagBag from /opt/airflow/dags/ingestion_dag.py
[2026-08-26T23:18:55.683+0000] {processor.py:840} INFO - DAG(s) 'air_quality_ingestion' retrieved from /opt/airflow/dags/ingestion_dag.py
[2026-08-26T23:18:55.705+0000] {logging_mixin.py:188} INFO - [2026-08-26T23:18:55.705+0000] {dag.py:3036} INFO - Sync 1 DAGs
[2026-08-26T23:18:55.725+0000] {logging_mixin.py:188} INFO - [2026-08-26T23:18:55.725+0000] {dag.py:3823} INFO - Setting next_dagrun for air_quality_ingestion to 2026-08-26 23:00:00+00:00, run_after=2026-08-27 00:00:00+00:00
[2026-08-26T23:18:55.745+0000] {processor.py:183} INFO - Processing /opt/airflow/dags/ingestion_dag.py took 0.137 seconds
[2026-08-26T23:19:26.108+0000] {processor.py:161} INFO - Started process (PID=4270) to work on /opt/airflow/dags/ingestion_dag.py
[2026-08-26T23:19:26.109+0000] {processor.py:830} INFO - Processing file /opt/airflow/dags/ingestion_dag.py for tasks to queue
[2026-08-26T23:19:26.111+0000] {logging_mixin.py:188} INFO - [2026-08-26T23:19:26.110+0000] {dagbag.py:538} INFO - Filling up the DagBag from /opt/airflow/dags/ingestion_dag.py
[2026-08-26T23:19:26.192+0000] {processor.py:840} INFO - DAG(s) 'air_quality_ingestion' retrieved from /opt/airflow/dags/ingestion_dag.py
[2026-08-26T23:19:26.216+0000] {logging_mixin.py:188} INFO - [2026-08-26T23:19:26.216+0000] {dag.py:3036} INFO - Sync 1 DAGs
[2026-08-26T23:19:26.397+0000] {logging_mixin.py:188} INFO - [2026-08-26T23:19:26.397+0000] {dag.py:3823} INFO - Setting next_dagrun for air_quality_ingestion to 2026-08-26 23:00:00+00:00, run_after=2026-08-27 00:00:00+00:00
[2026-08-26T23:19:26.418+0000] {processor.py:183} INFO - Processing /opt/airflow/dags/ingestion_dag.py took 0.316 seconds
[2026-08-26T23:19:56.490+0000] {processor.py:161} INFO - Started process (PID=4280) to work on /opt/airflow/dags/ingestion_dag.py
[2026-08-26T23:19:56.492+0000] {processor.py:830} INFO - Processing file /opt/airflow/dags/ingestion_dag.py for tasks to queue
[2026-08-26T23:19:56.494+0000] {logging_mixin.py:188} INFO - [2026-08-26T23:19:56.493+0000] {dagbag.py:538} INFO - Filling up the DagBag from /opt/airflow/dags/ingestion_dag.py
[2026-08-26T23:19:56.663+0000] {processor.py:840} INFO - DAG(s) 'air_quality_ingestion' retrieved from /opt/airflow/dags/ingestion_dag.py
[2026-08-26T23:19:56.716+0000] {logging_mixin.py:188} INFO - [2026-08-26T23:19:56.715+0000] {dag.py:3036} INFO - Sync 1 DAGs
[2026-08-26T23:19:56.764+0000] {logging_mixin.py:188} INFO - [2026-08-26T23:19:56.764+0000] {dag.py:3823} INFO - Setting next_dagrun for air_quality_ingestion to 2026-08-26 23:00:00+00:00, run_after=2026-08-27 00:00:00+00:00
[2026-08-26T23:19:56.814+0000] {processor.py:183} INFO - Processing /opt/airflow/dags/ingestion_dag.py took 0.329 seconds
[2026-08-26T23:20:26.968+0000] {processor.py:161} INFO - Started process (PID=4290) to work on /opt/airflow/dags/ingestion_dag.py
[2026-08-26T23:20:26.970+0000] {processor.py:830} INFO - Processing file /opt/airflow/dags/ingestion_dag.py for tasks to queue
[2026-08-26T23:20:26.971+0000] {logging_mixin.py:188} INFO - [2026-08-26T23:20:26.970+0000] {dagbag.py:538} INFO - Filling up the DagBag from /opt/airflow/dags/ingestion_dag.py
[2026-08-26T23:20:27.075+0000] {processor.py:840} INFO - DAG(s) 'air_quality_ingestion' retrieved from /opt/airflow/dags/ingestion_dag.py
[2026-08-26T23:20:27.155+0000] {logging_mixin.py:188} INFO - [2026-08-26T23:20:27.155+0000] {dag.py:3036} INFO - Sync 1 DAGs
[2026-08-26T23:20:27.199+0000] {logging_mixin.py:188} INFO - [2026-08-26T23:20:27.198+0000] {dag.py:3823} INFO - Setting next_dagrun for air_quality_ingestion to 2026-08-26 23:00:00+00:00, run_after=2026-08-27 00:00:00+00:00
[2026-08-26T23:20:27.257+0000] {processor.py:183} INFO - Processing /opt/airflow/dags/ingestion_dag.py took 0.291 seconds
[2026-08-26T23:20:57.377+0000] {processor.py:161} INFO - Started process (PID=4300) to work on /opt/airflow/dags/ingestion_dag.py
[2026-08-26T23:20:57.378+0000] {processor.py:830} INFO - Processing file /opt/airflow/dags/ingestion_dag.py for tasks to queue
[2026-08-26T23:20:57.379+0000] {logging_mixin.py:188} INFO - [2026-08-26T23:20:57.379+0000] {dagbag.py:538} INFO - Filling up the DagBag from /opt/airflow/dags/ingestion_dag.py
[2026-08-26T23:20:57.509+0000] {processor.py:840} INFO - DAG(s) 'air_quality_ingestion' retrieved from /opt/airflow/dags/ingestion_dag.py
[2026-08-26T23:20:57.573+0000] {logging_mixin.py:188} INFO - [2026-08-26T23:20:57.573+0000] {dag.py:3036} INFO - Sync 1 DAGs
[2026-08-26T23:20:57.599+0000] {logging_mixin.py:188} INFO - [2026-08-26T23:20:57.599+0000] {dag.py:3823} INFO - Setting next_dagrun for air_quality_ingestion to 2026-08-26 23:00:00+00:00, run_after=2026-08-27 00:00:00+00:00
[2026-08-26T23:20:57.750+0000] {processor.py:183} INFO - Processing /opt/airflow/dags/ingestion_dag.py took 0.376 seconds
[2026-08-26T23:21:27.910+0000] {processor.py:161} INFO - Started process (PID=4310) to work on /opt/airflow/dags/ingestion_dag.py
[2026-08-26T23:21:27.911+0000] {processor.py:830} INFO - Processing file /opt/airflow/dags/ingestion_dag.py for tasks to queue
[2026-08-26T23:21:27.912+0000] {logging_mixin.py:188} INFO - [2026-08-26T23:21:27.912+0000] {dagbag.py:538} INFO - Filling up the DagBag from /opt/airflow/dags/ingestion_dag.py
[2026-08-26T23:21:27.985+0000] {processor.py:840} INFO - DAG(s) 'air_quality_ingestion' retrieved from /opt/airflow/dags/ingestion_dag.py
[2026-08-26T23:21:28.027+0000] {logging_mixin.py:188} INFO - [2026-08-26T23:21:28.027+0000] {dag.py:3036} INFO - Sync 1 DAGs
[2026-08-26T23:21:28.298+0000] {logging_mixin.py:188} INFO - [2026-08-26T23:21:28.298+0000] {dag.py:3823} INFO - Setting next_dagrun for air_quality_ingestion to 2026-08-26 23:00:00+00:00, run_after=2026-08-27 00:00:00+00:00
[2026-08-26T23:21:28.317+0000] {processor.py:183} INFO - Processing /opt/airflow/dags/ingestion_dag.py took 0.410 seconds
[2026-08-26T23:21:58.474+0000] {processor.py:161} INFO - Started process (PID=4320) to work on /opt/airflow/dags/ingestion_dag.py
[2026-08-26T23:21:58.475+0000] {processor.py:830} INFO - Processing file /opt/airflow/dags/ingestion_dag.py for tasks to queue
[2026-08-26T23:21:58.477+0000] {logging_mixin.py:188} INFO - [2026-08-26T23:21:58.477+0000] {dagbag.py:538} INFO - Filling up the DagBag from /opt/airflow/dags/ingestion_dag.py
[2026-08-26T23:21:58.609+0000] {processor.py:840} INFO - DAG(s) 'air_quality_ingestion' retrieved from /opt/airflow/dags/ingestion_dag.py
[2026-08-26T23:21:58.644+0000] {logging_mixin.py:188} INFO - [2026-08-26T23:21:58.644+0000] {dag.py:3036} INFO - Sync 1 DAGs
[2026-08-26T23:21:58.667+0000] {logging_mixin.py:188} INFO - [2026-08-26T23:21:58.667+0000] {dag.py:3823} INFO - Setting next_dagrun for air_quality_ingestion to 2026-08-26 23:00:00+00:00, run_after=2026-08-27 00:00:00+00:00
[2026-08-26T23:21:58.691+0000] {processor.py:183} INFO - Processing /opt/airflow/dags/ingestion_dag.py took 0.221 seconds
[2026-08-26T23:22:28.861+0000] {processor.py:161} INFO - Started process (PID=4330) to work on /opt/airflow/dags/ingestion_dag.py
[2026-08-26T23:22:28.863+0000] {processor.py:830} INFO - Processing file /opt/airflow/dags/ingestion_dag.py for tasks to queue
[2026-08-26T23:22:28.864+0000] {logging_mixin.py:188} INFO - [2026-08-26T23:22:28.863+0000] {dagbag.py:538} INFO - Filling up the DagBag from /opt/airflow/dags/ingestion_dag.py
[2026-08-26T23:22:28.973+0000] {processor.py:840} INFO - DAG(s) 'air_quality_ingestion' retrieved from /opt/airflow/dags/ingestion_dag.py
[2026-08-26T23:22:29.009+0000] {logging_mixin.py:188} INFO - [2026-08-26T23:22:29.005+0000] {dag.py:3036} INFO - Sync 1 DAGs
[2026-08-26T23:22:29.043+0000] {logging_mixin.py:188} INFO - [2026-08-26T23:22:29.043+0000] {dag.py:3823} INFO - Setting next_dagrun for air_quality_ingestion to 2026-08-26 23:00:00+00:00, run_after=2026-08-27 00:00:00+00:00
[2026-08-26T23:22:29.064+0000] {processor.py:183} INFO - Processing /opt/airflow/dags/ingestion_dag.py took 0.209 seconds
[2026-08-26T23:22:59.401+0000] {processor.py:161} INFO - Started process (PID=4340) to work on /opt/airflow/dags/ingestion_dag.py
[2026-08-26T23:22:59.403+0000] {processor.py:830} INFO - Processing file /opt/airflow/dags/ingestion_dag.py for tasks to queue
[2026-08-26T23:22:59.404+0000] {logging_mixin.py:188} INFO - [2026-08-26T23:22:59.404+0000] {dagbag.py:538} INFO - Filling up the DagBag from /opt/airflow/dags/ingestion_dag.py
[2026-08-26T23:22:59.492+0000] {processor.py:840} INFO - DAG(s) 'air_quality_ingestion' retrieved from /opt/airflow/dags/ingestion_dag.py
[2026-08-26T23:22:59.521+0000] {logging_mixin.py:188} INFO - [2026-08-26T23:22:59.521+0000] {dag.py:3036} INFO - Sync 1 DAGs
[2026-08-26T23:22:59.547+0000] {logging_mixin.py:188} INFO - [2026-08-26T23:22:59.547+0000] {dag.py:3823} INFO - Setting next_dagrun for air_quality_ingestion to 2026-08-26 23:00:00+00:00, run_after=2026-08-27 00:00:00+00:00
[2026-08-26T23:22:59.569+0000] {processor.py:183} INFO - Processing /opt/airflow/dags/ingestion_dag.py took 0.170 seconds
[2026-08-26T23:23:29.673+0000] {processor.py:161} INFO - Started process (PID=4350) to work on /opt/airflow/dags/ingestion_dag.py
[2026-08-26T23:23:29.674+0000] {processor.py:830} INFO - Processing file /opt/airflow/dags/ingestion_dag.py for tasks to queue
[2026-08-26T23:23:29.675+0000] {logging_mixin.py:188} INFO - [2026-08-26T23:23:29.675+0000] {dagbag.py:538} INFO - Filling up the DagBag from /opt/airflow/dags/ingestion_dag.py
[2026-08-26T23:23:29.746+0000] {processor.py:840} INFO - DAG(s) 'air_quality_ingestion' retrieved from /opt/airflow/dags/ingestion_dag.py
[2026-08-26T23:23:29.771+0000] {logging_mixin.py:188} INFO - [2026-08-26T23:23:29.771+0000] {dag.py:3036} INFO - Sync 1 DAGs
[2026-08-26T23:23:29.953+0000] {logging_mixin.py:188} INFO - [2026-08-26T23:23:29.953+0000] {dag.py:3823} INFO - Setting next_dagrun for air_quality_ingestion to 2026-08-26 23:00:00+00:00, run_after=2026-08-27 00:00:00+00:00
[2026-08-26T23:23:29.979+0000] {processor.py:183} INFO - Processing /opt/airflow/dags/ingestion_dag.py took 0.308 seconds
[2026-08-26T23:24:00.070+0000] {processor.py:161} INFO - Started process (PID=4360) to work on /opt/airflow/dags/ingestion_dag.py
[2026-08-26T23:24:00.072+0000] {processor.py:830} INFO - Processing file /opt/airflow/dags/ingestion_dag.py for tasks to queue
[2026-08-26T23:24:00.074+0000] {logging_mixin.py:188} INFO - [2026-08-26T23:24:00.073+0000] {dagbag.py:538} INFO - Filling up the DagBag from /opt/airflow/dags/ingestion_dag.py
[2026-08-26T23:24:00.177+0000] {processor.py:840} INFO - DAG(s) 'air_quality_ingestion' retrieved from /opt/airflow/dags/ingestion_dag.py
[2026-08-26T23:24:00.200+0000] {logging_mixin.py:188} INFO - [2026-08-26T23:24:00.199+0000] {dag.py:3036} INFO - Sync 1 DAGs
[2026-08-26T23:24:00.220+0000] {logging_mixin.py:188} INFO - [2026-08-26T23:24:00.220+0000] {dag.py:3823} INFO - Setting next_dagrun for air_quality_ingestion to 2026-08-26 23:00:00+00:00, run_after=2026-08-27 00:00:00+00:00
[2026-08-26T23:24:00.241+0000] {processor.py:183} INFO - Processing /opt/airflow/dags/ingestion_dag.py took 0.173 seconds
[2026-08-26T23:24:30.640+0000] {processor.py:161} INFO - Started process (PID=4370) to work on /opt/airflow/dags/ingestion_dag.py
[2026-08-26T23:24:30.642+0000] {processor.py:830} INFO - Processing file /opt/airflow/dags/ingestion_dag.py for tasks to queue
[2026-08-26T23:24:30.644+0000] {logging_mixin.py:188} INFO - [2026-08-26T23:24:30.643+0000] {dagbag.py:538} INFO - Filling up the DagBag from /opt/airflow/dags/ingestion_dag.py
[2026-08-26T23:24:30.709+0000] {processor.py:840} INFO - DAG(s) 'air_quality_ingestion' retrieved from /opt/airflow/dags/ingestion_dag.py
[2026-08-26T23:24:30.736+0000] {logging_mixin.py:188} INFO - [2026-08-26T23:24:30.736+0000] {dag.py:3036} INFO - Sync 1 DAGs
[2026-08-26T23:24:30.765+0000] {logging_mixin.py:188} INFO - [2026-08-26T23:24:30.765+0000] {dag.py:3823} INFO - Setting next_dagrun for air_quality_ingestion to 2026-08-26 23:00:00+00:00, run_after=2026-08-27 00:00:00+00:00
[2026-08-26T23:24:30.789+0000] {processor.py:183} INFO - Processing /opt/airflow/dags/ingestion_dag.py took 0.151 seconds
[2026-08-26T23:25:01.108+0000] {processor.py:161} INFO - Started process (PID=4380) to work on /opt/airflow/dags/ingestion_dag.py
[2026-08-26T23:25:01.109+0000] {processor.py:830} INFO - Processing file /opt/airflow/dags/ingestion_dag.py for tasks to queue
[2026-08-26T23:25:01.110+0000] {logging_mixin.py:188} INFO - [2026-08-26T23:25:01.110+0000] {dagbag.py:538} INFO - Filling up the DagBag from /opt/airflow/dags/ingestion_dag.py
[2026-08-26T23:25:01.191+0000] {processor.py:840} INFO - DAG(s) 'air_quality_ingestion' retrieved from /opt/airflow/dags/ingestion_dag.py
[2026-08-26T23:25:01.210+0000] {logging_mixin.py:188} INFO - [2026-08-26T23:25:01.210+0000] {dag.py:3036} INFO - Sync 1 DAGs
[2026-08-26T23:25:01.230+0000] {logging_mixin.py:188} INFO - [2026-08-26T23:25:01.230+0000] {dag.py:3823} INFO - Setting next_dagrun for air_quality_ingestion to 2026-08-26 23:00:00+00:00, run_after=2026-08-27 00:00:00+00:00
[2026-08-26T23:25:01.278+0000] {processor.py:183} INFO - Processing /opt/airflow/dags/ingestion_dag.py took 0.173 seconds
[2026-08-26T23:25:31.606+0000] {processor.py:161} INFO - Started process (PID=4390) to work on /opt/airflow/dags/ingestion_dag.py
[2026-08-26T23:25:31.607+0000] {processor.py:830} INFO - Processing file /opt/airflow/dags/ingestion_dag.py for tasks to queue
[2026-08-26T23:25:31.608+0000] {logging_mixin.py:188} INFO - [2026-08-26T23:25:31.607+0000] {dagbag.py:538} INFO - Filling up the DagBag from /opt/airflow/dags/ingestion_dag.py
[2026-08-26T23:25:31.677+0000] {processor.py:840} INFO - DAG(s) 'air_quality_ingestion' retrieved from /opt/airflow/dags/ingestion_dag.py
[2026-08-26T23:25:31.696+0000] {logging_mixin.py:188} INFO - [2026-08-26T23:25:31.696+0000] {dag.py:3036} INFO - Sync 1 DAGs
[2026-08-26T23:25:31.865+0000] {logging_mixin.py:188} INFO - [2026-08-26T23:25:31.865+0000] {dag.py:3823} INFO - Setting next_dagrun for air_quality_ingestion to 2026-08-26 23:00:00+00:00, run_after=2026-08-27 00:00:00+00:00
[2026-08-26T23:25:31.900+0000] {processor.py:183} INFO - Processing /opt/airflow/dags/ingestion_dag.py took 0.298 seconds
[2026-08-26T23:26:02.038+0000] {processor.py:161} INFO - Started process (PID=4400) to work on /opt/airflow/dags/ingestion_dag.py
[2026-08-26T23:26:02.039+0000] {processor.py:830} INFO - Processing file /opt/airflow/dags/ingestion_dag.py for tasks to queue
[2026-08-26T23:26:02.040+0000] {logging_mixin.py:188} INFO - [2026-08-26T23:26:02.040+0000] {dagbag.py:538} INFO - Filling up the DagBag from /opt/airflow/dags/ingestion_dag.py
[2026-08-26T23:26:02.103+0000] {processor.py:840} INFO - DAG(s) 'air_quality_ingestion' retrieved from /opt/airflow/dags/ingestion_dag.py
[2026-08-26T23:26:02.259+0000] {logging_mixin.py:188} INFO - [2026-08-26T23:26:02.259+0000] {dag.py:3036} INFO - Sync 1 DAGs
[2026-08-26T23:26:02.275+0000] {logging_mixin.py:188} INFO - [2026-08-26T23:26:02.275+0000] {dag.py:3823} INFO - Setting next_dagrun for air_quality_ingestion to 2026-08-26 23:00:00+00:00, run_after=2026-08-27 00:00:00+00:00
[2026-08-26T23:26:02.291+0000] {processor.py:183} INFO - Processing /opt/airflow/dags/ingestion_dag.py took 0.258 seconds
[2026-08-26T23:26:32.374+0000] {processor.py:161} INFO - Started process (PID=4410) to work on /opt/airflow/dags/ingestion_dag.py
[2026-08-26T23:26:32.375+0000] {processor.py:830} INFO - Processing file /opt/airflow/dags/ingestion_dag.py for tasks to queue
[2026-08-26T23:26:32.376+0000] {logging_mixin.py:188} INFO - [2026-08-26T23:26:32.376+0000] {dagbag.py:538} INFO - Filling up the DagBag from /opt/airflow/dags/ingestion_dag.py
[2026-08-26T23:26:32.459+0000] {processor.py:840} INFO - DAG(s) 'air_quality_ingestion' retrieved from /opt/airflow/dags/ingestion_dag.py
[2026-08-26T23:26:32.496+0000] {logging_mixin.py:188} INFO - [2026-08-26T23:26:32.496+0000] {dag.py:3036} INFO - Sync 1 DAGs
[2026-08-26T23:26:32.531+0000] {logging_mixin.py:188} INFO - [2026-08-26T23:26:32.531+0000] {dag.py:3823} INFO - Setting next_dagrun for air_quality_ingestion to 2026-08-26 23:00:00+00:00, run_after=2026-08-27 00:00:00+00:00
[2026-08-26T23:26:32.575+0000] {processor.py:183} INFO - Processing /opt/airflow/dags/ingestion_dag.py took 0.205 seconds
[2026-08-26T23:27:02.909+0000] {processor.py:161} INFO - Started process (PID=4420) to work on /opt/airflow/dags/ingestion_dag.py
[2026-08-26T23:27:02.910+0000] {processor.py:830} INFO - Processing file /opt/airflow/dags/ingestion_dag.py for tasks to queue
[2026-08-26T23:27:02.911+0000] {logging_mixin.py:188} INFO - [2026-08-26T23:27:02.911+0000] {dagbag.py:538} INFO - Filling up the DagBag from /opt/airflow/dags/ingestion_dag.py
[2026-08-26T23:27:02.989+0000] {processor.py:840} INFO - DAG(s) 'air_quality_ingestion' retrieved from /opt/airflow/dags/ingestion_dag.py
[2026-08-26T23:27:03.013+0000] {logging_mixin.py:188} INFO - [2026-08-26T23:27:03.013+0000] {dag.py:3036} INFO - Sync 1 DAGs
[2026-08-26T23:27:03.038+0000] {logging_mixin.py:188} INFO - [2026-08-26T23:27:03.037+0000] {dag.py:3823} INFO - Setting next_dagrun for air_quality_ingestion to 2026-08-26 23:00:00+00:00, run_after=2026-08-27 00:00:00+00:00
[2026-08-26T23:27:03.057+0000] {processor.py:183} INFO - Processing /opt/airflow/dags/ingestion_dag.py took 0.152 seconds
[2026-08-26T23:27:33.362+0000] {processor.py:161} INFO - Started process (PID=4430) to work on /opt/airflow/dags/ingestion_dag.py
[2026-08-26T23:27:33.363+0000] {processor.py:830} INFO - Processing file /opt/airflow/dags/ingestion_dag.py for tasks to queue
[2026-08-26T23:27:33.364+0000] {logging_mixin.py:188} INFO - [2026-08-26T23:27:33.364+0000] {dagbag.py:538} INFO - Filling up the DagBag from /opt/airflow/dags/ingestion_dag.py
[2026-08-26T23:27:33.442+0000] {processor.py:840} INFO - DAG(s) 'air_quality_ingestion' retrieved from /opt/airflow/dags/ingestion_dag.py
[2026-08-26T23:27:33.467+0000] {logging_mixin.py:188} INFO - [2026-08-26T23:27:33.467+0000] {dag.py:3036} INFO - Sync 1 DAGs
[2026-08-26T23:27:33.654+0000] {logging_mixin.py:188} INFO - [2026-08-26T23:27:33.654+0000] {dag.py:3823} INFO - Setting next_dagrun for air_quality_ingestion to 2026-08-26 23:00:00+00:00, run_after=2026-08-27 00:00:00+00:00
[2026-08-26T23:27:33.670+0000] {processor.py:183} INFO - Processing /opt/airflow/dags/ingestion_dag.py took 0.312 seconds
[2026-08-26T23:28:03.985+0000] {processor.py:161} INFO - Started process (PID=4440) to work on /opt/airflow/dags/ingestion_dag.py
[2026-08-26T23:28:03.987+0000] {processor.py:830} INFO - Processing file /opt/airflow/dags/ingestion_dag.py for tasks to queue
[2026-08-26T23:28:03.989+0000] {logging_mixin.py:188} INFO - [2026-08-26T23:28:03.989+0000] {dagbag.py:538} INFO - Filling up the DagBag from /opt/airflow/dags/ingestion_dag.py
[2026-08-26T23:28:04.109+0000] {processor.py:840} INFO - DAG(s) 'air_quality_ingestion' retrieved from /opt/airflow/dags/ingestion_dag.py
[2026-08-26T23:28:04.329+0000] {logging_mixin.py:188} INFO - [2026-08-26T23:28:04.328+0000] {dag.py:3036} INFO - Sync 1 DAGs
[2026-08-26T23:28:04.351+0000] {logging_mixin.py:188} INFO - [2026-08-26T23:28:04.351+0000] {dag.py:3823} INFO - Setting next_dagrun for air_quality_ingestion to 2026-08-26 23:00:00+00:00, run_after=2026-08-27 00:00:00+00:00
[2026-08-26T23:28:04.375+0000] {processor.py:183} INFO - Processing /opt/airflow/dags/ingestion_dag.py took 0.394 seconds
[2026-08-26T23:28:34.552+0000] {processor.py:161} INFO - Started process (PID=4450) to work on /opt/airflow/dags/ingestion_dag.py
[2026-08-26T23:28:34.553+0000] {processor.py:830} INFO - Processing file /opt/airflow/dags/ingestion_dag.py for tasks to queue
[2026-08-26T23:28:34.554+0000] {logging_mixin.py:188} INFO - [2026-08-26T23:28:34.554+0000] {dagbag.py:538} INFO - Filling up the DagBag from /opt/airflow/dags/ingestion_dag.py
[2026-08-26T23:28:34.629+0000] {processor.py:840} INFO - DAG(s) 'air_quality_ingestion' retrieved from /opt/airflow/dags/ingestion_dag.py
[2026-08-26T23:28:34.655+0000] {logging_mixin.py:188} INFO - [2026-08-26T23:28:34.655+0000] {dag.py:3036} INFO - Sync 1 DAGs
[2026-08-26T23:28:34.675+0000] {logging_mixin.py:188} INFO - [2026-08-26T23:28:34.675+0000] {dag.py:3823} INFO - Setting next_dagrun for air_quality_ingestion to 2026-08-26 23:00:00+00:00, run_after=2026-08-27 00:00:00+00:00
[2026-08-26T23:28:34.695+0000] {processor.py:183} INFO - Processing /opt/airflow/dags/ingestion_dag.py took 0.145 seconds
[2026-08-26T23:29:04.868+0000] {processor.py:161} INFO - Started process (PID=4460) to work on /opt/airflow/dags/ingestion_dag.py
[2026-08-26T23:29:04.869+0000] {processor.py:830} INFO - Processing file /opt/airflow/dags/ingestion_dag.py for tasks to queue
[2026-08-26T23:29:04.870+0000] {logging_mixin.py:188} INFO - [2026-08-26T23:29:04.870+0000] {dagbag.py:538} INFO - Filling up the DagBag from /opt/airflow/dags/ingestion_dag.py
[2026-08-26T23:29:04.943+0000] {processor.py:840} INFO - DAG(s) 'air_quality_ingestion' retrieved from /opt/airflow/dags/ingestion_dag.py
[2026-08-26T23:29:04.967+0000] {logging_mixin.py:188} INFO - [2026-08-26T23:29:04.967+0000] {dag.py:3036} INFO - Sync 1 DAGs
[2026-08-26T23:29:04.991+0000] {logging_mixin.py:188} INFO - [2026-08-26T23:29:04.991+0000] {dag.py:3823} INFO - Setting next_dagrun for air_quality_ingestion to 2026-08-26 23:00:00+00:00, run_after=2026-08-27 00:00:00+00:00
[2026-08-26T23:29:05.036+0000] {processor.py:183} INFO - Processing /opt/airflow/dags/ingestion_dag.py took 0.171 seconds
[2026-08-26T23:29:35.362+0000] {processor.py:161} INFO - Started process (PID=4470) to work on /opt/airflow/dags/ingestion_dag.py
[2026-08-26T23:29:35.363+0000] {processor.py:830} INFO - Processing file /opt/airflow/dags/ingestion_dag.py for tasks to queue
[2026-08-26T23:29:35.364+0000] {logging_mixin.py:188} INFO - [2026-08-26T23:29:35.364+0000] {dagbag.py:538} INFO - Filling up the DagBag from /opt/airflow/dags/ingestion_dag.py
[2026-08-26T23:29:35.459+0000] {processor.py:840} INFO - DAG(s) 'air_quality_ingestion' retrieved from /opt/airflow/dags/ingestion_dag.py
[2026-08-26T23:29:35.480+0000] {logging_mixin.py:188} INFO - [2026-08-26T23:29:35.480+0000] {dag.py:3036} INFO - Sync 1 DAGs
[2026-08-26T23:29:35.628+0000] {logging_mixin.py:188} INFO - [2026-08-26T23:29:35.628+0000] {dag.py:3823} INFO - Setting next_dagrun for air_quality_ingestion to 2026-08-26 23:00:00+00:00, run_after=2026-08-27 00:00:00+00:00
[2026-08-26T23:29:35.645+0000] {processor.py:183} INFO - Processing /opt/airflow/dags/ingestion_dag.py took 0.286 seconds
[2026-08-26T23:30:05.787+0000] {processor.py:161} INFO - Started process (PID=4480) to work on /opt/airflow/dags/ingestion_dag.py
[2026-08-26T23:30:05.789+0000] {processor.py:830} INFO - Processing file /opt/airflow/dags/ingestion_dag.py for tasks to queue
[2026-08-26T23:30:05.790+0000] {logging_mixin.py:188} INFO - [2026-08-26T23:30:05.790+0000] {dagbag.py:538} INFO - Filling up the DagBag from /opt/airflow/dags/ingestion_dag.py
[2026-08-26T23:30:05.850+0000] {processor.py:840} INFO - DAG(s) 'air_quality_ingestion' retrieved from /opt/airflow/dags/ingestion_dag.py
[2026-08-26T23:30:06.025+0000] {logging_mixin.py:188} INFO - [2026-08-26T23:30:06.025+0000] {dag.py:3036} INFO - Sync 1 DAGs
[2026-08-26T23:30:06.054+0000] {logging_mixin.py:188} INFO - [2026-08-26T23:30:06.054+0000] {dag.py:3823} INFO - Setting next_dagrun for air_quality_ingestion to 2026-08-26 23:00:00+00:00, run_after=2026-08-27 00:00:00+00:00
[2026-08-26T23:30:06.075+0000] {processor.py:183} INFO - Processing /opt/airflow/dags/ingestion_dag.py took 0.290 seconds
[2026-08-26T23:30:36.210+0000] {processor.py:161} INFO - Started process (PID=4490) to work on /opt/airflow/dags/ingestion_dag.py
[2026-08-26T23:30:36.211+0000] {processor.py:830} INFO - Processing file /opt/airflow/dags/ingestion_dag.py for tasks to queue
[2026-08-26T23:30:36.213+0000] {logging_mixin.py:188} INFO - [2026-08-26T23:30:36.212+0000] {dagbag.py:538} INFO - Filling up the DagBag from /opt/airflow/dags/ingestion_dag.py
[2026-08-26T23:30:36.286+0000] {processor.py:840} INFO - DAG(s) 'air_quality_ingestion' retrieved from /opt/airflow/dags/ingestion_dag.py
[2026-08-26T23:30:36.307+0000] {logging_mixin.py:188} INFO - [2026-08-26T23:30:36.307+0000] {dag.py:3036} INFO - Sync 1 DAGs
[2026-08-26T23:30:36.328+0000] {logging_mixin.py:188} INFO - [2026-08-26T23:30:36.327+0000] {dag.py:3823} INFO - Setting next_dagrun for air_quality_ingestion to 2026-08-26 23:00:00+00:00, run_after=2026-08-27 00:00:00+00:00
[2026-08-26T23:30:36.347+0000] {processor.py:183} INFO - Processing /opt/airflow/dags/ingestion_dag.py took 0.139 seconds
[2026-08-26T23:31:06.680+0000] {processor.py:161} INFO - Started process (PID=4500) to work on /opt/airflow/dags/ingestion_dag.py
[2026-08-26T23:31:06.682+0000] {processor.py:830} INFO - Processing file /opt/airflow/dags/ingestion_dag.py for tasks to queue
[2026-08-26T23:31:06.683+0000] {logging_mixin.py:188} INFO - [2026-08-26T23:31:06.683+0000] {dagbag.py:538} INFO - Filling up the DagBag from /opt/airflow/dags/ingestion_dag.py
[2026-08-26T23:31:06.808+0000] {processor.py:840} INFO - DAG(s) 'air_quality_ingestion' retrieved from /opt/airflow/dags/ingestion_dag.py
[2026-08-26T23:31:06.843+0000] {logging_mixin.py:188} INFO - [2026-08-26T23:31:06.842+0000] {dag.py:3036} INFO - Sync 1 DAGs
[2026-08-26T23:31:06.871+0000] {logging_mixin.py:188} INFO - [2026-08-26T23:31:06.871+0000] {dag.py:3823} INFO - Setting next_dagrun for air_quality_ingestion to 2026-08-26 23:00:00+00:00, run_after=2026-08-27 00:00:00+00:00
[2026-08-26T23:31:06.898+0000] {processor.py:183} INFO - Processing /opt/airflow/dags/ingestion_dag.py took 0.222 seconds
[2026-08-26T23:31:37.198+0000] {processor.py:161} INFO - Started process (PID=4510) to work on /opt/airflow/dags/ingestion_dag.py
[2026-08-26T23:31:37.199+0000] {processor.py:830} INFO - Processing file /opt/airflow/dags/ingestion_dag.py for tasks to queue
[2026-08-26T23:31:37.200+0000] {logging_mixin.py:188} INFO - [2026-08-26T23:31:37.200+0000] {dagbag.py:538} INFO - Filling up the DagBag from /opt/airflow/dags/ingestion_dag.py
[2026-08-26T23:31:37.272+0000] {processor.py:840} INFO - DAG(s) 'air_quality_ingestion' retrieved from /opt/airflow/dags/ingestion_dag.py
[2026-08-26T23:31:37.295+0000] {logging_mixin.py:188} INFO - [2026-08-26T23:31:37.295+0000] {dag.py:3036} INFO - Sync 1 DAGs
[2026-08-26T23:31:37.438+0000] {logging_mixin.py:188} INFO - [2026-08-26T23:31:37.438+0000] {dag.py:3823} INFO - Setting next_dagrun for air_quality_ingestion to 2026-08-26 23:00:00+00:00, run_after=2026-08-27 00:00:00+00:00
[2026-08-26T23:31:37.477+0000] {processor.py:183} INFO - Processing /opt/airflow/dags/ingestion_dag.py took 0.282 seconds
[2026-08-26T23:32:07.561+0000] {processor.py:161} INFO - Started process (PID=4520) to work on /opt/airflow/dags/ingestion_dag.py
[2026-08-26T23:32:07.562+0000] {processor.py:830} INFO - Processing file /opt/airflow/dags/ingestion_dag.py for tasks to queue
[2026-08-26T23:32:07.564+0000] {logging_mixin.py:188} INFO - [2026-08-26T23:32:07.563+0000] {dagbag.py:538} INFO - Filling up the DagBag from /opt/airflow/dags/ingestion_dag.py
[2026-08-26T23:32:07.635+0000] {processor.py:840} INFO - DAG(s) 'air_quality_ingestion' retrieved from /opt/airflow/dags/ingestion_dag.py
[2026-08-26T23:32:07.815+0000] {logging_mixin.py:188} INFO - [2026-08-26T23:32:07.815+0000] {dag.py:3036} INFO - Sync 1 DAGs
[2026-08-26T23:32:07.833+0000] {logging_mixin.py:188} INFO - [2026-08-26T23:32:07.833+0000] {dag.py:3823} INFO - Setting next_dagrun for air_quality_ingestion to 2026-08-26 23:00:00+00:00, run_after=2026-08-27 00:00:00+00:00
[2026-08-26T23:32:07.862+0000] {processor.py:183} INFO - Processing /opt/airflow/dags/ingestion_dag.py took 0.306 seconds
[2026-08-26T23:32:38.158+0000] {processor.py:161} INFO - Started process (PID=4530) to work on /opt/airflow/dags/ingestion_dag.py
[2026-08-26T23:32:38.159+0000] {processor.py:830} INFO - Processing file /opt/airflow/dags/ingestion_dag.py for tasks to queue
[2026-08-26T23:32:38.160+0000] {logging_mixin.py:188} INFO - [2026-08-26T23:32:38.160+0000] {dagbag.py:538} INFO - Filling up the DagBag from /opt/airflow/dags/ingestion_dag.py
[2026-08-26T23:32:38.238+0000] {processor.py:840} INFO - DAG(s) 'air_quality_ingestion' retrieved from /opt/airflow/dags/ingestion_dag.py
[2026-08-26T23:32:38.271+0000] {logging_mixin.py:188} INFO - [2026-08-26T23:32:38.271+0000] {dag.py:3036} INFO - Sync 1 DAGs
[2026-08-26T23:32:38.298+0000] {logging_mixin.py:188} INFO - [2026-08-26T23:32:38.298+0000] {dag.py:3823} INFO - Setting next_dagrun for air_quality_ingestion to 2026-08-26 23:00:00+00:00, run_after=2026-08-27 00:00:00+00:00
[2026-08-26T23:32:38.322+0000] {processor.py:183} INFO - Processing /opt/airflow/dags/ingestion_dag.py took 0.167 seconds
[2026-08-26T23:33:08.543+0000] {processor.py:161} INFO - Started process (PID=4540) to work on /opt/airflow/dags/ingestion_dag.py
[2026-08-26T23:33:08.544+0000] {processor.py:830} INFO - Processing file /opt/airflow/dags/ingestion_dag.py for tasks to queue
[2026-08-26T23:33:08.545+0000] {logging_mixin.py:188} INFO - [2026-08-26T23:33:08.545+0000] {dagbag.py:538} INFO - Filling up the DagBag from /opt/airflow/dags/ingestion_dag.py
[2026-08-26T23:33:08.635+0000] {processor.py:840} INFO - DAG(s) 'air_quality_ingestion' retrieved from /opt/airflow/dags/ingestion_dag.py
[2026-08-26T23:33:08.682+0000] {logging_mixin.py:188} INFO - [2026-08-26T23:33:08.682+0000] {dag.py:3036} INFO - Sync 1 DAGs
[2026-08-26T23:33:08.712+0000] {logging_mixin.py:188} INFO - [2026-08-26T23:33:08.712+0000] {dag.py:3823} INFO - Setting next_dagrun for air_quality_ingestion to 2026-08-26 23:00:00+00:00, run_after=2026-08-27 00:00:00+00:00
[2026-08-26T23:33:08.734+0000] {processor.py:183} INFO - Processing /opt/airflow/dags/ingestion_dag.py took 0.195 seconds
[2026-08-26T23:33:39.145+0000] {processor.py:161} INFO - Started process (PID=4550) to work on /opt/airflow/dags/ingestion_dag.py
[2026-08-26T23:33:39.147+0000] {processor.py:830} INFO - Processing file /opt/airflow/dags/ingestion_dag.py for tasks to queue
[2026-08-26T23:33:39.149+0000] {logging_mixin.py:188} INFO - [2026-08-26T23:33:39.148+0000] {dagbag.py:538} INFO - Filling up the DagBag from /opt/airflow/dags/ingestion_dag.py
[2026-08-26T23:33:39.251+0000] {processor.py:840} INFO - DAG(s) 'air_quality_ingestion' retrieved from /opt/airflow/dags/ingestion_dag.py
[2026-08-26T23:33:39.273+0000] {logging_mixin.py:188} INFO - [2026-08-26T23:33:39.273+0000] {dag.py:3036} INFO - Sync 1 DAGs
[2026-08-26T23:33:39.434+0000] {logging_mixin.py:188} INFO - [2026-08-26T23:33:39.434+0000] {dag.py:3823} INFO - Setting next_dagrun for air_quality_ingestion to 2026-08-26 23:00:00+00:00, run_after=2026-08-27 00:00:00+00:00
[2026-08-26T23:33:39.473+0000] {processor.py:183} INFO - Processing /opt/airflow/dags/ingestion_dag.py took 0.335 seconds
[2026-08-26T23:34:09.554+0000] {processor.py:161} INFO - Started process (PID=4560) to work on /opt/airflow/dags/ingestion_dag.py
[2026-08-26T23:34:09.555+0000] {processor.py:830} INFO - Processing file /opt/airflow/dags/ingestion_dag.py for tasks to queue
[2026-08-26T23:34:09.556+0000] {logging_mixin.py:188} INFO - [2026-08-26T23:34:09.556+0000] {dagbag.py:538} INFO - Filling up the DagBag from /opt/airflow/dags/ingestion_dag.py
[2026-08-26T23:34:09.640+0000] {processor.py:840} INFO - DAG(s) 'air_quality_ingestion' retrieved from /opt/airflow/dags/ingestion_dag.py
[2026-08-26T23:34:09.814+0000] {logging_mixin.py:188} INFO - [2026-08-26T23:34:09.814+0000] {dag.py:3036} INFO - Sync 1 DAGs
[2026-08-26T23:34:09.835+0000] {logging_mixin.py:188} INFO - [2026-08-26T23:34:09.835+0000] {dag.py:3823} INFO - Setting next_dagrun for air_quality_ingestion to 2026-08-26 23:00:00+00:00, run_after=2026-08-27 00:00:00+00:00
[2026-08-26T23:34:09.879+0000] {processor.py:183} INFO - Processing /opt/airflow/dags/ingestion_dag.py took 0.328 seconds
[2026-08-26T23:34:39.985+0000] {processor.py:161} INFO - Started process (PID=4570) to work on /opt/airflow/dags/ingestion_dag.py
[2026-08-26T23:34:39.996+0000] {processor.py:830} INFO - Processing file /opt/airflow/dags/ingestion_dag.py for tasks to queue
[2026-08-26T23:34:39.998+0000] {logging_mixin.py:188} INFO - [2026-08-26T23:34:39.997+0000] {dagbag.py:538} INFO - Filling up the DagBag from /opt/airflow/dags/ingestion_dag.py
[2026-08-26T23:34:40.162+0000] {processor.py:840} INFO - DAG(s) 'air_quality_ingestion' retrieved from /opt/airflow/dags/ingestion_dag.py
[2026-08-26T23:34:40.203+0000] {logging_mixin.py:188} INFO - [2026-08-26T23:34:40.202+0000] {dag.py:3036} INFO - Sync 1 DAGs
[2026-08-26T23:34:40.248+0000] {logging_mixin.py:188} INFO - [2026-08-26T23:34:40.248+0000] {dag.py:3823} INFO - Setting next_dagrun for air_quality_ingestion to 2026-08-26 23:00:00+00:00, run_after=2026-08-27 00:00:00+00:00
[2026-08-26T23:34:40.281+0000] {processor.py:183} INFO - Processing /opt/airflow/dags/ingestion_dag.py took 0.300 seconds
[2026-08-26T23:35:10.537+0000] {processor.py:161} INFO - Started process (PID=4580) to work on /opt/airflow/dags/ingestion_dag.py
[2026-08-26T23:35:10.540+0000] {processor.py:830} INFO - Processing file /opt/airflow/dags/ingestion_dag.py for tasks to queue
[2026-08-26T23:35:10.544+0000] {logging_mixin.py:188} INFO - [2026-08-26T23:35:10.543+0000] {dagbag.py:538} INFO - Filling up the DagBag from /opt/airflow/dags/ingestion_dag.py
[2026-08-26T23:35:10.813+0000] {processor.py:840} INFO - DAG(s) 'air_quality_ingestion' retrieved from /opt/airflow/dags/ingestion_dag.py
[2026-08-26T23:35:10.860+0000] {logging_mixin.py:188} INFO - [2026-08-26T23:35:10.860+0000] {dag.py:3036} INFO - Sync 1 DAGs
[2026-08-26T23:35:10.900+0000] {logging_mixin.py:188} INFO - [2026-08-26T23:35:10.899+0000] {dag.py:3823} INFO - Setting next_dagrun for air_quality_ingestion to 2026-08-26 23:00:00+00:00, run_after=2026-08-27 00:00:00+00:00
[2026-08-26T23:35:10.958+0000] {processor.py:183} INFO - Processing /opt/airflow/dags/ingestion_dag.py took 0.433 seconds
[2026-08-26T23:35:41.217+0000] {processor.py:161} INFO - Started process (PID=4590) to work on /opt/airflow/dags/ingestion_dag.py
[2026-08-26T23:35:41.219+0000] {processor.py:830} INFO - Processing file /opt/airflow/dags/ingestion_dag.py for tasks to queue
[2026-08-26T23:35:41.220+0000] {logging_mixin.py:188} INFO - [2026-08-26T23:35:41.220+0000] {dagbag.py:538} INFO - Filling up the DagBag from /opt/airflow/dags/ingestion_dag.py
[2026-08-26T23:35:41.297+0000] {processor.py:840} INFO - DAG(s) 'air_quality_ingestion' retrieved from /opt/airflow/dags/ingestion_dag.py
[2026-08-26T23:35:41.320+0000] {logging_mixin.py:188} INFO - [2026-08-26T23:35:41.320+0000] {dag.py:3036} INFO - Sync 1 DAGs
[2026-08-26T23:35:41.483+0000] {logging_mixin.py:188} INFO - [2026-08-26T23:35:41.483+0000] {dag.py:3823} INFO - Setting next_dagrun for air_quality_ingestion to 2026-08-26 23:00:00+00:00, run_after=2026-08-27 00:00:00+00:00
[2026-08-26T23:35:41.499+0000] {processor.py:183} INFO - Processing /opt/airflow/dags/ingestion_dag.py took 0.284 seconds
[2026-08-26T23:36:11.637+0000] {processor.py:161} INFO - Started process (PID=4600) to work on /opt/airflow/dags/ingestion_dag.py
[2026-08-26T23:36:11.638+0000] {processor.py:830} INFO - Processing file /opt/airflow/dags/ingestion_dag.py for tasks to queue
[2026-08-26T23:36:11.639+0000] {logging_mixin.py:188} INFO - [2026-08-26T23:36:11.639+0000] {dagbag.py:538} INFO - Filling up the DagBag from /opt/airflow/dags/ingestion_dag.py
[2026-08-26T23:36:11.710+0000] {processor.py:840} INFO - DAG(s) 'air_quality_ingestion' retrieved from /opt/airflow/dags/ingestion_dag.py
[2026-08-26T23:36:11.733+0000] {logging_mixin.py:188} INFO - [2026-08-26T23:36:11.733+0000] {dag.py:3036} INFO - Sync 1 DAGs
[2026-08-26T23:36:11.886+0000] {logging_mixin.py:188} INFO - [2026-08-26T23:36:11.886+0000] {dag.py:3823} INFO - Setting next_dagrun for air_quality_ingestion to 2026-08-26 23:00:00+00:00, run_after=2026-08-27 00:00:00+00:00
[2026-08-26T23:36:11.902+0000] {processor.py:183} INFO - Processing /opt/airflow/dags/ingestion_dag.py took 0.269 seconds
[2026-08-26T23:36:42.141+0000] {processor.py:161} INFO - Started process (PID=4610) to work on /opt/airflow/dags/ingestion_dag.py
[2026-08-26T23:36:42.143+0000] {processor.py:830} INFO - Processing file /opt/airflow/dags/ingestion_dag.py for tasks to queue
[2026-08-26T23:36:42.144+0000] {logging_mixin.py:188} INFO - [2026-08-26T23:36:42.143+0000] {dagbag.py:538} INFO - Filling up the DagBag from /opt/airflow/dags/ingestion_dag.py
[2026-08-26T23:36:42.224+0000] {processor.py:840} INFO - DAG(s) 'air_quality_ingestion' retrieved from /opt/airflow/dags/ingestion_dag.py
[2026-08-26T23:36:42.248+0000] {logging_mixin.py:188} INFO - [2026-08-26T23:36:42.248+0000] {dag.py:3036} INFO - Sync 1 DAGs
[2026-08-26T23:36:42.272+0000] {logging_mixin.py:188} INFO - [2026-08-26T23:36:42.272+0000] {dag.py:3823} INFO - Setting next_dagrun for air_quality_ingestion to 2026-08-26 23:00:00+00:00, run_after=2026-08-27 00:00:00+00:00
[2026-08-26T23:36:42.304+0000] {processor.py:183} INFO - Processing /opt/airflow/dags/ingestion_dag.py took 0.166 seconds
[2026-08-26T23:37:12.497+0000] {processor.py:161} INFO - Started process (PID=4620) to work on /opt/airflow/dags/ingestion_dag.py
[2026-08-26T23:37:12.498+0000] {processor.py:830} INFO - Processing file /opt/airflow/dags/ingestion_dag.py for tasks to queue
[2026-08-26T23:37:12.499+0000] {logging_mixin.py:188} INFO - [2026-08-26T23:37:12.498+0000] {dagbag.py:538} INFO - Filling up the DagBag from /opt/airflow/dags/ingestion_dag.py
[2026-08-26T23:37:12.572+0000] {processor.py:840} INFO - DAG(s) 'air_quality_ingestion' retrieved from /opt/airflow/dags/ingestion_dag.py
[2026-08-26T23:37:12.596+0000] {logging_mixin.py:188} INFO - [2026-08-26T23:37:12.596+0000] {dag.py:3036} INFO - Sync 1 DAGs
[2026-08-26T23:37:12.618+0000] {logging_mixin.py:188} INFO - [2026-08-26T23:37:12.618+0000] {dag.py:3823} INFO - Setting next_dagrun for air_quality_ingestion to 2026-08-26 23:00:00+00:00, run_after=2026-08-27 00:00:00+00:00
[2026-08-26T23:37:12.663+0000] {processor.py:183} INFO - Processing /opt/airflow/dags/ingestion_dag.py took 0.171 seconds
[2026-08-26T23:37:43.005+0000] {processor.py:161} INFO - Started process (PID=4630) to work on /opt/airflow/dags/ingestion_dag.py
[2026-08-26T23:37:43.013+0000] {processor.py:830} INFO - Processing file /opt/airflow/dags/ingestion_dag.py for tasks to queue
[2026-08-26T23:37:43.014+0000] {logging_mixin.py:188} INFO - [2026-08-26T23:37:43.014+0000] {dagbag.py:538} INFO - Filling up the DagBag from /opt/airflow/dags/ingestion_dag.py
[2026-08-26T23:37:43.225+0000] {processor.py:840} INFO - DAG(s) 'air_quality_ingestion' retrieved from /opt/airflow/dags/ingestion_dag.py
[2026-08-26T23:37:43.268+0000] {logging_mixin.py:188} INFO - [2026-08-26T23:37:43.268+0000] {dag.py:3036} INFO - Sync 1 DAGs
[2026-08-26T23:37:43.501+0000] {logging_mixin.py:188} INFO - [2026-08-26T23:37:43.501+0000] {dag.py:3823} INFO - Setting next_dagrun for air_quality_ingestion to 2026-08-26 23:00:00+00:00, run_after=2026-08-27 00:00:00+00:00
[2026-08-26T23:37:43.519+0000] {processor.py:183} INFO - Processing /opt/airflow/dags/ingestion_dag.py took 0.519 seconds
[2026-08-26T23:38:14.456+0000] {processor.py:161} INFO - Started process (PID=4640) to work on /opt/airflow/dags/ingestion_dag.py
[2026-08-26T23:38:14.457+0000] {processor.py:830} INFO - Processing file /opt/airflow/dags/ingestion_dag.py for tasks to queue
[2026-08-26T23:38:14.458+0000] {logging_mixin.py:188} INFO - [2026-08-26T23:38:14.458+0000] {dagbag.py:538} INFO - Filling up the DagBag from /opt/airflow/dags/ingestion_dag.py
[2026-08-26T23:38:14.524+0000] {processor.py:840} INFO - DAG(s) 'air_quality_ingestion' retrieved from /opt/airflow/dags/ingestion_dag.py
[2026-08-26T23:38:14.575+0000] {logging_mixin.py:188} INFO - [2026-08-26T23:38:14.574+0000] {dag.py:3036} INFO - Sync 1 DAGs
[2026-08-26T23:38:14.761+0000] {logging_mixin.py:188} INFO - [2026-08-26T23:38:14.760+0000] {dag.py:3823} INFO - Setting next_dagrun for air_quality_ingestion to 2026-08-26 23:00:00+00:00, run_after=2026-08-27 00:00:00+00:00
[2026-08-26T23:38:14.802+0000] {processor.py:183} INFO - Processing /opt/airflow/dags/ingestion_dag.py took 0.349 seconds
[2026-08-26T23:38:44.862+0000] {processor.py:161} INFO - Started process (PID=4650) to work on /opt/airflow/dags/ingestion_dag.py
[2026-08-26T23:38:44.864+0000] {processor.py:830} INFO - Processing file /opt/airflow/dags/ingestion_dag.py for tasks to queue
[2026-08-26T23:38:44.865+0000] {logging_mixin.py:188} INFO - [2026-08-26T23:38:44.864+0000] {dagbag.py:538} INFO - Filling up the DagBag from /opt/airflow/dags/ingestion_dag.py
[2026-08-26T23:38:44.940+0000] {processor.py:840} INFO - DAG(s) 'air_quality_ingestion' retrieved from /opt/airflow/dags/ingestion_dag.py
[2026-08-26T23:38:45.139+0000] {logging_mixin.py:188} INFO - [2026-08-26T23:38:45.139+0000] {dag.py:3036} INFO - Sync 1 DAGs
[2026-08-26T23:38:45.154+0000] {logging_mixin.py:188} INFO - [2026-08-26T23:38:45.154+0000] {dag.py:3823} INFO - Setting next_dagrun for air_quality_ingestion to 2026-08-26 23:00:00+00:00, run_after=2026-08-27 00:00:00+00:00
[2026-08-26T23:38:45.171+0000] {processor.py:183} INFO - Processing /opt/airflow/dags/ingestion_dag.py took 0.312 seconds
[2026-08-26T23:39:15.279+0000] {processor.py:161} INFO - Started process (PID=4660) to work on /opt/airflow/dags/ingestion_dag.py
[2026-08-26T23:39:15.281+0000] {processor.py:830} INFO - Processing file /opt/airflow/dags/ingestion_dag.py for tasks to queue
[2026-08-26T23:39:15.283+0000] {logging_mixin.py:188} INFO - [2026-08-26T23:39:15.282+0000] {dagbag.py:538} INFO - Filling up the DagBag from /opt/airflow/dags/ingestion_dag.py
[2026-08-26T23:39:15.385+0000] {processor.py:840} INFO - DAG(s) 'air_quality_ingestion' retrieved from /opt/airflow/dags/ingestion_dag.py
[2026-08-26T23:39:15.417+0000] {logging_mixin.py:188} INFO - [2026-08-26T23:39:15.417+0000] {dag.py:3036} INFO - Sync 1 DAGs
[2026-08-26T23:39:15.446+0000] {logging_mixin.py:188} INFO - [2026-08-26T23:39:15.446+0000] {dag.py:3823} INFO - Setting next_dagrun for air_quality_ingestion to 2026-08-26 23:00:00+00:00, run_after=2026-08-27 00:00:00+00:00
[2026-08-26T23:39:15.467+0000] {processor.py:183} INFO - Processing /opt/airflow/dags/ingestion_dag.py took 0.191 seconds
[2026-08-26T23:39:45.859+0000] {processor.py:161} INFO - Started process (PID=4670) to work on /opt/airflow/dags/ingestion_dag.py
[2026-08-26T23:39:45.861+0000] {processor.py:830} INFO - Processing file /opt/airflow/dags/ingestion_dag.py for tasks to queue
[2026-08-26T23:39:45.862+0000] {logging_mixin.py:188} INFO - [2026-08-26T23:39:45.862+0000] {dagbag.py:538} INFO - Filling up the DagBag from /opt/airflow/dags/ingestion_dag.py
[2026-08-26T23:39:45.935+0000] {processor.py:840} INFO - DAG(s) 'air_quality_ingestion' retrieved from /opt/airflow/dags/ingestion_dag.py
[2026-08-26T23:39:45.956+0000] {logging_mixin.py:188} INFO - [2026-08-26T23:39:45.955+0000] {dag.py:3036} INFO - Sync 1 DAGs
[2026-08-26T23:39:45.975+0000] {logging_mixin.py:188} INFO - [2026-08-26T23:39:45.975+0000] {dag.py:3823} INFO - Setting next_dagrun for air_quality_ingestion to 2026-08-26 23:00:00+00:00, run_after=2026-08-27 00:00:00+00:00
[2026-08-26T23:39:46.189+0000] {processor.py:183} INFO - Processing /opt/airflow/dags/ingestion_dag.py took 0.336 seconds
[2026-08-26T23:40:16.270+0000] {processor.py:161} INFO - Started process (PID=4680) to work on /opt/airflow/dags/ingestion_dag.py
[2026-08-26T23:40:16.272+0000] {processor.py:830} INFO - Processing file /opt/airflow/dags/ingestion_dag.py for tasks to queue
[2026-08-26T23:40:16.273+0000] {logging_mixin.py:188} INFO - [2026-08-26T23:40:16.273+0000] {dagbag.py:538} INFO - Filling up the DagBag from /opt/airflow/dags/ingestion_dag.py
[2026-08-26T23:40:16.357+0000] {processor.py:840} INFO - DAG(s) 'air_quality_ingestion' retrieved from /opt/airflow/dags/ingestion_dag.py
[2026-08-26T23:40:16.386+0000] {logging_mixin.py:188} INFO - [2026-08-26T23:40:16.385+0000] {dag.py:3036} INFO - Sync 1 DAGs
[2026-08-26T23:40:16.536+0000] {logging_mixin.py:188} INFO - [2026-08-26T23:40:16.536+0000] {dag.py:3823} INFO - Setting next_dagrun for air_quality_ingestion to 2026-08-26 23:00:00+00:00, run_after=2026-08-27 00:00:00+00:00
[2026-08-26T23:40:16.582+0000] {processor.py:183} INFO - Processing /opt/airflow/dags/ingestion_dag.py took 0.317 seconds
[2026-08-26T23:40:46.765+0000] {processor.py:161} INFO - Started process (PID=4690) to work on /opt/airflow/dags/ingestion_dag.py
[2026-08-26T23:40:46.767+0000] {processor.py:830} INFO - Processing file /opt/airflow/dags/ingestion_dag.py for tasks to queue
[2026-08-26T23:40:46.768+0000] {logging_mixin.py:188} INFO - [2026-08-26T23:40:46.767+0000] {dagbag.py:538} INFO - Filling up the DagBag from /opt/airflow/dags/ingestion_dag.py
[2026-08-26T23:40:46.836+0000] {processor.py:840} INFO - DAG(s) 'air_quality_ingestion' retrieved from /opt/airflow/dags/ingestion_dag.py
[2026-08-26T23:40:46.993+0000] {logging_mixin.py:188} INFO - [2026-08-26T23:40:46.993+0000] {dag.py:3036} INFO - Sync 1 DAGs
[2026-08-26T23:40:47.009+0000] {logging_mixin.py:188} INFO - [2026-08-26T23:40:47.009+0000] {dag.py:3823} INFO - Setting next_dagrun for air_quality_ingestion to 2026-08-26 23:00:00+00:00, run_after=2026-08-27 00:00:00+00:00
[2026-08-26T23:40:47.031+0000] {processor.py:183} INFO - Processing /opt/airflow/dags/ingestion_dag.py took 0.269 seconds
[2026-08-26T23:41:17.352+0000] {processor.py:161} INFO - Started process (PID=4700) to work on /opt/airflow/dags/ingestion_dag.py
[2026-08-26T23:41:17.353+0000] {processor.py:830} INFO - Processing file /opt/airflow/dags/ingestion_dag.py for tasks to queue
[2026-08-26T23:41:17.355+0000] {logging_mixin.py:188} INFO - [2026-08-26T23:41:17.354+0000] {dagbag.py:538} INFO - Filling up the DagBag from /opt/airflow/dags/ingestion_dag.py
[2026-08-26T23:41:17.561+0000] {processor.py:840} INFO - DAG(s) 'air_quality_ingestion' retrieved from /opt/airflow/dags/ingestion_dag.py
[2026-08-26T23:41:17.578+0000] {logging_mixin.py:188} INFO - [2026-08-26T23:41:17.578+0000] {dag.py:3036} INFO - Sync 1 DAGs
[2026-08-26T23:41:17.594+0000] {logging_mixin.py:188} INFO - [2026-08-26T23:41:17.594+0000] {dag.py:3823} INFO - Setting next_dagrun for air_quality_ingestion to 2026-08-26 23:00:00+00:00, run_after=2026-08-27 00:00:00+00:00
[2026-08-26T23:41:17.631+0000] {processor.py:183} INFO - Processing /opt/airflow/dags/ingestion_dag.py took 0.282 seconds
[2026-08-26T23:41:47.814+0000] {processor.py:161} INFO - Started process (PID=4710) to work on /opt/airflow/dags/ingestion_dag.py
[2026-08-26T23:41:47.816+0000] {processor.py:830} INFO - Processing file /opt/airflow/dags/ingestion_dag.py for tasks to queue
[2026-08-26T23:41:47.816+0000] {logging_mixin.py:188} INFO - [2026-08-26T23:41:47.816+0000] {dagbag.py:538} INFO - Filling up the DagBag from /opt/airflow/dags/ingestion_dag.py
[2026-08-26T23:41:47.882+0000] {processor.py:840} INFO - DAG(s) 'air_quality_ingestion' retrieved from /opt/airflow/dags/ingestion_dag.py
[2026-08-26T23:41:47.904+0000] {logging_mixin.py:188} INFO - [2026-08-26T23:41:47.904+0000] {dag.py:3036} INFO - Sync 1 DAGs
[2026-08-26T23:41:47.929+0000] {logging_mixin.py:188} INFO - [2026-08-26T23:41:47.929+0000] {dag.py:3823} INFO - Setting next_dagrun for air_quality_ingestion to 2026-08-26 23:00:00+00:00, run_after=2026-08-27 00:00:00+00:00
[2026-08-26T23:41:47.989+0000] {processor.py:183} INFO - Processing /opt/airflow/dags/ingestion_dag.py took 0.177 seconds
[2026-08-26T23:42:18.270+0000] {processor.py:161} INFO - Started process (PID=4720) to work on /opt/airflow/dags/ingestion_dag.py
[2026-08-26T23:42:18.272+0000] {processor.py:830} INFO - Processing file /opt/airflow/dags/ingestion_dag.py for tasks to queue
[2026-08-26T23:42:18.273+0000] {logging_mixin.py:188} INFO - [2026-08-26T23:42:18.273+0000] {dagbag.py:538} INFO - Filling up the DagBag from /opt/airflow/dags/ingestion_dag.py
[2026-08-26T23:42:18.355+0000] {processor.py:840} INFO - DAG(s) 'air_quality_ingestion' retrieved from /opt/airflow/dags/ingestion_dag.py
[2026-08-26T23:42:18.379+0000] {logging_mixin.py:188} INFO - [2026-08-26T23:42:18.378+0000] {dag.py:3036} INFO - Sync 1 DAGs
[2026-08-26T23:42:18.531+0000] {logging_mixin.py:188} INFO - [2026-08-26T23:42:18.531+0000] {dag.py:3823} INFO - Setting next_dagrun for air_quality_ingestion to 2026-08-26 23:00:00+00:00, run_after=2026-08-27 00:00:00+00:00
[2026-08-26T23:42:18.567+0000] {processor.py:183} INFO - Processing /opt/airflow/dags/ingestion_dag.py took 0.301 seconds
[2026-08-26T23:42:48.734+0000] {processor.py:161} INFO - Started process (PID=4730) to work on /opt/airflow/dags/ingestion_dag.py
[2026-08-26T23:42:48.735+0000] {processor.py:830} INFO - Processing file /opt/airflow/dags/ingestion_dag.py for tasks to queue
[2026-08-26T23:42:48.736+0000] {logging_mixin.py:188} INFO - [2026-08-26T23:42:48.736+0000] {dagbag.py:538} INFO - Filling up the DagBag from /opt/airflow/dags/ingestion_dag.py
[2026-08-26T23:42:48.837+0000] {processor.py:840} INFO - DAG(s) 'air_quality_ingestion' retrieved from /opt/airflow/dags/ingestion_dag.py
[2026-08-26T23:42:48.979+0000] {logging_mixin.py:188} INFO - [2026-08-26T23:42:48.979+0000] {dag.py:3036} INFO - Sync 1 DAGs
[2026-08-26T23:42:48.993+0000] {logging_mixin.py:188} INFO - [2026-08-26T23:42:48.993+0000] {dag.py:3823} INFO - Setting next_dagrun for air_quality_ingestion to 2026-08-26 23:00:00+00:00, run_after=2026-08-27 00:00:00+00:00
[2026-08-26T23:42:49.010+0000] {processor.py:183} INFO - Processing /opt/airflow/dags/ingestion_dag.py took 0.281 seconds
[2026-08-26T23:43:19.152+0000] {processor.py:161} INFO - Started process (PID=4740) to work on /opt/airflow/dags/ingestion_dag.py
[2026-08-26T23:43:19.153+0000] {processor.py:830} INFO - Processing file /opt/airflow/dags/ingestion_dag.py for tasks to queue
[2026-08-26T23:43:19.154+0000] {logging_mixin.py:188} INFO - [2026-08-26T23:43:19.154+0000] {dagbag.py:538} INFO - Filling up the DagBag from /opt/airflow/dags/ingestion_dag.py
[2026-08-26T23:43:19.370+0000] {processor.py:840} INFO - DAG(s) 'air_quality_ingestion' retrieved from /opt/airflow/dags/ingestion_dag.py
[2026-08-26T23:43:19.391+0000] {logging_mixin.py:188} INFO - [2026-08-26T23:43:19.391+0000] {dag.py:3036} INFO - Sync 1 DAGs
[2026-08-26T23:43:19.411+0000] {logging_mixin.py:188} INFO - [2026-08-26T23:43:19.411+0000] {dag.py:3823} INFO - Setting next_dagrun for air_quality_ingestion to 2026-08-26 23:00:00+00:00, run_after=2026-08-27 00:00:00+00:00
[2026-08-26T23:43:19.430+0000] {processor.py:183} INFO - Processing /opt/airflow/dags/ingestion_dag.py took 0.282 seconds
[2026-08-26T23:43:49.655+0000] {processor.py:161} INFO - Started process (PID=4750) to work on /opt/airflow/dags/ingestion_dag.py
[2026-08-26T23:43:49.656+0000] {processor.py:830} INFO - Processing file /opt/airflow/dags/ingestion_dag.py for tasks to queue
[2026-08-26T23:43:49.657+0000] {logging_mixin.py:188} INFO - [2026-08-26T23:43:49.657+0000] {dagbag.py:538} INFO - Filling up the DagBag from /opt/airflow/dags/ingestion_dag.py
[2026-08-26T23:43:49.726+0000] {processor.py:840} INFO - DAG(s) 'air_quality_ingestion' retrieved from /opt/airflow/dags/ingestion_dag.py
[2026-08-26T23:43:49.748+0000] {logging_mixin.py:188} INFO - [2026-08-26T23:43:49.748+0000] {dag.py:3036} INFO - Sync 1 DAGs
[2026-08-26T23:43:49.771+0000] {logging_mixin.py:188} INFO - [2026-08-26T23:43:49.770+0000] {dag.py:3823} INFO - Setting next_dagrun for air_quality_ingestion to 2026-08-26 23:00:00+00:00, run_after=2026-08-27 00:00:00+00:00
[2026-08-26T23:43:49.789+0000] {processor.py:183} INFO - Processing /opt/airflow/dags/ingestion_dag.py took 0.138 seconds
[2026-08-26T23:44:19.994+0000] {processor.py:161} INFO - Started process (PID=4760) to work on /opt/airflow/dags/ingestion_dag.py
[2026-08-26T23:44:19.995+0000] {processor.py:830} INFO - Processing file /opt/airflow/dags/ingestion_dag.py for tasks to queue
[2026-08-26T23:44:19.996+0000] {logging_mixin.py:188} INFO - [2026-08-26T23:44:19.996+0000] {dagbag.py:538} INFO - Filling up the DagBag from /opt/airflow/dags/ingestion_dag.py
[2026-08-26T23:44:20.064+0000] {processor.py:840} INFO - DAG(s) 'air_quality_ingestion' retrieved from /opt/airflow/dags/ingestion_dag.py
[2026-08-26T23:44:20.089+0000] {logging_mixin.py:188} INFO - [2026-08-26T23:44:20.089+0000] {dag.py:3036} INFO - Sync 1 DAGs
[2026-08-26T23:44:20.276+0000] {logging_mixin.py:188} INFO - [2026-08-26T23:44:20.276+0000] {dag.py:3823} INFO - Setting next_dagrun for air_quality_ingestion to 2026-08-26 23:00:00+00:00, run_after=2026-08-27 00:00:00+00:00
[2026-08-26T23:44:20.293+0000] {processor.py:183} INFO - Processing /opt/airflow/dags/ingestion_dag.py took 0.301 seconds
[2026-08-26T23:44:50.603+0000] {processor.py:161} INFO - Started process (PID=4770) to work on /opt/airflow/dags/ingestion_dag.py
[2026-08-26T23:44:50.604+0000] {processor.py:830} INFO - Processing file /opt/airflow/dags/ingestion_dag.py for tasks to queue
[2026-08-26T23:44:50.605+0000] {logging_mixin.py:188} INFO - [2026-08-26T23:44:50.605+0000] {dagbag.py:538} INFO - Filling up the DagBag from /opt/airflow/dags/ingestion_dag.py
[2026-08-26T23:44:50.680+0000] {processor.py:840} INFO - DAG(s) 'air_quality_ingestion' retrieved from /opt/airflow/dags/ingestion_dag.py
[2026-08-26T23:44:50.898+0000] {logging_mixin.py:188} INFO - [2026-08-26T23:44:50.898+0000] {dag.py:3036} INFO - Sync 1 DAGs
[2026-08-26T23:44:50.940+0000] {logging_mixin.py:188} INFO - [2026-08-26T23:44:50.940+0000] {dag.py:3823} INFO - Setting next_dagrun for air_quality_ingestion to 2026-08-26 23:00:00+00:00, run_after=2026-08-27 00:00:00+00:00
[2026-08-26T23:44:50.977+0000] {processor.py:183} INFO - Processing /opt/airflow/dags/ingestion_dag.py took 0.377 seconds
[2026-08-26T23:45:21.188+0000] {processor.py:161} INFO - Started process (PID=4780) to work on /opt/airflow/dags/ingestion_dag.py
[2026-08-26T23:45:21.190+0000] {processor.py:830} INFO - Processing file /opt/airflow/dags/ingestion_dag.py for tasks to queue
[2026-08-26T23:45:21.192+0000] {logging_mixin.py:188} INFO - [2026-08-26T23:45:21.192+0000] {dagbag.py:538} INFO - Filling up the DagBag from /opt/airflow/dags/ingestion_dag.py
[2026-08-26T23:45:21.516+0000] {processor.py:840} INFO - DAG(s) 'air_quality_ingestion' retrieved from /opt/airflow/dags/ingestion_dag.py
[2026-08-26T23:45:21.541+0000] {logging_mixin.py:188} INFO - [2026-08-26T23:45:21.540+0000] {dag.py:3036} INFO - Sync 1 DAGs
[2026-08-26T23:45:21.562+0000] {logging_mixin.py:188} INFO - [2026-08-26T23:45:21.562+0000] {dag.py:3823} INFO - Setting next_dagrun for air_quality_ingestion to 2026-08-26 23:00:00+00:00, run_after=2026-08-27 00:00:00+00:00
[2026-08-26T23:45:21.590+0000] {processor.py:183} INFO - Processing /opt/airflow/dags/ingestion_dag.py took 0.412 seconds
[2026-08-26T23:45:52.484+0000] {processor.py:161} INFO - Started process (PID=4790) to work on /opt/airflow/dags/ingestion_dag.py
[2026-08-26T23:45:52.485+0000] {processor.py:830} INFO - Processing file /opt/airflow/dags/ingestion_dag.py for tasks to queue
[2026-08-26T23:45:52.486+0000] {logging_mixin.py:188} INFO - [2026-08-26T23:45:52.486+0000] {dagbag.py:538} INFO - Filling up the DagBag from /opt/airflow/dags/ingestion_dag.py
[2026-08-26T23:45:52.556+0000] {processor.py:840} INFO - DAG(s) 'air_quality_ingestion' retrieved from /opt/airflow/dags/ingestion_dag.py
[2026-08-26T23:45:52.578+0000] {logging_mixin.py:188} INFO - [2026-08-26T23:45:52.578+0000] {dag.py:3036} INFO - Sync 1 DAGs
[2026-08-26T23:45:52.596+0000] {logging_mixin.py:188} INFO - [2026-08-26T23:45:52.596+0000] {dag.py:3823} INFO - Setting next_dagrun for air_quality_ingestion to 2026-08-26 23:00:00+00:00, run_after=2026-08-27 00:00:00+00:00
[2026-08-26T23:45:52.771+0000] {processor.py:183} INFO - Processing /opt/airflow/dags/ingestion_dag.py took 0.290 seconds
[2026-08-26T23:46:22.878+0000] {processor.py:161} INFO - Started process (PID=4800) to work on /opt/airflow/dags/ingestion_dag.py
[2026-08-26T23:46:22.879+0000] {processor.py:830} INFO - Processing file /opt/airflow/dags/ingestion_dag.py for tasks to queue
[2026-08-26T23:46:22.880+0000] {logging_mixin.py:188} INFO - [2026-08-26T23:46:22.880+0000] {dagbag.py:538} INFO - Filling up the DagBag from /opt/airflow/dags/ingestion_dag.py
[2026-08-26T23:46:22.953+0000] {processor.py:840} INFO - DAG(s) 'air_quality_ingestion' retrieved from /opt/airflow/dags/ingestion_dag.py
[2026-08-26T23:46:22.977+0000] {logging_mixin.py:188} INFO - [2026-08-26T23:46:22.977+0000] {dag.py:3036} INFO - Sync 1 DAGs
[2026-08-26T23:46:23.148+0000] {logging_mixin.py:188} INFO - [2026-08-26T23:46:23.148+0000] {dag.py:3823} INFO - Setting next_dagrun for air_quality_ingestion to 2026-08-26 23:00:00+00:00, run_after=2026-08-27 00:00:00+00:00
[2026-08-26T23:46:23.194+0000] {processor.py:183} INFO - Processing /opt/airflow/dags/ingestion_dag.py took 0.318 seconds
[2026-08-26T23:46:53.323+0000] {processor.py:161} INFO - Started process (PID=4810) to work on /opt/airflow/dags/ingestion_dag.py
[2026-08-26T23:46:53.324+0000] {processor.py:830} INFO - Processing file /opt/airflow/dags/ingestion_dag.py for tasks to queue
[2026-08-26T23:46:53.325+0000] {logging_mixin.py:188} INFO - [2026-08-26T23:46:53.325+0000] {dagbag.py:538} INFO - Filling up the DagBag from /opt/airflow/dags/ingestion_dag.py
[2026-08-26T23:46:53.443+0000] {processor.py:840} INFO - DAG(s) 'air_quality_ingestion' retrieved from /opt/airflow/dags/ingestion_dag.py
[2026-08-26T23:46:53.664+0000] {logging_mixin.py:188} INFO - [2026-08-26T23:46:53.664+0000] {dag.py:3036} INFO - Sync 1 DAGs
[2026-08-26T23:46:53.692+0000] {logging_mixin.py:188} INFO - [2026-08-26T23:46:53.692+0000] {dag.py:3823} INFO - Setting next_dagrun for air_quality_ingestion to 2026-08-26 23:00:00+00:00, run_after=2026-08-27 00:00:00+00:00
[2026-08-26T23:46:53.734+0000] {processor.py:183} INFO - Processing /opt/airflow/dags/ingestion_dag.py took 0.415 seconds
[2026-08-26T23:47:23.776+0000] {processor.py:161} INFO - Started process (PID=4820) to work on /opt/airflow/dags/ingestion_dag.py
[2026-08-26T23:47:23.778+0000] {processor.py:830} INFO - Processing file /opt/airflow/dags/ingestion_dag.py for tasks to queue
[2026-08-26T23:47:23.779+0000] {logging_mixin.py:188} INFO - [2026-08-26T23:47:23.779+0000] {dagbag.py:538} INFO - Filling up the DagBag from /opt/airflow/dags/ingestion_dag.py
[2026-08-26T23:47:24.027+0000] {processor.py:840} INFO - DAG(s) 'air_quality_ingestion' retrieved from /opt/airflow/dags/ingestion_dag.py
[2026-08-26T23:47:24.042+0000] {logging_mixin.py:188} INFO - [2026-08-26T23:47:24.042+0000] {dag.py:3036} INFO - Sync 1 DAGs
[2026-08-26T23:47:24.061+0000] {logging_mixin.py:188} INFO - [2026-08-26T23:47:24.060+0000] {dag.py:3823} INFO - Setting next_dagrun for air_quality_ingestion to 2026-08-26 23:00:00+00:00, run_after=2026-08-27 00:00:00+00:00
[2026-08-26T23:47:24.077+0000] {processor.py:183} INFO - Processing /opt/airflow/dags/ingestion_dag.py took 0.303 seconds
[2026-08-26T23:47:54.218+0000] {processor.py:161} INFO - Started process (PID=4830) to work on /opt/airflow/dags/ingestion_dag.py
[2026-08-26T23:47:54.219+0000] {processor.py:830} INFO - Processing file /opt/airflow/dags/ingestion_dag.py for tasks to queue
[2026-08-26T23:47:54.221+0000] {logging_mixin.py:188} INFO - [2026-08-26T23:47:54.220+0000] {dagbag.py:538} INFO - Filling up the DagBag from /opt/airflow/dags/ingestion_dag.py
[2026-08-26T23:47:54.328+0000] {processor.py:840} INFO - DAG(s) 'air_quality_ingestion' retrieved from /opt/airflow/dags/ingestion_dag.py
[2026-08-26T23:47:54.357+0000] {logging_mixin.py:188} INFO - [2026-08-26T23:47:54.357+0000] {dag.py:3036} INFO - Sync 1 DAGs
[2026-08-26T23:47:54.400+0000] {logging_mixin.py:188} INFO - [2026-08-26T23:47:54.400+0000] {dag.py:3823} INFO - Setting next_dagrun for air_quality_ingestion to 2026-08-26 23:00:00+00:00, run_after=2026-08-27 00:00:00+00:00
[2026-08-26T23:47:54.437+0000] {processor.py:183} INFO - Processing /opt/airflow/dags/ingestion_dag.py took 0.222 seconds
[2026-08-26T23:48:24.782+0000] {processor.py:161} INFO - Started process (PID=4840) to work on /opt/airflow/dags/ingestion_dag.py
[2026-08-26T23:48:24.783+0000] {processor.py:830} INFO - Processing file /opt/airflow/dags/ingestion_dag.py for tasks to queue
[2026-08-26T23:48:24.784+0000] {logging_mixin.py:188} INFO - [2026-08-26T23:48:24.784+0000] {dagbag.py:538} INFO - Filling up the DagBag from /opt/airflow/dags/ingestion_dag.py
[2026-08-26T23:48:24.853+0000] {processor.py:840} INFO - DAG(s) 'air_quality_ingestion' retrieved from /opt/airflow/dags/ingestion_dag.py
[2026-08-26T23:48:24.872+0000] {logging_mixin.py:188} INFO - [2026-08-26T23:48:24.872+0000] {dag.py:3036} INFO - Sync 1 DAGs
[2026-08-26T23:48:25.013+0000] {logging_mixin.py:188} INFO - [2026-08-26T23:48:25.013+0000] {dag.py:3823} INFO - Setting next_dagrun for air_quality_ingestion to 2026-08-26 23:00:00+00:00, run_after=2026-08-27 00:00:00+00:00
[2026-08-26T23:48:25.059+0000] {processor.py:183} INFO - Processing /opt/airflow/dags/ingestion_dag.py took 0.280 seconds
[2026-08-26T23:48:55.155+0000] {processor.py:161} INFO - Started process (PID=4850) to work on /opt/airflow/dags/ingestion_dag.py
[2026-08-26T23:48:55.156+0000] {processor.py:830} INFO - Processing file /opt/airflow/dags/ingestion_dag.py for tasks to queue
[2026-08-26T23:48:55.157+0000] {logging_mixin.py:188} INFO - [2026-08-26T23:48:55.157+0000] {dagbag.py:538} INFO - Filling up the DagBag from /opt/airflow/dags/ingestion_dag.py
[2026-08-26T23:48:55.220+0000] {processor.py:840} INFO - DAG(s) 'air_quality_ingestion' retrieved from /opt/airflow/dags/ingestion_dag.py
[2026-08-26T23:48:55.379+0000] {logging_mixin.py:188} INFO - [2026-08-26T23:48:55.379+0000] {dag.py:3036} INFO - Sync 1 DAGs
[2026-08-26T23:48:55.395+0000] {logging_mixin.py:188} INFO - [2026-08-26T23:48:55.395+0000] {dag.py:3823} INFO - Setting next_dagrun for air_quality_ingestion to 2026-08-26 23:00:00+00:00, run_after=2026-08-27 00:00:00+00:00
[2026-08-26T23:48:55.439+0000] {processor.py:183} INFO - Processing /opt/airflow/dags/ingestion_dag.py took 0.286 seconds
[2026-08-26T23:49:25.604+0000] {processor.py:161} INFO - Started process (PID=4860) to work on /opt/airflow/dags/ingestion_dag.py
[2026-08-26T23:49:25.605+0000] {processor.py:830} INFO - Processing file /opt/airflow/dags/ingestion_dag.py for tasks to queue
[2026-08-26T23:49:25.607+0000] {logging_mixin.py:188} INFO - [2026-08-26T23:49:25.606+0000] {dagbag.py:538} INFO - Filling up the DagBag from /opt/airflow/dags/ingestion_dag.py
[2026-08-26T23:49:25.828+0000] {processor.py:840} INFO - DAG(s) 'air_quality_ingestion' retrieved from /opt/airflow/dags/ingestion_dag.py
[2026-08-26T23:49:25.854+0000] {logging_mixin.py:188} INFO - [2026-08-26T23:49:25.854+0000] {dag.py:3036} INFO - Sync 1 DAGs
[2026-08-26T23:49:25.871+0000] {logging_mixin.py:188} INFO - [2026-08-26T23:49:25.871+0000] {dag.py:3823} INFO - Setting next_dagrun for air_quality_ingestion to 2026-08-26 23:00:00+00:00, run_after=2026-08-27 00:00:00+00:00
[2026-08-26T23:49:25.886+0000] {processor.py:183} INFO - Processing /opt/airflow/dags/ingestion_dag.py took 0.287 seconds
[2026-08-26T23:49:56.131+0000] {processor.py:161} INFO - Started process (PID=4870) to work on /opt/airflow/dags/ingestion_dag.py
[2026-08-26T23:49:56.132+0000] {processor.py:830} INFO - Processing file /opt/airflow/dags/ingestion_dag.py for tasks to queue
[2026-08-26T23:49:56.133+0000] {logging_mixin.py:188} INFO - [2026-08-26T23:49:56.133+0000] {dagbag.py:538} INFO - Filling up the DagBag from /opt/airflow/dags/ingestion_dag.py
[2026-08-26T23:49:56.206+0000] {processor.py:840} INFO - DAG(s) 'air_quality_ingestion' retrieved from /opt/airflow/dags/ingestion_dag.py
[2026-08-26T23:49:56.226+0000] {logging_mixin.py:188} INFO - [2026-08-26T23:49:56.226+0000] {dag.py:3036} INFO - Sync 1 DAGs
[2026-08-26T23:49:56.246+0000] {logging_mixin.py:188} INFO - [2026-08-26T23:49:56.246+0000] {dag.py:3823} INFO - Setting next_dagrun for air_quality_ingestion to 2026-08-26 23:00:00+00:00, run_after=2026-08-27 00:00:00+00:00
[2026-08-26T23:49:56.287+0000] {processor.py:183} INFO - Processing /opt/airflow/dags/ingestion_dag.py took 0.160 seconds
[2026-08-26T23:50:26.610+0000] {processor.py:161} INFO - Started process (PID=4880) to work on /opt/airflow/dags/ingestion_dag.py
[2026-08-26T23:50:26.611+0000] {processor.py:830} INFO - Processing file /opt/airflow/dags/ingestion_dag.py for tasks to queue
[2026-08-26T23:50:26.613+0000] {logging_mixin.py:188} INFO - [2026-08-26T23:50:26.612+0000] {dagbag.py:538} INFO - Filling up the DagBag from /opt/airflow/dags/ingestion_dag.py
[2026-08-26T23:50:26.771+0000] {processor.py:840} INFO - DAG(s) 'air_quality_ingestion' retrieved from /opt/airflow/dags/ingestion_dag.py
[2026-08-26T23:50:26.819+0000] {logging_mixin.py:188} INFO - [2026-08-26T23:50:26.819+0000] {dag.py:3036} INFO - Sync 1 DAGs
[2026-08-26T23:50:26.995+0000] {logging_mixin.py:188} INFO - [2026-08-26T23:50:26.994+0000] {dag.py:3823} INFO - Setting next_dagrun for air_quality_ingestion to 2026-08-26 23:00:00+00:00, run_after=2026-08-27 00:00:00+00:00
[2026-08-26T23:50:27.041+0000] {processor.py:183} INFO - Processing /opt/airflow/dags/ingestion_dag.py took 0.434 seconds
[2026-08-26T23:50:57.100+0000] {processor.py:161} INFO - Started process (PID=4890) to work on /opt/airflow/dags/ingestion_dag.py
[2026-08-26T23:50:57.101+0000] {processor.py:830} INFO - Processing file /opt/airflow/dags/ingestion_dag.py for tasks to queue
[2026-08-26T23:50:57.102+0000] {logging_mixin.py:188} INFO - [2026-08-26T23:50:57.102+0000] {dagbag.py:538} INFO - Filling up the DagBag from /opt/airflow/dags/ingestion_dag.py
[2026-08-26T23:50:57.167+0000] {processor.py:840} INFO - DAG(s) 'air_quality_ingestion' retrieved from /opt/airflow/dags/ingestion_dag.py
[2026-08-26T23:50:57.317+0000] {logging_mixin.py:188} INFO - [2026-08-26T23:50:57.317+0000] {dag.py:3036} INFO - Sync 1 DAGs
[2026-08-26T23:50:57.335+0000] {logging_mixin.py:188} INFO - [2026-08-26T23:50:57.334+0000] {dag.py:3823} INFO - Setting next_dagrun for air_quality_ingestion to 2026-08-26 23:00:00+00:00, run_after=2026-08-27 00:00:00+00:00
[2026-08-26T23:50:57.374+0000] {processor.py:183} INFO - Processing /opt/airflow/dags/ingestion_dag.py took 0.277 seconds
[2026-08-26T23:51:27.556+0000] {processor.py:161} INFO - Started process (PID=4900) to work on /opt/airflow/dags/ingestion_dag.py
[2026-08-26T23:51:27.558+0000] {processor.py:830} INFO - Processing file /opt/airflow/dags/ingestion_dag.py for tasks to queue
[2026-08-26T23:51:27.559+0000] {logging_mixin.py:188} INFO - [2026-08-26T23:51:27.558+0000] {dagbag.py:538} INFO - Filling up the DagBag from /opt/airflow/dags/ingestion_dag.py
[2026-08-26T23:51:27.808+0000] {processor.py:840} INFO - DAG(s) 'air_quality_ingestion' retrieved from /opt/airflow/dags/ingestion_dag.py
[2026-08-26T23:51:27.832+0000] {logging_mixin.py:188} INFO - [2026-08-26T23:51:27.832+0000] {dag.py:3036} INFO - Sync 1 DAGs
[2026-08-26T23:51:27.856+0000] {logging_mixin.py:188} INFO - [2026-08-26T23:51:27.856+0000] {dag.py:3823} INFO - Setting next_dagrun for air_quality_ingestion to 2026-08-26 23:00:00+00:00, run_after=2026-08-27 00:00:00+00:00
[2026-08-26T23:51:27.892+0000] {processor.py:183} INFO - Processing /opt/airflow/dags/ingestion_dag.py took 0.339 seconds
[2026-08-26T23:51:57.995+0000] {processor.py:161} INFO - Started process (PID=4910) to work on /opt/airflow/dags/ingestion_dag.py
[2026-08-26T23:51:57.997+0000] {processor.py:830} INFO - Processing file /opt/airflow/dags/ingestion_dag.py for tasks to queue
[2026-08-26T23:51:57.998+0000] {logging_mixin.py:188} INFO - [2026-08-26T23:51:57.997+0000] {dagbag.py:538} INFO - Filling up the DagBag from /opt/airflow/dags/ingestion_dag.py
[2026-08-26T23:51:58.090+0000] {processor.py:840} INFO - DAG(s) 'air_quality_ingestion' retrieved from /opt/airflow/dags/ingestion_dag.py
[2026-08-26T23:51:58.117+0000] {logging_mixin.py:188} INFO - [2026-08-26T23:51:58.117+0000] {dag.py:3036} INFO - Sync 1 DAGs
[2026-08-26T23:51:58.145+0000] {logging_mixin.py:188} INFO - [2026-08-26T23:51:58.145+0000] {dag.py:3823} INFO - Setting next_dagrun for air_quality_ingestion to 2026-08-26 23:00:00+00:00, run_after=2026-08-27 00:00:00+00:00
[2026-08-26T23:51:58.169+0000] {processor.py:183} INFO - Processing /opt/airflow/dags/ingestion_dag.py took 0.177 seconds
[2026-08-26T23:52:28.478+0000] {processor.py:161} INFO - Started process (PID=4920) to work on /opt/airflow/dags/ingestion_dag.py
[2026-08-26T23:52:28.479+0000] {processor.py:830} INFO - Processing file /opt/airflow/dags/ingestion_dag.py for tasks to queue
[2026-08-26T23:52:28.480+0000] {logging_mixin.py:188} INFO - [2026-08-26T23:52:28.479+0000] {dagbag.py:538} INFO - Filling up the DagBag from /opt/airflow/dags/ingestion_dag.py
[2026-08-26T23:52:28.558+0000] {processor.py:840} INFO - DAG(s) 'air_quality_ingestion' retrieved from /opt/airflow/dags/ingestion_dag.py
[2026-08-26T23:52:28.580+0000] {logging_mixin.py:188} INFO - [2026-08-26T23:52:28.580+0000] {dag.py:3036} INFO - Sync 1 DAGs
[2026-08-26T23:52:28.740+0000] {logging_mixin.py:188} INFO - [2026-08-26T23:52:28.740+0000] {dag.py:3823} INFO - Setting next_dagrun for air_quality_ingestion to 2026-08-26 23:00:00+00:00, run_after=2026-08-27 00:00:00+00:00
[2026-08-26T23:52:28.783+0000] {processor.py:183} INFO - Processing /opt/airflow/dags/ingestion_dag.py took 0.307 seconds
[2026-08-26T23:52:58.876+0000] {processor.py:161} INFO - Started process (PID=4930) to work on /opt/airflow/dags/ingestion_dag.py
[2026-08-26T23:52:58.877+0000] {processor.py:830} INFO - Processing file /opt/airflow/dags/ingestion_dag.py for tasks to queue
[2026-08-26T23:52:58.879+0000] {logging_mixin.py:188} INFO - [2026-08-26T23:52:58.879+0000] {dagbag.py:538} INFO - Filling up the DagBag from /opt/airflow/dags/ingestion_dag.py
[2026-08-26T23:52:58.954+0000] {processor.py:840} INFO - DAG(s) 'air_quality_ingestion' retrieved from /opt/airflow/dags/ingestion_dag.py
[2026-08-26T23:52:59.131+0000] {logging_mixin.py:188} INFO - [2026-08-26T23:52:59.131+0000] {dag.py:3036} INFO - Sync 1 DAGs
[2026-08-26T23:52:59.150+0000] {logging_mixin.py:188} INFO - [2026-08-26T23:52:59.150+0000] {dag.py:3823} INFO - Setting next_dagrun for air_quality_ingestion to 2026-08-26 23:00:00+00:00, run_after=2026-08-27 00:00:00+00:00
[2026-08-26T23:52:59.192+0000] {processor.py:183} INFO - Processing /opt/airflow/dags/ingestion_dag.py took 0.319 seconds
[2026-08-26T23:53:29.461+0000] {processor.py:161} INFO - Started process (PID=4940) to work on /opt/airflow/dags/ingestion_dag.py
[2026-08-26T23:53:29.464+0000] {processor.py:830} INFO - Processing file /opt/airflow/dags/ingestion_dag.py for tasks to queue
[2026-08-26T23:53:29.466+0000] {logging_mixin.py:188} INFO - [2026-08-26T23:53:29.465+0000] {dagbag.py:538} INFO - Filling up the DagBag from /opt/airflow/dags/ingestion_dag.py
[2026-08-26T23:53:29.686+0000] {processor.py:840} INFO - DAG(s) 'air_quality_ingestion' retrieved from /opt/airflow/dags/ingestion_dag.py
[2026-08-26T23:53:29.707+0000] {logging_mixin.py:188} INFO - [2026-08-26T23:53:29.706+0000] {dag.py:3036} INFO - Sync 1 DAGs
[2026-08-26T23:53:29.741+0000] {logging_mixin.py:188} INFO - [2026-08-26T23:53:29.740+0000] {dag.py:3823} INFO - Setting next_dagrun for air_quality_ingestion to 2026-08-26 23:00:00+00:00, run_after=2026-08-27 00:00:00+00:00
[2026-08-26T23:53:29.763+0000] {processor.py:183} INFO - Processing /opt/airflow/dags/ingestion_dag.py took 0.305 seconds
[2026-08-26T23:53:59.900+0000] {processor.py:161} INFO - Started process (PID=4950) to work on /opt/airflow/dags/ingestion_dag.py
[2026-08-26T23:53:59.901+0000] {processor.py:830} INFO - Processing file /opt/airflow/dags/ingestion_dag.py for tasks to queue
[2026-08-26T23:53:59.902+0000] {logging_mixin.py:188} INFO - [2026-08-26T23:53:59.902+0000] {dagbag.py:538} INFO - Filling up the DagBag from /opt/airflow/dags/ingestion_dag.py
[2026-08-26T23:54:00.019+0000] {processor.py:840} INFO - DAG(s) 'air_quality_ingestion' retrieved from /opt/airflow/dags/ingestion_dag.py
[2026-08-26T23:54:00.092+0000] {logging_mixin.py:188} INFO - [2026-08-26T23:54:00.091+0000] {dag.py:3036} INFO - Sync 1 DAGs
[2026-08-26T23:54:00.128+0000] {logging_mixin.py:188} INFO - [2026-08-26T23:54:00.128+0000] {dag.py:3823} INFO - Setting next_dagrun for air_quality_ingestion to 2026-08-26 23:00:00+00:00, run_after=2026-08-27 00:00:00+00:00
[2026-08-26T23:54:00.157+0000] {processor.py:183} INFO - Processing /opt/airflow/dags/ingestion_dag.py took 0.260 seconds
[2026-08-26T23:54:30.207+0000] {processor.py:161} INFO - Started process (PID=4960) to work on /opt/airflow/dags/ingestion_dag.py
[2026-08-26T23:54:30.209+0000] {processor.py:830} INFO - Processing file /opt/airflow/dags/ingestion_dag.py for tasks to queue
[2026-08-26T23:54:30.210+0000] {logging_mixin.py:188} INFO - [2026-08-26T23:54:30.209+0000] {dagbag.py:538} INFO - Filling up the DagBag from /opt/airflow/dags/ingestion_dag.py
[2026-08-26T23:54:30.274+0000] {processor.py:840} INFO - DAG(s) 'air_quality_ingestion' retrieved from /opt/airflow/dags/ingestion_dag.py
[2026-08-26T23:54:30.297+0000] {logging_mixin.py:188} INFO - [2026-08-26T23:54:30.296+0000] {dag.py:3036} INFO - Sync 1 DAGs
[2026-08-26T23:54:30.441+0000] {logging_mixin.py:188} INFO - [2026-08-26T23:54:30.440+0000] {dag.py:3823} INFO - Setting next_dagrun for air_quality_ingestion to 2026-08-26 23:00:00+00:00, run_after=2026-08-27 00:00:00+00:00
[2026-08-26T23:54:30.483+0000] {processor.py:183} INFO - Processing /opt/airflow/dags/ingestion_dag.py took 0.278 seconds
[2026-08-26T23:55:00.806+0000] {processor.py:161} INFO - Started process (PID=4970) to work on /opt/airflow/dags/ingestion_dag.py
[2026-08-26T23:55:00.808+0000] {processor.py:830} INFO - Processing file /opt/airflow/dags/ingestion_dag.py for tasks to queue
[2026-08-26T23:55:00.810+0000] {logging_mixin.py:188} INFO - [2026-08-26T23:55:00.809+0000] {dagbag.py:538} INFO - Filling up the DagBag from /opt/airflow/dags/ingestion_dag.py
[2026-08-26T23:55:00.941+0000] {processor.py:840} INFO - DAG(s) 'air_quality_ingestion' retrieved from /opt/airflow/dags/ingestion_dag.py
[2026-08-26T23:55:01.150+0000] {logging_mixin.py:188} INFO - [2026-08-26T23:55:01.150+0000] {dag.py:3036} INFO - Sync 1 DAGs
[2026-08-26T23:55:01.172+0000] {logging_mixin.py:188} INFO - [2026-08-26T23:55:01.171+0000] {dag.py:3823} INFO - Setting next_dagrun for air_quality_ingestion to 2026-08-26 23:00:00+00:00, run_after=2026-08-27 00:00:00+00:00
[2026-08-26T23:55:01.191+0000] {processor.py:183} INFO - Processing /opt/airflow/dags/ingestion_dag.py took 0.390 seconds
[2026-08-26T23:55:31.293+0000] {processor.py:161} INFO - Started process (PID=4980) to work on /opt/airflow/dags/ingestion_dag.py
[2026-08-26T23:55:31.295+0000] {processor.py:830} INFO - Processing file /opt/airflow/dags/ingestion_dag.py for tasks to queue
[2026-08-26T23:55:31.296+0000] {logging_mixin.py:188} INFO - [2026-08-26T23:55:31.296+0000] {dagbag.py:538} INFO - Filling up the DagBag from /opt/airflow/dags/ingestion_dag.py
[2026-08-26T23:55:31.505+0000] {processor.py:840} INFO - DAG(s) 'air_quality_ingestion' retrieved from /opt/airflow/dags/ingestion_dag.py
[2026-08-26T23:55:31.533+0000] {logging_mixin.py:188} INFO - [2026-08-26T23:55:31.533+0000] {dag.py:3036} INFO - Sync 1 DAGs
[2026-08-26T23:55:31.554+0000] {logging_mixin.py:188} INFO - [2026-08-26T23:55:31.554+0000] {dag.py:3823} INFO - Setting next_dagrun for air_quality_ingestion to 2026-08-26 23:00:00+00:00, run_after=2026-08-27 00:00:00+00:00
[2026-08-26T23:55:31.577+0000] {processor.py:183} INFO - Processing /opt/airflow/dags/ingestion_dag.py took 0.287 seconds
[2026-08-26T23:56:01.660+0000] {processor.py:161} INFO - Started process (PID=4990) to work on /opt/airflow/dags/ingestion_dag.py
[2026-08-26T23:56:01.661+0000] {processor.py:830} INFO - Processing file /opt/airflow/dags/ingestion_dag.py for tasks to queue
[2026-08-26T23:56:01.662+0000] {logging_mixin.py:188} INFO - [2026-08-26T23:56:01.662+0000] {dagbag.py:538} INFO - Filling up the DagBag from /opt/airflow/dags/ingestion_dag.py
[2026-08-26T23:56:01.947+0000] {processor.py:840} INFO - DAG(s) 'air_quality_ingestion' retrieved from /opt/airflow/dags/ingestion_dag.py
[2026-08-26T23:56:01.980+0000] {logging_mixin.py:188} INFO - [2026-08-26T23:56:01.980+0000] {dag.py:3036} INFO - Sync 1 DAGs
[2026-08-26T23:56:02.028+0000] {logging_mixin.py:188} INFO - [2026-08-26T23:56:02.028+0000] {dag.py:3823} INFO - Setting next_dagrun for air_quality_ingestion to 2026-08-26 23:00:00+00:00, run_after=2026-08-27 00:00:00+00:00
[2026-08-26T23:56:02.077+0000] {processor.py:183} INFO - Processing /opt/airflow/dags/ingestion_dag.py took 0.420 seconds
[2026-08-26T23:56:32.229+0000] {processor.py:161} INFO - Started process (PID=5000) to work on /opt/airflow/dags/ingestion_dag.py
[2026-08-26T23:56:32.230+0000] {processor.py:830} INFO - Processing file /opt/airflow/dags/ingestion_dag.py for tasks to queue
[2026-08-26T23:56:32.232+0000] {logging_mixin.py:188} INFO - [2026-08-26T23:56:32.231+0000] {dagbag.py:538} INFO - Filling up the DagBag from /opt/airflow/dags/ingestion_dag.py
[2026-08-26T23:56:32.308+0000] {processor.py:840} INFO - DAG(s) 'air_quality_ingestion' retrieved from /opt/airflow/dags/ingestion_dag.py
[2026-08-26T23:56:32.331+0000] {logging_mixin.py:188} INFO - [2026-08-26T23:56:32.330+0000] {dag.py:3036} INFO - Sync 1 DAGs
[2026-08-26T23:56:32.530+0000] {logging_mixin.py:188} INFO - [2026-08-26T23:56:32.530+0000] {dag.py:3823} INFO - Setting next_dagrun for air_quality_ingestion to 2026-08-26 23:00:00+00:00, run_after=2026-08-27 00:00:00+00:00
[2026-08-26T23:56:32.552+0000] {processor.py:183} INFO - Processing /opt/airflow/dags/ingestion_dag.py took 0.325 seconds
[2026-08-26T23:57:02.670+0000] {processor.py:161} INFO - Started process (PID=5010) to work on /opt/airflow/dags/ingestion_dag.py
[2026-08-26T23:57:02.671+0000] {processor.py:830} INFO - Processing file /opt/airflow/dags/ingestion_dag.py for tasks to queue
[2026-08-26T23:57:02.672+0000] {logging_mixin.py:188} INFO - [2026-08-26T23:57:02.672+0000] {dagbag.py:538} INFO - Filling up the DagBag from /opt/airflow/dags/ingestion_dag.py
[2026-08-26T23:57:02.775+0000] {processor.py:840} INFO - DAG(s) 'air_quality_ingestion' retrieved from /opt/airflow/dags/ingestion_dag.py
[2026-08-26T23:57:02.920+0000] {logging_mixin.py:188} INFO - [2026-08-26T23:57:02.920+0000] {dag.py:3036} INFO - Sync 1 DAGs
[2026-08-26T23:57:02.938+0000] {logging_mixin.py:188} INFO - [2026-08-26T23:57:02.938+0000] {dag.py:3823} INFO - Setting next_dagrun for air_quality_ingestion to 2026-08-26 23:00:00+00:00, run_after=2026-08-27 00:00:00+00:00
[2026-08-26T23:57:02.976+0000] {processor.py:183} INFO - Processing /opt/airflow/dags/ingestion_dag.py took 0.310 seconds
[2026-08-26T23:57:33.102+0000] {processor.py:161} INFO - Started process (PID=5020) to work on /opt/airflow/dags/ingestion_dag.py
[2026-08-26T23:57:33.105+0000] {processor.py:830} INFO - Processing file /opt/airflow/dags/ingestion_dag.py for tasks to queue
[2026-08-26T23:57:33.110+0000] {logging_mixin.py:188} INFO - [2026-08-26T23:57:33.109+0000] {dagbag.py:538} INFO - Filling up the DagBag from /opt/airflow/dags/ingestion_dag.py
[2026-08-26T23:57:33.363+0000] {processor.py:840} INFO - DAG(s) 'air_quality_ingestion' retrieved from /opt/airflow/dags/ingestion_dag.py
[2026-08-26T23:57:33.383+0000] {logging_mixin.py:188} INFO - [2026-08-26T23:57:33.383+0000] {dag.py:3036} INFO - Sync 1 DAGs
[2026-08-26T23:57:33.406+0000] {logging_mixin.py:188} INFO - [2026-08-26T23:57:33.406+0000] {dag.py:3823} INFO - Setting next_dagrun for air_quality_ingestion to 2026-08-26 23:00:00+00:00, run_after=2026-08-27 00:00:00+00:00
[2026-08-26T23:57:33.429+0000] {processor.py:183} INFO - Processing /opt/airflow/dags/ingestion_dag.py took 0.331 seconds
[2026-08-26T23:58:03.613+0000] {processor.py:161} INFO - Started process (PID=5030) to work on /opt/airflow/dags/ingestion_dag.py
[2026-08-26T23:58:03.614+0000] {processor.py:830} INFO - Processing file /opt/airflow/dags/ingestion_dag.py for tasks to queue
[2026-08-26T23:58:03.616+0000] {logging_mixin.py:188} INFO - [2026-08-26T23:58:03.615+0000] {dagbag.py:538} INFO - Filling up the DagBag from /opt/airflow/dags/ingestion_dag.py
[2026-08-26T23:58:03.837+0000] {processor.py:840} INFO - DAG(s) 'air_quality_ingestion' retrieved from /opt/airflow/dags/ingestion_dag.py
[2026-08-26T23:58:03.858+0000] {logging_mixin.py:188} INFO - [2026-08-26T23:58:03.858+0000] {dag.py:3036} INFO - Sync 1 DAGs
[2026-08-26T23:58:03.877+0000] {logging_mixin.py:188} INFO - [2026-08-26T23:58:03.877+0000] {dag.py:3823} INFO - Setting next_dagrun for air_quality_ingestion to 2026-08-26 23:00:00+00:00, run_after=2026-08-27 00:00:00+00:00
[2026-08-26T23:58:03.908+0000] {processor.py:183} INFO - Processing /opt/airflow/dags/ingestion_dag.py took 0.299 seconds
[2026-08-26T23:58:34.077+0000] {processor.py:161} INFO - Started process (PID=5040) to work on /opt/airflow/dags/ingestion_dag.py
[2026-08-26T23:58:34.078+0000] {processor.py:830} INFO - Processing file /opt/airflow/dags/ingestion_dag.py for tasks to queue
[2026-08-26T23:58:34.079+0000] {logging_mixin.py:188} INFO - [2026-08-26T23:58:34.079+0000] {dagbag.py:538} INFO - Filling up the DagBag from /opt/airflow/dags/ingestion_dag.py
[2026-08-26T23:58:34.159+0000] {processor.py:840} INFO - DAG(s) 'air_quality_ingestion' retrieved from /opt/airflow/dags/ingestion_dag.py
[2026-08-26T23:58:34.179+0000] {logging_mixin.py:188} INFO - [2026-08-26T23:58:34.178+0000] {dag.py:3036} INFO - Sync 1 DAGs
[2026-08-26T23:58:34.356+0000] {logging_mixin.py:188} INFO - [2026-08-26T23:58:34.356+0000] {dag.py:3823} INFO - Setting next_dagrun for air_quality_ingestion to 2026-08-26 23:00:00+00:00, run_after=2026-08-27 00:00:00+00:00
[2026-08-26T23:58:34.385+0000] {processor.py:183} INFO - Processing /opt/airflow/dags/ingestion_dag.py took 0.311 seconds
[2026-08-26T23:59:04.491+0000] {processor.py:161} INFO - Started process (PID=5050) to work on /opt/airflow/dags/ingestion_dag.py
[2026-08-26T23:59:04.492+0000] {processor.py:830} INFO - Processing file /opt/airflow/dags/ingestion_dag.py for tasks to queue
[2026-08-26T23:59:04.493+0000] {logging_mixin.py:188} INFO - [2026-08-26T23:59:04.493+0000] {dagbag.py:538} INFO - Filling up the DagBag from /opt/airflow/dags/ingestion_dag.py
[2026-08-26T23:59:04.552+0000] {processor.py:840} INFO - DAG(s) 'air_quality_ingestion' retrieved from /opt/airflow/dags/ingestion_dag.py
[2026-08-26T23:59:04.573+0000] {logging_mixin.py:188} INFO - [2026-08-26T23:59:04.573+0000] {dag.py:3036} INFO - Sync 1 DAGs
[2026-08-26T23:59:04.732+0000] {logging_mixin.py:188} INFO - [2026-08-26T23:59:04.732+0000] {dag.py:3823} INFO - Setting next_dagrun for air_quality_ingestion to 2026-08-26 23:00:00+00:00, run_after=2026-08-27 00:00:00+00:00
[2026-08-26T23:59:04.757+0000] {processor.py:183} INFO - Processing /opt/airflow/dags/ingestion_dag.py took 0.270 seconds
[2026-08-26T23:59:34.938+0000] {processor.py:161} INFO - Started process (PID=5060) to work on /opt/airflow/dags/ingestion_dag.py
[2026-08-26T23:59:34.940+0000] {processor.py:830} INFO - Processing file /opt/airflow/dags/ingestion_dag.py for tasks to queue
[2026-08-26T23:59:34.941+0000] {logging_mixin.py:188} INFO - [2026-08-26T23:59:34.941+0000] {dagbag.py:538} INFO - Filling up the DagBag from /opt/airflow/dags/ingestion_dag.py
[2026-08-26T23:59:35.127+0000] {processor.py:840} INFO - DAG(s) 'air_quality_ingestion' retrieved from /opt/airflow/dags/ingestion_dag.py
[2026-08-26T23:59:35.143+0000] {logging_mixin.py:188} INFO - [2026-08-26T23:59:35.143+0000] {dag.py:3036} INFO - Sync 1 DAGs
[2026-08-26T23:59:35.157+0000] {logging_mixin.py:188} INFO - [2026-08-26T23:59:35.157+0000] {dag.py:3823} INFO - Setting next_dagrun for air_quality_ingestion to 2026-08-26 23:00:00+00:00, run_after=2026-08-27 00:00:00+00:00
[2026-08-26T23:59:35.193+0000] {processor.py:183} INFO - Processing /opt/airflow/dags/ingestion_dag.py took 0.258 seconds
